"","表嫂-表小叔","表叔-表侄","表兄-表弟","表兄-表妹","表姐-表弟","表姐-表妹","伯父-侄女","伯父-侄媳","伯父-侄女婿","伯父-侄子","伯母-侄女","伯母-侄子","曾祖父-曾孙女","曾祖父-曾孙子","曾祖母-曾孙女","曾祖母-曾孙子","从祖父-从孙女","从祖父-从孙子","从祖姑-从侄孙","从祖母-从孙女","从祖母-从孙子","兄-弟","同父异母兄-同父异母弟","母亲-亲生子女","母亲-非亲生子女","同父异母兄-同父异母弟","同父异母兄-同父异母妹","同父异母子女-同父异母子女","同父异母姐-同父异母弟","同父异母姐-同父异母妹","弟媳-伯","夫-妻","夫-妻","出轨者-第三者","夫-妻","父-女","父-子","高祖父-玄孙","高祖母-玄孙","公公-儿媳","姑表兄-姑表弟","姑表兄-姑表妹","姑表姐-姑表弟","姑表姐-姑表妹","姑母-侄女","姑母-侄子","姑-嫂","姑父-侄女","姑父-侄子","亲家-亲家","继父-继女","继父-继子","继母-继女","继母-继子","继外祖父-继外孙女","继外祖父-继外孙子","继外祖母-继外孙女","继外祖母-继外孙子","继兄-继弟","继兄-继妹","继姐-继弟","继姐-继妹","继祖父-继孙女","继祖父-继孙子","继祖母-继孙女","继祖母-继孙子","舅表兄-舅表弟","舅表兄-舅表妹","舅表姐-舅表弟","舅表姐-舅表妹","舅父-外甥女","舅父-甥媳","舅父-甥女婿","舅父-外甥","舅公-甥孙","舅母-外甥女","舅母-外甥","妹夫-妻兄","妹夫-妻姐","母-女","母-子","婆婆-儿媳","原配-第三者","三从兄-三从弟","叔父-侄女","叔父-侄子","叔母-侄女","叔母-侄子","叔-嫂","继母-继子女","继母-继子女","堂伯-堂侄","堂兄-堂弟","堂兄-堂妹","堂姐-堂弟","堂姐-堂妹","堂姐夫-堂内弟","堂祖父-堂侄孙","堂祖母-堂侄孙","外曾祖父-外曾孙","外曾祖母-外曾孙","外祖父-外孙女","外祖父-外孙子","外祖母-外孙女","外祖母-外孙子","兄-弟","兄-妹","兄妻-弟妻","养父-养女","养父-养子","养母-养女","养母-养子","姨表兄-姨表弟","姨表兄-姨表妹","姨表姐-姨表弟","姨表姐-姨表妹","姨母-外甥女","姨母-外甥","姨婆-姨甥孙","姨父-外甥女","姨父-外甥","义父-义女","义父-义子","义母-义女","义母-义子","姻伯叔-姻侄","原配-继室","岳父-女婿","岳母-女婿","再从兄-再从弟","姐-弟","姐-妹","姐夫-妹夫","姐夫-妻弟","兄-弟","族伯叔-族侄","族兄-族弟","族姐-族妹","祖父-孙女","祖父-孙子","祖母-孙女","祖母-孙子","祖先-后代"
"表嫂-表小叔",1,0.528039290584787,0.140626930922907,-0.137767722433136,-0.181321583221351,0.108578450484946,-0.273672569749938,-0.10091115968618,0.230810986550309,0.0495335388008492,-0.214088554599706,-0.212052555999079,-0.274458209978002,-0.120542985623154,-0.030887254027349,-0.0994082329725755,-0.117771548930123,-0.0532173388144454,-0.190368857634233,-0.121769952682746,0.14369579197375,-0.0267153629262653,-0.0596866381149063,-0.194707620891459,-0.244165195575549,-0.0790610748487608,-0.172766189374723,-0.0274790855477627,-0.310674817299626,-0.1467461476658,0.191156986772906,-0.0280048180092536,-0.37132787990136,-0.238156616409609,-0.221737788331958,-0.354970500795943,-0.161805690441405,-0.0427680492023747,-0.0473816865374148,-0.0998716350923063,-0.216420003231524,-0.107286085435062,-0.25669255488273,0.0399714375456326,0.193360581598538,-0.29038907919933,0.138270898838703,0.14925490619805,0.1788016947052,-0.274894505246668,-0.0283962516841061,-0.228973042342425,-0.0800052184344857,-0.32225794134073,-0.0854549113567532,-0.1719018332373,0.117034022028657,0.0605192522425983,0.0221226818878981,0.103812148858363,0.109046770615382,0.093112593445916,0.20254653714402,0.20507886223603,-0.0428479252279348,-0.0919231965304129,-0.208221014891724,-0.111850381949523,-0.228810724513746,-0.0189551979273569,0.222236392258375,0.123847388187769,0.283016413447029,0.00541001992542843,0.157834485573747,0.0598840566780219,0.0597827380774195,0.228672138364753,0.251195384677951,-0.0380804104616177,-0.0718833933581347,-0.134477969891287,-0.307903742548522,0.0405708285816513,-0.0263085787372012,-0.0323438221686038,0.00285313804007958,-0.15293971399136,0.0657913372359446,-0.127380423943954,-0.200354992166142,0.370368877249635,0.0123624652712901,-0.223756995352931,-0.0029994011339471,0.0964297523652459,0.488253127115352,0.44035627514424,0.495569454986414,0.139103246911989,0.0310683105703152,0.217116189113003,-0.0580323218808181,-0.204168525527183,-0.0380198443624078,0.105113561614836,0.0986583290455876,-0.190319623830903,-0.19435330289483,-0.0593828713574465,-0.188307501558112,-0.230848560505529,0.082269905583647,-0.117187882331539,-0.175421464278092,0.28943820003898,-0.248947085648706,0.0872479623355382,0.232179575270131,0.205765502904711,0.144661191564141,0.129137363955388,-0.0392049839174199,-0.0259954213470626,0.048507604253699,0.340634813029381,-0.0533057185038679,0.291219565113978,0.189308608748801,0.258077922445223,-0.150027113021854,0.0649269689583963,0.0393918270028607,0.33301614569919,0.00218296957970287,0.351997088658564,0.160186094554026,0.299533826545776,-0.0148398978551913,-0.263730296036924,0.0869020556290816,0.0338604084778872,-0.0952155452906472
"表叔-表侄",0.528039290584787,1,0.138142474504449,0.0518768767109897,-0.0300207251746957,0.156406838609477,-0.161315723227253,-0.0614360849076347,0.0131753692906908,0.102952056107136,-0.157938886796404,-0.0696111563714561,-0.264138425881188,-0.137337488431452,-0.149668178663177,-0.144476732937098,-0.0796857546491593,0.0480358136703101,-0.159363271327574,-0.137417219201082,0.105426684535643,0.027602461177125,0.0255941193064095,-0.257780310933957,-0.213510600258654,-0.0935028698293648,-0.119147814593838,0.0720475234386733,-0.170875113673751,-0.194186943769007,0.150940076029883,-0.307516167161055,-0.209495241043354,-0.194595935207807,-0.17228275215261,-0.290188055327921,-0.238847744802478,-0.0104890885616892,-0.0312691366705282,0.0634063023133742,-0.0589710001631063,-0.0655158568241089,-0.104645535040801,0.108313147254431,-0.0277952692153454,-0.0578731337605545,0.396092709430397,-0.0382274067327232,0.269616045610201,-0.22937629672933,-0.179275239461109,-0.174631242952061,-0.0982384287554141,-0.212028260618493,0.00207779301282556,-0.0646264466361301,-0.0140777295460446,-0.0332715300913953,0.00339092355996196,-0.0423437139354951,-0.0628356454798754,0.113964538359339,0.245386975396741,0.298336648153016,-0.158794834323578,0.0982553659614939,-0.0803289217647818,-0.0685973315856877,-0.247272434274416,-0.00779604376182149,0.0198430644156951,0.0653688364650011,0.215205277475076,-0.222805748723296,0.30923691384893,-0.111454777433301,-0.0854724130090377,0.280184394586153,0.388420181550428,-0.00811774442137435,-0.168643030117119,0.0145508337669009,-0.135823353983071,0.125307842188527,-0.0819990182551834,-0.0712255278168434,0.117336241326948,-0.117957414149806,0.0799169795896422,-0.134282242798888,-0.151110841612671,0.456434370559656,-0.170362542370024,-0.220940480241477,-0.17451441142884,0.0169788429030861,0.499863413227883,0.48499477894598,0.451833533007938,0.221402670877767,0.044930041303007,0.267878835412417,0.0365788673024039,-0.136993723286,0.0389003736177355,-0.146171412331537,-0.114274612807914,-0.291576222224322,-0.265087200476111,-0.209368448131947,-0.214774279074594,-0.266834565549132,0.0232467373039582,0.0472499430920163,-0.0948839549040532,0.36937339516939,-0.108209006630143,-0.0633216073183215,0.303902296461503,0.0585957153370537,-0.0289172009137676,0.0297580511085204,-0.0739618335821017,-0.0473062401374266,0.00398573340845764,0.448316089319451,-0.107687094754996,0.233341449269092,0.338020025741529,0.0555121353065325,-0.216037412313492,-0.0509421550790303,-0.0889815501035203,0.249972497290312,0.12483255016468,0.396518152416277,0.251038098683768,0.301836661556816,-0.0353303158196554,-0.276301087423337,-0.00681932206311302,-0.0425205294774335,-0.228118818018117
"表兄-表弟",0.140626930922907,0.138142474504449,1,0.337893710693211,0.24257078535912,0.346912417243442,0.0680434256586734,-0.310376968849205,-0.313382212177606,0.295775525411742,0.0367282741135213,0.0339606590232719,0.0219801605246865,-0.122873377466494,0.0781799774046846,-0.0667090210336105,-0.0568804096408004,0.0730814352135132,-0.0723686895445163,-0.0613400869138267,0.0624315317713333,-0.0979148416315081,-0.0540717341856245,-0.2612132999907,-0.29414388203243,-0.0141930286378172,0.264899585572504,-0.124495186764264,0.0533127830789177,0.0500747979513722,-0.1776230891476,0.0370545425644045,-0.273633082988607,-0.158361413549112,-0.0905900031952679,-0.0831548652789909,-0.162047062173588,0.0179409505561494,0.200657071831761,-0.256625276465264,0.1210992237745,0.207727516336797,0.399990625736386,0.362723207740624,0.0945082708262259,0.0515348576397539,-0.14979805398161,0.0122791120207076,-0.102548447609678,0.0976314557396657,-0.0433941185336127,-0.090629905268926,0.0430075546106522,-0.157799457400929,-0.0300933373609048,0.0623980869493343,0.000925257455932497,-0.0242583498839137,0.0536301460287429,-0.25029726434496,-0.312719135579392,-0.207415184431744,-0.0218847111759364,-0.0462896812758754,-0.178726469498941,0.0989258561266613,0.15713698609411,0.23996872204707,-0.0385008234968684,0.272428081208521,0.182638810983467,-0.288101954910739,-0.120255384115415,-0.160572927230722,0.156322496820937,0.0249335710209248,0.026611929708509,0.0852569905408678,0.216765636401888,0.152850767372541,0.012007819472837,-0.286528591740866,-0.0790171891558959,1.1873501039169e-05,-0.201328589390649,-0.176416653361274,-0.20399057966562,-0.202748722104179,-0.246101012854073,-0.0515521856811714,-0.119671074424468,0.1585176275435,0.00223528150250359,-0.139825162030739,0.0871156303949553,0.212935714510565,0.0677106129287803,-0.0639440936059485,-0.000944456664562727,0.288641309794855,0.214378958058016,-0.210950037973601,0.0147180496675396,0.0361736244206447,0.308738366760951,-0.0628115419754344,-0.018936129728273,0.139676204614297,-0.3036051161762,-0.263833578805085,-0.144242590962903,-0.0379925189252438,0.249393712266028,0.157672361507093,0.0730030306990627,0.278721979693107,0.103670986284447,0.0626967793684777,0.109496305632404,0.077707984919278,0.153560103637586,0.187996906457411,0.199585685124349,0.0257523635245667,0.126396773738457,-0.0758698935684865,0.024151645368976,-0.156362368261675,-0.0781391482023048,-0.0544032883399001,-0.143661385272551,-0.000561692286904023,0.245762008480452,-0.0300400512992723,-0.0121372638297826,0.217382014869299,0.153475889079581,0.242387756676447,-0.374881939222063,-0.0981996623250055,-0.253775076584667,-0.292480010362308,-0.171332469050415
"表兄-表妹",-0.137767722433136,0.0518768767109897,0.337893710693211,1,0.468576967001009,0.307823795295378,-0.0168141445356883,-0.187473174097008,-0.278162511743648,0.147442796174806,0.227320504116598,-0.0230334380091551,0.197223927191794,0.0637854813441028,0.00285188279098349,0.220507038254228,0.181849296261004,0.0192338142892316,0.0425485189224254,0.015033217578177,0.0839236467721281,0.0786715210549493,0.0589992246032175,-0.196869780773072,-0.129961184391024,0.0470383242362951,0.270112229848302,-0.179628911349128,0.187641678084128,-0.0237756499345881,-0.178312992620969,-0.0031838687115824,0.102707993023991,-0.154563475402027,0.0800410270410162,0.193180231068434,0.0431866983358681,0.233665136326048,0.279471158031679,0.059042650916616,0.286778123406589,0.21041717191615,0.505431918401279,0.313892685701802,-0.0899011776096811,0.163985404952309,0.0586532215561988,-0.194905511250555,-0.20290702583675,0.305798157623042,-0.057424607763417,-0.217603267460533,-0.0775907855901744,0.0176675751630768,-0.0801267199959767,-0.0891361569028638,-0.193317667964427,-0.0769988641330751,0.0187874724230457,-0.324876423476569,-0.251827851289272,-0.101279895766483,-0.127964425802504,-0.142546517923405,-0.233910855063537,0.0584559680556048,0.366746862113283,0.344114927927445,0.0910132792493314,0.183768161793692,-0.0465013929654772,-0.352659123550131,-0.246460075429417,-0.205320638002986,0.00513785776516851,-0.141794987178952,-0.0767817928647799,0.0739091470081611,0.0286851877519013,0.15429126329619,-0.0584098925956633,-0.0633798722235455,0.12718346012908,-0.00875581746702053,-0.192312480879523,-0.332208387332109,-0.175437269182913,-0.286945563727078,-0.12311099178517,-0.00318545393985445,-0.067057244487126,-0.234515212092247,-0.232557998096302,-0.10942494306884,-0.17870631802669,-0.0195428137024959,-0.101330176954393,-0.204152775892422,-0.149138201991649,0.361105498979909,0.346278544016327,-0.249103798475144,-0.0683836900682788,0.288021543915598,0.283589710067312,-0.167850074739473,-0.206093521452411,0.0327857374013233,-0.0987923105412105,-0.190562866627294,-0.129679394260377,-0.01228379520178,0.151569205328632,0.336712293534026,0.185476948572923,0.00566803005048516,0.120484028977941,-0.0799019097048007,-0.0232324661431933,0.0157977014739816,-0.0152197131226921,0.0161332252238514,0.126415765424259,-0.0890434008568146,0.108605151774782,-0.0402182266264744,0.0489713619249042,-0.214713865574092,0.0632910197403129,-0.200200599567574,-0.119315262335406,0.0199848230250443,0.244141922124274,0.012964005312441,0.238332607095667,-0.152046263298241,-0.012429830077899,-0.175206320910193,-0.21506551261806,-0.00392657799683422,-0.207932334158303,-0.192722669300409,-0.0375705437831674
"表姐-表弟",-0.181321583221351,-0.0300207251746957,0.24257078535912,0.468576967001009,1,0.193355338839222,0.0286088918648535,-0.127761675614304,-0.249811440979083,-0.100023675699982,0.132944793190943,-0.00176728915926541,0.198568289328032,-0.0976639176071424,-0.111430233667026,-0.00881140169159558,0.264914897347039,0.141722371891917,-0.0412230245091587,-0.0387533561390138,-0.0600771718785545,-0.105446601505503,-0.012284725280952,-0.0760038134192266,-0.0794994034008609,-0.0725201412199164,0.087807424822278,-0.205406731979322,0.350503000047507,0.288015715932564,-0.119539959467571,-0.000357303796269194,0.151434420901072,0.0456612651828165,-0.110859113829144,0.116562588398682,-0.0350008520059433,0.115600778471046,0.0388229226417557,0.111361551982372,0.458683548813146,0.435054060728015,0.43701478004098,0.174857581703387,0.00294624426184433,0.254529856791235,-0.16858016878129,-0.285177327119062,-0.29436678958243,0.365753010104849,-0.0873333170128317,0.15238240992658,0.124963556224943,0.247364815308204,0.0926052968930478,0.0775169657507709,-0.141175545510431,-0.194430792592718,-0.0798229550858679,-0.395316582533467,-0.430933555760034,-0.230978385467476,-0.0222818961957579,-0.094995733908114,-0.287682605950021,-0.0454363116684863,0.272295281872078,0.190886146984854,0.202085154654916,0.337155188314756,-0.0511547932218793,-0.280085142879849,-0.220718457248267,-0.260690384011629,-0.14074804125405,-0.262903513339371,-0.234525365272419,-0.0915478982392909,-0.0148072087871149,0.0859812904005217,-0.200826611157022,0.170193080114985,0.0956972077861483,-0.156265737491086,-0.199805703627674,-0.15398367451491,0.0721576471885626,-0.00757294253653243,-0.189881411783112,0.0304883039103952,0.0638017552132974,-0.202468968211581,-0.156434723329258,0.135411271076961,0.0459770577107958,0.0390937849716868,-0.139634345616977,-0.251921759620215,-0.197352726339465,0.115038096255363,0.281329939996859,-0.076661289273142,0.0756869523639579,0.267448436059762,0.0774070245983127,-0.291793409373099,-0.347124301826715,0.287582504341563,-0.228427806071503,-0.290832113487413,-0.0357593755530756,-0.159456044949563,0.300329048840705,0.311276310974859,0.502785601124881,-0.0402626888183341,0.208126929829229,-0.151275800673437,0.00409894325136509,-0.088430632739339,-0.0548443835653052,0.0249642678496597,0.177669590731542,-0.113157509649781,0.0452684778080837,-0.0507551069599791,0.0261269828063683,-0.070056910136864,0.114772895301375,-0.300597108268295,-0.301212394148483,-0.19270871537575,0.24492901673997,-0.0402904905350635,0.0237393550503993,-0.118327679795888,-0.117990360519484,-0.0401729995870801,-0.159306325415998,0.239600689406324,-0.0379637301611861,-0.314242265928015,-0.106356348411152
"表姐-表妹",0.108578450484946,0.156406838609477,0.346912417243442,0.307823795295378,0.193355338839222,1,-0.102669619550844,-0.168088759819524,-0.0661816022319613,0.0840189861421179,0.08383826823578,-0.118105824039123,0.191702568188641,-0.0363930410004438,0.175475971716564,0.0548867043961438,0.204899224015784,0.0708470735304661,-0.0323883978894012,-0.18930589343926,-0.0455419760914818,-0.188835344780811,-0.154199285119739,-0.0558507652085418,-0.189058705502459,-0.195769593155598,-0.0452894941323238,0.0357570986425592,-0.0442173668390379,0.292356170730459,-0.0289207586095532,-0.0633984706209584,-0.0483691705767983,-0.0562160778403945,-0.269149955238975,-0.0188807255533678,-0.107599083152902,0.177599142417161,0.103938129486606,-0.0721078657146883,0.229225250091849,0.0795643757497026,0.350130605323284,0.400114544856121,-0.0688183058587075,-0.146542744155099,-0.0682255676354823,-0.177259632703765,-0.364308627960314,0.22312190542149,-0.160455628969628,-0.149022246821062,0.0236085068049435,-0.0801855476329763,-0.149638384444136,0.0135961364463312,0.0838582064774256,-0.172349068695124,-0.17015835809905,-0.26585995855938,-0.261784689873437,-0.114936692110418,0.197215210026116,0.0579638091186845,-0.14080700671331,0.0119071327299792,-0.0666125996752001,0.358443891688779,0.00937639719943672,0.316549623870864,-0.0415182747860527,-0.222662197262356,0.0214942438551603,-0.254938429906862,0.0651519296795159,-0.0991164350374478,-0.214354210513913,0.111505287337734,-0.0868476958115926,0.367765994667321,0.0267118841840124,0.0138962743083618,-0.171479980601797,-0.15480503553028,-0.263735346551868,-0.281666138744782,0.100549630070044,-0.0415742449420631,-0.105479128278735,-0.147844369268871,-0.101396350305284,-0.0126818224404448,-0.124920489851453,-0.120614458449502,-0.0232741538659759,-0.014493412973147,0.108395493129796,-0.0795074433084637,0.0657227148724735,0.222210977390215,0.130883373946608,0.147403559211928,-0.139751067482418,0.18347841290464,0.296597150627725,-0.0609006559763691,-0.147971673384374,-0.031696498464711,-0.27095759035836,-0.280009626612544,0.0120007818600643,-0.0147920541172928,0.424268818946995,0.154701768207916,0.312648184973836,0.145711114577232,-0.081574527757797,-0.182429531108056,-0.0125548188945348,0.0617994547421004,-0.16464105985077,0.128273104842729,0.376876334366096,0.0526504920663019,0.151890307143177,0.126131054953159,-0.0789074445392217,0.139483803790278,0.150937430166617,-0.184807962591276,-0.212338529969106,0.0170998201625747,0.154824439935076,0.10767642352316,-0.127183239824335,-0.0762132389638916,0.0302259972110376,0.222480805592459,-0.039055736329525,0.0677190619644766,0.039015375911171,-0.236723360221902,-0.0857183246845113
"伯父-侄女",-0.273672569749938,-0.161315723227253,0.0680434256586734,-0.0168141445356883,0.0286088918648535,-0.102669619550844,1,-0.018328496144927,-0.101358666454781,0.349820289842682,0.395909655757585,0.604453112706099,0.0361907821578276,0.0154644079875374,-0.147684747617275,0.0806119757924404,-0.107213730883568,0.157690161746011,0.0624004719748637,-0.139294382405213,-0.0583502505158854,-0.10087066517456,-0.0710070151351719,0.0918942277376265,0.025268682225116,-0.0315933977368251,0.0458741876286333,-0.166939727906248,0.158713303778067,0.0192035913101509,-0.0180109514857521,-0.146126594893242,0.245867298418788,0.0391991521998016,0.104975745544233,0.0952650639452122,0.133676746359667,-0.163466234033405,-0.0654905706670706,-0.232522389750177,-0.0282220075742485,0.0871543876188431,0.162985771628247,0.285948293066886,-0.118296950379263,-0.0502393497306531,-0.175051889975237,0.037884019378256,-0.0541691289379336,0.0401201519526468,-0.0662467191713304,0.2790732180134,0.0100100580430831,-0.0150298548204509,0.232425647880386,0.0999647038875298,0.1274374945609,0.0782903432613067,0.102056715882997,-0.250453235240802,-0.208325759588648,-0.32036972987674,-0.00251037417969393,-0.198067479397021,0.143526514374596,-0.160260995574787,0.208458243232599,0.0251346280202711,0.00195078473270612,-0.121064283314348,-0.0329976256227157,-0.106573651066336,0.00634683176395382,-0.131353425874451,0.100581412968548,-0.0593247601782419,-0.0442669861284738,-0.28944556947983,0.0172912089297374,-0.0085484176192208,-0.047992462603051,-0.0485281083131845,0.271605146051104,0.0444424181685574,-0.196879783471309,0.0540142422711804,-0.118140000724629,0.0280667036308311,-0.0861993931757147,0.0444216806468869,0.0561406321093589,-0.0251185224416525,0.108513114213964,0.157243130102524,-0.0540877976223134,0.231683203380364,-0.128774267647963,-0.0771337798240154,-0.183500129002353,-0.0016133151734721,0.0140911643670542,-0.0923088049658639,-0.145685737652281,0.144168922823588,-0.104979468312455,-0.174842747485762,-0.0454623699390366,-0.0195874120120979,-0.0877061436373992,-0.169805200098775,0.113031148125961,0.244687014790329,-0.113880878230008,0.17700807696507,0.0350773825457243,-0.226403675904165,-0.0083194059192784,-0.181274808551669,-0.0814567124378701,-0.132995217398191,-0.042025119416002,0.339577525454551,0.106447902128903,0.178947508652998,0.246149933307912,-0.172445310482612,0.251104877333126,-0.312802710469033,-0.288008521741218,0.0334544450650028,-0.0375099607127993,-0.146794090086723,-0.0887527151160168,-0.07180247253214,0.0460140644651922,-0.0959212104841059,-0.0494674264273369,0.0285231452638496,-0.136938673372871,0.0137479164175896,-0.127821738906712,-0.288219789390355,0.107844776437098
"伯父-侄媳",-0.10091115968618,-0.0614360849076347,-0.310376968849205,-0.187473174097008,-0.127761675614304,-0.168088759819524,-0.018328496144927,1,0.33191993164647,-0.128027796736385,0.013739985425203,0.114062908804553,0.0451692208106458,0.208737633900028,-0.0712366108385118,-0.0747504549257604,-0.159982667601636,-0.289552407148114,0.0136482522211236,-0.126588803883411,-0.124282816618796,0.225160985039954,0.0403224654804662,-0.0278257331467724,0.259026676687933,0.184128811970933,0.109819782036396,0.254674362911632,-0.0939835894458881,-0.145688756071167,0.096808705430883,-0.0498734332770155,0.0776834000471723,-0.126496122973696,0.076998350256947,0.0328532292922674,0.250354783154928,-0.121274977806413,-0.109670091682504,0.17875114311179,-0.178923174297769,-0.348576788754303,-0.0994906723603788,-0.19483660960703,-0.288538593829616,-0.194364783234903,0.255960653973881,-0.0728813015585774,0.109621147476749,-0.0945675236457781,-0.146042589489768,0.0652449165109601,-0.13142962646273,0.00182679177364161,-0.16257081656507,-0.148851995473086,-0.0534886370810613,0.00127588432205421,-0.193407242703572,0.206893219726755,0.143272236958588,0.118344463787671,0.144334616333909,0.307605610526243,0.205926026195672,0.232693505463846,0.0365525945370789,0.0411614376826527,-0.0555098833650548,-0.28363168815195,-0.267984708599047,0.483422111801028,0.335708105840855,-0.0243089141860054,0.0899807741214735,-0.0518453778462426,-0.144690726944968,0.0574001047918582,0.0525491059988483,-0.0982661918934991,0.116422946309527,0.0272818377677376,0.0395393700951955,-0.164234246068343,0.116809352346084,0.0993651619032097,0.207464881580521,0.100570816743089,0.334133558085312,-0.0742927137951793,-0.211409734312523,-0.0503922565339168,0.0751797206231745,0.166733221994674,-0.195865300415066,-0.100024031739595,0.0755769728889245,-0.0965454424183448,0.110388820897029,-0.279530631475535,-0.31125212634683,0.0645832672401012,0.0379510862751676,0.155094103583861,-0.0925295653141643,-0.0494772340558182,-0.107963365176266,-0.0314560471279708,0.0925144461148939,0.103954019071596,0.221587513018616,0.190508885035768,-0.333363028156151,-0.122678786047233,-0.24314837711071,-0.0427094739272745,-0.291678592764604,-0.17586393282566,0.135712432279263,-0.258152891869133,-0.284801976082746,-0.166460445191422,-0.00603476329259167,-0.0345972276479887,0.100354326510782,0.139555077733623,0.00897598188784286,0.124452107022445,0.127480568202186,-0.134988398501542,-0.0126044388422308,-0.0386085276490509,-0.185261568320633,0.165418728442521,0.0127241498906413,0.058475387463039,0.158331972524542,-0.0211607687631595,0.229167871733831,-0.0556739457859398,0.041709013759532,0.0800658121801433,0.208572157376132
"伯父-侄女婿",0.230810986550309,0.0131753692906908,-0.313382212177606,-0.278162511743648,-0.249811440979083,-0.0661816022319613,-0.101358666454781,0.33191993164647,1,-0.0883277692803054,-0.0385406295917045,-0.0375792182439251,0.140258764598145,0.0470584407082819,0.0378960404830621,0.171240838854901,-0.11824587575948,-0.270552364166782,-0.0976652488344224,-0.139946128700414,-0.132026104840935,0.0274479511766366,0.014950912558572,0.0141524275288675,-0.0192250813786067,0.0253802831582094,-0.175843509662274,0.105050602812346,-0.318186639001574,0.00190994536088167,0.325507033079531,-0.0321545919201663,-0.080541575456582,-0.0147126186068026,-0.133249471400994,-0.179699927391214,0.156913922780088,-0.120411773762481,-0.1797642339441,0.0457785900941929,-0.287427409521617,-0.390788026212916,-0.251857190558359,-0.0556425934166469,-0.0369917963676752,-0.363358431586443,0.134595413685735,-0.0358622575188444,0.138773707075905,-0.211618054042524,-0.0250984788333577,-0.0453031730121003,0.00660957212701679,-0.0568978454346427,-0.212576509732672,-0.252422420973195,0.212954845390685,-0.007636255604989,-0.200099598174734,0.155506350184879,0.269279503544814,0.107041356685567,0.163500315710151,0.23106159171734,0.142284930599337,-0.0651559286981365,-0.114273377476069,-0.0638491300692936,-0.196442238819469,-0.269604576678524,-0.0835542906823835,0.314495204830742,0.505823501516688,0.0531892367615546,-0.0637600593568449,-0.0331169534456596,-0.128602384773472,0.114755528642298,0.191273614315397,0.0186996419482013,0.108396273106527,0.0998653499396286,-0.255486171500118,-0.249886002341766,0.059762645745932,0.0770947467222068,0.240643748450588,0.0786077651944381,0.283573444059955,-0.152994001206522,-0.141761344369441,-0.00665992609329475,-0.103867462652218,-0.179515922871546,-0.00558737701261381,-0.0744382187442645,0.160830091317448,0.00958552473731432,0.192959441149671,-0.241669519378099,-0.243154769721894,0.251183112782047,-0.0819464404155868,0.0684390362277548,-0.121072328363934,0.0705663226508697,-0.0121313973961306,-0.13508791029931,0.0578796936185284,0.0906168076307962,0.155350552734821,0.129858023483984,-0.171880569011062,-0.200013608676479,-0.125717490434842,-0.0311028373612797,-0.278766831273499,-0.0709886171103552,0.0313177786787318,0.0198090109407575,-0.0576592607711131,0.0626396152628617,0.115757257534939,-0.000814121723468946,0.0779840307995401,0.250377951321317,0.0203216645022804,0.286457769959266,0.168049086550034,-0.028169084335554,0.0299627085725279,0.0281703027644584,-0.0805906972000782,0.410816094136362,-0.169668809557259,-0.0162263248817055,-0.062585877157792,0.168190589638818,0.314922041762395,0.0500729580647224,0.216370999300968,0.101800176597154,0.230353585186296
"伯父-侄子",0.0495335388008492,0.102952056107136,0.295775525411742,0.147442796174806,-0.100023675699982,0.0840189861421179,0.349820289842682,-0.128027796736385,-0.0883277692803054,1,0.263576020270191,0.276566614545452,0.0594189838261854,0.13455867531321,0.0705528878325834,0.168965677442565,0.0419351262804434,0.244076367111712,0.0737392381910908,-0.191868161170875,0.118120817927853,0.0147318888688786,-0.0189068916167071,-0.0684860489628787,-0.0724043253408929,-0.0310371988092131,0.36444359991835,-0.172676166677979,0.0491931182183269,-0.140258686863765,-0.07452601500894,-0.0878254411499157,-0.00348562785353549,-0.184266786041766,0.120258450115193,-0.0186405782733554,0.0563723327831103,0.0446494307653062,0.208069679613763,-0.296272315445521,-0.0139207421894854,-0.0732274642811808,0.104876358311185,0.255561483356903,0.00822942239985422,-0.145120961361694,-0.0436750097831223,-0.0538532934784802,0.0726003344100671,-0.0898753140571471,-0.137391490682467,0.091720961096905,-0.193050283352697,-0.155517508455234,0.0869016158475295,-0.0893420198116804,0.150738139651665,0.0254877450663002,0.186719903032951,-0.27311066225689,-0.146535527387492,-0.322537626096591,0.0210749265978259,0.00160372723705365,-0.104559267397236,0.102164453857197,0.128307889746492,0.112165503160491,-0.0445615471284,0.028727465100084,0.0136660976508841,-0.196558110420872,-0.052318343595123,-0.185463048938627,0.262354603937829,-0.082013838203507,-0.0603453528177899,-0.0680541047279183,0.0850529257009737,0.196462943584364,0.0743406679189208,-0.238641173646622,0.0770011505935306,0.0945100105676885,-0.30114051379566,-0.147760728437497,-0.175795153792284,-0.323872904615737,-0.14516590667253,0.0390667818163647,-0.0694454713403542,0.0434302736145139,0.0556446650625086,-0.108763299080527,-0.111886988201309,0.100698763221113,0.0383849237792921,0.106189238248393,0.0233778020742164,0.377570131183043,0.184358375781279,-0.0446276955665802,-0.116448674770151,0.0800646350448626,0.293304808646591,-0.0814362365108368,-0.0776951362952956,-0.051121387524108,-0.279615674779186,-0.227501183969494,-0.135749978087032,0.197684811346023,0.0306862684638556,0.0604329393125713,-0.189222860118192,-0.0477462072702369,-0.0454406172032956,-0.146774380143303,0.00953729463439006,-0.0552889945690857,-0.00321716765698894,0.263841127580699,0.145459472805353,0.0870506035662331,0.164256895943292,-0.012520358415141,0.100783004467221,-0.178699158361947,-0.257001075865812,0.134496782636761,-0.0560444784441201,-0.0110863435118633,0.0460241491970798,-0.0204940364172306,0.207401375869366,-0.00597348871763011,0.0510018254975491,0.0367060017563151,-0.137879905591748,-0.133555231884193,-0.250301576959512,-0.19773567861779,0.0848732097302277
"伯母-侄女",-0.214088554599706,-0.157938886796404,0.0367282741135213,0.227320504116598,0.132944793190943,0.08383826823578,0.395909655757585,0.013739985425203,-0.0385406295917045,0.263576020270191,1,0.358712974328479,0.233039995847335,0.140731998211535,0.0957646579218499,0.223893655105034,0.0510679096462304,-0.074360775189432,0.138592353391267,-0.134443113552095,-0.0273722888598445,0.084673053026079,-0.0514417979241623,0.142835819574931,-0.00361583729919634,0.0602684093562437,0.0995761393517777,-0.226445213513922,0.0606139142817598,-0.0459490233186556,0.0433779464815331,0.0936292701373398,0.198750400990921,-0.0997418938351438,0.184087483911333,0.240557168290053,0.28980722897119,0.050292632132116,0.0950612233752594,-0.130761288214119,0.106408236166624,-0.0393061186382615,0.225543769799181,0.246173616173089,-0.18034941490091,-0.126370772115176,-0.111231385050282,-0.183609546263063,-0.129607404299353,0.170348684850289,-0.154071866633613,0.0212288182989552,0.0248505438638522,-0.00791732262664443,0.0159314399925225,-0.0590112703858084,0.123303787487458,0.0142162916587342,-0.0978669558094128,-0.293240887537649,-0.178505365534643,-0.24490910261443,0.000315350480742073,-0.108763144049418,0.197786892412704,-0.181583420130321,0.216055561448741,0.196694209635773,-0.0547259369945096,-0.124808364075072,-0.175873627894413,-0.26011801279818,-0.0173571802688165,-0.198800636835815,0.0171993683377386,-0.152796525572426,-0.1538025125376,-0.112512675724506,-0.0468137427881483,0.246575582327262,-0.00435462268556092,-0.00224536155649812,0.173718540039091,-0.0516325296478468,-0.270529590965493,-0.162299543684084,-0.0886567272079807,-0.065845761908765,0.12915973058625,0.0703747721994232,-0.106901640529421,-0.129264594570299,-0.0909197348695327,-0.0906128273061368,-0.145285790878797,-0.0715122709164815,0.0281797992303066,-0.112884443233835,-0.135970701610797,0.0400736814705513,0.0090572584778866,-0.0801276959122618,-0.208605307958874,0.324245813353801,0.105106909333015,-0.10600363364983,-0.137723699471961,-0.146031071518804,-0.0312630808717334,-0.193474083631042,0.113438784571171,0.241328441601319,-0.153462201594709,0.0454633055799397,0.130754549327525,-0.366702906524084,-0.0749293390101482,-0.272812851980514,-0.109674192832645,-0.158077559195232,-0.170964076038037,0.265848432767339,0.191836200335617,0.0317607033227932,0.109532072793892,-0.022254224042019,0.261711419970802,-0.0768239566408579,-0.0468627535215985,-0.134875615111361,-0.0214117729856735,-0.0592514459669742,-0.0102305981397391,-0.0569165074319012,0.119352318058304,-0.250943219331991,0.0171197185224447,0.0127204866444149,0.00715004702655102,0.0909388302573837,0.0507926212430362,-0.197429458701177,0.284340552211762
"伯母-侄子",-0.212052555999079,-0.0696111563714561,0.0339606590232719,-0.0230334380091551,-0.00176728915926541,-0.118105824039123,0.604453112706099,0.114062908804553,-0.0375792182439251,0.276566614545452,0.358712974328479,1,0.120706112188659,0.0238594432092532,-0.172534100443445,0.0978482834861653,-0.113782723491319,-0.00252955814701153,-0.00232962449589681,-0.122904792084811,-0.0574313904427601,-0.0324383090238125,-0.0725155618887187,-0.0512150305196589,0.0991288020456794,-0.103697674256903,-0.0420166737850932,-0.227197533759412,0.0335894049516387,-0.209566559040047,0.0198463611455421,-0.175547347901895,0.15043131891142,-0.0182725319259641,0.172565530682494,0.122874070417391,0.129357957792348,-0.152489711226821,-0.0224730709358375,-0.122864942439304,-0.044437681947711,-0.0137734834819109,0.18688142598615,0.168656471151649,-0.171433298051418,0.00947246365068426,-0.0334552328185057,0.0415572393914562,-0.0290851096362968,-0.0737772510600433,-0.108913258506341,0.266604326515238,-0.100136937275894,-0.0653591096706899,0.185841087640866,-0.0531688272655511,0.00501747665733481,0.0713342483898122,0.0933275700023471,-0.239488547907791,-0.193547976697834,-0.221933869043765,0.0449916198369209,0.0161678402159484,0.201841049147245,-0.0630904905690918,0.201020342953065,0.0651883618243843,-0.0626308851212418,-0.130389398590356,-0.0777294479208349,-0.0160933281848005,0.0475869360616116,-0.12967163607931,0.037769850061368,-0.0670456322184115,0.0120754607938253,-0.141404005481574,0.122081787644973,-0.0111586113563627,0.0166729734335292,-0.0176869208039887,0.229039145712391,0.0840793429643353,-0.205210096677901,-0.0276682143093253,-0.082159076974266,-0.0628171345386111,-0.0296810335898984,0.173491186600172,0.117936174056195,0.00269422221987031,0.0240506137020587,0.0595463609244505,-0.282940908807796,0.141770915270653,-0.0464788674599477,0.0424572087554736,-0.0767459536523028,0.029991558658515,0.114225099509389,-0.0561323409564127,-0.145630915526336,0.184020079215248,0.0108481289517264,-0.151676938771826,-0.119855213172527,-0.0547237997982001,-0.123046495917596,-0.171435818473396,0.21173894352239,0.152714153396288,-0.189122117681919,0.225753493341645,0.0256635992930067,-0.204239145205921,-0.0108041775875823,-0.0656451056517496,0.0120714683540206,-0.132992910235226,-0.0462763397317969,0.273193816681526,0.0388504819776075,0.15712709893924,0.297860887336298,-0.0818361726073763,0.258632765217781,-0.239621828376418,-0.0583515961809738,-0.0312943666671931,-0.0456445430197684,-0.160392395901517,-0.152122541982837,-0.0274529448404756,0.0356260782739887,-0.0843052226905894,0.0197601373807433,-0.0329153844168994,-0.0944916754293075,-0.099393550391306,-0.105824814734556,-0.256374049715133,0.128080765796264
"曾祖父-曾孙女",-0.274458209978002,-0.264138425881188,0.0219801605246865,0.197223927191794,0.198568289328032,0.191702568188641,0.0361907821578276,0.0451692208106458,0.140258764598145,0.0594189838261854,0.233039995847335,0.120706112188659,1,0.26889835509319,0.425401174179981,0.402317290532052,0.10266763415602,-0.170251753998571,0.0769558305737989,-0.104182453158768,-0.288357777297914,0.0328700976780407,0.151126855072088,-0.0500405865621336,-0.0643841402654611,-0.0261848584891079,0.106242563184926,0.039338254902725,0.0609865195146065,0.171391562135453,0.0427517973703654,0.0115114302389582,0.153499765702389,0.0718932640160154,-0.115822794292167,0.413573656199461,0.297864379605175,0.0963989742579565,0.0517065609334459,0.07123391777196,0.164754195438418,-0.0445635969301066,0.341836337617667,0.0870047649925094,-0.207849562919084,0.0433213073161471,-0.155085041796694,-0.343773269817105,-0.340685075264532,0.0811613376205897,-0.163916246300169,0.0435220496610253,0.0276089882841068,0.17666078447511,-0.163349519838578,0.001333087063365,-0.0121524964915023,-0.168646340383744,-0.169110894006231,-0.250923434837585,-0.110748971658891,-0.237881655282783,0.0903373080305149,-0.00857043098524604,0.0713797661115377,0.127171921038561,0.253895462840823,0.325087116082281,0.186787242967178,0.0335876657025268,-0.249657414912228,-0.133243277649194,0.00110932755203255,-0.197875915531487,-0.154775017302593,-0.225453886779846,-0.268247357025802,0.0517910927372576,-0.0491441374595961,0.235563149935654,0.244162824383709,0.0682923184499034,-0.132340758446565,-0.195687092445975,-0.177377753623467,-0.0626055832213735,0.0720485704164584,-0.0358695119598649,-0.0036767497162517,-0.0754334670438825,0.0411617394974955,-0.157238306884433,-0.249224133243579,-0.0452980178986003,-0.0610639160352936,-0.223752888967989,-0.2199906897839,-0.303171452913474,-0.328632794846318,0.00672711243305976,0.0919417477945106,-0.0790467574229676,-0.165763496317077,0.426197620763497,0.444380131795343,-0.137344633107467,-0.247814099200354,0.131732564955675,-0.0412676654318974,-0.153515841856829,0.284534373632434,0.35932926402101,0.113233350969984,0.0889347201152139,0.244785491357822,-0.138981054157274,0.0662435864713092,-0.196969434125027,-0.0482389298206667,-0.221930227306185,-0.203823581283115,0.0327768024310386,0.300095606821197,-0.190970211456981,0.0333924852438347,-0.061330547817465,0.0945688839777363,-0.0618983291110934,-0.0322742996550809,-0.256001226361885,-0.0525377923706004,-0.117501258637797,-0.106324944819099,0.0317396261322284,-0.00163447279547037,-0.235850071535019,-0.0974731135630761,-0.121937541055736,-0.0246054675692724,0.306367853895896,-0.0254508215696752,-0.170974758307688,0.288550064712993
"曾祖父-曾孙子",-0.120542985623154,-0.137337488431452,-0.122873377466494,0.0637854813441028,-0.0976639176071424,-0.0363930410004438,0.0154644079875374,0.208737633900028,0.0470584407082819,0.13455867531321,0.140731998211535,0.0238594432092532,0.26889835509319,1,0.380086096943501,0.271049330768498,-0.0329622494172066,-0.0394464277073749,0.14408641247307,-0.0554361392811413,0.0577014148880769,0.116633620683326,0.0371662724881053,0.0874041958497175,0.122429685734582,0.12347435363344,0.210875470878775,0.0380701316584245,-0.0838548184601208,-0.195629449314261,0.0183115001324862,0.031834723174327,0.0819673637448732,-0.0678224577166516,0.186630098235317,0.188610291883338,0.428467687015578,0.442269818041282,0.154429606138741,-0.0145959369037489,-0.13561408759474,-0.268310568768718,-0.086859782891494,-0.0689900480701734,-0.279702946638201,-0.11152914069934,0.0584400707304653,-0.13340610858717,-0.0878866904122064,-0.00629937662683419,-0.248603110618908,0.0156386852640406,-0.152172209197094,-0.13796348975196,-0.210315377151554,-0.110365906947026,-0.141948510808301,-0.0468843735616039,-0.012249730363316,-0.00800655349432744,0.0216262503801334,-0.0910836208145401,-0.0269125326646635,0.157205150750061,0.220153182521453,0.0687169470530663,0.299390926477119,0.152687871933905,0.0177393283876391,-0.0964598841893441,-0.305792441008926,0.0942458880363787,-0.00899305263532501,-0.0618492581643863,0.0935183738762129,-0.118076808146695,-0.0778022811217681,-0.027330676965726,-0.0962729072417235,-0.0290738938933274,0.109440758890199,-0.126909912982311,0.0333140318775965,0.10992793379867,-0.103582734482792,-0.0982125684374345,-0.0523456207276932,-0.136749668533743,0.133106397073516,0.0222480438679022,0.0348033907135151,-0.0941663117079121,-0.0095754992852955,0.0526735454705939,-0.168502237803762,-0.204854280255515,-0.0413047927613958,0.00925340880131017,-0.0320905785170249,0.0930842989935259,-0.130989845984081,-0.0956774790057992,-0.175790135200452,0.0251951754693496,0.167946805255935,-0.0322945353294145,-0.0532898689603999,-0.204063068018115,0.0577320044492841,0.0586965857369274,0.177543176408896,0.317138410219766,-0.0954854708347521,-0.118986735829091,-0.213066261371825,-0.242323534671734,-0.14626619411249,-0.185422899108266,-0.00942887021782338,-0.210838297694969,-0.249766355646709,-0.0670164613113953,0.187045646765358,-0.120065213859335,0.0958880201695119,-0.0714642777496524,0.145790243112447,-0.0433504250169341,-0.148414042140692,0.0500912125675192,0.0318234273816196,-0.00479937206010759,-0.195816682390025,-0.0567401446238585,0.101493494361648,-0.0468575914265037,0.169783228624698,-0.0756715523014918,0.0691078837438996,0.0347584371989748,-0.15632180761855,0.018308597427105,0.389102526800277
"曾祖母-曾孙女",-0.030887254027349,-0.149668178663177,0.0781799774046846,0.00285188279098349,-0.111430233667026,0.175475971716564,-0.147684747617275,-0.0712366108385118,0.0378960404830621,0.0705528878325834,0.0957646579218499,-0.172534100443445,0.425401174179981,0.380086096943501,1,0.318363165187952,0.0844717667016705,-0.0539143582945412,0.153822302216677,0.000292700325057864,-0.0536095661224197,-0.0142127162376237,-0.0218300355080346,0.0142316350935061,-0.0455210236316857,0.0133919984814247,0.0864513570413065,0.109693763999716,-0.0818730188192968,0.0178299935122291,-0.0763268425686463,0.285003917776699,-0.0336461399724875,-0.0341813711934327,0.0162292936753683,0.26791728136902,0.188454183774779,0.420088462903148,0.244540370931124,-0.0441662671521063,0.065544956014954,-0.166818901725051,-0.00411751615447735,-0.115154513727093,-0.133932616966382,-0.0426565320131091,-0.113501545064269,-0.231163653573177,-0.147307206876972,0.05409119426001,-0.14916287377345,-0.182463230073244,-0.00868009264689153,-0.0554632933241695,-0.210503083363857,-0.0143025836807227,-0.0113828492541372,-0.154830511679409,-0.16759936345909,-0.066060008421025,0.0627766511625222,-0.127532727381107,-0.0340989388806041,0.142654018271285,0.150120122640464,0.0493125955479347,0.0425947048708969,0.25309383236997,0.153347143606427,0.0159534723115837,-0.192456741695141,-0.093523385620459,-0.0451633329059834,-0.0601852753434754,0.105685054045595,-0.0999560337581155,-0.121840939317179,0.0481057974882743,-0.101745486842944,0.261621239517499,0.288189645517491,-0.038959084358568,-0.23591969213253,-0.121621508577957,-0.0797806510584193,-0.0340934892513093,0.0614871293519276,-0.0344951481554103,0.0177535441051999,-0.0411538795667307,0.0183351601368209,0.00415767056303784,-0.130662819145257,-0.181080332838158,0.0596740208538773,-0.284642718281844,-0.0484843367361635,-0.0974437505159733,-0.147888026086405,0.0220776560265575,0.0689964958979892,-0.016839246599871,-0.104669572592833,-0.00413166325988384,0.404622196206737,0.0595627132770721,-0.0320040406400969,0.0117809651485371,0.00571291316685492,-0.0445206302916238,0.0563495525092444,0.143054465047378,0.102914536319816,-0.237852488373961,-0.037345534690066,-0.0460944848726807,0.0758734810218488,-0.122246578078903,-0.00570969558649627,-0.0935129923142943,-0.149377923398727,-0.0280138446395706,0.175626116018426,-0.109733322696725,-0.138649217549163,0.0209861535144173,-0.11412111640607,0.0794843216784968,-0.106058849274224,-0.021449947012781,0.0029400313324345,-0.0331369154464673,-0.0531409880033728,-0.0920167839150988,0.00350729928918886,-0.138802641810222,0.00379165254377823,-0.123682114212559,0.0446292893139881,0.161263584273984,0.0957364830208794,0.0381759828392529,0.269427578202771
"曾祖母-曾孙子",-0.0994082329725755,-0.144476732937098,-0.0667090210336105,0.220507038254228,-0.00881140169159558,0.0548867043961438,0.0806119757924404,-0.0747504549257604,0.171240838854901,0.168965677442565,0.223893655105034,0.0978482834861653,0.402317290532052,0.271049330768498,0.318363165187952,1,-0.0277130126543561,-0.0951239999044128,0.0317716662209047,-0.0728913660081844,-0.0640799745158401,0.0130407743706038,0.0487702610710521,-0.0264406219776453,-0.0321910397693165,-0.0552430012735967,0.00170221451604189,-0.00714302697063517,-0.0520459633233756,-0.0329901801068552,0.0560075510202619,0.0401556379671721,0.207496024111657,-0.0134301991203139,-0.00876066575760829,0.159214009582598,0.279631752723449,0.301556710956492,0.223474464866061,0.0439879815417653,-0.0449023291171136,-0.127350780875046,0.110377482257132,0.11361979735954,-0.182835907606728,-0.0746898626061465,0.043116590583137,-0.173096488991669,-0.139184334194338,-0.0997922022731115,-0.147673622167062,-0.0437593892135157,-0.0740325286767994,0.0100149378182197,-0.161031783287704,-0.122846104749904,0.147992682181346,-0.0409385107106367,-0.0503153013075043,-0.213284756466826,-0.0104116412417197,-0.185725873827278,0.0373196238292705,-0.020395189276722,0.15484585283408,0.0394958230164977,0.285859154838867,0.268089908300873,-0.0515011687944431,-0.0521490761784725,-0.256993428893177,-0.0757636372010065,0.0190656361356799,-0.0805114967520001,-0.0180568229241297,-0.18531608440942,-0.134223616945271,-0.101265464499478,-0.0887152955333616,0.195432527972881,0.270730236281754,-0.0485202234935624,-0.00781880971939509,-0.0995216737961206,-0.133587753875865,-0.139302615073614,-0.0969741664944932,-0.165772166045202,-0.0528118530464324,0.0632267537173853,0.102414788615013,-0.172545786721323,-0.211692509894943,-0.146425901929856,-0.134228779650793,-0.184725271743207,-0.0662741905261936,-0.16676338667811,-0.104022187433621,0.0884796839843554,0.165921182130561,-0.0907575939169525,-0.250960739744445,0.240644325535445,0.264917796341979,-0.0828693210169244,-0.0809993054453451,-0.0346807019810105,-0.0210017239568683,-0.100023898086492,0.172051013679364,0.265167492695523,0.0913725541083872,0.0430685660481123,0.0944015298661492,-0.23282971416399,-0.0163476405324974,-0.180987004215563,-0.0789587593740997,-0.114884493158385,-0.199707753146185,0.172673230998913,0.24399283806669,-0.0322345860649991,0.130547263755885,0.00251628837191549,0.153868336096094,-0.111462392796462,-0.0721411705519682,-0.0451841177042738,0.0158640044046608,-0.018850705862693,-0.141995883027997,0.0398295822887202,-0.0224933383531063,-0.235924304967481,-0.132885920228637,-0.0877868719671323,0.0354252785346267,0.146167813697226,-0.0883242617405841,-0.0201247823652822,0.423381067822014
"从祖父-从孙女",-0.117771548930123,-0.0796857546491593,-0.0568804096408004,0.181849296261004,0.264914897347039,0.204899224015784,-0.107213730883568,-0.159982667601636,-0.11824587575948,0.0419351262804434,0.0510679096462304,-0.113782723491319,0.10266763415602,-0.0329622494172066,0.0844717667016705,-0.0277130126543561,1,0.171173655034487,0.059438113588357,-0.0287676926400291,-0.0877969273766989,0.0380784260911412,0.057148740078691,0.00282200721510754,0.0892849428541538,0.0547349637426593,0.0931701418961,-0.0862917181499998,0.317048162401419,0.282784571818939,-0.0176806910083123,0.175876572873762,0.181657698278756,0.0993088119021987,-0.0187207157926503,0.142848206516206,-0.0150402611770661,0.108351603106703,-0.0193364606661827,0.246144591434105,0.354542775786397,0.189303549503171,0.123707126131451,-0.0449897113234463,0.0102528814220492,-0.040577559471929,-0.00258294481425933,-0.310946948300784,-0.164101838788279,0.329513061877943,-0.104505744148023,-0.0133053559679527,0.0593742643110603,0.205822744547559,0.0545979774428512,0.045476484833665,-0.0010769625698324,-0.13861625279761,-0.101405001309576,-0.189368542436313,-0.278695802238112,-0.0951005999104167,-0.103508865476973,-0.148364009303695,-0.184923756466417,-0.0950878355505223,-0.105134813164566,0.015906508954286,0.370862799077992,0.324487676308025,-0.102441925926221,-0.238691921546132,-0.0195186112438842,-0.205669936776168,-0.171438415756254,-0.198445974583667,-0.246474486943416,0.0400820329382916,-0.175232389176126,0.201619876279905,0.0431169255830795,0.099791292551497,0.0697625926202297,-0.0730123024915254,-0.0410130282709272,-0.175522915948699,0.0526871285242795,-0.0474524457078125,-0.0152269160857827,-0.105870265988711,0.0745814742973449,-0.242682106719717,-0.0911348310359756,-0.00132305214135869,0.0317641092032153,-0.136275674639619,-0.077597419157883,-0.134875145487952,-0.212230267756267,0.135694730728479,0.0892048526260407,0.111087778829606,0.0473633237391033,0.166703756465635,0.148328284071151,-0.159554269707874,-0.269757437484626,0.263427211896625,-0.208048045531154,-0.164440239391174,-0.173742025885514,-0.0747929443793335,0.284270813911251,0.0651718253962875,0.240318792162755,-0.0911929946594433,0.0326347992708,-0.185451550699943,-0.187388250716931,-0.00224618648168084,-0.120440984264899,-0.0818003869645638,0.00403714573994818,0.088421477543586,-0.0690039635862619,0.085897111553362,-0.122881575886659,0.205904592226171,0.250763925636513,-0.0746738630970525,-0.24257573943781,-0.149900567402579,0.285219878340372,0.100743275640748,0.0759079686356436,-0.328334389662823,-0.263884099571793,-0.199523066859573,0.0950600229760821,0.0708667753574776,0.0721674854560281,-0.189135305094961,-0.156744521862881
"从祖父-从孙子",-0.0532173388144454,0.0480358136703101,0.0730814352135132,0.0192338142892316,0.141722371891917,0.0708470735304661,0.157690161746011,-0.289552407148114,-0.270552364166782,0.244076367111712,-0.074360775189432,-0.00252955814701153,-0.170251753998571,-0.0394464277073749,-0.0539143582945412,-0.0951239999044128,0.171173655034487,1,0.0782428613125308,-0.0962368418760863,0.308154828462924,-0.233326218691329,-0.172621661658523,0.246836453345312,-0.112175508142426,-0.139333691277258,0.0109273970123105,-0.251004070613489,0.367116277818213,0.16554956326832,-0.240242883869965,-0.051582066893724,0.0129112714748652,0.0609257911497258,0.0515073852413636,-0.073226414841959,-0.17251031796396,0.194166488512509,0.110238820497685,-0.242111468872423,0.230550226046282,0.308896328381399,-0.0279256058876539,0.0707938756948668,0.0450428102604706,0.162147553955149,-0.233334295632766,-0.158796214204975,-0.0844377588962424,0.170697898628751,-0.0756983857867268,0.302570666966582,0.0487913702420325,-0.0141777114761937,0.266674882808017,0.15053174819186,-0.0373771696359883,-0.0720332402133624,0.195350968210378,-0.250599817201512,-0.28487100636709,-0.210296087154217,-0.102034988914521,-0.113437915635849,-0.209700186522292,0.0101407836896599,-0.0770690488040771,-0.147122677729115,0.0109512512368082,0.265323134575499,0.00967406193337856,-0.232257654107893,-0.365709850681021,-0.192975607744762,0.194131123143841,-0.119539690110981,-0.11746530423994,-0.16400123408197,-0.136096377954891,0.0418941328195572,-0.297553608514545,0.224577123023128,0.0501843887860309,0.1005770743932,-0.225379752437309,0.180412216426885,0.0491766859777783,-0.0388067411130443,-0.329674651920305,0.0791851617712907,0.194811730111258,-0.0672882101341454,0.242949028846852,-0.0303908782987303,0.127281902819501,0.0333451566631086,-0.0441677395756455,0.165364741606756,-0.0093665127669471,0.25357610495994,0.235069960270783,0.0293187285414667,0.115795812240176,-0.208237614684933,-0.0273682596090224,-0.191590937893542,-0.109885206878725,0.160505224776597,-0.205388686057845,-0.160631083099086,-0.179239285539291,-0.0422164823592457,0.270236728070642,0.178752117568602,0.0992555607625276,-0.0661531458690946,0.298209917132581,-0.145228679825139,0.0132547695635377,-0.0312260038994951,0.0173778824451503,-0.0188226022891893,0.00859535552475655,-0.0548761169543189,0.0476417352131592,-0.163102110025058,0.0818043915026437,-0.18883451758697,-0.215127228353645,0.15782085772025,-0.225308656727915,-0.210897673004613,0.265324720102403,-0.255498064890743,0.158790837802407,-0.0544462516021171,-0.0588320069442964,-0.0496701541699054,-0.0924388517180869,0.0999255745179035,-0.0763977757920073,-0.179459912232552,-0.115998368868794
"从祖姑-从侄孙",-0.190368857634233,-0.159363271327574,-0.0723686895445163,0.0425485189224254,-0.0412230245091587,-0.0323883978894012,0.0624004719748637,0.0136482522211236,-0.0976652488344224,0.0737392381910908,0.138592353391267,-0.00232962449589681,0.0769558305737989,0.14408641247307,0.153822302216677,0.0317716662209047,0.059438113588357,0.0782428613125308,1,0.0520374018778198,0.299747649268976,0.0353686699603023,0.0279116044592229,0.170486532221768,0.182925751303054,-0.01992250762312,-0.00339598881734094,-0.037879091836142,0.0699606975237075,-0.0133612075596512,-0.107807728648296,-0.099150159619288,0.246596534988367,-0.0335271379494652,0.291485238673509,0.188301815617401,0.0422499501045839,-0.0398077022415604,-0.0240560257886173,-0.134903917250123,0.156277964337471,0.0219578856483121,-0.0787210844372235,-0.0303789492357131,-0.17074209871064,0.165776265862461,-0.167201070073841,-0.164772995225093,0.0772891604742864,0.0516931568657141,-0.117143155450036,0.143856592573617,-0.0133650652530299,0.0316535030872397,-0.147891650317688,0.105564261393741,0.0503521449643191,0.23495513361113,0.201022598632095,-0.217870840585011,-0.0931906024506893,-0.266618990659671,0.0138999185942216,-0.0254526458758101,0.156551285296354,-0.0783562867026955,0.0531243546797584,0.187026377159181,0.0392003095971319,-0.0861553271333766,-0.259969122738568,-0.0248745149450391,-0.13375122031012,-0.14489901045602,0.0395086706432649,-0.205393753178159,-0.186605324026515,-0.103885928711715,-0.165798662995966,-0.155498980864328,-0.175261178091521,-0.0581218421111126,0.170715298795097,0.0486109732407407,-0.179792997996881,-0.00213176382623603,0.013211437922738,0.0467800526312318,0.00640326139288973,0.224921147837628,0.210427728165534,-0.0877410659825195,-0.0474029181004671,0.126289884775677,-0.037921476979775,-0.135340857061063,-0.15565055903217,0.0047456268079751,-0.0972624822417098,0.115618732117781,0.000760789680821222,0.0207220533344081,-0.151061019712955,0.0905692840737284,0.12052793652619,-0.161981853475121,-0.175746360377254,-0.0916217475021301,-0.0779708989994514,-0.158304249999668,0.157224590444471,0.152750629180213,-0.0745522813241381,0.00173796881847031,0.0338395197635998,-0.28820215694353,0.200542316094812,-0.221027274827764,-0.209867941707958,-0.19349139681284,-0.188357568566248,-0.0455995349459952,0.138502607385443,0.106845999181135,-0.114045997740532,-0.112817849380026,0.159012788911886,-0.136548705569726,-0.209948425005147,0.280910339497837,-0.0349623815334131,-0.0492782737274877,-0.0250561365182778,-0.205507224079645,0.0749202780555089,-0.141066237045031,-0.0317140195544496,-0.0897958277772248,0.24646755820855,0.222262336224707,0.0726962909054577,-0.11076960422714,0.00623303085777425
"从祖母-从孙女",-0.121769952682746,-0.137417219201082,-0.0613400869138267,0.015033217578177,-0.0387533561390138,-0.18930589343926,-0.139294382405213,-0.126588803883411,-0.139946128700414,-0.191868161170875,-0.134443113552095,-0.122904792084811,-0.104182453158768,-0.0554361392811413,0.000292700325057864,-0.0728913660081844,-0.0287676926400291,-0.0962368418760863,0.0520374018778198,1,0.0272889981358596,0.0133863866765839,0.0140632038023232,-0.0980478465200337,0.0741947569636141,0.0907488442032588,0.0320757227454857,-0.00845283785815958,-0.0884016321962706,-0.202496945120553,-0.0970684659802658,-0.0375306918307496,-0.118505448196312,-0.0604361287145199,-0.00995218906128824,0.0193866845952128,-0.0591115576744572,-0.0439397160700814,0.0814998806083108,-0.0297339996704065,-0.159837937345112,-0.0263818898358529,-0.000520981608805069,-0.186288370246191,0.315931125870154,0.274516841727893,-0.00262907843920709,0.456969210268609,-0.0248870260488193,-0.193007142775709,0.429432138366809,-0.199846844256047,-0.181475773631604,-0.0449677745915047,-0.0596397065655831,-0.147953359735923,-0.210162327107718,0.0780752918458334,0.105301175245085,0.395802682210051,0.336174823151578,0.431744185404066,-0.277178688942267,-0.168847928276872,-0.0210746607939136,-0.153335784862086,-0.037316808042573,-0.126287522167077,0.0265615379625497,-0.0374753192077037,0.251942954225249,-0.0589126620143041,-0.230717178200781,0.492323172569983,-0.141124198236856,0.465307676254284,0.516245457989169,-0.0979077608989979,-0.0873827927296065,-0.234913945329267,-0.0919685065608268,-0.117805319206153,-0.0129014666618917,0.0380518560067264,0.554233493004437,-0.0925416083786427,-0.166302472297063,-0.0406240315481224,-0.0272768591625156,0.0363369710302684,0.0810856415648952,-0.0405779273376636,-0.195791848798569,-0.0876533657360915,-0.0567161395596825,-0.0991843750009112,-0.230482873175778,-0.085466020980544,-0.24913989437182,0.0190238055915484,0.175398121155703,-0.30436701751624,-0.0304698100094041,-0.00627598105343492,-0.0469766960881359,0.363977761611771,0.330914812014264,-0.0800281848288986,0.414171346574675,0.484505469268989,-0.0726656575759074,-0.14346449629086,-0.100368220786718,-0.114737870378738,-0.144774087677547,0.00203976133193172,0.239320609873989,0.455645707287135,-0.0434563097110739,0.430784480222137,0.285672229885551,-0.188393152080279,-0.214241122750073,-0.130832069715654,-0.284693732630501,-0.236861961464046,-0.0589193020122551,-0.0867071410402334,-0.101422927442383,0.0131157013274407,0.457166494821998,0.321424144608719,-0.176850443614162,-0.214135001501165,-0.0430825251714892,-0.0925998782655247,-0.125995417991105,-0.313221222471692,-0.0767550003654048,-0.1892082979028,-0.0425489187728587,0.411791123301986,-0.178601326157612
"从祖母-从孙子",0.14369579197375,0.105426684535643,0.0624315317713333,0.0839236467721281,-0.0600771718785545,-0.0455419760914818,-0.0583502505158854,-0.124282816618796,-0.132026104840935,0.118120817927853,-0.0273722888598445,-0.0574313904427601,-0.288357777297914,0.0577014148880769,-0.0536095661224197,-0.0640799745158401,-0.0877969273766989,0.308154828462924,0.299747649268976,0.0272889981358596,1,-0.0698325442504704,-0.173533193248174,0.145441393937116,0.113507475255484,-0.112850534040318,0.0323000100807168,-0.204526434699678,0.0103797265912021,-0.179397190457677,-0.144606862630045,-0.0120809383633425,0.0473098521842995,-0.109038650247309,0.30516455046106,-0.184508923357252,-0.148121832932626,0.145059475583392,0.147164433217395,-0.291849318229217,-0.0536287049400949,0.0208375252360437,-0.205317389840882,-0.0379519836351111,0.00199294950655004,0.013690300481931,-0.0676020652174281,0.0333325265292622,0.157875325250985,-0.0314770623491455,-0.0585502196829949,0.0659573875099636,-0.113376973040461,-0.176853927817261,0.11017657402605,-0.0188773197048902,0.0515527767247778,0.166969195475383,0.5442511821856,-0.103033346253637,-0.0681072859958088,-0.113924207044783,-0.108136584986757,-0.0203168875539422,0.0112799307073708,-0.0955961954924438,0.00099855729108216,-0.184199837301053,-0.0302033384912088,0.0010147523896995,-0.0205197184716287,-0.154965018912868,-0.223563034028473,-0.0794234778505846,0.0855050549028767,-0.0905695498233696,0.0279019516057355,-0.140973265915333,-0.166741622395426,-0.207653354448432,-0.29582282220984,-0.144642781594885,0.125045159912851,0.238271270471438,-0.219846917389786,-0.0439398999824059,-0.000285985677381668,-0.213940675004381,-0.0853337256686751,0.345810082045847,0.0675643762834737,-0.0201002719188158,0.196309450567357,0.0166670636383911,-0.0977623916255057,0.129283553572911,0.0187582073175179,0.350190407842371,0.235927432723263,0.314631255473405,0.231157947162229,0.0418357925571981,-0.0162518185680839,-0.210848712886128,-0.0429807606076115,-0.126233154847617,-0.0346843535368996,-0.145905290399795,-0.114601121361929,-0.0377741726405278,-0.0876648746122881,-0.0736225124309522,-0.0239962717619044,-0.0182016584514495,-0.124645431135414,-0.117698785463153,0.0882523578858849,-0.0255895677346746,-0.0632348030766032,-0.00546226687752418,0.00638476158291084,-0.0345675494809387,-0.101005572577048,0.162134783230834,0.0222786776669667,-0.045320592739102,0.181775942277581,-0.146242416101973,-0.133886096650759,0.403003568599819,-0.131626336467694,-0.00698017011456035,0.111321036847912,-0.222461653717833,0.200194883040261,-0.0270692709736824,0.0638343202496816,-0.0497135515030749,0.175629775365792,-0.123450142971958,-0.0589041794845007,-0.0634788669845127,-0.0406568548369481
"兄-弟",-0.0267153629262653,0.027602461177125,-0.0979148416315081,0.0786715210549493,-0.105446601505503,-0.188835344780811,-0.10087066517456,0.225160985039954,0.0274479511766366,0.0147318888688786,0.084673053026079,-0.0324383090238125,0.0328700976780407,0.116633620683326,-0.0142127162376237,0.0130407743706038,0.0380784260911412,-0.233326218691329,0.0353686699603023,0.0133863866765839,-0.0698325442504704,1,0.560067034613549,-0.116601521929923,0.0538699568124116,0.508972748134458,0.332998283801795,0.327174224229204,-0.0434944197788856,-0.181749024761439,0.041737316267073,0.0278951706629425,-0.022001366082585,-0.246454485632685,0.0950269356696935,0.126645554088926,0.200784060207688,-0.0301680196552285,-0.0728014538673493,0.260042753958333,-0.0261445512478139,-0.20095718634873,-0.0429427676757467,-0.186436151003462,-0.236549040883277,-0.0480086543606019,0.217699246899076,-0.154960934792381,0.219997189598558,-0.0383275894176423,-0.0883655988214434,-0.136936184540189,-0.157828832829227,0.0452607348889162,-0.306467630296559,-0.197641223369959,-0.148823575808488,-0.0333418831394998,0.0514508551942352,0.229430806005121,0.038523219175461,0.134322812641587,0.0523264722887211,0.151868354647596,-0.00409300001695979,0.25333385408803,0.111527686597135,-0.0458764516442934,0.0163953006944911,-0.11167944828786,-0.269370238326966,0.0233081334743869,0.15049481024554,-0.0305965564120982,0.0283661628619884,-0.0768557374737172,-0.099787372174476,0.255620008269025,0.0824220025316066,-0.075782032726646,0.0692293470184319,-0.164632713534828,0.0813476791877687,-0.0387894239826553,0.140539348071245,-0.0565079048441007,-0.099456744322276,-0.0598318486685671,0.255846480184085,-0.074768832829986,-0.221076381508937,0.111591539050063,-0.102544990970928,-0.126957630608352,-0.220613426588847,-0.288215412436507,0.16241649802505,0.0340768384068562,-0.0165419019242534,0.144449615737653,-0.157529600277549,-0.0975950821559333,-0.0851395964994903,0.106317090129247,0.0268245802930495,-0.0681220650892844,-0.0832812062068834,-0.035462219114795,0.0753057998845351,0.101914888053054,-0.00627406594173813,0.119445485063916,-0.13737840636806,-0.190566440137085,-0.238134325187718,-0.0395698066865278,-0.135881249950531,-0.108557513286324,-0.0163262511852426,-0.306311246568846,-0.217556350214279,-0.281624995660578,-0.0918901653316462,-0.073811167063309,-0.226115627773841,0.155838029719766,0.135370042932262,0.127224389743819,0.0912093281441621,-0.127046670752342,0.0485525396125534,-0.118263795168369,-0.244451657346414,0.158648193996591,0.498462332201577,0.0831134357404585,0.306529356020306,-0.015446653832555,0.162432496078233,-0.0770202670046124,-0.14892677304889,0.108709803502219,0.0929141441265314
"同父异母兄-同父异母弟",-0.0596866381149063,0.0255941193064095,-0.0540717341856245,0.0589992246032175,-0.012284725280952,-0.154199285119739,-0.0710070151351719,0.0403224654804662,0.014950912558572,-0.0189068916167071,-0.0514417979241623,-0.0725155618887187,0.151126855072088,0.0371662724881053,-0.0218300355080346,0.0487702610710521,0.057148740078691,-0.172621661658523,0.0279116044592229,0.0140632038023232,-0.173533193248174,0.560067034613549,1,-0.123205666785038,0.0251780102177634,0.426728131542365,0.18727019603247,0.330834685642666,0.0904798482064735,0.0851196985102798,0.192600771426894,-0.127084965322024,0.136095569859347,-0.023724262920113,-0.106775207069319,0.121188794549712,0.153725872860574,-0.0306853070963624,-0.118767485666027,0.302643438601127,0.0423876810821356,-0.0235863605227852,0.058229491748664,-0.180172199703887,-0.236444305976667,0.0177247451300201,0.0459539737497722,-0.256559916615335,0.152310616561056,-0.0645857895703425,-0.12617637724123,-0.0249672562581791,-0.0252743373245285,0.116578049395213,-0.235617241537153,0.0369339621805111,-0.0973909711429121,-0.11228822483577,0.0358395202921718,0.149339462688213,-0.0138475947578974,0.0416736442763502,0.120451754672816,0.101703207480346,-0.0266341724737992,0.282621074240176,0.114961505862991,-0.0919188702485734,0.117884802318549,-0.116769527167691,-0.305998726768104,0.0342177224073475,0.0168486452755034,-0.129693967623581,-0.0470060954762391,-0.21111509458213,-0.213491711131171,0.178230763609181,0.113833735580917,-0.10097141326594,0.0140902925002715,-0.0422722929922639,-0.00240773194054795,-0.0735884937589099,0.0736953075133398,0.0817815641918431,-0.0345937153042116,0.0782963196258184,0.200144949551107,-0.137997876251794,0.00509441181953326,0.150090908448178,-0.156264860624353,-0.0379821852703681,0.00473787540179204,-0.29365789132857,-0.0520101592233248,-0.0180585112553521,-0.140327780434914,0.0777454637014311,-0.097149079005239,-0.0887130864012526,-0.00363734289003307,0.0598310955731088,-0.00672994386624397,-0.112053270456328,-0.214716095923077,0.0209339289551975,0.0559310576877214,0.072385497397281,0.0184911627362853,0.123679520396274,-0.0102414458143644,-0.139655423965429,0.023422726599491,0.0954634323299352,-0.0358566725592501,-0.165305913280515,-0.115822076369787,-0.324810153753466,-0.204998582223408,-0.227921860463907,-0.0383219150845139,-0.123497916868552,-0.206763252003284,0.0636063002193755,0.129092386685835,0.0863819884719324,0.0676127272983849,-0.105041240723006,-0.023543546013301,-0.192602963531362,-0.291404896660215,0.121037057635312,0.379536723142836,0.112457044439058,0.161823420094135,0.0372917971596134,0.00667995077446275,0.032923577370993,-0.167640189130612,0.0067035656292684,-0.0154792301088085
"母亲-亲生子女",-0.194707620891459,-0.257780310933957,-0.2612132999907,-0.196869780773072,-0.0760038134192266,-0.0558507652085418,0.0918942277376265,-0.0278257331467724,0.0141524275288675,-0.0684860489628787,0.142835819574931,-0.0512150305196589,-0.0500405865621336,0.0874041958497175,0.0142316350935061,-0.0264406219776453,0.00282200721510754,0.246836453345312,0.170486532221768,-0.0980478465200337,0.145441393937116,-0.116601521929923,-0.123205666785038,1,0.241466877572567,-0.0886423073472689,-0.0912584427168742,-0.0492616017898278,0.130964411470842,0.137184047735668,0.0161116980722108,0.0579057435294817,0.237229425462824,0.19546842546905,0.270905430768587,0.0682652041868034,0.100790780490042,0.0875485927329877,-0.104930457847788,-0.127590662461799,0.0367998159593054,0.0805291456601053,-0.221097156093499,-0.0933045238955489,-0.0874009835529449,-0.0714573883595822,-0.297148932057401,-0.0687158976463581,-0.106150815811206,0.128883559165585,0.024611875283414,0.322043215377913,0.0365177998001241,0.115602219952267,0.103627800061551,0.0627818139173605,0.0083768610226378,0.0128740545674967,0.0676511118853868,-0.0648672395355357,-0.00474395182121324,-0.154336839053562,-0.0273952143051742,-0.0631009428205258,0.100807040853575,-0.164542866321478,-0.15355683018308,-0.128450176528266,0.0216800856459118,-0.0254617357935823,-0.112215949059309,-0.00364506209213787,-0.262424125804519,0.0314607004580354,-0.0609596302921635,-0.0578928429393013,-0.0704519109757943,-0.115908211722447,-0.331301396447856,-0.0218163878250073,-0.171497523700334,0.166700871846607,0.107389969411816,-0.00897581805480743,-0.158330094975581,0.160410097399442,0.0845115536732144,0.284960537040605,0.0176037906032733,0.184681429994272,0.178011671361761,-0.188275572198408,0.261469023152733,0.156983374416235,0.129827203847482,-0.121024235170075,-0.232049027454959,-0.0683400116924598,-0.0455111376108803,-0.131970151736347,-0.0954869021008043,0.0534797259362884,-0.0544124886752232,-0.213299192466811,-0.290462066569868,-0.0454501821496938,0.0318964286896935,-0.0849657939513406,0.0439048798854174,-0.00708799099922359,0.160227482513006,0.20696515685672,0.0128612549185898,-0.102668697374341,0.0343959220199645,-0.284968463347222,0.0411128291433302,-0.138974790332219,-0.308437192679865,-0.0664001173015877,-0.163046993945776,-0.0296074643404883,0.00380129241174008,0.00384144879270217,-0.00841262357087366,-0.189946819888948,0.105534155677627,0.114918484404744,-0.185742360733495,0.120243228780726,-0.0319869510948877,-0.0180707327280047,-0.0217750023942432,-0.235862418742241,-0.032469569464172,-0.265107595956585,-0.188217152368774,-0.0256657018601271,0.215713328868377,0.187157592467995,0.286248788908515,-0.0630355505152561,0.152058458726553
"母亲-非亲生子女",-0.244165195575549,-0.213510600258654,-0.29414388203243,-0.129961184391024,-0.0794994034008609,-0.189058705502459,0.025268682225116,0.259026676687933,-0.0192250813786067,-0.0724043253408929,-0.00361583729919634,0.0991288020456794,-0.0643841402654611,0.122429685734582,-0.0455210236316857,-0.0321910397693165,0.0892849428541538,-0.112175508142426,0.182925751303054,0.0741947569636141,0.113507475255484,0.0538699568124116,0.0251780102177634,0.241466877572567,1,0.0428750313333793,0.10908943935596,0.223341591508242,0.0739368150567056,-0.0500407710895295,0.00626892844632224,0.094037099191916,0.308786926985976,0.0649749840460541,0.417658361202346,0.129369601834333,0.213692289631449,-0.0538058396370986,-0.193782619013637,0.0551864628232793,-0.0769466963045835,-0.161542322922173,-0.222536638881211,-0.324809882812169,-0.206418561579609,-0.061554111835863,0.0308560933697887,0.0437471899939083,0.0554612684662703,0.0417786059636318,-0.0114935200019898,0.23603964128509,-0.142857433787522,0.173438994292523,-0.00023934741600606,-0.0316283306573497,-0.0736247125411501,0.153148100228352,0.0818637518802089,0.149868884270701,0.0847840080839786,0.0296959826369456,-0.146552417666592,0.0427835381564181,0.390931456693516,-0.101450177548652,-0.0266078331085249,-0.0982975275059074,0.18699677364327,-0.203713416489688,-0.197792954947431,0.257821508642855,-0.107526547987132,0.108941878714079,-0.141949762905641,0.00563496000260322,0.0189708664479644,-0.134879462802267,-0.259991719591431,-0.169808772452719,0.15237650003423,-0.012936824418979,0.299305123689165,0.0310830796474304,-0.0758299622661407,-0.0901291305177943,0.0514758406214248,-0.000909412549897762,0.139136053488195,0.377688147117622,0.197213424776644,-0.12118777733609,-0.00364603575179943,0.281863572077637,-0.176257003046256,-0.160555008377201,-0.25810513472257,-0.0387000246999957,-0.0463321047437802,-0.183354120858174,-0.0967723269688873,-0.022970524838859,-0.196298435496023,-0.0619299024059258,-0.114322076355014,0.00170968291635353,-0.0903829490021972,0.000686771544824205,0.179035806615679,0.154738185433661,0.227471302985194,0.161830398827716,-0.120770437898367,-0.14964321904996,-0.112387048131063,-0.302555477000178,-0.0578270596212393,-0.014764641388945,-0.229809933948662,-0.12270960499729,-0.194235315300843,-0.0919810521539439,-0.0680488489121295,0.347253315281341,0.0163948283183982,-0.0422420181412732,0.031518332120323,0.020565973418954,-0.0825417658244305,0.0782797579865635,0.037561741388133,-0.0748356284244204,-0.219750687081906,-0.188594702610216,-0.100460561687308,-0.230598973611135,-0.163639331045051,-0.234038961754319,0.19855999016578,-0.0849588003787423,-0.0264908609488367,0.0224191204466317,0.0304796940294254
"同父异母兄-同父异母弟",-0.0790610748487608,-0.0935028698293648,-0.0141930286378172,0.0470383242362951,-0.0725201412199164,-0.195769593155598,-0.0315933977368251,0.184128811970933,0.0253802831582094,-0.0310371988092131,0.0602684093562437,-0.103697674256903,-0.0261848584891079,0.12347435363344,0.0133919984814247,-0.0552430012735967,0.0547349637426593,-0.139333691277258,-0.01992250762312,0.0907488442032588,-0.112850534040318,0.508972748134458,0.426728131542365,-0.0886423073472689,0.0428750313333793,1,0.350815046565572,0.251073743750954,0.121730136295889,-0.0965021414056981,0.00463791625191104,0.177303712334869,0.0192421859784448,-0.209415320352209,-0.033385329493819,0.0279587151206187,0.206867174874282,0.0613925734877524,0.10536174342147,0.2578107334419,-0.17507149565218,-0.212368035603928,-0.0122623599338957,-0.171644718706178,-0.15121036160098,-0.0570652168226924,0.149941824547969,-0.115199253270888,0.208077369893362,-0.0428183183701197,0.0562005433268747,-0.167257156586354,-0.161622215946414,-0.0027467454063007,-0.23106187415129,-0.167353179399224,-0.206216500952269,-0.0491631874418066,-0.0710015736636637,0.305342386386492,0.102450460308772,0.20758832784707,-0.132079622288101,0.0628174766005885,0.000589141535295645,0.211921818464508,0.125115402733386,-0.129960448401676,0.05706094931507,-0.0614143909833228,-0.121501737658949,0.0571096182263052,-0.0501466157306889,0.10168702723782,0.0548840751009539,0.0609140254615479,0.0521726677297371,0.0729340075108536,0.077220275941561,-0.0663718075584154,0.119217409367582,-0.132200302477859,-0.0416590609842981,-0.111031995498507,0.317556806014566,0.0448438054170669,-0.165010075933614,-0.018503432040165,0.256718329675608,-0.175240833301157,-0.242042780984563,-0.0384580118487616,-0.0221592095899753,-0.0852914135097689,-0.0826122227102807,-0.152449968199036,-0.0661124274032882,-0.132381162781437,-0.117704837256653,-0.029167910922467,-0.10169974189548,-0.247063443141878,0.083098945512106,0.0661318776693341,-0.0502038277224617,0.0973566480030174,0.0869757497347556,0.0568268425810787,0.217733203424472,0.214806416534541,-0.125933818732658,0.0247341554493244,-0.0918606280662422,-0.349021277686542,-0.267954931670744,0.0375247410148111,-0.101078750997948,0.0133519832007263,0.0203933398003884,-0.135465467746821,-0.0768519318325888,-0.306522697912037,-0.0414070990023511,-0.16608167315448,-0.211860006791835,-0.121677803048597,0.0437380381566137,0.132292354282113,0.0792272237620414,-0.117368112606276,0.145268302439949,-0.0693579544741615,-0.0583066539879903,0.147163739533864,0.285796792314712,0.034729360923032,0.114940462477688,-0.00855266945258245,0.0529087186450616,-0.0851788482051265,-0.126407180669683,0.201086250897584,-0.0178981287265384
"同父异母兄-同父异母妹",-0.172766189374723,-0.119147814593838,0.264899585572504,0.270112229848302,0.087807424822278,-0.0452894941323238,0.0458741876286333,0.109819782036396,-0.175843509662274,0.36444359991835,0.0995761393517777,-0.0420166737850932,0.106242563184926,0.210875470878775,0.0864513570413065,0.00170221451604189,0.0931701418961,0.0109273970123105,-0.00339598881734094,0.0320757227454857,0.0323000100807168,0.332998283801795,0.18727019603247,-0.0912584427168742,0.10908943935596,0.350815046565572,1,0.162987498174507,0.117305225438309,-0.100547780070005,-0.124455794521703,0.103519956630747,-0.0291139772821044,-0.21489883613135,0.221580159559755,0.199179645467219,0.205966199879223,0.117457985363853,0.247970057355229,0.014640248696402,-0.00183885202938206,-0.178399637801102,0.157556735892879,0.00607765881074349,-0.10430567756081,0.0694435925444457,0.045926651101577,-0.0854767213466482,0.00373280466137288,0.0181938206123051,-0.0174191659752088,-0.00441336481026454,-0.206338268561359,0.0730699629040253,-0.171764820029516,-0.108101182844251,-0.158560667666783,-0.0286639015382284,-0.0596955471885918,0.0710305612969554,-0.0566190650172201,-0.0849424950999151,-0.215559106064276,0.00355378197467541,-0.103741234058741,0.307439409921551,0.169184250632622,0.112491189767229,0.125059874295389,-0.00676784653775785,-0.0954674233835748,-0.0784835900000056,-0.10597580748881,0.0317374790794315,0.145467016052091,0.0737594466300576,0.0834426729493726,0.0751065867427295,0.0435501122011523,0.115751223779603,0.150658984259122,-0.309775300790124,0.147762054371341,-0.0426152483130426,0.0264746043840441,-0.247484041528515,-0.277912319276367,-0.245558626189953,0.0366056751294929,-0.0616629416777468,-0.151813584120941,-0.0716946339758954,-0.0482607028534606,-0.0472712071368944,-0.127047439133842,-0.133405653186641,-0.10926434172096,-0.139421334170317,-0.199903703325932,0.206991517123065,0.0543283787371715,-0.311765270690324,-0.0472310424789367,0.166334490917008,0.287758174939181,-0.0587882149150385,0.00640898112287871,0.106458858933527,0.0349172803338777,0.0798588550501309,-0.0622894960585147,0.237156437240207,-0.0383253810880017,-0.149563162933184,-0.257142083490584,-0.00802528280052873,0.0205547397005286,0.0222399090255428,0.0767290740517719,-0.0643914490770606,-0.0458098825270749,-0.158411329006098,0.0199108599489194,-0.13387533217226,-0.0740387391835274,-0.124472710921084,-0.00499171319916472,-0.145089750003366,-0.125256590501182,-0.0892877106326786,0.0322967848858279,-0.0141885999765024,0.0236011582907079,-0.134573228581798,0.268818448773847,-0.0194959386605936,0.052857398716136,-0.16025381236287,-0.0819698070937004,-0.120180293596579,-0.378570769069527,-0.0321381995211929,0.0877548322245495
"同父异母子女-同父异母子女",-0.0274790855477627,0.0720475234386733,-0.124495186764264,-0.179628911349128,-0.205406731979322,0.0357570986425592,-0.166939727906248,0.254674362911632,0.105050602812346,-0.172676166677979,-0.226445213513922,-0.227197533759412,0.039338254902725,0.0380701316584245,0.109693763999716,-0.00714302697063517,-0.0862917181499998,-0.251004070613489,-0.037879091836142,-0.00845283785815958,-0.204526434699678,0.327174224229204,0.330834685642666,-0.0492616017898278,0.223341591508242,0.251073743750954,0.162987498174507,1,-0.133820347131351,0.111492481800427,0.0686013698075183,0.0536006552185006,-0.0166282155159436,-0.093619199314945,-0.0713261779838504,0.0845369591281709,0.0619804554072989,-0.0384474430844647,-0.115585740818713,0.271985853930045,-0.111178021400404,-0.297134400311047,-0.153001720216157,-0.253701721845784,-0.201145391926149,-0.034183369751642,0.192476448318569,-0.0742641711250237,0.157862183861579,-0.193433007819591,-0.0465281938236009,-0.245276974806153,-0.209803589841984,0.0586755904951873,-0.377878386974978,-0.0299083276322366,-0.173189739240972,-0.0746412857094194,-0.206806506742707,0.295863628528078,0.187739377970962,0.151977162070968,0.106673592567248,0.30948745902285,0.146253539187778,0.324039907936526,-0.0573112132648842,0.0368769075981899,0.0858787885841659,-0.0668970267363714,-0.220037594368825,0.358663036675155,0.158002129641032,0.118980203498677,0.178808642905514,-0.00203074856970533,-0.0938114839670235,0.304572470705606,-0.0243568672582172,-0.00965950495884878,0.378968863936037,-0.0512191150767025,-0.0840113720187804,-0.169215480487351,0.209379435279884,0.0116030577356865,0.0305125757012723,0.168930993267815,0.227242446439984,-0.2116773530365,-0.141272450591149,0.2190300940111,-0.167721214294148,0.0535455033770776,-0.106170920601281,-0.277010296235762,-0.00808218584634922,-0.0545403760156303,0.0387280678661242,-0.0455937827774161,-0.253813803014086,0.00730148931941429,-0.0461537236731398,-0.0665461594137726,0.0788719451277366,-0.0368240124116286,0.00949019571904745,-0.027280176479669,0.164160481297834,0.108658612328151,0.20864303825995,0.106437661423581,0.0468415551357182,-0.297739226354639,-0.203358727182926,0.228850606919537,-0.094477294826728,-0.0458393168827567,0.107135504937127,-0.156699274694363,-0.259803760549079,-0.306713434170129,-0.0653436819113295,0.0213323843453197,-0.184635225776376,0.14866115582581,-0.24898493718228,0.208152995225975,0.0524586405518032,-0.164188718868384,0.0594721469404229,-0.0862657856452114,-0.275807196694742,0.000428840004171154,0.0649985605753584,0.230301494165291,0.141022878898769,0.144376119753595,0.180812740413637,-0.11509498035982,-0.0984369395221968,0.136079033781942,0.0468011909730065
"同父异母姐-同父异母弟",-0.310674817299626,-0.170875113673751,0.0533127830789177,0.187641678084128,0.350503000047507,-0.0442173668390379,0.158713303778067,-0.0939835894458881,-0.318186639001574,0.0491931182183269,0.0606139142817598,0.0335894049516387,0.0609865195146065,-0.0838548184601208,-0.0818730188192968,-0.0520459633233756,0.317048162401419,0.367116277818213,0.0699606975237075,-0.0884016321962706,0.0103797265912021,-0.0434944197788856,0.0904798482064735,0.130964411470842,0.0739368150567056,0.121730136295889,0.117305225438309,-0.133820347131351,1,0.310620287460055,-0.202533781112974,0.0972226640563893,0.271293325032413,0.157495221060549,0.0954160240548988,0.170041939278382,-0.0858229679486747,0.046011285565868,0.0116273106172896,0.0649257363059584,0.371314969491553,0.388230140979087,0.229335602233227,0.0148006233298526,-0.0154195420680655,0.232257347564452,-0.175463706252662,-0.351007130690681,-0.037797177793175,0.285526663054311,-0.070806638619336,0.187071915024409,0.0866072894385924,0.250434822192597,0.309100822082213,0.173174827566016,-0.0726976046647817,-0.114872789856462,0.0604555090454943,-0.298804109356512,-0.334948386078758,-0.252477396494623,-0.112949772986761,-0.185489996647855,-0.198753479576,0.176166705708729,0.237814762491309,-0.0287825802535,0.210623583615673,0.280028862239677,-0.0385865161284576,-0.201428640886947,-0.334565625492231,-0.266973760198937,-0.0728455316059218,-0.304264408896222,-0.262428680714294,-0.142406647081006,-0.167223526265805,0.0309490092878081,-0.101448544542983,0.230347561200857,0.24915622815056,-0.0509949734584962,-0.161365137051345,0.104357011389758,0.032192896081394,0.0127854678542361,-0.268991653395854,0.0440128398547595,0.209714441120274,-0.190573137001472,0.0701106397068816,0.100908138546911,0.129074135902306,0.0015657721772162,-0.22528563847,-0.232077186075882,-0.256346369282357,-0.0700304864287665,0.118704360544063,-0.149656050532126,0.238685546380414,0.0850171254673897,0.0342640558357866,-0.334879473934467,-0.299735599916391,0.445570813791196,-0.171163260544339,-0.301502789557812,-0.086599916183618,-0.0578302619734134,0.198837854798224,0.172745590792013,0.203113817932725,-0.0967034777387638,0.281665379418804,-0.157789303943376,-0.0930226909913612,-0.196263760186179,-0.0183263485358219,-0.11761985317214,-0.0887125256226636,-0.116317101309017,0.022809435064675,-0.185731237300329,0.126922435174207,-0.206769314825981,-0.0599275021700287,-0.16681919876343,-0.203143881596598,-0.260405789363123,0.21465066363273,-0.18489790931149,0.168937681387475,-0.170802546610583,-0.171175047862049,-0.156748446103871,-0.153618392953625,0.201941983100798,-0.0924082804416865,-0.317288939818672,-0.0487687707360175
"同父异母姐-同父异母妹",-0.1467461476658,-0.194186943769007,0.0500747979513722,-0.0237756499345881,0.288015715932564,0.292356170730459,0.0192035913101509,-0.145688756071167,0.00190994536088167,-0.140258686863765,-0.0459490233186556,-0.209566559040047,0.171391562135453,-0.195629449314261,0.0178299935122291,-0.0329901801068552,0.282784571818939,0.16554956326832,-0.0133612075596512,-0.202496945120553,-0.179397190457677,-0.181749024761439,0.0851196985102798,0.137184047735668,-0.0500407710895295,-0.0965021414056981,-0.100547780070005,0.111492481800427,0.310620287460055,1,0.0505880811649004,0.0433811272063582,0.180941962938348,0.307372650012563,-0.238794699300714,-0.00703772560364297,-0.0557293693690764,-0.0672094090242281,-0.16979141591683,0.0771517350163116,0.285094972514917,0.360627618772489,0.163120387427095,0.124007935730969,-0.0243757328849985,-0.0344588337647597,-0.255286613048441,-0.304199018928805,-0.145961744607138,0.322890615767529,-0.153323780236546,0.141335681968956,0.281594830394684,0.298508927308297,0.0724758245088127,0.251667927378145,0.15563954550578,-0.184648787330975,-0.149949885299518,-0.224284429313791,-0.258186683178017,-0.20952943941578,0.120068656667371,-0.0563710229269603,-0.105944560322057,-0.0253605533980012,-0.110955428775642,-0.012830777815882,0.18579221154575,0.176340583784777,-0.113863560507494,-0.11667761527963,-0.0589860300215316,-0.251398907779469,-0.134238109914588,-0.303002624784014,-0.369827061764136,-0.0720821699277439,-0.158755495895288,0.17067875771674,-0.0359614974062302,0.263970519225857,-0.0536710677944977,-0.188941159299722,-0.163124238242832,0.128806843816851,0.171615845371736,0.254651961473558,-0.121527116744347,-0.139146378197487,0.0830660749324543,-0.0714594841666915,0.0482825315015861,0.177343597739739,0.338163122724862,-0.0370981509011107,-0.129960563746422,-0.257087265809412,-0.196567013459439,-0.130965878715552,-0.0506959973148185,0.0853399280352202,0.0184905568131885,0.0516966823120671,-0.0352372897653246,-0.24361201326431,-0.240469721535866,0.32715937395502,-0.176786044053459,-0.263347780280512,0.0818072723735752,0.0736934534406903,0.320437364246729,0.0883222959872617,0.49564164691348,0.0445838578161391,0.0373537154549455,-0.292574311500121,-0.121068227249359,-0.167725778417979,-0.188599014249106,-0.0655474289445814,0.138284361291513,-0.000186975722561786,-0.0119239257784947,-0.101983397354372,-0.0716708959348197,0.0552612097424688,-0.037209615849941,-0.186331513607522,-0.226624256889972,-0.174624818279885,0.247562311107107,0.00682102709309224,-0.175914065927212,-0.0467320332983854,-0.163082009430408,0.118710597103698,-0.0360900372420926,0.407742687870945,0.148417795613997,-0.273214206558695,-0.0626881123894037
"弟媳-伯",0.191156986772906,0.150940076029883,-0.1776230891476,-0.178312992620969,-0.119539959467571,-0.0289207586095532,-0.0180109514857521,0.096808705430883,0.325507033079531,-0.07452601500894,0.0433779464815331,0.0198463611455421,0.0427517973703654,0.0183115001324862,-0.0763268425686463,0.0560075510202619,-0.0176806910083123,-0.240242883869965,-0.107807728648296,-0.0970684659802658,-0.144606862630045,0.041737316267073,0.192600771426894,0.0161116980722108,0.00626892844632224,0.00463791625191104,-0.124455794521703,0.0686013698075183,-0.202533781112974,0.0505880811649004,1,-0.134319772312986,-0.0464741571125594,0.0286637104416785,-0.137601253069886,0.156547349011554,0.15338208969663,-0.130473545442541,-0.249183340100043,0.183239804182936,-0.23458830169129,-0.0765944938496997,0.00393908367120838,0.0664412570432392,-0.191990517581605,-0.273209849052988,0.145308435322429,-0.0997091597447565,-0.056162112064681,-0.0390550729095862,-0.210526950740379,0.0730270721171391,-0.0654973119680945,-0.0540094665552227,-0.0929844184346609,0.00837178304019252,0.142936886306507,-0.218348330372451,-0.141158015543476,0.0138037273065182,-0.060231952564268,-0.0200107753873885,0.352554607037367,0.201509611316314,0.15699512910224,-0.0168317485578733,-0.106599980887021,-0.212511934877235,0.03166598969017,-0.206237291797063,-0.233052566421346,0.261745338720297,0.231423154084474,-0.196886773088553,-0.0570953505240513,-0.181897921249577,-0.2016906643073,0.336259934882661,0.224756277441742,0.0344545544304873,-0.0199582894106159,0.175297116403897,-0.150181968563746,-0.0448357476774515,-0.100767990422003,0.0591013006055959,0.136710699093657,0.0553287233450942,0.47339636110005,-0.0354399444808495,-0.0895818863783216,0.172933266756713,-0.0659795359140566,0.147426060200153,0.0400656323333248,-0.13660804062175,0.127920102495331,0.154946754357942,0.21016887058542,-0.0793535968289593,-0.102754943463146,0.158648148187281,-0.165766834153516,0.0334216624092373,-0.212089692959024,-0.102621616404155,-0.152575211435084,-0.17202716816158,-0.112596734935049,-0.0820793640520444,0.0988219447848172,0.069860870014008,-0.170553037058469,-0.0231675270129614,0.0408601969835746,-0.0144053497903548,-0.265615635624251,-0.237642045040185,-0.0649280511387266,-0.120238039937269,-0.205494067248962,0.0856329076476225,0.0391817415251057,-0.0281763463164794,-0.0324568623751308,0.301048297919003,0.066042829879695,0.28285435426029,0.221094243931878,-0.0336727422970447,-0.178335546002482,-0.135932314900418,-0.207340858024998,0.342801914676676,0.00858484832564785,0.0934548236511088,0.0961351814156983,0.353987904126012,0.0767822496608851,-0.122809501258835,0.105953913943758,-0.13295993250362,-0.0235913645009698
"夫-妻",-0.0280048180092536,-0.307516167161055,0.0370545425644045,-0.0031838687115824,-0.000357303796269194,-0.0633984706209584,-0.146126594893242,-0.0498734332770155,-0.0321545919201663,-0.0878254411499157,0.0936292701373398,-0.175547347901895,0.0115114302389582,0.031834723174327,0.285003917776699,0.0401556379671721,0.175876572873762,-0.051582066893724,-0.099150159619288,-0.0375306918307496,-0.0120809383633425,0.0278951706629425,-0.127084965322024,0.0579057435294817,0.094037099191916,0.177303712334869,0.103519956630747,0.0536006552185006,0.0972226640563893,0.0433811272063582,-0.134319772312986,1,-0.0111264106471135,-0.0854537970059002,0.145242662504083,0.0652295139449384,0.157174707427895,0.215244294007935,0.133767298398486,0.0625293495694588,-0.0367508848263235,-0.00445643197038856,-0.1588206019844,-0.157476815102212,0.0791201591821213,-0.157407747354656,-0.160514642100198,0.0316314908007335,-0.0645599417598556,0.245745883669549,0.120613100901005,-0.131643359598625,0.0371482949464306,-0.037717085226859,-0.084719509080884,-0.0346780535686353,-0.0729996170093222,-0.0309154947734938,-0.149820383683334,0.0534248234159889,0.0297857518992934,-0.0255068674298537,-0.255127076541627,-0.0790178939691537,0.21874288390202,-0.154530389607959,-0.0258375953652102,0.0247028024918053,0.36982263190711,0.16933630672607,0.0976158397074055,-0.0468804360486973,-0.145066563439916,0.133909954368319,-0.137298676153122,0.0901821099119762,0.0727801531141423,-0.0694869996907666,-0.285200888030805,0.164123422568879,0.37249926505305,-0.147829166884034,-0.0805345538985341,-0.0966716961444427,-0.00426527846091502,-0.119240448058084,-0.159943312684932,-0.0542430065074724,-0.0100261633145151,-0.0438737494184407,-0.16434084497634,-0.209635982505955,0.143379400926647,0.0317890112489954,0.165291863756911,-0.00831285856089306,-0.147417834436638,-0.187992671514781,-0.0816659885853564,-0.120942744554039,-0.0187403318975332,-0.142221356861768,0.0563038409943886,-0.12174992552148,0.0920607546615876,0.255678997831908,0.225574734645995,0.340315325282665,0.0410774923657951,0.06018030717738,-0.0909903535246152,-0.0292443027962099,0.140342803928535,-0.232119078460286,-0.102371597462003,-0.101846216249414,-0.0582296684343915,0.0771841860564855,-0.163742390545057,0.0801536836647916,0.0660088094602769,-0.0204436712662546,-0.0317748011376467,0.122412341044566,-0.0222672255299886,-0.108380544627774,-0.142189315422752,0.0465645389489859,-0.0331309858966709,0.0204568643992312,0.0270837517526482,0.0560362091072395,0.315889046360922,-0.095071357927547,-0.0752189887809443,-0.196865399052475,-0.104783493108522,-0.157332013757824,0.0180382914574357,-0.0443753215804011,0.0417321217098531,0.0352328572795384,0.231689797013272
"夫-妻",-0.37132787990136,-0.209495241043354,-0.273633082988607,0.102707993023991,0.151434420901072,-0.0483691705767983,0.245867298418788,0.0776834000471723,-0.080541575456582,-0.00348562785353549,0.198750400990921,0.15043131891142,0.153499765702389,0.0819673637448732,-0.0336461399724875,0.207496024111657,0.181657698278756,0.0129112714748652,0.246596534988367,-0.118505448196312,0.0473098521842995,-0.022001366082585,0.136095569859347,0.237229425462824,0.308786926985976,0.0192421859784448,-0.0291139772821044,-0.0166282155159436,0.271293325032413,0.180941962938348,-0.0464741571125594,-0.0111264106471135,1,0.193236005099481,0.185193554839017,0.165076081654714,0.17750498140947,0.115464110600209,-0.0312089778730313,0.162371221874326,0.0880565747358255,0.0889189715410164,0.0209955491309439,-0.0577188411957459,-0.308707798938155,0.0541013986971888,-0.0615371936968555,-0.256256733113745,-0.0211056046521012,0.0831659259108224,-0.145946806240244,0.15932483191047,0.0309036633540672,0.229434449906594,0.039355685180698,0.200604359926721,0.0259877804576009,0.0931458509885511,0.0501621711870969,-0.299779196806885,-0.137124843929337,-0.255248993283013,0.0381986044704692,-0.0721418502987143,0.166907382814471,-0.0510052583989691,0.154625520685957,0.0599099413826311,0.206481083809608,-0.0818704293944321,-0.351436780489991,-0.0190141035210346,-0.124117085593975,-0.28929489130513,-0.108026367702842,-0.339561180533098,-0.32057943688571,-0.224993298133684,-0.253893056586993,-0.0851335671238894,-0.0345603131305303,0.16521197521056,0.356050186996627,-0.0039959578063576,-0.233134281386233,-0.0596078412851971,0.100727111233611,0.103842581363418,0.00136340118636102,0.206531597438479,0.212379462887215,-0.289652881330146,-0.114607803440802,0.27371015070886,-0.0694748909185155,-0.0585084444472839,-0.276138051611151,-0.213623320405786,-0.144210203985441,-0.0742866813772085,0.00460787266841951,0.0743801552029183,-0.0729290390568215,0.149175028229351,-0.0556988388915508,-0.27766092465485,-0.227474944945348,0.0309468472974764,-0.0809401635902111,-0.19207250567427,0.184040119789296,0.137577585076883,0.0324836432319903,0.13695392628278,0.227135362756858,-0.344476034730979,0.0429623037504988,-0.374921018861331,-0.261495627934138,-0.26983744668666,-0.361223869811407,0.0221836444372435,-0.00860429954860076,0.217666658693166,0.151412241572303,-0.126642823944122,0.246887740734244,-0.141837244468119,-0.0791182089768455,-0.00558610097410047,-0.125992535834248,-0.117598127832999,-0.0663184515976228,-0.129266215620324,0.00564390810829862,-0.301554971185182,-0.133820681866239,-0.143190603351639,0.15425517529169,0.207928061660387,0.0251480871495501,-0.157757903678945,0.153809177849899
"出轨者-第三者",-0.238156616409609,-0.194595935207807,-0.158361413549112,-0.154563475402027,0.0456612651828165,-0.0562160778403945,0.0391991521998016,-0.126496122973696,-0.0147126186068026,-0.184266786041766,-0.0997418938351438,-0.0182725319259641,0.0718932640160154,-0.0678224577166516,-0.0341813711934327,-0.0134301991203139,0.0993088119021987,0.0609257911497258,-0.0335271379494652,-0.0604361287145199,-0.109038650247309,-0.246454485632685,-0.023724262920113,0.19546842546905,0.0649749840460541,-0.209415320352209,-0.21489883613135,-0.093619199314945,0.157495221060549,0.307372650012563,0.0286637104416785,-0.0854537970059002,0.193236005099481,1,-0.129574092077988,-0.0250454122591163,0.0137988217439575,-0.11151174440813,-0.202910581020078,-0.022567760411179,0.137011623389189,0.261068611377129,-0.0242229685214508,-0.0702370654193533,-0.00226890683530567,0.0752901366628698,-0.177374141672121,-0.0606473603506134,-0.228264137188784,0.114463556856464,-0.0586509652754057,0.257378229248985,0.441687059606872,0.416203982331418,0.244973002802251,0.433648565115596,0.189364841983578,-0.05135640330691,-0.0215134150668595,-0.0472593272635062,-0.123550231048047,-0.0674006543812757,-0.0408612079124285,-0.154523361289081,-0.0290765306845523,-0.118178334858867,-0.0671004156990065,-0.135286119705962,0.0953815572414671,-0.0564886353571144,-0.122142828711126,0.00409560457450217,-0.0836695423576635,-0.0590340042091602,-0.279836169431735,-0.105244233837007,-0.155088665957122,-0.184407388186084,-0.170677093585442,-0.0348492124727977,-0.164947648195476,0.231105508395889,-0.0581693698879305,0.0308674484710162,-0.0729121953463456,0.142215375223719,0.110781660382114,0.276018364603062,-0.0672559401250959,0.0382707064607538,0.28475060201446,-0.101811738240639,0.0712463571943599,0.131685724639371,0.349377916438651,-0.0279168721687412,-0.185016239800681,-0.197210738934093,-0.201852664631419,-0.244268701331454,-0.132367872445921,0.100316910894421,0.134349262265589,-0.0242990702147625,-0.0836135695009929,-0.060354470588853,-0.0839687281402199,0.0842708627651559,0.0267415472806161,0.00300077331224661,-0.0355334562644214,0.102242281965184,0.0403613237658068,0.0974491278736951,0.329127684981063,-0.0909125143664424,0.0766386822701534,-0.133077315468388,-0.244108672579292,-0.143692995237927,-0.0452783567035745,-0.111200840188223,-0.0570380128515324,0.0463612324662552,0.0174550925329404,-0.0903702623274905,0.0594275250926722,-0.0551501516481079,0.00631786268612355,-0.0672016456882699,-0.0387388589511661,-0.0881230960956496,-0.0481727679199153,-0.10356286007434,-0.292424044106051,-0.0811120058071139,-0.179939442156463,0.00652233343594167,-0.0782870720961484,0.330855467817725,0.118879625570146,-0.110750283482998,0.0785330951157719
"夫-妻",-0.221737788331958,-0.17228275215261,-0.0905900031952679,0.0800410270410162,-0.110859113829144,-0.269149955238975,0.104975745544233,0.076998350256947,-0.133249471400994,0.120258450115193,0.184087483911333,0.172565530682494,-0.115822794292167,0.186630098235317,0.0162292936753683,-0.00876066575760829,-0.0187207157926503,0.0515073852413636,0.291485238673509,-0.00995218906128824,0.30516455046106,0.0950269356696935,-0.106775207069319,0.270905430768587,0.417658361202346,-0.033385329493819,0.221580159559755,-0.0713261779838504,0.0954160240548988,-0.238794699300714,-0.137601253069886,0.145242662504083,0.185193554839017,-0.129574092077988,1,0.223618034060215,0.153497576711464,0.011828941937327,0.0833872248487594,-0.129677106658466,0.0485127480002937,-0.0882180840537715,-0.141244983050959,-0.138208930658061,-0.155726127195732,0.0143609120695793,0.0122823673623085,0.0446569634816896,0.219297035145693,0.120795600504345,-0.052744353740042,0.140375524634678,-0.192060289060055,-0.103078495523271,0.00367498063217855,-0.0865732381450866,-0.0954362023696804,0.198572385643355,0.147548550896074,-0.121783478670365,0.0375233259187877,-0.107412055992863,-0.211772084405951,-0.0811635417212642,0.159742215438983,-0.0524747699206331,0.0715223753922195,-0.00620253907516938,-0.00181601041046691,-0.145367394043089,-0.124667250439418,0.00218694580250461,-0.204302739279015,-0.0126550374736724,0.105090947067724,-0.0181541905135511,0.0496020794134748,-0.0501800486106648,-0.128411677911222,-0.0768500966771476,0.00541104739079998,-0.0616500612245097,0.451196088994559,0.20001583482217,-0.180527096669507,-0.10592985016855,-0.0821602987539489,-0.14546325255077,0.0103334393335348,0.483172732675392,0.158575961011119,-0.192765633296856,0.0494589565957078,0.0660349810678927,-0.206388485738383,-0.0408390024274857,-0.0711302069063949,0.0688209808202906,-0.00665813437399822,0.002853116033518,-0.0409572575667525,-0.0686822163617598,-0.133883343926479,-0.21048805648331,0.00513510804342956,-0.0962737664040808,-0.0550777603424919,0.0225393536132349,-6.07394919724858e-05,-0.0298434386870803,0.0415135163822061,0.0677502701373017,-0.215508836087361,-0.034552791935446,-0.267622333592977,-0.335452282131803,0.0216362784690326,-0.0376336665277145,-0.165089591164169,-0.068142039840265,-0.0945637967280077,0.000610399072665152,-0.0931088281576501,0.175876199408015,-0.0170641636973133,-0.0886303968440067,0.18122396602327,-0.171884756961911,-0.229470092940742,0.223782103023994,0.0294048018267299,0.0610441246975162,-0.00855955027665328,-0.247663962492393,0.19708859898729,-0.24282572725004,-0.0678164497414567,-0.20497654246186,0.200935947076521,-0.0836837939068334,-0.0396328746932873,-0.0140261480714135,0.0907996957008087
"父-女",-0.354970500795943,-0.290188055327921,-0.0831548652789909,0.193180231068434,0.116562588398682,-0.0188807255533678,0.0952650639452122,0.0328532292922674,-0.179699927391214,-0.0186405782733554,0.240557168290053,0.122874070417391,0.413573656199461,0.188610291883338,0.26791728136902,0.159214009582598,0.142848206516206,-0.073226414841959,0.188301815617401,0.0193866845952128,-0.184508923357252,0.126645554088926,0.121188794549712,0.0682652041868034,0.129369601834333,0.0279587151206187,0.199179645467219,0.0845369591281709,0.170041939278382,-0.00703772560364297,0.156547349011554,0.0652295139449384,0.165076081654714,-0.0250454122591163,0.223618034060215,1,0.343166802621911,0.0676103621328543,-0.0132802692006112,0.242892471192022,0.155318786602039,0.0164695062428842,0.274668120260951,-0.0338702363274831,-0.248148155139519,0.165548521960283,-0.00950715154888762,-0.222760457017525,-0.299157121623285,0.141723285307285,-0.183420341846809,0.0635651124943805,-0.102335217744129,0.214507081106725,-0.108839706842572,0.0359283233476922,-0.220004044119526,-0.180681174899549,-0.171842305933421,-0.142938793728833,-0.0834722750804524,-0.13433138084873,-0.0318438346969109,-0.132760413607334,0.0676088162572464,0.16639817808737,0.169488246714188,0.136003765582543,0.250433856317981,-0.0571377059641262,-0.258250943783326,-0.0343320456201297,-0.186278186942248,-0.0866519372455644,-0.0822849007421146,-0.110037862807617,-0.0796059900267125,0.144476743777373,-0.172371221276925,0.198713782437417,0.24886435823364,0.0947535236975074,0.217947608119969,0.0428733168795117,-0.109095313129206,-0.1155363981105,-0.0388516172194044,-0.0764825324864471,0.0900268879093438,0.0975347506303498,0.178838941440619,-0.181028942023468,-0.0954919619106828,0.111134815497336,-0.0867878925521056,-0.325615579273219,-0.210569603402096,-0.245346401535424,-0.301422352615917,-0.00436686823249611,0.00495344455671543,-0.17940357437065,-0.150425951588439,0.174242260256476,0.22770674291495,-0.144868731708405,-0.114695254964165,0.0908366338682059,0.16188190624335,0.00831023267709209,0.127478174863006,0.220688694381593,-0.0817132269685037,0.0327653197357623,0.0660657230856096,-0.256473220434597,0.133493246726935,-0.163888073837479,-0.163500805166983,-0.225121288307185,-0.248262150956952,-0.112040093797099,0.0102280935298267,-0.184084834176006,-0.153743937547397,-0.0426409146296998,0.00155244258056113,-0.0945205105260866,-0.0201883882508474,-0.121370494417469,0.0280350941249531,-0.114027047213578,-0.25436009684554,-0.162079241094959,0.186105969794051,-0.325728368489875,-0.163206549996662,-0.179007115240768,-0.0330229208608386,0.10355646074265,-0.10666866282358,0.00374062094678842,0.175262771402085
"父-子",-0.161805690441405,-0.238847744802478,-0.162047062173588,0.0431866983358681,-0.0350008520059433,-0.107599083152902,0.133676746359667,0.250354783154928,0.156913922780088,0.0563723327831103,0.28980722897119,0.129357957792348,0.297864379605175,0.428467687015578,0.188454183774779,0.279631752723449,-0.0150402611770661,-0.17251031796396,0.0422499501045839,-0.0591115576744572,-0.148121832932626,0.200784060207688,0.153725872860574,0.100790780490042,0.213692289631449,0.206867174874282,0.205966199879223,0.0619804554072989,-0.0858229679486747,-0.0557293693690764,0.15338208969663,0.157174707427895,0.17750498140947,0.0137988217439575,0.153497576711464,0.343166802621911,1,0.0827419684523579,-0.0812983271960642,0.146997952345096,-0.114975907322071,-0.251999932240491,-0.035562686553798,-0.100129541707283,-0.297180614407055,-0.115017347951255,0.016007117075559,-0.134962072410019,-0.166691178782347,-0.0392819497873485,-0.150293670807465,0.147831794683696,-0.051505879373204,0.0989144805685052,-0.265073388824544,-0.0977989357432552,-0.117306443861581,0.00553498948761197,-0.189850868810223,-0.0191011956115384,-0.0506879050843347,-0.100370120805932,0.0253717644507042,0.0810248074413788,0.270672456188533,-0.0127278605838995,0.157647024374164,0.0584948001967439,-0.000321683962922397,-0.241592440760351,-0.329860646078621,0.180259237813445,-0.0231795538935954,-0.0277393396641954,-0.0662934786225033,-0.0892694544738402,-0.117186850736555,-0.00997456625246719,-0.0362250229380709,0.16938536484713,0.249503966502068,-0.108721072426968,0.00829506394808547,-0.0509229048585872,-0.0822476971576016,-0.0740812106114522,-0.0936905095345224,-0.0415430401690547,0.246510019670407,0.059136603411807,-0.0473274387832938,-0.0794003828978874,-0.022434693596062,0.0678147274783872,-0.093733598835508,-0.31209473442144,-0.0885312519823625,-0.142317413343632,-0.101361581884431,-0.0823560114972847,-0.152395501200159,-0.118082222035107,-0.283349053525742,0.170538490354654,0.113372852961275,-0.0100769600821193,-0.0632629736493501,-0.00609586709736428,0.132541236626222,0.0514166605352645,0.286520729877147,0.437519394833277,-0.171240574848829,-0.11810651474075,-0.116886737345475,-0.33143847198903,-0.105117012491816,-0.197196644575406,-0.168018508436311,-0.293641080805698,-0.293251118829268,-0.0698939816518411,0.238924698937943,-0.0489367771801773,0.0567768094487339,0.0320734486288611,0.21320476752985,-0.0245796692350977,-0.0291774716435962,-0.0532519014133297,0.0424676448774934,-0.0563517459524244,-0.273320885232551,0.0961117588886801,0.0341479756998837,-0.201860656961574,-0.0655162944421157,-0.0515072651602881,0.0363137524719076,0.0991396105379816,-0.148734572344081,-0.00946115553232444,0.448602553233969
"高祖父-玄孙",-0.0427680492023747,-0.0104890885616892,0.0179409505561494,0.233665136326048,0.115600778471046,0.177599142417161,-0.163466234033405,-0.121274977806413,-0.120411773762481,0.0446494307653062,0.050292632132116,-0.152489711226821,0.0963989742579565,0.442269818041282,0.420088462903148,0.301556710956492,0.108351603106703,0.194166488512509,-0.0398077022415604,-0.0439397160700814,0.145059475583392,-0.0301680196552285,-0.0306853070963624,0.0875485927329877,-0.0538058396370986,0.0613925734877524,0.117457985363853,-0.0384474430844647,0.046011285565868,-0.0672094090242281,-0.130473545442541,0.215244294007935,0.115464110600209,-0.11151174440813,0.011828941937327,0.0676103621328543,0.0827419684523579,1,0.387447322611141,0.116455406355368,0.0635672463382006,-0.0614956894564857,0.0357835834646477,-0.0303399481590609,-0.182029996053669,-0.00294115349909724,-0.0664095222200361,-0.232395664137311,-0.152674926588362,0.129051110918504,-0.147086996059258,-0.146236941158401,-0.0929948323692196,-0.110163697030369,-0.173224154371759,-0.0924569681120178,-0.22608571032017,-0.222588759819721,-0.0293316393910247,-0.148278284596659,-0.0684163684623174,-0.0949085865798868,-0.10066502926573,0.155760900134939,0.0212039590785328,0.0686092833696835,0.218309995186982,0.114515288760442,0.0609265906949206,0.14791137572143,-0.187211413816874,-0.105305073609384,-0.217045147509289,-0.0971771567216001,0.231123852768756,-0.157031145828605,-0.0670501075371988,-0.0308470297467259,-0.181329709424088,0.130175571185026,0.080665008904946,0.0124657568299549,-0.0950323806945856,0.0226174893011274,-0.122287559455547,-0.086545910905574,-0.034785889170188,-0.175051734012793,-0.110121854712774,-0.00727436517096349,0.0522547001834364,-0.156058648683881,-0.0121288795462105,-0.167852055186033,-0.0416823608725064,-0.188098566890091,-0.076161672147309,-0.00593849653889717,0.0300993109827904,0.190567057505612,0.167287745137034,-0.0649938196948304,-0.00763734823934021,-0.0364208167241407,0.156154766495793,-0.0189818438442927,-0.028744175518744,-0.055127140584454,-0.039859888028278,-0.0271804548929154,-0.109361025330006,-0.03764082838501,0.21571912780668,-0.0620918120624377,0.0395641374520555,-0.0836548054807372,0.00406356980335643,-0.120679917590702,0.0625233678648219,-0.0544776231684981,-0.171846113468545,-0.0998636961226797,0.150384853680444,-0.119670340494257,0.0809923588528546,-0.0545150038535043,-0.0554688391056791,0.0625722475791463,0.0363321561192041,-0.0218475953632145,-0.0734565458555498,-0.0954098005771059,0.123168597712914,-0.110881246635842,0.161380138570685,-0.0904612379826167,0.0798269801327958,-0.0863412369336112,0.0120832938383555,0.00343298228744009,-0.103229985843235,0.05289305002149,0.262534025265432
"高祖母-玄孙",-0.0473816865374148,-0.0312691366705282,0.200657071831761,0.279471158031679,0.0388229226417557,0.103938129486606,-0.0654905706670706,-0.109670091682504,-0.1797642339441,0.208069679613763,0.0950612233752594,-0.0224730709358375,0.0517065609334459,0.154429606138741,0.244540370931124,0.223474464866061,-0.0193364606661827,0.110238820497685,-0.0240560257886173,0.0814998806083108,0.147164433217395,-0.0728014538673493,-0.118767485666027,-0.104930457847788,-0.193782619013637,0.10536174342147,0.247970057355229,-0.115585740818713,0.0116273106172896,-0.16979141591683,-0.249183340100043,0.133767298398486,-0.0312089778730313,-0.202910581020078,0.0833872248487594,-0.0132802692006112,-0.0812983271960642,0.387447322611141,1,-0.0482454476407243,-0.0381320619709034,0.0281833007031588,0.177442791701427,0.19857507495335,0.0123318456128022,0.0927107005819812,0.0415303636728772,-0.0255727982329599,-0.0406731126862567,0.039437441564701,0.0566693096447258,-0.249375747550306,-0.127057297549767,-0.23067346612672,-0.00481369649667747,-0.050289278860878,-0.109809880349687,0.00160215354184536,-0.0760675100409242,-0.150460544277089,-0.0637728006461072,-0.0710158225746366,-0.172672151559479,-0.0717161496245961,-0.0586000901458477,0.16567119552324,0.192623575692157,0.183416891092197,-0.00998190155920765,0.0453638765889645,0.0436736803702191,-0.248519566965358,-0.284161013533233,0.00380248298016313,0.254113531459818,0.0771336263875296,0.137698511098454,-0.0974810336895527,0.0191746806943269,0.12300327851804,0.117360917624282,-0.0630710120436448,-0.0386921986455543,-0.074478342448213,-0.0309570141723178,-0.167581508222609,-0.19539650337535,-0.290137758984367,-0.119311412260011,0.0401441691162336,-0.0858630138378046,-0.144841032883183,-0.0308454729117484,-0.220041519730927,-0.108504316614522,0.0785451935671174,-0.037282283573832,-0.0807218830476794,-0.0403704737007042,0.157240311625769,0.424488872234733,-0.225906492436942,0.0966771996387972,0.0716283333495274,0.314723296508862,0.0214413380366629,0.056911189291542,0.00204164773120749,-0.0330559075756656,-0.0546386103577934,-0.172740050115403,-0.0711127461804677,0.140869163991584,-0.0237949683013972,-0.131326479990481,0.0658563470074788,0.114753559176641,0.102137022268772,0.117153586141832,0.17315787829096,0.0880287932387709,0.0290225151764087,0.110530632169445,-0.181244572092219,0.0628539920286927,-0.20722835527767,-0.0251647541818248,-0.11571611965565,-0.0859448060466793,-0.102686739158871,-0.00543042969581353,0.081514274044018,0.220989881670325,-0.17045512282909,0.0477101003799722,-0.0459417325435076,0.0442919500909238,-0.156647191402461,-0.110475402103418,-0.0915567278568706,-0.136308314715506,0.0911213081437506,0.0287900822171783
"公公-儿媳",-0.0998716350923063,0.0634063023133742,-0.256625276465264,0.059042650916616,0.111361551982372,-0.0721078657146883,-0.232522389750177,0.17875114311179,0.0457785900941929,-0.296272315445521,-0.130761288214119,-0.122864942439304,0.07123391777196,-0.0145959369037489,-0.0441662671521063,0.0439879815417653,0.246144591434105,-0.242111468872423,-0.134903917250123,-0.0297339996704065,-0.291849318229217,0.260042753958333,0.302643438601127,-0.127590662461799,0.0551864628232793,0.2578107334419,0.014640248696402,0.271985853930045,0.0649257363059584,0.0771517350163116,0.183239804182936,0.0625293495694588,0.162371221874326,-0.022567760411179,-0.129677106658466,0.242892471192022,0.146997952345096,0.116455406355368,-0.0482454476407243,1,0.0254789256530013,-0.0365356558921317,0.112347951115624,-0.237442492288092,-0.216426704005674,0.0862353360851732,0.292217120295013,-0.302161068287396,0.00128953993012725,-0.0251373479110056,-0.0439140499846059,-0.153219366946506,-0.0913813595496905,0.20154790753462,-0.201896817123556,-0.0607726593664121,-0.249840938518355,-0.229187399768149,-0.269549579262276,0.0895512258961099,-0.013329965375932,0.1796863349836,0.119155126537929,0.113809561391824,-0.0356134155496432,0.187881097032844,-0.0124235768628728,-0.0675774369681862,0.131938736217549,-0.0212813006019875,-0.237655198083336,0.159042051862173,0.0923471243228704,-0.0581391342454859,-0.0516360478306477,-0.134606281942366,-0.125390269863785,0.29596695585318,0.0650318383204368,0.015529759371828,0.182540019560409,0.278681782722636,0.0473278442965727,-0.120079955241722,0.211491725474774,0.0272146614976657,0.094039815413636,0.115542911628954,0.30217157032213,-0.0896701283593141,-0.0713198941023862,-0.0336099688087015,-0.177927699482892,0.00959794111854196,-0.125998752250148,-0.281396221837833,-0.0590085217946868,-0.177580191640897,-0.142890397639321,-0.195056820007551,-0.0238020424130214,0.0201895031366792,0.0948534964068759,0.109243698260301,-0.0123451661169037,-0.114788251789008,-0.16531139794989,0.169232156568176,0.099166074982202,0.0786889006007164,-0.0157687168697607,-0.0951218695795246,0.00279931025764416,-0.102671206533037,0.110599355642344,0.11490428394894,-0.0506997573123836,-0.115525439797792,0.0449718980539396,-0.177803447643243,-0.240477690380195,-0.377200110495591,-0.177162943558955,-0.192283312007826,-0.21741177599091,0.113365938802319,-0.225749387104644,0.369394846745906,0.544799188252596,-0.279195609269142,-0.0628142411064053,-0.193143472424018,-0.120631080012655,0.153031817315943,0.0729618734801835,-0.0682111178455159,-0.0301951902963685,-0.100047580894339,0.109112738691666,0.0190338271777156,0.026166595658347,0.20160929359817,0.0501743541621355
"姑表兄-姑表弟",-0.216420003231524,-0.0589710001631063,0.1210992237745,0.286778123406589,0.458683548813146,0.229225250091849,-0.0282220075742485,-0.178923174297769,-0.287427409521617,-0.0139207421894854,0.106408236166624,-0.044437681947711,0.164754195438418,-0.13561408759474,0.065544956014954,-0.0449023291171136,0.354542775786397,0.230550226046282,0.156277964337471,-0.159837937345112,-0.0536287049400949,-0.0261445512478139,0.0423876810821356,0.0367998159593054,-0.0769466963045835,-0.17507149565218,-0.00183885202938206,-0.111178021400404,0.371314969491553,0.285094972514917,-0.23458830169129,-0.0367508848263235,0.0880565747358255,0.137011623389189,0.0485127480002937,0.155318786602039,-0.114975907322071,0.0635672463382006,-0.0381320619709034,0.0254789256530013,1,0.380969386183287,0.341105596988277,0.0770000105556809,-0.116969907911416,0.252042479128259,-0.196062999640214,-0.389318884124353,-0.156575664900566,0.443789703415571,-0.276403915795513,0.0622113751538916,0.213536941226198,0.217981089957898,0.0922359127875394,0.19552910594635,-0.00689032584633445,-0.167413993290588,-0.0282064136734817,-0.398296318214585,-0.362129134799563,-0.267306618804043,0.0101290885045206,-0.122640633024932,-0.307820322550805,0.0411000652812593,0.0676020508345906,0.256820421242605,0.135051656361961,0.327988742583523,-0.196571643876015,-0.290284156929801,-0.135161345853533,-0.332847630061235,-0.0220344302781327,-0.375462669449181,-0.35288653014277,0.0275215600448536,-0.0331569520691767,0.197035212791346,-0.220693586893139,0.250181467428804,0.114015073540402,-0.0865282350763305,-0.244572597178883,-0.0397580212836119,0.147323309671108,0.118345806493443,-0.249874309110313,0.0872146899021658,0.196865824266757,-0.151776948329952,-0.0603779195052273,-0.0610286908668215,0.110265855974724,-0.0730907730316186,-0.0649308438607412,-0.12052282332272,-0.150691025393037,0.0853980551651477,0.120241352594346,0.0741265297722905,0.0928854395150546,0.130983671397224,0.186081621369371,-0.353788381183515,-0.460552626501581,0.343747644787877,-0.252967485206663,-0.318874792109822,-0.0916415350443024,-0.124137444458146,0.262785041374813,0.284769681467927,0.417250412945543,-0.0261913544717942,0.249421779184686,-0.258887809487773,-0.0483637901778136,-0.237772368772928,-0.140394589146965,-0.0780626000522369,0.069684879675004,-5.16833514991715e-06,-0.135920918493746,0.10417387811396,0.0553870702926587,-0.0774786242795756,0.0389691117933139,-0.119468515997046,-0.298958745371672,-0.266030738761313,0.2548816880918,-0.0876540108373279,0.147719317393245,-0.194833352163693,-0.0901254933256705,-0.076440431384259,-0.0149263419351468,0.328562530481197,0.0457241538272916,-0.284462615853447,-0.0881437266304819
"姑表兄-姑表妹",-0.107286085435062,-0.0655158568241089,0.207727516336797,0.21041717191615,0.435054060728015,0.0795643757497026,0.0871543876188431,-0.348576788754303,-0.390788026212916,-0.0732274642811808,-0.0393061186382615,-0.0137734834819109,-0.0445635969301066,-0.268310568768718,-0.166818901725051,-0.127350780875046,0.189303549503171,0.308896328381399,0.0219578856483121,-0.0263818898358529,0.0208375252360437,-0.20095718634873,-0.0235863605227852,0.0805291456601053,-0.161542322922173,-0.212368035603928,-0.178399637801102,-0.297134400311047,0.388230140979087,0.360627618772489,-0.0765944938496997,-0.00445643197038856,0.0889189715410164,0.261068611377129,-0.0882180840537715,0.0164695062428842,-0.251999932240491,-0.0614956894564857,0.0281833007031588,-0.0365356558921317,0.380969386183287,1,0.268067240733943,0.242088992931065,0.117130149130963,0.162070360699644,-0.259813670941096,-0.131538733869563,-0.203308571958686,0.364549043115561,-0.0347231475400755,0.212152340317257,0.231288067974751,0.11955567584981,0.428233280685135,0.280219032334123,0.0207129530023813,-0.109923788442353,0.128471359959352,-0.368854283876538,-0.46207243314994,-0.230651484542206,0.00767566082813902,-0.201510528895016,-0.212795717289867,-0.105831266550061,0.137287027777211,0.016467694360106,0.232766090665966,0.250587593151638,0.048633595018386,-0.318088213258376,-0.327034331073776,-0.278013749589466,-0.0964284181974592,-0.227017951490453,-0.192176643219358,-0.131814317513369,-0.0913520172270157,-0.0313424535424912,-0.303386294271209,0.214151840673766,0.0609181052733762,-0.0507786916292343,-0.198755121015758,0.0863720940145864,0.0644342616262543,0.141523428542419,-0.310442746219755,0.0704629638185283,0.24475454281343,-0.0755737611203031,0.129901706747258,0.249901888110548,0.31894653308566,0.220630260541812,-0.13520181081811,-0.19169664148797,-0.180594063611978,0.0543555619144645,0.290515355753785,-0.105896960320606,0.175833181460676,-0.000497770464133956,-0.0646135478873662,-0.243551712876798,-0.168041837425193,0.334278727381309,-0.289121285564912,-0.319662981158368,-0.169591740890466,-0.199432017211728,0.330172469191909,0.420971315524872,0.436072705267187,0.0537377052014064,0.216352148115627,-0.139868502418571,-0.134841305008334,-0.0513575350914446,0.0348486306842399,0.0510407039182469,-0.0042541917489146,-0.097086250938483,0.00587076943936684,-0.228665736632571,0.0890697133699368,-0.179817017493606,-0.119305708002108,-0.0652008728074656,-0.319615624165858,-0.177623449862973,0.267492734681668,-0.123572151725456,-0.0663038345405549,-0.00902765278168063,-0.0559396518330909,-0.0267257307704898,-0.262806132946733,0.218455003152742,0.0244366496543883,-0.321172545276667,-0.240165112776032
"姑表姐-姑表弟",-0.25669255488273,-0.104645535040801,0.399990625736386,0.505431918401279,0.43701478004098,0.350130605323284,0.162985771628247,-0.0994906723603788,-0.251857190558359,0.104876358311185,0.225543769799181,0.18688142598615,0.341836337617667,-0.086859782891494,-0.00411751615447735,0.110377482257132,0.123707126131451,-0.0279256058876539,-0.0787210844372235,-0.000520981608805069,-0.205317389840882,-0.0429427676757467,0.058229491748664,-0.221097156093499,-0.222536638881211,-0.0122623599338957,0.157556735892879,-0.153001720216157,0.229335602233227,0.163120387427095,0.00393908367120838,-0.1588206019844,0.0209955491309439,-0.0242229685214508,-0.141244983050959,0.274668120260951,-0.035562686553798,0.0357835834646477,0.177442791701427,0.112347951115624,0.341105596988277,0.268067240733943,1,0.394950877545057,-0.0715643635346598,0.167704234525178,-0.050727846825377,-0.233465678738102,-0.326428945515767,0.296265451711863,-0.141910713780651,-0.0886085174537117,0.0771515308759772,0.0597982065559265,0.00619245179748847,0.0581430983631999,-0.102730964979445,-0.282342875482413,-0.0836140187519794,-0.331450155829471,-0.317558607271987,-0.15031423604308,0.020728617919349,-0.167163160747671,-0.234365117723578,0.131344816231762,0.34907673433187,0.291706164845739,0.056396607107546,0.119256424840058,-0.0336838079165034,-0.334873999604718,-0.147644605519705,-0.271582492003351,0.00358677015957549,-0.151681348486412,-0.159553471100276,0.0699105219826283,0.155635024270381,0.180189513583112,-0.0240980577704818,0.14862001807769,0.115034682954802,-0.111833220852868,-0.119264497997443,-0.157418390539185,-0.00734922966890827,-0.105368889727819,-0.134120457195348,-0.0447116656844012,-0.0172093607313725,-0.134326839562954,-0.119804471987374,-0.0477183656853129,0.0122639297917938,0.0800900975285207,-0.121420967595653,-0.329312560549484,-0.267318394909808,0.101589329038226,0.247154271622089,-0.218173378719893,0.0387334787254836,0.420062441468378,0.199306997431245,-0.208050011156673,-0.287612027907171,0.185066120981819,-0.181972349998605,-0.264162323602905,-0.0697026834990009,0.0261599722375957,0.118917437547185,0.369104612690044,0.389565269463844,0.133440524792824,0.103966598860176,-0.120915189837676,0.0567910043133889,-0.103366348580581,-0.0096682098375752,0.053948185347573,0.180392527442793,-0.217874786824156,0.10227801757423,-0.0917713749763452,0.0258435573383613,-0.125314326494281,0.0418582294841199,-0.351258452910574,-0.127874774407759,-0.139085340244424,0.124136181949484,0.0482761277197985,0.0924136950020232,-0.101764876149759,-0.0367732949270683,-0.0411080473089098,-0.309938126925279,0.0556152065054834,-0.153294566891819,-0.26084221455329,-0.0786903618763625
"姑表姐-姑表妹",0.0399714375456326,0.108313147254431,0.362723207740624,0.313892685701802,0.174857581703387,0.400114544856121,0.285948293066886,-0.19483660960703,-0.0556425934166469,0.255561483356903,0.246173616173089,0.168656471151649,0.0870047649925094,-0.0689900480701734,-0.115154513727093,0.11361979735954,-0.0449897113234463,0.0707938756948668,-0.0303789492357131,-0.186288370246191,-0.0379519836351111,-0.186436151003462,-0.180172199703887,-0.0933045238955489,-0.324809882812169,-0.171644718706178,0.00607765881074349,-0.253701721845784,0.0148006233298526,0.124007935730969,0.0664412570432392,-0.157476815102212,-0.0577188411957459,-0.0702370654193533,-0.138208930658061,-0.0338702363274831,-0.100129541707283,-0.0303399481590609,0.19857507495335,-0.237442492288092,0.0770000105556809,0.242088992931065,0.394950877545057,1,-0.0262671861362517,-0.106355314475484,-0.0651390815385398,-0.00637487316746542,-0.160027323823677,0.175392020533141,-0.152766448855561,-0.0590595473671945,0.0346319901339923,-0.209421718993326,0.110646884202923,0.01373668721999,0.115989222615528,-0.0134966132202724,-0.0192946788929788,-0.357075193107889,-0.273220356810736,-0.218053308202363,0.108392282880551,-0.134705578953717,-0.0670350320213944,-0.0409665186900161,0.205666961761839,0.318994809752497,-0.132769305126935,0.0958790847786044,0.0738348399225184,-0.215920507533273,-0.0143103499448584,-0.276568535099697,0.152585925950368,-0.0587495137252253,-0.138269416369893,-0.0702970825304087,0.178966555662667,0.216839633292492,-0.1214435069985,-0.0712425353712513,0.0302616826408339,-0.0433758801913687,-0.240083533024812,-0.187841682573817,-0.128011170109285,-0.143014141213261,-0.16674127514244,-0.109011540057896,-0.00605635262774552,-0.066898914247027,0.0471072284528542,-0.0437868938737786,-0.0255157657995039,0.315649991160869,0.106294559905317,-0.0656698897979587,0.0570274037406304,0.172579455245503,0.105267470694045,-0.0799000241728195,-0.136054244756655,0.253315873914839,0.127864771337384,-0.124847558401307,-0.0870986098448724,-0.0818332453342143,-0.292917336153042,-0.358111001538485,-0.052241230089671,-0.0102387877977194,0.14780008468285,0.401082139900607,0.178674562555005,0.0950701781311862,-0.0741379185388114,-0.167812121217872,0.040607930312799,0.0512564209098612,0.0305604601237416,0.304351924031933,0.264835140431165,-0.0473081835208428,0.319005369577708,-0.068917285626654,0.112540474043202,-0.19231829310549,-0.116201648896379,-0.0832359392189466,-0.176723221326283,0.076527304375234,0.217739979894089,0.192529094294543,-0.0547128467739168,0.0475953921152118,0.019687182621363,0.232412365824471,-0.300644757715881,0.0146382765762839,-0.0842414161778437,-0.336124944753449,-0.0698711185722452
"姑母-侄女",0.193360581598538,-0.0277952692153454,0.0945082708262259,-0.0899011776096811,0.00294624426184433,-0.0688183058587075,-0.118296950379263,-0.288538593829616,-0.0369917963676752,0.00822942239985422,-0.18034941490091,-0.171433298051418,-0.207849562919084,-0.279702946638201,-0.133932616966382,-0.182835907606728,0.0102528814220492,0.0450428102604706,-0.17074209871064,0.315931125870154,0.00199294950655004,-0.236549040883277,-0.236444305976667,-0.0874009835529449,-0.206418561579609,-0.15121036160098,-0.10430567756081,-0.201145391926149,-0.0154195420680655,-0.0243757328849985,-0.191990517581605,0.0791201591821213,-0.308707798938155,-0.00226890683530567,-0.155726127195732,-0.248148155139519,-0.297180614407055,-0.182029996053669,0.0123318456128022,-0.216426704005674,-0.116969907911416,0.117130149130963,-0.0715643635346598,-0.0262671861362517,1,0.0469434276628935,-0.081312032086807,0.391797965554507,-0.0152660865445727,-0.140050443759828,0.507025402701749,-0.133629442572078,0.105616939474158,-0.0710491483865255,0.22726515001502,-0.079029859399241,0.0909805235747861,0.155445234646488,0.0108789811882326,0.205560918896141,0.155302256842887,0.183480801919696,-0.235919165251668,-0.301171910832669,-0.189584793940707,-0.235925567400183,-0.159806366111543,-0.219079675198876,-0.0535200465314247,0.1678679689946,0.788274329078642,-0.196252582824505,-0.108094136725629,0.378838462731698,-0.237452954981115,0.426802033714929,0.384668947790339,-0.14985079929434,-0.0529119766316601,0.00668737978132431,0.0098949702079512,-0.136203241440194,-0.144467095792379,-0.0575467634873664,0.222032902826079,-0.0956284229358621,-0.110645341868547,-0.118987475244229,-0.263332387326838,-0.13915390317782,-0.106434160559197,-0.0482480856711725,0.0789472949094209,-0.0666677894406589,0.315794035490747,0.27206450639464,-0.0109860978023102,-0.0390897188585294,-0.0977528609063075,0.000514928187740372,0.019959354126187,-0.203131614846646,0.214948650333092,-0.160075696792495,-0.113070705645223,0.377211521564597,0.365998686093044,0.0969078328073544,0.0408451203519198,0.175531734479901,-0.217633998202486,-0.190938710430315,0.0395753204958698,-0.107906614170782,-0.0500873014702924,0.184876673607428,0.136900428785919,0.530594475094835,-0.0115415569702058,0.54857402442979,0.743872341536327,0.133598247218353,-0.156652245295553,-0.0224010730789854,-0.0465897727285063,-0.101356862039591,-0.216135999270403,-0.000793336710686837,-0.116269554533857,0.118190774964841,0.243673112558085,0.287980520793438,0.199155179885248,-0.0708877578141023,-0.166609692537104,-0.0184072720946479,-0.229524745467486,-0.0804941956694875,-0.141074279099881,-0.172033850096336,0.0192512371116511,0.16852044029641,-0.2023369060333
"姑母-侄子",-0.29038907919933,-0.0578731337605545,0.0515348576397539,0.163985404952309,0.254529856791235,-0.146542744155099,-0.0502393497306531,-0.194364783234903,-0.363358431586443,-0.145120961361694,-0.126370772115176,0.00947246365068426,0.0433213073161471,-0.11152914069934,-0.0426565320131091,-0.0746898626061465,-0.040577559471929,0.162147553955149,0.165776265862461,0.274516841727893,0.013690300481931,-0.0480086543606019,0.0177247451300201,-0.0714573883595822,-0.061554111835863,-0.0570652168226924,0.0694435925444457,-0.034183369751642,0.232257347564452,-0.0344588337647597,-0.273209849052988,-0.157407747354656,0.0541013986971888,0.0752901366628698,0.0143609120695793,0.165548521960283,-0.115017347951255,-0.00294115349909724,0.0927107005819812,0.0862353360851732,0.252042479128259,0.162070360699644,0.167704234525178,-0.106355314475484,0.0469434276628935,1,-0.135467543992506,-0.0149993865368753,-0.0260157118185093,-0.03279111948486,0.162623674286791,0.0465169305304556,-0.00492218296051426,0.175816996232366,0.0459320227323688,0.157281416002286,-0.283278888487864,0.0221060310274642,0.0687784873558423,-0.119490076406685,-0.107973654891981,-0.0614467943658196,-0.153547772906701,-0.148727792754117,-0.213550747573361,0.12788623436415,0.125757445133376,0.122399151559073,0.045930256439985,0.177233506310699,0.0369897567588389,-0.170200376465126,-0.297728274031661,0.10409138353587,-0.0432662587634112,0.0134560811936298,0.162273288224017,0.0058782918927025,-0.00500256125221563,-0.146507086648319,-0.193277200018984,0.125309924550811,0.120414622847741,0.116163785430944,0.096632489794629,0.0413518795527137,-0.0382252509228541,0.0744680944785701,-0.216106635329837,0.136497536795612,0.216373383328552,-0.0386758616953223,-0.145735205316315,0.00574973935347281,-0.0237799553384839,-0.0687271011256792,-0.262250978255244,-0.0682826955048122,-0.284607575320248,0.0643557908502648,0.228721163178465,-0.130651316820498,0.128262705553927,0.0704360131626979,0.147982952264643,-0.140312536587051,-0.0757959914108032,0.137786026999638,0.0890774337423632,0.00408400023502528,-0.0296467015941613,-0.155033171863468,0.0701326313685219,0.159405138546733,0.152651306389087,0.0558429252949946,0.79622532598365,0.231324668071168,0.0683534434670465,0.00784183419733845,0.133222946613327,-0.229721598701047,-0.196070174845967,-0.208360622132336,-0.299338680203425,-0.25555948916201,-0.116377823704384,-0.268348550104863,-0.00584457681879155,-0.174850886741309,0.0742643599960527,-0.0484497127088164,-0.041355347248208,-0.361862635931163,0.0925156187371316,-0.00275554439783423,-0.0544527058045082,-0.262147397843563,-0.127618052457471,0.152558722741037,-0.111347280785303,0.0245959121945033,-0.137671758846139
"姑-嫂",0.138270898838703,0.396092709430397,-0.14979805398161,0.0586532215561988,-0.16858016878129,-0.0682255676354823,-0.175051889975237,0.255960653973881,0.134595413685735,-0.0436750097831223,-0.111231385050282,-0.0334552328185057,-0.155085041796694,0.0584400707304653,-0.113501545064269,0.043116590583137,-0.00258294481425933,-0.233334295632766,-0.167201070073841,-0.00262907843920709,-0.0676020652174281,0.217699246899076,0.0459539737497722,-0.297148932057401,0.0308560933697887,0.149941824547969,0.045926651101577,0.192476448318569,-0.175463706252662,-0.255286613048441,0.145308435322429,-0.160514642100198,-0.0615371936968555,-0.177374141672121,0.0122823673623085,-0.00950715154888762,0.016007117075559,-0.0664095222200361,0.0415303636728772,0.292217120295013,-0.196062999640214,-0.259813670941096,-0.050727846825377,-0.0651390815385398,-0.081312032086807,-0.135467543992506,1,-0.0429352644490701,0.259464848228732,-0.171195901966675,-0.171075544318752,-0.281563201170486,-0.158830735606801,-0.0943903203064419,-0.0899205403613473,-0.255492871516136,-0.105658949831952,-0.0147457681342661,-0.135130534105988,0.209282751828529,0.0633613093460176,0.356264313076922,0.0389195008956837,0.142824311658867,-0.0374268788761759,0.220124689542422,0.0389764022132976,-0.0486291206705593,-0.224884075148542,-0.13260149065616,-0.141175517577469,0.177156798927586,0.293701426592768,-0.0325635441387535,0.119885743693787,0.00992725260138167,-0.00609733787096748,0.24221354822761,0.320464560346469,0.055714571619527,0.128132739726531,0.0392139702721365,0.0652568870974481,0.0244394375173239,0.176826627254399,-0.161691456678781,0.0768774578696356,-0.22697670617184,0.253854582452369,-0.0248238407581204,-0.168186710724547,0.100653474437646,-0.152660962152211,-0.147911872773481,-0.34184465158189,-0.0397344917642237,0.397973276632107,0.149601497988735,0.211190985149446,-0.0393069910455223,-0.174379760236502,0.000312097642216798,0.0345779539274848,0.0598273207719145,-0.01812382428506,-0.0434459370801751,-0.0496655809283081,-0.1849902429658,0.0170762979838799,0.0488425318812952,-0.122705506414115,-0.100557998055637,-0.189755165156179,-0.00394698953606502,-0.231570164014549,0.158554731081911,-0.233188673289532,-0.00184973140468429,0.275145565731646,-0.0157735397794729,-0.123080175156648,-0.107863195667871,-0.135698905919053,-0.0761895354621448,-0.0511626814529038,0.380560921508539,-0.029097555727778,0.224593698643342,0.286248556456495,-0.115840748845014,0.0177072946976936,0.0847311114567187,-0.141437922979082,0.317564122027005,0.0868869731849059,0.113677682917983,0.117476263584359,0.0458782180267134,0.112431910016572,-0.266591003319409,-0.0539813429744996,0.189763802535929,-0.102606133360778
"姑父-侄女",0.14925490619805,-0.0382274067327232,0.0122791120207076,-0.194905511250555,-0.285177327119062,-0.177259632703765,0.037884019378256,-0.0728813015585774,-0.0358622575188444,-0.0538532934784802,-0.183609546263063,0.0415572393914562,-0.343773269817105,-0.13340610858717,-0.231163653573177,-0.173096488991669,-0.310946948300784,-0.158796214204975,-0.164772995225093,0.456969210268609,0.0333325265292622,-0.154960934792381,-0.256559916615335,-0.0687158976463581,0.0437471899939083,-0.115199253270888,-0.0854767213466482,-0.0742641711250237,-0.351007130690681,-0.304199018928805,-0.0997091597447565,0.0316314908007335,-0.256256733113745,-0.0606473603506134,0.0446569634816896,-0.222760457017525,-0.134962072410019,-0.232395664137311,-0.0255727982329599,-0.302161068287396,-0.389318884124353,-0.131538733869563,-0.233465678738102,-0.00637487316746542,0.391797965554507,-0.0149993865368753,-0.0429352644490701,1,0.0833636110224674,-0.262617511543122,0.506188097192007,-0.11885044358428,-0.132065833257427,-0.25548794593281,0.0616116087940783,-0.140223601783051,0.0059488367533345,0.353421607865267,0.142888304119994,0.46248136223497,0.485313423060472,0.376986897235392,-0.299435738675912,-0.220983278869041,0.127259154844807,-0.328827228578515,-0.187203127403627,-0.18293043396167,-0.0949045039126348,-0.111181845393733,0.524757180506694,0.0537537139353137,-0.00901571551583279,0.627866233583612,-0.176854833885023,0.735354806107166,0.737605542475429,-0.221997906646489,-0.0828608346296658,-0.253429943879705,0.0270192634601176,-0.342533093018683,-0.0177314786209795,0.20632665773926,0.328213490750162,-0.108299526620857,-0.315812047847988,-0.14893530699417,-0.104022595238113,0.024194073433287,-0.00272743562664298,0.00705929420647982,0.103404394202446,0.00381996182710557,0.0179831602194357,0.294951348324282,-0.0754691816927868,0.0513650507247846,-0.00448956334074896,-0.0240760465131395,-0.012781291356604,-0.232802312723118,-0.109012371992105,-0.256988920378769,-0.23007347641652,0.576420030280097,0.6730139151798,-0.169980713934344,0.316419437779297,0.440358019836351,-0.0665972769841496,-0.126058260488844,-0.140609426135734,-0.06818164445511,-0.317735558312232,0.0248695919332319,-0.055416056460998,0.609476872675664,-0.0506061786356613,0.630346388373461,0.441866314890261,0.17359362135984,-0.181938199400102,0.15329850175066,0.0388122670208227,-0.234560027596118,-0.117714042207201,-0.181527327590538,-0.23960983964706,0.274743643528823,0.536637451013876,0.55395965137778,-0.0762936582940404,-0.172074947439754,-0.276949065726335,0.0405593221177152,-0.0642273684523497,-0.15107690723677,-0.195543372520394,-0.322166930004754,-0.0972374254498856,0.339801588625621,-0.178575914626061
"姑父-侄子",0.1788016947052,0.269616045610201,-0.102548447609678,-0.20290702583675,-0.29436678958243,-0.364308627960314,-0.0541691289379336,0.109621147476749,0.138773707075905,0.0726003344100671,-0.129607404299353,-0.0290851096362968,-0.340685075264532,-0.0878866904122064,-0.147307206876972,-0.139184334194338,-0.164101838788279,-0.0844377588962424,0.0772891604742864,-0.0248870260488193,0.157875325250985,0.219997189598558,0.152310616561056,-0.106150815811206,0.0554612684662703,0.208077369893362,0.00373280466137288,0.157862183861579,-0.037797177793175,-0.145961744607138,-0.056162112064681,-0.0645599417598556,-0.0211056046521012,-0.228264137188784,0.219297035145693,-0.299157121623285,-0.166691178782347,-0.152674926588362,-0.0406731126862567,0.00128953993012725,-0.156575664900566,-0.203308571958686,-0.326428945515767,-0.160027323823677,-0.0152660865445727,-0.0260157118185093,0.259464848228732,0.0833636110224674,1,-0.245254912659049,-0.0310832769390689,-0.117955272486118,-0.162735853365068,-0.14799989082635,-0.0170533215776331,-0.210288981044267,0.0549247048379704,0.306231392796881,0.201462189078223,0.165811757096842,0.264649377850891,0.0878996052644195,-0.10482016888498,0.123207683000753,-0.00375168630653048,0.0696210805218438,-0.0132870980701473,-0.147391596080908,-0.218248914372728,-0.125508044479682,0.0178962209794117,0.169013739555626,0.154888566595845,0.0494350353694341,0.244376335595736,-0.044746881721325,0.0573590311284395,0.0452499339310358,0.265843563387307,-0.275519102517275,-0.0375187663006935,-0.126345981499971,0.117793889552918,0.0950067336211089,0.192780971063628,0.20825822626352,-0.0665514820325893,0.00124471016023244,0.0577527053126157,0.0309671021987278,-0.0720565820099639,0.187958149951618,-0.0377913934425554,-0.0998424868469193,-0.194446267234613,0.0960546898365835,0.254826595291684,0.275717931327294,0.183782315419251,-0.0537286272123081,-0.158748481039536,0.0102953190357125,0.0319501495369741,-0.221971918681807,-0.135156427615943,-0.0534123209355058,0.00339375496132118,-0.126475524059003,0.044553295298061,0.0406293664681588,-0.0988733625305666,-0.148327894742921,-0.201779120409226,-0.215611431496193,-0.373662325376989,0.148328192319763,-0.088634904928807,0.070917628422984,0.243320980950525,-0.0282902540354632,0.0273185828762047,-0.102728528865416,-0.278834753243303,0.155633726312335,-0.113954833134474,0.0492966075760462,-0.0320803530224728,-0.0284232435477428,-0.084925926740994,0.197214395949587,0.0978739668411062,0.029165220041338,-0.00562329586928719,0.0728115064111991,0.182738604234045,0.277230576577055,0.189043219580893,-0.020910291857047,0.261919984928726,-0.187765309856043,-0.00903134297607395,0.208743158434245,-0.0832785723313647
"亲家-亲家",-0.274894505246668,-0.22937629672933,0.0976314557396657,0.305798157623042,0.365753010104849,0.22312190542149,0.0401201519526468,-0.0945675236457781,-0.211618054042524,-0.0898753140571471,0.170348684850289,-0.0737772510600433,0.0811613376205897,-0.00629937662683419,0.05409119426001,-0.0997922022731115,0.329513061877943,0.170697898628751,0.0516931568657141,-0.193007142775709,-0.0314770623491455,-0.0383275894176423,-0.0645857895703425,0.128883559165585,0.0417786059636318,-0.0428183183701197,0.0181938206123051,-0.193433007819591,0.285526663054311,0.322890615767529,-0.0390550729095862,0.245745883669549,0.0831659259108224,0.114463556856464,0.120795600504345,0.141723285307285,-0.0392819497873485,0.129051110918504,0.039437441564701,-0.0251373479110056,0.443789703415571,0.364549043115561,0.296265451711863,0.175392020533141,-0.140050443759828,-0.03279111948486,-0.171195901966675,-0.262617511543122,-0.245254912659049,1,-0.206129126523992,0.0966447667631678,0.190746806927138,0.114255036435077,0.0468400512506376,0.157812069913634,-0.0371617163841938,-0.216484627813991,-0.0668233992422432,-0.281421815477729,-0.352018402615599,-0.18596560084181,-0.0639079487229631,-0.16491002330044,-0.0585791343556175,-0.0932596819795507,0.0952142488010286,0.104189461103481,0.306942835547443,0.212883187684777,-0.15531210247148,-0.230009286355101,-0.180725674095991,-0.293006880401193,-0.0661044723197632,-0.211143391551857,-0.250163298211453,-0.0376385553307395,-0.133911560170023,0.115360223845092,-0.129762105050973,0.155569154750747,0.175922095081918,-0.0452874371517115,-0.240379314616707,-0.0432469749189943,0.0535663263085238,0.0770272219364985,-0.113172114073147,0.0463762101000908,0.0156502380482975,-0.318850739555747,0.139505132599242,0.103450034045218,0.0900609773424825,0.0229054968102467,-0.119849962159436,-0.179226361317278,-0.122034426628163,-0.00381654646750298,0.0223976073907281,-0.0248730228696174,0.0471953701425054,0.0445300795663438,-0.0087550283326489,-0.181381233573902,-0.251563657387065,0.273147741136025,-0.19870106434006,-0.2582023103427,-0.138445987128464,-0.0370362388339734,0.145556843320225,0.296280536389164,0.327860568046406,-0.162657773857335,-0.0226570222205934,-0.25804411072486,-0.198008559273638,-0.15150766733577,-0.11927267311439,-0.000143615172350298,0.170902001059148,0.0875461967788572,-0.0184870309045899,-0.0367007934555253,0.0291071706634101,-0.0478256492759015,-0.0283936876731384,-0.164809993852849,-0.266167169128331,-0.186284251782188,0.398187111340858,-0.050513213694704,0.0745728005915084,-0.229242388093967,-0.0535904365206428,-0.0321927563802351,-0.0231869335610356,0.237733569940817,0.143834351836515,-0.282887947736474,-0.100390166949762
"继父-继女",-0.0283962516841061,-0.179275239461109,-0.0433941185336127,-0.057424607763417,-0.0873333170128317,-0.160455628969628,-0.0662467191713304,-0.146042589489768,-0.0250984788333577,-0.137391490682467,-0.154071866633613,-0.108913258506341,-0.163916246300169,-0.248603110618908,-0.14916287377345,-0.147673622167062,-0.104505744148023,-0.0756983857867268,-0.117143155450036,0.429432138366809,-0.0585502196829949,-0.0883655988214434,-0.12617637724123,0.024611875283414,-0.0114935200019898,0.0562005433268747,-0.0174191659752088,-0.0465281938236009,-0.070806638619336,-0.153323780236546,-0.210526950740379,0.120613100901005,-0.145946806240244,-0.0586509652754057,-0.052744353740042,-0.183420341846809,-0.150293670807465,-0.147086996059258,0.0566693096447258,-0.0439140499846059,-0.276403915795513,-0.0347231475400755,-0.141910713780651,-0.152766448855561,0.507025402701749,0.162623674286791,-0.171075544318752,0.506188097192007,-0.0310832769390689,-0.206129126523992,1,-0.103329368328844,-0.121476139865213,-0.0262322582011852,0.0196243781040427,-0.147210384079292,-0.0482092896725115,0.209088345981583,0.00934317786857566,0.376064741291231,0.38778989780403,0.309690614945672,-0.310375313872538,-0.245999010145933,-0.056995620797909,-0.278786124457377,-0.141147580280602,-0.151305598086125,-0.0123078580833094,0.0091698212727968,0.607850598221304,-0.104528495226142,-0.129285663235933,0.676000173041893,-0.288400660832983,0.625615180670268,0.625418489148352,-0.161626215834552,-0.21065586932077,-0.198353451195616,0.0957436171524861,-0.157987660667934,-0.0469486724947292,-0.0336736222191435,0.394603618742594,-0.0770020966135849,-0.298680785985213,-0.079193978888781,-0.0555929569960818,-0.108117817102423,-0.106726572603746,-0.0932196152848041,-0.0773220234310064,-0.123007710616361,0.0642624388721,0.0899113795815973,-0.232568824015482,-0.18249844636482,-0.246816815560429,-0.0468932151819078,0.122933195956933,-0.251058260629134,0.0728334045409304,-0.116412428557433,-0.167558489938436,0.558652034328583,0.554333207039122,0.00587223415517163,0.419912338835428,0.463578790358523,-0.0547863379466931,-0.0939132461212321,-0.0343548990509657,-0.213394611319173,-0.140002450879027,-0.0253705153906418,0.178597406694781,0.661050961831283,-0.171136000111746,0.62560662680595,0.577022094886828,0.0166308731661839,-0.175135260240588,0.00899427966923372,-0.0594362786744645,-0.29481783261846,-0.205688372451473,-0.0660925548775675,-0.089250945396441,0.0264133253519791,0.483412347161037,0.403553435595537,0.0798770845194466,-0.226601292688186,-0.157614441528217,-0.107179514062319,-0.233408108980368,-0.285454496657692,-0.134448487626363,-0.147954951877887,-0.0475363269646787,0.328264617473727,-0.129384023343298
"继父-继子",-0.228973042342425,-0.174631242952061,-0.090629905268926,-0.217603267460533,0.15238240992658,-0.149022246821062,0.2790732180134,0.0652449165109601,-0.0453031730121003,0.091720961096905,0.0212288182989552,0.266604326515238,0.0435220496610253,0.0156386852640406,-0.182463230073244,-0.0437593892135157,-0.0133053559679527,0.302570666966582,0.143856592573617,-0.199846844256047,0.0659573875099636,-0.136936184540189,-0.0249672562581791,0.322043215377913,0.23603964128509,-0.167257156586354,-0.00441336481026454,-0.245276974806153,0.187071915024409,0.141335681968956,0.0730270721171391,-0.131643359598625,0.15932483191047,0.257378229248985,0.140375524634678,0.0635651124943805,0.147831794683696,-0.146236941158401,-0.249375747550306,-0.153219366946506,0.0622113751538916,0.212152340317257,-0.0886085174537117,-0.0590595473671945,-0.133629442572078,0.0465169305304556,-0.281563201170486,-0.11885044358428,-0.117955272486118,0.0966447667631678,-0.103329368328844,1,0.13332691020582,0.245225599565438,0.305242192110214,0.22674473919192,0.144229923311247,0.0639315261923284,0.202457155465329,-0.209573332366218,-0.287364098426574,-0.320203589108471,0.0600795617374702,-0.0354714398889314,0.0186326183522467,-0.0438102210678267,-0.0980254363818542,-0.154070704506952,0.0170480356625829,-0.0344216819287077,-0.174812031976446,0.0805103599274021,-0.100650062477957,-0.187232000513561,-0.185271853446242,-0.218337877965919,-0.191610357863791,-0.288437770355834,-0.118562147613424,-0.0401379121292683,-0.213329090847598,0.0679496670782231,0.144061234977486,0.124477442676182,-0.30281858854629,0.227564746788288,0.113455333317808,0.107125719282165,-0.127605931844904,0.288963515582984,0.225535302714481,-0.0714523790534283,0.351632962236355,0.355430780482906,0.136523197357051,0.0675012373625446,-0.192413178272415,-0.0586342524368265,-0.104458366425948,-0.0989145508619177,-0.0157994387100968,0.11899300021836,-0.00317667951149624,0.00547825016072836,-0.151308399835441,-0.222744387640718,-0.176969347957413,0.117536542405459,-0.156079411161253,-0.0868257360663281,0.175191750023942,0.276408014800871,-0.0428871744870775,0.0881629311588493,0.192249726558383,-0.322153359558802,0.0519091900487364,-0.210192144307937,-0.256798847527452,-0.270234579000442,-0.169900862616469,0.0917670278534216,0.127285066595591,0.123455997193512,0.0807492520405627,-0.136059794842271,0.191418691550312,-0.179087330668538,-0.127240305433995,0.105148477150233,-0.228489098244479,-0.295726268939212,-0.0943236151564229,-0.162692305767463,-0.075050794796028,-0.137316633146778,-0.170775850597429,-0.00160730692491394,0.0448483708434397,0.252408876742364,0.00176267755288827,-0.271092321034478,0.0520726886632219
"继母-继女",-0.0800052184344857,-0.0982384287554141,0.0430075546106522,-0.0775907855901744,0.124963556224943,0.0236085068049435,0.0100100580430831,-0.13142962646273,0.00660957212701679,-0.193050283352697,0.0248505438638522,-0.100136937275894,0.0276089882841068,-0.152172209197094,-0.00868009264689153,-0.0740325286767994,0.0593742643110603,0.0487913702420325,-0.0133650652530299,-0.181475773631604,-0.113376973040461,-0.157828832829227,-0.0252743373245285,0.0365177998001241,-0.142857433787522,-0.161622215946414,-0.206338268561359,-0.209803589841984,0.0866072894385924,0.281594830394684,-0.0654973119680945,0.0371482949464306,0.0309036633540672,0.441687059606872,-0.192060289060055,-0.102335217744129,-0.051505879373204,-0.0929948323692196,-0.127057297549767,-0.0913813595496905,0.213536941226198,0.231288067974751,0.0771515308759772,0.0346319901339923,0.105616939474158,-0.00492218296051426,-0.158830735606801,-0.132065833257427,-0.162735853365068,0.190746806927138,-0.121476139865213,0.13332691020582,1,0.35504267379114,0.229710396481682,0.481875584052306,0.266207345512889,-0.014436489822991,-0.112173497274007,-0.115511099842744,-0.238897354860191,-0.0650910367371789,-0.0360930212931095,-0.169149574041138,0.0161321275526324,-0.0986492671535042,-0.144230179307558,-0.0604433958802654,-0.100793153082957,-0.0291592084882237,-0.00540469675615204,-0.147587702053313,0.0555056223943991,-0.162296862439818,-0.202243277255977,-0.157693814335223,-0.231640416585154,-0.215797368998153,-0.0427400875270921,0.0548798630795135,-0.0809005368130833,0.145913901976686,-0.0850017360100938,0.00471331107582855,-0.0965974820299453,0.0639304510703591,0.115034637966478,0.169637611436311,-0.179678397584085,-0.04366328310368,0.0132889937015859,0.0014996563061515,0.223997550730936,-0.0088754545847888,0.474775550967152,0.0954951674583074,-0.0745405132805264,-0.126431396875753,-0.0726513968764258,-0.249772838787544,-0.167391072167842,0.0715259415881373,0.330101476805539,0.0704115460065298,-0.0199831974169305,-0.157552316743392,-0.139595902764846,0.0614268785262287,-0.13199493179475,-0.093823346228959,-0.107323503238278,-0.0379857232945285,-0.00833877662612074,0.115979538883621,0.312946164993848,-0.0308337584430093,0.0445178888927496,-0.138811202392993,-0.144135635529492,-0.151943434100397,0.0663868964482754,0.0320719150289136,0.122908841259,0.0131852463868209,0.111928050102534,-0.00419757884807904,0.0513894580119795,-0.0150770433097888,0.0304572954271114,-0.0277579471090599,-0.20090344637827,-0.143865259559157,0.171029934334477,0.0285216744999012,-0.217171052898941,-0.00794989711366482,-0.136022707865985,0.0797151388033041,-0.134260310991832,0.398582327345036,0.109578992783996,-0.212275553890759,-0.0253412816107381
"继母-继子",-0.32225794134073,-0.212028260618493,-0.157799457400929,0.0176675751630768,0.247364815308204,-0.0801855476329763,-0.0150298548204509,0.00182679177364161,-0.0568978454346427,-0.155517508455234,-0.00791732262664443,-0.0653591096706899,0.17666078447511,-0.13796348975196,-0.0554632933241695,0.0100149378182197,0.205822744547559,-0.0141777114761937,0.0316535030872397,-0.0449677745915047,-0.176853927817261,0.0452607348889162,0.116578049395213,0.115602219952267,0.173438994292523,-0.0027467454063007,0.0730699629040253,0.0586755904951873,0.250434822192597,0.298508927308297,-0.0540094665552227,-0.037717085226859,0.229434449906594,0.416203982331418,-0.103078495523271,0.214507081106725,0.0989144805685052,-0.110163697030369,-0.23067346612672,0.20154790753462,0.217981089957898,0.11955567584981,0.0597982065559265,-0.209421718993326,-0.0710491483865255,0.175816996232366,-0.0943903203064419,-0.25548794593281,-0.14799989082635,0.114255036435077,-0.0262322582011852,0.245225599565438,0.35504267379114,1,0.049916234364592,0.317421280090808,0.00210721993463733,-0.0721096566903638,-0.103775624012023,-0.00116502109788281,-0.116116075461087,-0.07202625972319,-0.0745575281975592,-0.119734500843138,-0.101241879637104,0.074996935091741,-0.0158032536029033,-0.0333622831102863,0.100787830627625,-0.023447557721354,-0.167796660012389,0.00922317842145944,-0.101075118982822,0.0275809856068064,-0.29467182603144,-0.177737426234728,-0.153946236866165,-0.0866387362767827,-0.20980609127149,-0.0480024527287623,0.0326492275491789,0.174662192284688,0.0141570618860658,-0.00787576712436831,0.00232353033177647,0.079489314216917,-0.014137293155104,0.202301344802327,0.0248296742445082,-0.0194509933940827,0.0531120607776214,-0.0778917577984301,-0.0729676043958088,0.110832053685736,0.0800861332196823,-0.22806276117194,-0.263175355156145,-0.26836697125024,-0.301243221208429,-0.16287627371732,-0.0854327779566054,-0.000755971881227708,0.107502504735974,0.208385037613787,-0.0288990736253978,-0.183879913273604,-0.177940511436506,0.119312417725248,0.167616635704162,0.0645214726814995,0.127175349661205,0.21282696163335,-0.0345857538569743,0.0781887971631383,0.322976156065332,-0.173356317495995,0.099002957618527,-0.0869649879780441,-0.164248648570237,-0.225972513252809,-0.0904172604654045,-0.253785472676414,-0.0355505740914234,-0.0548154751433492,-0.0807830392593715,-0.0689650850608284,-0.078246734989418,-0.0384445899581554,0.0967974103463206,-0.222488872857951,-0.0672400205400409,-0.247446389542694,-0.11035858672475,-0.132489506694102,-0.0974946474521155,-0.157904968056992,-0.278117584422815,-0.178140818606965,-0.0244336470863163,0.397511799858126,0.066310479255926,-0.100857467266199,0.106265059914957
"继外祖父-继外孙女",-0.0854549113567532,0.00207779301282556,-0.0300933373609048,-0.0801267199959767,0.0926052968930478,-0.149638384444136,0.232425647880386,-0.16257081656507,-0.212576509732672,0.0869016158475295,0.0159314399925225,0.185841087640866,-0.163349519838578,-0.210315377151554,-0.210503083363857,-0.161031783287704,0.0545979774428512,0.266674882808017,-0.147891650317688,-0.0596397065655831,0.11017657402605,-0.306467630296559,-0.235617241537153,0.103627800061551,-0.00023934741600606,-0.23106187415129,-0.171764820029516,-0.377878386974978,0.309100822082213,0.0724758245088127,-0.0929844184346609,-0.084719509080884,0.039355685180698,0.244973002802251,0.00367498063217855,-0.108839706842572,-0.265073388824544,-0.173224154371759,-0.00481369649667747,-0.201896817123556,0.0922359127875394,0.428233280685135,0.00619245179748847,0.110646884202923,0.22726515001502,0.0459320227323688,-0.0899205403613473,0.0616116087940783,-0.0170533215776331,0.0468400512506376,0.0196243781040427,0.305242192110214,0.229710396481682,0.049916234364592,1,0.258225273230227,0.220821775295275,0.0253802305491324,0.211623307856565,-0.187226034868378,-0.211360867019467,-0.151772011518054,-0.110506493173145,-0.225808754493625,-0.10486101340716,-0.0967587757318747,-0.0118931604681641,-0.173466389699001,-0.0111233209849677,0.0129103995824092,0.219888099256539,-0.177025862861063,-0.160039217937432,-0.13040636040746,-0.101767478851942,-0.092619161847225,-0.031123605933253,-0.305832971042739,-0.0425938220205486,-0.027020332552058,-0.226007412126824,0.210011667617803,0.127462533812284,0.0901072767928611,-0.129151376905073,0.134464022991353,0.109380590753744,0.0197752571424543,-0.236886105348221,0.162704245435826,0.210505461721862,-0.0149525405088133,0.269493633380005,0.14969585163817,0.203458245265983,0.358152453353699,-0.0685552000829367,-0.0223870162041175,-0.0681633574316905,-0.110518253484197,0.194812369600612,-0.00638801857722756,0.235218453618846,-0.0251243487239856,-0.205601156200781,-0.165728888969305,-0.056237524830789,0.0805196123906126,-0.153012297179796,-0.117369895706559,-0.155468320175563,-0.134906427782027,0.0263009813206059,0.225779561131567,0.14634214936586,-0.0257926599560958,0.128844841223488,-0.0265428304804585,-0.0459962621958073,-0.00554756055021272,0.186008114812023,0.209544904265902,-0.207696551591176,-0.0417781422576108,0.184689233274133,-0.144004669479637,0.0551899046520413,-0.195609500466877,-0.0877149641362146,0.0396477279616894,-0.185203271488864,-0.103109378823347,0.109367696125842,-0.0947945351470419,-0.0708923402200957,-0.0385210154484276,-0.174677527626077,-0.107596327836812,-0.230520951194999,0.0892037101375294,0.0516593490897485,-0.201239447629497,-0.154230743009767
"继外祖父-继外孙子",-0.1719018332373,-0.0646264466361301,0.0623980869493343,-0.0891361569028638,0.0775169657507709,0.0135961364463312,0.0999647038875298,-0.148851995473086,-0.252422420973195,-0.0893420198116804,-0.0590112703858084,-0.0531688272655511,0.001333087063365,-0.110365906947026,-0.0143025836807227,-0.122846104749904,0.045476484833665,0.15053174819186,0.105564261393741,-0.147953359735923,-0.0188773197048902,-0.197641223369959,0.0369339621805111,0.0627818139173605,-0.0316283306573497,-0.167353179399224,-0.108101182844251,-0.0299083276322366,0.173174827566016,0.251667927378145,0.00837178304019252,-0.0346780535686353,0.200604359926721,0.433648565115596,-0.0865732381450866,0.0359283233476922,-0.0977989357432552,-0.0924569681120178,-0.050289278860878,-0.0607726593664121,0.19552910594635,0.280219032334123,0.0581430983631999,0.01373668721999,-0.079029859399241,0.157281416002286,-0.255492871516136,-0.140223601783051,-0.210288981044267,0.157812069913634,-0.147210384079292,0.22674473919192,0.481875584052306,0.317421280090808,0.258225273230227,1,0.114231390499976,-0.0203878249233567,0.00883160818532013,-0.232713700991646,-0.293830187771955,-0.272101599970259,0.0505573902106754,-0.0772269804443263,0.0242649878635402,0.0515516472880857,-0.0733331931225321,-0.0312271758679026,0.135354519871651,-0.0987914260663382,-0.0788997511079699,-0.0375822273527449,-0.120968641867104,-0.249088515629076,-0.0400114993440208,-0.229993974953963,-0.27232707639667,-0.121976443226344,-0.0926795346906361,-0.0618955098809017,-0.131642756094906,0.200563778489547,0.000585482562558589,0.101512378237405,-0.226523422747127,0.140636304288024,0.0762903082052947,0.211214260154223,-0.121429564222409,0.0949960831287401,0.115015163734879,0.114672899259968,0.140151392121407,0.17717380751504,0.370063134996525,0.0880871160073402,-0.223630186308629,-0.0214104088983497,-0.0218617926255633,-0.122980733195225,0.000781377384557065,0.139275925239343,0.258191962721901,-0.0850959063537489,-0.00334306781321377,-0.243430051900622,-0.215460957647618,0.084559714829204,-0.167880253981429,-0.174492116295328,-0.012216468541406,0.0609379411519882,0.0127826677789376,0.152067234504175,0.273762839096884,-0.0312904703013748,0.17214138400243,-0.246384124961088,-0.204630675894047,-0.249226573260147,-0.0659509946397301,-0.0350626649012946,0.0282306691410865,0.0346068047571057,-0.013783557345663,-0.0972285686979854,0.0346078813490341,-0.155857510450869,-0.0716934157770504,0.0106804958802905,-0.28818981416395,-0.270435611546272,-0.00621446865274184,-0.1965807229854,-0.145114884444436,0.0644447136770974,-0.0356027761268999,0.111168520772525,-0.173058476389241,0.28818788519614,0.0511330926590405,-0.281446764463306,-0.103259436798085
"继外祖母-继外孙女",0.117034022028657,-0.0140777295460446,0.000925257455932497,-0.193317667964427,-0.141175545510431,0.0838582064774256,0.1274374945609,-0.0534886370810613,0.212954845390685,0.150738139651665,0.123303787487458,0.00501747665733481,-0.0121524964915023,-0.141948510808301,-0.0113828492541372,0.147992682181346,-0.0010769625698324,-0.0373771696359883,0.0503521449643191,-0.210162327107718,0.0515527767247778,-0.148823575808488,-0.0973909711429121,0.0083768610226378,-0.0736247125411501,-0.206216500952269,-0.158560667666783,-0.173189739240972,-0.0726976046647817,0.15563954550578,0.142936886306507,-0.0729996170093222,0.0259877804576009,0.189364841983578,-0.0954362023696804,-0.220004044119526,-0.117306443861581,-0.22608571032017,-0.109809880349687,-0.249840938518355,-0.00689032584633445,0.0207129530023813,-0.102730964979445,0.115989222615528,0.0909805235747861,-0.283278888487864,-0.105658949831952,0.0059488367533345,0.0549247048379704,-0.0371617163841938,-0.0482092896725115,0.144229923311247,0.266207345512889,0.00210721993463733,0.220821775295275,0.114231390499976,1,0.208696001854292,0.122969837060181,-0.0922295088799517,-0.0788013329976881,-0.167504739168856,0.128572124354086,-0.100970667066616,0.147385648202037,-0.21543597881448,-0.21872554820912,-0.0932508224726127,-0.0835738627148066,-0.0826154250401428,-0.0119964795323228,-0.119418329207212,0.249066434141954,-0.157089872838108,-0.150667635378422,-0.1269585766589,-0.206195757977488,-0.254690385219529,-0.0361743691508919,0.139503923197588,-0.0171787311611608,0.00263570811736675,-0.0533440874269274,0.0102938482868527,-0.228862599640862,-0.0743568315376139,0.125502145973354,0.0563214439693032,0.00600794278408945,0.0486195590778233,-0.0795281902847212,0.0707127480709156,0.0898164915980463,-0.0051349872870287,0.216746115730961,0.128166271848812,0.116991853159731,0.110962693206821,0.0828406969978085,-0.0683780726357536,0.00254070661638289,0.182920997429936,-0.039869959887404,0.103107516950346,-0.0219627983329139,-0.0475816977836307,-0.0294557640378166,-0.0923831835341021,-0.209531910096527,-0.145662764592179,0.0166000070425225,0.0934206223973204,-0.0130934161275421,-0.0481432852880301,0.1225722201831,-0.152755338396225,-0.135400516961363,-0.191209452778868,-0.229252477365474,-0.000327169629918429,-0.0596451736788612,0.322688177951905,0.133646733049827,0.263530484718798,0.158943616038151,0.0796875399514582,0.113133158580568,-0.0229959174827023,-0.0860198520022713,0.202641892820322,-0.0921087980353555,0.0219919570730537,0.0420152804269506,-0.00363113636792098,-0.192237529834529,-0.0799718698797589,-0.1255877307009,0.10712877300072,0.0948710878530934,0.16226999861756,0.143159218961651,-0.156693945481579,0.0313568911488613
"继外祖母-继外孙子",0.0605192522425983,-0.0332715300913953,-0.0242583498839137,-0.0769988641330751,-0.194430792592718,-0.172349068695124,0.0782903432613067,0.00127588432205421,-0.007636255604989,0.0254877450663002,0.0142162916587342,0.0713342483898122,-0.168646340383744,-0.0468843735616039,-0.154830511679409,-0.0409385107106367,-0.13861625279761,-0.0720332402133624,0.23495513361113,0.0780752918458334,0.166969195475383,-0.0333418831394998,-0.11228822483577,0.0128740545674967,0.153148100228352,-0.0491631874418066,-0.0286639015382284,-0.0746412857094194,-0.114872789856462,-0.184648787330975,-0.218348330372451,-0.0309154947734938,0.0931458509885511,-0.05135640330691,0.198572385643355,-0.180681174899549,0.00553498948761197,-0.222588759819721,0.00160215354184536,-0.229187399768149,-0.167413993290588,-0.109923788442353,-0.282342875482413,-0.0134966132202724,0.155445234646488,0.0221060310274642,-0.0147457681342661,0.353421607865267,0.306231392796881,-0.216484627813991,0.209088345981583,0.0639315261923284,-0.014436489822991,-0.0721096566903638,0.0253802305491324,-0.0203878249233567,0.208696001854292,1,0.215061174825585,0.0688993108826701,0.147199970061691,-0.0881420386236891,-0.192637703898974,-0.183262063578115,0.189797559590461,-0.207460527985593,-0.0633101067963263,-0.0662712608252502,-0.112672573727231,-0.143685265766264,0.173845812314285,0.0772094503249035,-0.0270583927808343,0.205486630405878,-0.0868988840703865,0.204327540997491,0.212983351957799,-0.244186851260591,-0.0168206189353179,-0.157093986445886,0.0194052970637795,-0.253461604505454,0.148962321460319,0.148013143465401,-0.0247191767378274,-0.0711462473326289,-0.193735456849903,-0.0311103456707362,-0.106283762272584,0.265958900911261,-0.0385775611900396,0.0230316095150153,0.0566059281738981,0.105711414321115,-0.10839780536306,0.168322757490129,-0.107924368947622,0.0598126705786111,0.000656550166669696,-0.0232622941692305,0.0190705516408104,-0.0976925831235296,-0.0611290475646925,-0.00424976048001403,-0.0624237418199069,0.0967579278738978,0.182346415819072,-0.15244172296033,0.0727907992843954,0.0635107968387284,0.188229219597997,0.121252621093318,-0.195630091525184,-0.0573416655872607,-0.254001379785434,-0.0973276103194837,-0.0424642134587267,0.251662406400057,-0.166844914592034,0.183267824138651,0.148685639699297,0.0759525764330745,-0.0963552028427053,0.354876201298295,0.0607430314674108,-0.172009258476585,0.121961215195444,-0.1792203593415,-0.242580708796446,0.291273477491198,0.168494659289553,0.154602979549339,-0.030342033358756,-0.140409471490669,-0.15289827408319,0.0365905080831949,-0.0958533997571325,-0.135769483348361,0.0408248130037557,-0.113532424194432,-0.0295641766558956,0.045136606777257,-0.0821763902776856
"继兄-继弟",0.0221226818878981,0.00339092355996196,0.0536301460287429,0.0187874724230457,-0.0798229550858679,-0.17015835809905,0.102056715882997,-0.193407242703572,-0.200099598174734,0.186719903032951,-0.0978669558094128,0.0933275700023471,-0.169110894006231,-0.012249730363316,-0.16759936345909,-0.0503153013075043,-0.101405001309576,0.195350968210378,0.201022598632095,0.105301175245085,0.5442511821856,0.0514508551942352,0.0358395202921718,0.0676511118853868,0.0818637518802089,-0.0710015736636637,-0.0596955471885918,-0.206806506742707,0.0604555090454943,-0.149949885299518,-0.141158015543476,-0.149820383683334,0.0501621711870969,-0.0215134150668595,0.147548550896074,-0.171842305933421,-0.189850868810223,-0.0293316393910247,-0.0760675100409242,-0.269549579262276,-0.0282064136734817,0.128471359959352,-0.0836140187519794,-0.0192946788929788,0.0108789811882326,0.0687784873558423,-0.135130534105988,0.142888304119994,0.201462189078223,-0.0668233992422432,0.00934317786857566,0.202457155465329,-0.112173497274007,-0.103775624012023,0.211623307856565,0.00883160818532013,0.122969837060181,0.215061174825585,1,-0.0894403944991995,-0.0551754980128889,-0.118197099107806,-0.146071841540409,-0.099898408118376,-0.0766904701368826,-0.106523723166537,0.0946775108291447,-0.213695084019609,0.0134051425836023,0.028839913123395,0.0437781706575294,-0.187906499587259,-0.184092603540126,-0.0485946773148822,-0.057114996227311,-0.0909338034017534,0.0339707552375371,-0.217785310789287,-0.126786402431887,-0.299057608812734,-0.323605816181213,-0.17660413537968,0.114671437452598,0.390578626620957,-0.103615483000716,0.12501736587063,-0.0536456795983642,-0.152318562242163,-0.200834146031747,0.328972205106463,0.200604393838025,0.0807202216901875,0.178964968787984,0.180374451995829,-0.0473338966776616,0.259077806017066,-0.112839744679332,0.301203055846898,0.0481184721218552,0.295672156393651,0.17769010965576,0.0104505087558681,-0.0550629966760499,-0.165575978443592,-0.157675194536036,-0.0502293151908429,-0.00554299916363309,-0.0930682372374303,-0.124307380328962,-0.0132476533119452,-0.105410502228821,-0.0515146304195787,-0.0177443354630491,0.0612708638364869,-0.0928018028824852,-0.0583679352113457,0.0541051665158871,0.0339593944923653,-0.146283505050864,-0.0605208168480966,0.0527869296567974,0.0415925475442262,-0.176720660335367,0.245035786964526,-0.0153809699854952,-0.170996724445752,0.209042593795867,-0.259783388625068,-0.229418293176095,0.438964487371038,-0.0133458481752536,0.00189938480035825,-0.0244511024350224,-0.174801340054963,0.170191020492318,0.0531982766870248,0.0841731810983028,-0.140452158900263,0.042104782494236,-0.0571083370912774,-0.110114303717859,-0.100241410109671,-0.167765674939001
"继兄-继妹",0.103812148858363,-0.0423437139354951,-0.25029726434496,-0.324876423476569,-0.395316582533467,-0.26585995855938,-0.250453235240802,0.206893219726755,0.155506350184879,-0.27311066225689,-0.293240887537649,-0.239488547907791,-0.250923434837585,-0.00800655349432744,-0.066060008421025,-0.213284756466826,-0.189368542436313,-0.250599817201512,-0.217870840585011,0.395802682210051,-0.103033346253637,0.229430806005121,0.149339462688213,-0.0648672395355357,0.149868884270701,0.305342386386492,0.0710305612969554,0.295863628528078,-0.298804109356512,-0.224284429313791,0.0138037273065182,0.0534248234159889,-0.299779196806885,-0.0472593272635062,-0.121783478670365,-0.142938793728833,-0.0191011956115384,-0.148278284596659,-0.150460544277089,0.0895512258961099,-0.398296318214585,-0.368854283876538,-0.331450155829471,-0.357075193107889,0.205560918896141,-0.119490076406685,0.209282751828529,0.46248136223497,0.165811757096842,-0.281421815477729,0.376064741291231,-0.209573332366218,-0.115511099842744,-0.00116502109788281,-0.187226034868378,-0.232713700991646,-0.0922295088799517,0.0688993108826701,-0.0894403944991995,1,0.650311429926494,0.727238231297582,-0.225408537077799,0.00136016047718492,0.087746337458036,-0.00703897078627172,-0.278610504243967,-0.344651655399222,-0.10984940567287,-0.240265996874985,0.19132579249409,0.283588470671873,0.135791682069521,0.657748219011338,-0.166604365312064,0.59870109902369,0.541565083171316,0.0335735690166173,-0.0758466001621141,-0.255011825169752,0.130202637727247,-0.186487045828074,-0.139785782013509,0.00868940976681037,0.632834617862982,0.0269669383976254,-0.194443478159924,0.023054249818404,0.258086268001911,-0.23443786773586,-0.212523498754621,0.0708219487914024,0.0438072578421982,-0.124645140814722,-0.0535285727719035,-0.155016454373974,0.0349209951849147,0.0336396398676276,-0.0511379228624211,-0.181335493464453,-0.297315186421309,-0.212307930905778,0.0606472782574212,-0.260466050886435,-0.258915852800276,0.590446114292097,0.524464191622228,-0.185969720853029,0.617361409775546,0.755250437846091,-0.0361632339418105,-0.0238711517969007,-0.27882058813806,-0.393376504100666,-0.374871450853599,0.129046714154246,-0.208567171551164,0.469336018866367,0.0100848381960716,0.283961479812152,0.228762782353882,-0.280097053664906,-0.278747962579646,-0.104143605287533,-0.198642618538019,-0.0433102451891586,-0.177564275818044,0.179313384645337,0.0847255494730547,0.0258445506167933,0.53298385753898,0.304750484061488,-0.308816475280321,0.0225719069423654,-0.0757827955200072,0.0843719327529215,-0.0122984947890121,-0.139341840314168,0.0256231831146911,-0.255268977789277,-0.0301676623760655,0.584813785148235,-0.0585655039647635
"继姐-继弟",0.109046770615382,-0.0628356454798754,-0.312719135579392,-0.251827851289272,-0.430933555760034,-0.261784689873437,-0.208325759588648,0.143272236958588,0.269279503544814,-0.146535527387492,-0.178505365534643,-0.193547976697834,-0.110748971658891,0.0216262503801334,0.0627766511625222,-0.0104116412417197,-0.278695802238112,-0.28487100636709,-0.0931906024506893,0.336174823151578,-0.0681072859958088,0.038523219175461,-0.0138475947578974,-0.00474395182121324,0.0847840080839786,0.102450460308772,-0.0566190650172201,0.187739377970962,-0.334948386078758,-0.258186683178017,-0.060231952564268,0.0297857518992934,-0.137124843929337,-0.123550231048047,0.0375233259187877,-0.0834722750804524,-0.0506879050843347,-0.0684163684623174,-0.0637728006461072,-0.013329965375932,-0.362129134799563,-0.46207243314994,-0.317558607271987,-0.273220356810736,0.155302256842887,-0.107973654891981,0.0633613093460176,0.485313423060472,0.264649377850891,-0.352018402615599,0.38778989780403,-0.287364098426574,-0.238897354860191,-0.116116075461087,-0.211360867019467,-0.293830187771955,-0.0788013329976881,0.147199970061691,-0.0551754980128889,0.650311429926494,1,0.517399012142481,-0.217846794514581,0.00639343479464383,0.0752582805863654,-0.0835076848318866,-0.169392885629654,-0.100918389007506,-0.132586970385758,-0.274540817828572,0.222631500696141,0.2179794461068,0.0714808042425272,0.589887930224063,-0.0686852083790804,0.521025046334374,0.515233836845244,-0.01577951974828,-0.092292589907137,-0.229157401458316,0.162170412759188,-0.108771554202677,-0.0676539107779522,0.0367463278191605,0.488701131039916,0.074041962264309,-0.174446001769015,-0.00389907152739361,0.155018729858629,-0.104675536110816,-0.0652331542217224,-0.0453643205970097,-0.137424510784256,-0.206250392677565,-0.166216457200433,-0.121498423292307,-0.0513110647439119,0.02167052749019,-0.0368722564580344,-0.176666431083825,-0.206390795269433,-0.0960778933669979,-0.0821522940098652,-0.246285849933287,-0.145305865344627,0.583749078852102,0.524790724887494,-0.237747600930395,0.623870931111496,0.621275134185682,0.0546226300106497,-0.0130009816812989,-0.29761599935472,-0.321526039287218,-0.363395800376545,0.0174516634944523,-0.162899189015209,0.424075902821159,0.0674763556377179,0.363346225778767,0.21571611137997,-0.0993508308866508,-0.237863050566039,-0.0447056819037718,-0.140760652902489,-0.0824504335644206,-0.174896596121023,0.0504304099730244,-0.0977303878910207,0.103379837569736,0.677525688295769,0.506690378718746,-0.239889575187845,-0.0605274969833924,-0.111639354647745,-0.0272525114689864,-0.107825520662175,-0.229241658048434,0.103112283231351,-0.200715533427052,0.0882052110969848,0.682111739723645,0.10786198868297
"继姐-继妹",0.093112593445916,0.113964538359339,-0.207415184431744,-0.101279895766483,-0.230978385467476,-0.114936692110418,-0.32036972987674,0.118344463787671,0.107041356685567,-0.322537626096591,-0.24490910261443,-0.221933869043765,-0.237881655282783,-0.0910836208145401,-0.127532727381107,-0.185725873827278,-0.0951005999104167,-0.210296087154217,-0.266618990659671,0.431744185404066,-0.113924207044783,0.134322812641587,0.0416736442763502,-0.154336839053562,0.0296959826369456,0.20758832784707,-0.0849424950999151,0.151977162070968,-0.252477396494623,-0.20952943941578,-0.0200107753873885,-0.0255068674298537,-0.255248993283013,-0.0674006543812757,-0.107412055992863,-0.13433138084873,-0.100370120805932,-0.0949085865798868,-0.0710158225746366,0.1796863349836,-0.267306618804043,-0.230651484542206,-0.15031423604308,-0.218053308202363,0.183480801919696,-0.0614467943658196,0.356264313076922,0.376986897235392,0.0878996052644195,-0.18596560084181,0.309690614945672,-0.320203589108471,-0.0650910367371789,-0.07202625972319,-0.151772011518054,-0.272101599970259,-0.167504739168856,-0.0881420386236891,-0.118197099107806,0.727238231297582,0.517399012142481,1,-0.186145902445279,-0.00937061153191261,-0.0688012104373541,-0.0173392626666226,-0.240923484342335,-0.26956878602275,-0.16584549087704,-0.120583671211835,0.196984967905709,0.161749823759594,0.0915771192839042,0.467567229411996,-0.138817176969276,0.524228581515215,0.4475960185005,0.0682804800001666,-0.021114895361417,-0.155709423627092,0.0178552622206874,-0.0222523712779458,-0.128287652994289,0.00151394612157498,0.591466183295167,-0.0757029870859792,-0.0602241103540211,-0.118429014074418,0.152237039775198,-0.219219933668418,-0.148564451557495,-0.0550923262499543,-0.0957760198011955,-0.2128855375111,-0.0958911704244672,-0.12143560437892,0.146649891936342,0.0490473311980138,0.0423204619575109,-0.150996842262342,-0.231890799356293,-0.118800299320398,0.0808866605963204,-0.191458083171191,-0.157521997111346,0.535137491287889,0.407128381523438,-0.179916467788225,0.470605963249973,0.556124858908972,-0.222993782543586,-0.211306010201372,-0.159640554461678,-0.178532936342065,-0.241780017775348,0.197006348915592,-0.136205052462111,0.381353586138684,0.109271154013033,0.359904460306186,0.173638851582582,-0.241005437370452,-0.225368550956651,-0.138920390519775,-0.111378682357022,0.071407321168902,-0.153583341508883,0.189980013358777,0.223413839073499,-0.0531001715437606,0.491341585913342,0.444640607499727,-0.143660663522544,0.129404481139017,-0.0755633076188666,0.0187718858575288,0.0132962326400523,-0.125177322107121,-0.0031263123876524,-0.22828308393264,-0.0195742660001814,0.559983834284817,-0.169525964945747
"继祖父-继孙女",0.20254653714402,0.245386975396741,-0.0218847111759364,-0.127964425802504,-0.0222818961957579,0.197215210026116,-0.00251037417969393,0.144334616333909,0.163500315710151,0.0210749265978259,0.000315350480742073,0.0449916198369209,0.0903373080305149,-0.0269125326646635,-0.0340989388806041,0.0373196238292705,-0.103508865476973,-0.102034988914521,0.0138999185942216,-0.277178688942267,-0.108136584986757,0.0523264722887211,0.120451754672816,-0.0273952143051742,-0.146552417666592,-0.132079622288101,-0.215559106064276,0.106673592567248,-0.112949772986761,0.120068656667371,0.352554607037367,-0.255127076541627,0.0381986044704692,-0.0408612079124285,-0.211772084405951,-0.0318438346969109,0.0253717644507042,-0.10066502926573,-0.172672151559479,0.119155126537929,0.0101290885045206,0.00767566082813902,0.020728617919349,0.108392282880551,-0.235919165251668,-0.153547772906701,0.0389195008956837,-0.299435738675912,-0.10482016888498,-0.0639079487229631,-0.310375313872538,0.0600795617374702,-0.0360930212931095,-0.0745575281975592,-0.110506493173145,0.0505573902106754,0.128572124354086,-0.192637703898974,-0.146071841540409,-0.225408537077799,-0.217846794514581,-0.186145902445279,1,0.452581730156077,0.0514861083649342,0.17057199094389,-0.0920579356471573,0.0966689348837504,-0.103537150500007,-0.0386568601525436,-0.266442745857746,0.124238118357104,0.301079796774679,-0.399143358888427,0.198070480436505,-0.331534974900863,-0.416496834985981,0.257453185048639,0.197805665868474,0.122528865363253,-0.0946538311122496,0.120835795117172,-0.14007655668724,-0.191422253428247,-0.215390906642916,0.0633855538093742,0.343349252250366,0.226820388276965,0.212573348725088,-0.0696158177779291,-0.0546086201104748,0.255177564957098,0.0223735789846353,0.1023210882581,-0.0592419529654012,-0.106702999969934,0.272009980780717,0.151581827474856,0.38600303951632,0.0295930118808628,-0.0662565990729122,0.452600532013997,-0.15530788058888,0.125186153016851,0.00413624681008854,-0.303318343437449,-0.295035532679651,-0.106907006654603,-0.333353618795103,-0.354088519199534,0.174995998926353,-0.0351990685045956,-0.0192215344722863,0.0325035255559544,0.160028740134922,0.0821128522057739,-0.163119144901035,-0.402217195262172,0.075237734256088,-0.323687154793006,-0.327680011888708,0.0174860390134068,0.116003333656561,-0.0154672262017097,0.00642878979149838,0.371835728374512,0.0818213018923626,0.208595536119529,0.188536350459803,-0.146904938253224,-0.314658152245585,-0.251636185615522,-0.126737324322135,0.256680175331204,-0.00096919867769451,0.211565781856589,0.312869975721025,0.490135034454733,0.0931830601765811,0.0119988797667688,0.157353688398458,-0.171960689187623,0.0556110967922161
"继祖父-继孙子",0.20507886223603,0.298336648153016,-0.0462896812758754,-0.142546517923405,-0.094995733908114,0.0579638091186845,-0.198067479397021,0.307605610526243,0.23106159171734,0.00160372723705365,-0.108763144049418,0.0161678402159484,-0.00857043098524604,0.157205150750061,0.142654018271285,-0.020395189276722,-0.148364009303695,-0.113437915635849,-0.0254526458758101,-0.168847928276872,-0.0203168875539422,0.151868354647596,0.101703207480346,-0.0631009428205258,0.0427835381564181,0.0628174766005885,0.00355378197467541,0.30948745902285,-0.185489996647855,-0.0563710229269603,0.201509611316314,-0.0790178939691537,-0.0721418502987143,-0.154523361289081,-0.0811635417212642,-0.132760413607334,0.0810248074413788,0.155760900134939,-0.0717161496245961,0.113809561391824,-0.122640633024932,-0.201510528895016,-0.167163160747671,-0.134705578953717,-0.301171910832669,-0.148727792754117,0.142824311658867,-0.220983278869041,0.123207683000753,-0.16491002330044,-0.245999010145933,-0.0354714398889314,-0.169149574041138,-0.119734500843138,-0.225808754493625,-0.0772269804443263,-0.100970667066616,-0.183262063578115,-0.099898408118376,0.00136016047718492,0.00639343479464383,-0.00937061153191261,0.452581730156077,1,0.17582993832003,0.306997959771854,0.0395405091992436,0.107448172677929,-0.138463493413716,-0.0998262788676307,-0.285277799349596,0.391066641976159,0.212017854492341,-0.226513906437958,0.38915117668584,-0.234282605831826,-0.270430002925664,0.296055378000404,0.1902433982965,0.01496586156567,0.0607328813168083,0.00832823748528311,-0.223364655946206,-0.139642863967898,-0.0361776200739691,0.0504257417783753,0.235293891240908,0.0959183965791395,0.176390115750925,-0.131754071880438,-0.104015519911662,0.321946146198789,-0.107095120155155,-0.0584706915908259,-0.206850095632006,-0.214293044788555,0.193891144007597,0.20850752883961,0.3492948476676,0.00256034994207161,-0.0587200596437625,0.232439889631161,-0.0699055347492657,-0.0626311826396286,0.0602544044515598,-0.168877277425739,-0.179914901176164,-0.160389837934484,-0.185879187153035,-0.156733594689896,0.229096336588324,-0.0438702179836761,-0.0511167160803987,-0.136918399775909,-0.114676917959509,0.152485957572565,-0.182851308758822,-0.251079979376279,0.308333638459435,-0.258026700547084,-0.294247971577096,-0.123749177190751,0.0895739147072061,-0.0472858645654199,0.0385167244172534,0.252958227930432,-0.0566723000033806,0.230916210621177,0.199556980324193,-0.139170105894906,-0.212295625058665,-0.181141262117195,-0.156568861749245,0.222741967876724,0.0548265036418246,0.375422319120206,0.37007181638572,0.251135513253234,0.101454954141735,-0.160948438302882,0.0343695752742023,-0.0818008873059344,0.0686382310166165
"继祖母-继孙女",-0.0428479252279348,-0.158794834323578,-0.178726469498941,-0.233910855063537,-0.287682605950021,-0.14080700671331,0.143526514374596,0.205926026195672,0.142284930599337,-0.104559267397236,0.197786892412704,0.201841049147245,0.0713797661115377,0.220153182521453,0.150120122640464,0.15484585283408,-0.184923756466417,-0.209700186522292,0.156551285296354,-0.0210746607939136,0.0112799307073708,-0.00409300001695979,-0.0266341724737992,0.100807040853575,0.390931456693516,0.000589141535295645,-0.103741234058741,0.146253539187778,-0.198753479576,-0.105944560322057,0.15699512910224,0.21874288390202,0.166907382814471,-0.0290765306845523,0.159742215438983,0.0676088162572464,0.270672456188533,0.0212039590785328,-0.0586000901458477,-0.0356134155496432,-0.307820322550805,-0.212795717289867,-0.234365117723578,-0.0670350320213944,-0.189584793940707,-0.213550747573361,-0.0374268788761759,0.127259154844807,-0.00375168630653048,-0.0585791343556175,-0.056995620797909,0.0186326183522467,0.0161321275526324,-0.101241879637104,-0.10486101340716,0.0242649878635402,0.147385648202037,0.189797559590461,-0.0766904701368826,0.087746337458036,0.0752582805863654,-0.0688012104373541,0.0514861083649342,0.17582993832003,1,-0.157252443080579,0.00497520118612371,-0.0232795766535077,0.0311568384896392,-0.331113106196228,-0.183878161702172,0.290468346304535,0.0792429519277786,0.0317419689529248,-0.0080941247132936,0.0613163332940829,0.0147037615444471,-0.117564466187976,-0.115413823582193,-0.0817498078695019,0.287849681331636,-0.0955310235110553,0.0453544619637304,-0.0137044820242948,-0.118777986865688,-0.0928762189372494,-0.0295965046226304,0.0663108658570649,0.184772929333321,0.109995503019341,0.0177798551507034,0.0946415227276744,0.0260333564325389,0.0745899704042852,-0.109533975508987,-0.131721959887214,-0.0610698064920379,0.0389729482160555,0.0866266197611227,-0.198185991196659,-0.129050970501652,-0.0846087013943749,-0.214353715262928,0.00221699597637712,-0.0239313253283718,0.0911906246200471,0.0968034342253409,-0.177713318327061,0.0783474935222654,0.0598297339546958,0.32838704576429,0.223697393125716,-0.21138998458393,-0.128609486345704,-0.142856229107437,-0.318425568268013,-0.153942342091109,-0.103129624508047,-0.174159571683987,-0.101807983146345,-0.165543299026543,0.12970391060801,0.137076962192005,0.238364899862683,0.178607100084436,-0.0344466063921032,0.0488036428211577,-0.0210734266020765,-0.124449289266684,0.155413115115985,0.0600298677322846,-0.0278871101715634,-0.223596814952104,-0.124474786130109,-0.160480640510477,-0.0104679960545944,0.0396992001684833,-0.0421373827751361,0.0292827246390407,-0.101654178911959,0.0295837504676142,0.00437573915498148,0.26122113313641
"继祖母-继孙子",-0.0919231965304129,0.0982553659614939,0.0989258561266613,0.0584559680556048,-0.0454363116684863,0.0119071327299792,-0.160260995574787,0.232693505463846,-0.0651559286981365,0.102164453857197,-0.181583420130321,-0.0630904905690918,0.127171921038561,0.0687169470530663,0.0493125955479347,0.0394958230164977,-0.0950878355505223,0.0101407836896599,-0.0783562867026955,-0.153335784862086,-0.0955961954924438,0.25333385408803,0.282621074240176,-0.164542866321478,-0.101450177548652,0.211921818464508,0.307439409921551,0.324039907936526,0.176166705708729,-0.0253605533980012,-0.0168317485578733,-0.154530389607959,-0.0510052583989691,-0.118178334858867,-0.0524747699206331,0.16639817808737,-0.0127278605838995,0.0686092833696835,0.16567119552324,0.187881097032844,0.0411000652812593,-0.105831266550061,0.131344816231762,-0.0409665186900161,-0.235925567400183,0.12788623436415,0.220124689542422,-0.328827228578515,0.0696210805218438,-0.0932596819795507,-0.278786124457377,-0.0438102210678267,-0.0986492671535042,0.074996935091741,-0.0967587757318747,0.0515516472880857,-0.21543597881448,-0.207460527985593,-0.106523723166537,-0.00703897078627172,-0.0835076848318866,-0.0173392626666226,0.17057199094389,0.306997959771854,-0.157252443080579,1,0.15329478891189,0.0870335210784751,-0.00336260447743654,0.0105980581147228,-0.23120217279814,0.2291194261696,-0.0335082873948428,-0.231496969997629,0.264691661721711,-0.187482320302805,-0.212880635707733,0.310761929747842,0.146207654582402,0.159221810507613,0.153766278315646,0.0690390282961417,-0.0403650975995443,-0.0161883103382183,0.015382268572304,0.128494874549091,0.0608970341178771,-0.0396158852664924,-0.0524337084625396,-0.122852914115206,-0.0958830451974487,0.129515719035272,-0.00870101051983453,-0.0599901992366606,-0.142984132592714,-0.175929199630862,0.0517615147667231,-0.0287901712812675,0.062688696190194,0.020637161820505,-0.0619229987292578,-0.0157694690025839,0.178099041451979,0.0746110483484954,0.250565158514987,-0.304884018270125,-0.245015157369173,0.104768606957125,-0.0734770980347958,-0.0719765573362576,0.0263558987359451,0.116852258209838,-0.0359626458135175,0.0269334325840987,-0.152226687882695,0.27250145724481,-0.011790147914844,-0.163582917888658,0.326349038142901,-0.313514309482209,-0.214937105631176,-0.318385878219902,-0.0757919388004224,-0.275380996373568,-0.0705488032843967,0.0633502405122204,-0.00127371519854539,-0.0217660757250301,0.0710605255262343,-0.224726250720858,-0.168265384344282,-0.203748202634454,-0.128247271766816,0.0411425024982165,0.244951282247774,0.2447629470528,0.207526291643286,0.102742513946319,-0.0799602861464816,-0.0810131802541297,-0.208228168895392,-0.02913131241534,0.00922040218122636
"舅表兄-舅表弟",-0.208221014891724,-0.0803289217647818,0.15713698609411,0.366746862113283,0.272295281872078,-0.0666125996752001,0.208458243232599,0.0365525945370789,-0.114273377476069,0.128307889746492,0.216055561448741,0.201020342953065,0.253895462840823,0.299390926477119,0.0425947048708969,0.285859154838867,-0.105134813164566,-0.0770690488040771,0.0531243546797584,-0.037316808042573,0.00099855729108216,0.111527686597135,0.114961505862991,-0.15355683018308,-0.0266078331085249,0.125115402733386,0.169184250632622,-0.0573112132648842,0.237814762491309,-0.110955428775642,-0.106599980887021,-0.0258375953652102,0.154625520685957,-0.0671004156990065,0.0715223753922195,0.169488246714188,0.157647024374164,0.218309995186982,0.192623575692157,-0.0124235768628728,0.0676020508345906,0.137287027777211,0.34907673433187,0.205666961761839,-0.159806366111543,0.125757445133376,0.0389764022132976,-0.187203127403627,-0.0132870980701473,0.0952142488010286,-0.141147580280602,-0.0980254363818542,-0.144230179307558,-0.0158032536029033,-0.0118931604681641,-0.0733331931225321,-0.21872554820912,-0.0633101067963263,0.0946775108291447,-0.278610504243967,-0.169392885629654,-0.240923484342335,-0.0920579356471573,0.0395405091992436,0.00497520118612371,0.15329478891189,1,0.3302800341148,0.0496011276883433,0.0518938985560867,-0.129389311920208,-0.121591562480932,-0.165910693413543,-0.148991786919359,0.0947207806288608,-0.237512115697811,-0.094529335713322,-0.102125624632279,0.0449466605711007,-0.0591468152946514,0.0242622190532943,-0.077802322338592,0.195229301368399,-0.00507441239002669,-0.0993018106967099,-0.0927112835867627,-0.141640322691951,-0.11972702279519,-0.168132818643874,0.0462849154023433,0.112507105795802,-0.131589681894349,-0.202885010931127,0.0606317892364821,-0.183418820902947,0.124843178138298,-0.146533670597041,-0.186285267105684,-0.186581688040899,0.109603246986289,0.0973631633580437,-0.294905411775262,-0.087677859076013,0.282403057667076,0.0975456990955364,-0.220779259710451,-0.179160089272511,0.0422158168339271,-0.0218092375661981,-0.174179824971292,0.0929080470426236,0.093299335858085,0.0212976711255155,0.219853561785958,0.0379204264061051,-0.0842158024800441,0.0627318002951351,-0.0919264644480402,0.105468742408684,-0.224451288854231,-0.0284097732497933,0.05519571675062,0.10018997320586,-0.184883563459398,0.156659187752373,-0.18793487099275,0.184671267715174,-0.281863653290837,-0.205299747330806,-0.173979519679813,-0.0933222167308376,-0.109554041962647,-0.0487341303919015,-0.00982836472756672,0.210497833769027,0.0709803412754392,0.0745022433506819,-0.120495406995037,-0.212113913112916,-0.00958766282961523,-0.213936869382047,-0.198205004238755,0.211054399386271
"舅表兄-舅表妹",-0.111850381949523,-0.0685973315856877,0.23996872204707,0.344114927927445,0.190886146984854,0.358443891688779,0.0251346280202711,0.0411614376826527,-0.0638491300692936,0.112165503160491,0.196694209635773,0.0651883618243843,0.325087116082281,0.152687871933905,0.25309383236997,0.268089908300873,0.015906508954286,-0.147122677729115,0.187026377159181,-0.126287522167077,-0.184199837301053,-0.0458764516442934,-0.0919188702485734,-0.128450176528266,-0.0982975275059074,-0.129960448401676,0.112491189767229,0.0368769075981899,-0.0287825802535,-0.012830777815882,-0.212511934877235,0.0247028024918053,0.0599099413826311,-0.135286119705962,-0.00620253907516938,0.136003765582543,0.0584948001967439,0.114515288760442,0.183416891092197,-0.0675774369681862,0.256820421242605,0.016467694360106,0.291706164845739,0.318994809752497,-0.219079675198876,0.122399151559073,-0.0486291206705593,-0.18293043396167,-0.147391596080908,0.104189461103481,-0.151305598086125,-0.154070704506952,-0.0604433958802654,-0.0333622831102863,-0.173466389699001,-0.0312271758679026,-0.0932508224726127,-0.0662712608252502,-0.213695084019609,-0.344651655399222,-0.100918389007506,-0.26956878602275,0.0966689348837504,0.107448172677929,-0.0232795766535077,0.0870335210784751,0.3302800341148,1,-0.0344669402952116,0.186361945390478,-0.131455524771801,-0.0750824192759263,0.0525959782244715,-0.144489736423689,0.154326423866862,-0.1681512480851,-0.162964776774175,0.0674647827229315,0.0943527631920802,0.136031073177871,0.107344266242129,-0.0904474403385113,-0.00782749475265938,-0.17462153402677,-0.0870247267894568,-0.251874879341058,-0.084326314933161,0.0605818100269515,-0.128824620230191,-0.0789102314772953,0.0759101604438848,-0.133824087617241,-0.284305479650136,-0.0696665658637653,-0.213147854342987,0.0480131377899147,-0.00429449818180914,-0.252658321388206,-0.109709117141536,0.055882425053482,0.0834868234801314,-0.0689520336161279,-0.223832809717597,0.34705332044867,0.407656744064636,-0.161237253934067,-0.183564369789625,0.0439759047838162,-0.110010665410158,-0.258173524306421,0.189506132180334,0.0695267905814176,0.209252201102077,0.256485014064422,0.177650730240148,-0.016761699494101,0.0968455397205868,-0.111215539229883,0.190777219737006,-0.0835108454245123,-0.119902244232971,0.183304456609961,0.28457993502873,-0.0599279253795408,0.0946524179293036,-0.0698291159354743,-0.0211096057466074,-0.14822480838956,-0.0767788424950443,-0.2516752290229,-0.131568728588523,0.0470185409840081,0.0668630122393917,0.0401792577178409,-0.114663678702479,-0.0376698720170425,0.0150138076329646,-0.0314622331691837,-0.083301334316122,0.143604709300312,-0.053569528156909,-0.191789585255799,0.156525427426018
"舅表姐-舅表弟",-0.228810724513746,-0.247272434274416,-0.0385008234968684,0.0910132792493314,0.202085154654916,0.00937639719943672,0.00195078473270612,-0.0555098833650548,-0.196442238819469,-0.0445615471284,-0.0547259369945096,-0.0626308851212418,0.186787242967178,0.0177393283876391,0.153347143606427,-0.0515011687944431,0.370862799077992,0.0109512512368082,0.0392003095971319,0.0265615379625497,-0.0302033384912088,0.0163953006944911,0.117884802318549,0.0216800856459118,0.18699677364327,0.05706094931507,0.125059874295389,0.0858787885841659,0.210623583615673,0.18579221154575,0.03166598969017,0.36982263190711,0.206481083809608,0.0953815572414671,-0.00181601041046691,0.250433856317981,-0.000321683962922397,0.0609265906949206,-0.00998190155920765,0.131938736217549,0.135051656361961,0.232766090665966,0.056396607107546,-0.132769305126935,-0.0535200465314247,0.045930256439985,-0.224884075148542,-0.0949045039126348,-0.218248914372728,0.306942835547443,-0.0123078580833094,0.0170480356625829,-0.100793153082957,0.100787830627625,-0.0111233209849677,0.135354519871651,-0.0835738627148066,-0.112672573727231,0.0134051425836023,-0.10984940567287,-0.132586970385758,-0.16584549087704,-0.103537150500007,-0.138463493413716,0.0311568384896392,-0.00336260447743654,0.0496011276883433,-0.0344669402952116,1,0.213166132298878,-0.0624037773132974,-0.0835888033741692,-0.224455599506783,-0.131394946282094,-0.211401579079702,-0.0936763243114204,-0.0980758210616531,0.0123694925979625,-0.262271355010792,-0.0622030490928061,0.0821955186344377,-0.000326761265180753,-0.000662709425148469,-0.0346136688439103,-0.140915231636257,0.0336730917414607,0.058977148892361,0.0953883032413715,0.0652969029555665,-0.019952146288737,0.0299567713809371,-0.214229935861125,-0.0448647592243649,0.372093932077779,0.123995141071346,-0.0557351048198388,-0.32430349996667,-0.192031708001053,-0.216382274133053,0.0482354108472122,0.139156998871469,-0.0355696685668492,-0.0107806911712662,-0.0487312648990524,0.0864157815043264,0.00203468410915834,-0.0438610146147309,0.366708722907288,-0.0743056087356974,-0.107811588198868,-0.00011139186837068,0.0656125861151044,0.174947605177185,-0.0135758820454942,0.142837339163273,-0.0352900370602518,0.0660706341403968,-0.0831528188218863,-0.232546280390407,-0.0695353053646712,-0.110424178971977,-0.133087818070116,-0.0994579065400057,0.154022453681877,-0.199295009063087,-0.162840054867389,-0.137648588348956,-0.0353017737048459,-0.0556490574078926,-0.00942442499347038,-0.0768906719391435,-0.0387827376431345,0.126193643587866,-0.227697998440417,-0.0169979180682888,-0.18421036289682,0.0224818567389833,-0.190140741580692,0.0584871018425129,0.018942170750911,0.0120022235593727,-0.111835078138275,-0.0622761134652434
"舅表姐-舅表妹",-0.0189551979273569,-0.00779604376182149,0.272428081208521,0.183768161793692,0.337155188314756,0.316549623870864,-0.121064283314348,-0.28363168815195,-0.269604576678524,0.028727465100084,-0.124808364075072,-0.130389398590356,0.0335876657025268,-0.0964598841893441,0.0159534723115837,-0.0521490761784725,0.324487676308025,0.265323134575499,-0.0861553271333766,-0.0374753192077037,0.0010147523896995,-0.11167944828786,-0.116769527167691,-0.0254617357935823,-0.203713416489688,-0.0614143909833228,-0.00676784653775785,-0.0668970267363714,0.280028862239677,0.176340583784777,-0.206237291797063,0.16933630672607,-0.0818704293944321,-0.0564886353571144,-0.145367394043089,-0.0571377059641262,-0.241592440760351,0.14791137572143,0.0453638765889645,-0.0212813006019875,0.327988742583523,0.250587593151638,0.119256424840058,0.0958790847786044,0.1678679689946,0.177233506310699,-0.13260149065616,-0.111181845393733,-0.125508044479682,0.212883187684777,0.0091698212727968,-0.0344216819287077,-0.0291592084882237,-0.023447557721354,0.0129103995824092,-0.0987914260663382,-0.0826154250401428,-0.143685265766264,0.028839913123395,-0.240265996874985,-0.274540817828572,-0.120583671211835,-0.0386568601525436,-0.0998262788676307,-0.331113106196228,0.0105980581147228,0.0518938985560867,0.186361945390478,0.213166132298878,1,0.153189792328561,-0.270255235912467,-0.189204205310229,-0.0801589028238559,-0.0707214234964397,-0.0984500575910429,-0.0644012341092143,-0.0152684396302521,-0.146497714763529,0.119351700661016,-0.00555801620632105,-0.0881677787202379,-0.0604940373667818,-0.0496561243582496,-0.0670062071345713,-0.092127254171375,0.00958691952429296,-0.052864206168319,-0.310125595411735,-0.16262205486057,0.0978241119000258,-0.149809211582146,0.0202134120150037,0.0586594724119546,0.06331422491224,0.124938625786223,-0.05138251544643,-0.0666283205021643,-0.0920049355342657,0.225833829314366,0.137729842093349,-0.0300602623118634,0.0194184152940293,0.0188693903468199,0.180837702221058,-0.0785931219001038,-0.068599310983985,0.271016535664556,-0.284213329237075,-0.229313152387529,-0.0606265894805334,-0.236027620685322,0.575308726629582,0.15838181986378,0.179723831579752,0.138146551682815,0.239276691335821,0.0968452817612697,0.117817247818332,0.119033315660447,0.0701971047616387,0.0359544685024782,0.0216310060060908,0.0642912745858176,0.0206877833235915,-0.0753679630968974,-0.219337552390103,6.08549968411699e-05,0.00958391013522819,-0.033904746984578,-0.171675702242528,-0.0162284820377363,0.336456737269984,-0.0726273558943935,0.0808321125541013,-0.0543407348000363,-0.0215151225441738,-0.0169257811367296,-0.010654220934142,-0.0256351976835531,-0.038221941496013,-0.163174622167426,-0.188495030401915
"舅父-外甥女",0.222236392258375,0.0198430644156951,0.182638810983467,-0.0465013929654772,-0.0511547932218793,-0.0415182747860527,-0.0329976256227157,-0.267984708599047,-0.0835542906823835,0.0136660976508841,-0.175873627894413,-0.0777294479208349,-0.249657414912228,-0.305792441008926,-0.192456741695141,-0.256993428893177,-0.102441925926221,0.00967406193337856,-0.259969122738568,0.251942954225249,-0.0205197184716287,-0.269370238326966,-0.305998726768104,-0.112215949059309,-0.197792954947431,-0.121501737658949,-0.0954674233835748,-0.220037594368825,-0.0385865161284576,-0.113863560507494,-0.233052566421346,0.0976158397074055,-0.351436780489991,-0.122142828711126,-0.124667250439418,-0.258250943783326,-0.329860646078621,-0.187211413816874,0.0436736803702191,-0.237655198083336,-0.196571643876015,0.048633595018386,-0.0336838079165034,0.0738348399225184,0.788274329078642,0.0369897567588389,-0.141175517577469,0.524757180506694,0.0178962209794117,-0.15531210247148,0.607850598221304,-0.174812031976446,-0.00540469675615204,-0.167796660012389,0.219888099256539,-0.0788997511079699,-0.0119964795323228,0.173845812314285,0.0437781706575294,0.19132579249409,0.222631500696141,0.196984967905709,-0.266442745857746,-0.285277799349596,-0.183878161702172,-0.23120217279814,-0.129389311920208,-0.131455524771801,-0.0624037773132974,0.153189792328561,1,-0.170219292844831,-0.102460837535111,0.446409108801559,-0.148528544650054,0.533340694084118,0.54208228724237,-0.139058662070089,-0.00399489681938466,-0.0775866403107494,0.0372469031054115,-0.198722522067624,-0.129691577293192,0.0153506062442759,0.248351319931584,-0.0863444893434821,-0.213594402076377,-0.177736724105401,-0.251076268599084,-0.180295092642716,-0.148709532572755,0.00185370515039065,0.0445613297489624,-0.0763485992481366,0.186110030036732,0.385106774977896,-0.0202378579192255,0.00890144996538503,-0.0397053428297112,0.00039485369788102,0.0818510946889391,-0.191352484371951,0.178769917059377,-0.168691817940376,-0.143387951264187,0.419925326423593,0.455173451486726,0.05251761758879,0.099830042739881,0.181876353209358,-0.209986387526565,-0.223988883576897,0.00102924235387066,-0.0513905189654726,-0.152167039897478,0.221020828666223,0.0948017747853404,0.654290824506519,0.0677738448208049,0.65690386229364,0.852919624448786,0.202922991709724,-0.195714077239213,0.00210813071631918,0.0460613756909884,-0.160985583440481,-0.240044982597323,-0.0770319787911011,-0.140964053417771,0.131600254161744,0.262051761313702,0.33395641392607,0.231840368636194,-0.0519765382449694,-0.209041050400004,0.0732301078564342,-0.156063340452408,-0.103359920700393,-0.240321036074648,-0.24983785030541,-0.0654788156061767,0.144469167933498,-0.263322183722491
"舅父-甥媳",0.123847388187769,0.0653688364650011,-0.288101954910739,-0.352659123550131,-0.280085142879849,-0.222662197262356,-0.106573651066336,0.483422111801028,0.314495204830742,-0.196558110420872,-0.26011801279818,-0.0160933281848005,-0.133243277649194,0.0942458880363787,-0.093523385620459,-0.0757636372010065,-0.238691921546132,-0.232257654107893,-0.0248745149450391,-0.0589126620143041,-0.154965018912868,0.0233081334743869,0.0342177224073475,-0.00364506209213787,0.257821508642855,0.0571096182263052,-0.0784835900000056,0.358663036675155,-0.201428640886947,-0.11667761527963,0.261745338720297,-0.0468804360486973,-0.0190141035210346,0.00409560457450217,0.00218694580250461,-0.0343320456201297,0.180259237813445,-0.105305073609384,-0.248519566965358,0.159042051862173,-0.290284156929801,-0.318088213258376,-0.334873999604718,-0.215920507533273,-0.196252582824505,-0.170200376465126,0.177156798927586,0.0537537139353137,0.169013739555626,-0.230009286355101,-0.104528495226142,0.0805103599274021,-0.147587702053313,0.00922317842145944,-0.177025862861063,-0.0375822273527449,-0.119418329207212,0.0772094503249035,-0.187906499587259,0.283588470671873,0.2179794461068,0.161749823759594,0.124238118357104,0.391066641976159,0.290468346304535,0.2291194261696,-0.121591562480932,-0.0750824192759263,-0.0835888033741692,-0.270255235912467,-0.170219292844831,1,0.275085349395192,0.0876366488131481,0.110343893243966,0.0141577644169664,-0.0362475527136643,0.236075612189793,0.112448877997375,-0.176351073133019,0.177616621651774,0.0209110738697187,-0.112072379090242,-0.0104767370572545,0.147034456975237,0.165872840134429,0.052515633118673,0.218565666731354,0.28416069821724,-0.0941295245274861,-0.0551353656669696,0.180743650888822,0.0168712319543027,0.167490040390611,-0.106357847750692,-0.128529980711222,0.0349216786894316,0.095505259997144,0.277373874516241,-0.316277396714619,-0.356912822943835,0.13707700629535,-0.0697708892202059,-0.102665657171886,-0.184168487282114,0.0601967381372317,0.0138324911392449,-0.173908838539809,0.166499413072294,0.145555190484915,0.285545254524712,0.0995277551015218,-0.269983890901165,-0.14438977856019,-0.282424130409231,0.08162496546925,-0.280656436114442,-0.0937079519719779,0.0999025668706477,-0.181434233208159,-0.203454516887482,-0.168637669972119,-0.030904829292033,0.0314178777658711,0.0716552823320893,0.14231612736714,-0.0857903147982423,0.172225864248982,0.15741536130015,0.00858753287057734,0.00826068029842916,-0.0596651827251604,-0.33289168538447,0.194048552803953,-0.141092925741988,0.271322778392674,0.0626436458514218,0.144802746252737,0.137249848257083,-0.160424753179588,0.0429636087034535,0.136841296638745,0.112547774109114
"舅父-甥女婿",0.283016413447029,0.215205277475076,-0.120255384115415,-0.246460075429417,-0.220718457248267,0.0214942438551603,0.00634683176395382,0.335708105840855,0.505823501516688,-0.052318343595123,-0.0173571802688165,0.0475869360616116,0.00110932755203255,-0.00899305263532501,-0.0451633329059834,0.0190656361356799,-0.0195186112438842,-0.365709850681021,-0.13375122031012,-0.230717178200781,-0.223563034028473,0.15049481024554,0.0168486452755034,-0.262424125804519,-0.107526547987132,-0.0501466157306889,-0.10597580748881,0.158002129641032,-0.334565625492231,-0.0589860300215316,0.231423154084474,-0.145066563439916,-0.124117085593975,-0.0836695423576635,-0.204302739279015,-0.186278186942248,-0.0231795538935954,-0.217045147509289,-0.284161013533233,0.0923471243228704,-0.135161345853533,-0.327034331073776,-0.147644605519705,-0.0143103499448584,-0.108094136725629,-0.297728274031661,0.293701426592768,-0.00901571551583279,0.154888566595845,-0.180725674095991,-0.129285663235933,-0.100650062477957,0.0555056223943991,-0.101075118982822,-0.160039217937432,-0.120968641867104,0.249066434141954,-0.0270583927808343,-0.184092603540126,0.135791682069521,0.0714808042425272,0.0915771192839042,0.301079796774679,0.212017854492341,0.0792429519277786,-0.0335082873948428,-0.165910693413543,0.0525959782244715,-0.224455599506783,-0.189204205310229,-0.102460837535111,0.275085349395192,1,-0.0556597646717526,0.00134898216354468,-0.0797022191296536,-0.158509313767062,0.223834484833046,0.251549145982529,0.00913260860294098,0.108210594439993,-0.0522750193900972,-0.0951223688687132,-0.107637681087936,0.0768817952380256,-0.00174927774517001,0.143387501477269,0.0489219365353057,0.266635824411146,-0.188294004497341,-0.194328866236854,0.166310898569429,-0.0887715623887174,-0.113715286657708,-0.0876970284954923,0.03617110886468,0.438771644896102,0.164701655476159,0.28122154320725,-0.111306408832143,-0.334034551627151,0.306644281177592,-0.0518605782048236,0.058247818438369,-0.036513144829002,-0.046914759919645,-0.0531341375023824,-0.189462274155879,-0.100209535500451,-0.024121407692052,0.0273808128178577,-0.0359761005228857,-0.209235380644953,-0.0887160177845475,-0.0942119150960664,0.0827477434257008,-0.34000335182139,-0.128317964852677,0.199786452602766,-0.0741883634381801,-0.121181002193701,0.1404787329167,0.0445672271766436,0.132555911417863,0.0646771041936519,0.478510159942179,-0.0860674766444282,0.249318588892083,0.327300909996664,-0.0359901089063572,-0.107634912781636,-0.0595233986322531,-0.0714069196220125,0.43443136435991,-0.0434661826073196,0.158191927978607,0.181483200966774,0.244991457614113,0.204718542957494,-0.0155194561132524,0.0656200367846375,-0.0358648364480284,0.045356641608845
"舅父-外甥",0.00541001992542843,-0.222805748723296,-0.160572927230722,-0.205320638002986,-0.260690384011629,-0.254938429906862,-0.131353425874451,-0.0243089141860054,0.0531892367615546,-0.185463048938627,-0.198800636835815,-0.12967163607931,-0.197875915531487,-0.0618492581643863,-0.0601852753434754,-0.0805114967520001,-0.205669936776168,-0.192975607744762,-0.14489901045602,0.492323172569983,-0.0794234778505846,-0.0305965564120982,-0.129693967623581,0.0314607004580354,0.108941878714079,0.10168702723782,0.0317374790794315,0.118980203498677,-0.266973760198937,-0.251398907779469,-0.196886773088553,0.133909954368319,-0.28929489130513,-0.0590340042091602,-0.0126550374736724,-0.0866519372455644,-0.0277393396641954,-0.0971771567216001,0.00380248298016313,-0.0581391342454859,-0.332847630061235,-0.278013749589466,-0.271582492003351,-0.276568535099697,0.378838462731698,0.10409138353587,-0.0325635441387535,0.627866233583612,0.0494350353694341,-0.293006880401193,0.676000173041893,-0.187232000513561,-0.162296862439818,0.0275809856068064,-0.13040636040746,-0.249088515629076,-0.157089872838108,0.205486630405878,-0.0485946773148822,0.657748219011338,0.589887930224063,0.467567229411996,-0.399143358888427,-0.226513906437958,0.0317419689529248,-0.231496969997629,-0.148991786919359,-0.144489736423689,-0.131394946282094,-0.0801589028238559,0.446409108801559,0.0876366488131481,-0.0556597646717526,1,-0.226409714717401,0.719452014355181,0.809756547843001,-0.156644916059162,-0.209109597769019,-0.204877682775562,0.206536100496087,-0.258175368712537,-0.0448433452597667,0.0372555342859289,0.581240453498993,-0.0860031354270717,-0.360862499832894,-0.0630004953189666,-0.00439507156593735,-0.0940943196820454,-0.0622224641287231,-0.069350899986146,-0.0379961543454059,-0.180116625631402,-0.0674340996831924,-0.0286658211079246,-0.189635706483458,-0.0980639295773623,-0.196835554645201,-0.131769577954596,-0.0907568894288479,-0.301151839906885,-0.000439259180978137,-0.207748109266497,-0.193814739797066,0.634576692369044,0.652335286830508,-0.123089537050325,0.687001524037561,0.688947500925014,0.0270032268164186,-0.0446235677826961,-0.116814058890843,-0.321036781436042,-0.283605602879429,-0.0221293956582207,0.0447946036849836,0.766508329076493,-0.0517531329309977,0.53976418923488,0.48121359122216,-0.10991027615237,-0.178058483972623,-0.0928716692878002,-0.144440099783977,-0.247731869564058,-0.237045914946997,0.016225129688972,-0.11860622458034,0.0634495301399509,0.65901968302129,0.408424808784432,-0.166174041642052,-0.173563365524233,-0.172129765746276,-0.097551453476066,-0.300796016042394,-0.309211460579071,-0.0456325609973059,-0.194920866724376,-0.0570061247597336,0.55570733087503,0.0237180749761006
"舅公-甥孙",0.157834485573747,0.30923691384893,0.156322496820937,0.00513785776516851,-0.14074804125405,0.0651519296795159,0.100581412968548,0.0899807741214735,-0.0637600593568449,0.262354603937829,0.0171993683377386,0.037769850061368,-0.154775017302593,0.0935183738762129,0.105685054045595,-0.0180568229241297,-0.171438415756254,0.194131123143841,0.0395086706432649,-0.141124198236856,0.0855050549028767,0.0283661628619884,-0.0470060954762391,-0.0609596302921635,-0.141949762905641,0.0548840751009539,0.145467016052091,0.178808642905514,-0.0728455316059218,-0.134238109914588,-0.0570953505240513,-0.137298676153122,-0.108026367702842,-0.279836169431735,0.105090947067724,-0.0822849007421146,-0.0662934786225033,0.231123852768756,0.254113531459818,-0.0516360478306477,-0.0220344302781327,-0.0964284181974592,0.00358677015957549,0.152585925950368,-0.237452954981115,-0.0432662587634112,0.119885743693787,-0.176854833885023,0.244376335595736,-0.0661044723197632,-0.288400660832983,-0.185271853446242,-0.202243277255977,-0.29467182603144,-0.101767478851942,-0.0400114993440208,-0.150667635378422,-0.0868988840703865,-0.057114996227311,-0.166604365312064,-0.0686852083790804,-0.138817176969276,0.198070480436505,0.38915117668584,-0.0080941247132936,0.264691661721711,0.0947207806288608,0.154326423866862,-0.211401579079702,-0.0707214234964397,-0.148528544650054,0.110343893243966,0.00134898216354468,-0.226409714717401,1,-0.130473983156129,-0.158211473413873,0.182383860121108,0.314942137850556,0.0561739504458347,-0.0335769967620676,-0.0123806167372339,-0.0162792154280848,-0.0559140510652558,0.0104251372973405,0.0436625515885628,0.0295266335755465,-0.0145090762722977,0.0229151201613048,-0.0535126135646811,-0.0572468111130286,0.277018178098172,0.0255645139601254,-0.170468309652044,-0.171569259267541,-0.0348683326575506,0.22814649771574,0.213336092809604,0.299297943738136,0.122425092560786,0.0802494014615699,0.102297783947738,0.0614243763139268,-0.0573617934082406,0.145033849267056,-0.241365459077487,-0.164116184192241,-0.154492485464277,-0.196428745274139,-0.245204725150484,-0.104646839547015,-0.0923319911071751,-0.00725691978289939,0.0293395121412522,-0.218305893354698,0.262117395214994,-0.0650387189605458,-0.255126344586042,0.427929038679293,-0.173253598489757,-0.162812748156536,-0.0395826211290941,0.0830007887116159,-0.139729490669104,0.0879511406404897,0.119086201913292,-0.0474939594489204,0.0561198863873672,-0.0472975091193227,-0.0205142390726185,-0.209035508342936,-0.179110629296561,-0.0204513741305909,0.100164315828343,0.20305266045981,0.338905566988347,0.282721121741353,0.220629457705979,-0.0284313682572876,-0.229456186376567,-0.131699095941793,-0.0339374632998974,-0.0319687417341607
"舅母-外甥女",0.0598840566780219,-0.111454777433301,0.0249335710209248,-0.141794987178952,-0.262903513339371,-0.0991164350374478,-0.0593247601782419,-0.0518453778462426,-0.0331169534456596,-0.082013838203507,-0.152796525572426,-0.0670456322184115,-0.225453886779846,-0.118076808146695,-0.0999560337581155,-0.18531608440942,-0.198445974583667,-0.119539690110981,-0.205393753178159,0.465307676254284,-0.0905695498233696,-0.0768557374737172,-0.21111509458213,-0.0578928429393013,0.00563496000260322,0.0609140254615479,0.0737594466300576,-0.00203074856970533,-0.304264408896222,-0.303002624784014,-0.181897921249577,0.0901821099119762,-0.339561180533098,-0.105244233837007,-0.0181541905135511,-0.110037862807617,-0.0892694544738402,-0.157031145828605,0.0771336263875296,-0.134606281942366,-0.375462669449181,-0.227017951490453,-0.151681348486412,-0.0587495137252253,0.426802033714929,0.0134560811936298,0.00992725260138167,0.735354806107166,-0.044746881721325,-0.211143391551857,0.625615180670268,-0.218337877965919,-0.157693814335223,-0.177737426234728,-0.092619161847225,-0.229993974953963,-0.1269585766589,0.204327540997491,-0.0909338034017534,0.59870109902369,0.521025046334374,0.524228581515215,-0.331534974900863,-0.234282605831826,0.0613163332940829,-0.187482320302805,-0.237512115697811,-0.1681512480851,-0.0936763243114204,-0.0984500575910429,0.533340694084118,0.0141577644169664,-0.0797022191296536,0.719452014355181,-0.130473983156129,1,0.804853783602926,-0.0898533726842134,-0.0790890667668925,-0.0807402575168303,0.115376597762276,-0.292269081638401,-0.0667222581419466,0.0231798823381815,0.483132293634243,-0.171700747906901,-0.331520843734499,-0.162693175043503,-0.0280858159038373,-0.115430985894926,-0.14202133113587,-0.0634949421157272,0.0509556202743558,-0.1961628812556,-0.0343729285595857,0.0552220195659729,-0.0803918679584994,-0.103479322770677,-0.158984368236648,-0.0893790981969001,-0.0556462008930568,-0.28366883748636,0.0046803914197586,-0.175685714405307,-0.101755603227373,0.71751135192126,0.731268043080689,-0.119942974869241,0.484847577756152,0.57770028317983,-0.129107353537161,-0.0872487150922621,-0.135467733862618,-0.198283678727068,-0.323606968605448,0.0704415436165954,-0.0176166015074795,0.700900521167965,-0.0373650887086265,0.677996248755276,0.50571887747925,0.0124981557309001,-0.136565780368216,-0.0449364356308934,-0.0757552306470784,-0.222970126557143,-0.197797002136458,-0.0339838546604075,-0.102029040585371,0.0736501947253732,0.658837186394503,0.53999831963416,-0.0515606022926926,-0.16634773343277,-0.220109536788208,-0.0787011361929923,-0.130563588286902,-0.190611674044577,-0.20223026835394,-0.33350589915942,-0.120646372217982,0.514504196450409,-0.137664126927322
"舅母-外甥",0.0597827380774195,-0.0854724130090377,0.026611929708509,-0.0767817928647799,-0.234525365272419,-0.214354210513913,-0.0442669861284738,-0.144690726944968,-0.128602384773472,-0.0603453528177899,-0.1538025125376,0.0120754607938253,-0.268247357025802,-0.0778022811217681,-0.121840939317179,-0.134223616945271,-0.246474486943416,-0.11746530423994,-0.186605324026515,0.516245457989169,0.0279019516057355,-0.099787372174476,-0.213491711131171,-0.0704519109757943,0.0189708664479644,0.0521726677297371,0.0834426729493726,-0.0938114839670235,-0.262428680714294,-0.369827061764136,-0.2016906643073,0.0727801531141423,-0.32057943688571,-0.155088665957122,0.0496020794134748,-0.0796059900267125,-0.117186850736555,-0.0670501075371988,0.137698511098454,-0.125390269863785,-0.35288653014277,-0.192176643219358,-0.159553471100276,-0.138269416369893,0.384668947790339,0.162273288224017,-0.00609733787096748,0.737605542475429,0.0573590311284395,-0.250163298211453,0.625418489148352,-0.191610357863791,-0.231640416585154,-0.153946236866165,-0.031123605933253,-0.27232707639667,-0.206195757977488,0.212983351957799,0.0339707552375371,0.541565083171316,0.515233836845244,0.4475960185005,-0.416496834985981,-0.270430002925664,0.0147037615444471,-0.212880635707733,-0.094529335713322,-0.162964776774175,-0.0980758210616531,-0.0644012341092143,0.54208228724237,-0.0362475527136643,-0.158509313767062,0.809756547843001,-0.158211473413873,0.804853783602926,1,-0.119770344074475,-0.117620068450828,-0.196998283235685,0.0812126200763815,-0.290254546348722,0.0254247352848971,0.166493447114885,0.472259529861717,-0.110997086056523,-0.424332834173411,-0.195879865424554,-0.0759722529250798,-0.0139137331070868,-0.0658956824274922,-0.0330704176853316,-0.0281323179261542,-0.197279385676172,-0.139756362245275,0.111047751999457,-0.127902245460208,-0.0121165804758332,-0.178723725986624,-0.0327790933522164,0.0795989904089127,-0.342282226688755,-0.0153515135486261,-0.219685998294454,-0.13411577921154,0.605387201642545,0.707428468847922,-0.153513628608461,0.563337236226835,0.615583545855422,-0.134520592888841,-0.143386335298732,-0.153795723547217,-0.169979357200719,-0.321168697421595,-0.00119331807572544,0.0769593879155045,0.803925912962902,0.0215262790096275,0.670079282516721,0.566161433846951,-0.000574640624060257,-0.226683445889962,-0.10326800872592,-0.11450010295841,-0.281331237688215,-0.194938332744293,-0.127198970217997,-0.137698794854679,0.109145624369308,0.632363670441754,0.468018224651142,-0.0943354884100844,-0.238060248291364,-0.126259442570699,-0.0381975120373567,-0.177528079637766,-0.318653375838929,-0.185391134457386,-0.329103522556935,-0.1294058173288,0.541210456584512,-0.101274182527508
"妹夫-妻兄",0.228672138364753,0.280184394586153,0.0852569905408678,0.0739091470081611,-0.0915478982392909,0.111505287337734,-0.28944556947983,0.0574001047918582,0.114755528642298,-0.0680541047279183,-0.112512675724506,-0.141404005481574,0.0517910927372576,-0.027330676965726,0.0481057974882743,-0.101265464499478,0.0400820329382916,-0.16400123408197,-0.103885928711715,-0.0979077608989979,-0.140973265915333,0.255620008269025,0.178230763609181,-0.115908211722447,-0.134879462802267,0.0729340075108536,0.0751065867427295,0.304572470705606,-0.142406647081006,-0.0720821699277439,0.336259934882661,-0.0694869996907666,-0.224993298133684,-0.184407388186084,-0.0501800486106648,0.144476743777373,-0.00997456625246719,-0.0308470297467259,-0.0974810336895527,0.29596695585318,0.0275215600448536,-0.131814317513369,0.0699105219826283,-0.0702970825304087,-0.14985079929434,0.0058782918927025,0.24221354822761,-0.221997906646489,0.0452499339310358,-0.0376385553307395,-0.161626215834552,-0.288437770355834,-0.215797368998153,-0.0866387362767827,-0.305832971042739,-0.121976443226344,-0.254690385219529,-0.244186851260591,-0.217785310789287,0.0335735690166173,-0.01577951974828,0.0682804800001666,0.257453185048639,0.296055378000404,-0.117564466187976,0.310761929747842,-0.102125624632279,0.0674647827229315,0.0123694925979625,-0.0152684396302521,-0.139058662070089,0.236075612189793,0.223834484833046,-0.156644916059162,0.182383860121108,-0.0898533726842134,-0.119770344074475,1,0.356008452038479,0.0890085332065874,0.00156257283755845,0.129651988127579,-0.218058524295478,-0.0341001668614319,0.0211045828296139,-0.0279581227408318,0.0484746748450992,0.0666216162942183,0.352563601657915,-0.173936714387683,-0.223224279727514,0.268113740407307,-0.218582161296191,-0.170325821675718,-0.15752036858845,-0.266323409688891,0.243911805535674,0.108389907591889,0.210404126649552,0.179705587319317,-0.0431549620870374,0.12921120070772,-0.0079858493035963,-0.0556112202633729,0.0898050067912855,-0.153037831636042,-0.192049719539353,-0.0501090268407431,-0.132233387041342,-0.0993820282241012,0.0160443773188897,-0.0202271359264853,-0.0257581464608751,-0.00592654562791784,-0.105017083846762,0.366497529459987,-0.0709018701635803,-0.0691586628426943,0.243848223574176,-0.115269654620488,-0.110760622340736,-0.209458222580646,-0.144119037590334,-0.156168952536656,-0.243188740498212,0.329688106788973,-0.126427658364838,0.371526440238564,0.363236231005764,-0.179869152067228,-0.184843254342049,-0.153470913244578,-0.09116289993524,0.2928519185011,0.186659799773022,0.193896209238158,0.282723346354089,0.308969860225814,0.0714242446905971,-0.24279623134105,-0.0472345614792902,-0.0510540429574945,-0.0839401874334806
"妹夫-妻姐",0.251195384677951,0.388420181550428,0.216765636401888,0.0286851877519013,-0.0148072087871149,-0.0868476958115926,0.0172912089297374,0.0525491059988483,0.191273614315397,0.0850529257009737,-0.0468137427881483,0.122081787644973,-0.0491441374595961,-0.0962729072417235,-0.101745486842944,-0.0887152955333616,-0.175232389176126,-0.136096377954891,-0.165798662995966,-0.0873827927296065,-0.166741622395426,0.0824220025316066,0.113833735580917,-0.331301396447856,-0.259991719591431,0.077220275941561,0.0435501122011523,-0.0243568672582172,-0.167223526265805,-0.158755495895288,0.224756277441742,-0.285200888030805,-0.253893056586993,-0.170677093585442,-0.128411677911222,-0.172371221276925,-0.0362250229380709,-0.181329709424088,0.0191746806943269,0.0650318383204368,-0.0331569520691767,-0.0913520172270157,0.155635024270381,0.178966555662667,-0.0529119766316601,-0.00500256125221563,0.320464560346469,-0.0828608346296658,0.265843563387307,-0.133911560170023,-0.21065586932077,-0.118562147613424,-0.0427400875270921,-0.20980609127149,-0.0425938220205486,-0.0926795346906361,-0.0361743691508919,-0.0168206189353179,-0.126786402431887,-0.0758466001621141,-0.092292589907137,-0.021114895361417,0.197805665868474,0.1902433982965,-0.115413823582193,0.146207654582402,0.0449466605711007,0.0943527631920802,-0.262271355010792,-0.146497714763529,-0.00399489681938466,0.112448877997375,0.251549145982529,-0.209109597769019,0.314942137850556,-0.0790890667668925,-0.117620068450828,0.356008452038479,1,-0.00903340125830994,-0.17484136128703,0.0476716730615928,-0.119171350882824,-0.102213077517267,0.0202552269503361,0.0628186904806763,0.0889000362592282,0.0374183460221766,0.145097652114573,-0.0733885548949997,-0.157446218335418,0.298233420181181,-0.117431046298668,-0.179782471539456,-0.137371425617438,0.111409824555006,0.341280644833185,0.137605725615064,0.218349383076715,-0.0336107378248572,0.0382584122661989,0.0328937238508846,0.0821829545019002,0.114548663234603,-0.00787443033545748,-0.188015562818828,-0.225859407880009,-0.00190349761660046,-0.228574331574973,-0.206247015821313,-0.0789260301931589,-0.0600751277936936,-0.147068896555381,0.153164233703607,-0.0840969538508178,0.360683877149269,-0.0549323345529714,-0.0290884216117643,0.330106287626858,-0.103520597153473,0.0664872275955817,0.103715176937277,0.00965072325701233,-0.149400046855021,-0.0479806996204016,0.250536382241909,0.03590056141634,0.119315864834291,0.176364858451385,-0.162814823318993,-0.17468411773123,-0.148429743205155,-0.027993417439489,0.395814642697672,0.0203519845192577,0.327978870275839,0.27972794812929,0.286727380447981,-0.0760198856615558,-0.176008517367222,-0.0459064892176501,-0.112602888551691,-0.173122767627859
"母-女",-0.0380804104616177,-0.00811774442137435,0.152850767372541,0.15429126329619,0.0859812904005217,0.367765994667321,-0.0085484176192208,-0.0982661918934991,0.0186996419482013,0.196462943584364,0.246575582327262,-0.0111586113563627,0.235563149935654,-0.0290738938933274,0.261621239517499,0.195432527972881,0.201619876279905,0.0418941328195572,-0.155498980864328,-0.234913945329267,-0.207653354448432,-0.075782032726646,-0.10097141326594,-0.0218163878250073,-0.169808772452719,-0.0663718075584154,0.115751223779603,-0.00965950495884878,0.0309490092878081,0.17067875771674,0.0344545544304873,0.164123422568879,-0.0851335671238894,-0.0348492124727977,-0.0768500966771476,0.198713782437417,0.16938536484713,0.130175571185026,0.12300327851804,0.015529759371828,0.197035212791346,-0.0313424535424912,0.180189513583112,0.216839633292492,0.00668737978132431,-0.146507086648319,0.055714571619527,-0.253429943879705,-0.275519102517275,0.115360223845092,-0.198353451195616,-0.0401379121292683,0.0548798630795135,-0.0480024527287623,-0.027020332552058,-0.0618955098809017,0.139503923197588,-0.157093986445886,-0.299057608812734,-0.255011825169752,-0.229157401458316,-0.155709423627092,0.122528865363253,0.01496586156567,-0.0817498078695019,0.159221810507613,-0.0591468152946514,0.136031073177871,-0.0622030490928061,0.119351700661016,-0.0775866403107494,-0.176351073133019,0.00913260860294098,-0.204877682775562,0.0561739504458347,-0.0807402575168303,-0.196998283235685,0.0890085332065874,-0.00903340125830994,1,0.266026695969579,0.0703664459460596,-0.129525877056659,-0.172247921487159,-0.203165469870959,-0.232089093729871,0.0828398214937263,-0.154605312934265,-0.113831605627491,-0.0663849634277547,-0.100929208678879,-0.0433319541699827,0.000560285632632584,-0.184763865831839,0.0959671913733388,-0.126419529287589,0.146118167659353,-0.114915668177304,0.00422142762434527,0.0113245105395773,-0.019428816381572,0.0415153193932436,-0.0078549577919218,0.18766849532453,0.339642203000003,-0.0696805887433048,-0.110731382249209,0.116063353276867,-0.214318020307691,-0.220823198234811,-0.0972621182338047,0.0520200487175993,0.16789536840435,0.00557814149920623,0.0877830291327303,0.0188024269294265,-0.00650763717355355,-0.163125920552812,-0.0292153586441863,0.0137934256324822,-0.149013602884294,0.123621848806095,0.21098375568753,-0.0334381953166741,0.0568853041301359,0.2111932365229,-0.023440235867726,0.121560104084715,0.10111007821079,-0.168652912714241,-0.108972964210068,-0.0236493719525427,0.169213937505267,0.136469018642759,0.0296178166854842,-0.191145461046031,-0.146201288709299,0.122442487092713,-0.112630426009319,0.0478079979827874,0.0291875420819153,-0.117319536617388,0.11842521427419
"母-子",-0.0718833933581347,-0.168643030117119,0.012007819472837,-0.0584098925956633,-0.200826611157022,0.0267118841840124,-0.047992462603051,0.116422946309527,0.108396273106527,0.0743406679189208,-0.00435462268556092,0.0166729734335292,0.244162824383709,0.109440758890199,0.288189645517491,0.270730236281754,0.0431169255830795,-0.297553608514545,-0.175261178091521,-0.0919685065608268,-0.29582282220984,0.0692293470184319,0.0140902925002715,-0.171497523700334,0.15237650003423,0.119217409367582,0.150658984259122,0.378968863936037,-0.101448544542983,-0.0359614974062302,-0.0199582894106159,0.37249926505305,-0.0345603131305303,-0.164947648195476,0.00541104739079998,0.24886435823364,0.249503966502068,0.080665008904946,0.117360917624282,0.182540019560409,-0.220693586893139,-0.303386294271209,-0.0240980577704818,-0.1214435069985,0.0098949702079512,-0.193277200018984,0.128132739726531,0.0270192634601176,-0.0375187663006935,-0.129762105050973,0.0957436171524861,-0.213329090847598,-0.0809005368130833,0.0326492275491789,-0.226007412126824,-0.131642756094906,-0.0171787311611608,0.0194052970637795,-0.323605816181213,0.130202637727247,0.162170412759188,0.0178552622206874,-0.0946538311122496,0.0607328813168083,0.287849681331636,0.153766278315646,0.0242622190532943,0.107344266242129,0.0821955186344377,-0.00555801620632105,0.0372469031054115,0.177616621651774,0.108210594439993,0.206536100496087,-0.0335769967620676,0.115376597762276,0.0812126200763815,0.00156257283755845,-0.17484136128703,0.266026695969579,1,-0.190595841767497,-0.0515906488544394,-0.121020583342553,0.0739292555706466,-0.194381238377283,-0.159973638974868,-0.184637791283324,0.0687373264236377,-0.184159041250433,-0.156149570073425,-0.0524203799646864,-0.0782911786947591,-0.0639139166021014,-0.0640110754008675,-0.161698533121899,-0.104635980755482,-0.2030892977836,-0.120510197672279,-0.0844477551268137,-0.094036767610493,-0.166856124736812,-0.045032161827209,0.0738634283494439,0.322986167271813,0.184498671889578,0.203619007265089,0.054996317886242,0.14319755031717,0.112582335716329,0.198211622704307,0.189547573877138,-0.00263773994995488,-0.259595840022576,-0.210060983274172,-0.00211038091478602,-0.172039565714514,0.106917083621863,-0.0146946651730722,0.0728014608942708,-0.0300782921002278,0.0230479511618589,0.1403293489686,0.0961611801632452,0.150984922966298,0.0405263058599099,-0.301882368378701,0.0856985732831392,0.0329760370813522,-0.0952455741346062,0.175781416686752,0.0754448673871068,-0.100099939947911,0.0290430688434988,-0.0776368718711778,-0.102930531010819,-0.153873111349442,-0.119607940865898,0.0197441560010743,-0.157914219503165,-0.113136010072099,0.140035005882836,0.179761747484766
"婆婆-儿媳",-0.134477969891287,0.0145508337669009,-0.286528591740866,-0.0633798722235455,0.170193080114985,0.0138962743083618,-0.0485281083131845,0.0272818377677376,0.0998653499396286,-0.238641173646622,-0.00224536155649812,-0.0176869208039887,0.0682923184499034,-0.126909912982311,-0.038959084358568,-0.0485202234935624,0.099791292551497,0.224577123023128,-0.0581218421111126,-0.117805319206153,-0.144642781594885,-0.164632713534828,-0.0422722929922639,0.166700871846607,-0.012936824418979,-0.132200302477859,-0.309775300790124,-0.0512191150767025,0.230347561200857,0.263970519225857,0.175297116403897,-0.147829166884034,0.16521197521056,0.231105508395889,-0.0616500612245097,0.0947535236975074,-0.108721072426968,0.0124657568299549,-0.0630710120436448,0.278681782722636,0.250181467428804,0.214151840673766,0.14862001807769,-0.0712425353712513,-0.136203241440194,0.125309924550811,0.0392139702721365,-0.342533093018683,-0.126345981499971,0.155569154750747,-0.157987660667934,0.0679496670782231,0.145913901976686,0.174662192284688,0.210011667617803,0.200563778489547,0.00263570811736675,-0.253461604505454,-0.17660413537968,-0.186487045828074,-0.108771554202677,-0.0222523712779458,0.120835795117172,0.00832823748528311,-0.0955310235110553,0.0690390282961417,-0.077802322338592,-0.0904474403385113,-0.000326761265180753,-0.0881677787202379,-0.198722522067624,0.0209110738697187,-0.0522750193900972,-0.258175368712537,-0.0123806167372339,-0.292269081638401,-0.290254546348722,0.129651988127579,0.0476716730615928,0.0703664459460596,-0.190595841767497,1,-0.0335389162898029,-0.12731015361715,-0.105197450808048,0.225219033911152,0.391219350050863,0.261264312810563,0.120438359528556,0.105785018239091,0.112012147368805,-0.0440222694919616,-0.0782710701326244,-0.00320246969900597,0.0399296581691551,-0.154556065231179,-0.00252086841570303,-0.0592672669169211,-0.0377973077681785,-0.2239031137607,0.100812138689048,0.238304438958252,0.126283258111291,0.054041675296078,-0.168952935139062,-0.253882693054469,-0.3768671697756,0.0752523309281303,-0.072210723648867,-0.145186445212115,-0.0345862279110263,-0.0700549451769539,-0.00614502090847602,0.169407060472664,0.347390397357417,-0.0508912785284037,0.130412705140991,-0.251982447846246,0.0191802674279118,-0.198467226512327,-0.183539572813753,-0.137239379667523,-0.0983819130778613,-0.174141564520502,-0.0381711361934303,0.107726251862121,-0.0296236596223239,0.195357732986546,0.201235023426121,-0.300827394904595,-0.224090092934652,-0.238743741437189,0.0164526957832617,0.0235868473782377,-0.0119771256268234,-0.130034996847046,-0.121582705717241,-0.00832727577522787,0.0381479983820766,0.231470921008686,0.295679766793319,-0.0597350450304266,-0.0459507896331957
"原配-第三者",-0.307903742548522,-0.135823353983071,-0.0790171891558959,0.12718346012908,0.0956972077861483,-0.171479980601797,0.271605146051104,0.0395393700951955,-0.255486171500118,0.0770011505935306,0.173718540039091,0.229039145712391,-0.132340758446565,0.0333140318775965,-0.23591969213253,-0.00781880971939509,0.0697625926202297,0.0501843887860309,0.170715298795097,-0.0129014666618917,0.125045159912851,0.0813476791877687,-0.00240773194054795,0.107389969411816,0.299305123689165,-0.0416590609842981,0.147762054371341,-0.0840113720187804,0.24915622815056,-0.0536710677944977,-0.150181968563746,-0.0805345538985341,0.356050186996627,-0.0581693698879305,0.451196088994559,0.217947608119969,0.00829506394808547,-0.0950323806945856,-0.0386921986455543,0.0473278442965727,0.114015073540402,0.0609181052733762,0.115034682954802,0.0302616826408339,-0.144467095792379,0.120414622847741,0.0652568870974481,-0.0177314786209795,0.117793889552918,0.175922095081918,-0.0469486724947292,0.144061234977486,-0.0850017360100938,0.0141570618860658,0.127462533812284,0.000585482562558589,-0.0533440874269274,0.148962321460319,0.114671437452598,-0.139785782013509,-0.0676539107779522,-0.128287652994289,-0.14007655668724,-0.223364655946206,0.0453544619637304,-0.0403650975995443,0.195229301368399,-0.00782749475265938,-0.000662709425148469,-0.0604940373667818,-0.129691577293192,-0.112072379090242,-0.0951223688687132,-0.0448433452597667,-0.0162792154280848,-0.0667222581419466,0.0254247352848971,-0.218058524295478,-0.119171350882824,-0.129525877056659,-0.0515906488544394,-0.0335389162898029,1,0.161002348644116,-0.0910087775854883,-0.0946500961599053,-0.0460979717208215,-0.0967276600008087,-0.133262663867955,0.336626573086414,0.152006426467142,-0.19971473696284,0.0887540596219643,0.124739448571774,-0.224368440564037,0.0988378046647995,-0.0707315268520286,-0.0331259741263867,-0.154585358146302,-0.0424444501979835,-0.0577670515400686,-0.0853149915259637,0.0261128289644793,0.0505520962440137,-0.144041757569269,-0.201406545665358,-0.140530621535677,0.0777670887633444,0.0459127202005512,-0.0430772220945445,0.0233632410373907,-0.0255069921059675,-0.176510901466401,0.110662836318788,0.00037047788787405,-0.270747348475766,-0.00808313630518197,-0.0767879633469398,-0.135218476527485,-0.111652763714644,-0.0979803985267451,0.00141449356130244,-0.121863431099259,0.0750506599774891,0.0324458968627492,-0.111441150790053,0.170888731958351,-0.201580840518927,-0.137460353633912,0.0391687620822628,0.0158442656415238,-0.0596012789436872,-0.024194050508634,-0.208188973394216,0.239333913154957,-0.172578637321817,-0.163782201231429,-0.197939133877214,0.0450626940647808,-0.0189959568057478,-0.112100216231943,-0.0579272722180538,0.0455139003019008
"三从兄-三从弟",0.0405708285816513,0.125307842188527,1.1873501039169e-05,-0.00875581746702053,-0.156265737491086,-0.15480503553028,0.0444424181685574,-0.164234246068343,-0.249886002341766,0.0945100105676885,-0.0516325296478468,0.0840793429643353,-0.195687092445975,0.10992793379867,-0.121621508577957,-0.0995216737961206,-0.0730123024915254,0.1005770743932,0.0486109732407407,0.0380518560067264,0.238271270471438,-0.0387894239826553,-0.0735884937589099,-0.00897581805480743,0.0310830796474304,-0.111031995498507,-0.0426152483130426,-0.169215480487351,-0.0509949734584962,-0.188941159299722,-0.0448357476774515,-0.0966716961444427,-0.0039959578063576,0.0308674484710162,0.20001583482217,0.0428733168795117,-0.0509229048585872,0.0226174893011274,-0.074478342448213,-0.120079955241722,-0.0865282350763305,-0.0507786916292343,-0.111833220852868,-0.0433758801913687,-0.0575467634873664,0.116163785430944,0.0244394375173239,0.20632665773926,0.0950067336211089,-0.0452874371517115,-0.0336736222191435,0.124477442676182,0.00471331107582855,-0.00787576712436831,0.0901072767928611,0.101512378237405,0.0102938482868527,0.148013143465401,0.390578626620957,0.00868940976681037,0.0367463278191605,0.00151394612157498,-0.191422253428247,-0.139642863967898,-0.0137044820242948,-0.0161883103382183,-0.00507441239002669,-0.17462153402677,-0.0346136688439103,-0.0496561243582496,0.0153506062442759,-0.0104767370572545,-0.107637681087936,0.0372555342859289,-0.0559140510652558,0.0231798823381815,0.166493447114885,-0.0341001668614319,-0.102213077517267,-0.172247921487159,-0.121020583342553,-0.12731015361715,0.161002348644116,1,-0.0674798751477679,0.0206752152813233,-0.198761075996323,-0.158223101735839,-0.102164795434557,0.161258723144228,0.0792342680119984,0.103551355090194,0.102332836609858,0.0749301509048926,-0.102437811044522,0.126614187610715,-0.0453577336546431,0.37303494650144,0.0550990120058388,0.222188088942092,-0.0250951441134396,0.0852937471327811,-0.0634577048077502,-0.232888386045172,-0.0428076767206692,-0.0228060389165275,0.135181605978461,-0.192752466505554,0.0442379609008555,0.134545218185645,-0.0544394195877349,-0.0534263433691065,-0.135417667354773,0.0682305403294804,-0.18791592986451,-0.0492224106283928,-0.0414831315520921,0.0520935312468846,-0.058156799867494,-0.0312961870312575,0.00626123142519511,-0.0420380858528214,-0.265596768645604,0.0933124948542946,-0.0847734315472296,-0.113720501282581,0.0237747603815069,-0.258814110130854,-0.100287656650804,0.459375335716392,0.0718446679829408,0.118746078763385,-0.106514417416577,-0.226931258862573,0.0474135428580617,0.0752151458415156,-0.00870305187643395,-0.108844593542658,-0.124875285151405,-0.159316762045885,-0.0990062919065029,0.0284716677827828,-0.059440591565458
"叔父-侄女",-0.0263085787372012,-0.0819990182551834,-0.201328589390649,-0.192312480879523,-0.199805703627674,-0.263735346551868,-0.196879783471309,0.116809352346084,0.059762645745932,-0.30114051379566,-0.270529590965493,-0.205210096677901,-0.177377753623467,-0.103582734482792,-0.0797806510584193,-0.133587753875865,-0.0410130282709272,-0.225379752437309,-0.179792997996881,0.554233493004437,-0.219846917389786,0.140539348071245,0.0736953075133398,-0.158330094975581,-0.0758299622661407,0.317556806014566,0.0264746043840441,0.209379435279884,-0.161365137051345,-0.163124238242832,-0.100767990422003,-0.00426527846091502,-0.233134281386233,-0.0729121953463456,-0.180527096669507,-0.109095313129206,-0.0822476971576016,-0.122287559455547,-0.0309570141723178,0.211491725474774,-0.244572597178883,-0.198755121015758,-0.119264497997443,-0.240083533024812,0.222032902826079,0.096632489794629,0.176826627254399,0.328213490750162,0.192780971063628,-0.240379314616707,0.394603618742594,-0.30281858854629,-0.0965974820299453,0.00232353033177647,-0.129151376905073,-0.226523422747127,-0.228862599640862,-0.0247191767378274,-0.103615483000716,0.632834617862982,0.488701131039916,0.591466183295167,-0.215390906642916,-0.0361776200739691,-0.118777986865688,0.015382268572304,-0.0993018106967099,-0.0870247267894568,-0.140915231636257,-0.0670062071345713,0.248351319931584,0.147034456975237,0.0768817952380256,0.581240453498993,0.0104251372973405,0.483132293634243,0.472259529861717,0.0211045828296139,0.0202552269503361,-0.203165469870959,0.0739292555706466,-0.105197450808048,-0.0910087775854883,-0.0674798751477679,1,0.0469775459135131,-0.182615041851387,0.10366038896316,0.0684966157544329,-0.29053296017676,-0.143773314988988,-0.0404291771803316,-0.091297440489328,-0.161551478346652,-0.0680347395223065,-0.0445025796111135,-0.0366363339590403,-0.12116318646933,-0.178034927360145,-0.206504247278446,-0.161150661818498,-0.188031815544474,0.161019492553641,-0.0451634570663107,-0.134957745081166,0.378585755721413,0.361424082915379,-0.0680306111785954,0.540693895598595,0.574798434979774,-0.124535656790081,-0.222013324749943,-0.183841370074631,-0.226085054315586,-0.26495174213848,0.218707745525254,-0.012939942632632,0.433160622905654,0.220824129458898,0.323412710132308,0.294487398282017,-0.26795847161065,-0.268499527801175,-0.246087651530715,-0.237397852313871,-0.134257659246743,-0.238435801977899,0.128520166261198,0.105718922840173,-0.118948592931766,0.446136265971102,0.301316440790471,-0.134972641756235,0.0939403397906427,-0.0435434764418882,0.0718362273005479,-0.078056016592797,-0.219545473741917,-0.0129298141510612,-0.172092031808743,-0.0370342059797321,0.532387983945923,-0.115207918747692
"叔父-侄子",-0.0323438221686038,-0.0712255278168434,-0.176416653361274,-0.332208387332109,-0.15398367451491,-0.281666138744782,0.0540142422711804,0.0993651619032097,0.0770947467222068,-0.147760728437497,-0.162299543684084,-0.0276682143093253,-0.0626055832213735,-0.0982125684374345,-0.0340934892513093,-0.139302615073614,-0.175522915948699,0.180412216426885,-0.00213176382623603,-0.0925416083786427,-0.0439398999824059,-0.0565079048441007,0.0817815641918431,0.160410097399442,-0.0901291305177943,0.0448438054170669,-0.247484041528515,0.0116030577356865,0.104357011389758,0.128806843816851,0.0591013006055959,-0.119240448058084,-0.0596078412851971,0.142215375223719,-0.10592985016855,-0.1155363981105,-0.0740812106114522,-0.086545910905574,-0.167581508222609,0.0272146614976657,-0.0397580212836119,0.0863720940145864,-0.157418390539185,-0.187841682573817,-0.0956284229358621,0.0413518795527137,-0.161691456678781,-0.108299526620857,0.20825822626352,-0.0432469749189943,-0.0770020966135849,0.227564746788288,0.0639304510703591,0.079489314216917,0.134464022991353,0.140636304288024,-0.0743568315376139,-0.0711462473326289,0.12501736587063,0.0269669383976254,0.074041962264309,-0.0757029870859792,0.0633855538093742,0.0504257417783753,-0.0928762189372494,0.128494874549091,-0.0927112835867627,-0.251874879341058,0.0336730917414607,-0.092127254171375,-0.0863444893434821,0.165872840134429,-0.00174927774517001,-0.0860031354270717,0.0436625515885628,-0.171700747906901,-0.110997086056523,-0.0279581227408318,0.0628186904806763,-0.232089093729871,-0.194381238377283,0.225219033911152,-0.0946500961599053,0.0206752152813233,0.0469775459135131,1,0.179022351593606,0.34559177862568,0.0305304011807314,-0.0243602234950325,0.0806312530026405,0.16973013100462,0.19701107173637,0.164085580594995,0.14543879681921,0.0176526902624635,-0.0222677433668311,0.0752988351835494,-0.0414762995628555,-0.246323579258259,-0.146664492095668,0.13429631010968,0.101094699204029,-0.246437111783763,-0.253412569386369,-0.0830414148106778,-0.0485596027283385,0.148969786136877,0.0860177325455983,-0.00337656880551451,0.0515915787927675,0.0474611274752324,-0.172399788751591,-0.0717056763960549,-0.0292518238291279,0.0762777481746034,0.0212049598386461,-0.0992752134028106,0.150307081490764,-0.221695657103052,-0.047593479429913,-0.176475050033222,-0.0961435552811576,-0.103134800338778,-0.163450920910631,-0.0975968770932799,-0.0210630105454407,-0.0522172930809456,-0.108447437003563,0.0566417817238834,-0.0547684249672412,-0.160472953652877,-0.0211931733657909,0.0182597310014869,0.0696658786246747,0.230563184582898,0.15459717225665,0.0372418955841164,0.049762197661661,0.235296819819001,0.282689762858424,0.0391971778584943,-0.0164337593321672
"叔母-侄女",0.00285313804007958,0.117336241326948,-0.20399057966562,-0.175437269182913,0.0721576471885626,0.100549630070044,-0.118140000724629,0.207464881580521,0.240643748450588,-0.175795153792284,-0.0886567272079807,-0.082159076974266,0.0720485704164584,-0.0523456207276932,0.0614871293519276,-0.0969741664944932,0.0526871285242795,0.0491766859777783,0.013211437922738,-0.166302472297063,-0.000285985677381668,-0.099456744322276,-0.0345937153042116,0.0845115536732144,0.0514758406214248,-0.165010075933614,-0.277912319276367,0.0305125757012723,0.032192896081394,0.171615845371736,0.136710699093657,-0.159943312684932,0.100727111233611,0.110781660382114,-0.0821602987539489,-0.0388516172194044,-0.0936905095345224,-0.034785889170188,-0.19539650337535,0.094039815413636,0.147323309671108,0.0644342616262543,-0.00734922966890827,-0.128011170109285,-0.110645341868547,-0.0382252509228541,0.0768774578696356,-0.315812047847988,-0.0665514820325893,0.0535663263085238,-0.298680785985213,0.113455333317808,0.115034637966478,-0.014137293155104,0.109380590753744,0.0762903082052947,0.125502145973354,-0.193735456849903,-0.0536456795983642,-0.194443478159924,-0.174446001769015,-0.0602241103540211,0.343349252250366,0.235293891240908,-0.0295965046226304,0.0608970341178771,-0.141640322691951,-0.084326314933161,0.058977148892361,0.00958691952429296,-0.213594402076377,0.052515633118673,0.143387501477269,-0.360862499832894,0.0295266335755465,-0.331520843734499,-0.424332834173411,0.0484746748450992,0.0889000362592282,0.0828398214937263,-0.159973638974868,0.391219350050863,-0.0460979717208215,-0.198761075996323,-0.182615041851387,0.179022351593606,1,0.194989900471648,0.0472970672400639,0.051963994269161,0.0763990329807495,0.0513939277234898,0.021322355580263,0.133535796600525,0.149899750017505,0.0174014963137641,0.154720137405035,0.0686020573600815,0.149549752812342,-0.192776873062172,-0.0722769257521718,0.421757250951897,0.13711708486741,0.0433997644869143,-0.0841110344130347,-0.270479227443235,-0.332847103271077,0.107981007937597,-0.264108544979197,-0.281480642290902,0.0154924515338869,-0.116438731955459,0.0258095397940339,0.0259504895733947,0.224698826758724,0.0606319931442145,0.0502311099666088,-0.297583596465139,0.0183390710729709,-0.237063873839318,-0.266251705101186,-0.10021445039761,-0.0267680814206681,-0.0196845642991906,-0.138132149806335,0.264260162735018,-0.051538603994644,0.225462733188936,0.131930578075204,-0.13394793617298,-0.269839066089039,-0.207729393422093,-0.026457866326844,0.106198639450003,-0.0943144273691408,0.0577678306585606,0.112003909580796,0.121025033918994,0.351527772438834,0.178280077389188,0.340190152331624,-0.0881448446218787,-0.146198720686118
"叔母-侄子",-0.15293971399136,-0.117957414149806,-0.202748722104179,-0.286945563727078,-0.00757294253653243,-0.0415742449420631,0.0280667036308311,0.100570816743089,0.0786077651944381,-0.323872904615737,-0.065845761908765,-0.0628171345386111,-0.0358695119598649,-0.136749668533743,-0.0344951481554103,-0.165772166045202,-0.0474524457078125,-0.0388067411130443,0.0467800526312318,-0.0406240315481224,-0.213940675004381,-0.0598318486685671,0.0782963196258184,0.284960537040605,-0.000909412549897762,-0.018503432040165,-0.245558626189953,0.168930993267815,0.0127854678542361,0.254651961473558,0.0553287233450942,-0.0542430065074724,0.103842581363418,0.276018364603062,-0.14546325255077,-0.0764825324864471,-0.0415430401690547,-0.175051734012793,-0.290137758984367,0.115542911628954,0.118345806493443,0.141523428542419,-0.105368889727819,-0.143014141213261,-0.118987475244229,0.0744680944785701,-0.22697670617184,-0.14893530699417,0.00124471016023244,0.0770272219364985,-0.079193978888781,0.107125719282165,0.169637611436311,0.202301344802327,0.0197752571424543,0.211214260154223,0.0563214439693032,-0.0311103456707362,-0.152318562242163,0.023054249818404,-0.00389907152739361,-0.118429014074418,0.226820388276965,0.0959183965791395,0.0663108658570649,-0.0396158852664924,-0.11972702279519,0.0605818100269515,0.0953883032413715,-0.052864206168319,-0.177736724105401,0.218565666731354,0.0489219365353057,-0.0630004953189666,-0.0145090762722977,-0.162693175043503,-0.195879865424554,0.0666216162942183,0.0374183460221766,-0.154605312934265,-0.184637791283324,0.261264312810563,-0.0967276600008087,-0.158223101735839,0.10366038896316,0.34559177862568,0.194989900471648,1,0.138277043641965,-0.0845143883429089,0.0491596944716685,0.144905356322749,0.0426462794116937,0.230483219107699,0.162592021613528,-0.0564592987684795,-0.166821987172872,-0.103971766503599,-0.0575942366581209,-0.332029626480629,-0.143268822730043,0.198654307299546,0.0624993826778271,-0.0397802270183446,-0.274294982727228,-0.156366745932829,-0.121855722951158,0.0696921340784391,0.0466309386999376,-0.0452654156050261,0.238641448124552,-0.0169324511280609,-0.0503948946049852,-0.0377629007897214,0.20802296396393,0.0677322288377208,0.0217779073824161,-0.171527837673315,-0.0881459131626738,-0.24859077411227,-0.172488347267869,-0.102269002841478,-0.0623568836285219,-0.0400237041979269,-0.184862629220132,-0.110337204152287,-0.0544111949448317,0.152832239796815,0.0503097272931688,-0.16981630688175,-0.116224742551073,-0.202266189919236,-0.108664485460014,-0.0369321069049248,-0.177000110225795,0.138100481881861,0.0172055610060395,0.12778374366191,0.114318739414413,0.233711892211602,0.432401294183376,-0.0431458748495333,-0.00700651045092804
"叔-嫂",0.0657913372359446,0.0799169795896422,-0.246101012854073,-0.12311099178517,-0.189881411783112,-0.105479128278735,-0.0861993931757147,0.334133558085312,0.283573444059955,-0.14516590667253,0.12915973058625,-0.0296810335898984,-0.0036767497162517,0.133106397073516,0.0177535441051999,-0.0528118530464324,-0.0152269160857827,-0.329674651920305,0.00640326139288973,-0.0272768591625156,-0.0853337256686751,0.255846480184085,0.200144949551107,0.0176037906032733,0.139136053488195,0.256718329675608,0.0366056751294929,0.227242446439984,-0.268991653395854,-0.121527116744347,0.47339636110005,-0.0100261633145151,0.00136340118636102,-0.0672559401250959,0.0103334393335348,0.0900268879093438,0.246510019670407,-0.110121854712774,-0.119311412260011,0.30217157032213,-0.249874309110313,-0.310442746219755,-0.134120457195348,-0.16674127514244,-0.263332387326838,-0.216106635329837,0.253854582452369,-0.104022595238113,0.0577527053126157,-0.113172114073147,-0.0555929569960818,-0.127605931844904,-0.179678397584085,0.0248296742445082,-0.236886105348221,-0.121429564222409,0.00600794278408945,-0.106283762272584,-0.200834146031747,0.258086268001911,0.155018729858629,0.152237039775198,0.212573348725088,0.176390115750925,0.184772929333321,-0.0524337084625396,-0.168132818643874,-0.128824620230191,0.0652969029555665,-0.310125595411735,-0.251076268599084,0.28416069821724,0.266635824411146,-0.00439507156593735,0.0229151201613048,-0.0280858159038373,-0.0759722529250798,0.352563601657915,0.145097652114573,-0.113831605627491,0.0687373264236377,0.120438359528556,-0.133262663867955,-0.102164795434557,0.0684966157544329,0.0305304011807314,0.0472970672400639,0.138277043641965,1,-0.11858171913544,-0.221723124495269,0.159540295771692,-0.134937351392074,0.0472325673073472,-0.190562293785892,-0.296841741134775,0.146119340655668,0.0876463685963255,0.0992993584941358,-0.108084784179186,-0.15708777659063,0.118998298764478,-0.149346196209403,0.0122244875943107,-0.169213465747649,0.070209730123986,-0.0501325404133872,-0.226522920199902,0.131364430019631,0.151048178103446,0.160700066798062,0.16266057826753,-0.304345058252584,-0.265071083477784,-0.140088327124646,-0.0543126173433816,-0.291095018848991,-0.178091007966731,-0.0474815692299093,-0.162869208406868,-0.236382103589072,-0.157936011761198,-0.0671691674126763,-0.062302353703728,-0.129057645769887,0.278541106482008,-0.0581411896604507,0.342709607736187,0.297552797251695,-0.0944977849051587,0.00437199863703641,-0.036537872997298,-0.266553911743702,0.178190555903133,0.0514885756494408,0.00621828326480222,0.186508914194413,0.109539791709203,0.205759914796904,-0.10187392003115,0.13483493564738,0.120327986060946,0.081340046569478
"继母-继子女",-0.127380423943954,-0.134282242798888,-0.0515521856811714,-0.00318545393985445,0.0304883039103952,-0.147844369268871,0.0444216806468869,-0.0742927137951793,-0.152994001206522,0.0390667818163647,0.0703747721994232,0.173491186600172,-0.0754334670438825,0.0222480438679022,-0.0411538795667307,0.0632267537173853,-0.105870265988711,0.0791851617712907,0.224921147837628,0.0363369710302684,0.345810082045847,-0.074768832829986,-0.137997876251794,0.184681429994272,0.377688147117622,-0.175240833301157,-0.0616629416777468,-0.2116773530365,0.0440128398547595,-0.139146378197487,-0.0354399444808495,-0.0438737494184407,0.206531597438479,0.0382707064607538,0.483172732675392,0.0975347506303498,0.059136603411807,-0.00727436517096349,0.0401441691162336,-0.0896701283593141,0.0872146899021658,0.0704629638185283,-0.0447116656844012,-0.109011540057896,-0.13915390317782,0.136497536795612,-0.0248238407581204,0.024194073433287,0.0309671021987278,0.0463762101000908,-0.108117817102423,0.288963515582984,-0.04366328310368,-0.0194509933940827,0.162704245435826,0.0949960831287401,0.0486195590778233,0.265958900911261,0.328972205106463,-0.23443786773586,-0.104675536110816,-0.219219933668418,-0.0696158177779291,-0.131754071880438,0.109995503019341,-0.122852914115206,0.0462849154023433,-0.0789102314772953,-0.019952146288737,-0.16262205486057,-0.180295092642716,-0.0941295245274861,-0.188294004497341,-0.0940943196820454,-0.0535126135646811,-0.115430985894926,-0.0139137331070868,-0.173936714387683,-0.0733885548949997,-0.0663849634277547,-0.184159041250433,0.105785018239091,0.336626573086414,0.161258723144228,-0.29053296017676,-0.0243602234950325,0.051963994269161,-0.0845143883429089,-0.11858171913544,1,0.295801169505243,-0.110892485904485,0.112379447226706,0.136240664020053,-0.0911808107234047,0.0548941471943335,-0.1338815351715,0.0795006346591098,0.0408777492769887,-0.0211178082506508,0.223111818370267,0.0654957528380738,-0.0820798452636281,-0.0959869718876514,-0.0315547552474525,-0.177865794243414,-0.162212910081247,0.0206441828075302,-0.0630083639507917,-0.081906730756468,0.00804983336170837,-0.00536804174987029,-0.143639860326754,0.0803731055326832,0.0430112124440622,-0.303672321147918,0.127225340810977,-0.0572363432162789,-0.200176556913348,-0.147516890725827,-0.130351887094555,0.0258844305993147,-0.0536198001042792,0.197456829665422,-0.0485253774122598,-0.0675754839550062,0.326459060461125,-0.153197595029897,-0.0923330250252672,0.123657338863111,-0.0829929145567764,-0.127881141690085,-0.0780781772750193,-0.224454258397051,0.0121162156709749,-0.241763975193991,-0.117401542088598,-0.107144331246286,0.0901968288763691,0.0773576612903769,-0.000801049391956199,-0.0829218747105198,0.00944922411737827
"继母-继子女",-0.200354992166142,-0.151110841612671,-0.119671074424468,-0.067057244487126,0.0638017552132974,-0.101396350305284,0.0561406321093589,-0.211409734312523,-0.141761344369441,-0.0694454713403542,-0.106901640529421,0.117936174056195,0.0411617394974955,0.0348033907135151,0.0183351601368209,0.102414788615013,0.0745814742973449,0.194811730111258,0.210427728165534,0.0810856415648952,0.0675643762834737,-0.221076381508937,0.00509441181953326,0.178011671361761,0.197213424776644,-0.242042780984563,-0.151813584120941,-0.141272450591149,0.209714441120274,0.0830660749324543,-0.0895818863783216,-0.16434084497634,0.212379462887215,0.28475060201446,0.158575961011119,0.178838941440619,-0.0473274387832938,0.0522547001834364,-0.0858630138378046,-0.0713198941023862,0.196865824266757,0.24475454281343,-0.0172093607313725,-0.00605635262774552,-0.106434160559197,0.216373383328552,-0.168186710724547,-0.00272743562664298,-0.0720565820099639,0.0156502380482975,-0.106726572603746,0.225535302714481,0.0132889937015859,0.0531120607776214,0.210505461721862,0.115015163734879,-0.0795281902847212,-0.0385775611900396,0.200604393838025,-0.212523498754621,-0.0652331542217224,-0.148564451557495,-0.0546086201104748,-0.104015519911662,0.0177798551507034,-0.0958830451974487,0.112507105795802,0.0759101604438848,0.0299567713809371,0.0978241119000258,-0.148709532572755,-0.0551353656669696,-0.194328866236854,-0.0622224641287231,-0.0572468111130286,-0.14202133113587,-0.0658956824274922,-0.223224279727514,-0.157446218335418,-0.100929208678879,-0.156149570073425,0.112012147368805,0.152006426467142,0.0792342680119984,-0.143773314988988,0.0806312530026405,0.0763990329807495,0.0491596944716685,-0.221723124495269,0.295801169505243,1,-0.127104036352681,-0.0386629029911205,0.119428518726774,0.0923716195779366,-0.0276550850835574,-0.179870765068178,-0.0286842600862634,-0.121072089420578,-0.0700863612532633,0.0768370646541678,0.0737025321696338,-0.127322540671001,-0.0843547087453355,0.0209982946278896,-0.0971381599304907,-0.0754587496158922,0.0527961633926661,0.0122732238757906,-0.0673719642930629,0.016982847588882,-0.104919101287393,0.167931912279331,0.193206151330422,0.19635589114814,-0.265344055715359,0.286982003977145,-0.088281121202916,-0.161904499353084,-0.0887724573908491,-0.0951147596832796,0.0188612658379983,-0.00835136438554747,0.0448750260059136,0.0267763530888024,-0.157665009808842,0.0858217026182635,-0.232732810294123,-0.187166621743665,0.0762098460509663,0.0256040883069422,-0.00455423338857622,-0.119518176114291,-0.277926000840425,-0.0919856498375506,-0.175522339538744,-0.164611947126063,-0.0922341276958463,0.0048105238945958,0.213057501236139,0.0193962283213546,-0.0405457083590542,-0.00810068214431623
"堂伯-堂侄",0.370368877249635,0.456434370559656,0.1585176275435,-0.234515212092247,-0.202468968211581,-0.0126818224404448,-0.0251185224416525,-0.0503922565339168,-0.00665992609329475,0.0434302736145139,-0.129264594570299,0.00269422221987031,-0.157238306884433,-0.0941663117079121,0.00415767056303784,-0.172545786721323,-0.242682106719717,-0.0672882101341454,-0.0877410659825195,-0.0405779273376636,-0.0201002719188158,0.111591539050063,0.150090908448178,-0.188275572198408,-0.12118777733609,-0.0384580118487616,-0.0716946339758954,0.2190300940111,-0.190573137001472,-0.0714594841666915,0.172933266756713,-0.209635982505955,-0.289652881330146,-0.101811738240639,-0.192765633296856,-0.181028942023468,-0.0794003828978874,-0.156058648683881,-0.144841032883183,-0.0336099688087015,-0.151776948329952,-0.0755737611203031,-0.134326839562954,-0.066898914247027,-0.0482480856711725,-0.0386758616953223,0.100653474437646,0.00705929420647982,0.187958149951618,-0.318850739555747,-0.0932196152848041,-0.0714523790534283,0.0014996563061515,-0.0778917577984301,-0.0149525405088133,0.114672899259968,0.0707127480709156,0.0230316095150153,0.0807202216901875,0.0708219487914024,-0.0453643205970097,-0.0550923262499543,0.255177564957098,0.321946146198789,0.0946415227276744,0.129515719035272,-0.131589681894349,-0.133824087617241,-0.214229935861125,-0.149809211582146,0.00185370515039065,0.180743650888822,0.166310898569429,-0.069350899986146,0.277018178098172,-0.0634949421157272,-0.0330704176853316,0.268113740407307,0.298233420181181,-0.0433319541699827,-0.0524203799646864,-0.0440222694919616,-0.19971473696284,0.103551355090194,-0.0404291771803316,0.16973013100462,0.0513939277234898,0.144905356322749,0.159540295771692,-0.110892485904485,-0.127104036352681,1,-0.0870105881327437,-0.0880079945412611,-0.0230661443469958,-0.0601042575430381,0.270143685857028,0.447626487081219,0.260472165016495,0.0893433047365464,-0.0188961414971302,0.134298894599738,-0.0164379870162551,-0.131519157032204,-0.0160870166767586,-0.127915315500796,-0.0719313291228028,-0.212841442977152,-0.147862178377643,-0.0807619668253115,0.024729824716022,-0.0329373334796756,-0.0436081949058682,-0.145463841382343,-0.146940733407538,0.275257129013801,-0.0907654468028775,-0.00259685772151516,0.237977347369552,-0.0942292535785177,-0.00297190371178867,-0.067050942099987,-0.0875082821068238,-0.0508172569351491,-0.0939920114516629,0.227908658484818,-0.00581132372987894,0.130942149353144,0.0701409045885495,0.102016554100877,-0.161476552203661,-0.188061082919999,-0.301193426830393,0.0953416233386285,0.0723887434438808,0.620357978164407,0.307281740136123,0.244392077849061,-0.162703935973346,-0.15223521963372,-0.0183724171311773,-0.0750718892918506,-0.176236438658401
"堂兄-堂弟",0.0123624652712901,-0.170362542370024,0.00223528150250359,-0.232557998096302,-0.156434723329258,-0.124920489851453,0.108513114213964,0.0751797206231745,-0.103867462652218,0.0556446650625086,-0.0909197348695327,0.0240506137020587,-0.249224133243579,-0.0095754992852955,-0.130662819145257,-0.211692509894943,-0.0911348310359756,0.242949028846852,-0.0474029181004671,-0.195791848798569,0.196309450567357,-0.102544990970928,-0.156264860624353,0.261469023152733,-0.00364603575179943,-0.0221592095899753,-0.0482607028534606,-0.167721214294148,0.0701106397068816,0.0482825315015861,-0.0659795359140566,0.143379400926647,-0.114607803440802,0.0712463571943599,0.0494589565957078,-0.0954919619106828,-0.022434693596062,-0.0121288795462105,-0.0308454729117484,-0.177927699482892,-0.0603779195052273,0.129901706747258,-0.119804471987374,0.0471072284528542,0.0789472949094209,-0.145735205316315,-0.152660962152211,0.103404394202446,-0.0377913934425554,0.139505132599242,-0.0773220234310064,0.351632962236355,0.223997550730936,-0.0729676043958088,0.269493633380005,0.140151392121407,0.0898164915980463,0.0566059281738981,0.178964968787984,0.0438072578421982,-0.137424510784256,-0.0957760198011955,0.0223735789846353,-0.107095120155155,0.0260333564325389,-0.00870101051983453,-0.202885010931127,-0.284305479650136,-0.0448647592243649,0.0202134120150037,0.0445613297489624,0.0168712319543027,-0.0887715623887174,-0.0379961543454059,0.0255645139601254,0.0509556202743558,-0.0281323179261542,-0.218582161296191,-0.117431046298668,0.000560285632632584,-0.0782911786947591,-0.0782710701326244,0.0887540596219643,0.102332836609858,-0.091297440489328,0.19701107173637,0.021322355580263,0.0426462794116937,-0.134937351392074,0.112379447226706,-0.0386629029911205,-0.0870105881327437,1,0.2325124583577,0.323854286308298,0.239485136550549,-0.062484198705362,0.0146422943296176,0.0909600124510685,-0.0894492412386853,-0.132875981557073,0.00481323412355046,0.207872766473019,-0.196120542988745,-0.282457716548553,0.00258858697056868,0.0788706581336687,0.0972269610245268,-0.137640779885433,0.0302233606360926,-0.0931711898661765,-0.00473460737859506,-0.0835055677650374,-0.0695959173520221,-0.047086023842539,0.00598027892107424,-0.135339965638201,-0.0753555138290964,-0.146249083041673,-0.0987100279178431,0.00374345674430682,-0.00974940058246503,-0.0481247581019678,0.0547186420040069,0.112754306432024,-0.141153592779431,0.013847531284404,-0.0250909442532245,-0.13746608348551,0.263602850110873,-0.122834821649887,-0.14284058385432,0.17482442601758,-0.0668645207903156,-0.0167825425476902,-0.00827986369881135,-0.0231472515208381,0.0616194272697493,-0.088197990446195,0.0436956941157947,-0.0268932780241769,-0.101725546647763,0.0331894251703314
"堂兄-堂妹",-0.223756995352931,-0.220940480241477,-0.139825162030739,-0.10942494306884,0.135411271076961,-0.120614458449502,0.157243130102524,0.166733221994674,-0.179515922871546,-0.108763299080527,-0.0906128273061368,0.0595463609244505,-0.0452980178986003,0.0526735454705939,-0.181080332838158,-0.146425901929856,-0.00132305214135869,-0.0303908782987303,0.126289884775677,-0.0876533657360915,0.0166670636383911,-0.126957630608352,-0.0379821852703681,0.156983374416235,0.281863572077637,-0.0852914135097689,-0.0472712071368944,0.0535455033770776,0.100908138546911,0.177343597739739,0.147426060200153,0.0317890112489954,0.27371015070886,0.131685724639371,0.0660349810678927,0.111134815497336,0.0678147274783872,-0.167852055186033,-0.220041519730927,0.00959794111854196,-0.0610286908668215,0.249901888110548,-0.0477183656853129,-0.0437868938737786,-0.0666677894406589,0.00574973935347281,-0.147911872773481,0.00381996182710557,-0.0998424868469193,0.103450034045218,-0.123007710616361,0.355430780482906,-0.0088754545847888,0.110832053685736,0.14969585163817,0.17717380751504,-0.0051349872870287,0.105711414321115,0.180374451995829,-0.124645140814722,-0.206250392677565,-0.2128855375111,0.1023210882581,-0.0584706915908259,0.0745899704042852,-0.0599901992366606,0.0606317892364821,-0.0696665658637653,0.372093932077779,0.0586594724119546,-0.0763485992481366,0.167490040390611,-0.113715286657708,-0.180116625631402,-0.170468309652044,-0.1961628812556,-0.197279385676172,-0.170325821675718,-0.179782471539456,-0.184763865831839,-0.0639139166021014,-0.00320246969900597,0.124739448571774,0.0749301509048926,-0.161551478346652,0.164085580594995,0.133535796600525,0.230483219107699,0.0472325673073472,0.136240664020053,0.119428518726774,-0.0880079945412611,0.2325124583577,1,0.174108877010832,0.254112129405899,-0.25115789225089,-0.0858610172309958,-0.0442179084988792,-0.135873018524821,-0.0936193269951865,0.0606380389647249,-0.0955539161825618,-0.0150497800180269,-0.217300060026001,-0.160011550367294,-0.044297428502833,0.129677487854548,-0.14983071815991,-0.142392932896991,0.215422780138467,0.0778528075571319,0.0240775407612304,0.0399863664874561,0.0569249064608545,-0.0375871055689465,-0.0266623574973772,-0.165453050543154,-0.169947210432352,-0.226304835169817,-0.178805499621146,0.0120820732347345,-0.0593171459168314,0.22451904476646,0.0226031177418875,-0.191025731846122,-0.00606778964135647,-0.116268939460525,-0.183182332958959,0.0998841919233207,-0.205722861232199,-0.0972411394254641,-0.0350517791726166,-0.121352648826715,-0.199518140751627,0.081291203855632,0.0853358985206162,0.0285468455578069,0.0538654429018947,0.0724641639662677,0.0239370251207599,-0.217145308680934,-0.111134167004163
"堂姐-堂弟",-0.0029994011339471,-0.17451441142884,0.0871156303949553,-0.17870631802669,0.0459770577107958,-0.0232741538659759,-0.0540877976223134,-0.195865300415066,-0.00558737701261381,-0.111886988201309,-0.145285790878797,-0.282940908807796,-0.0610639160352936,-0.168502237803762,0.0596740208538773,-0.134228779650793,0.0317641092032153,0.127281902819501,-0.037921476979775,-0.0567161395596825,-0.0977623916255057,-0.220613426588847,0.00473787540179204,0.129827203847482,-0.176257003046256,-0.0826122227102807,-0.127047439133842,-0.106170920601281,0.129074135902306,0.338163122724862,0.0400656323333248,0.165291863756911,-0.0694748909185155,0.349377916438651,-0.206388485738383,-0.0867878925521056,-0.093733598835508,-0.0416823608725064,-0.108504316614522,-0.125998752250148,0.110265855974724,0.31894653308566,0.0122639297917938,-0.0255157657995039,0.315794035490747,-0.0237799553384839,-0.34184465158189,0.0179831602194357,-0.194446267234613,0.0900609773424825,0.0642624388721,0.136523197357051,0.474775550967152,0.0800861332196823,0.203458245265983,0.370063134996525,0.216746115730961,-0.10839780536306,-0.0473338966776616,-0.0535285727719035,-0.166216457200433,-0.0958911704244672,-0.0592419529654012,-0.206850095632006,-0.109533975508987,-0.142984132592714,-0.183418820902947,-0.213147854342987,0.123995141071346,0.06331422491224,0.186110030036732,-0.106357847750692,-0.0876970284954923,-0.0674340996831924,-0.171569259267541,-0.0343729285595857,-0.139756362245275,-0.15752036858845,-0.137371425617438,0.0959671913733388,-0.0640110754008675,0.0399296581691551,-0.224368440564037,-0.102437811044522,-0.0680347395223065,0.14543879681921,0.149899750017505,0.162592021613528,-0.190562293785892,-0.0911808107234047,0.0923716195779366,-0.0230661443469958,0.323854286308298,0.174108877010832,1,0.137424126863946,-0.154278592829362,-0.133766597850185,-0.0362814992122979,-0.156431542443555,-0.120293556793832,0.0138312225738427,0.28333287947307,-0.164919096389501,-0.136008993243952,0.0633056564802414,0.0535782390343754,0.247216264824927,-0.149080121277259,-0.0654660876252441,-0.220563046876125,-0.119182656658395,0.155103847159411,-0.069944547758952,0.197802496132543,0.114193248930692,0.170063862880693,-0.0511149948381662,-0.246172769911093,0.0365111188604817,0.14151770670864,0.0673216602616318,0.0203330449004007,-0.00861098348537488,-0.0278684989412801,-0.0958020863417313,-0.0600739578994714,-0.00765617431318537,-0.129795959288317,0.140144228012828,-0.0873627583753307,-0.0373329456639803,0.22843173823658,-0.0649568685486831,-0.222918431760646,0.0119693829101084,-0.0940427647037194,0.154258508989931,-0.120911339935988,0.266770546775164,0.0306202690044984,-0.120537127158981,-0.0752256433430071
"堂姐-堂妹",0.0964297523652459,0.0169788429030861,0.212935714510565,-0.0195428137024959,0.0390937849716868,-0.014493412973147,0.231683203380364,-0.100024031739595,-0.0744382187442645,0.100698763221113,-0.0715122709164815,0.141770915270653,-0.223752888967989,-0.204854280255515,-0.284642718281844,-0.184725271743207,-0.136275674639619,0.0333451566631086,-0.135340857061063,-0.0991843750009112,0.129283553572911,-0.288215412436507,-0.29365789132857,-0.121024235170075,-0.160555008377201,-0.152449968199036,-0.133405653186641,-0.277010296235762,0.0015657721772162,-0.0370981509011107,-0.13660804062175,-0.00831285856089306,-0.0585084444472839,-0.0279168721687412,-0.0408390024274857,-0.325615579273219,-0.31209473442144,-0.188098566890091,0.0785451935671174,-0.281396221837833,-0.0730907730316186,0.220630260541812,0.0800900975285207,0.315649991160869,0.27206450639464,-0.0687271011256792,-0.0397344917642237,0.294951348324282,0.0960546898365835,0.0229054968102467,0.0899113795815973,0.0675012373625446,0.0954951674583074,-0.22806276117194,0.358152453353699,0.0880871160073402,0.128166271848812,0.168322757490129,0.259077806017066,-0.155016454373974,-0.121498423292307,-0.12143560437892,-0.106702999969934,-0.214293044788555,-0.131721959887214,-0.175929199630862,0.124843178138298,0.0480131377899147,-0.0557351048198388,0.124938625786223,0.385106774977896,-0.128529980711222,0.03617110886468,-0.0286658211079246,-0.0348683326575506,0.0552220195659729,0.111047751999457,-0.266323409688891,0.111409824555006,-0.126419529287589,-0.161698533121899,-0.154556065231179,0.0988378046647995,0.126614187610715,-0.0445025796111135,0.0176526902624635,0.0174014963137641,-0.0564592987684795,-0.296841741134775,0.0548941471943335,-0.0276550850835574,-0.0601042575430381,0.239485136550549,0.254112129405899,0.137424126863946,1,-0.00722690752634751,0.0404116854495528,0.0689996394331404,-0.0860205016323883,0.0602424252862632,-0.0326067617617193,0.0912347445306007,-0.0479510370675177,-0.225994502469415,-0.0360880023000615,0.120467404132741,0.0868850622348092,-0.212345198014218,-0.158686500503802,-0.143793746416799,-0.254776665417714,0.0877979369967852,0.204058005912111,-0.0132032876517577,0.186879153378813,-0.0552103370641872,0.172106567826855,0.0987744604000902,0.171183527839399,0.346739783209951,0.355740055175189,-0.069307125587403,0.130770631488051,0.19296112390043,-0.186122772920038,0.00990619326841933,-0.262174903751629,-0.192062748218807,0.167017440988474,-0.135127291253011,0.0900668501352274,0.2677585775021,0.0435541637874428,-0.247737748362438,0.186482892198637,0.0020485847135907,0.0520968967584789,-0.111602243357053,-0.113703069976176,-0.0253992976004423,-0.18975422692826,-0.23467446324297
"堂姐夫-堂内弟",0.488253127115352,0.499863413227883,0.0677106129287803,-0.101330176954393,-0.139634345616977,0.108395493129796,-0.128774267647963,0.0755769728889245,0.160830091317448,0.0383849237792921,0.0281797992303066,-0.0464788674599477,-0.2199906897839,-0.0413047927613958,-0.0484843367361635,-0.0662741905261936,-0.077597419157883,-0.0441677395756455,-0.15565055903217,-0.230482873175778,0.0187582073175179,0.16241649802505,-0.0520101592233248,-0.232049027454959,-0.25810513472257,-0.0661124274032882,-0.10926434172096,-0.00808218584634922,-0.22528563847,-0.129960563746422,0.127920102495331,-0.147417834436638,-0.276138051611151,-0.185016239800681,-0.0711302069063949,-0.210569603402096,-0.0885312519823625,-0.076161672147309,-0.037282283573832,-0.0590085217946868,-0.0649308438607412,-0.13520181081811,-0.121420967595653,0.106294559905317,-0.0109860978023102,-0.262250978255244,0.397973276632107,-0.0754691816927868,0.254826595291684,-0.119849962159436,-0.232568824015482,-0.192413178272415,-0.0745405132805264,-0.263175355156145,-0.0685552000829367,-0.223630186308629,0.116991853159731,-0.107924368947622,-0.112839744679332,0.0349209951849147,-0.0513110647439119,0.146649891936342,0.272009980780717,0.193891144007597,-0.0610698064920379,0.0517615147667231,-0.146533670597041,-0.00429449818180914,-0.32430349996667,-0.05138251544643,-0.0202378579192255,0.0349216786894316,0.438771644896102,-0.189635706483458,0.22814649771574,-0.0803918679584994,-0.127902245460208,0.243911805535674,0.341280644833185,0.146118167659353,-0.104635980755482,-0.00252086841570303,-0.0707315268520286,-0.0453577336546431,-0.0366363339590403,-0.0222677433668311,0.154720137405035,-0.166821987172872,0.146119340655668,-0.1338815351715,-0.179870765068178,0.270143685857028,-0.062484198705362,-0.25115789225089,-0.154278592829362,-0.00722690752634751,1,0.372505806325777,0.431350639467181,0.077923854566828,-0.194573463533896,0.241970903122835,-0.0638237215320696,-0.0913655246216527,0.016742646839367,-0.0486190650288019,-0.0545127682583229,-0.200223586360553,-0.192759770210309,-0.186907029594176,-0.218438093489615,-0.169425566967599,-0.0568105356655374,-0.00736327776761976,-0.116754545176857,0.170400851648799,-0.243410176986327,-0.126757516796827,0.341613714174613,0.0020377216283212,-0.0571881935872211,0.0737218037741837,-0.0139893972605077,-0.0514714647732296,0.0223642017703742,0.549279260185271,0.0264357173960731,0.171952540061884,0.23999022284626,0.0345404845354257,-0.133059832901865,0.0425676489980323,0.00658317485383683,0.373947091300274,0.122645197976246,0.253124633624306,0.319094891209271,0.285416453846312,0.0781218525896281,-0.155283667875344,0.0394107500229132,0.0195778136236164,0.00832089163950712
"堂祖父-堂侄孙",0.44035627514424,0.48499477894598,-0.0639440936059485,-0.204152775892422,-0.251921759620215,-0.0795074433084637,-0.0771337798240154,-0.0965454424183448,0.00958552473731432,0.106189238248393,-0.112884443233835,0.0424572087554736,-0.303171452913474,0.00925340880131017,-0.0974437505159733,-0.16676338667811,-0.134875145487952,0.165364741606756,0.0047456268079751,-0.085466020980544,0.350190407842371,0.0340768384068562,-0.0180585112553521,-0.0683400116924598,-0.0387000246999957,-0.132381162781437,-0.139421334170317,-0.0545403760156303,-0.232077186075882,-0.257087265809412,0.154946754357942,-0.187992671514781,-0.213623320405786,-0.197210738934093,0.0688209808202906,-0.245346401535424,-0.142317413343632,-0.00593849653889717,-0.0807218830476794,-0.177580191640897,-0.12052282332272,-0.19169664148797,-0.329312560549484,-0.0656698897979587,-0.0390897188585294,-0.0682826955048122,0.149601497988735,0.0513650507247846,0.275717931327294,-0.179226361317278,-0.18249844636482,-0.0586342524368265,-0.126431396875753,-0.26836697125024,-0.0223870162041175,-0.0214104088983497,0.110962693206821,0.0598126705786111,0.301203055846898,0.0336396398676276,0.02167052749019,0.0490473311980138,0.151581827474856,0.20850752883961,0.0389729482160555,-0.0287901712812675,-0.186285267105684,-0.252658321388206,-0.192031708001053,-0.0666283205021643,0.00890144996538503,0.095505259997144,0.164701655476159,-0.0980639295773623,0.213336092809604,-0.103479322770677,-0.0121165804758332,0.108389907591889,0.137605725615064,-0.114915668177304,-0.2030892977836,-0.0592672669169211,-0.0331259741263867,0.37303494650144,-0.12116318646933,0.0752988351835494,0.0686020573600815,-0.103971766503599,0.0876463685963255,0.0795006346591098,-0.0286842600862634,0.447626487081219,0.0146422943296176,-0.0858610172309958,-0.133766597850185,0.0404116854495528,0.372505806325777,1,0.539509732834918,0.267907951478242,-0.0194408083870023,0.35350964963214,-0.084723592436346,-0.311858137663178,-0.106691269944725,-0.0448540931368996,-0.0575549084414234,-0.319514608914178,-0.145626532215998,-0.0601602341778624,-0.121463100818778,-0.205905555206531,-0.141747127155069,-0.0666986594629051,-0.25600119958891,0.0532703086762318,-0.102498766468031,-0.0360739845414287,0.130571264095268,-0.0286010220753561,-0.0168604957153426,-0.0183082269803116,-0.214314177133396,0.0950137632015187,-0.0549190708809243,0.305784094597964,0.090585826137167,0.029013150626471,0.0254005482919337,0.377255386116561,-0.133175847403952,-0.0498365129847346,-0.0873791338165583,0.0256697529213734,0.187444373238277,0.330218322923923,0.243748239082721,0.160578156747426,0.0911683772475082,-0.235108649463303,0.0207944554437699,-0.00357431728046107,-0.148593327831177
"堂祖母-堂侄孙",0.495569454986414,0.451833533007938,-0.000944456664562727,-0.149138201991649,-0.197352726339465,0.0657227148724735,-0.183500129002353,0.110388820897029,0.192959441149671,0.0233778020742164,-0.135970701610797,-0.0767459536523028,-0.328632794846318,-0.0320905785170249,-0.147888026086405,-0.104022187433621,-0.212230267756267,-0.0093665127669471,-0.0972624822417098,-0.24913989437182,0.235927432723263,-0.0165419019242534,-0.140327780434914,-0.0455111376108803,-0.0463321047437802,-0.117704837256653,-0.199903703325932,0.0387280678661242,-0.256346369282357,-0.196567013459439,0.21016887058542,-0.0816659885853564,-0.144210203985441,-0.201852664631419,-0.00665813437399822,-0.301422352615917,-0.101361581884431,0.0300993109827904,-0.0403704737007042,-0.142890397639321,-0.150691025393037,-0.180594063611978,-0.267318394909808,0.0570274037406304,-0.0977528609063075,-0.284607575320248,0.211190985149446,-0.00448956334074896,0.183782315419251,-0.122034426628163,-0.246816815560429,-0.104458366425948,-0.0726513968764258,-0.301243221208429,-0.0681633574316905,-0.0218617926255633,0.0828406969978085,0.000656550166669696,0.0481184721218552,-0.0511379228624211,-0.0368722564580344,0.0423204619575109,0.38600303951632,0.3492948476676,0.0866266197611227,0.062688696190194,-0.186581688040899,-0.109709117141536,-0.216382274133053,-0.0920049355342657,-0.0397053428297112,0.277373874516241,0.28122154320725,-0.196835554645201,0.299297943738136,-0.158984368236648,-0.178723725986624,0.210404126649552,0.218349383076715,0.00422142762434527,-0.120510197672279,-0.0377973077681785,-0.154585358146302,0.0550990120058388,-0.178034927360145,-0.0414762995628555,0.149549752812342,-0.0575942366581209,0.0992993584941358,0.0408777492769887,-0.121072089420578,0.260472165016495,0.0909600124510685,-0.0442179084988792,-0.0362814992122979,0.0689996394331404,0.431350639467181,0.539509732834918,1,0.108995025096118,-0.152176350779307,0.383814620010564,0.0180411253154648,-0.245755315527418,-0.134426646744349,-0.0984656674634827,-0.106146829979672,-0.277796649932744,-0.274104610446069,-0.183758392978779,-0.100981621409947,-0.202896879058185,-0.105625477517403,0.011493280514525,-0.213335798540514,0.14739318351701,-0.259800027807254,-0.170420347415146,0.145363834413314,-0.079926111633708,-0.119014436746932,0.096488266705434,0.0104396377022715,0.173529791246261,0.165509117256594,0.437354653216619,0.0946690404369483,0.170827147375244,0.14520073992172,0.189074733577775,-0.249792822207278,-0.0527593637792001,0.0456339871630864,0.262680381460981,0.00322666717448039,0.283484435283954,0.292457996379266,0.519517876452016,0.148126070747676,-0.241550354444884,0.057599753522542,-0.0787488412418099,-0.0694135309785136
"外曾祖父-外曾孙",0.139103246911989,0.221402670877767,0.288641309794855,0.361105498979909,0.115038096255363,0.222210977390215,-0.0016133151734721,-0.279530631475535,-0.241669519378099,0.377570131183043,0.0400736814705513,0.029991558658515,0.00672711243305976,0.0930842989935259,0.0220776560265575,0.0884796839843554,0.135694730728479,0.25357610495994,0.115618732117781,0.0190238055915484,0.314631255473405,0.144449615737653,0.0777454637014311,-0.131970151736347,-0.183354120858174,-0.029167910922467,0.206991517123065,-0.0455937827774161,-0.0700304864287665,-0.130965878715552,-0.0793535968289593,-0.120942744554039,-0.0742866813772085,-0.244268701331454,0.002853116033518,-0.00436686823249611,-0.0823560114972847,0.190567057505612,0.157240311625769,-0.195056820007551,0.0853980551651477,0.0543555619144645,0.101589329038226,0.172579455245503,0.000514928187740372,0.0643557908502648,-0.0393069910455223,-0.0240760465131395,-0.0537286272123081,-0.00381654646750298,-0.0468932151819078,-0.0989145508619177,-0.249772838787544,-0.16287627371732,-0.110518253484197,-0.122980733195225,-0.0683780726357536,-0.0232622941692305,0.295672156393651,-0.181335493464453,-0.176666431083825,-0.150996842262342,0.0295930118808628,0.00256034994207161,-0.198185991196659,0.020637161820505,0.109603246986289,0.055882425053482,0.0482354108472122,0.225833829314366,0.00039485369788102,-0.316277396714619,-0.111306408832143,-0.131769577954596,0.122425092560786,-0.0893790981969001,-0.0327790933522164,0.179705587319317,-0.0336107378248572,0.0113245105395773,-0.0844477551268137,-0.2239031137607,-0.0424444501979835,0.222188088942092,-0.206504247278446,-0.246323579258259,-0.192776873062172,-0.332029626480629,-0.108084784179186,-0.0211178082506508,-0.0700863612532633,0.0893433047365464,-0.0894492412386853,-0.135873018524821,-0.156431542443555,-0.0860205016323883,0.077923854566828,0.267907951478242,0.108995025096118,1,0.305992708329606,-0.0645617239479173,-0.174730906581683,0.00570316571286624,0.285122796152412,-0.10222907326759,-0.0767303264342893,-0.120074409367991,-0.220533093078013,-0.111942256946434,-0.123157901080033,0.06495598808502,0.216165333570416,0.123537980986154,-0.0497918191290896,0.076924748977421,0.0748340091347598,-0.0264932440685208,0.0552396499216493,0.0500487866328793,-0.0218644730549151,0.0299476398123703,0.0199813155519948,0.0847537891206507,0.00237410295866157,0.0480534175021284,0.065684971799224,-0.105143169239246,-0.0798026591545881,0.22099717421186,-0.128056237799029,-0.0573616458616139,0.111297705607199,-0.044124502694821,0.318141114953707,0.000331671445588315,0.164928734132057,0.0321327703179929,-0.0893583718444372,-0.171532163528486,-0.288631371237818,-0.182999739612788,-0.108745749243773
"外曾祖母-外曾孙",0.0310683105703152,0.044930041303007,0.214378958058016,0.346278544016327,0.281329939996859,0.130883373946608,0.0140911643670542,-0.31125212634683,-0.243154769721894,0.184358375781279,0.0090572584778866,0.114225099509389,0.0919417477945106,-0.130989845984081,0.0689964958979892,0.165921182130561,0.0892048526260407,0.235069960270783,0.000760789680821222,0.175398121155703,0.231157947162229,-0.157529600277549,-0.097149079005239,-0.0954869021008043,-0.0967723269688873,-0.10169974189548,0.0543283787371715,-0.253813803014086,0.118704360544063,-0.0506959973148185,-0.102754943463146,-0.0187403318975332,0.00460787266841951,-0.132367872445921,-0.0409572575667525,0.00495344455671543,-0.152395501200159,0.167287745137034,0.424488872234733,-0.0238020424130214,0.120241352594346,0.290515355753785,0.247154271622089,0.105267470694045,0.019959354126187,0.228721163178465,-0.174379760236502,-0.012781291356604,-0.158748481039536,0.0223976073907281,0.122933195956933,-0.0157994387100968,-0.167391072167842,-0.0854327779566054,0.194812369600612,0.000781377384557065,0.00254070661638289,0.0190705516408104,0.17769010965576,-0.297315186421309,-0.206390795269433,-0.231890799356293,-0.0662565990729122,-0.0587200596437625,-0.129050970501652,-0.0619229987292578,0.0973631633580437,0.0834868234801314,0.139156998871469,0.137729842093349,0.0818510946889391,-0.356912822943835,-0.334034551627151,-0.0907568894288479,0.0802494014615699,-0.0556462008930568,0.0795989904089127,-0.0431549620870374,0.0382584122661989,-0.019428816381572,-0.094036767610493,0.100812138689048,-0.0577670515400686,-0.0250951441134396,-0.161150661818498,-0.146664492095668,-0.0722769257521718,-0.143268822730043,-0.15708777659063,0.223111818370267,0.0768370646541678,-0.0188961414971302,-0.132875981557073,-0.0936193269951865,-0.120293556793832,0.0602424252862632,-0.194573463533896,-0.0194408083870023,-0.152176350779307,0.305992708329606,1,-0.0861428279583589,0.00312437454699288,0.138530832167131,0.195384359344552,-0.140009456178302,-0.104197755811491,0.103149355346567,-0.161872162401786,-0.139528162025239,-0.0795748217810309,-0.118476907645568,0.268766759057353,0.191677357919615,0.200139011704862,0.00553558606182586,0.289580433636978,0.0797376597791967,0.0190709265424906,0.152831612198325,0.0956682809478178,0.128880020311205,0.0213540817255956,-0.0421026364803525,-0.00360074213839737,-0.180336556739482,8.56395386824754e-05,-0.113528769605665,0.012842455376582,-0.0675517778984827,-0.186090824338464,-0.142622323429185,0.153887913297492,-0.190576454070843,0.0327596922134986,-0.0996001041582988,-0.0817398578931872,-0.232682815964632,-0.166845009264342,-0.0800640736113206,-0.102304564670791,-0.140448240389475,-0.127211434228816
"外祖父-外孙女",0.217116189113003,0.267878835412417,-0.210950037973601,-0.249103798475144,-0.076661289273142,0.147403559211928,-0.0923088049658639,0.0645832672401012,0.251183112782047,-0.0446276955665802,-0.0801276959122618,-0.0561323409564127,-0.0790467574229676,-0.0956774790057992,-0.016839246599871,-0.0907575939169525,0.111087778829606,0.0293187285414667,0.0207220533344081,-0.30436701751624,0.0418357925571981,-0.0975950821559333,-0.0887130864012526,0.0534797259362884,-0.022970524838859,-0.247063443141878,-0.311765270690324,0.00730148931941429,-0.149656050532126,0.0853399280352202,0.158648148187281,-0.142221356861768,0.0743801552029183,0.100316910894421,-0.0686822163617598,-0.17940357437065,-0.118082222035107,-0.0649938196948304,-0.225906492436942,0.0201895031366792,0.0741265297722905,-0.105896960320606,-0.218173378719893,-0.0799000241728195,-0.203131614846646,-0.130651316820498,0.000312097642216798,-0.232802312723118,0.0102953190357125,-0.0248730228696174,-0.251058260629134,0.11899300021836,0.0715259415881373,-0.000755971881227708,-0.00638801857722756,0.139275925239343,0.182920997429936,-0.0976925831235296,0.0104505087558681,-0.212307930905778,-0.0960778933669979,-0.118800299320398,0.452600532013997,0.232439889631161,-0.0846087013943749,-0.0157694690025839,-0.294905411775262,-0.0689520336161279,-0.0355696685668492,-0.0300602623118634,-0.191352484371951,0.13707700629535,0.306644281177592,-0.301151839906885,0.102297783947738,-0.28366883748636,-0.342282226688755,0.12921120070772,0.0328937238508846,0.0415153193932436,-0.166856124736812,0.238304438958252,-0.0853149915259637,0.0852937471327811,-0.188031815544474,0.13429631010968,0.421757250951897,0.198654307299546,0.118998298764478,0.0654957528380738,0.0737025321696338,0.134298894599738,0.00481323412355046,0.0606380389647249,0.0138312225738427,-0.0326067617617193,0.241970903122835,0.35350964963214,0.383814620010564,-0.0645617239479173,-0.0861428279583589,1,-0.0342751001087617,-0.0440106915062508,-0.0912311253217938,-0.197612975060727,-0.246713555646414,-0.134717553331869,-0.232355586278542,-0.235578708981411,-0.0126285493123681,-0.201946038319505,0.0171457679181159,-0.0299770324311842,0.117032127216902,0.0252421621994246,-0.146127485521921,-0.328569970362867,-0.0270680591204058,-0.17860905018746,-0.260102249353163,0.0230745821726068,-0.0726368108403274,0.129757366719645,-0.0801029136886727,0.396058178976491,-0.0177808461256214,0.254575146609384,0.247988148547822,0.0629525610374156,-0.243683301414606,-0.132492612009775,-0.0168403665729167,0.163452347182507,-0.0829463543294196,0.0467108273633621,0.0449008535204503,0.286096970416547,0.296092538876478,0.0496325815142435,0.359814112946499,-0.0818941531595449,-0.0328668163296968
"外祖父-外孙子",-0.0580323218808181,0.0365788673024039,0.0147180496675396,-0.0683836900682788,0.0756869523639579,-0.139751067482418,-0.145685737652281,0.0379510862751676,-0.0819464404155868,-0.116448674770151,-0.208605307958874,-0.145630915526336,-0.165763496317077,-0.175790135200452,-0.104669572592833,-0.250960739744445,0.0473633237391033,0.115795812240176,-0.151061019712955,-0.0304698100094041,-0.0162518185680839,-0.0851395964994903,-0.00363734289003307,-0.0544124886752232,-0.196298435496023,0.083098945512106,-0.0472310424789367,-0.0461537236731398,0.238685546380414,0.0184905568131885,-0.165766834153516,0.0563038409943886,-0.0729290390568215,0.134349262265589,-0.133883343926479,-0.150425951588439,-0.283349053525742,-0.00763734823934021,0.0966771996387972,0.0948534964068759,0.0928854395150546,0.175833181460676,0.0387334787254836,-0.136054244756655,0.214948650333092,0.128262705553927,0.0345779539274848,-0.109012371992105,0.0319501495369741,0.0471953701425054,0.0728334045409304,-0.00317667951149624,0.330101476805539,0.107502504735974,0.235218453618846,0.258191962721901,-0.039869959887404,-0.0611290475646925,-0.0550629966760499,0.0606472782574212,-0.0821522940098652,0.0808866605963204,-0.15530788058888,-0.0699055347492657,-0.214353715262928,0.178099041451979,-0.087677859076013,-0.223832809717597,-0.0107806911712662,0.0194184152940293,0.178769917059377,-0.0697708892202059,-0.0518605782048236,-0.000439259180978137,0.0614243763139268,0.0046803914197586,-0.0153515135486261,-0.0079858493035963,0.0821829545019002,-0.0078549577919218,-0.045032161827209,0.126283258111291,0.0261128289644793,-0.0634577048077502,0.161019492553641,0.101094699204029,0.13711708486741,0.0624993826778271,-0.149346196209403,-0.0820798452636281,-0.127322540671001,-0.0164379870162551,0.207872766473019,-0.0955539161825618,0.28333287947307,0.0912347445306007,-0.0638237215320696,-0.084723592436346,0.0180411253154648,-0.174730906581683,0.00312437454699288,-0.0342751001087617,1,-0.106427612065174,-0.0833133723286474,-0.0653560214829609,-0.0674769282718904,0.174035847669207,-0.0851727898612586,0.0260521332289627,-0.281501819948914,-0.226964825984663,-0.105888248164264,0.0710072981877145,0.0129532875832819,0.227577335162503,0.100693163622463,0.0899853677423717,0.0368886540490629,-0.00773867981706645,0.228229028149262,-0.157462872646044,-0.152782778853928,-0.194204799201621,-0.0107755418929962,-0.00209996607345644,-0.0889844375427897,0.0722654515603253,0.157590566915191,-0.13406183032426,-0.103784422359632,-0.161358510250675,0.181291100934089,0.0192792103490055,0.0557645908409973,0.081971616632897,-0.0576642878925371,-0.0155793846817411,-0.0763018374736291,0.0363691811893457,-0.0220658283110336,0.0121516372316788,-0.227626299088891
"外祖母-外孙女",-0.204168525527183,-0.136993723286,0.0361736244206447,0.288021543915598,0.267448436059762,0.18347841290464,0.144168922823588,0.155094103583861,0.0684390362277548,0.0800646350448626,0.324245813353801,0.184020079215248,0.426197620763497,0.0251951754693496,-0.00413166325988384,0.240644325535445,0.166703756465635,-0.208237614684933,0.0905692840737284,-0.00627598105343492,-0.210848712886128,0.106317090129247,0.0598310955731088,-0.213299192466811,-0.0619299024059258,0.0661318776693341,0.166334490917008,-0.0665461594137726,0.0850171254673897,0.0516966823120671,0.0334216624092373,-0.12174992552148,0.149175028229351,-0.0242990702147625,-0.21048805648331,0.174242260256476,0.170538490354654,-0.0364208167241407,0.0716283333495274,0.109243698260301,0.130983671397224,-0.000497770464133956,0.420062441468378,0.253315873914839,-0.160075696792495,0.0704360131626979,0.0598273207719145,-0.256988920378769,-0.221971918681807,0.0445300795663438,-0.116412428557433,0.00547825016072836,0.0704115460065298,0.208385037613787,-0.0251243487239856,-0.0850959063537489,0.103107516950346,-0.00424976048001403,-0.165575978443592,-0.260466050886435,-0.246285849933287,-0.191458083171191,0.125186153016851,-0.0626311826396286,0.00221699597637712,0.0746110483484954,0.282403057667076,0.34705332044867,-0.0487312648990524,0.0188693903468199,-0.168691817940376,-0.102665657171886,0.058247818438369,-0.207748109266497,-0.0573617934082406,-0.175685714405307,-0.219685998294454,-0.0556112202633729,0.114548663234603,0.18766849532453,0.0738634283494439,0.054041675296078,0.0505520962440137,-0.232888386045172,-0.0451634570663107,-0.246437111783763,0.0433997644869143,-0.0397802270183446,0.0122244875943107,-0.0959869718876514,-0.0843547087453355,-0.131519157032204,-0.196120542988745,-0.0150497800180269,-0.164919096389501,-0.0479510370675177,-0.0913655246216527,-0.311858137663178,-0.245755315527418,0.00570316571286624,0.138530832167131,-0.0440106915062508,-0.106427612065174,1,0.206719849482071,-0.218575308539283,-0.280177063238323,0.00786695212764419,-0.0967608859283945,-0.193655080486282,0.164927153538777,0.199284095136519,0.0102742439047182,0.207810169902546,0.253791610523077,-0.131459600245697,0.0291286642439344,-0.170455440447638,0.0199813112153237,-0.160874925626857,-0.150527724817089,0.120704121438984,0.196566014451093,-0.113117165740021,0.129244582720669,-0.0300244081769651,0.0798535555165546,-0.0275580787180974,0.100052319371382,-0.345951791083452,-0.106773198230473,-0.128653473088725,-0.0046699372640925,0.153171230321214,0.0154413358435723,-0.10574333559575,-0.0974999550598412,-0.066893155873657,-0.0609790593828425,0.116695003877908,-0.0299092708095102,-0.186919542363534,0.129359065799341
"外祖母-外孙子",-0.0380198443624078,0.0389003736177355,0.308738366760951,0.283589710067312,0.0774070245983127,0.296597150627725,-0.104979468312455,-0.0925295653141643,-0.121072328363934,0.293304808646591,0.105106909333015,0.0108481289517264,0.444380131795343,0.167946805255935,0.404622196206737,0.264917796341979,0.148328284071151,-0.0273682596090224,0.12052793652619,-0.0469766960881359,-0.0429807606076115,0.0268245802930495,-0.00672994386624397,-0.290462066569868,-0.114322076355014,-0.0502038277224617,0.287758174939181,0.0788719451277366,0.0342640558357866,-0.0352372897653246,-0.212089692959024,0.0920607546615876,-0.0556988388915508,-0.0836135695009929,0.00513510804342956,0.22770674291495,0.113372852961275,0.156154766495793,0.314723296508862,-0.0123451661169037,0.186081621369371,-0.0646135478873662,0.199306997431245,0.127864771337384,-0.113070705645223,0.147982952264643,-0.01812382428506,-0.23007347641652,-0.135156427615943,-0.0087550283326489,-0.167558489938436,-0.151308399835441,-0.0199831974169305,-0.0288990736253978,-0.205601156200781,-0.00334306781321377,-0.0219627983329139,-0.0624237418199069,-0.157675194536036,-0.258915852800276,-0.145305865344627,-0.157521997111346,0.00413624681008854,0.0602544044515598,-0.0239313253283718,0.250565158514987,0.0975456990955364,0.407656744064636,0.0864157815043264,0.180837702221058,-0.143387951264187,-0.184168487282114,-0.036513144829002,-0.193814739797066,0.145033849267056,-0.101755603227373,-0.13411577921154,0.0898050067912855,-0.00787443033545748,0.339642203000003,0.322986167271813,-0.168952935139062,-0.144041757569269,-0.0428076767206692,-0.134957745081166,-0.253412569386369,-0.0841110344130347,-0.274294982727228,-0.169213465747649,-0.0315547552474525,0.0209982946278896,-0.0160870166767586,-0.282457716548553,-0.217300060026001,-0.136008993243952,-0.225994502469415,0.016742646839367,-0.106691269944725,-0.134426646744349,0.285122796152412,0.195384359344552,-0.0912311253217938,-0.0833133723286474,0.206719849482071,1,-0.0854699496659179,-0.143622355971995,0.0949865551567295,-0.139759024634652,-0.188281313228956,-0.0588705521167211,0.122332078332908,0.200500888215583,0.0246280597108677,-0.0416966378969012,0.0629298199307055,0.167372228333702,-0.0927216143273841,0.160485062559107,-0.0473876183364176,-0.11415963351635,-0.063487533451603,0.25283984291245,-0.0499404956655023,0.0276355462335249,0.0602769087991645,-0.0586211002756297,-0.115990077951974,0.0289187450188745,-0.10345679440503,-0.0714525021111426,0.00619769451346125,0.0426149263595051,-0.0906105365761333,0.0479166852755883,-0.0887265375967171,0.0531666537224569,-0.0956750331812926,-0.058465705947425,0.0243008697700432,-0.228721379450346,-0.0626553382206298,0.104883939397068
"兄-弟",0.105113561614836,-0.146171412331537,-0.0628115419754344,-0.167850074739473,-0.291793409373099,-0.0609006559763691,-0.174842747485762,-0.0494772340558182,0.0705663226508697,-0.0814362365108368,-0.10600363364983,-0.151676938771826,-0.137344633107467,-0.0322945353294145,0.0595627132770721,-0.0828693210169244,-0.159554269707874,-0.191590937893542,-0.161981853475121,0.363977761611771,-0.126233154847617,-0.0681220650892844,-0.112053270456328,-0.0454501821496938,0.00170968291635353,0.0973566480030174,-0.0587882149150385,-0.0368240124116286,-0.334879473934467,-0.24361201326431,-0.102621616404155,0.255678997831908,-0.27766092465485,-0.060354470588853,-0.0962737664040808,-0.144868731708405,-0.0100769600821193,-0.0189818438442927,0.0214413380366629,-0.114788251789008,-0.353788381183515,-0.243551712876798,-0.208050011156673,-0.124847558401307,0.377211521564597,-0.140312536587051,-0.0434459370801751,0.576420030280097,-0.0534123209355058,-0.181381233573902,0.558652034328583,-0.222744387640718,-0.157552316743392,-0.183879913273604,-0.165728888969305,-0.243430051900622,-0.0475816977836307,0.0967579278738978,-0.0502293151908429,0.590446114292097,0.583749078852102,0.535137491287889,-0.303318343437449,-0.168877277425739,0.0911906246200471,-0.304884018270125,-0.220779259710451,-0.161237253934067,0.00203468410915834,-0.0785931219001038,0.419925326423593,0.0601967381372317,-0.046914759919645,0.634576692369044,-0.241365459077487,0.71751135192126,0.605387201642545,-0.153037831636042,-0.188015562818828,-0.0696805887433048,0.184498671889578,-0.253882693054469,-0.201406545665358,-0.0228060389165275,0.378585755721413,-0.0830414148106778,-0.270479227443235,-0.156366745932829,0.070209730123986,-0.177865794243414,-0.0971381599304907,-0.127915315500796,0.00258858697056868,-0.160011550367294,0.0633056564802414,-0.0360880023000615,-0.0486190650288019,-0.0448540931368996,-0.0984656674634827,-0.10222907326759,-0.140009456178302,-0.197612975060727,-0.0653560214829609,-0.218575308539283,-0.0854699496659179,1,0.709231402230136,-0.0883279116207659,0.504311713628645,0.548337684604793,-0.121999998834571,-0.0396598378033965,-0.0974927988354996,-0.327065327222876,-0.252135878720241,-0.00292764828559787,-0.124821886350993,0.51997967469993,-0.184690806689276,0.551081576554515,0.375897420920204,0.0230052405799911,-0.0360226681815486,0.0457681337627833,-0.0980953439448976,-0.16691576825121,-0.202640924179572,0.0434817925120906,-0.0789832521397717,0.123630259870554,0.719826662469758,0.62987717764991,-0.0558457983905386,-0.0857156070729352,-0.233894758862141,-0.117532797376018,-0.0882778712374556,-0.182539970766189,-0.0926141558651277,-0.207643764644086,0.00433741902184633,0.556079577512792,0.0241415449924501
"兄-妹",0.0986583290455876,-0.114274612807914,-0.018936129728273,-0.206093521452411,-0.347124301826715,-0.147971673384374,-0.0454623699390366,-0.107963365176266,-0.0121313973961306,-0.0776951362952956,-0.137723699471961,-0.119855213172527,-0.247814099200354,-0.0532898689603999,-0.0320040406400969,-0.0809993054453451,-0.269757437484626,-0.109885206878725,-0.175746360377254,0.330914812014264,-0.0346843535368996,-0.0832812062068834,-0.214716095923077,0.0318964286896935,-0.0903829490021972,0.0869757497347556,0.00640898112287871,0.00949019571904745,-0.299735599916391,-0.240469721535866,-0.152575211435084,0.225574734645995,-0.227474944945348,-0.0839687281402199,-0.0550777603424919,-0.114695254964165,-0.0632629736493501,-0.028744175518744,0.056911189291542,-0.16531139794989,-0.460552626501581,-0.168041837425193,-0.287612027907171,-0.0870986098448724,0.365998686093044,-0.0757959914108032,-0.0496655809283081,0.6730139151798,0.00339375496132118,-0.251563657387065,0.554333207039122,-0.176969347957413,-0.139595902764846,-0.177940511436506,-0.056237524830789,-0.215460957647618,-0.0294557640378166,0.182346415819072,-0.00554299916363309,0.524464191622228,0.524790724887494,0.407128381523438,-0.295035532679651,-0.179914901176164,0.0968034342253409,-0.245015157369173,-0.179160089272511,-0.183564369789625,-0.0438610146147309,-0.068599310983985,0.455173451486726,0.0138324911392449,-0.0531341375023824,0.652335286830508,-0.164116184192241,0.731268043080689,0.707428468847922,-0.192049719539353,-0.225859407880009,-0.110731382249209,0.203619007265089,-0.3768671697756,-0.140530621535677,0.135181605978461,0.361424082915379,-0.0485596027283385,-0.332847103271077,-0.121855722951158,-0.0501325404133872,-0.162212910081247,-0.0754587496158922,-0.0719313291228028,0.0788706581336687,-0.044297428502833,0.0535782390343754,0.120467404132741,-0.0545127682583229,-0.0575549084414234,-0.106146829979672,-0.0767303264342893,-0.104197755811491,-0.246713555646414,-0.0674769282718904,-0.280177063238323,-0.143622355971995,0.709231402230136,1,-0.151347759730566,0.467636634883694,0.505283071925276,-0.0899061430397856,-0.0813217351165795,-0.0705973221448357,-0.272308288822227,-0.307463749730576,0.00821901329540119,-0.047389180221479,0.563116951213005,-0.0915615270242847,0.577185424408958,0.368965238821721,0.0668315251084959,-0.0955191903330561,-0.0258351344165073,-0.0756785519764577,-0.270148573134752,-0.224876572438144,-0.105697654173863,-0.206408826196178,0.203388478740969,0.68056385007432,0.580911132972375,-0.0447504554673305,-0.186331381843837,-0.239699219975524,-0.0253561348602795,-0.0780214459871752,-0.154254599588841,-0.131364201311015,-0.219486803959219,-0.0525504651955548,0.534130551326831,0.015293573414832
"兄妻-弟妻",-0.190319623830903,-0.291576222224322,0.139676204614297,0.0327857374013233,0.287582504341563,-0.031696498464711,-0.0195874120120979,-0.0314560471279708,-0.13508791029931,-0.051121387524108,-0.146031071518804,-0.0547237997982001,0.131732564955675,-0.204063068018115,0.0117809651485371,-0.0346807019810105,0.263427211896625,0.160505224776597,-0.0916217475021301,-0.0800281848288986,-0.145905290399795,-0.035462219114795,0.0209339289551975,-0.0849657939513406,0.000686771544824205,0.0568268425810787,0.106458858933527,-0.027280176479669,0.445570813791196,0.32715937395502,-0.17202716816158,0.340315325282665,0.0309468472974764,0.0842708627651559,0.0225393536132349,0.0908366338682059,-0.00609586709736428,-0.055127140584454,0.00204164773120749,0.169232156568176,0.343747644787877,0.334278727381309,0.185066120981819,-0.0818332453342143,0.0969078328073544,0.137786026999638,-0.1849902429658,-0.169980713934344,-0.126475524059003,0.273147741136025,0.00587223415517163,0.117536542405459,0.0614268785262287,0.119312417725248,0.0805196123906126,0.084559714829204,-0.0923831835341021,-0.15244172296033,-0.0930682372374303,-0.185969720853029,-0.237747600930395,-0.179916467788225,-0.106907006654603,-0.160389837934484,-0.177713318327061,0.104768606957125,0.0422158168339271,0.0439759047838162,0.366708722907288,0.271016535664556,0.05251761758879,-0.173908838539809,-0.189462274155879,-0.123089537050325,-0.154492485464277,-0.119942974869241,-0.153513628608461,-0.0501090268407431,-0.00190349761660046,0.116063353276867,0.054996317886242,0.0752523309281303,0.0777670887633444,-0.192752466505554,-0.0680306111785954,0.148969786136877,0.107981007937597,0.0696921340784391,-0.226522920199902,0.0206441828075302,0.0527961633926661,-0.212841442977152,0.0972269610245268,0.129677487854548,0.247216264824927,0.0868850622348092,-0.200223586360553,-0.319514608914178,-0.277796649932744,-0.120074409367991,0.103149355346567,-0.134717553331869,0.174035847669207,0.00786695212764419,0.0949865551567295,-0.0883279116207659,-0.151347759730566,1,-0.171733997787948,-0.210653118312009,-0.0358716750309567,-0.0154181891097633,0.25138530662633,0.114164774269714,0.184941317361235,0.0279048608328696,0.202469796034833,0.00728208023400512,-0.0388057113175915,-0.0384799847832436,0.0600665003790312,-0.070056537944464,-0.0557384940191786,0.00482356444142069,-0.171979796495593,-0.141008590426574,0.0235898557264561,-0.130136330753081,-0.0780509460073476,-0.101993562464065,-0.150141425264409,-0.145630642370983,0.345007760454286,-0.0777531809053481,-0.0638780707185883,-0.16076990828315,-0.160000185664523,-0.162528710886449,-0.109974201363428,0.217126961317602,-0.0444443250746847,-0.189389702099071,-0.0541696283738685
"养父-养女",-0.19435330289483,-0.265087200476111,-0.3036051161762,-0.0987923105412105,-0.228427806071503,-0.27095759035836,-0.0877061436373992,0.0925144461148939,0.0578796936185284,-0.279615674779186,-0.0312630808717334,-0.123046495917596,-0.0412676654318974,0.0577320044492841,0.00571291316685492,-0.0210017239568683,-0.208048045531154,-0.205388686057845,-0.0779708989994514,0.414171346574675,-0.114601121361929,0.0753057998845351,0.0559310576877214,0.0439048798854174,0.179035806615679,0.217733203424472,0.0349172803338777,0.164160481297834,-0.171163260544339,-0.176786044053459,-0.112596734935049,0.0410774923657951,-0.0809401635902111,0.0267415472806161,-6.07394919724858e-05,0.16188190624335,0.132541236626222,-0.039859888028278,-0.0330559075756656,0.099166074982202,-0.252967485206663,-0.289121285564912,-0.181972349998605,-0.292917336153042,0.0408451203519198,0.0890774337423632,0.0170762979838799,0.316419437779297,0.044553295298061,-0.19870106434006,0.419912338835428,-0.156079411161253,-0.13199493179475,0.167616635704162,-0.153012297179796,-0.167880253981429,-0.209531910096527,0.0727907992843954,-0.124307380328962,0.617361409775546,0.623870931111496,0.470605963249973,-0.333353618795103,-0.185879187153035,0.0783474935222654,-0.0734770980347958,-0.0218092375661981,-0.110010665410158,-0.0743056087356974,-0.284213329237075,0.099830042739881,0.166499413072294,-0.100209535500451,0.687001524037561,-0.196428745274139,0.484847577756152,0.563337236226835,-0.132233387041342,-0.228574331574973,-0.214318020307691,0.14319755031717,-0.072210723648867,0.0459127202005512,0.0442379609008555,0.540693895598595,0.0860177325455983,-0.264108544979197,0.0466309386999376,0.131364430019631,-0.0630083639507917,0.0122732238757906,-0.147862178377643,-0.137640779885433,-0.14983071815991,-0.149080121277259,-0.212345198014218,-0.192759770210309,-0.145626532215998,-0.274104610446069,-0.220533093078013,-0.161872162401786,-0.232355586278542,-0.0851727898612586,-0.0967608859283945,-0.139759024634652,0.504311713628645,0.467636634883694,-0.171733997787948,1,0.765583428362948,0.0723993258162198,0.079268440493765,-0.268785820266209,-0.278667008411548,-0.235538734670184,-0.16327416661548,-0.0166389156642383,0.414738586677523,-0.0593476520640989,0.226077531567039,0.181102815808752,-0.26777541361363,-0.171199093068086,-0.172701403946689,-0.223929259280266,-0.239649020631309,-0.0995695179485636,-0.0673268362804548,-0.0624151690875195,-0.0907413275011901,0.661882086112416,0.30307699651097,-0.294900529258997,-0.211381966854292,-0.0836996569591138,-0.155831300813605,-0.211317378944205,-0.321816217723517,-0.00121760099667023,-0.0174760812661081,0.00513774538442831,0.638346242221221,0.170497152413995
"养父-养子",-0.0593828713574465,-0.209368448131947,-0.263833578805085,-0.190562866627294,-0.290832113487413,-0.280009626612544,-0.169805200098775,0.103954019071596,0.0906168076307962,-0.227501183969494,-0.193474083631042,-0.171435818473396,-0.153515841856829,0.0586965857369274,-0.0445206302916238,-0.100023898086492,-0.164440239391174,-0.160631083099086,-0.158304249999668,0.484505469268989,-0.0377741726405278,0.101914888053054,0.072385497397281,-0.00708799099922359,0.154738185433661,0.214806416534541,0.0798588550501309,0.108658612328151,-0.301502789557812,-0.263347780280512,-0.0820793640520444,0.06018030717738,-0.19207250567427,0.00300077331224661,-0.0298434386870803,0.00831023267709209,0.0514166605352645,-0.0271804548929154,-0.0546386103577934,0.0786889006007164,-0.318874792109822,-0.319662981158368,-0.264162323602905,-0.358111001538485,0.175531734479901,0.00408400023502528,0.0488425318812952,0.440358019836351,0.0406293664681588,-0.2582023103427,0.463578790358523,-0.0868257360663281,-0.093823346228959,0.0645214726814995,-0.117369895706559,-0.174492116295328,-0.145662764592179,0.0635107968387284,-0.0132476533119452,0.755250437846091,0.621275134185682,0.556124858908972,-0.354088519199534,-0.156733594689896,0.0598297339546958,-0.0719765573362576,-0.174179824971292,-0.258173524306421,-0.107811588198868,-0.229313152387529,0.181876353209358,0.145555190484915,-0.024121407692052,0.688947500925014,-0.245204725150484,0.57770028317983,0.615583545855422,-0.0993820282241012,-0.206247015821313,-0.220823198234811,0.112582335716329,-0.145186445212115,-0.0430772220945445,0.134545218185645,0.574798434979774,-0.00337656880551451,-0.281480642290902,-0.0452654156050261,0.151048178103446,-0.081906730756468,-0.0673719642930629,-0.0807619668253115,0.0302233606360926,-0.142392932896991,-0.0654660876252441,-0.158686500503802,-0.186907029594176,-0.0601602341778624,-0.183758392978779,-0.111942256946434,-0.139528162025239,-0.235578708981411,0.0260521332289627,-0.193655080486282,-0.188281313228956,0.548337684604793,0.505283071925276,-0.210653118312009,0.765583428362948,1,-0.0273932022077771,0.053612040800334,-0.261888006249516,-0.343075491122473,-0.313338015151144,-0.0710760054236581,-0.0863932241302777,0.460767631161793,-0.0650960886895575,0.318583766904521,0.255937022921706,-0.23259294127285,-0.241734019903659,-0.08707665068235,-0.198078624054908,-0.172640120751039,-0.13851450001912,0.0263168652918374,-0.00385449820053805,0.0762399995411373,0.556404357607768,0.27948771210876,-0.241160092335609,-0.163011366196528,-0.0527300729398897,-0.131893934188231,-0.165580934760538,-0.294899390227972,-0.0153155074654207,-0.171347674589253,-0.0709419521269324,0.625504607642104,0.0571696148284441
"养母-养女",-0.188307501558112,-0.214774279074594,-0.144242590962903,-0.129679394260377,-0.0357593755530756,0.0120007818600643,0.113031148125961,0.221587513018616,0.155350552734821,-0.135749978087032,0.113438784571171,0.21173894352239,0.284534373632434,0.177543176408896,0.0563495525092444,0.172051013679364,-0.173742025885514,-0.179239285539291,0.157224590444471,-0.0726656575759074,-0.0876648746122881,-0.00627406594173813,0.0184911627362853,0.160227482513006,0.227471302985194,-0.125933818732658,-0.0622894960585147,0.20864303825995,-0.086599916183618,0.0818072723735752,0.0988219447848172,-0.0909903535246152,0.184040119789296,-0.0355334562644214,0.0415135163822061,0.127478174863006,0.286520729877147,-0.109361025330006,-0.172740050115403,-0.0157687168697607,-0.0916415350443024,-0.169591740890466,-0.0697026834990009,-0.052241230089671,-0.217633998202486,-0.0296467015941613,-0.122705506414115,-0.0665972769841496,-0.0988733625305666,-0.138445987128464,-0.0547863379466931,0.175191750023942,-0.107323503238278,0.127175349661205,-0.155468320175563,-0.012216468541406,0.0166000070425225,0.188229219597997,-0.105410502228821,-0.0361632339418105,0.0546226300106497,-0.222993782543586,0.174995998926353,0.229096336588324,0.32838704576429,0.0263558987359451,0.0929080470426236,0.189506132180334,-0.00011139186837068,-0.0606265894805334,-0.209986387526565,0.285545254524712,0.0273808128178577,0.0270032268164186,-0.104646839547015,-0.129107353537161,-0.134520592888841,0.0160443773188897,-0.0789260301931589,-0.0972621182338047,0.198211622704307,-0.0345862279110263,0.0233632410373907,-0.0544394195877349,-0.124535656790081,0.0515915787927675,0.0154924515338869,0.238641448124552,0.160700066798062,0.00804983336170837,0.016982847588882,0.024729824716022,-0.0931711898661765,0.215422780138467,-0.220563046876125,-0.143793746416799,-0.218438093489615,-0.121463100818778,-0.100981621409947,-0.123157901080033,-0.0795748217810309,-0.0126285493123681,-0.281501819948914,0.164927153538777,-0.0588705521167211,-0.121999998834571,-0.0899061430397856,-0.0358716750309567,0.0723993258162198,-0.0273932022077771,1,0.42890065217292,-0.062966445236268,-0.00100081234955461,0.0358449528135947,-0.21267211176273,-0.042909890449376,-0.0818157719926885,-0.0138833289345742,-0.198521093997217,-0.227511392858733,0.104345958959049,0.188883358515982,0.0675194275316987,0.153137971106787,-0.107174591400909,0.124059983439251,-0.0986456079197154,-0.156715887865898,-0.0824755703491584,-0.0143124638833081,-0.0955680711276805,-0.279559917847646,-0.0519401038555064,-0.112271328558594,-0.0183884582271342,-0.0526524917052915,0.0168915667792689,0.0891706703435581,0.0811876664973989,0.0536882134908687,-0.133271468438418,0.233878639392166
"养母-养子",-0.230848560505529,-0.266834565549132,-0.0379925189252438,-0.01228379520178,-0.159456044949563,-0.0147920541172928,0.244687014790329,0.190508885035768,0.129858023483984,0.197684811346023,0.241328441601319,0.152714153396288,0.35932926402101,0.317138410219766,0.143054465047378,0.265167492695523,-0.0747929443793335,-0.0422164823592457,0.152750629180213,-0.14346449629086,-0.0736225124309522,0.119445485063916,0.123679520396274,0.20696515685672,0.161830398827716,0.0247341554493244,0.237156437240207,0.106437661423581,-0.0578302619734134,0.0736934534406903,0.069860870014008,-0.0292443027962099,0.137577585076883,0.102242281965184,0.0677502701373017,0.220688694381593,0.437519394833277,-0.03764082838501,-0.0711127461804677,-0.0951218695795246,-0.124137444458146,-0.199432017211728,0.0261599722375957,-0.0102387877977194,-0.190938710430315,-0.155033171863468,-0.100557998055637,-0.126058260488844,-0.148327894742921,-0.0370362388339734,-0.0939132461212321,0.276408014800871,-0.0379857232945285,0.21282696163335,-0.134906427782027,0.0609379411519882,0.0934206223973204,0.121252621093318,-0.0515146304195787,-0.0238711517969007,-0.0130009816812989,-0.211306010201372,-0.0351990685045956,-0.0438702179836761,0.223697393125716,0.116852258209838,0.093299335858085,0.0695267905814176,0.0656125861151044,-0.236027620685322,-0.223988883576897,0.0995277551015218,-0.0359761005228857,-0.0446235677826961,-0.0923319911071751,-0.0872487150922621,-0.143386335298732,-0.0202271359264853,-0.0600751277936936,0.0520200487175993,0.189547573877138,-0.0700549451769539,-0.0255069921059675,-0.0534263433691065,-0.222013324749943,0.0474611274752324,-0.116438731955459,-0.0169324511280609,0.16266057826753,-0.00536804174987029,-0.104919101287393,-0.0329373334796756,-0.00473460737859506,0.0778528075571319,-0.119182656658395,-0.254776665417714,-0.169425566967599,-0.205905555206531,-0.202896879058185,0.06495598808502,-0.118476907645568,-0.201946038319505,-0.226964825984663,0.199284095136519,0.122332078332908,-0.0396598378033965,-0.0813217351165795,-0.0154181891097633,0.079268440493765,0.053612040800334,0.42890065217292,1,-0.164325867395939,-0.041402634752365,-0.0810256092580403,-0.228524081953229,-0.134482074458192,-0.170439958692348,-0.161783011128002,-0.259559925084719,-0.201782992744118,-0.0165062994630888,0.221052907247078,0.0302724268273622,0.129617122619559,-0.120227405575778,0.213067853041994,-0.0779829371572097,-0.246147204617306,-0.0334995071602377,0.0276890499152952,-0.0900729798222092,-0.269001189475077,-0.0640370521989676,0.0309432947867571,-0.148099486276893,-0.0320950582993168,-0.0431291400122642,-0.014610675261596,0.147966825542445,-0.0815507519704802,-0.154362822702982,0.367101489832781
"姨表兄-姨表弟",0.082269905583647,0.0232467373039582,0.249393712266028,0.151569205328632,0.300329048840705,0.424268818946995,-0.113880878230008,-0.333363028156151,-0.171880569011062,0.0306862684638556,-0.153462201594709,-0.189122117681919,0.113233350969984,-0.0954854708347521,0.102914536319816,0.0913725541083872,0.284270813911251,0.270236728070642,-0.0745522813241381,-0.100368220786718,-0.0239962717619044,-0.13737840636806,-0.0102414458143644,0.0128612549185898,-0.120770437898367,-0.0918606280662422,-0.0383253810880017,0.0468415551357182,0.198837854798224,0.320437364246729,-0.170553037058469,0.140342803928535,0.0324836432319903,0.0403613237658068,-0.215508836087361,-0.0817132269685037,-0.171240574848829,0.21571912780668,0.140869163991584,0.00279931025764416,0.262785041374813,0.330172469191909,0.118917437547185,0.14780008468285,0.0395753204958698,0.0701326313685219,-0.189755165156179,-0.140609426135734,-0.201779120409226,0.145556843320225,-0.0343548990509657,-0.0428871744870775,-0.00833877662612074,-0.0345857538569743,0.0263009813206059,0.0127826677789376,-0.0130934161275421,-0.195630091525184,-0.0177443354630491,-0.27882058813806,-0.29761599935472,-0.159640554461678,-0.0192215344722863,-0.0511167160803987,-0.21138998458393,-0.0359626458135175,0.0212976711255155,0.209252201102077,0.174947605177185,0.575308726629582,0.00102924235387066,-0.269983890901165,-0.209235380644953,-0.116814058890843,-0.00725691978289939,-0.135467733862618,-0.153795723547217,-0.0257581464608751,-0.147068896555381,0.16789536840435,-0.00263773994995488,-0.00614502090847602,-0.176510901466401,-0.135417667354773,-0.183841370074631,-0.172399788751591,0.0258095397940339,-0.0503948946049852,-0.304345058252584,-0.143639860326754,0.167931912279331,-0.0436081949058682,-0.0835055677650374,0.0240775407612304,0.155103847159411,0.0877979369967852,-0.0568105356655374,-0.141747127155069,-0.105625477517403,0.216165333570416,0.268766759057353,0.0171457679181159,-0.105888248164264,0.0102742439047182,0.200500888215583,-0.0974927988354996,-0.0705973221448357,0.25138530662633,-0.268785820266209,-0.261888006249516,-0.062966445236268,-0.164325867395939,1,0.0992010592415615,0.294712465694478,0.156936332585544,0.230069958012102,-0.0511090990444246,0.0103091886815574,0.0755901324502523,-0.0774901501049239,0.0952477580529238,0.177107553012064,0.0379805494921548,0.0542560352607435,-0.0886429542076999,-0.132709924999602,0.0401636827588295,-0.00500587683367074,-0.0167056772311447,-0.205908612187462,-0.049963360347136,0.280665256186201,-0.0257329135451692,-0.087852916853657,-0.0229258070248305,-0.0384934155325212,0.0497253255740444,-0.0274307478753634,0.0545334642757182,-0.0642505165501816,-0.175473007606458,-0.125609740213944
"姨表兄-姨表妹",-0.117187882331539,0.0472499430920163,0.157672361507093,0.336712293534026,0.311276310974859,0.154701768207916,0.17700807696507,-0.122678786047233,-0.200013608676479,0.0604329393125713,0.0454633055799397,0.225753493341645,0.0889347201152139,-0.118986735829091,-0.237852488373961,0.0430685660481123,0.0651718253962875,0.178752117568602,0.00173796881847031,-0.114737870378738,-0.0182016584514495,-0.190566440137085,-0.139655423965429,-0.102668697374341,-0.14964321904996,-0.349021277686542,-0.149563162933184,-0.297739226354639,0.172745590792013,0.0883222959872617,-0.0231675270129614,-0.232119078460286,0.13695392628278,0.0974491278736951,-0.034552791935446,0.0327653197357623,-0.11810651474075,-0.0620918120624377,-0.0237949683013972,-0.102671206533037,0.284769681467927,0.420971315524872,0.369104612690044,0.401082139900607,-0.107906614170782,0.159405138546733,-0.00394698953606502,-0.06818164445511,-0.215611431496193,0.296280536389164,-0.213394611319173,0.0881629311588493,0.115979538883621,0.0781887971631383,0.225779561131567,0.152067234504175,-0.0481432852880301,-0.0573416655872607,0.0612708638364869,-0.393376504100666,-0.321526039287218,-0.178532936342065,0.0325035255559544,-0.136918399775909,-0.128609486345704,0.0269334325840987,0.219853561785958,0.256485014064422,-0.0135758820454942,0.15838181986378,-0.0513905189654726,-0.14438977856019,-0.0887160177845475,-0.321036781436042,0.0293395121412522,-0.198283678727068,-0.169979357200719,-0.00592654562791784,0.153164233703607,0.00557814149920623,-0.259595840022576,0.169407060472664,0.110662836318788,0.0682305403294804,-0.226085054315586,-0.0717056763960549,0.0259504895733947,-0.0377629007897214,-0.265071083477784,0.0803731055326832,0.193206151330422,-0.145463841382343,-0.0695959173520221,0.0399863664874561,-0.069944547758952,0.204058005912111,-0.00736327776761976,-0.0666986594629051,0.011493280514525,0.123537980986154,0.191677357919615,-0.0299770324311842,0.0710072981877145,0.207810169902546,0.0246280597108677,-0.327065327222876,-0.272308288822227,0.114164774269714,-0.278667008411548,-0.343075491122473,-0.00100081234955461,-0.041402634752365,0.0992010592415615,1,0.307388211872849,-0.0372928355980509,0.137732931324004,-0.165976477750502,0.0529374683015221,-0.0791252700510959,-0.0259643712427266,0.201656274444457,0.0677813574000683,-0.0345800456035356,0.232411605905037,0.00189686747465683,0.178142437274602,-0.324144748540507,-0.0662946170630536,-0.118860577713305,-0.247984570968796,-0.0465547473137192,0.162680210481161,0.0563882156706397,-0.020482396974789,-0.0534065126419397,-0.0238188096240249,0.0205939772786948,-0.285543629218857,0.0983990460617547,-0.0715961565004859,-0.372995028419954,-0.156062075824181
"姨表姐-姨表弟",-0.175421464278092,-0.0948839549040532,0.0730030306990627,0.185476948572923,0.502785601124881,0.312648184973836,0.0350773825457243,-0.24314837711071,-0.125717490434842,-0.189222860118192,0.130754549327525,0.0256635992930067,0.244785491357822,-0.213066261371825,-0.037345534690066,0.0944015298661492,0.240318792162755,0.0992555607625276,0.0338395197635998,-0.144774087677547,-0.124645431135414,-0.238134325187718,0.023422726599491,0.0343959220199645,-0.112387048131063,-0.267954931670744,-0.257142083490584,-0.203358727182926,0.203113817932725,0.49564164691348,0.0408601969835746,-0.102371597462003,0.227135362756858,0.329127684981063,-0.267622333592977,0.0660657230856096,-0.116886737345475,0.0395641374520555,-0.131326479990481,0.110599355642344,0.417250412945543,0.436072705267187,0.389565269463844,0.178674562555005,-0.0500873014702924,0.152651306389087,-0.231570164014549,-0.317735558312232,-0.373662325376989,0.327860568046406,-0.140002450879027,0.192249726558383,0.312946164993848,0.322976156065332,0.14634214936586,0.273762839096884,0.1225722201831,-0.254001379785434,-0.0928018028824852,-0.374871450853599,-0.363395800376545,-0.241780017775348,0.160028740134922,-0.114676917959509,-0.142856229107437,-0.152226687882695,0.0379204264061051,0.177650730240148,0.142837339163273,0.179723831579752,-0.152167039897478,-0.282424130409231,-0.0942119150960664,-0.283605602879429,-0.218305893354698,-0.323606968605448,-0.321168697421595,-0.105017083846762,-0.0840969538508178,0.0877830291327303,-0.210060983274172,0.347390397357417,0.00037047788787405,-0.18791592986451,-0.26495174213848,-0.0292518238291279,0.224698826758724,0.20802296396393,-0.140088327124646,0.0430112124440622,0.19635589114814,-0.146940733407538,-0.047086023842539,0.0569249064608545,0.197802496132543,-0.0132032876517577,-0.116754545176857,-0.25600119958891,-0.213335798540514,-0.0497918191290896,0.200139011704862,0.117032127216902,0.0129532875832819,0.253791610523077,-0.0416966378969012,-0.252135878720241,-0.307463749730576,0.184941317361235,-0.235538734670184,-0.313338015151144,0.0358449528135947,-0.0810256092580403,0.294712465694478,0.307388211872849,1,-0.112539075152651,0.174287729577426,-0.233698087039718,-0.137142093190152,-0.138145393966918,-0.141960890300951,0.10338881866672,0.187757674747032,-0.0291900758876687,0.0454521017035853,0.00543577467893864,-0.0108184418354186,0.0229493583550863,0.176139078174824,-0.285821508203144,-0.273822666133333,-0.267631064867025,0.146760750310591,-0.0087674344181378,-0.168057717241433,-0.191918977394562,-0.225843914769209,0.0389581095428208,-0.051061671880027,0.444773044473306,0.146234871185464,-0.302309756526492,-0.0327303990276763
"姨表姐-姨表妹",0.28943820003898,0.36937339516939,0.278721979693107,0.00566803005048516,-0.0402626888183341,0.145711114577232,-0.226403675904165,-0.0427094739272745,-0.0311028373612797,-0.0477462072702369,-0.366702906524084,-0.204239145205921,-0.138981054157274,-0.242323534671734,-0.0460944848726807,-0.23282971416399,-0.0911929946594433,-0.0661531458690946,-0.28820215694353,0.00203976133193172,-0.117698785463153,-0.0395698066865278,0.0954634323299352,-0.284968463347222,-0.302555477000178,0.0375247410148111,-0.00802528280052873,0.228850606919537,-0.0967034777387638,0.0445838578161391,-0.0144053497903548,-0.101846216249414,-0.344476034730979,-0.0909125143664424,-0.335452282131803,-0.256473220434597,-0.33143847198903,-0.0836548054807372,0.0658563470074788,0.11490428394894,-0.0261913544717942,0.0537377052014064,0.133440524792824,0.0950701781311862,0.184876673607428,0.0558429252949946,0.158554731081911,0.0248695919332319,0.148328192319763,-0.162657773857335,-0.0253705153906418,-0.322153359558802,-0.0308337584430093,-0.173356317495995,-0.0257926599560958,-0.0312904703013748,-0.152755338396225,-0.0973276103194837,-0.0583679352113457,0.129046714154246,0.0174516634944523,0.197006348915592,0.0821128522057739,0.152485957572565,-0.318425568268013,0.27250145724481,-0.0842158024800441,-0.016761699494101,-0.0352900370602518,0.138146551682815,0.221020828666223,0.08162496546925,0.0827477434257008,-0.0221293956582207,0.262117395214994,0.0704415436165954,-0.00119331807572544,0.366497529459987,0.360683877149269,0.0188024269294265,-0.00211038091478602,-0.0508912785284037,-0.270747348475766,-0.0492224106283928,0.218707745525254,0.0762777481746034,0.0606319931442145,0.0677322288377208,-0.0543126173433816,-0.303672321147918,-0.265344055715359,0.275257129013801,0.00598027892107424,-0.0375871055689465,0.114193248930692,0.186879153378813,0.170400851648799,0.0532703086762318,0.14739318351701,0.076924748977421,0.00553558606182586,0.0252421621994246,0.227577335162503,-0.131459600245697,0.0629298199307055,-0.00292764828559787,0.00821901329540119,0.0279048608328696,-0.16327416661548,-0.0710760054236581,-0.21267211176273,-0.228524081953229,0.156936332585544,-0.0372928355980509,-0.112539075152651,1,-0.0476662761172578,0.15063446199847,0.387019961464151,0.0622424100958824,0.159799836463981,-0.132016441413034,-0.177543115307497,-0.167076395439497,-0.0926223576400478,0.0469268612556636,-0.263602671944492,0.249336150860308,0.225990224077055,-0.0695144686778336,-0.0929607915632151,-0.00370873092329246,0.0511187346699615,0.288986086044709,-0.0677391688418197,0.43825492028325,0.26735951467664,0.223019895475737,-0.163187327460744,-0.253022558180642,-0.0784699805002692,-0.0105144913785531,-0.320766088491928
"姨母-外甥女",-0.248947085648706,-0.108209006630143,0.103670986284447,0.120484028977941,0.208126929829229,-0.081574527757797,-0.0083194059192784,-0.291678592764604,-0.278766831273499,-0.0454406172032956,-0.0749293390101482,-0.0108041775875823,0.0662435864713092,-0.14626619411249,0.0758734810218488,-0.0163476405324974,0.0326347992708,0.298209917132581,0.200542316094812,0.239320609873989,0.0882523578858849,-0.135881249950531,-0.0358566725592501,0.0411128291433302,-0.0578270596212393,-0.101078750997948,0.0205547397005286,-0.094477294826728,0.281665379418804,0.0373537154549455,-0.265615635624251,-0.0582296684343915,0.0429623037504988,0.0766386822701534,0.0216362784690326,0.133493246726935,-0.105117012491816,0.00406356980335643,0.114753559176641,-0.0506997573123836,0.249421779184686,0.216352148115627,0.103966598860176,-0.0741379185388114,0.136900428785919,0.79622532598365,-0.233188673289532,-0.055416056460998,-0.088634904928807,-0.0226570222205934,0.178597406694781,0.0519091900487364,0.0445178888927496,0.099002957618527,0.128844841223488,0.17214138400243,-0.135400516961363,-0.0424642134587267,0.0541051665158871,-0.208567171551164,-0.162899189015209,-0.136205052462111,-0.163119144901035,-0.182851308758822,-0.153942342091109,-0.011790147914844,0.0627318002951351,0.0968455397205868,0.0660706341403968,0.239276691335821,0.0948017747853404,-0.280656436114442,-0.34000335182139,0.0447946036849836,-0.0650387189605458,-0.0176166015074795,0.0769593879155045,-0.0709018701635803,-0.0549323345529714,-0.00650763717355355,-0.172039565714514,0.130412705140991,-0.00808313630518197,-0.0414831315520921,-0.012939942632632,0.0212049598386461,0.0502311099666088,0.0217779073824161,-0.291095018848991,0.127225340810977,0.286982003977145,-0.0907654468028775,-0.135339965638201,-0.0266623574973772,0.170063862880693,-0.0552103370641872,-0.243410176986327,-0.102498766468031,-0.259800027807254,0.0748340091347598,0.289580433636978,-0.146127485521921,0.100693163622463,0.0291286642439344,0.167372228333702,-0.124821886350993,-0.047389180221479,0.202469796034833,-0.0166389156642383,-0.0863932241302777,-0.042909890449376,-0.134482074458192,0.230069958012102,0.137732931324004,0.174287729577426,-0.0476662761172578,1,0.189458471272213,-0.0497305997094493,0.0585061091188937,0.169292244835893,-0.0464221417552273,-0.0763510325388929,-0.129474942950164,-0.228486475202062,-0.223342221875707,-0.0980180692749683,-0.246217992498532,-0.138112135595867,-0.0862550601799238,0.0301706451034145,-0.00826204021629037,0.0548961287519919,-0.383586401623433,0.0448689297365097,-0.121245326898982,-0.102563608579953,-0.210962189015446,-0.067383660714272,0.195842658758539,-0.0556271478154784,-0.0545673497601717,-0.126603122590284
"姨母-外甥",0.0872479623355382,-0.0633216073183215,0.0626967793684777,-0.0799019097048007,-0.151275800673437,-0.182429531108056,-0.181274808551669,-0.17586393282566,-0.0709886171103552,-0.146774380143303,-0.272812851980514,-0.0656451056517496,-0.196969434125027,-0.185422899108266,-0.122246578078903,-0.180987004215563,-0.185451550699943,-0.145228679825139,-0.221027274827764,0.455645707287135,-0.0255895677346746,-0.108557513286324,-0.165305913280515,-0.138974790332219,-0.014764641388945,0.0133519832007263,0.0222399090255428,-0.0458393168827567,-0.157789303943376,-0.292574311500121,-0.237642045040185,0.0771841860564855,-0.374921018861331,-0.133077315468388,-0.0376336665277145,-0.163888073837479,-0.197196644575406,-0.120679917590702,0.102137022268772,-0.115525439797792,-0.258887809487773,-0.139868502418571,-0.120915189837676,-0.167812121217872,0.530594475094835,0.231324668071168,-0.00184973140468429,0.609476872675664,0.070917628422984,-0.25804411072486,0.661050961831283,-0.210192144307937,-0.138811202392993,-0.0869649879780441,-0.0265428304804585,-0.246384124961088,-0.191209452778868,0.251662406400057,0.0339593944923653,0.469336018866367,0.424075902821159,0.381353586138684,-0.402217195262172,-0.251079979376279,-0.103129624508047,-0.163582917888658,-0.0919264644480402,-0.111215539229883,-0.0831528188218863,0.0968452817612697,0.654290824506519,-0.0937079519719779,-0.128317964852677,0.766508329076493,-0.255126344586042,0.700900521167965,0.803925912962902,-0.0691586628426943,-0.0290884216117643,-0.163125920552812,0.106917083621863,-0.251982447846246,-0.0767879633469398,0.0520935312468846,0.433160622905654,-0.0992752134028106,-0.297583596465139,-0.171527837673315,-0.178091007966731,-0.0572363432162789,-0.088281121202916,-0.00259685772151516,-0.0753555138290964,-0.165453050543154,-0.0511149948381662,0.172106567826855,-0.126757516796827,-0.0360739845414287,-0.170420347415146,-0.0264932440685208,0.0797376597791967,-0.328569970362867,0.0899853677423717,-0.170455440447638,-0.0927216143273841,0.51997967469993,0.563116951213005,0.00728208023400512,0.414738586677523,0.460767631161793,-0.0818157719926885,-0.170439958692348,-0.0511090990444246,-0.165976477750502,-0.233698087039718,0.15063446199847,0.189458471272213,1,0.079751930369284,0.671852781430317,0.717819517380393,-0.0246387241269712,-0.228108391049573,-0.0654544153041537,-0.124368725138139,-0.239382392633924,-0.20838793568932,-0.063168191421242,-0.0990858991173087,0.0501205111051198,0.49800000446952,0.356056883457168,0.0125713056579071,-0.154663505314752,-0.17617291479433,0.00712589464955541,-0.201934616904222,-0.275565473697543,-0.159042500045373,-0.261866911609302,-0.140509790386217,0.384091741571155,-0.194979814699645
"姨婆-姨甥孙",0.232179575270131,0.303902296461503,0.109496305632404,-0.0232324661431933,0.00409894325136509,-0.0125548188945348,-0.0814567124378701,0.135712432279263,0.0313177786787318,0.00953729463439006,-0.109674192832645,0.0120714683540206,-0.0482389298206667,-0.00942887021782338,-0.00570969558649627,-0.0789587593740997,-0.187388250716931,0.0132547695635377,-0.209867941707958,-0.0434563097110739,-0.0632348030766032,-0.0163262511852426,-0.115822076369787,-0.308437192679865,-0.229809933948662,0.0203933398003884,0.0767290740517719,0.107135504937127,-0.0930226909913612,-0.121068227249359,-0.0649280511387266,-0.163742390545057,-0.261495627934138,-0.244108672579292,-0.165089591164169,-0.163500805166983,-0.168018508436311,0.0625233678648219,0.117153586141832,0.0449718980539396,-0.0483637901778136,-0.134841305008334,0.0567910043133889,0.040607930312799,-0.0115415569702058,0.0683534434670465,0.275145565731646,-0.0506061786356613,0.243320980950525,-0.198008559273638,-0.171136000111746,-0.256798847527452,-0.144135635529492,-0.164248648570237,-0.0459962621958073,-0.204630675894047,-0.229252477365474,-0.166844914592034,-0.146283505050864,0.0100848381960716,0.0674763556377179,0.109271154013033,0.075237734256088,0.308333638459435,-0.174159571683987,0.326349038142901,0.105468742408684,0.190777219737006,-0.232546280390407,0.117817247818332,0.0677738448208049,0.0999025668706477,0.199786452602766,-0.0517531329309977,0.427929038679293,-0.0373650887086265,0.0215262790096275,0.243848223574176,0.330106287626858,-0.0292153586441863,-0.0146946651730722,0.0191802674279118,-0.135218476527485,-0.058156799867494,0.220824129458898,0.150307081490764,0.0183390710729709,-0.0881459131626738,-0.0474815692299093,-0.200176556913348,-0.161904499353084,0.237977347369552,-0.146249083041673,-0.169947210432352,-0.246172769911093,0.0987744604000902,0.341613714174613,0.130571264095268,0.145363834413314,0.0552396499216493,0.0190709265424906,-0.0270680591204058,0.0368886540490629,0.0199813112153237,0.160485062559107,-0.184690806689276,-0.0915615270242847,-0.0388057113175915,-0.0593476520640989,-0.0650960886895575,-0.0138833289345742,-0.161783011128002,0.0103091886815574,0.0529374683015221,-0.137142093190152,0.387019961464151,-0.0497305997094493,0.079751930369284,1,0.00553193407340517,0.0786598278076802,-0.0421825596117334,-0.0785324485015943,-0.19802727324074,0.0410355091389839,0.148294698595911,-0.114522996727782,0.023187346528758,0.0793527162669915,-0.119123946119115,-0.138106274516286,-0.0629430837749662,0.0726016207995251,0.214471868071069,0.098058449762045,0.40465927314304,0.297895826055243,0.0775443535708316,-0.0752926190463635,-0.195717199142593,-0.155666691676041,0.0509245697794195,-0.0677305641606163
"姨父-外甥女",0.205765502904711,0.0585957153370537,0.077707984919278,0.0157977014739816,-0.088430632739339,0.0617994547421004,-0.132995217398191,-0.258152891869133,0.0198090109407575,-0.0552889945690857,-0.158077559195232,-0.132992910235226,-0.221930227306185,-0.210838297694969,-0.0935129923142943,-0.114884493158385,-0.00224618648168084,-0.0312260038994951,-0.19349139681284,0.430784480222137,-0.00546226687752418,-0.306311246568846,-0.324810153753466,-0.0664001173015877,-0.12270960499729,-0.135465467746821,-0.0643914490770606,-0.156699274694363,-0.196263760186179,-0.167725778417979,-0.120238039937269,0.0801536836647916,-0.26983744668666,-0.143692995237927,-0.068142039840265,-0.225121288307185,-0.293641080805698,-0.0544776231684981,0.17315787829096,-0.177803447643243,-0.237772368772928,-0.0513575350914446,-0.103366348580581,0.0512564209098612,0.54857402442979,0.00784183419733845,-0.0157735397794729,0.630346388373461,-0.0282902540354632,-0.15150766733577,0.62560662680595,-0.270234579000442,-0.151943434100397,-0.225972513252809,-0.00554756055021272,-0.249226573260147,-0.000327169629918429,0.183267824138651,-0.0605208168480966,0.283961479812152,0.363346225778767,0.359904460306186,-0.323687154793006,-0.258026700547084,-0.101807983146345,-0.313514309482209,-0.224451288854231,-0.0835108454245123,-0.0695353053646712,0.119033315660447,0.65690386229364,-0.181434233208159,-0.0741883634381801,0.53976418923488,-0.173253598489757,0.677996248755276,0.670079282516721,-0.115269654620488,-0.103520597153473,0.0137934256324822,0.0728014608942708,-0.198467226512327,-0.111652763714644,-0.0312961870312575,0.323412710132308,-0.221695657103052,-0.237063873839318,-0.24859077411227,-0.162869208406868,-0.147516890725827,-0.0887724573908491,-0.0942292535785177,-0.0987100279178431,-0.226304835169817,0.0365111188604817,0.171183527839399,0.0020377216283212,-0.0286010220753561,-0.079926111633708,0.0500487866328793,0.152831612198325,-0.17860905018746,-0.00773867981706645,-0.160874925626857,-0.0473876183364176,0.551081576554515,0.577185424408958,-0.0384799847832436,0.226077531567039,0.318583766904521,-0.198521093997217,-0.259559925084719,0.0755901324502523,-0.0791252700510959,-0.138145393966918,0.0622424100958824,0.0585061091188937,0.671852781430317,0.00553193407340517,1,0.584863884752555,0.181650465603617,-0.103992046861249,0.0430463014542847,-0.0133896392495473,-0.103543978408745,-0.241002399497024,-0.0322470533448925,-0.0693471726264908,0.133610779751981,0.42117768572279,0.547470255998027,0.238680289864439,-0.0895913635576093,-0.250917666717863,-0.127124595028738,-0.279341560685868,-0.217643606294421,-0.152316777761218,-0.269318212914309,-0.0255031881092579,0.326067984869871,-0.247799499753025
"姨父-外甥",0.144661191564141,-0.0289172009137676,0.153560103637586,-0.0152197131226921,-0.0548443835653052,-0.16464105985077,-0.042025119416002,-0.284801976082746,-0.0576592607711131,-0.00321716765698894,-0.170964076038037,-0.0462763397317969,-0.203823581283115,-0.249766355646709,-0.149377923398727,-0.199707753146185,-0.120440984264899,0.0173778824451503,-0.188357568566248,0.285672229885551,0.00638476158291084,-0.217556350214279,-0.204998582223408,-0.163046993945776,-0.194235315300843,-0.0768519318325888,-0.0458098825270749,-0.259803760549079,-0.0183263485358219,-0.188599014249106,-0.205494067248962,0.0660088094602769,-0.361223869811407,-0.0452783567035745,-0.0945637967280077,-0.248262150956952,-0.293251118829268,-0.171846113468545,0.0880287932387709,-0.240477690380195,-0.140394589146965,0.0348486306842399,-0.0096682098375752,0.0305604601237416,0.743872341536327,0.133222946613327,-0.123080175156648,0.441866314890261,0.0273185828762047,-0.11927267311439,0.577022094886828,-0.169900862616469,0.0663868964482754,-0.0904172604654045,0.186008114812023,-0.0659509946397301,-0.0596451736788612,0.148685639699297,0.0527869296567974,0.228762782353882,0.21571611137997,0.173638851582582,-0.327680011888708,-0.294247971577096,-0.165543299026543,-0.214937105631176,-0.0284097732497933,-0.119902244232971,-0.110424178971977,0.0701971047616387,0.852919624448786,-0.203454516887482,-0.121181002193701,0.48121359122216,-0.162812748156536,0.50571887747925,0.566161433846951,-0.110760622340736,0.0664872275955817,-0.149013602884294,-0.0300782921002278,-0.183539572813753,-0.0979803985267451,0.00626123142519511,0.294487398282017,-0.047593479429913,-0.266251705101186,-0.172488347267869,-0.236382103589072,-0.130351887094555,-0.0951147596832796,-0.00297190371178867,0.00374345674430682,-0.178805499621146,0.14151770670864,0.346739783209951,-0.0571881935872211,-0.0168604957153426,-0.119014436746932,-0.0218644730549151,0.0956682809478178,-0.260102249353163,0.228229028149262,-0.150527724817089,-0.11415963351635,0.375897420920204,0.368965238821721,0.0600665003790312,0.181102815808752,0.255937022921706,-0.227511392858733,-0.201782992744118,-0.0774901501049239,-0.0259643712427266,-0.141960890300951,0.159799836463981,0.169292244835893,0.717819517380393,0.0786598278076802,0.584863884752555,1,0.129031620288269,-0.170767784788584,-0.0784110707955912,0.00974310310089536,-0.158747946263926,-0.153786928225903,-0.132741303139386,-0.136778380538727,0.0813171344795622,0.250202162264177,0.227797230674269,0.202489488422859,-0.0506816133175975,-0.158527291675508,0.0621064289686756,-0.178131485641801,-0.143589084535271,-0.248367807115232,-0.192681239474511,-0.123810030340196,0.115479640305357,-0.216296206440617
"义父-义女",0.129137363955388,0.0297580511085204,0.187996906457411,0.0161332252238514,0.0249642678496597,0.128273104842729,0.339577525454551,-0.166460445191422,0.0626396152628617,0.263841127580699,0.265848432767339,0.273193816681526,0.0327768024310386,-0.0670164613113953,-0.0280138446395706,0.172673230998913,-0.0818003869645638,-0.0188226022891893,-0.0455995349459952,-0.188393152080279,-0.0345675494809387,-0.281624995660578,-0.227921860463907,-0.0296074643404883,-0.0919810521539439,-0.306522697912037,-0.158411329006098,-0.306713434170129,-0.11761985317214,-0.0655474289445814,0.0856329076476225,-0.0204436712662546,0.0221836444372435,-0.111200840188223,0.000610399072665152,-0.112040093797099,-0.0698939816518411,-0.0998636961226797,0.0290225151764087,-0.377200110495591,-0.0780626000522369,0.0510407039182469,0.053948185347573,0.304351924031933,0.133598247218353,-0.229721598701047,-0.107863195667871,0.17359362135984,-0.102728528865416,-0.000143615172350298,0.0166308731661839,0.0917670278534216,0.0320719150289136,-0.253785472676414,0.209544904265902,-0.0350626649012946,0.322688177951905,0.0759525764330745,0.0415925475442262,-0.280097053664906,-0.0993508308866508,-0.241005437370452,0.0174860390134068,-0.123749177190751,0.12970391060801,-0.318385878219902,0.05519571675062,0.183304456609961,-0.133087818070116,0.0359544685024782,0.202922991709724,-0.168637669972119,0.1404787329167,-0.10991027615237,-0.0395826211290941,0.0124981557309001,-0.000574640624060257,-0.209458222580646,0.103715176937277,0.123621848806095,0.0230479511618589,-0.137239379667523,0.00141449356130244,-0.0420380858528214,-0.26795847161065,-0.176475050033222,-0.10021445039761,-0.102269002841478,-0.157936011761198,0.0258844305993147,0.0188612658379983,-0.067050942099987,-0.00974940058246503,0.0120820732347345,0.0673216602616318,0.355740055175189,0.0737218037741837,-0.0183082269803116,0.096488266705434,0.0299476398123703,0.128880020311205,0.0230745821726068,-0.157462872646044,0.120704121438984,-0.063487533451603,0.0230052405799911,0.0668315251084959,-0.070056537944464,-0.26777541361363,-0.23259294127285,0.104345958959049,-0.0165062994630888,0.0952477580529238,0.201656274444457,0.10338881866672,-0.132016441413034,-0.0464221417552273,-0.0246387241269712,-0.0421825596117334,0.181650465603617,0.129031620288269,1,0.324657635521814,0.290587319796709,0.368530191644304,0.0156772934804311,0.12446469244853,-0.147254551592201,-0.172057354687544,0.0893915952940648,-0.0791197588615581,0.110609861238262,0.157582584117521,0.0985308250751118,-0.176977093165242,-0.0734431111336161,-0.0817790450888522,0.129374481025591,-0.103834018360529,-0.0503956335058862,0.0379182738214499,-0.241336428838564,-0.0203837188795124
"义父-义子",-0.0392049839174199,-0.0739618335821017,0.199585685124349,0.126415765424259,0.177669590731542,0.376876334366096,0.106447902128903,-0.00603476329259167,0.115757257534939,0.145459472805353,0.191836200335617,0.0388504819776075,0.300095606821197,0.187045646765358,0.175626116018426,0.24399283806669,0.00403714573994818,0.00859535552475655,0.138502607385443,-0.214241122750073,-0.101005572577048,-0.0918901653316462,-0.0383219150845139,0.00380129241174008,-0.0680488489121295,-0.0414070990023511,0.0199108599489194,-0.0653436819113295,-0.0887125256226636,0.138284361291513,0.0391817415251057,-0.0317748011376467,-0.00860429954860076,-0.0570380128515324,-0.0931088281576501,0.0102280935298267,0.238924698937943,0.150384853680444,0.110530632169445,-0.177162943558955,0.069684879675004,-0.0042541917489146,0.180392527442793,0.264835140431165,-0.156652245295553,-0.196070174845967,-0.135698905919053,-0.181938199400102,-0.278834753243303,0.170902001059148,-0.175135260240588,0.127285066595591,0.122908841259,-0.0355505740914234,-0.207696551591176,0.0282306691410865,0.133646733049827,-0.0963552028427053,-0.176720660335367,-0.278747962579646,-0.237863050566039,-0.225368550956651,0.116003333656561,0.0895739147072061,0.137076962192005,-0.0757919388004224,0.10018997320586,0.28457993502873,-0.0994579065400057,0.0216310060060908,-0.195714077239213,-0.030904829292033,0.0445672271766436,-0.178058483972623,0.0830007887116159,-0.136565780368216,-0.226683445889962,-0.144119037590334,0.00965072325701233,0.21098375568753,0.1403293489686,-0.0983819130778613,-0.121863431099259,-0.265596768645604,-0.268499527801175,-0.0961435552811576,-0.0267680814206681,-0.0623568836285219,-0.0671691674126763,-0.0536198001042792,-0.00835136438554747,-0.0875082821068238,-0.0481247581019678,-0.0593171459168314,0.0203330449004007,-0.069307125587403,-0.0139893972605077,-0.214314177133396,0.0104396377022715,0.0199813155519948,0.0213540817255956,-0.0726368108403274,-0.152782778853928,0.196566014451093,0.25283984291245,-0.0360226681815486,-0.0955191903330561,-0.0557384940191786,-0.171199093068086,-0.241734019903659,0.188883358515982,0.221052907247078,0.177107553012064,0.0677813574000683,0.187757674747032,-0.177543115307497,-0.0763510325388929,-0.228108391049573,-0.0785324485015943,-0.103992046861249,-0.170767784788584,0.324657635521814,1,0.0718253958039773,0.348151931417031,-0.00115195836665894,0.098420726135631,0.016903237612943,-0.0964602443136171,-0.130836588255521,-0.121368777790476,-0.061720923886996,0.0627715498885395,0.134229228510319,-0.0959333377417534,-0.0989744096896266,0.00817227367713503,0.227325005948215,0.00593953245592593,0.232026457389041,-0.0489459498004431,-0.241128472087599,0.128436969228834
"义母-义女",-0.0259954213470626,-0.0473062401374266,0.0257523635245667,-0.0890434008568146,-0.113157509649781,0.0526504920663019,0.178947508652998,-0.0345972276479887,-0.000814121723468946,0.0870506035662331,0.0317607033227932,0.15712709893924,-0.190970211456981,-0.120065213859335,-0.109733322696725,-0.0322345860649991,0.088421477543586,-0.0548761169543189,0.106845999181135,-0.130832069715654,0.162134783230834,-0.073811167063309,-0.123497916868552,0.00384144879270217,0.347253315281341,-0.16608167315448,-0.13387533217226,0.0213323843453197,-0.116317101309017,-0.000186975722561786,-0.0281763463164794,0.122412341044566,0.217666658693166,0.0463612324662552,0.175876199408015,-0.184084834176006,-0.0489367771801773,-0.119670340494257,-0.181244572092219,-0.192283312007826,-5.16833514991715e-06,-0.097086250938483,-0.217874786824156,-0.0473081835208428,-0.0224010730789854,-0.208360622132336,-0.0761895354621448,0.15329850175066,0.155633726312335,0.0875461967788572,0.00899427966923372,0.123455997193512,0.0131852463868209,-0.0548154751433492,-0.0417781422576108,0.0346068047571057,0.263530484718798,0.354876201298295,0.245035786964526,-0.104143605287533,-0.0447056819037718,-0.138920390519775,-0.0154672262017097,-0.0472858645654199,0.238364899862683,-0.275380996373568,-0.184883563459398,-0.0599279253795408,0.154022453681877,0.0642912745858176,0.00210813071631918,0.0314178777658711,0.132555911417863,-0.0928716692878002,-0.139729490669104,-0.0449364356308934,-0.10326800872592,-0.156168952536656,-0.149400046855021,-0.0334381953166741,0.0961611801632452,-0.174141564520502,0.0750506599774891,0.0933124948542946,-0.246087651530715,-0.103134800338778,-0.0196845642991906,-0.0400237041979269,-0.062302353703728,0.197456829665422,0.0448750260059136,-0.0508172569351491,0.0547186420040069,0.22451904476646,-0.00861098348537488,0.130770631488051,-0.0514714647732296,0.0950137632015187,0.173529791246261,0.0847537891206507,-0.0421026364803525,0.129757366719645,-0.194204799201621,-0.113117165740021,-0.0499404956655023,0.0457681337627833,-0.0258351344165073,0.00482356444142069,-0.172701403946689,-0.08707665068235,0.0675194275316987,0.0302724268273622,0.0379805494921548,-0.0345800456035356,-0.0291900758876687,-0.167076395439497,-0.129474942950164,-0.0654544153041537,-0.19802727324074,0.0430463014542847,-0.0784110707955912,0.290587319796709,0.0718253958039773,1,0.160799557288346,0.0830854358444341,0.0245269616672321,-0.0941328484020277,-0.0814701025038056,0.228057109754052,-0.0673086957856048,0.00459986632415456,0.17791717711548,-0.0873608124761914,-0.164297169443503,-0.0670057889859674,0.0245320399837013,0.0688060990987361,0.210122825432164,-0.109178616451483,-0.00815534258351576,-0.168243954282486,-0.139340614708533
"义母-义子",0.048507604253699,0.00398573340845764,0.126396773738457,0.108605151774782,0.0452684778080837,0.151890307143177,0.246149933307912,0.100354326510782,0.0779840307995401,0.164256895943292,0.109532072793892,0.297860887336298,0.0333924852438347,0.0958880201695119,-0.138649217549163,0.130547263755885,-0.0690039635862619,0.0476417352131592,-0.114045997740532,-0.284693732630501,0.0222786776669667,-0.226115627773841,-0.206763252003284,-0.00841262357087366,0.0163948283183982,-0.211860006791835,-0.0740387391835274,-0.184635225776376,0.022809435064675,-0.0119239257784947,-0.0324568623751308,-0.0222672255299886,0.151412241572303,0.0174550925329404,-0.0170641636973133,-0.153743937547397,0.0567768094487339,0.0809923588528546,0.0628539920286927,-0.21741177599091,-0.135920918493746,0.00587076943936684,0.10227801757423,0.319005369577708,-0.0465897727285063,-0.299338680203425,-0.0511626814529038,0.0388122670208227,-0.113954833134474,-0.0184870309045899,-0.0594362786744645,0.0807492520405627,0.111928050102534,-0.0807830392593715,0.184689233274133,-0.013783557345663,0.158943616038151,0.0607430314674108,-0.0153809699854952,-0.198642618538019,-0.140760652902489,-0.111378682357022,0.00642878979149838,0.0385167244172534,0.178607100084436,-0.0705488032843967,0.156659187752373,0.0946524179293036,-0.199295009063087,0.0206877833235915,0.0460613756909884,0.0716552823320893,0.0646771041936519,-0.144440099783977,0.0879511406404897,-0.0757552306470784,-0.11450010295841,-0.243188740498212,-0.0479806996204016,0.0568853041301359,0.150984922966298,-0.0381711361934303,0.0324458968627492,-0.0847734315472296,-0.237397852313871,-0.163450920910631,-0.138132149806335,-0.184862629220132,-0.129057645769887,-0.0485253774122598,0.0267763530888024,-0.0939920114516629,0.112754306432024,0.0226031177418875,-0.0278684989412801,0.19296112390043,0.0223642017703742,-0.0549190708809243,0.165509117256594,0.00237410295866157,-0.00360074213839737,-0.0801029136886727,-0.0107755418929962,0.129244582720669,0.0276355462335249,-0.0980953439448976,-0.0756785519764577,-0.171979796495593,-0.223929259280266,-0.198078624054908,0.153137971106787,0.129617122619559,0.0542560352607435,0.232411605905037,0.0454521017035853,-0.0926223576400478,-0.228486475202062,-0.124368725138139,0.0410355091389839,-0.0133896392495473,0.00974310310089536,0.368530191644304,0.348151931417031,0.160799557288346,1,-0.00585238233398757,0.146787975636537,-0.141571889553086,-0.0707384222890401,0.0175464511273121,-0.190040500964799,-0.0415328037196633,0.135088456872493,0.144167366895545,-0.0886434312169312,0.025360392916369,-0.0368429054161171,0.109583963373082,-0.153930064809668,-0.0612510728069501,-0.172561084175643,-0.312166535393786,0.15173016659065
"姻伯叔-姻侄",0.340634813029381,0.448316089319451,-0.0758698935684865,-0.0402182266264744,-0.0507551069599791,0.126131054953159,-0.172445310482612,0.139555077733623,0.250377951321317,-0.012520358415141,-0.022254224042019,-0.0818361726073763,-0.061330547817465,-0.0714642777496524,0.0209861535144173,0.00251628837191549,0.085897111553362,-0.163102110025058,-0.112817849380026,-0.236861961464046,-0.045320592739102,0.155838029719766,0.0636063002193755,-0.189946819888948,-0.0422420181412732,-0.121677803048597,-0.124472710921084,0.14866115582581,-0.185731237300329,-0.101983397354372,0.301048297919003,-0.108380544627774,-0.126642823944122,-0.0903702623274905,-0.0886303968440067,-0.0426409146296998,0.0320734486288611,-0.0545150038535043,-0.20722835527767,0.113365938802319,0.10417387811396,-0.228665736632571,-0.0917713749763452,-0.068917285626654,-0.101356862039591,-0.25555948916201,0.380560921508539,-0.234560027596118,0.0492966075760462,-0.0367007934555253,-0.29481783261846,-0.136059794842271,-0.00419757884807904,-0.0689650850608284,-0.144004669479637,-0.0972285686979854,0.0796875399514582,-0.172009258476585,-0.170996724445752,-0.0433102451891586,-0.0824504335644206,0.071407321168902,0.371835728374512,0.252958227930432,-0.0344466063921032,0.0633502405122204,-0.18793487099275,-0.0698291159354743,-0.162840054867389,-0.0753679630968974,-0.160985583440481,0.14231612736714,0.478510159942179,-0.247731869564058,0.119086201913292,-0.222970126557143,-0.281331237688215,0.329688106788973,0.250536382241909,0.2111932365229,0.0405263058599099,0.107726251862121,-0.111441150790053,-0.113720501282581,-0.134257659246743,-0.0975968770932799,0.264260162735018,-0.110337204152287,0.278541106482008,-0.0675754839550062,-0.157665009808842,0.227908658484818,-0.141153592779431,-0.191025731846122,-0.0958020863417313,-0.186122772920038,0.549279260185271,0.305784094597964,0.437354653216619,0.0480534175021284,-0.180336556739482,0.396058178976491,-0.00209996607345644,-0.0300244081769651,0.0602769087991645,-0.16691576825121,-0.270148573134752,-0.141008590426574,-0.239649020631309,-0.172640120751039,-0.107174591400909,-0.120227405575778,-0.0886429542076999,0.00189686747465683,0.00543577467893864,0.0469268612556636,-0.223342221875707,-0.239382392633924,0.148294698595911,-0.103543978408745,-0.158747946263926,0.0156772934804311,-0.00115195836665894,0.0830854358444341,-0.00585238233398757,1,-0.0414193762558999,0.304775280031588,0.391625463371332,-0.018229477273865,-0.24609460961348,-0.143227353504368,-0.0508492859535435,0.414559977119873,0.177121149589339,0.0583038738936603,0.122105957909719,0.280007884345012,0.151860363030011,-0.159496466564482,0.0351736799586604,-0.068301467816578,-0.00971561665341932
"原配-继室",-0.0533057185038679,-0.107687094754996,0.024151645368976,0.0489713619249042,0.0261269828063683,-0.0789074445392217,0.251104877333126,0.00897598188784286,0.0203216645022804,0.100783004467221,0.261711419970802,0.258632765217781,0.0945688839777363,0.145790243112447,-0.11412111640607,0.153868336096094,-0.122881575886659,0.0818043915026437,0.159012788911886,-0.0589193020122551,0.181775942277581,0.135370042932262,0.129092386685835,0.105534155677627,0.031518332120323,0.0437380381566137,-0.00499171319916472,-0.24898493718228,0.126922435174207,-0.0716708959348197,0.066042829879695,-0.142189315422752,0.246887740734244,0.0594275250926722,0.18122396602327,0.00155244258056113,0.21320476752985,-0.0554688391056791,-0.0251647541818248,-0.225749387104644,0.0553870702926587,0.0890697133699368,0.0258435573383613,0.112540474043202,-0.216135999270403,-0.116377823704384,-0.029097555727778,-0.117714042207201,-0.0320803530224728,0.0291071706634101,-0.205688372451473,0.191418691550312,0.0513894580119795,-0.078246734989418,0.0551899046520413,0.0346078813490341,0.113133158580568,0.121961215195444,0.209042593795867,-0.177564275818044,-0.174896596121023,-0.153583341508883,0.0818213018923626,-0.0566723000033806,0.0488036428211577,-0.00127371519854539,0.184671267715174,-0.0211096057466074,-0.137648588348956,-0.219337552390103,-0.240044982597323,-0.0857903147982423,-0.0860674766444282,-0.237045914946997,-0.0474939594489204,-0.197797002136458,-0.194938332744293,-0.126427658364838,0.03590056141634,-0.023440235867726,-0.301882368378701,-0.0296236596223239,0.170888731958351,0.0237747603815069,-0.238435801977899,-0.0210630105454407,-0.051538603994644,-0.0544111949448317,-0.0581411896604507,0.326459060461125,0.0858217026182635,-0.00581132372987894,0.013847531284404,-0.00606778964135647,-0.0600739578994714,0.00990619326841933,0.0264357173960731,0.090585826137167,0.0946690404369483,0.065684971799224,8.56395386824754e-05,-0.0177808461256214,-0.0889844375427897,0.0798535555165546,-0.0586211002756297,-0.202640924179572,-0.224876572438144,0.0235898557264561,-0.0995695179485636,-0.13851450001912,0.124059983439251,0.213067853041994,-0.132709924999602,0.178142437274602,-0.0108184418354186,-0.263602671944492,-0.0980180692749683,-0.20838793568932,-0.114522996727782,-0.241002399497024,-0.153786928225903,0.12446469244853,0.098420726135631,0.0245269616672321,0.146787975636537,-0.0414193762558999,1,-0.229109748963411,-0.177093541319756,0.0500495524817707,-0.114462285415999,-0.122733895782676,-0.0901956586311895,0.0759993110476933,0.081742537166151,-0.0609560583067481,0.0530875237166944,0.134564544846051,-0.062029356071523,0.124511519537487,-0.0638357042801138,-0.238021411863622,0.170758765313974
"岳父-女婿",0.291219565113978,0.233341449269092,-0.156362368261675,-0.214713865574092,-0.070056910136864,0.139483803790278,-0.312802710469033,0.124452107022445,0.286457769959266,-0.178699158361947,-0.0768239566408579,-0.239621828376418,-0.0618983291110934,-0.0433504250169341,0.0794843216784968,-0.111462392796462,0.205904592226171,-0.18883451758697,-0.136548705569726,-0.0867071410402334,-0.146242416101973,0.127224389743819,0.0863819884719324,0.114918484404744,0.020565973418954,0.132292354282113,-0.145089750003366,0.208152995225975,-0.206769314825981,0.0552612097424688,0.28285435426029,0.0465645389489859,-0.141837244468119,-0.0551501516481079,-0.171884756961911,-0.0945205105260866,-0.0245796692350977,0.0625722475791463,-0.11571611965565,0.369394846745906,-0.0774786242795756,-0.179817017493606,-0.125314326494281,-0.19231829310549,-0.000793336710686837,-0.268348550104863,0.224593698643342,-0.181527327590538,-0.0284232435477428,-0.0478256492759015,-0.0660925548775675,-0.179087330668538,-0.0150770433097888,-0.0384445899581554,-0.195609500466877,-0.155857510450869,-0.0229959174827023,-0.1792203593415,-0.259783388625068,0.179313384645337,0.0504304099730244,0.189980013358777,0.208595536119529,0.230916210621177,-0.0210734266020765,-0.0217660757250301,-0.281863653290837,-0.14822480838956,-0.0353017737048459,6.08549968411699e-05,-0.0770319787911011,0.172225864248982,0.249318588892083,0.016225129688972,0.0561198863873672,-0.0339838546604075,-0.127198970217997,0.371526440238564,0.119315864834291,0.121560104084715,0.0856985732831392,0.195357732986546,-0.201580840518927,-0.258814110130854,0.128520166261198,-0.0522172930809456,0.225462733188936,0.152832239796815,0.342709607736187,-0.153197595029897,-0.232732810294123,0.130942149353144,-0.0250909442532245,-0.116268939460525,-0.00765617431318537,-0.262174903751629,0.171952540061884,0.029013150626471,0.170827147375244,-0.105143169239246,-0.113528769605665,0.254575146609384,0.0722654515603253,-0.0275580787180974,-0.115990077951974,0.0434817925120906,-0.105697654173863,-0.130136330753081,-0.0673268362804548,0.0263168652918374,-0.0986456079197154,-0.0779829371572097,0.0401636827588295,-0.324144748540507,0.0229493583550863,0.249336150860308,-0.246217992498532,-0.063168191421242,0.023187346528758,-0.0322470533448925,-0.132741303139386,-0.147254551592201,0.016903237612943,-0.0941328484020277,-0.141571889553086,0.304775280031588,-0.229109748963411,1,0.519865622011795,-0.174915865793309,-0.114704977098313,-0.12314638229269,-0.10549734238856,0.350752712432857,0.00384644249452223,0.0141434625865218,0.0293172555301592,0.255113218846055,0.258327561245994,-0.100499048117964,0.275278600249249,0.0814991004725606,-0.0663823212069269
"岳母-女婿",0.189308608748801,0.338020025741529,-0.0781391482023048,0.0632910197403129,0.114772895301375,0.150937430166617,-0.288008521741218,0.127480568202186,0.168049086550034,-0.257001075865812,-0.0468627535215985,-0.0583515961809738,-0.0322742996550809,-0.148414042140692,-0.106058849274224,-0.0721411705519682,0.250763925636513,-0.215127228353645,-0.209948425005147,-0.101422927442383,-0.133886096650759,0.0912093281441621,0.0676127272983849,-0.185742360733495,-0.0825417658244305,0.0792272237620414,-0.125256590501182,0.0524586405518032,-0.0599275021700287,-0.037209615849941,0.221094243931878,-0.0331309858966709,-0.0791182089768455,0.00631786268612355,-0.229470092940742,-0.0201883882508474,-0.0291774716435962,0.0363321561192041,-0.0859448060466793,0.544799188252596,0.0389691117933139,-0.119305708002108,0.0418582294841199,-0.116201648896379,-0.116269554533857,-0.00584457681879155,0.286248556456495,-0.23960983964706,-0.084925926740994,-0.0283936876731384,-0.089250945396441,-0.127240305433995,0.0304572954271114,0.0967974103463206,-0.0877149641362146,-0.0716934157770504,-0.0860198520022713,-0.242580708796446,-0.229418293176095,0.0847255494730547,-0.0977303878910207,0.223413839073499,0.188536350459803,0.199556980324193,-0.124449289266684,0.0710605255262343,-0.205299747330806,-0.0767788424950443,-0.0556490574078926,0.00958391013522819,-0.140964053417771,0.15741536130015,0.327300909996664,-0.11860622458034,-0.0472975091193227,-0.102029040585371,-0.137698794854679,0.363236231005764,0.176364858451385,0.10111007821079,0.0329760370813522,0.201235023426121,-0.137460353633912,-0.100287656650804,0.105718922840173,-0.108447437003563,0.131930578075204,0.0503097272931688,0.297552797251695,-0.0923330250252672,-0.187166621743665,0.0701409045885495,-0.13746608348551,-0.183182332958959,-0.129795959288317,-0.192062748218807,0.23999022284626,0.0254005482919337,0.14520073992172,-0.0798026591545881,0.012842455376582,0.247988148547822,0.157590566915191,0.100052319371382,0.0289187450188745,-0.0789832521397717,-0.206408826196178,-0.0780509460073476,-0.0624151690875195,-0.00385449820053805,-0.156715887865898,-0.246147204617306,-0.00500587683367074,-0.0662946170630536,0.176139078174824,0.225990224077055,-0.138112135595867,-0.0990858991173087,0.0793527162669915,-0.0693471726264908,-0.136778380538727,-0.172057354687544,-0.0964602443136171,-0.0814701025038056,-0.0707384222890401,0.391625463371332,-0.177093541319756,0.519865622011795,1,-0.270152175620993,-0.19252556243243,-0.192131229509925,-0.0848902972429332,0.338909921124627,0.0192418823853477,-0.0224295756669142,0.0120228746471485,0.148715865572867,0.113824654931401,-0.0709878974944871,0.131875755219601,0.00251825129015142,-0.108460531516898
"再从兄-再从弟",0.258077922445223,0.0555121353065325,-0.0544032883399001,-0.200200599567574,-0.300597108268295,-0.184807962591276,0.0334544450650028,-0.134988398501542,-0.028169084335554,0.134496782636761,-0.134875615111361,-0.0312943666671931,-0.256001226361885,0.0500912125675192,-0.021449947012781,-0.0451841177042738,-0.0746738630970525,0.15782085772025,0.280910339497837,0.0131157013274407,0.403003568599819,-0.127046670752342,-0.105041240723006,0.120243228780726,0.0782797579865635,-0.117368112606276,-0.0892877106326786,-0.164188718868384,-0.16681919876343,-0.186331513607522,-0.0336727422970447,0.0204568643992312,-0.00558610097410047,-0.0672016456882699,0.223782103023994,-0.121370494417469,-0.0532519014133297,-0.0218475953632145,-0.102686739158871,-0.279195609269142,-0.119468515997046,-0.0652008728074656,-0.351258452910574,-0.0832359392189466,0.118190774964841,-0.174850886741309,-0.115840748845014,0.274743643528823,0.197214395949587,-0.164809993852849,0.0264133253519791,0.105148477150233,-0.0277579471090599,-0.222488872857951,0.0396477279616894,0.0106804958802905,0.202641892820322,0.291273477491198,0.438964487371038,0.0258445506167933,0.103379837569736,-0.0531001715437606,-0.146904938253224,-0.139170105894906,0.155413115115985,-0.224726250720858,-0.173979519679813,-0.2516752290229,-0.00942442499347038,-0.033904746984578,0.131600254161744,0.00858753287057734,-0.0359901089063572,0.0634495301399509,-0.0205142390726185,0.0736501947253732,0.109145624369308,-0.179869152067228,-0.162814823318993,-0.168652912714241,-0.0952455741346062,-0.300827394904595,0.0391687620822628,0.459375335716392,-0.118948592931766,0.0566417817238834,-0.13394793617298,-0.16981630688175,-0.0944977849051587,0.123657338863111,0.0762098460509663,0.102016554100877,0.263602850110873,0.0998841919233207,0.140144228012828,0.167017440988474,0.0345404845354257,0.377255386116561,0.189074733577775,0.22099717421186,-0.0675517778984827,0.0629525610374156,-0.13406183032426,-0.345951791083452,-0.10345679440503,0.123630259870554,0.203388478740969,-0.101993562464065,-0.0907413275011901,0.0762399995411373,-0.0824755703491584,-0.0334995071602377,-0.0167056772311447,-0.118860577713305,-0.285821508203144,-0.0695144686778336,-0.0862550601799238,0.0501205111051198,-0.119123946119115,0.133610779751981,0.0813171344795622,0.0893915952940648,-0.130836588255521,0.228057109754052,0.0175464511273121,-0.018229477273865,0.0500495524817707,-0.174915865793309,-0.270152175620993,1,0.0689010246530122,0.168603875895294,0.030310483513893,-0.136416928456294,-0.000188318196931893,-0.000535715430463739,-0.0254157830716064,-0.0827837818038813,0.0847981520747842,-0.138987256121359,-0.0668441293665344,0.0338856240985736,-0.0552332631583914
"姐-弟",-0.150027113021854,-0.216037412313492,-0.143661385272551,-0.119315262335406,-0.301212394148483,-0.212338529969106,-0.0375099607127993,-0.0126044388422308,0.0299627085725279,-0.0560444784441201,-0.0214117729856735,-0.0456445430197684,-0.0525377923706004,0.0318234273816196,0.0029400313324345,0.0158640044046608,-0.24257573943781,-0.225308656727915,-0.0349623815334131,0.457166494821998,-0.131626336467694,0.0485525396125534,-0.023543546013301,-0.0319869510948877,0.037561741388133,0.145268302439949,0.0322967848858279,0.0594721469404229,-0.203143881596598,-0.226624256889972,-0.178335546002482,0.0270837517526482,-0.125992535834248,-0.0387388589511661,0.0294048018267299,0.0280350941249531,0.0424676448774934,-0.0734565458555498,-0.00543042969581353,-0.0628142411064053,-0.298958745371672,-0.319615624165858,-0.127874774407759,-0.176723221326283,0.243673112558085,0.0742643599960527,0.0177072946976936,0.536637451013876,0.0978739668411062,-0.266167169128331,0.483412347161037,-0.228489098244479,-0.20090344637827,-0.0672400205400409,-0.185203271488864,-0.28818981416395,-0.0921087980353555,0.168494659289553,-0.0133458481752536,0.53298385753898,0.677525688295769,0.491341585913342,-0.314658152245585,-0.212295625058665,0.0600298677322846,-0.168265384344282,-0.0933222167308376,-0.131568728588523,-0.0768906719391435,-0.171675702242528,0.262051761313702,0.00826068029842916,-0.107634912781636,0.65901968302129,-0.209035508342936,0.658837186394503,0.632363670441754,-0.184843254342049,-0.17468411773123,-0.108972964210068,0.175781416686752,-0.224090092934652,0.0158442656415238,0.0718446679829408,0.446136265971102,-0.0547684249672412,-0.269839066089039,-0.116224742551073,0.00437199863703641,-0.0829929145567764,0.0256040883069422,-0.161476552203661,-0.122834821649887,-0.205722861232199,-0.0873627583753307,-0.135127291253011,-0.133059832901865,-0.133175847403952,-0.249792822207278,-0.128056237799029,-0.186090824338464,-0.243683301414606,-0.103784422359632,-0.106773198230473,-0.0714525021111426,0.719826662469758,0.68056385007432,-0.150141425264409,0.661882086112416,0.556404357607768,-0.0143124638833081,0.0276890499152952,-0.205908612187462,-0.247984570968796,-0.273822666133333,-0.0929607915632151,0.0301706451034145,0.49800000446952,-0.138106274516286,0.42117768572279,0.250202162264177,-0.0791197588615581,-0.121368777790476,-0.0673086957856048,-0.190040500964799,-0.24609460961348,-0.114462285415999,-0.114704977098313,-0.19252556243243,0.0689010246530122,1,0.648879821605907,-0.216578868550177,-0.236618400974756,-0.141778368035241,-0.171910944985933,-0.13532299456006,-0.267698163463682,-0.0281252229823035,-0.120483289400034,-0.0474573610756026,0.65430773437015,0.114991084208064
"姐-妹",0.0649269689583963,-0.0509421550790303,-0.000561692286904023,0.0199848230250443,-0.19270871537575,0.0170998201625747,-0.146794090086723,-0.0386085276490509,0.0281703027644584,-0.0110863435118633,-0.0592514459669742,-0.160392395901517,-0.117501258637797,-0.00479937206010759,-0.0331369154464673,-0.018850705862693,-0.149900567402579,-0.210897673004613,-0.0492782737274877,0.321424144608719,-0.00698017011456035,-0.118263795168369,-0.192602963531362,-0.0180707327280047,-0.0748356284244204,-0.0693579544741615,-0.0141885999765024,-0.0862657856452114,-0.260405789363123,-0.174624818279885,-0.135932314900418,0.0560362091072395,-0.117598127832999,-0.0881230960956496,0.0610441246975162,-0.114027047213578,-0.0563517459524244,-0.0954098005771059,0.081514274044018,-0.193143472424018,-0.266030738761313,-0.177623449862973,-0.139085340244424,0.076527304375234,0.287980520793438,-0.0484497127088164,0.0847311114567187,0.55395965137778,0.029165220041338,-0.186284251782188,0.403553435595537,-0.295726268939212,-0.143865259559157,-0.247446389542694,-0.103109378823347,-0.270435611546272,0.0219919570730537,0.154602979549339,0.00189938480035825,0.304750484061488,0.506690378718746,0.444640607499727,-0.251636185615522,-0.181141262117195,-0.0278871101715634,-0.203748202634454,-0.109554041962647,0.0470185409840081,-0.0387827376431345,-0.0162284820377363,0.33395641392607,-0.0596651827251604,-0.0595233986322531,0.408424808784432,-0.179110629296561,0.53999831963416,0.468018224651142,-0.153470913244578,-0.148429743205155,-0.0236493719525427,0.0754448673871068,-0.238743741437189,-0.0596012789436872,0.118746078763385,0.301316440790471,-0.160472953652877,-0.207729393422093,-0.202266189919236,-0.036537872997298,-0.127881141690085,-0.00455423338857622,-0.188061082919999,-0.14284058385432,-0.0972411394254641,-0.0373329456639803,0.0900668501352274,0.0425676489980323,-0.0498365129847346,-0.0527593637792001,-0.0573616458616139,-0.142622323429185,-0.132492612009775,-0.161358510250675,-0.128653473088725,0.00619769451346125,0.62987717764991,0.580911132972375,-0.145630642370983,0.30307699651097,0.27948771210876,-0.0955680711276805,-0.0900729798222092,-0.049963360347136,-0.0465547473137192,-0.267631064867025,-0.00370873092329246,-0.00826204021629037,0.356056883457168,-0.0629430837749662,0.547470255998027,0.227797230674269,0.110609861238262,-0.061720923886996,0.00459986632415456,-0.0415328037196633,-0.143227353504368,-0.122733895782676,-0.12314638229269,-0.192131229509925,0.168603875895294,0.648879821605907,1,-0.00555931893184453,-0.0990325224584496,-0.21127145084761,-0.116081852821291,-0.0570205556638487,-0.175816415643962,-0.0840818085800589,-0.171449541112374,0.0488187964241836,0.414537327920187,-0.0362663002586896
"姐夫-妹夫",0.0393918270028607,-0.0889815501035203,0.245762008480452,0.244141922124274,0.24492901673997,0.154824439935076,-0.0887527151160168,-0.185261568320633,-0.0805906972000782,0.0460241491970798,-0.0102305981397391,-0.152122541982837,-0.106324944819099,-0.195816682390025,-0.0531409880033728,-0.141995883027997,0.285219878340372,0.265324720102403,-0.0250561365182778,-0.176850443614162,0.111321036847912,-0.244451657346414,-0.291404896660215,-0.0217750023942432,-0.219750687081906,-0.0583066539879903,0.0236011582907079,-0.275807196694742,0.21465066363273,0.247562311107107,-0.207340858024998,0.315889046360922,-0.0663184515976228,-0.0481727679199153,-0.00855955027665328,-0.25436009684554,-0.273320885232551,0.123168597712914,0.220989881670325,-0.120631080012655,0.2548816880918,0.267492734681668,0.124136181949484,0.217739979894089,0.199155179885248,-0.041355347248208,-0.141437922979082,-0.0762936582940404,-0.00562329586928719,0.398187111340858,0.0798770845194466,-0.0943236151564229,0.171029934334477,-0.11035858672475,0.109367696125842,-0.00621446865274184,0.0420152804269506,-0.030342033358756,-0.0244511024350224,-0.308816475280321,-0.239889575187845,-0.143660663522544,-0.126737324322135,-0.156568861749245,-0.223596814952104,-0.128247271766816,-0.0487341303919015,0.0668630122393917,0.126193643587866,0.336456737269984,0.231840368636194,-0.33289168538447,-0.0714069196220125,-0.166174041642052,-0.0204513741305909,-0.0515606022926926,-0.0943354884100844,-0.09116289993524,-0.027993417439489,0.169213937505267,-0.100099939947911,0.0164526957832617,-0.024194050508634,-0.106514417416577,-0.134972641756235,-0.0211931733657909,-0.026457866326844,-0.108664485460014,-0.266553911743702,-0.0780781772750193,-0.119518176114291,-0.301193426830393,0.17482442601758,-0.0350517791726166,0.22843173823658,0.2677585775021,0.00658317485383683,-0.0873791338165583,0.0456339871630864,0.111297705607199,0.153887913297492,-0.0168403665729167,0.181291100934089,-0.0046699372640925,0.0426149263595051,-0.0558457983905386,-0.0447504554673305,0.345007760454286,-0.294900529258997,-0.241160092335609,-0.279559917847646,-0.269001189475077,0.280665256186201,0.162680210481161,0.146760750310591,0.0511187346699615,0.0548961287519919,0.0125713056579071,0.0726016207995251,0.238680289864439,0.202489488422859,0.157582584117521,0.0627715498885395,0.17791717711548,0.135088456872493,-0.0508492859535435,-0.0901956586311895,-0.10549734238856,-0.0848902972429332,0.030310483513893,-0.216578868550177,-0.00555931893184453,1,0.021908259566753,-0.0591216922468114,-0.0583074423056648,-0.0451214103039902,-0.0275430652771615,-0.0612040919095309,0.0619909252598217,0.0230801070915539,-0.198961790729135,-0.162940716882753
"姐夫-妻弟",0.33301614569919,0.249972497290312,-0.0300400512992723,0.012964005312441,-0.0402904905350635,0.10767642352316,-0.07180247253214,0.165418728442521,0.410816094136362,-0.0204940364172306,-0.0569165074319012,-0.0274529448404756,0.0317396261322284,-0.0567401446238585,-0.0920167839150988,0.0398295822887202,0.100743275640748,-0.255498064890743,-0.205507224079645,-0.214135001501165,-0.222461653717833,0.158648193996591,0.121037057635312,-0.235862418742241,-0.188594702610216,0.147163739533864,-0.134573228581798,0.000428840004171154,-0.18489790931149,0.00682102709309224,0.342801914676676,-0.095071357927547,-0.129266215620324,-0.10356286007434,-0.247663962492393,-0.162079241094959,0.0961117588886801,-0.110881246635842,-0.17045512282909,0.153031817315943,-0.0876540108373279,-0.123572151725456,0.0482761277197985,0.192529094294543,-0.0708877578141023,-0.361862635931163,0.317564122027005,-0.172074947439754,0.0728115064111991,-0.050513213694704,-0.226601292688186,-0.162692305767463,0.0285216744999012,-0.132489506694102,-0.0947945351470419,-0.1965807229854,-0.00363113636792098,-0.140409471490669,-0.174801340054963,0.0225719069423654,-0.0605274969833924,0.129404481139017,0.256680175331204,0.222741967876724,-0.124474786130109,0.0411425024982165,-0.00982836472756672,0.0401792577178409,-0.227697998440417,-0.0726273558943935,-0.0519765382449694,0.194048552803953,0.43443136435991,-0.173563365524233,0.100164315828343,-0.16634773343277,-0.238060248291364,0.2928519185011,0.395814642697672,0.136469018642759,0.0290430688434988,0.0235868473782377,-0.208188973394216,-0.226931258862573,0.0939403397906427,0.0182597310014869,0.106198639450003,-0.0369321069049248,0.178190555903133,-0.224454258397051,-0.277926000840425,0.0953416233386285,-0.0668645207903156,-0.121352648826715,-0.0649568685486831,0.0435541637874428,0.373947091300274,0.0256697529213734,0.262680381460981,-0.044124502694821,-0.190576454070843,0.163452347182507,0.0192792103490055,0.153171230321214,-0.0906105365761333,-0.0857156070729352,-0.186331381843837,-0.0777531809053481,-0.211381966854292,-0.163011366196528,-0.0519401038555064,-0.0640370521989676,-0.0257329135451692,0.0563882156706397,-0.0087674344181378,0.288986086044709,-0.383586401623433,-0.154663505314752,0.214471868071069,-0.0895913635576093,-0.0506816133175975,0.0985308250751118,0.134229228510319,-0.0873608124761914,0.144167366895545,0.414559977119873,0.0759993110476933,0.350752712432857,0.338909921124627,-0.136416928456294,-0.236618400974756,-0.0990325224584496,0.021908259566753,1,0.0562926954191021,0.1405485056149,0.078077398525732,0.306798854385246,0.0151156124753693,-0.096366087261444,0.0332640296650792,-0.112141035394784,-0.0813372006295515
"兄-弟",0.00218296957970287,0.12483255016468,-0.0121372638297826,0.238332607095667,0.0237393550503993,-0.127183239824335,0.0460140644651922,0.0127241498906413,-0.169668809557259,0.207401375869366,0.119352318058304,0.0356260782739887,-0.00163447279547037,0.101493494361648,0.00350729928918886,-0.0224933383531063,0.0759079686356436,0.158790837802407,0.0749202780555089,-0.0430825251714892,0.200194883040261,0.498462332201577,0.379536723142836,-0.032469569464172,-0.100460561687308,0.285796792314712,0.268818448773847,0.0649985605753584,0.168937681387475,-0.175914065927212,0.00858484832564785,-0.0752189887809443,0.00564390810829862,-0.292424044106051,0.19708859898729,0.186105969794051,0.0341479756998837,0.161380138570685,0.0477101003799722,0.0729618734801835,0.147719317393245,-0.0663038345405549,0.0924136950020232,-0.0547128467739168,-0.166609692537104,0.0925156187371316,0.0868869731849059,-0.276949065726335,0.182738604234045,0.0745728005915084,-0.157614441528217,-0.075050794796028,-0.217171052898941,-0.0974946474521155,-0.0708923402200957,-0.145114884444436,-0.192237529834529,-0.15289827408319,0.170191020492318,-0.0757827955200072,-0.111639354647745,-0.0755633076188666,-0.00096919867769451,0.0548265036418246,-0.160480640510477,0.244951282247774,0.210497833769027,-0.114663678702479,-0.0169979180682888,0.0808321125541013,-0.209041050400004,-0.141092925741988,-0.0434661826073196,-0.172129765746276,0.20305266045981,-0.220109536788208,-0.126259442570699,0.186659799773022,0.0203519845192577,0.0296178166854842,-0.0776368718711778,-0.0119771256268234,0.239333913154957,0.0474135428580617,-0.0435434764418882,0.0696658786246747,-0.0943144273691408,-0.177000110225795,0.0514885756494408,0.0121162156709749,-0.0919856498375506,0.0723887434438808,-0.0167825425476902,-0.199518140751627,-0.222918431760646,-0.247737748362438,0.122645197976246,0.187444373238277,0.00322666717448039,0.318141114953707,0.0327596922134986,-0.0829463543294196,0.0557645908409973,0.0154413358435723,0.0479166852755883,-0.233894758862141,-0.239699219975524,-0.0638780707185883,-0.0836996569591138,-0.0527300729398897,-0.112271328558594,0.0309432947867571,-0.087852916853657,-0.020482396974789,-0.168057717241433,-0.0677391688418197,0.0448689297365097,-0.17617291479433,0.098058449762045,-0.250917666717863,-0.158527291675508,-0.176977093165242,-0.0959333377417534,-0.164297169443503,-0.0886434312169312,0.177121149589339,0.081742537166151,0.00384644249452223,0.0192418823853477,-0.000188318196931893,-0.141778368035241,-0.21127145084761,-0.0591216922468114,0.0562926954191021,1,0.00168955027046035,0.197872196322099,-0.0678981682754252,0.0356364842460031,-0.117531958069806,-0.113172748020984,-0.0385956256767298,0.0331392367440816
"族伯叔-族侄",0.351997088658564,0.396518152416277,0.217382014869299,-0.152046263298241,-0.118327679795888,-0.0762132389638916,-0.0959212104841059,0.058475387463039,-0.0162263248817055,-0.00597348871763011,-0.250943219331991,-0.0843052226905894,-0.235850071535019,-0.0468575914265037,-0.138802641810222,-0.235924304967481,-0.328334389662823,-0.0544462516021171,-0.141066237045031,-0.0925998782655247,-0.0270692709736824,0.0831134357404585,0.112457044439058,-0.265107595956585,-0.230598973611135,0.034729360923032,-0.0194959386605936,0.230301494165291,-0.170802546610583,-0.0467320332983854,0.0934548236511088,-0.196865399052475,-0.301554971185182,-0.0811120058071139,-0.24282572725004,-0.325728368489875,-0.201860656961574,-0.0904612379826167,-0.0459417325435076,-0.0682111178455159,-0.194833352163693,-0.00902765278168063,-0.101764876149759,0.0475953921152118,-0.0184072720946479,-0.00275554439783423,0.113677682917983,0.0405593221177152,0.277230576577055,-0.229242388093967,-0.107179514062319,-0.137316633146778,-0.00794989711366482,-0.157904968056992,-0.0385210154484276,0.0644447136770974,-0.0799718698797589,0.0365905080831949,0.0531982766870248,0.0843719327529215,-0.0272525114689864,0.0187718858575288,0.211565781856589,0.375422319120206,-0.0104679960545944,0.2447629470528,0.0709803412754392,-0.0376698720170425,-0.18421036289682,-0.0543407348000363,0.0732301078564342,0.271322778392674,0.158191927978607,-0.097551453476066,0.338905566988347,-0.0787011361929923,-0.0381975120373567,0.193896209238158,0.327978870275839,-0.191145461046031,-0.102930531010819,-0.130034996847046,-0.172578637321817,0.0752151458415156,0.0718362273005479,0.230563184582898,0.0577678306585606,0.138100481881861,0.00621828326480222,-0.241763975193991,-0.175522339538744,0.620357978164407,-0.00827986369881135,0.081291203855632,0.0119693829101084,0.186482892198637,0.253124633624306,0.330218322923923,0.283484435283954,0.000331671445588315,-0.0996001041582988,0.0467108273633621,0.081971616632897,-0.10574333559575,-0.0887265375967171,-0.117532797376018,-0.0253561348602795,-0.16076990828315,-0.155831300813605,-0.131893934188231,-0.0183884582271342,-0.148099486276893,-0.0229258070248305,-0.0534065126419397,-0.191918977394562,0.43825492028325,-0.121245326898982,0.00712589464955541,0.40465927314304,-0.127124595028738,0.0621064289686756,-0.0734431111336161,-0.0989744096896266,-0.0670057889859674,0.025360392916369,0.0583038738936603,-0.0609560583067481,0.0141434625865218,-0.0224295756669142,-0.000535715430463739,-0.171910944985933,-0.116081852821291,-0.0583074423056648,0.1405485056149,0.00168955027046035,1,0.516966174534864,0.345375199182371,-0.145378568209376,-0.171049557459219,-0.0874509131801202,-0.0627867355464178,-0.194473390199429
"族兄-族弟",0.160186094554026,0.251038098683768,0.153475889079581,-0.012429830077899,-0.117990360519484,0.0302259972110376,-0.0494674264273369,0.158331972524542,-0.062585877157792,0.0510018254975491,0.0171197185224447,0.0197601373807433,-0.0974731135630761,0.169783228624698,0.00379165254377823,-0.132885920228637,-0.263884099571793,-0.0588320069442964,-0.0317140195544496,-0.125995417991105,0.0638343202496816,0.306529356020306,0.161823420094135,-0.188217152368774,-0.163639331045051,0.114940462477688,0.052857398716136,0.141022878898769,-0.171175047862049,-0.163082009430408,0.0961351814156983,-0.104783493108522,-0.133820681866239,-0.179939442156463,-0.0678164497414567,-0.163206549996662,-0.0655162944421157,0.0798269801327958,0.0442919500909238,-0.0301951902963685,-0.0901254933256705,-0.0559396518330909,-0.0367732949270683,0.019687182621363,-0.229524745467486,-0.0544527058045082,0.117476263584359,-0.0642273684523497,0.189043219580893,-0.0535904365206428,-0.233408108980368,-0.170775850597429,-0.136022707865985,-0.278117584422815,-0.174677527626077,-0.0356027761268999,-0.1255877307009,-0.0958533997571325,0.0841731810983028,-0.0122984947890121,-0.107825520662175,0.0132962326400523,0.312869975721025,0.37007181638572,0.0396992001684833,0.207526291643286,0.0745022433506819,0.0150138076329646,0.0224818567389833,-0.0215151225441738,-0.156063340452408,0.0626436458514218,0.181483200966774,-0.300796016042394,0.282721121741353,-0.130563588286902,-0.177528079637766,0.282723346354089,0.27972794812929,-0.146201288709299,-0.153873111349442,-0.121582705717241,-0.163782201231429,-0.00870305187643395,-0.078056016592797,0.15459717225665,0.112003909580796,0.0172055610060395,0.186508914194413,-0.117401542088598,-0.164611947126063,0.307281740136123,-0.0231472515208381,0.0853358985206162,-0.0940427647037194,0.0020485847135907,0.319094891209271,0.243748239082721,0.292457996379266,0.164928734132057,-0.0817398578931872,0.0449008535204503,-0.0576642878925371,-0.0974999550598412,0.0531666537224569,-0.0882778712374556,-0.0780214459871752,-0.160000185664523,-0.211317378944205,-0.165580934760538,-0.0526524917052915,-0.0320950582993168,-0.0384934155325212,-0.0238188096240249,-0.225843914769209,0.26735951467664,-0.102563608579953,-0.201934616904222,0.297895826055243,-0.279341560685868,-0.178131485641801,-0.0817790450888522,0.00817227367713503,0.0245320399837013,-0.0368429054161171,0.122105957909719,0.0530875237166944,0.0293172555301592,0.0120228746471485,-0.0254157830716064,-0.13532299456006,-0.0570205556638487,-0.0451214103039902,0.078077398525732,0.197872196322099,0.516966174534864,1,0.356404770321796,0.0597381093771276,-0.148456359055466,-0.116530192804099,-0.0830018094463618,-0.0673988075242245
"族姐-族妹",0.299533826545776,0.301836661556816,0.242387756676447,-0.175206320910193,-0.0401729995870801,0.222480805592459,0.0285231452638496,-0.0211607687631595,0.168190589638818,0.0367060017563151,0.0127204866444149,-0.0329153844168994,-0.121937541055736,-0.0756715523014918,-0.123682114212559,-0.0877868719671323,-0.199523066859573,-0.0496701541699054,-0.0897958277772248,-0.313221222471692,-0.0497135515030749,-0.015446653832555,0.0372917971596134,-0.0256657018601271,-0.234038961754319,-0.00855266945258245,-0.16025381236287,0.144376119753595,-0.156748446103871,0.118710597103698,0.353987904126012,-0.157332013757824,-0.143190603351639,0.00652233343594167,-0.20497654246186,-0.179007115240768,-0.0515072651602881,-0.0863412369336112,-0.156647191402461,-0.100047580894339,-0.076440431384259,-0.0267257307704898,-0.0411080473089098,0.232412365824471,-0.0804941956694875,-0.262147397843563,0.0458782180267134,-0.15107690723677,-0.020910291857047,-0.0321927563802351,-0.285454496657692,-0.00160730692491394,0.0797151388033041,-0.178140818606965,-0.107596327836812,0.111168520772525,0.10712877300072,-0.135769483348361,-0.140452158900263,-0.139341840314168,-0.229241658048434,-0.125177322107121,0.490135034454733,0.251135513253234,-0.0421373827751361,0.102742513946319,-0.120495406995037,-0.0314622331691837,-0.190140741580692,-0.0169257811367296,-0.103359920700393,0.144802746252737,0.244991457614113,-0.309211460579071,0.220629457705979,-0.190611674044577,-0.318653375838929,0.308969860225814,0.286727380447981,0.122442487092713,-0.119607940865898,-0.00832727577522787,-0.197939133877214,-0.108844593542658,-0.219545473741917,0.0372418955841164,0.121025033918994,0.12778374366191,0.109539791709203,-0.107144331246286,-0.0922341276958463,0.244392077849061,0.0616194272697493,0.0285468455578069,0.154258508989931,0.0520968967584789,0.285416453846312,0.160578156747426,0.519517876452016,0.0321327703179929,-0.232682815964632,0.286096970416547,-0.0155793846817411,-0.066893155873657,-0.0956750331812926,-0.182539970766189,-0.154254599588841,-0.162528710886449,-0.321816217723517,-0.294899390227972,0.0168915667792689,-0.0431291400122642,0.0497253255740444,0.0205939772786948,0.0389581095428208,0.223019895475737,-0.210962189015446,-0.275565473697543,0.0775443535708316,-0.217643606294421,-0.143589084535271,0.129374481025591,0.227325005948215,0.0688060990987361,0.109583963373082,0.280007884345012,0.134564544846051,0.255113218846055,0.148715865572867,-0.0827837818038813,-0.267698163463682,-0.175816415643962,-0.0275430652771615,0.306798854385246,-0.0678981682754252,0.345375199182371,0.356404770321796,1,0.0484597061643374,-0.0541984939016358,0.0546128103234249,-0.250209345741366,-0.0571029570034816
"祖父-孙女",-0.0148398978551913,-0.0353303158196554,-0.374881939222063,-0.21506551261806,-0.159306325415998,-0.039055736329525,-0.136938673372871,0.229167871733831,0.314922041762395,-0.137879905591748,0.00715004702655102,-0.0944916754293075,-0.0246054675692724,0.0691078837438996,0.0446292893139881,0.0354252785346267,0.0950600229760821,-0.0924388517180869,0.24646755820855,-0.0767550003654048,0.175629775365792,0.162432496078233,0.00667995077446275,0.215713328868377,0.19855999016578,0.0529087186450616,-0.0819698070937004,0.180812740413637,-0.153618392953625,-0.0360900372420926,0.0767822496608851,0.0180382914574357,0.15425517529169,-0.0782870720961484,0.200935947076521,-0.0330229208608386,0.0363137524719076,0.0120832938383555,-0.110475402103418,0.109112738691666,-0.0149263419351468,-0.262806132946733,-0.309938126925279,-0.300644757715881,-0.141074279099881,-0.127618052457471,0.112431910016572,-0.195543372520394,0.261919984928726,-0.0231869335610356,-0.134448487626363,0.0448483708434397,-0.134260310991832,-0.0244336470863163,-0.230520951194999,-0.173058476389241,0.0948710878530934,0.0408248130037557,0.042104782494236,0.0256231831146911,0.103112283231351,-0.0031263123876524,0.0931830601765811,0.101454954141735,0.0292827246390407,-0.0799602861464816,-0.212113913112916,-0.083301334316122,0.0584871018425129,-0.010654220934142,-0.240321036074648,0.137249848257083,0.204718542957494,-0.0456325609973059,-0.0284313682572876,-0.20223026835394,-0.185391134457386,0.0714242446905971,-0.0760198856615558,-0.112630426009319,0.0197441560010743,0.0381479983820766,0.0450626940647808,-0.124875285151405,-0.0129298141510612,0.049762197661661,0.351527772438834,0.114318739414413,0.205759914796904,0.0901968288763691,0.0048105238945958,-0.162703935973346,-0.088197990446195,0.0538654429018947,-0.120911339935988,-0.111602243357053,0.0781218525896281,0.0911683772475082,0.148126070747676,-0.0893583718444372,-0.166845009264342,0.296092538876478,-0.0763018374736291,-0.0609790593828425,-0.058465705947425,-0.0926141558651277,-0.131364201311015,-0.109974201363428,-0.00121760099667023,-0.0153155074654207,0.0891706703435581,-0.014610675261596,-0.0274307478753634,-0.285543629218857,-0.051061671880027,-0.163187327460744,-0.067383660714272,-0.159042500045373,-0.0752926190463635,-0.152316777761218,-0.248367807115232,-0.103834018360529,0.00593953245592593,0.210122825432164,-0.153930064809668,0.151860363030011,-0.062029356071523,0.258327561245994,0.113824654931401,0.0847981520747842,-0.0281252229823035,-0.0840818085800589,-0.0612040919095309,0.0151156124753693,0.0356364842460031,-0.145378568209376,0.0597381093771276,0.0484597061643374,1,0.0902256528945817,0.272996544828018,0.15581697597682,0.0700999281012492
"祖父-孙子",-0.263730296036924,-0.276301087423337,-0.0981996623250055,-0.00392657799683422,0.239600689406324,0.0677190619644766,0.0137479164175896,-0.0556739457859398,0.0500729580647224,-0.133555231884193,0.0909388302573837,-0.099393550391306,0.306367853895896,0.0347584371989748,0.161263584273984,0.146167813697226,0.0708667753574776,0.0999255745179035,0.222262336224707,-0.1892082979028,-0.123450142971958,-0.0770202670046124,0.032923577370993,0.187157592467995,-0.0849588003787423,-0.0851788482051265,-0.120180293596579,-0.11509498035982,0.201941983100798,0.407742687870945,-0.122809501258835,-0.0443753215804011,0.207928061660387,0.330855467817725,-0.0836837939068334,0.10355646074265,0.0991396105379816,0.00343298228744009,-0.0915567278568706,0.0190338271777156,0.328562530481197,0.218455003152742,0.0556152065054834,0.0146382765762839,-0.172033850096336,0.152558722741037,-0.266591003319409,-0.322166930004754,-0.187765309856043,0.237733569940817,-0.147954951877887,0.252408876742364,0.398582327345036,0.397511799858126,0.0892037101375294,0.28818788519614,0.16226999861756,-0.113532424194432,-0.0571083370912774,-0.255268977789277,-0.200715533427052,-0.22828308393264,0.0119988797667688,-0.160948438302882,-0.101654178911959,-0.0810131802541297,-0.00958766282961523,0.143604709300312,0.018942170750911,-0.0256351976835531,-0.24983785030541,-0.160424753179588,-0.0155194561132524,-0.194920866724376,-0.229456186376567,-0.33350589915942,-0.329103522556935,-0.24279623134105,-0.176008517367222,0.0478079979827874,-0.157914219503165,0.231470921008686,-0.0189959568057478,-0.159316762045885,-0.172092031808743,0.235296819819001,0.178280077389188,0.233711892211602,-0.10187392003115,0.0773576612903769,0.213057501236139,-0.15223521963372,0.0436956941157947,0.0724641639662677,0.266770546775164,-0.113703069976176,-0.155283667875344,-0.235108649463303,-0.241550354444884,-0.171532163528486,-0.0800640736113206,0.0496325815142435,0.0363691811893457,0.116695003877908,0.0243008697700432,-0.207643764644086,-0.219486803959219,0.217126961317602,-0.0174760812661081,-0.171347674589253,0.0811876664973989,0.147966825542445,0.0545334642757182,0.0983990460617547,0.444773044473306,-0.253022558180642,0.195842658758539,-0.261866911609302,-0.195717199142593,-0.269318212914309,-0.192681239474511,-0.0503956335058862,0.232026457389041,-0.109178616451483,-0.0612510728069501,-0.159496466564482,0.124511519537487,-0.100499048117964,-0.0709878974944871,-0.138987256121359,-0.120483289400034,-0.171449541112374,0.0619909252598217,-0.096366087261444,-0.117531958069806,-0.171049557459219,-0.148456359055466,-0.0541984939016358,0.0902256528945817,1,0.212567144210668,-0.175860860078741,0.181206816848091
"祖母-孙女",0.0869020556290816,-0.00681932206311302,-0.253775076584667,-0.207932334158303,-0.0379637301611861,0.039015375911171,-0.127821738906712,0.041709013759532,0.216370999300968,-0.250301576959512,0.0507926212430362,-0.105824814734556,-0.0254508215696752,-0.15632180761855,0.0957364830208794,-0.0883242617405841,0.0721674854560281,-0.0763977757920073,0.0726962909054577,-0.0425489187728587,-0.0589041794845007,-0.14892677304889,-0.167640189130612,0.286248788908515,-0.0264908609488367,-0.126407180669683,-0.378570769069527,-0.0984369395221968,-0.0924082804416865,0.148417795613997,0.105953913943758,0.0417321217098531,0.0251480871495501,0.118879625570146,-0.0396328746932873,-0.10666866282358,-0.148734572344081,-0.103229985843235,-0.136308314715506,0.026166595658347,0.0457241538272916,0.0244366496543883,-0.153294566891819,-0.0842414161778437,0.0192512371116511,-0.111347280785303,-0.0539813429744996,-0.0972374254498856,-0.00903134297607395,0.143834351836515,-0.0475363269646787,0.00176267755288827,0.109578992783996,0.066310479255926,0.0516593490897485,0.0511330926590405,0.143159218961651,-0.0295641766558956,-0.110114303717859,-0.0301676623760655,0.0882052110969848,-0.0195742660001814,0.157353688398458,0.0343695752742023,0.0295837504676142,-0.208228168895392,-0.213936869382047,-0.053569528156909,0.0120022235593727,-0.038221941496013,-0.0654788156061767,0.0429636087034535,0.0656200367846375,-0.0570061247597336,-0.131699095941793,-0.120646372217982,-0.1294058173288,-0.0472345614792902,-0.0459064892176501,0.0291875420819153,-0.113136010072099,0.295679766793319,-0.112100216231943,-0.0990062919065029,-0.0370342059797321,0.282689762858424,0.340190152331624,0.432401294183376,0.13483493564738,-0.000801049391956199,0.0193962283213546,-0.0183724171311773,-0.0268932780241769,0.0239370251207599,0.0306202690044984,-0.0253992976004423,0.0394107500229132,0.0207944554437699,0.057599753522542,-0.288631371237818,-0.102304564670791,0.359814112946499,-0.0220658283110336,-0.0299092708095102,-0.228721379450346,0.00433741902184633,-0.0525504651955548,-0.0444443250746847,0.00513774538442831,-0.0709419521269324,0.0536882134908687,-0.0815507519704802,-0.0642505165501816,-0.0715961565004859,0.146234871185464,-0.0784699805002692,-0.0556271478154784,-0.140509790386217,-0.155666691676041,-0.0255031881092579,-0.123810030340196,0.0379182738214499,-0.0489459498004431,-0.00815534258351576,-0.172561084175643,0.0351736799586604,-0.0638357042801138,0.275278600249249,0.131875755219601,-0.0668441293665344,-0.0474573610756026,0.0488187964241836,0.0230801070915539,0.0332640296650792,-0.113172748020984,-0.0874509131801202,-0.116530192804099,0.0546128103234249,0.272996544828018,0.212567144210668,1,0.0470641940665286,-0.0283238697071161
"祖母-孙子",0.0338604084778872,-0.0425205294774335,-0.292480010362308,-0.192722669300409,-0.314242265928015,-0.236723360221902,-0.288219789390355,0.0800658121801433,0.101800176597154,-0.19773567861779,-0.197429458701177,-0.256374049715133,-0.170974758307688,0.018308597427105,0.0381759828392529,-0.0201247823652822,-0.189135305094961,-0.179459912232552,-0.11076960422714,0.411791123301986,-0.0634788669845127,0.108709803502219,0.0067035656292684,-0.0630355505152561,0.0224191204466317,0.201086250897584,-0.0321381995211929,0.136079033781942,-0.317288939818672,-0.273214206558695,-0.13295993250362,0.0352328572795384,-0.157757903678945,-0.110750283482998,-0.0140261480714135,0.00374062094678842,-0.00946115553232444,0.05289305002149,0.0911213081437506,0.20160929359817,-0.284462615853447,-0.321172545276667,-0.26084221455329,-0.336124944753449,0.16852044029641,0.0245959121945033,0.189763802535929,0.339801588625621,0.208743158434245,-0.282887947736474,0.328264617473727,-0.271092321034478,-0.212275553890759,-0.100857467266199,-0.201239447629497,-0.281446764463306,-0.156693945481579,0.045136606777257,-0.100241410109671,0.584813785148235,0.682111739723645,0.559983834284817,-0.171960689187623,-0.0818008873059344,0.00437573915498148,-0.02913131241534,-0.198205004238755,-0.191789585255799,-0.111835078138275,-0.163174622167426,0.144469167933498,0.136841296638745,-0.0358648364480284,0.55570733087503,-0.0339374632998974,0.514504196450409,0.541210456584512,-0.0510540429574945,-0.112602888551691,-0.117319536617388,0.140035005882836,-0.0597350450304266,-0.0579272722180538,0.0284716677827828,0.532387983945923,0.0391971778584943,-0.0881448446218787,-0.0431458748495333,0.120327986060946,-0.0829218747105198,-0.0405457083590542,-0.0750718892918506,-0.101725546647763,-0.217145308680934,-0.120537127158981,-0.18975422692826,0.0195778136236164,-0.00357431728046107,-0.0787488412418099,-0.182999739612788,-0.140448240389475,-0.0818941531595449,0.0121516372316788,-0.186919542363534,-0.0626553382206298,0.556079577512792,0.534130551326831,-0.189389702099071,0.638346242221221,0.625504607642104,-0.133271468438418,-0.154362822702982,-0.175473007606458,-0.372995028419954,-0.302309756526492,-0.0105144913785531,-0.0545673497601717,0.384091741571155,0.0509245697794195,0.326067984869871,0.115479640305357,-0.241336428838564,-0.241128472087599,-0.168243954282486,-0.312166535393786,-0.068301467816578,-0.238021411863622,0.0814991004725606,0.00251825129015142,0.0338856240985736,0.65430773437015,0.414537327920187,-0.198961790729135,-0.112141035394784,-0.0385956256767298,-0.0627867355464178,-0.0830018094463618,-0.250209345741366,0.15581697597682,-0.175860860078741,0.0470641940665286,1,0.071140949964916
"祖先-后代",-0.0952155452906472,-0.228118818018117,-0.171332469050415,-0.0375705437831674,-0.106356348411152,-0.0857183246845113,0.107844776437098,0.208572157376132,0.230353585186296,0.0848732097302277,0.284340552211762,0.128080765796264,0.288550064712993,0.389102526800277,0.269427578202771,0.423381067822014,-0.156744521862881,-0.115998368868794,0.00623303085777425,-0.178601326157612,-0.0406568548369481,0.0929141441265314,-0.0154792301088085,0.152058458726553,0.0304796940294254,-0.0178981287265384,0.0877548322245495,0.0468011909730065,-0.0487687707360175,-0.0626881123894037,-0.0235913645009698,0.231689797013272,0.153809177849899,0.0785330951157719,0.0907996957008087,0.175262771402085,0.448602553233969,0.262534025265432,0.0287900822171783,0.0501743541621355,-0.0881437266304819,-0.240165112776032,-0.0786903618763625,-0.0698711185722452,-0.2023369060333,-0.137671758846139,-0.102606133360778,-0.178575914626061,-0.0832785723313647,-0.100390166949762,-0.129384023343298,0.0520726886632219,-0.0253412816107381,0.106265059914957,-0.154230743009767,-0.103259436798085,0.0313568911488613,-0.0821763902776856,-0.167765674939001,-0.0585655039647635,0.10786198868297,-0.169525964945747,0.0556110967922161,0.0686382310166165,0.26122113313641,0.00922040218122636,0.211054399386271,0.156525427426018,-0.0622761134652434,-0.188495030401915,-0.263322183722491,0.112547774109114,0.045356641608845,0.0237180749761006,-0.0319687417341607,-0.137664126927322,-0.101274182527508,-0.0839401874334806,-0.173122767627859,0.11842521427419,0.179761747484766,-0.0459507896331957,0.0455139003019008,-0.059440591565458,-0.115207918747692,-0.0164337593321672,-0.146198720686118,-0.00700651045092804,0.081340046569478,0.00944922411737827,-0.00810068214431623,-0.176236438658401,0.0331894251703314,-0.111134167004163,-0.0752256433430071,-0.23467446324297,0.00832089163950712,-0.148593327831177,-0.0694135309785136,-0.108745749243773,-0.127211434228816,-0.0328668163296968,-0.227626299088891,0.129359065799341,0.104883939397068,0.0241415449924501,0.015293573414832,-0.0541696283738685,0.170497152413995,0.0571696148284441,0.233878639392166,0.367101489832781,-0.125609740213944,-0.156062075824181,-0.0327303990276763,-0.320766088491928,-0.126603122590284,-0.194979814699645,-0.0677305641606163,-0.247799499753025,-0.216296206440617,-0.0203837188795124,0.128436969228834,-0.139340614708533,0.15173016659065,-0.00971561665341932,0.170758765313974,-0.0663823212069269,-0.108460531516898,-0.0552332631583914,0.114991084208064,-0.0362663002586896,-0.162940716882753,-0.0813372006295515,0.0331392367440816,-0.194473390199429,-0.0673988075242245,-0.0571029570034816,0.0700999281012492,0.181206816848091,-0.0283238697071161,0.071140949964916,1
