"","表嫂-表小叔","表叔-表侄","表兄-表弟","表兄-表妹","表姐-表弟","表姐-表妹","伯父-侄女","伯父-侄媳","伯父-侄女婿","伯父-侄子","伯母-侄女","伯母-侄子","曾祖父-曾孙女","曾祖父-曾孙子","曾祖母-曾孙女","曾祖母-曾孙子","从祖父-从孙女","从祖父-从孙子","从祖姑-从侄孙","从祖母-从孙女","从祖母-从孙子","兄-弟","同父异母兄-同父异母弟","母亲-亲生子女","母亲-非亲生子女","同父异母兄-同父异母弟","同父异母兄-同父异母妹","同父异母子女-同父异母子女","同父异母姐-同父异母弟","同父异母姐-同父异母妹","弟媳-伯","夫-妻","夫-妻","出轨者-第三者","夫-妻","父-女","父-子","高祖父-玄孙","高祖母-玄孙","公公-儿媳","姑表兄-姑表弟","姑表兄-姑表妹","姑表姐-姑表弟","姑表姐-姑表妹","姑母-侄女","姑母-侄子","姑-嫂","姑父-侄女","姑父-侄子","亲家-亲家","继父-继女","继父-继子","继母-继女","继母-继子","继外祖父-继外孙女","继外祖父-继外孙子","继外祖母-继外孙女","继外祖母-继外孙子","继兄-继弟","继兄-继妹","继姐-继弟","继姐-继妹","继祖父-继孙女","继祖父-继孙子","继祖母-继孙女","继祖母-继孙子","舅表兄-舅表弟","舅表兄-舅表妹","舅表姐-舅表弟","舅表姐-舅表妹","舅父-外甥女","舅父-甥媳","舅父-甥女婿","舅父-外甥","舅公-甥孙","舅母-外甥女","舅母-外甥","妹夫-妻兄","妹夫-妻姐","母-女","母-子","婆婆-儿媳","原配-第三者","三从兄-三从弟","叔父-侄女","叔父-侄子","叔母-侄女","叔母-侄子","叔-嫂","继母-继子女","继母-继子女","堂伯-堂侄","堂兄-堂弟","堂兄-堂妹","堂姐-堂弟","堂姐-堂妹","堂姐夫-堂内弟","堂祖父-堂侄孙","堂祖母-堂侄孙","外曾祖父-外曾孙","外曾祖母-外曾孙","外祖父-外孙女","外祖父-外孙子","外祖母-外孙女","外祖母-外孙子","兄-弟","兄-妹","兄妻-弟妻","养父-养女","养父-养子","养母-养女","养母-养子","姨表兄-姨表弟","姨表兄-姨表妹","姨表姐-姨表弟","姨表姐-姨表妹","姨母-外甥女","姨母-外甥","姨婆-姨甥孙","姨父-外甥女","姨父-外甥","义父-义女","义父-义子","义母-义女","义母-义子","姻伯叔-姻侄","原配-继室","岳父-女婿","岳母-女婿","再从兄-再从弟","姐-弟","姐-妹","姐夫-妹夫","姐夫-妻弟","兄-弟","族伯叔-族侄","族兄-族弟","族姐-族妹","祖父-孙女","祖父-孙子","祖母-孙女","祖母-孙子","祖先-后代"
"表嫂-表小叔",1,0.601121227217861,-0.116774560701631,0.0626008755612145,0.244618646163894,-0.212386715654853,0.0133419272874239,0.293872431029272,0.341534965695084,0.0849996329910338,0.150968363550696,0.190270551240628,-0.10537697079017,0.527908567516118,-0.237004168121763,0.283061787656888,-0.417340778272008,-0.265784292709658,-0.288549724863306,-0.124170402918001,-0.0408528897780479,0.184404030894308,0.100286548304067,-0.405767430731191,-0.247316502735614,-0.0277120413159272,-0.143076396614227,-0.0496393225516404,-0.419415060131394,-0.487036314620381,0.661397039671328,-0.253963342539514,-0.21490019584475,-0.475940269187461,-0.243379340032603,-0.122246300881928,0.582229309234259,0.000818673928067195,-0.155415865312351,0.302189756336482,-0.417498198838315,0.0288778204155463,-0.235626241064433,0.0636189155900032,-0.305910265185499,-0.187460921283091,0.644591154378108,0.110128305516983,0.0385150551484483,-0.397648816490398,-0.258855288275673,-0.0418034371430357,-0.451467185794994,-0.32423808381579,-0.275871978068752,-0.381019003742004,-0.200672467125953,-0.154096891764458,-0.175391511653954,-0.0341945283893675,-0.106253871628613,0.00616377229323663,0.575971159207998,0.536294536827303,0.235331583114471,-0.125794455301721,0.555604909372365,0.016125771968885,-0.436211628069105,-0.0888711330242179,-0.294160183474396,0.3601761480743,0.37075598513623,-0.0104174618099868,0.305462300660992,-0.191175870257257,0.0697334113542855,0.0750766868273359,0.363444700366793,-0.170732951157798,-0.0826734016709618,-0.241544148836293,-0.143839202555072,-0.118516986832178,-0.0655754401825358,-0.294511991059582,0.00737395497593428,-0.218031266654164,0.456613062179042,-0.123499861034648,-0.126803631352515,0.435397724149767,-0.215129061675415,-0.190653718396314,-0.36976884268348,-0.13188694316777,0.573360987499792,0.464961979942186,0.357355059756645,0.0912404889501989,0.19255526802062,0.022370060591827,-0.333513738507885,0.0418526916411969,-0.222108742717301,-0.16326315529062,-0.00454388941692138,-0.427043494271471,-0.0661061424554968,0.0389072776326545,0.189638381203028,-0.0428652514642854,0.141605758849416,0.0617280566193118,0.0932917179815979,-0.00682900625802075,-0.231278763196953,-0.181093965039319,0.592235668307518,-0.155931903910358,-0.269180675874388,0.289061716208854,0.251607382447535,-0.282889102792956,0.226263412894759,0.326126673794752,0.262806877013832,0.202728016953499,0.249539714486484,-0.079264756985356,-0.229800366285551,-0.294591251157218,-0.352451925026815,0.663829341346132,0.216743081567582,0.500606420667266,0.350309122861467,0.224154695405388,-0.017611831206031,-0.491993167686479,-0.275477594380603,0.13132863529025,0.480506998133184
"表叔-表侄",0.601121227217861,1,0.0409605899435399,0.0579723547314992,-0.0602970503002081,0.0713696794017584,0.255498547978073,0.216575295048845,0.197197946430518,0.25742059654135,0.458401447129719,0.230782193454985,-0.0769866285040832,0.500292237985021,-0.104691112282991,0.203303285054807,-0.51506308187219,0.0586086388534497,-0.222676782776327,-0.301124733082636,-0.214437048452856,0.132318139814589,0.0573781004885532,-0.211453153689483,-0.360564353265653,0.172528273832185,-0.089837003539865,-0.0521968180405957,-0.406190756065559,-0.261799193184329,0.390250690590007,-0.488584177254555,-0.33434830746345,-0.245948566420146,-0.253721421669556,-0.159690752531182,0.348836165738671,-0.00375553817152112,0.0868576942554692,-0.09924140084766,-0.394016711763441,0.0525125046291737,-0.0365367187756103,0.413603976240425,-0.280460745634042,-0.250392181102918,0.572235582807486,-0.0471776943680877,0.109429165073498,-0.100730967072103,-0.351517619424561,-0.127537148357315,-0.308553668149701,-0.375050744791372,-0.184485648156225,-0.281214974906222,-0.0558610673820597,-0.184002538003286,-0.218155073146826,0.0513149337393664,-0.10851829185166,0.125138029733001,0.344000583205246,0.45798503295629,0.267222622495469,-0.0448124012343025,0.298282076639457,-0.0033267302537599,-0.469106306997097,-0.386343087083279,-0.27519836584888,0.231257576896553,0.210807730703755,-0.280884611900971,0.628875479456379,0.00849502427724401,-0.00163574880242433,-0.00827453557467135,0.634812713847959,-0.092368083185539,-0.100510095627972,0.0566396501494075,-0.281258373133119,-0.192586433121185,-0.273678797251543,-0.141077334537839,-0.106082237412195,-0.0664217651086216,0.73471925361724,-0.269655729008078,-0.30954603959737,0.73094754553942,-0.117674599994782,-0.406933078449444,-0.365824948535747,-0.349328787519718,0.836243125860871,0.441139931861751,0.277371059416163,0.0528645791274331,-0.109930144155031,-0.15275044073965,-0.338696811575202,0.0128277565866011,-0.165595612839382,0.0235286422817262,0.0587105309823004,-0.502822615543274,0.0332584115035568,-0.144427854573651,0.0489032841486825,0.235013383793466,-0.173864603677939,-0.0811898978509044,0.031910214629223,0.0294233608726806,-0.260901814122601,-0.343590372044934,0.449878684142705,-0.302060685624177,-0.264953044200636,0.162381998641675,0.601498010386831,-0.290100076586937,0.136547983254858,0.21510702507744,0.156381051883176,0.24065895781994,0.151651627824363,-0.271235111096928,-0.101408572013558,-0.231195352919298,-0.426545467522965,0.397183363971943,0.167500225183328,0.718849093046141,0.698272288075593,0.588741722403585,-0.234248483939454,-0.245720176121027,-0.13053584652437,0.0446750973649345,0.259274141572157
"表兄-表弟",-0.116774560701631,0.0409605899435399,1,0.447365357427442,0.10502703791418,0.596620666647423,-0.129403526484841,-0.406049893303597,-0.392992146050389,0.283842645466096,0.244881494375289,-0.231558390946055,0.433508556241469,-0.107305256874367,0.680278041950307,0.0225659596883833,0.0322305892581434,0.0756813849374512,0.135562510613104,-0.216633132109155,-0.267781768035375,-0.0243748413273878,0.118938396298819,-0.129391226574417,-0.373448772278963,0.183136065226898,0.489479833253586,0.289245619885059,0.200267889255675,0.294668246103633,-0.170915305334768,0.0576154918572623,-0.300384932764787,-0.160134302151111,-0.194367172843451,0.349820331508039,-0.172706423255986,0.0372770967944708,0.501610983941266,-0.19161972505011,0.243537364650469,-0.0769025803127843,0.730419813515664,0.324650444103214,0.100469452903837,0.156194705587426,-0.192593586452923,-0.322021417718416,-0.0718900574960607,0.0656440870044074,-0.0235354627298995,-0.225662608568152,0.235286103480905,0.187608462935871,-0.182517894374903,0.264390214284846,0.120052810228043,-0.000435675567194545,-0.270972255216326,-0.103215757051884,-0.15714971599641,-0.169218668429117,-0.0582856569606967,-0.062241292167719,-0.206834413448353,0.4850269672827,0.0141624039130455,0.266942631599679,0.137905650757241,0.0799126735172603,0.0977561929363972,-0.383510788115579,-0.368790094663612,-0.168360446315129,0.125785171595002,0.0284974759632717,-0.139033803237617,0.294445453571816,0.0531835374453047,0.671911818966642,0.280813114505448,-0.140892962103591,-0.363137105772643,-0.165697933477413,-0.282912667838536,-0.223168847914697,-0.352047904265418,-0.218285352023263,-0.0739517772463782,-0.406660720729203,-0.292112506168829,-0.0398199742889537,-0.0895691321091526,-0.288099288438867,0.34252653813944,-0.235289880049652,-0.0936574825287444,-0.32000890830092,-0.304880138215645,0.35811096532116,0.0313389383190292,-0.271566917020987,0.224625553729437,0.130056575480788,0.576173788265832,0.0258424203195135,-0.0192362367170841,0.104701029754257,-0.210561543442568,-0.271582141265544,-0.242529226546632,0.269601541231798,0.164780589010737,-0.142946091388958,-0.0994713771325444,0.544978222513087,0.19313303665518,-0.151503432185194,-0.166311319926439,-0.11829365972265,0.0314101429458498,-0.171835575697729,0.0780832696255493,-0.236954441144431,-0.146526919162756,-0.000219826856089293,-0.361757377986608,0.020915882285353,-0.0629227089175876,-0.181401945115795,0.267003385371697,0.12665186050127,0.123928681837545,-0.146675445011675,0.0291971158887915,-0.0495786563824865,0.0171967093731252,0.0151740132966427,-0.450280415692487,-0.0255554354592404,-0.236856210802434,-0.23775513141804,-0.00909052783885287
"表兄-表妹",0.0626008755612145,0.0579723547314992,0.447365357427442,1,0.255901621486795,0.274548678745168,-0.0481677165726154,-0.363222356933542,0.0530647322864303,0.269047790406119,0.284722733569389,-0.236820115733321,0.722088838495007,0.084266534958219,0.246953014394257,0.550666476031617,0.237938240113187,-0.235695196466472,-0.0216916980033326,-0.263941659607191,-0.128399903310865,0.323232404963562,0.48080898318337,-0.214277881056881,-0.384374889883173,0.138645855498996,0.501882380930152,0.219610145869317,0.261228415061184,0.0530727594935276,0.141847433200319,0.10803114917063,0.0503178590028239,-0.294132462394083,0.011621861788685,0.539058139143268,0.157391033311491,0.014831718290524,0.252451557568085,-0.0615174342069768,0.30080590661124,-0.181300759394625,0.504415710266569,0.183365295408718,-0.034576734081953,0.0124500485274966,-0.147769501233141,-0.345183126098804,-0.0786781808498584,-0.0652095314375476,-0.0329727855981431,-0.261568848400051,-0.131377145504836,0.0574524710916824,-0.33475099754518,-0.115750738899329,0.143976566724632,0.0699786051966614,-0.114002252524555,-0.3868093040638,-0.0423807597239607,-0.289274332127827,0.027068017477577,-0.180983357301774,-0.309933711139196,0.346647847260063,0.356758472515997,0.38557268203768,0.193284936626171,0.0412539851468828,-0.0347964954442935,-0.473564479250097,-0.0989579689731667,-0.364767874018807,-0.110065025998404,-0.250117257548907,-0.257991798222859,0.45098276400899,0.0620977595699636,0.594853272350056,0.378727663158098,-0.236135724688137,-0.15702470886181,-0.0365509282395917,-0.373254165311988,-0.371218354880787,-0.374330354686788,-0.304469628159032,-0.0362215236576972,-0.360247477539539,-0.283077286307451,-0.194289982445548,-0.335573884294271,-0.386902025587323,0.167633231425568,-0.242029291038134,-0.0361645420811608,-0.324866149978396,-0.271844964563491,0.539401109612257,0.187108552455127,-0.0777711384743185,0.0194225407030445,0.525959097866468,0.52675952450522,-0.209811668804436,-0.306396584409099,0.177313558062074,-0.275947144473571,-0.366434113358994,-0.26313027850361,0.129425561732772,0.00853028942024128,0.0785623829367501,-0.0180204549250568,0.123845009564402,0.0587222538985571,-0.25024296899925,-0.260101819666119,-0.0613636155772912,-0.0891120724134181,0.0550012663390748,0.11568696429695,0.0430566749477132,-0.177294522193855,0.137549072073791,-0.0372957780593799,-0.00737094262428494,-0.108862978810799,-0.136576923975508,0.0332446988931931,0.126464291573116,0.358761243674301,0.13892211466531,0.465106794663758,-0.183251065233365,-0.0970537445079348,-0.0713008812625208,-0.22093633034799,-0.14965662620735,-0.254846695002869,-0.278759344675979,0.329911321624744
"表姐-表弟",0.244618646163894,-0.0602970503002081,0.10502703791418,0.255901621486795,1,0.16232411541027,-0.147568825178149,-0.158048847655987,-0.174841474806992,-0.346411975670529,-0.150998302041251,0.0208977938139866,0.00751259906174129,0.161387528718917,-0.0426620175434887,0.196544200174777,0.301977126497892,0.139413549905375,-0.466303528804704,0.114195973073447,-0.0578498886734332,-0.192143525464461,-0.124906206511844,0.004094970051453,-0.110831605901049,0.0377451226874447,-0.0450673983797828,-0.252527680089808,0.182094477778112,0.141495317742596,0.190399489054824,0.303203832450514,-0.0552595969128691,-0.0346444908294971,-0.360710303283363,-0.0391439329620461,0.310390428940052,0.567670440133695,0.151483066885701,0.455709339170222,0.250408481095633,0.459139316537726,0.181217331992291,-0.189301127262988,-0.0437980219429664,-0.0953115273632136,-0.021770010977035,-0.217603998338724,-0.468005163554565,0.187217797536773,0.0381283074130834,0.156052452956233,-0.0292469653266337,0.0139868311528437,-0.00703527766540039,-0.0233203010402233,-0.282748590792974,-0.349254853084307,-0.346732043742559,-0.296248221173614,-0.435877629060477,-0.0175275244849861,0.226280750866217,0.108797951870265,-0.0786212212030824,-0.139597220818051,0.286253453288262,0.010798513004772,0.140512006850758,0.463972661945631,-0.0310470164954878,-0.220042824308024,-0.29131400241742,0.0725090128058555,-0.338958270924287,-0.145918686666531,0.161950695931902,-0.16066071462966,-0.294843484445236,0.155803791845437,-0.128258119155629,0.0877155503254143,-0.204801236908622,-0.367885028746833,-0.0282382562545565,-0.149160319637318,0.00338861263035571,-0.132642470219821,-0.134168653496083,0.0254745203408629,0.130307458414249,-0.2075850890572,-0.11066951576216,-0.157761640540085,0.0803680808466161,-0.0210648875071171,-0.114561748134407,-0.164984079698403,-0.0609481281773467,0.0599383808295914,0.80200854939325,0.102017325441545,-0.0990856543513349,0.0399833344226982,-0.0419110546666887,-0.0807270052282042,-0.00867518620767371,0.308927371109507,-0.050307982342807,0.0348007129437007,-0.174633172490683,-0.365112942631109,0.684790912779007,0.230631994598717,0.569749161244826,-0.155810432420748,-0.0420965555491545,-0.0677693746325427,0.0180772977558013,0.115775676630994,-0.102846397430687,0.0298006372335586,0.0439774897100454,-0.234760500939555,0.0605539866789036,-0.0185954345352517,0.112965285706723,0.430947646231023,0.46466233007825,-0.206610718996686,-0.2145226616557,-0.302516400689924,0.281299570552287,0.132279817897999,-0.0789212024096932,-0.211935258762874,-0.325775065307579,-0.248855472375252,-0.139016019869488,0.0393669038328808,-0.0265394085055786,0.0850837828359937,0.243977570382752
"表姐-表妹",-0.212386715654853,0.0713696794017584,0.596620666647423,0.274548678745168,0.16232411541027,1,-0.200998865570632,-0.342708660444687,-0.359957601386273,0.0171646238556055,0.168081555017176,-0.106505029549546,0.326769295257743,-0.039389331462713,0.53334927730523,-0.00247077002688788,-0.0140461442982274,0.173190995922407,-0.163699754130517,-0.104634894181308,-0.254982105251929,-0.299782379681112,-0.122403595764271,0.038825163423029,-0.258282920923624,0.188925276173429,0.275450625248685,0.0659182484203406,-0.0072318575400864,0.338309630613281,-0.268224004297121,-0.0818453561895364,-0.329052774790502,0.0606746179098752,-0.310640938468311,0.15717140044229,-0.200551753088257,0.337973032128907,0.73469116408931,-0.197710690507005,0.156151004305392,0.0120227620037992,0.654305081005368,0.408270213629243,0.016050954332095,-0.0211472297962765,-0.200884857847323,-0.222164737684775,-0.317792709055082,0.263984652106597,-0.0103944064671102,-0.199397103374114,0.182998333097357,-0.0703434838496969,-0.0935324725687931,0.160194587765066,0.0424513145588456,-0.291505043701908,-0.445492908104222,0.000424767934890821,-0.145391285711082,0.027927550515881,-0.0502738504124628,0.0167269599807353,-0.216897157295981,0.309979506715323,-0.0450040468677957,0.303600225048212,0.166650367093858,0.153147007115426,0.00504485132503855,-0.371870013234588,-0.413485977205048,-0.134307561681291,0.219982831504726,0.313282107120875,-0.00139876261343341,0.123640050284886,0.0495059661917808,0.565802264934981,0.126266058893428,0.0690893117218252,-0.401286127264696,-0.350888319441537,-0.188432822692388,-0.121495025528268,-0.283357774632553,-0.161270404706039,0.0137374042704435,-0.323787968927963,-0.237976959514575,-0.0288585231042487,0.0384160946098444,-0.215982725272163,0.260963296858236,-0.12688789520684,-0.0377419097118032,-0.340468611365157,-0.274566294737782,0.158120243099457,0.174835316237039,-0.240282938775283,0.105635349937802,0.199005472916313,0.398922161436153,0.258622798710585,0.114267446904405,0.031035212429105,-0.0557515822262196,-0.127694632935285,-0.225152967381956,0.189225666455659,0.29339889465201,0.0342845793664082,0.0959720132742503,0.346913120071097,0.0646821450217144,-0.0318063519637009,-0.107995936093295,0.072264052069763,-0.0440077278232446,-0.223433602951584,0.27419610542265,-0.289617103324503,-0.102699174176883,-0.116374167601734,-0.375670076096623,0.164628297829051,0.0454087318222897,-0.3091159094546,0.237530461099291,0.155771616992393,0.130747495113409,-0.192450129990713,-0.167863085223571,-0.12019692095923,0.0407222085572358,0.175540384091823,-0.338933961436161,0.0379183343047146,-0.0908906928723455,-0.0685594469381191,-0.0194505933811476
"伯父-侄女",0.0133419272874239,0.255498547978073,-0.129403526484841,-0.0481677165726154,-0.147568825178149,-0.200998865570632,1,0.287784208668168,0.282769316216542,0.265937944850005,0.550231589688313,0.50664549667241,-0.250550795461031,0.203779023355507,-0.270381689212779,0.0998757232670328,-0.13208260261585,0.144739535498303,0.210140259721957,-0.293541478477006,0.179006309133084,-0.0191161846468166,-0.0592423517341926,0.22067638949857,0.066549881985016,0.238990997104963,-0.148172556363631,-0.332017788464732,-0.0835993966596035,0.0077252133850354,0.100847510827695,-0.301890236414615,0.317735253515007,0.15477773478723,0.183788599411342,-0.309743052164244,0.236221779799507,-0.142192015153269,-0.101290222333824,-0.208141615358383,-0.104844236069094,0.0285155379642233,-0.146523692885809,0.358340353435074,-0.30710805232206,-0.28585928764103,0.0711267714901183,-0.11185796558088,0.32452952269162,0.0877499902751482,-0.342163405401456,0.198584994517652,-0.0253082060723535,-0.208072946230377,0.08207979072558,-0.0254007710140074,0.376906281022719,0.45199595988122,0.236585929807817,-0.143412486239332,-0.325305987843881,-0.113984361382156,-0.103884474379241,-0.150395206835885,0.421713447680886,-0.394157919134792,0.0650554584448809,-0.351179747328617,-0.36486030621305,-0.294967000030385,-0.304527218863797,0.230963863320702,0.224677229800719,-0.247059679171699,0.188335891665893,-0.122921453570919,-0.132496630096096,-0.418237173287589,0.389199448225746,-0.194993135052261,-0.305900719136601,0.103633924469582,0.212777869167263,0.21997409563525,-0.329360540352505,0.011105234065123,0.0359525690680743,0.163942009055197,0.220083780541518,0.144272341761742,0.124577379910875,0.18117329405223,0.0503364503342067,-0.00972552292439837,-0.371197280660784,0.106528040392295,0.244337107262131,0.412886093652575,0.199950558275445,-0.225900961810322,-0.162555782005046,0.138650085071335,-0.41756598445435,-0.17508537936155,-0.348467831173627,-0.0975057236087958,-0.13126730416936,-0.246466284886095,-0.0533683680247367,-0.28604778397423,0.141586255191257,0.257060472139982,-0.358678802301692,-0.124129146417228,-0.0623223613749695,-0.293816200845943,-0.317339284286393,-0.344050615245898,-0.130318289559722,-0.360346892939879,-0.283525756079276,0.492878314706759,0.347217304320484,0.303101032103353,0.26308959101423,-0.200973277808894,0.636894593109282,-0.0406753845104858,-0.195034195542986,0.137757622892903,-0.108684959833898,-0.353025501894936,-0.167787582601396,0.0346722017950348,-0.119964895029875,0.214342630519195,0.256565018526202,0.287662344120723,0.044243645310814,0.0520322836343988,0.123441901204003,-0.204736469412201,-0.0492522393422402
"伯父-侄媳",0.293872431029272,0.216575295048845,-0.406049893303597,-0.363222356933542,-0.158048847655987,-0.342708660444687,0.287784208668168,1,0.525812581669043,0.135203840206172,0.0838858977665345,0.628100822618956,-0.315846767769263,0.385965463661862,-0.339833597549104,-0.136460354122821,-0.391865017754294,-0.18390206379808,0.15897713747632,-0.14351919418077,0.177513325333752,-0.18734539223243,-0.270617896643497,-0.225605405154541,0.290881082823807,-0.248923961780537,-0.39132924073124,-0.226534284313368,-0.319192074940014,-0.312051478697589,0.397846583275831,-0.280817717729056,0.138198180944616,-0.0494288137780671,0.0926024122562202,-0.345640364195367,0.279768900638829,-0.174094496772399,-0.39527678677053,0.031992412243636,-0.337107308090606,0.0747465102672422,-0.303340064548502,-0.0129003845869714,-0.304473823077937,-0.302329837111244,0.454526797763141,0.105022198205876,0.228499936951258,-0.107971085649368,-0.343126586527995,0.178879907439262,-0.142005815421413,-0.338552632701262,-0.00647340545410141,-0.277651911686754,0.171892152270773,0.0475823254869362,0.102340731884573,-0.049255540724959,-0.143262747271638,-0.0435736469793366,0.34272671749745,0.342207963550364,0.561692210301838,-0.293424421846626,0.0244681234084356,-0.25801081686622,-0.334490934842549,-0.343102617198108,-0.308851423648329,0.831387199908148,0.567225004033293,-0.120681591938649,0.213743046392884,-0.144570674725975,-0.110744195580297,-0.268914588453095,0.201786416927694,-0.380638360014241,-0.327945541314252,0.0262669659685459,0.0886175370877276,0.0569197042438871,-0.0569045059247086,0.00173617621950061,0.283349889111218,-0.0650574686868026,0.310381352811271,0.247258114861608,0.157302109701907,0.269481510479046,0.078086874138907,0.255884332193881,-0.338237486294161,0.17029350074656,0.295440841284973,0.558751539059349,0.681651695131549,-0.379470936584669,-0.139750194031832,0.229505405276282,-0.215685862440788,-0.153995823114175,-0.356300413410188,-0.18172857127154,-0.140603078289692,-0.340298779258299,-0.0598029325371213,0.0110876144658968,0.43494369550482,0.159376461809677,-0.169885547569748,0.12564297328319,0.0687002875742077,-0.26341678057022,-0.310104879554118,-0.256771473460144,0.340689745707718,-0.264188108597423,-0.29104033365665,0.399359774401152,0.154277635261211,0.119754695797954,0.580945581207719,0.135111316203961,0.482093208859458,-0.0390885143962842,0.0856721251105047,0.134764451168024,-0.31330521748725,-0.258387599411952,-0.364784427606541,0.236964571955985,-0.207448251148404,0.222356236716128,0.328377900958876,0.22773627051512,0.319264817753237,-0.199220398382477,-0.0965390998675046,-0.0581805345167005,0.101696729321475
"伯父-侄女婿",0.341534965695084,0.197197946430518,-0.392992146050389,0.0530647322864303,-0.174841474806992,-0.359957601386273,0.282769316216542,0.525812581669043,1,0.24641630889443,0.298081942364251,0.342809796416913,-0.0484231528964277,0.191582712358878,-0.428837026854605,0.335797571937091,-0.192680481244017,-0.298702194753406,0.0595596507717259,-0.145958236086101,0.232642885940038,0.0901848538817801,0.0340142613984912,-0.194762974327783,0.0655707369595332,-0.176097308851297,-0.29102086042215,-0.218031084571208,-0.217735265392227,-0.246073913654034,0.429297351744578,-0.133582328940093,0.325787898700374,-0.24132097438733,0.227090986322744,-0.228947449279414,0.292670366750649,-0.333908831048743,-0.361229884378719,-0.0602813653535767,-0.195164117511406,-0.123476275677971,-0.290577808320023,0.148901240507047,-0.251754890180995,-0.283830512637341,0.193154855853546,0.0617588350491716,0.250307170204591,-0.143049933529963,-0.119376251462891,-0.0313102405515387,-0.386477102396928,-0.365725177402608,-0.20588243327167,-0.470090890690278,0.267429746148414,0.103400748271726,0.192390508788305,-0.249695424009114,-0.0122810433632295,-0.234159394653201,0.292621166273527,0.0243180748549888,0.249848625506735,-0.321845521149812,0.360295489099861,-0.0323749619215177,-0.226790349419594,-0.221055351405958,-0.24038100016938,0.374330604801466,0.725001840135854,-0.254391912064885,0.184801579361124,-0.367650957118413,-0.289797580914758,-0.124621660042171,0.344044266451405,-0.233531474428296,-0.15532109265819,-0.0185966093196589,0.258370610659182,0.119831106183135,-0.116821925752753,-0.0775049714302943,0.0688355868425437,-0.107542923681078,0.167889724578059,0.122612139296321,0.0446794694534869,0.0831397157208883,-0.224531952005864,-0.0134461498278489,-0.345653752310299,0.0671798510961765,0.241503326609597,0.332201902057278,0.558874736402657,-0.0499000652878191,-0.171300271255471,0.226666157694648,-0.2846824093749,0.161438014858237,-0.318388023531097,-0.287914760177413,-0.350824838622598,-0.185344847485985,-0.230273696190987,-0.165580222666581,0.379367502983942,0.226481601457785,-0.366999950248221,0.268596460654474,-0.0158066887445866,-0.364306060155779,-0.245048382443637,-0.189405664321505,0.082150265698729,-0.0556772375409726,-0.249107531394523,0.568703004180692,0.177208657690776,0.319810224031605,0.425757045754759,0.267858265738532,0.469780032099689,-0.219528432548136,-0.189754449288456,0.18492736940973,-0.250292753595603,-0.159277633545416,-0.12724472274301,0.446013963553407,0.194898159506112,0.116113133482478,0.242930459190636,0.194076898318519,0.398231993314009,-0.229515530556117,-0.0875929832029744,-0.152583873595193,0.428598670658486
"伯父-侄子",0.0849996329910338,0.25742059654135,0.283842645466096,0.269047790406119,-0.346411975670529,0.0171646238556055,0.265937944850005,0.135203840206172,0.24641630889443,1,0.555753804220902,0.265067009156883,0.285053526868187,0.194010766260954,0.210270560890155,0.267464989574241,-0.146976863549387,-0.122249428015011,0.480532180716123,-0.410224582343902,-0.0222673126115238,0.145655769351609,0.157590672134291,-0.251031688802061,-0.212467215727024,-0.139993337709703,0.307379517813151,0.0924734014488952,0.0594733225769118,0.0365130144470996,0.0882307142279372,-0.310533058228394,-0.0548781436355125,-0.325521484788449,0.212213872350183,0.186025419237966,0.225088950904393,-0.276259475931263,0.0585294652475893,-0.46157662501877,0.0776285075826482,-0.161857165963413,0.208505489423127,0.566671005374499,-0.124130819380586,-0.0423175314421325,0.0890198883735721,-0.149901745613641,0.325125407464515,-0.138257560123734,-0.257838528884558,-0.143675970723216,-0.148684817624383,-0.0175424616237182,-0.313482895815181,-0.125766833404419,0.412311676062063,0.244217623255736,0.146969655162528,-0.364861863288819,-0.0419512700765988,-0.39498972283198,0.141843232644003,0.124570655509078,0.175378865411236,0.207632528945185,0.199715392601281,0.206368114797437,-0.138163151950059,-0.354117759162056,-0.0978665791837992,0.117773012051836,0.255566176758943,-0.3507594059818,0.388205637535867,-0.310766097549487,-0.374846627328706,0.160195115070214,0.332287762520929,0.247074521045821,0.222200290307114,-0.254066873627654,-0.158670235846511,0.194362105477817,-0.446141556557992,-0.368568203086297,-0.360656156636664,-0.335049431241379,0.252052733564571,-0.201056114359252,-0.172370293881573,0.259036494296988,-0.252415661371804,-0.27008496350074,0.000692316611377946,-0.2185177268903,0.208551452529894,0.174995663230924,0.289285216578631,0.317205164422721,-0.301965294753733,-0.205754665056841,-0.0993370478775455,0.193760826634559,0.285909886383955,-0.317301561688865,-0.34835719766141,-0.19482647286378,-0.36046931704718,-0.464936693245353,0.164839138613117,0.679952687246794,-0.348053073867994,-0.0882630282420995,-0.238884398143348,0.0739949492474915,-0.0251962371297682,-0.327589648005504,0.0734858223000778,-0.333740820101279,-0.11313972403573,0.312532029308177,0.343462351405998,0.0650442941103197,0.280841671181513,0.148994137216194,0.193192542784475,-0.333995660870768,-0.48850747746533,-0.00403072884471285,-0.0127096229265349,0.103571154238347,-0.0798673115320267,0.197193910417635,0.157632717376565,0.212026302160306,0.234010426716084,0.244777950401986,-0.150144996122847,-0.241819162595195,-0.384562912812276,-0.40043906454928,0.158496797297246
"伯母-侄女",0.150968363550696,0.458401447129719,0.244881494375289,0.284722733569389,-0.150998302041251,0.168081555017176,0.550231589688313,0.0838858977665345,0.298081942364251,0.555753804220902,1,0.257860189404992,0.114481288328238,0.287570675051506,0.120162636367949,0.421646147150617,-0.315352815941292,0.0155115273483082,0.0418438382484302,-0.34974099710765,-0.0790638260188607,0.0759943272533169,0.0683127144646127,-0.0805597811529946,-0.244877323324422,0.224412932773349,0.0696956448389695,-0.183548240546675,-0.101498788417108,0.145064869456397,0.234715765071734,-0.371873075661768,-0.0262603257521757,-0.117627464250873,-0.0425946038103062,-0.0163015424548066,0.365740201205762,-0.197754336208326,0.225316128473696,-0.327701862139225,-0.0357648353426754,-0.0669064299338026,0.278622272182928,0.67440864270426,-0.244165813454225,-0.276476465491039,0.14003444298897,-0.0722598927119566,0.180609116614625,0.152500662749029,-0.308234694075318,-0.198379330581978,-0.114470264944611,-0.20374301418056,-0.236164854185544,-0.134467085835295,0.319600215966041,0.173579951667294,-0.124572104484027,-0.24246744620315,-0.192972955287423,-0.186581197485391,0.0558657438302043,-0.0278217100147011,0.178120288522349,-0.0891993526108033,0.344858213376714,-0.0416660486272007,-0.391655474561962,-0.405877185856339,-0.230475682473954,-0.0221837433096261,0.160533368890035,-0.40103958285987,0.503316516926685,-0.113675425899858,-0.202000423129817,-0.132575572433394,0.60752543900306,0.231790235989586,-0.0657036989292872,0.0552352395594506,-0.0976477811537406,-0.0659641845201375,-0.414881620345756,-0.204826080903562,-0.277931988850964,-0.136332146193844,0.366672852280871,-0.168463110266362,-0.26701705719207,0.282066688495049,-0.260924884090006,-0.384384272728193,-0.196699780516387,-0.271321002980198,0.449075622866067,0.123086793957168,0.14208049115645,0.03676924496624,-0.205578817651965,-0.156065018023831,-0.32810781118704,0.143971304249244,-0.0407052681699601,-0.0960032309704536,-0.205269798437926,-0.324417523324273,-0.148289611698051,-0.400235640183639,0.0687534819689638,0.579145382031971,-0.424335163053539,0.0325370193932178,-0.0608117797263983,-0.019165907895972,-0.2558562225295,-0.418674400108307,-0.0261212309177021,-0.293078612863915,-0.260580000172868,0.395984617719555,0.541141611482632,-0.0123119121082515,0.213912708589688,0.102821761658517,0.319674645266783,-0.131216698840983,-0.2689597492443,-0.195587251852126,0.165277345685532,-0.104336763323787,-0.240072242569333,0.248037138662087,0.0752252168174412,0.303296313880207,0.442533424609631,0.473393277451764,-0.204868335959504,-0.0681322231855097,-0.109289902189231,-0.245880357788724,0.322712664723601
"伯母-侄子",0.190270551240628,0.230782193454985,-0.231558390946055,-0.236820115733321,0.0208977938139866,-0.106505029549546,0.50664549667241,0.628100822618956,0.342809796416913,0.265067009156883,0.257860189404992,1,-0.25024011117516,0.373222149950614,-0.279016503566665,-0.0888212174237849,-0.348016714671471,-0.00853844750289344,0.200281179086355,-0.303370857748521,0.203727885295175,-0.350330842864147,-0.368037131037809,0.022955785115698,0.219382584431939,-0.260341650304575,-0.329418851144278,-0.402983826406189,-0.282005389689281,-0.131464015268227,0.145912169727976,-0.330014002252451,0.181228235493189,0.047223908043886,0.139980792050252,-0.288508598636996,0.345594000605258,0.0399188021911519,-0.15519427493144,-0.196585431103589,-0.190798386227981,0.237967839743128,-0.187696973432817,0.239741023003524,-0.358546971969294,-0.3141423240637,0.293850250915863,0.00338045220743613,0.0932910184778845,0.0506553594018908,-0.354407735579983,0.261190660892462,-0.172687619370995,-0.351718002568509,0.104899454070579,-0.236909969188517,0.297941000771195,0.0689310987031862,0.103811426615111,-0.191631077445146,-0.329631888267994,-0.149691814547982,0.200747906948777,0.280053348993855,0.763353761233244,-0.354559169845939,0.0845036621489534,-0.174114826228064,-0.300845097446352,-0.284295564916758,-0.344500560914644,0.539650470547139,0.368539464706563,-0.202840793730522,0.246384889778793,-0.0773260772226861,-0.0459909251716073,-0.439975611744268,0.208332364720346,-0.180950648146951,-0.295825040682811,-0.034590368137591,0.0520738861638985,0.0700937013825602,-0.337725543611167,-0.0740388781787486,0.108890858031052,-0.0886225181738314,0.237096319640278,0.318958357685468,0.341761141512182,0.265580682864952,0.117127269248954,0.126048970639463,-0.323001464409978,0.171164163498074,0.281225416153128,0.584458542389925,0.523385384837493,-0.286862500115576,-0.00724964769635703,0.124801597853857,-0.395635422188566,-0.151224053748082,-0.285235676556787,-0.0877437830912326,-0.0770523074862059,-0.320441823540208,-0.154545618826866,-0.195137620196135,0.400045038075099,0.252160908887411,-0.065516304104427,0.130427289076861,0.261544211746346,-0.400088242872312,-0.302475631017908,-0.339696469116177,0.201272930636154,-0.293489619876277,-0.350255244439675,0.478264545032633,0.382379116153231,0.131692302669664,0.617684361357449,-0.112631860690658,0.498836104219667,-0.0591442631418918,-0.0322037778478391,0.121534822869082,-0.239865879951548,-0.281330534373934,-0.263704931431367,0.0600279980775562,-0.372763162663258,0.169940438467671,0.222464902637155,0.17832490850745,0.137248787753754,-0.169647697674289,-0.0745394653472126,-0.14156210833979,0.115755686798936
"曾祖父-曾孙女",-0.10537697079017,-0.0769866285040832,0.433508556241469,0.722088838495007,0.00751259906174129,0.326769295257743,-0.250550795461031,-0.315846767769263,-0.0484231528964277,0.285053526868187,0.114481288328238,-0.25024011117516,1,0.0180684246641818,0.48434330447569,0.460503219483823,0.193639966866622,-0.34611381529575,0.0515333820509334,-0.232907100229469,-0.153253201120065,0.334602536888114,0.506486900231289,-0.299844505248307,-0.25786551844894,0.0988183224235757,0.610352911801047,0.429833295204044,0.142922491166192,-0.0730914897195611,0.0122536121457809,0.099605034629637,-0.0104715209919533,-0.269615022896744,0.000944030214791131,0.700851653378445,0.0650875887372429,0.0309585548286828,0.295589008674538,-0.137960086393838,0.174408576233914,-0.322482803141934,0.54912075300601,0.0840457801627113,0.011062563266659,0.0294685970710243,-0.0966019032676225,-0.326647991301092,-0.139243074321423,-0.206431139344008,-0.0198514224774552,-0.393646136994426,-0.0949827000730327,0.0727489900499715,-0.356594069828881,-0.16110846662379,0.0884672764707257,-0.00404683840654301,-0.109593994725516,-0.233599693323004,0.107103374558848,-0.262874890212824,0.0932231650820864,-0.0278710397695734,-0.321948975079384,0.584577144751284,0.20640121120529,0.583028094055911,0.269341701090127,0.0532504931842927,-0.00319774267251708,-0.397239683438186,-0.0845770273532083,-0.294794827572297,-0.0237195230588635,-0.108920898831227,-0.291653036375099,0.583028700987191,-0.050145116095399,0.664232125048464,0.583490842257601,-0.306324366274424,-0.202404058658571,-0.131802866553782,-0.230847947724458,-0.325551022244388,-0.366929087272785,-0.312728564039869,-0.065655089303724,-0.35944452607329,-0.28862189602084,-0.14106832578426,-0.301276778673079,-0.241488616402295,0.223241837678105,-0.228703120357075,-0.101907012558881,-0.414232710043845,-0.305858863747296,0.561784412424032,0.0978638193091476,-0.192305814418786,0.134045604577149,0.686118633751188,0.759126614553631,-0.154921595222208,-0.296340685903703,0.177647531680901,-0.235775356683589,-0.275964759396613,-0.234305257704784,0.171722194368653,0.0312636596446664,-0.0210081320264272,-0.212069831670489,0.281194236367686,0.0981967649343377,-0.143808723468894,-0.114410160351699,-0.0952105706164934,-0.0447738506051279,-0.147264265089853,0.040307627705664,-0.00420003070211018,-0.273171023509608,0.265223389630782,-0.24806976188452,-0.0442290315489435,-0.115807156594183,-0.167675389650033,0.101762590638616,0.260220378903504,0.18670782278661,0.0956965692595284,0.46584445332965,-0.212434358924417,-0.0648495864330087,-0.0353377833158219,-0.210080616849406,-0.154930002466853,-0.281791987397092,-0.288071939626728,0.218133590188171
"曾祖父-曾孙子",0.527908567516118,0.500292237985021,-0.107305256874367,0.084266534958219,0.161387528718917,-0.039389331462713,0.203779023355507,0.385965463661862,0.191582712358878,0.194010766260954,0.287570675051506,0.373222149950614,0.0180684246641818,1,-0.030573485971104,0.378601988807455,-0.367096295905556,-0.157202117305063,-0.211469950970068,-0.177488129963578,-0.110783511420585,0.0992483812358071,-0.0171064213672714,-0.255449984218511,-0.117304342862433,0.0464277284085131,-0.0304243312929612,-0.201292414693222,-0.476785575426954,-0.3644637843957,0.550637165741916,-0.434334594534272,-0.139536335858852,-0.239818368380786,-0.303902607897937,-0.00164967470408617,0.71408954680897,0.285696180596894,0.0356954579696408,0.0446830346698738,-0.411645808582161,0.0869267148888126,-0.0500933140486139,0.223528301632056,-0.377380220007206,-0.309444507320144,0.672310675960118,0.0334544957404095,-0.194314590134443,-0.174826089051783,-0.369991800413858,-0.00757424005894219,-0.297320870887501,-0.386417021456494,-0.190602273106157,-0.319774397827816,-0.127967873094411,-0.204936907215438,-0.162263700346004,-0.10883126796188,-0.171632703775434,0.0206587551265085,0.519759962067404,0.528515634749182,0.305317568265337,-0.139966859888223,0.404751959589023,0.0874032116317956,-0.491656268386654,-0.213923037086128,-0.355380214848663,0.309470512662505,0.136445988390484,-0.0947965294428519,0.276148021135224,-0.0477302148592449,0.067153831075738,-0.139873807782972,0.319430164647662,-0.0673595013237182,-0.0355334351845245,-0.186368309148008,-0.235758724513232,-0.230362804323278,-0.228313960117578,-0.349272628286496,-0.162778784139243,-0.379357350385505,0.533212801372624,-0.000483976506107679,-0.027288457319076,0.408292253435605,-0.0970491757425002,-0.142195034834037,-0.370973499550862,-0.088457272803275,0.472440192793884,0.356064405040785,0.247210877094659,0.118557629560012,0.228702016464118,-0.154380554201679,-0.456876406822043,0.191889057695773,-0.0122911188705841,-2.52472599371756e-05,0.0333479083560117,-0.526309321054558,0.0184957135136424,-0.0362978078735498,0.104001241440387,0.301329258104923,0.0910262829933328,-0.0232046305945447,0.126421909639579,-0.174909696159881,-0.311739503522865,-0.351460332814824,0.429194527035052,-0.296845437371163,-0.347888927004076,0.219832618210683,0.540374746415716,-0.245002471429818,0.301703253268799,0.236026829192678,0.425482047664611,0.238692820942251,0.155812512203074,-0.15239487010287,-0.169500084553413,-0.199861737203253,-0.486008191554507,0.430734580066565,0.127113712189693,0.421600503588759,0.429193888657359,0.342062272127947,-0.243831957863792,-0.277143993106474,-0.365072337731233,0.030551289473659,0.482060150505434
"曾祖母-曾孙女",-0.237004168121763,-0.104691112282991,0.680278041950307,0.246953014394257,-0.0426620175434887,0.53334927730523,-0.270381689212779,-0.339833597549104,-0.428837026854605,0.210270560890155,0.120162636367949,-0.279016503566665,0.48434330447569,-0.030573485971104,1,0.0961662760026734,0.106007649645316,0.00329991416233837,0.100203790955455,-0.0696129300942844,-0.256507042173969,0.0921576740096675,0.233003295304741,-0.161026872176364,-0.270361222302091,0.22501599198482,0.616872101919168,0.412085104271534,0.138493437398292,0.236692879705007,-0.172253113676872,0.0213063009895292,-0.289751511475742,-0.101437459412918,-0.199993158820699,0.542521468225552,-0.107107014014816,0.205099824205636,0.669968605559128,-0.0295114616943693,0.190145769498451,-0.19187294430757,0.70735321720533,0.116668735796549,0.000464739741991216,0.0761686956442581,-0.0627611672719807,-0.309020394404216,-0.06789697985159,0.0393748160200568,-0.0750762238748141,-0.423029934493296,0.207637450604711,0.244416282313889,-0.250398116634716,0.226935780628046,-0.0330431479029758,-0.17153841444735,-0.242459128402361,-0.0359431806261517,0.0288099165034923,-0.0548520446290463,0.00465623023328821,0.0487458409336006,-0.261834180421467,0.667464303603867,-0.109133181215948,0.246042120262078,0.154847363213018,0.0569521950621229,0.015093089591052,-0.366663804076525,-0.370694459570932,-0.0460378633903709,0.156354559358048,0.0882050622450622,-0.0935391303060376,0.385892249162974,-0.056908186162354,0.666034922605335,0.3995468745399,-0.090785355795781,-0.361376575362023,-0.203320336673449,-0.084389772373372,-0.156581445303012,-0.318530780683821,-0.27127232525171,-0.000398337236548101,-0.331382844139169,-0.326581502894994,-0.0356183104602068,-0.238931359508838,-0.331608973407883,0.241324141368233,-0.379845070575168,-0.106840979941577,-0.348831838989536,-0.394867969489933,0.319597206614238,0.0655752606079313,-0.323299270382095,0.282827374899096,0.167365839139662,0.697441920697182,0.0297371059949505,-0.0294192594082274,0.0951599446181096,-0.0373966810101253,-0.0952855747182713,-0.405801954546627,0.299124220181947,0.0982364936281154,-0.259697475349112,-0.249666566049712,0.635252904271564,0.0822666821915628,-0.0482670190190142,-0.00919163249957377,-0.097957977947997,0.0658057507244497,-0.446974247791941,-0.0757608003428387,-0.356108159266862,-0.366103614153548,0.148936528243626,-0.392404776850268,0.131986248102495,-0.00820499261885861,-0.276507008921403,0.306523891377145,0.197042136988629,0.0127830168112627,-0.110377500257186,0.171759710064314,-0.134337813236044,0.0266620793447909,-0.0480183905079369,-0.346172353235135,0.0694248434524994,-0.152900684063112,-0.0824526468127263,-0.00649852029834732
"曾祖母-曾孙子",0.283061787656888,0.203303285054807,0.0225659596883833,0.550666476031617,0.196544200174777,-0.00247077002688788,0.0998757232670328,-0.136460354122821,0.335797571937091,0.267464989574241,0.421646147150617,-0.0888212174237849,0.460503219483823,0.378601988807455,0.0961662760026734,1,0.112140121778926,-0.270360376934644,-0.23746723715281,-0.0952894979956727,0.0126047995399555,0.41959078138025,0.32495802311822,-0.309463454603326,-0.209064371945206,0.0837811397816862,0.240309015733191,-0.032263523354885,-0.108420400731803,-0.15283854106616,0.457169594034004,-0.0245869680793488,0.135036515477073,-0.364794386293161,-0.0812957008566636,0.278742146374344,0.517646946335349,0.104838999720909,0.180121023767725,0.0637413824059515,-0.0247649247752884,-0.16390022792472,0.16355509972364,0.236030419501366,-0.211447530634863,-0.202926309461253,0.174045767162498,-0.115390157092423,-0.194397763182787,-0.181990388835425,-0.134340400227819,-0.326705615366315,-0.38003103441527,-0.22596868183129,-0.455442992334074,-0.366827586953788,-0.0664688300150632,-0.12679518120472,-0.0408597086266577,-0.415578487335863,-0.0375829140868843,-0.280195101031579,0.390776518783737,0.122486489367022,-0.155144294811865,0.0474602614027102,0.662446118255155,0.447629606543277,-0.111898531039628,0.126977074129678,-0.200035111886251,-0.25044563866311,0.199534479340165,-0.268638969035672,0.0893604052879244,-0.331859015764367,-0.23890748258852,0.124360984839901,0.179697631800207,0.190988410248342,0.301169613565291,-0.200198148783669,-0.0769165862457818,-0.156139432547615,-0.19426152119852,-0.441480858275599,-0.376249655718822,-0.396485526613077,0.173037718261753,-0.20993018399131,-0.202960765890818,0.031431205592567,-0.531213632558268,-0.346117925685093,-0.234701565695828,-0.194282751789327,0.189330992693935,-0.139485759314737,0.0276255277800408,0.556331451100687,0.233197364072778,-0.059028421574321,-0.337120398703008,0.647698775508585,0.23262376954766,-0.320133140005091,-0.378642769585527,0.039218972956998,-0.246953599916718,-0.295289643547731,-0.00409989085257651,0.207599691527,-0.0443359243455185,0.199610262421985,-0.00337802412198008,-0.15663577169879,-0.168644333140814,-0.19381730881051,0.0931967366012134,-0.0438425911707184,-0.203565428871908,0.300299286571616,0.301983574376774,0.0364822191389324,0.0293809048819138,0.505129574917263,0.216353060746935,-0.0828548693069631,-0.123498343179455,-0.121197320848291,-0.148034154599034,-0.0716925094283022,0.0295677852780375,0.551979892299692,0.537162949749534,0.034809725899509,0.11520202621655,0.105948332944598,-0.0989228091399517,-0.190738028824718,-0.318002429356933,-0.201024060794585,0.708592040540571
"从祖父-从孙女",-0.417340778272008,-0.51506308187219,0.0322305892581434,0.237938240113187,0.301977126497892,-0.0140461442982274,-0.13208260261585,-0.391865017754294,-0.192680481244017,-0.146976863549387,-0.315352815941292,-0.348016714671471,0.193639966866622,-0.367096295905556,0.106007649645316,0.112140121778926,1,0.326857622180222,-0.0376786098851694,0.145366865338769,0.036367981009172,0.0866606768928812,0.128977722268756,0.173472514972927,-0.0152219599580443,0.04363421680535,0.211550614239414,0.0450757021336795,0.667402008540147,0.39019925977134,-0.246865718106031,0.653367526005431,0.199193647670683,0.152743631709278,0.0571212084307905,0.233071418112157,-0.207993477493743,0.214730226031455,0.0465005202968494,0.208162420349379,0.564825305354404,0.137750364547248,0.150557644642218,-0.322568755498042,0.196240999501264,0.14632230520694,-0.503773231387625,-0.350266426551537,-0.263622182867515,0.263389754690007,0.201012244988148,-0.0448524871027321,0.27963755008292,0.37090823486627,0.0584783538098626,0.263640154216688,-0.114638463983951,-0.0399133432489056,0.123532837809474,-0.365823379454565,-0.183298336104514,-0.288737703629958,-0.226475518826439,-0.363673490973513,-0.382873574258669,0.124423847280422,-0.0986493469015806,0.168062463079524,0.709546169259019,0.573721265623554,0.204874477199439,-0.446148368386732,-0.229921293854677,-0.0400175235294821,-0.529058129825706,-0.277052598503992,-0.241264460792469,0.148410539548801,-0.504322329994608,0.18583734280639,0.222289175766311,0.196912866365227,0.0735286634966962,0.0194924103351704,0.0450318641799501,0.00180438367495763,-0.0873106771261563,-0.00358952265239089,-0.396507234283938,-0.0789538450770353,0.0279182898397258,-0.441979918030466,-0.0397856536899143,-0.00188839581983353,0.321923438643935,0.0424501410396118,-0.503197424237529,-0.424851167776117,-0.310529719844162,0.244971255014724,0.346505264324716,0.0871699356210199,0.2990323152821,0.20301983337025,0.234470096185231,-0.299467414054402,-0.329326959583187,0.796643518475419,-0.261773310777057,-0.184611118146627,-0.287360577235733,-0.280636657849562,0.296457784165926,0.144435313276345,0.1460015300199,-0.0675526194282536,0.180907039676395,0.116191219662441,-0.422316301981032,0.141529229025847,0.195894456772076,-0.134898711551698,-0.348266091156854,0.135567618230504,-0.260069915195934,-0.0123504201917222,-0.0973405409588519,0.0617885430607308,-0.0048273471105737,0.0784353617952378,-0.275534620656304,-0.0693081332503808,0.729806920538078,-0.215365524518879,0.173093407365457,-0.510361619291963,-0.569004862926145,-0.47487439359199,-0.0203103827821703,0.258867139000404,0.0922427784053134,-0.278411494432375,-0.145382454279119
"从祖父-从孙子",-0.265784292709658,0.0586086388534497,0.0756813849374512,-0.235695196466472,0.139413549905375,0.173190995922407,0.144739535498303,-0.18390206379808,-0.298702194753406,-0.122249428015011,0.0155115273483082,-0.00853844750289344,-0.34611381529575,-0.157202117305063,0.00329991416233837,-0.270360376934644,0.326857622180222,1,-0.149726181918647,-0.0597882359436252,-0.052724455955399,-0.306939077589706,-0.326339752228591,0.480676010660491,-0.138105192478533,0.0988413957633831,-0.211269824464434,-0.260352923620132,0.37934448270473,0.608533143169967,-0.379748619414988,0.177152507923617,-0.213273505609415,0.450363849638326,-0.208315198403159,-0.336556333180326,-0.262524849866658,0.160002729618314,0.165097217404715,-0.0591395644201452,0.323020150736134,0.606406672019513,-0.000537322836304492,0.0369929662126409,0.0630284846234824,0.0636882129752265,-0.27452496431599,-0.120978937671249,-0.192900945322634,0.677494931539403,0.00639596564865927,0.16524619888404,0.432359791411336,0.204620160035718,0.313457704968131,0.479275764180787,-0.141688150280554,-0.179600513454673,-0.165792664179049,-0.0717217446042086,-0.26796906845914,-0.0151040192819464,-0.281110467641521,-0.163612000388048,0.0158351663484192,-0.218861426660763,-0.231253828396126,-0.252266228463078,0.25913685761894,0.136155400066674,0.0650074710658502,-0.190334096921682,-0.327263902948584,-0.113466602009179,0.0126636435108599,0.0973912823253587,-0.00128858417908784,-0.345542480764731,-0.0611749205502263,-0.118214785070781,-0.263550253663265,0.670473280932477,-0.135748461104104,-0.177468833477302,-0.155195557391067,0.359907876297042,0.0837497363523971,0.322136944353536,0.0128394671253528,-0.0318793800404853,-0.0309173809437602,0.0896413500646087,0.327961105321422,-0.151014745870732,0.197845996379944,-0.102601998046418,-0.0296521390688933,-0.00696678677989421,-0.132315696129156,-0.196649722181451,0.0956879582877176,-0.0785615243462844,0.153415769500436,-0.32074531271493,-0.209897200677312,0.0570534405319066,0.0507901105666934,0.277776606151636,-0.0334351701577312,-0.140003500188949,-0.206908023077056,-0.0884647035074713,0.108009202024053,0.163492200136266,0.447259972354073,-0.144371659364099,0.0791207806455232,-0.0854858008902738,-0.255684749254348,-0.0651741824433613,0.0695955429500789,-0.136431964913231,0.109583531293643,-0.201604745412317,-0.0726717773136624,-0.341392317220831,-0.0536710825076819,0.166911702261025,0.0392996120791764,-0.139461392168169,-0.108024368200799,-0.221016900272901,0.2686241282384,-0.381024774272673,-0.2789744394663,0.01958134391112,-0.00355582521885428,-0.00613489688962957,-0.201389671377575,0.436752813185655,0.391380467352056,-0.107472837800253,-0.268234466821018
"从祖姑-从侄孙",-0.288549724863306,-0.222676782776327,0.135562510613104,-0.0216916980033326,-0.466303528804704,-0.163699754130517,0.210140259721957,0.15897713747632,0.0595596507717259,0.480532180716123,0.0418438382484302,0.200281179086355,0.0515333820509334,-0.211469950970068,0.100203790955455,-0.23746723715281,-0.0376786098851694,-0.149726181918647,1,-0.312838042870878,0.398439534319228,-0.025306847833805,-0.0221951799880805,0.134680457343347,0.287722922269284,-0.270470268042342,0.117596020593726,0.121532651066849,0.132597015546049,0.0380238153330697,-0.310859116990859,-0.0448401236696004,0.351084785067439,0.0294211730584361,0.662681113684064,0.101392931411225,-0.269080130629115,-0.375409314174423,-0.154290442279114,-0.428808572325738,0.0841462712043924,-0.262656254204737,-0.0517343582779734,0.139903184579409,-0.140992727724109,0.0231323154283221,-0.234274246400954,-0.094327565611775,0.562523043355312,-0.159430887443921,-0.198311169002691,0.255845523692048,0.118360248407061,0.0276890615184472,0.167665755088757,0.156259009530238,0.590813864769937,0.606439784775334,0.598119398175756,-0.197716576575146,0.014214059135351,-0.380165692811819,-0.261900941612636,-0.224670709966936,0.229296926410331,0.109090066428398,-0.269268650221546,-0.0408893782202207,0.0266226767936251,-0.273553368982785,-0.128836160098165,0.224679027459066,0.162013757493457,-0.177085003517622,0.0109890016491557,-0.265007753190399,-0.335009780811753,0.0897645938275151,-0.0626821382078876,0.0141672382352685,0.0743373925004191,-0.255996732494178,0.357475649091551,0.635541669381603,-0.314048413458891,-0.00479895478876024,0.117116324478832,0.0327268501588309,-0.181820257792501,0.283623388977005,0.290994616008322,-0.0862681185108129,0.196916596256419,0.317514475928675,-0.0031486529793952,0.278851163373031,-0.219970413238853,0.203951496449859,0.188252629777159,0.0629891884628067,-0.437598145747281,0.158581351767906,-0.030721476099823,-0.161488584923021,0.145839533267732,-0.234074836516876,-0.171631708377488,-0.0642189035647132,-0.298251744209569,-0.350129156917053,0.200263133215588,0.32670038106095,-0.337329807047766,-0.269620837171849,-0.379416765799999,0.0540825792454182,-0.00346690895202981,-0.172191032063143,-0.228169270349238,-0.287496837389372,-0.128704889659793,0.112965611601648,-0.17021930037122,0.476403171013971,0.181426508677907,-0.236925620476925,0.0848074230109504,-0.406906926167369,-0.475662935689066,0.564576313539796,-0.018465814323291,0.128934834719492,-0.0131158728846238,-0.291315487741929,-0.134044217389606,-0.0727368790909865,-0.103479521902445,-0.0820706172096953,0.276810071418487,0.0107051001230084,-0.0110895971645619,-0.344235780075071,-0.275336756332501
"从祖母-从孙女",-0.124170402918001,-0.301124733082636,-0.216633132109155,-0.263941659607191,0.114195973073447,-0.104634894181308,-0.293541478477006,-0.14351919418077,-0.145958236086101,-0.410224582343902,-0.34974099710765,-0.303370857748521,-0.232907100229469,-0.177488129963578,-0.0696129300942844,-0.0952894979956727,0.145366865338769,-0.0597882359436252,-0.312838042870878,1,-0.121599258344575,-0.0520054781876698,-0.116915205310077,-0.158723809675041,0.0618319035040208,0.00718075509497017,-0.143859761434486,-0.0840141215908844,-0.0407574705432429,-0.0374842109392932,-0.0398576239001776,0.0923437300701217,-0.195642724694175,-0.113009538540437,-0.219919818397345,-0.0957281204144987,-0.0820171385562,0.209555993922027,-0.0354459413324063,0.232685463912029,0.0207976728797881,-0.0457418484364792,-0.0952791547992431,-0.375766402654667,0.370088693419233,0.0818144294384128,-0.141379047019402,0.35587987833281,-0.259879541615796,-0.0249402047670687,0.565840598486743,-0.23965611767645,-0.200071369285674,0.0085779727215609,-0.213628929820756,-0.224440926517044,-0.437787674994911,-0.269165137976686,-0.0892498544373596,0.437497102457736,0.393663469396801,0.63613107185577,-0.0698898571325135,-0.0513808150506682,-0.250229609302242,-0.0947220177146072,-0.094391896841815,-0.164687484457389,0.0366603173678206,0.193354014963362,0.376706119222468,-0.1330697028393,-0.172703284575104,0.746285224591765,-0.284881040591931,0.482314279925629,0.634874247296992,-0.0494759469079874,-0.321971736699336,-0.129951316787474,-0.122762430592524,0.0316814700671552,-0.0872763468221374,-0.1382981369096,0.883595598255922,-0.0898808608245419,-0.133843641675598,-0.149845374382745,-0.227012443277429,-0.0799080366394346,-0.150414736112505,-0.231060228414731,-0.289284861574881,-0.0746641899353706,-0.0695371502333744,-0.138330676146456,-0.252833687482077,-0.222890783496335,-0.0964492010497507,-0.151579476106698,0.0952130750628909,-0.0777760662991569,0.0143401366732304,-0.147030978453923,-0.163370327216318,0.497985254440062,0.411315328927828,0.14723162173775,0.619768294469886,0.786171156298544,-0.0506328696055618,-0.330837608632942,0.13050907055218,0.00854908515792085,0.0440937989877953,-0.039451158194341,0.0787094090344719,0.693240489216204,-0.0287354321200733,0.703243170864392,0.388156476984951,-0.177580163785992,-0.275340893716107,-0.183663383389669,-0.191113866497088,0.0378828455481434,-0.150771892365052,0.0807975942945085,0.201587700555867,-0.157313265746483,0.362390572596767,0.29351408756824,-0.00912315144169234,-0.0216143079632248,-0.0743348239874985,-0.209418456439498,-0.281439511309013,-0.211968340451482,-0.0473806247526478,-0.117956053728735,-0.0982732237202812,0.642122234390516,-0.0915590667111539
"从祖母-从孙子",-0.0408528897780479,-0.214437048452856,-0.267781768035375,-0.128399903310865,-0.0578498886734332,-0.254982105251929,0.179006309133084,0.177513325333752,0.232642885940038,-0.0222673126115238,-0.0790638260188607,0.203727885295175,-0.153253201120065,-0.110783511420585,-0.256507042173969,0.0126047995399555,0.036367981009172,-0.052724455955399,0.398439534319228,-0.121599258344575,1,-0.13336371692493,-0.216110887189002,0.227680378054748,0.536050782495382,-0.347746586691416,-0.294942391731999,-0.262660879155697,-0.0501307645484708,-0.106285455927825,-0.132629123246676,0.0704845538614287,0.52796810546459,0.259420784309967,0.582635395331991,-0.177051439070632,-0.017841252295519,-0.23355971226761,-0.226086465928375,-0.135518722299811,-0.102027829134104,-0.078205593583297,-0.34093151622027,-0.208370126802606,-0.248519731332376,-0.248689272251753,-0.272704745689751,0.114822884648794,0.225733406198841,-0.0780901081239259,-0.204696813556012,0.450177467635711,0.0342660840478105,-0.145921540649299,0.23501404814581,0.105922934620738,0.245240833422972,0.23847678655631,0.597894994658386,-0.340283823545859,-0.0334873720603823,-0.348929842555184,-0.0789779084432362,-0.14521839676825,0.231921490239146,-0.314097286447643,0.148524964261221,-0.0853331204554331,0.0194805547052656,0.0108910878900603,-0.242252494119295,0.176989565100964,0.277921562525533,-0.130272288803605,-0.230545621224966,-0.274361711850208,-0.193865124177644,-0.184219202552964,-0.229257428305637,-0.267658049130734,-0.170793477469305,-0.196412720572391,0.584733128432706,0.600860640123339,-0.207225866466663,0.18929359967598,0.395700282296288,0.130538050617672,-0.245527476082144,0.577084950118571,0.451615564267795,-0.160994767849677,0.246969321630862,0.380005656085421,-0.196995671852385,0.494068659379368,-0.189192490193272,0.24556444871414,0.302339888181394,-0.0855398188833556,-0.140972570719112,0.504148294158411,-0.260470059036139,-0.147617648157627,-0.245969101304386,-0.310140579002305,-0.227175741476608,0.00196710365196965,-0.28122188027685,-0.215150203522827,0.262265517974713,-0.0692008215637748,-0.183570366892414,0.136678108001148,-0.0232245780255335,-0.405815688145896,-0.259279163818738,-0.135550154028533,-0.225227194568503,-0.111085313775856,-0.205826751536235,0.322514807408672,-0.159291861443986,0.500119120071462,0.304701628175603,-0.110461376744149,0.210493005437166,-0.311507618971713,-0.357489998892808,0.712206658049268,-0.258886560304294,-0.134672471525017,-0.023712147507454,-0.0614381393166966,-0.13269200432377,-0.196372417794443,-0.197186692451282,-0.195718003050316,0.695797363151549,0.153443964233003,0.216402701156816,-0.274781570735066,0.136822373150399
"兄-弟",0.184404030894308,0.132318139814589,-0.0243748413273878,0.323232404963562,-0.192143525464461,-0.299782379681112,-0.0191161846468166,-0.18734539223243,0.0901848538817801,0.145655769351609,0.0759943272533169,-0.350330842864147,0.334602536888114,0.0992483812358071,0.0921576740096675,0.41959078138025,0.0866606768928812,-0.306939077589706,-0.025306847833805,-0.0520054781876698,-0.13336371692493,1,0.822054358621128,-0.354611033522859,-0.189381963374547,0.442112249356348,0.42106133776541,0.495976497824301,0.00522552037124332,-0.310266264600766,0.337752333006633,0.0954824942691156,0.0429110540496519,-0.440229589732982,-0.00860330663312541,0.444764226288063,0.223678829069941,-0.197094709679158,-0.0421070732903659,0.180568028481158,-0.204926879110289,-0.438714789451785,-0.0197813426869272,-0.0186019216845564,-0.126165839592836,-0.0117283795081009,0.235712197901332,-0.103749605416823,0.147004723859523,-0.364286961455355,-0.0717944850622352,-0.35122797880193,-0.270203651452034,0.0234441668537981,-0.337644250320413,-0.169633161450774,-0.210151523913378,0.211732893942721,0.194031400605328,0.0995421846391433,0.228641178633837,-0.0900185648603391,0.160643940727436,0.0165916432228625,-0.169066158855451,0.381397142981946,0.281330927427162,0.223748241442135,-0.106825086856565,-0.0438669426745616,-0.155567540079142,-0.122761644601933,0.112270573097776,-0.0262248659084406,0.0902330202270268,-0.185159553131536,-0.226696709059764,0.456611744991063,0.205440636235773,0.0231688496334148,0.384055045571992,-0.292408768421437,0.0413094186519191,0.0579242068148062,0.0105112184845271,-0.25653321322115,-0.315021939157403,-0.122890451165561,0.171854239013234,-0.257756518808198,-0.314339477888871,0.18887714643599,-0.35503273207966,-0.228506604157344,-0.222640117564887,-0.331330543885959,0.157643008862003,-0.0427933692120448,-0.229873963028704,0.444044619455395,-0.0556310858472291,-0.170440084014653,-0.0915105080771183,0.398760626471684,0.251595454342133,-0.204017598446302,-0.164152413262084,-0.046042508027376,0.021507182038076,-0.0561158461014976,-0.0714516948682947,0.104797309127595,-0.170810624243702,-0.234508713791046,-0.460999051535676,0.209658741084961,-0.0818284948176185,-0.017337393847195,0.119794507345834,-0.169202796486824,-0.0677470216225886,-0.111154782789767,-0.121185141178714,-0.0169496080575004,-0.407669089393441,0.460864518004618,0.0672966849106152,-0.000900588614981296,-0.110582151520826,-0.0632804889485325,-0.0201025586071283,0.0155950350633881,-0.0915573318920861,0.380576426360087,0.788687947836127,0.248950096892218,0.22073168260369,0.0932265407011689,-0.134501440774214,-0.254337160504123,-0.273639183482342,-0.136996414628088,0.186432405522717
"同父异母兄-同父异母弟",0.100286548304067,0.0573781004885532,0.118938396298819,0.48080898318337,-0.124906206511844,-0.122403595764271,-0.0592423517341926,-0.270617896643497,0.0340142613984912,0.157590672134291,0.0683127144646127,-0.368037131037809,0.506486900231289,-0.0171064213672714,0.233003295304741,0.32495802311822,0.128977722268756,-0.326339752228591,-0.0221951799880805,-0.116915205310077,-0.216110887189002,0.822054358621128,1,-0.291962326586263,-0.263205120348703,0.502488400905202,0.603502465785643,0.618898410115265,0.134315409489108,-0.190233237286994,0.255012023196211,0.0183663237356267,-0.0156766438957634,-0.358375353871715,-0.0194796005343262,0.545614565720665,0.143534565701725,-0.118204237415091,0.107560291704143,0.189356907379786,-0.0219347769226293,-0.44568145466553,0.173436354341682,-0.0170137975380767,-0.110160123918721,0.0325850565031828,0.126645662748411,-0.287926730633545,0.204961915784821,-0.319921490051675,-0.0992818076755165,-0.346697760515358,-0.216371378476025,0.154251247602575,-0.317020479912294,-0.140076985425553,-0.07135532538943,0.198034677266989,0.0425789951422367,0.081095946281842,0.167508662169982,-0.0710870485247258,0.0719032438014657,-0.0337227492679538,-0.232602268040779,0.575058150543232,0.153777136525989,0.183403522178507,0.0109234183399375,-0.109015095619373,-0.145517348450013,-0.228356746777644,-0.0228980891705476,-0.140762061948453,0.0550560559431952,-0.195220057214866,-0.271291373642332,0.595118648263548,0.195930122759161,0.292363760906691,0.427140575758441,-0.257109120863479,-0.0616034719984252,-0.0125449249450929,-0.0510948246196933,-0.176203404689326,-0.257595656200272,-0.0420765117947952,0.120656498049574,-0.312881231690995,-0.334959854526078,0.0885125909293648,-0.372231055255323,-0.337227604364014,-0.062297101068256,-0.400736752191591,0.0810419363414476,-0.109520032505057,-0.331599539049761,0.33186474153947,0.0217720965577406,-0.137499298225979,0.113527572563098,0.38852712170657,0.395114771102926,-0.208907482049149,-0.247968359871078,-0.0395651783504003,0.0133660735399649,-0.0382489499547161,-0.224850520473714,0.115711985328677,-0.161084607954566,-0.277735018562015,-0.421668135723921,0.361837789226464,-0.00595666402611324,-0.11238729130419,0.0258944670565253,-0.216012966470625,-0.0814085014442607,-0.229464383755176,-0.162146497910514,-0.0934677573383736,-0.533016272940716,0.288921281875367,0.0369492369329167,0.0965292344572671,-0.0333345027654808,-0.185142342126788,0.0265209212063334,0.0237338563475057,0.0216217591380091,0.273307033204531,0.780477508760413,0.110924267519447,0.103635716523476,0.0139761466887232,-0.139668163712278,-0.199366575731926,-0.155248429269727,-0.121126618372185,0.0747950990259691
"母亲-亲生子女",-0.405767430731191,-0.211453153689483,-0.129391226574417,-0.214277881056881,0.004094970051453,0.038825163423029,0.22067638949857,-0.225605405154541,-0.194762974327783,-0.251031688802061,-0.0805597811529946,0.022955785115698,-0.299844505248307,-0.255449984218511,-0.161026872176364,-0.309463454603326,0.173472514972927,0.480676010660491,0.134680457343347,-0.158723809675041,0.227680378054748,-0.354611033522859,-0.291962326586263,1,0.215074995324006,0.0127441099238875,-0.201159174952893,-0.322185307509292,0.129943231647489,0.411316159107042,-0.461674674546965,0.0419451848459535,0.237540063135285,0.7022588417248,0.200132960468892,-0.297624430123397,-0.305132199710547,0.099797331362969,0.057368745723013,-0.133255500510256,0.208367023760141,0.269445945777954,-0.185499498372813,-0.0202022976018782,-0.0788098112376846,0.0140471430325501,-0.407720632482869,-0.0587068440244864,0.0381665325857698,0.437721423668519,-0.0785565349264569,0.540125352903539,0.474027715416446,0.220859501937105,0.658926450171866,0.525072462670908,0.183742777129219,0.0839575638521711,0.168842207677111,-0.134947526488959,-0.189257401835452,-0.107835309810709,-0.456164588328397,-0.383416825416358,-0.069218073901567,-0.303987932111854,-0.392692793563279,-0.266709376810348,0.0695604691164387,0.0521668072129064,-0.0593708742114538,-0.250818674918434,-0.315374498021452,-0.163127554427911,-0.1810154768164,-0.0448221951177373,-0.036670087237081,-0.363849354506153,-0.156794254810464,-0.142275537778489,-0.295243678189292,0.385647107221208,0.283137827665297,0.0995165872351844,-0.223925523097004,0.625510289084536,0.425294966975727,0.616541578664324,-0.253001834929564,0.407382897232498,0.496598895040826,-0.250421785004024,0.565292378900867,0.24933701271092,0.207532593704231,0.344840331639407,-0.256817077874924,-0.0164871035317323,-0.168770713938529,-0.298888333405212,0.0120856571770323,0.28105041366603,0.111868574225913,-0.324852794767546,-0.276018241824217,0.0761357844387719,0.013791167753765,0.0402727193086297,-0.0625369158356384,-0.152772009822762,-0.21020974760579,-0.161216744071723,-0.0311415621626701,-0.0573515436031399,0.172054831455977,-0.277424352567645,0.0420254327048081,-0.184189938151019,-0.461009215628695,-0.125233120234098,-0.0825436748918864,-0.139860310114328,-0.0465638357114597,0.16737377721677,-0.0763347715409812,-0.559006366031637,0.0159662157257748,0.0515315872698354,-0.0854006636122537,0.214859076653777,-0.0423590298245305,-0.150236847911766,0.135681543674739,-0.507614005978109,-0.322250460839562,-0.191431690336101,-0.249271238231798,-0.157995895060342,0.216454240578899,0.665979145647242,0.71937030992228,-0.0561484524285803,-0.337123563980782
"母亲-非亲生子女",-0.247316502735614,-0.360564353265653,-0.373448772278963,-0.384374889883173,-0.110831605901049,-0.258282920923624,0.066549881985016,0.290881082823807,0.0655707369595332,-0.212467215727024,-0.244877323324422,0.219382584431939,-0.25786551844894,-0.117304342862433,-0.270361222302091,-0.209064371945206,-0.0152219599580443,-0.138105192478533,0.287722922269284,0.0618319035040208,0.536050782495382,-0.189381963374547,-0.263205120348703,0.215074995324006,1,-0.285220583426225,-0.207857446835718,-0.0852410526832135,-0.095757467677883,-0.0627126319549943,-0.133339448402871,0.0234642967221108,0.529923012065298,0.331189870420143,0.462395965202923,-0.177282085940436,-0.0853267240530085,-0.0522861032366179,-0.248000805492619,-0.123047146406622,-0.0749627797283774,-0.073180461250427,-0.290017041705075,-0.234478264841925,-0.157646318863619,-0.203871574996866,-0.114709401531206,0.231338261327109,0.0364064356310701,-0.0625696545882682,-0.0527349567237444,0.461139194748176,0.0553277648509217,-0.143141170669353,0.309300994232855,-0.000183262005961496,0.181624838732113,0.185282619764644,0.50597570485695,0.0164350584033355,-0.00873757520550403,-0.0629597579802653,-0.10340988993519,-0.0634648387728797,0.232647084337329,-0.264414568127866,-0.229964806972624,-0.153517987425237,-0.0277482924567017,-0.0427336035605034,-0.17257640217773,0.265393613922739,0.054221223124439,0.0787978795521291,-0.274048016397105,-0.0224928550325792,-0.0157598364793643,-0.286087692689962,-0.33805933884408,-0.288757333741916,-0.154740044778843,-0.115535933889968,0.450330437307888,0.329241395309215,0.0205888437836696,0.216884827787601,0.328441583463173,0.127008239572109,-0.300348292644764,0.745824218584385,0.570160402850631,-0.254653434560665,0.209738659096441,0.624699926158738,-0.201013913817563,0.548758720459969,-0.300153008981297,0.00915111388131647,0.267579119795557,-0.290310721658806,-0.192415513698635,0.374690201178211,-0.23287314689399,-0.153618693816639,-0.229488967139969,-0.0746263266057398,-0.0707342181650275,0.040691712915352,-0.0228776314017015,0.0841971219065022,0.342974821348129,0.00259762796124866,-0.0841996509475988,0.00827561937548279,-0.0124733431241115,-0.328987956578798,-0.180403012872752,0.0402099659132695,-0.108671232514602,-0.00606911951061118,-0.163721863636847,0.0752283582491281,-0.220310684134709,0.59179595351283,0.247325430691711,-0.0811054472493524,0.143813974202067,-0.327814545430627,-0.130450372987828,0.437486134876911,-0.161749697327893,-0.069504484233738,-0.122186400679663,-0.161606338334163,-0.262913735928777,-0.266293210166909,-0.246527223278848,-0.171171263468239,0.525880403199516,0.194133206430857,0.163485413823685,-0.0979081386302792,-0.177129418182169
"同父异母兄-同父异母弟",-0.0277120413159272,0.172528273832185,0.183136065226898,0.138645855498996,0.0377451226874447,0.188925276173429,0.238990997104963,-0.248923961780537,-0.176097308851297,-0.139993337709703,0.224412932773349,-0.260341650304575,0.0988183224235757,0.0464277284085131,0.22501599198482,0.0837811397816862,0.04363421680535,0.0988413957633831,-0.270470268042342,0.00718075509497017,-0.347746586691416,0.442112249356348,0.502488400905202,0.0127441099238875,-0.285220583426225,1,0.298398115995865,0.258795557911505,0.00794020014862661,0.0449356707676854,0.14645465317512,-0.0451449378958321,-0.174642797528424,-0.0789279436618854,-0.391125894768993,0.106340369355289,0.075721748037414,0.166498250352186,0.394606545116612,0.260363880566838,-0.109559463351518,-0.173166695410714,0.248081899377391,0.174232640920831,-0.141314744586959,-0.120322891404668,0.0910687567791412,-0.34382500177709,-0.00315286767615453,0.0796701694350241,-0.0742394345101147,-0.219538491741497,-0.0267313097511526,0.0330497506074849,-0.148492033506236,0.0518289365071905,-0.222309001541391,0.0759424748282733,-0.182423508160667,0.256321474113154,-0.135606006576296,0.178458892523206,-0.00741617678293888,-0.076844831231791,-0.170333053235203,0.2638624853723,0.0404374604851127,-0.147407830492867,-0.151971933568291,0.0238864639367664,-0.160186868104668,-0.238833065772419,-0.259426341943833,0.0389067479001456,0.216529642175649,0.128611366687575,-0.00152648660681011,0.129367441036766,0.327379113632972,0.157794991749265,0.0167412614703271,0.123712181555585,-0.189332997118158,-0.318945135411485,0.0840788499793656,0.0483542920153216,-0.248332879284548,0.220614494723555,0.205741514205398,-0.282671467529648,-0.344012956480595,0.146007967974274,-0.144858802213803,-0.303925382134273,-0.137894695998865,-0.347159293453577,0.124660364985093,-0.134067974104532,-0.369854406173238,-0.0381730515246615,0.175995919469933,-0.196940742445355,-0.0588022100464861,0.076871938116805,0.066554095262202,0.144809755960809,0.0782814941933691,-0.118148106565274,0.300656295589563,0.0711563130619003,-0.314453418651944,0.0398924367183722,0.0292297727463083,-0.414331030589358,-0.25038398828832,0.3562991259772,-0.152911851113518,-0.0572925424903789,-0.0259658136682081,-0.175973724946399,-0.124992887998235,-0.248703693106015,0.116808247736948,-0.236938779867437,-0.51027218964003,0.0253762156240264,0.0447090316186141,0.502790535939207,0.214083412680335,-0.361005918338589,0.160746637316171,-0.244443100391282,-0.103581033891112,0.11304713505035,0.370197859589021,0.205358979925047,0.305931256768528,0.361310645752902,-0.287671174436545,0.0435167318917209,0.0967000975229255,0.0613146089308257,-0.125687492962794
"同父异母兄-同父异母妹",-0.143076396614227,-0.089837003539865,0.489479833253586,0.501882380930152,-0.0450673983797828,0.275450625248685,-0.148172556363631,-0.39132924073124,-0.29102086042215,0.307379517813151,0.0696956448389695,-0.329418851144278,0.610352911801047,-0.0304243312929612,0.616872101919168,0.240309015733191,0.211550614239414,-0.211269824464434,0.117596020593726,-0.143859761434486,-0.294942391731999,0.42106133776541,0.603502465785643,-0.201159174952893,-0.207857446835718,0.298398115995865,1,0.578592966569987,0.187777181550072,0.0467368845638356,-0.0166274310447505,0.0224755294635487,-0.148621746043424,-0.262030077709179,-0.0175789891662325,0.681463164734054,0.0665437172407606,0.128213470552189,0.404224928457173,-0.0233387062448468,0.188439002114197,-0.368648546430823,0.520678231972848,0.162750342997258,-0.0376138456719434,0.176504204021813,-0.0393415526229776,-0.332038045616017,-0.0222013648508535,-0.264839602398212,-0.0557697417006769,-0.367674704643766,-0.0452074557042643,0.265297277030473,-0.33331313103538,0.0155616715363276,0.017859051533019,0.0482228427086967,-0.0684800894870931,-0.0558469510950524,0.0250996644212749,-0.141040970067316,-0.0116470169781527,0.0338450910022416,-0.256342700260907,0.751883135581545,-0.0247286383349885,0.363353566639642,0.178448765108205,0.0455451002431008,-0.0383061409363393,-0.372149917353872,-0.294807751372426,-0.0689419406711173,-0.0052908124539751,-0.0772908267416194,-0.149683513527095,0.541576777327277,-0.0414551492624579,0.598367518439826,0.592074794494426,-0.362608918002346,-0.25400552308076,-0.0617701719974058,-0.152330231406048,-0.303229114295617,-0.441935813036301,-0.277021450413076,0.03523641782057,-0.348601800480227,-0.284671359384043,-0.0382419825086165,-0.325799980108449,-0.284022870165117,0.157997640696433,-0.326712175284586,-0.11809554133254,-0.342998226311405,-0.40999319246662,0.440685279744689,0.0652843217198154,-0.358586711426428,0.198932002694,0.371719657957386,0.726061664165055,-0.125216802094048,-0.119808051991465,0.102219754244791,-0.0748606267125246,-0.107042790637875,-0.285466633783433,0.287279850522613,0.0392439085259987,-0.364664833610937,-0.369716453111196,0.475842877916291,0.155514663893669,-0.0567043653147222,0.00108868688696592,-0.144266850218337,-0.00167269769459834,-0.323452887425293,-0.0599665417049529,-0.125335523253409,-0.40947114361082,0.145997569010211,-0.200917042468523,-0.00796533545661195,-0.0833285184291664,-0.246109752294063,0.124491992217029,0.152149641885472,0.150948549259812,0.0589083177867137,0.417281882456362,-0.0563317332875679,-0.0972916689380649,-0.139231177333941,-0.385687198588302,-0.0919724715682677,-0.339163592509517,-0.170605493744831,-0.00836184767071527
"同父异母子女-同父异母子女",-0.0496393225516404,-0.0521968180405957,0.289245619885059,0.219610145869317,-0.252527680089808,0.0659182484203406,-0.332017788464732,-0.226534284313368,-0.218031084571208,0.0924734014488952,-0.183548240546675,-0.402983826406189,0.429833295204044,-0.201292414693222,0.412085104271534,-0.032263523354885,0.0450757021336795,-0.260352923620132,0.121532651066849,-0.0840141215908844,-0.262660879155697,0.495976497824301,0.618898410115265,-0.322185307509292,-0.0852410526832135,0.258795557911505,0.578592966569987,1,0.1800742429282,-0.0997984756516542,0.0114787450971801,0.115060712126337,-0.221984625309497,-0.32292864123435,-0.0144099081186435,0.51980874112543,-0.214593406176311,-0.138657709954174,0.124068774678638,0.104177538386395,-0.0354841441733945,-0.424446479186099,0.221979860712051,-0.106519988467127,0.0203190444401893,0.246497547665249,0.0823862355619798,-0.177329143161656,0.195230951427508,-0.368867375641596,0.0236942933073243,-0.3382315615626,-0.0801810936447475,0.176570944879766,-0.304914105744125,0.00450885185578124,-0.040762230183399,0.175645009583603,-0.0429227980957085,0.252343925461881,0.226451070912794,-0.000951598677037564,0.0654489025559529,0.0537214490475133,-0.187887475505044,0.681272549066617,-0.122000966079607,0.222537269930261,0.158998977842286,-0.0561850041718445,-0.0244714100439625,-0.107831074222609,-0.106912751141953,0.0217772198487824,0.0151993741878223,-0.00418445141084882,-0.178416229487009,0.668593990023488,-0.0244997540396397,0.281693764765055,0.541518188545934,-0.218829230247046,-0.143132130189166,0.020727538592772,0.03644420161,-0.143480074648475,-0.232258459122147,-0.0289568480639355,-0.00195734818477109,-0.269382200082266,-0.350847422134633,0.0734619755001622,-0.206299020855175,-0.149351180333829,0.0722676013809875,-0.305261217853286,-0.060073418684678,-0.198271040934452,-0.318205661950288,0.283728354773882,-0.141251192062399,-0.218448281293391,0.259708145709118,0.189893688297533,0.534378853576778,-0.100003016810045,-0.0338532594103403,0.0398828798773602,0.0628968880376081,0.0103579743345508,-0.038786381455045,0.0821137815414489,-0.0478130141490405,-0.38711703865692,-0.41913309747702,0.604242158826032,0.199584607155566,0.0777388039612793,0.0804432896613464,-0.119269044668168,0.0223310288796688,-0.424303286368493,-0.275142201626972,-0.0698313954896385,-0.453437791772898,0.181938770995039,-0.330359686209753,0.041500743166366,0.0561190797800837,-0.139067635054583,0.136951704043712,0.156125782697688,0.0210021789614162,0.0110338535253476,0.46515840917116,0.0510732878901811,0.0727390701805263,0.0368726003582988,-0.180777983694208,-0.237529058882015,-0.183567478319562,-0.11473140706831,-0.170997417694573
"同父异母姐-同父异母弟",-0.419415060131394,-0.406190756065559,0.200267889255675,0.261228415061184,0.182094477778112,-0.0072318575400864,-0.0835993966596035,-0.319192074940014,-0.217735265392227,0.0594733225769118,-0.101498788417108,-0.282005389689281,0.142922491166192,-0.476785575426954,0.138493437398292,-0.108420400731803,0.667402008540147,0.37934448270473,0.132597015546049,-0.0407574705432429,-0.0501307645484708,0.00522552037124332,0.134315409489108,0.129943231647489,-0.095757467677883,0.00794020014862661,0.187777181550072,0.1800742429282,1,0.652782959672848,-0.358040617054394,0.557959165504444,0.0361295617866559,0.201049548261225,0.116620989556416,0.141557799623877,-0.349185133593776,-0.0741159965532535,-0.00569613031610915,0.0729979029175492,0.762458322658584,0.224938267290648,0.193728738655914,-0.194941700670901,0.261889261449455,0.25876996727998,-0.529951182195856,-0.271390196670327,0.0279395671915974,0.396607556079668,0.224382487541356,-0.042282678031592,0.36414604906348,0.51191007388267,0.0315569025833129,0.370499131934109,0.0799949289167087,0.166137693815786,0.0114644539942511,-0.299058094850648,-0.136364992417025,-0.252530743248921,-0.392871677604552,-0.477561062856878,-0.265023624145204,0.14087613691076,-0.164459721392198,-0.135821405712218,0.659909266984964,0.232138507473857,0.259364318440147,-0.365949717577212,-0.277193167712524,-0.11695053574211,-0.418076117874571,-0.249217193848319,-0.233941678115309,0.117881189038426,-0.360373163579931,0.202220574425575,0.0686501389681662,0.328319445358771,0.00227053339912688,0.090022769934634,-0.0885986309303839,0.081076776300102,-0.0782807439083479,0.0916329317538434,-0.43158142640359,-0.0870498662527354,-0.114960901571822,-0.408539236191867,-0.0659596226181381,-0.166085672233245,0.431341408950157,-0.146648081369967,-0.408561932208524,-0.380287442791611,-0.288849102927009,0.0178786705043556,0.101013914182951,-0.0325218281336861,0.371846788753363,-0.0984017738467206,0.214524776363498,-0.286203417073566,-0.270548750371588,0.718617198362249,-0.199857431205071,-0.236255091541435,-0.219943551194552,-0.121705971298615,0.06874901392655,0.0784630589015455,0.216600620761318,0.0672474855905254,0.281718274275349,0.0422313362451206,-0.470644427835918,0.0750368854485978,0.253368211507028,-0.103349865452229,-0.324671032224573,0.112462676214831,-0.241039789507969,-0.230246243691883,-0.116033709763311,-0.058318395243769,-0.0730467921783875,-0.0578445392034733,-0.07349087146287,0.00638073293885744,0.728946889992148,-0.326494670419164,0.0242039219158925,-0.465157110252274,-0.409362601455533,-0.330393366619493,-0.0837331709156481,0.254920809095382,0.155544347432734,-0.288880278156038,-0.251279952256895
"同父异母姐-同父异母妹",-0.487036314620381,-0.261799193184329,0.294668246103633,0.0530727594935276,0.141495317742596,0.338309630613281,0.0077252133850354,-0.312051478697589,-0.246073913654034,0.0365130144470996,0.145064869456397,-0.131464015268227,-0.0730914897195611,-0.3644637843957,0.236692879705007,-0.15283854106616,0.39019925977134,0.608533143169967,0.0380238153330697,-0.0374842109392932,-0.106285455927825,-0.310266264600766,-0.190233237286994,0.411316159107042,-0.0627126319549943,0.0449356707676854,0.0467368845638356,-0.0997984756516542,0.652782959672848,1,-0.407772044234931,0.258261847133141,-0.0906570865459809,0.384718523717729,-0.065204662017651,-0.108158019482172,-0.373790347689134,0.087661209889166,0.294234169034896,-0.0862205664246447,0.74454605564403,0.376775673893471,0.298706594381718,0.139079404279684,0.115751176753976,0.106336789816862,-0.524322174267191,-0.166366374235567,-0.0534784372708434,0.749949604782143,0.0974023516702718,0.0274360279748733,0.444715626849542,0.351577986112101,0.10944305686551,0.453442461291538,0.137591070450954,-0.0518071957895527,-0.16041763024532,-0.248211664462313,-0.226978714588917,-0.173646162225629,-0.352803113364597,-0.40006789966267,-0.210953767035196,0.00855811225616673,-0.278186945759736,-0.220584878971129,0.421434696082433,0.129818799683014,0.132120950590962,-0.384477434236904,-0.379044202595354,-0.178961045285971,-0.0752110516603262,-0.0719579044533292,-0.140836376153384,-0.177770490629358,-0.139509409221475,0.239127303373092,-0.174748333656786,0.559822479050378,-0.143025537162178,-0.129122644900084,-0.150532225656968,0.252715034829102,-0.0727579187257266,0.177346992815028,-0.285247101013239,-0.00384725610708301,-0.027301048756755,-0.277853532488594,0.035292446148278,-0.178054245149081,0.382296860882145,-0.111473507924058,-0.304509788268286,-0.299488630358082,-0.212406072506461,-0.112540373315262,0.0682725582363375,-0.0208110094056382,0.265715006734105,-0.246883199767895,0.0364266996479853,-0.0447613138187762,-0.153391616898547,0.421186282438002,-0.157277560603144,-0.208798805739935,-0.237049717955663,0.141027376857415,0.0215821519964784,0.144229942621383,0.393273443834067,0.0425664038077764,0.16182488675619,-0.0726419303329441,-0.482919530010699,0.0451890990992889,0.0997937336465348,-0.147949725818622,-0.0692442181783944,-0.0578050265101686,-0.127135834513654,-0.328087461405913,-0.125668162453214,-0.0437965925078232,-0.0688884138341026,-0.184207296952308,0.0758077309292942,-0.0170977254819693,0.490883748173715,-0.398826218102013,-0.224769518267659,-0.357252509579905,-0.218371094670226,-0.11918523866896,-0.150489508759645,0.440257178877851,0.308693982412923,-0.204163975373525,-0.234103674871183
"弟媳-伯",0.661397039671328,0.390250690590007,-0.170915305334768,0.141847433200319,0.190399489054824,-0.268224004297121,0.100847510827695,0.397846583275831,0.429297351744578,0.0882307142279372,0.234715765071734,0.145912169727976,0.0122536121457809,0.550637165741916,-0.172253113676872,0.457169594034004,-0.246865718106031,-0.379748619414988,-0.310859116990859,-0.0398576239001776,-0.132629123246676,0.337752333006633,0.255012023196211,-0.461674674546965,-0.133339448402871,0.14645465317512,-0.0166274310447505,0.0114787450971801,-0.358040617054394,-0.407772044234931,1,-0.230753820774767,-0.0362187263231357,-0.4278255965336,-0.332606122670454,-0.0264508178573163,0.661326661021002,0.0259756192262991,-0.209267649746649,0.412758113050402,-0.351779762753437,-0.074552305846758,-0.0406657907461369,0.086746729187069,-0.342130584920427,-0.326397003635318,0.644726679171833,0.00384120065849008,0.00923791019415291,-0.30733570461729,-0.363655991089041,-0.16188991615273,-0.410980481690112,-0.337535737583115,-0.407316671700223,-0.429171109570193,-0.178729125282113,-0.12386625244627,-0.169184992065925,-0.12790713047526,-0.105796143727818,-0.032668739660439,0.72537727571044,0.499391587728813,0.0950435060519165,-0.0385899732055296,0.524223438447694,0.0885537472125325,-0.430647503039524,-0.060071732853211,-0.344550281934229,0.353707102446922,0.386139201517699,-0.0994774740016028,0.217717831330793,-0.310636618196799,-0.136460317017107,0.0915958333672715,0.353691091132263,-0.074004351836373,-0.0118598155441162,-0.151081165696468,-0.166577600780917,-0.270961100526338,-0.000419274022146614,-0.304697878858031,-0.0691717429311073,-0.239252474960145,0.44737285315762,-0.139189351003885,-0.132225839769835,0.277256977764347,-0.417059934827999,-0.17214131364716,-0.417015688382743,-0.15769812381834,0.399715508545814,0.245973292332571,0.335645161027436,0.0973979940980899,0.216427856233917,0.142794236029056,-0.28907091923185,0.290199914072285,-0.0947509653352456,-0.268629536458132,-0.227779132634151,-0.321263044280422,-0.0345360578646726,0.00834920687253811,0.167284454186365,0.0819662247032761,0.0176268635355011,0.126526244850181,0.0510485339019558,-0.0121256425348089,-0.350165131037091,-0.295814461594348,0.503568684177323,-0.257151434718824,-0.336031277694032,0.307010622787091,0.239591325217794,-0.148318145248375,0.198328779821635,0.550701569155414,0.388158535353825,0.18999577853413,0.265083249867931,-0.214272127276558,-0.215008183490273,-0.241396867321668,-0.318032829695322,0.771660662970548,0.395467686037659,0.276582206395064,0.354699646812661,0.268617296337111,0.0124429292621898,-0.386424328140042,-0.289871470276486,-0.00281014057599033,0.486459461815414
"夫-妻",-0.253963342539514,-0.488584177254555,0.0576154918572623,0.10803114917063,0.303203832450514,-0.0818453561895364,-0.301890236414615,-0.280817717729056,-0.133582328940093,-0.310533058228394,-0.371873075661768,-0.330014002252451,0.099605034629637,-0.434334594534272,0.0213063009895292,-0.0245869680793488,0.653367526005431,0.177152507923617,-0.0448401236696004,0.0923437300701217,0.0704845538614287,0.0954824942691156,0.0183663237356267,0.0419451848459535,0.0234642967221108,-0.0451449378958321,0.0224755294635487,0.115060712126337,0.557959165504444,0.258261847133141,-0.230753820774767,1,0.131683067996955,0.0514434132606972,0.04650250092228,0.242531874172665,-0.245458727792787,-0.0321563615782731,-0.0565356126541673,0.327803763100941,0.372619883935814,0.113032339520823,-0.0136341221222629,-0.414415977863836,0.217583418902098,0.239335288504025,-0.390599776562155,-0.191284656600663,-0.266088684683904,0.186719738317974,0.314400876685278,-0.0412140551022463,0.243112113571763,0.384424998423731,0.0518983990486357,0.258512561764785,-0.268917695938709,-0.0340203258522398,0.0632905458665356,-0.182300530203667,-0.131955606401895,-0.290187972676577,-0.182972721670135,-0.36247521209397,-0.240130492936946,-0.000352114785074536,-0.00796008534069403,0.156967612364485,0.594000029619863,0.574442190031391,0.211970701323701,-0.286783069983099,-0.0668860160382041,0.113874265666115,-0.443668390612689,-0.20503207696642,-0.17971288143355,0.128356619544623,-0.447547653479805,0.0409329605409443,0.21926497188919,0.117781331411852,0.128771500848728,0.0654570015465509,0.097527748797501,0.020702435382457,-0.0801713696675768,0.0418029812889138,-0.421764189166935,-0.0595513693557967,-0.029721478159962,-0.359187966815772,0.0409197711571057,0.127063394145333,0.319044643400494,0.0372897874291888,-0.433093989988552,-0.40040123499119,-0.313237547427521,0.200823016745325,0.230667974612765,0.0440077254261961,0.269659357411492,0.0990568036360021,0.118688100127921,-0.199620905740106,-0.123709186697503,0.744981767143087,-0.231475869253697,-0.106430677534646,-0.0822388508268233,-0.388130165948899,0.342785224034565,0.139745387098394,0.0751779776595434,-0.0123576811547659,0.228421033488855,0.258440324505238,-0.316479364997699,0.239409412586339,0.190859936482594,-0.11463030685691,-0.43651128352936,0.118893795791163,-0.198577850032975,0.0964929727093699,-0.282696720313487,0.036637844409088,0.085251576569064,0.174890945566859,-0.210840612016433,-0.0826070834682116,0.62356383024585,-0.154634799993446,0.0519695365295176,-0.388741799158608,-0.404553478555009,-0.420942490046333,0.0417488905584434,0.0749122346785614,0.0532971599682568,-0.271050671234991,-0.0364586733304623
"夫-妻",-0.21490019584475,-0.33434830746345,-0.300384932764787,0.0503178590028239,-0.0552595969128691,-0.329052774790502,0.317735253515007,0.138198180944616,0.325787898700374,-0.0548781436355125,-0.0262603257521757,0.181228235493189,-0.0104715209919533,-0.139536335858852,-0.289751511475742,0.135036515477073,0.199193647670683,-0.213273505609415,0.351084785067439,-0.195642724694175,0.52796810546459,0.0429110540496519,-0.0156766438957634,0.237540063135285,0.529923012065298,-0.174642797528424,-0.148621746043424,-0.221984625309497,0.0361295617866559,-0.0906570865459809,-0.0362187263231357,0.131683067996955,1,0.200143686932658,0.597447174860564,-0.0511804722193934,-0.0205067588969096,-0.194339168440902,-0.261259659607382,-0.143982767752143,0.0450343754789023,-0.163297272455379,-0.187138019785424,-0.125777815973195,-0.251831401873612,-0.264552634685133,-0.22517822848037,-0.00794502862967055,0.213573809387988,-0.0479177222458371,-0.0944439929630912,0.315644812108324,0.0300484605347373,-0.138314568811021,0.300661767298165,-0.00137723730884831,0.441883744205929,0.41302483449951,0.613798143985487,-0.315688522186236,-0.0424562050836338,-0.343449288909659,-0.139983550881657,-0.32633357029478,0.0896482992461599,-0.274250278403824,-0.0429795324009157,-0.0049105141977923,0.0591350007118031,0.00595837445357539,-0.237935509366436,0.0518613009852263,0.258679401308253,-0.234512982722887,-0.316865533556074,-0.346925590644966,-0.291172976049726,-0.237502394331794,-0.161548375488699,-0.154107155643336,-0.123401051420737,-0.134163075576866,0.699255693973121,0.421276766372459,-0.240391189016417,0.127384742123875,0.300468610352881,0.0712792471252683,-0.354533399641818,0.539501740071527,0.584576172564033,-0.385848255824811,0.0908818116188654,0.460778661248293,-0.218458140630593,0.556981463993995,-0.281819306825642,0.0398011082276676,0.153397762529059,-0.0196719364332971,-0.116171993696289,0.48081482749441,-0.242138851427131,0.0966153355580171,-0.11804869825857,-0.27844944402473,-0.294381859827322,0.149214837791813,-0.272004294326853,-0.265548257749895,0.123967944516504,-0.0259995135854029,-0.20879610150263,0.112850876903099,-0.14727088999831,-0.406389946236519,-0.229199887198103,-0.196975730549428,-0.355969150678949,-0.117066718262478,-0.250662303616204,0.253350305241496,-0.251259250792062,0.771838913004787,0.186955628798687,-0.0036233194735316,0.361242141930247,-0.350113353243974,-0.358431235939643,0.574636608444428,-0.195359860788123,-0.0705383555761062,0.0930483578462636,-0.108845844470943,0.0186596530651008,-0.328072308494629,-0.257779928212608,-0.261793026317473,0.562854385693112,0.236251560118784,0.169059156669896,-0.258391525776913,0.0398219868095661
"出轨者-第三者",-0.475940269187461,-0.245948566420146,-0.160134302151111,-0.294132462394083,-0.0346444908294971,0.0606746179098752,0.15477773478723,-0.0494288137780671,-0.24132097438733,-0.325521484788449,-0.117627464250873,0.047223908043886,-0.269615022896744,-0.239818368380786,-0.101437459412918,-0.364794386293161,0.152743631709278,0.450363849638326,0.0294211730584361,-0.113009538540437,0.259420784309967,-0.440229589732982,-0.358375353871715,0.7022588417248,0.331189870420143,-0.0789279436618854,-0.262030077709179,-0.32292864123435,0.201049548261225,0.384718523717729,-0.4278255965336,0.0514434132606972,0.200143686932658,1,0.157807055399992,-0.26535047636059,-0.321920358946776,0.0171358383231516,0.021411606671455,-0.105482065700041,0.231159047782544,0.224359318277937,-0.0830966801772522,-0.168537865091319,-0.0307569540417261,-0.0148059841907343,-0.319539537453409,-0.0237715830721629,-0.0227031573658838,0.493257122629166,-0.154878897604781,0.408501177301345,0.654547006135452,0.242605062651511,0.655333530701012,0.540494495937521,0.0980144617365357,-0.0716789062109089,0.0868615119051691,-0.0741181893553231,-0.152023968241179,-0.0141965928703887,-0.459540824648328,-0.308227752962386,-0.0557822895015596,-0.266526654096695,-0.412635868056016,-0.24597003401864,0.177759065713897,-0.0103465956254802,-0.0239942765640202,-0.103357451202969,-0.27688156338565,-0.22539027976048,-0.174009537176624,0.0282883557470075,-0.0555697133315165,-0.295932269917964,-0.151833786894136,-0.114252306849416,-0.244573939564488,0.461429458218133,0.18831678781513,0.117714426029646,-0.143928608947919,0.694659228539793,0.441226464582289,0.518297114169967,-0.150498386217537,0.380398280329797,0.328840920777937,-0.236124869573853,0.538210595385507,0.286787128855931,0.261838335075689,0.295162832601071,-0.200553376297736,-0.0857800135207126,-0.179927583921194,-0.385567566995759,-0.140444700528571,0.228919086519461,0.2324604365155,-0.276126731408052,-0.203321163859008,0.0258817715128558,-0.115190068166318,0.181328858501056,-0.0547495757677245,-0.091346854962909,-0.207012403091901,-0.172786077569081,-0.113432928904804,0.0697986930691401,0.23265237158333,-0.17373148514119,-0.00496474960316752,-0.195588049711557,-0.317878325640248,-0.154792551772557,-0.0286334715654578,-0.153879360710887,-0.079800639492876,0.15537941991051,-0.0517550631481428,-0.40535559230221,-0.0880450886467792,0.00804336270107288,-0.00156864755319125,0.13341554005574,-0.0857068400906492,-0.139139950768793,0.166331383702648,-0.485109700037396,-0.380271347332526,-0.273154664909763,-0.174601772683361,-0.162759894947792,0.260667695601198,0.702467986417541,0.666014215564363,-0.101245654197222,-0.350491007348915
"夫-妻",-0.243379340032603,-0.253721421669556,-0.194367172843451,0.011621861788685,-0.360710303283363,-0.310640938468311,0.183788599411342,0.0926024122562202,0.227090986322744,0.212213872350183,-0.0425946038103062,0.139980792050252,0.000944030214791131,-0.303902607897937,-0.199993158820699,-0.0812957008566636,0.0571212084307905,-0.208315198403159,0.662681113684064,-0.219919818397345,0.582635395331991,-0.00860330663312541,-0.0194796005343262,0.200132960468892,0.462395965202923,-0.391125894768993,-0.0175789891662325,-0.0144099081186435,0.116620989556416,-0.065204662017651,-0.332606122670454,0.04650250092228,0.597447174860564,0.157807055399992,1,0.0422551858096371,-0.195479862873918,-0.423426001078868,-0.292027127258325,-0.415614469248402,0.0709829135668672,-0.306084196145323,-0.285072898596143,-0.10019067679924,-0.112135392368445,-0.0739389987684399,-0.345627826761128,0.105489838443056,0.446585975479605,-0.185686932540345,-0.0297096742303885,0.288195691992432,-0.049561742939689,-0.0458467571316562,0.248073565069108,-0.0223885037730007,0.556123094520386,0.493642169330125,0.714729755743676,-0.211341096732925,0.171261294242317,-0.315743752823538,-0.386623805827485,-0.32801883642297,0.161079214900836,-0.0789176919289938,-0.160586777429956,-0.0471862921259995,0.175747131836788,-0.208468676385359,-0.100835886146013,0.105721929844687,0.249328604496827,-0.224249473939511,-0.185308758356065,-0.256512738193716,-0.20915410642747,0.0134038956287612,-0.16343349215609,-0.116753804467014,0.0815770775152532,-0.261007554018799,0.672530093809663,0.778016330949565,-0.266852443048622,0.134971143175683,0.258007244895611,0.0311834127812857,-0.306574439642949,0.455172741518211,0.384332705496536,-0.224644286962581,0.169319241046712,0.361158371941371,-0.103230179347157,0.410646232049049,-0.206160015909738,0.161714559375329,0.182443233727008,0.000179790898192902,-0.449155158202834,0.267813451187339,-0.107858062591024,-0.10937771651956,-0.0229329159447608,-0.202450299122373,-0.195263177480732,0.0971675155173867,-0.27794785873375,-0.256703378059303,0.230326880652946,0.104152194054248,-0.430277087955892,-0.0721664290616251,-0.309225774327237,-0.265339439598288,-0.0798458466796158,-0.114395835229565,-0.341761611865107,-0.0815539909918968,-0.106703426862864,0.217037959936037,-0.203050748861355,0.700849670697368,0.211049374089709,-0.209817705539563,0.0881000427543943,-0.494982634423485,-0.519745997243833,0.686833105048236,-0.107634691140366,0.135557069629549,0.115528437774505,-0.274331685755468,-0.0473650476376463,-0.164365878484568,-0.236727820932733,-0.239862344373017,0.526892355386401,0.0894049072114987,0.0926797997641928,-0.221606414242111,-0.0852889337140783
"父-女",-0.122246300881928,-0.159690752531182,0.349820331508039,0.539058139143268,-0.0391439329620461,0.15717140044229,-0.309743052164244,-0.345640364195367,-0.228947449279414,0.186025419237966,-0.0163015424548066,-0.288508598636996,0.700851653378445,-0.00164967470408617,0.542521468225552,0.278742146374344,0.233071418112157,-0.336556333180326,0.101392931411225,-0.0957281204144987,-0.177051439070632,0.444764226288063,0.545614565720665,-0.297624430123397,-0.177282085940436,0.106340369355289,0.681463164734054,0.51980874112543,0.141557799623877,-0.108158019482172,-0.0264508178573163,0.242531874172665,-0.0511804722193934,-0.26535047636059,0.0422551858096371,1,0.106033311669632,-0.0133718048350156,0.277077783067311,0.0254634535914206,0.0686132466085083,-0.404888660314239,0.426290659570587,-0.0734308348569875,0.0143915189442648,0.14292787859139,0.006996188300106,-0.233648657965628,-0.134497805166635,-0.259215329298406,0.00109274360858464,-0.424010835030886,-0.0696242102563325,0.244097794001411,-0.28592376281268,-0.0856336777895973,-0.107256726219435,-0.0317216498927853,-0.0297127320431789,-0.0834509397739045,0.19977014489674,-0.161661953124876,-0.0041583991839488,-0.0285806646676554,-0.250952182228254,0.63842921796426,0.0428432522502456,0.485030681363393,0.227404703723577,0.0192656931518694,0.0210812425857606,-0.355828475743076,-0.138232192872576,-0.0719482975106968,-0.0867739233955485,-0.0360540534151424,-0.14494519029374,0.640099836849794,-0.0787693509045562,0.593704292374826,0.709103784714405,-0.373200021085423,-0.118570574668044,0.0305349461931304,-0.109118470895275,-0.294719389346371,-0.374904421462994,-0.34191180714811,-0.00335930922455817,-0.314485541186356,-0.297683647523887,-0.07044370444925,-0.284829877065321,-0.217302243488768,0.169273613670391,-0.315056060744315,-0.0808152472598665,-0.375189712281448,-0.481251041706208,0.496217420775256,-0.00269158126059931,-0.311478055386963,0.196401483599499,0.488480632661471,0.719992481674865,-0.0812640106025889,-0.0920097129093077,0.166736613888536,-0.0911307520294258,-0.114114126434939,-0.255226359527425,0.145968076776698,0.0130817101704767,-0.209525711736889,-0.358496178551423,0.370676073261723,0.114466546845929,-0.00421101099229307,-0.0350391817825749,-0.0321685904178184,0.0425541200760745,-0.332535324333596,-0.152837439226637,-0.11302637832235,-0.41797388541507,0.322807679742065,-0.32322153655355,-0.00422035473263272,-0.0512607027045697,-0.0906661684523364,0.16078836843678,0.272001083337477,0.126019065325262,0.0271840525622353,0.418356270212029,-0.108610920154224,-0.0847911158220431,-0.196520896757095,-0.25482998202477,-0.194144506638853,-0.319752350340875,-0.197674423416941,0.143765680098594
"父-子",0.582229309234259,0.348836165738671,-0.172706423255986,0.157391033311491,0.310390428940052,-0.200551753088257,0.236221779799507,0.279768900638829,0.292670366750649,0.225088950904393,0.365740201205762,0.345594000605258,0.0650875887372429,0.71408954680897,-0.107107014014816,0.517646946335349,-0.207993477493743,-0.262524849866658,-0.269080130629115,-0.0820171385562,-0.017841252295519,0.223678829069941,0.143534565701725,-0.305132199710547,-0.0853267240530085,0.075721748037414,0.0665437172407606,-0.214593406176311,-0.349185133593776,-0.373790347689134,0.661326661021002,-0.245458727792787,-0.0205067588969096,-0.321920358946776,-0.195479862873918,0.106033311669632,1,0.182057932059186,-0.0359577686533211,0.188776090415482,-0.32099652924845,0.0379008251210328,-0.0607551163856756,0.12810216777764,-0.381620076524814,-0.341590584713875,0.537535366349958,0.0373012745425744,-0.188457479376427,-0.226944540631005,-0.309482271082792,-0.0479638274284025,-0.43205049010646,-0.263322964111175,-0.320356213324024,-0.444226213654206,-0.199139999459117,-0.16956273070481,-0.142149007835188,-0.250682963683812,-0.174618953841613,-0.0941429470773421,0.571478731592333,0.487390901604513,0.296882647999129,-0.130309924354043,0.608842130395073,0.128043488640559,-0.431875384043044,-0.0981621197952958,-0.35497918462644,0.198729284856116,0.192719128705025,-0.0292201901473212,0.158680489315302,-0.202943219163534,0.040935216534942,-0.104542094308155,0.241645581320697,0.0349479201783652,0.0407106234518236,-0.268245203657453,-0.116934257699985,-0.192264443769912,-0.15809338411363,-0.402241905843225,-0.197607272479963,-0.408224709662737,0.431333934692527,0.00336974225112865,-0.0108138726623452,0.301358079810971,-0.342970414894317,-0.246380072074506,-0.386674895019331,-0.194289120583385,0.362799086810954,0.247680486358712,0.222155197486009,0.106058920082444,0.323823539419207,-0.0622555702079848,-0.434951303457884,0.28948262101051,-0.0599955371025227,-0.155870497483938,-0.141401005584482,-0.339849412852986,-0.0158896453949069,-0.00817693923398933,0.14294877563284,0.205809172469502,0.106014023290011,0.0842971294832359,0.122401982941309,-0.262262216304101,-0.351896599285406,-0.303695527497882,0.398294032132732,-0.234185641578053,-0.355713895393005,0.391460521763861,0.459096952513919,-0.186448770318589,0.255163932791882,0.381217898508772,0.491023945402135,0.175220147110405,0.105890302728812,-0.177979164761917,-0.184862332297404,-0.233499421142759,-0.336112377478627,0.630508336874363,0.238854365401714,0.272759466513718,0.20171637501267,0.152300666242264,-0.135528686640007,-0.342533548619918,-0.371668334862451,-0.00609941701982952,0.616164173628137
"高祖父-玄孙",0.000818673928067195,-0.00375553817152112,0.0372770967944708,0.014831718290524,0.567670440133695,0.337973032128907,-0.142192015153269,-0.174094496772399,-0.333908831048743,-0.276259475931263,-0.197754336208326,0.0399188021911519,0.0309585548286828,0.285696180596894,0.205099824205636,0.104838999720909,0.214730226031455,0.160002729618314,-0.375409314174423,0.209555993922027,-0.23355971226761,-0.197094709679158,-0.118204237415091,0.099797331362969,-0.0522861032366179,0.166498250352186,0.128213470552189,-0.138657709954174,-0.0741159965532535,0.087661209889166,0.0259756192262991,-0.0321563615782731,-0.194339168440902,0.0171358383231516,-0.423426001078868,-0.0133718048350156,0.182057932059186,1,0.434618803336475,0.264626644915003,0.119205771688871,0.308677862566081,0.227938520337983,-0.0580024661429339,-0.0635587389734607,-0.137029919972569,0.0723638882472116,-0.238151637848877,-0.464828308682653,0.139745795992756,0.00936956030037263,0.0481219530371632,-0.0774725650589456,-0.0930698129857372,-0.0148430012278159,-0.0736080350026339,-0.285858535419643,-0.440433936720405,-0.309164845350817,-0.0611982619269613,-0.296237731592607,0.211437564617569,0.177645498434201,0.295558585550303,-0.0557460001902472,0.0756219344191811,-0.0315380115346077,0.0385066106577507,0.0439664598088517,0.353370054703453,-0.0479402582420551,-0.245917274895214,-0.457341331831881,0.164050483913912,-0.113407173213741,0.137550144084706,0.262967836553855,-0.13382625940653,-0.290001268902151,0.163737615289204,0.00026583720640179,0.0985273880543043,-0.34125744240479,-0.443731170466451,0.109336590624381,-0.127294818756595,-0.097290728025632,-0.155628324854795,0.00520924571249064,0.0162555917658819,0.0935936526915238,-0.0555501489444111,-0.0776148927641777,-0.118560386646235,-0.0181140172525702,-0.0571563828162575,-0.0813919060395011,-0.119955156729453,-0.111249961585105,0.101206456520173,0.665211253605744,-0.0561934705173891,-0.108611195387689,0.0343806546112289,0.134930051233226,0.179080590588213,0.149345960166488,0.0950674070776652,0.178616890211354,0.212598481703063,-0.294953162089601,-0.180202650780887,0.599530124851509,-0.0942748694764488,0.35495786935677,-0.0517083688854154,-0.0820777846268257,0.0417460280685905,0.141431442632158,0.100541372349023,-0.0449722390860154,-0.2433272937411,0.175408192751763,-0.324535603134579,-0.101967101006133,-0.0925270497017142,0.0431514709866178,0.513588892803399,0.524323268124212,-0.343009796675014,-0.132827921467886,-0.15835416289059,0.0845341235515591,-0.00815251207345493,-0.0643395278753442,-0.107807629416877,-0.194340926650314,-0.100363511570879,-0.288041330524664,0.0925582178147195,-0.0153046942477951,0.265551960096275,0.0202872978286801
"高祖母-玄孙",-0.155415865312351,0.0868576942554692,0.501610983941266,0.252451557568085,0.151483066885701,0.73469116408931,-0.101290222333824,-0.39527678677053,-0.361229884378719,0.0585294652475893,0.225316128473696,-0.15519427493144,0.295589008674538,0.0356954579696408,0.669968605559128,0.180121023767725,0.0465005202968494,0.165097217404715,-0.154290442279114,-0.0354459413324063,-0.226086465928375,-0.0421070732903659,0.107560291704143,0.057368745723013,-0.248000805492619,0.394606545116612,0.404224928457173,0.124068774678638,-0.00569613031610915,0.294234169034896,-0.209267649746649,-0.0565356126541673,-0.261259659607382,0.021411606671455,-0.292027127258325,0.277077783067311,-0.0359577686533211,0.434618803336475,1,-0.040870057123793,0.165775896684691,-0.100997996839685,0.585204338507004,0.303916397208701,-0.110847634104128,-0.0727864210969658,-0.0717782893018488,-0.318667919944167,-0.21127638111745,0.238035432046538,-0.0402508301691413,-0.302888024320827,0.0852381246102847,0.0775213207854366,-0.133096344574551,0.170078588802893,-0.130381315432093,-0.326973054511413,-0.307433861759444,0.0040228826016898,-0.111056387137375,0.053450854676586,-0.0271518066675028,0.0534172610897452,-0.175921791352953,0.411674845437417,0.0167240759803093,0.180601407042721,0.0230548414751892,0.0594948123330281,-0.0960547217152741,-0.439756878267056,-0.400126728201517,-0.053768347752275,0.303486452296745,0.213310694768685,0.0353875541102701,0.176433844817078,0.112408076857147,0.526310781154601,0.141714287606527,0.0383088106153843,-0.388472384070394,-0.314387673798821,-0.123245657973324,-0.070089640287373,-0.396059763457842,-0.160235076667875,0.0753069922224463,-0.305042362105191,-0.288986605372656,0.00173270259328228,-0.198800256991152,-0.41925345039431,0.110254446546529,-0.367347903253536,0.0397654785692305,-0.258777228232806,-0.345377410251628,0.229005446675772,0.210710218504254,-0.259514666532453,0.0531442981064704,0.130296340876938,0.416313115477507,0.187878640973783,0.0412837441849862,0.0190529297647365,0.0460670848410541,-0.0548478576665683,-0.390796887082104,0.233602276257853,0.178732558515888,-0.197257066819599,-0.0679449829461235,0.368419912422495,-0.0512797418305892,-0.0251029027693817,-0.0255987420407153,0.0300950621158929,-0.062101594115506,-0.3696322684919,0.148018779092767,-0.394053385178357,-0.354726452719554,0.0191662915388354,-0.255245401934657,0.26532388447264,0.0671212252140807,-0.364850070024309,0.225780549134076,-0.00777295145319239,0.0665902888890517,-0.0752490504741705,0.0541681418991097,-0.0613634134549581,0.0676858167067791,0.0960581897826128,-0.318452386506623,0.115138801085409,-0.0228867356969303,0.0182799206744632,0.0641995214593533
"公公-儿媳",0.302189756336482,-0.09924140084766,-0.19161972505011,-0.0615174342069768,0.455709339170222,-0.197710690507005,-0.208141615358383,0.031992412243636,-0.0602813653535767,-0.46157662501877,-0.327701862139225,-0.196585431103589,-0.137960086393838,0.0446830346698738,-0.0295114616943693,0.0637413824059515,0.208162420349379,-0.0591395644201452,-0.428808572325738,0.232685463912029,-0.135518722299811,0.180568028481158,0.189356907379786,-0.133255500510256,-0.123047146406622,0.260363880566838,-0.0233387062448468,0.104177538386395,0.0729979029175492,-0.0862205664246447,0.412758113050402,0.327803763100941,-0.143982767752143,-0.105482065700041,-0.415614469248402,0.0254634535914206,0.188776090415482,0.264626644915003,-0.040870057123793,1,0.00041101879586904,0.0896642562466253,-0.11262352765332,-0.427680281552288,-0.0940792608973277,0.0625476353031709,0.245737389989757,-0.155599749969892,-0.0772569204891639,-0.0520855531868591,-0.0876675056711336,-0.0565184535445661,-0.0513890544549479,0.161683491887055,-0.114194205743636,-0.0111099058924963,-0.444840038844408,-0.224035883452504,-0.255328790721043,0.00465212154740533,-0.190898217037636,0.081418415406186,0.301784413269674,0.147675909480566,-0.144159680511656,0.0329127721729456,0.168084009090949,-0.133807595545869,0.0443798357722754,0.40590032201687,-0.0973241029647862,0.0672866299117019,-0.0065235062661092,0.227067536411059,-0.20686645819488,-0.196587276367539,0.0595860458838477,0.0914805102188307,-0.0967429413334941,-0.105270908148662,0.00824118785049941,0.133209480415406,-0.133835232265221,-0.266542184286383,0.352470269787769,0.0292695130232818,0.0938430782691254,0.125328372796397,0.0250500082999237,-0.0908997891415924,-0.0782684979607847,-0.069568591334335,-0.15867785669669,-0.0386508047327428,-0.0616789661673216,-0.111343897748127,-0.0222500149461435,-0.035582812504891,-0.131315593536448,-0.109546226210295,0.530260980491321,0.157713568159583,0.114225208210093,-0.018295592725112,-0.125812403607707,-0.179287732990936,-0.0728458736179955,0.159170751123363,0.101428659119803,0.246600369696121,-0.126708170106568,-0.465152055644976,0.380028767877766,0.0326573028967918,0.16593345320751,0.167518667618628,-0.0179391297983485,0.0975409581732243,0.273838098211731,0.0421518467623285,-0.0443204915021096,-0.139495943231774,-0.304205297845633,-0.334075264205129,-0.262270466893674,0.178829448003869,0.0271602887400733,0.477799163168165,0.605333103369301,-0.224051710150609,-0.234833840385748,-0.371863704649483,0.146030213657718,0.351954453962927,0.171113314715122,-0.0766562036775524,-0.11353127563352,-0.219851462039733,0.0667537872665865,-0.0623036579759419,0.0894245879322392,0.171880087175088,0.101246442042614
"姑表兄-姑表弟",-0.417498198838315,-0.394016711763441,0.243537364650469,0.30080590661124,0.250408481095633,0.156151004305392,-0.104844236069094,-0.337107308090606,-0.195164117511406,0.0776285075826482,-0.0357648353426754,-0.190798386227981,0.174408576233914,-0.411645808582161,0.190145769498451,-0.0247649247752884,0.564825305354404,0.323020150736134,0.0841462712043924,0.0207976728797881,-0.102027829134104,-0.204926879110289,-0.0219347769226293,0.208367023760141,-0.0749627797283774,-0.109559463351518,0.188439002114197,-0.0354841441733945,0.762458322658584,0.74454605564403,-0.351779762753437,0.372619883935814,0.0450343754789023,0.231159047782544,0.0709829135668672,0.0686132466085083,-0.32099652924845,0.119205771688871,0.165775896684691,0.00041101879586904,1,0.260166764321755,0.312408278834925,-0.0403732118772488,0.227419533302156,0.173858388783109,-0.547998645501519,-0.240313125312248,-0.0344969963347136,0.521729110266499,0.193536424285675,-0.0518914908132472,0.27919211097648,0.439143913584422,-0.00919828212878307,0.290343828873743,0.126796492979241,-0.00246047159089218,-0.0266612991036534,-0.356842355964054,-0.125736027416548,-0.19107891432832,-0.350642703318554,-0.401736309433222,-0.320431166333775,0.129461584255809,-0.202113275035099,-0.0705098955751526,0.613947587204353,0.2641915049818,0.241931864961967,-0.410694312924268,-0.293769492725382,-0.153954619623012,-0.325160255824676,-0.217249161080565,-0.151406249983725,0.0482175715501851,-0.347627233825111,0.321294645908285,-0.04787188683026,0.332696620872307,-0.140895102986734,-0.0169614071884275,-0.0752977021463658,0.0855343774582066,-0.106653234680282,0.0289264292569821,-0.42193492837835,-0.08701066546912,-0.032355605905081,-0.49987761602622,-0.14901913175077,-0.165065005836948,0.448773530527482,-0.0880502802729394,-0.430168063932369,-0.360850603161999,-0.205649719014681,0.0823249853279617,0.148285510252215,0.0656919332601183,0.343902054142008,-0.0918633359399792,0.214967322631114,-0.179743129752826,-0.307189930605437,0.624142627899926,-0.204583098693564,-0.16669766394766,-0.319350254784502,-0.0452101965313683,0.0939238118384919,0.134027602584016,0.338055176801158,0.0289192269022171,0.23023778988279,0.0404363781070769,-0.450848946504517,0.151295699763595,0.212536645830764,-0.136758387954023,-0.271576224674993,0.0638272227966403,-0.190233183563633,-0.234641798367873,-0.125865349753872,-0.103335264594685,-0.0665111016502365,-0.161293536618952,-0.022522509138748,0.0784681245756046,0.737065243320735,-0.31039863107613,-0.0735147877682527,-0.526331233366449,-0.463574505929607,-0.360557177486901,-0.0903081741022436,0.320438321920928,0.193830235548901,-0.157844088674389,-0.219336273887821
"姑表兄-姑表妹",0.0288778204155463,0.0525125046291737,-0.0769025803127843,-0.181300759394625,0.459139316537726,0.0120227620037992,0.0285155379642233,0.0747465102672422,-0.123476275677971,-0.161857165963413,-0.0669064299338026,0.237967839743128,-0.322482803141934,0.0869267148888126,-0.19187294430757,-0.16390022792472,0.137750364547248,0.606406672019513,-0.262656254204737,-0.0457418484364792,-0.078205593583297,-0.438714789451785,-0.44568145466553,0.269445945777954,-0.073180461250427,-0.173166695410714,-0.368648546430823,-0.424446479186099,0.224938267290648,0.376775673893471,-0.074552305846758,0.113032339520823,-0.163297272455379,0.224359318277937,-0.306084196145323,-0.404888660314239,0.0379008251210328,0.308677862566081,-0.100997996839685,0.0896642562466253,0.260166764321755,1,-0.0640231889524899,-0.0453940885742701,0.0824354193874916,-0.0223233250134328,-0.050125391059303,-0.0216109691128199,-0.312709035996159,0.518839611656007,-0.0130856639030829,0.307670873025873,0.171080511537914,0.0337464846718655,0.241246092681185,0.139685507225085,-0.149543720223682,-0.267957465845167,-0.289759021507666,-0.221135367129884,-0.379422869327789,0.0107662678353581,0.0266637653518595,0.0536259867953766,0.143199671204346,-0.375908885543204,-0.0176784247681521,-0.215149289804368,0.129274438894072,0.229209102782203,0.0847986904293736,0.0246398381595582,-0.192598583199215,-0.00165047786813235,-0.168885199856194,-0.0261965976394272,0.12662086997191,-0.452840263094539,-0.217990748890726,-0.198619683559011,-0.379351425688674,0.504385531155574,-0.186429017703297,-0.348821482070204,-0.124850404775013,0.1451439464324,0.204119204021104,0.119406082330708,-0.0208434466110591,0.137421193972614,0.213200297684991,0.00833144421215524,0.204812203893711,-0.0552489421854988,0.114336889668024,0.0316976200100877,-0.0150780146767085,0.0276774910065594,0.156252430426436,-0.259505655895516,0.414571937123777,0.0367454086380194,-0.0165624532604243,-0.274023910126215,-0.301737271310166,-0.0148990113647991,0.0934167399892264,0.185560474936955,-0.0242960262603453,-0.0519253219024191,-0.0633016824369704,-0.23144141186437,0.370597082868042,0.434799104830836,0.76512023414186,-0.337596079660746,0.00698466651593092,-0.0993708131699648,-0.016645088653232,-0.00271431223201607,0.0438748367796588,0.0829127255033189,0.196368199271323,-0.223307184478365,0.25093978023335,-0.241378622431861,0.167860708319583,0.227223618652901,0.226052283700829,-0.244230646135336,-0.213197893174826,-0.199662151167566,0.163061209377693,-0.11710014738686,-0.384360643044435,-0.0693406051143615,-0.117784785693005,-0.0845376693304407,-0.154671466634731,0.232488502736741,0.211150458047139,0.0316631730191841,-0.0735692878780475
"姑表姐-姑表弟",-0.235626241064433,-0.0365367187756103,0.730419813515664,0.504415710266569,0.181217331992291,0.654305081005368,-0.146523692885809,-0.303340064548502,-0.290577808320023,0.208505489423127,0.278622272182928,-0.187696973432817,0.54912075300601,-0.0500933140486139,0.70735321720533,0.16355509972364,0.150557644642218,-0.000537322836304492,-0.0517343582779734,-0.0952791547992431,-0.34093151622027,-0.0197813426869272,0.173436354341682,-0.185499498372813,-0.290017041705075,0.248081899377391,0.520678231972848,0.221979860712051,0.193728738655914,0.298706594381718,-0.0406657907461369,-0.0136341221222629,-0.187138019785424,-0.0830966801772522,-0.285072898596143,0.426290659570587,-0.0607551163856756,0.227938520337983,0.585204338507004,-0.11262352765332,0.312408278834925,-0.0640231889524899,1,0.301676395416253,0.0530703307185537,-0.0361220570976219,-0.141936717681699,-0.376852110059077,-0.190872097981969,0.20603363977628,-0.083762062948264,-0.362184848100429,0.174531923301104,0.0927647844468057,-0.252504106871862,0.0890858833187995,0.110605224939447,-0.156206596410445,-0.352826809722223,-0.150140695842864,-0.136855249067969,-0.0559574350471074,-0.00292455764681665,-0.0699078806428396,-0.327230498441257,0.512860793695298,-0.0187858041718373,0.308986334751823,0.175059185829695,0.0539615514834181,0.0489547105894246,-0.42215350027437,-0.372098938637644,-0.228481686579971,0.0535617243021518,0.0501876292485923,-0.163562270377001,0.284801000264839,0.00621778522846337,0.78893311994145,0.260880287011459,0.00668173927863375,-0.405491467313513,-0.350084683431962,-0.190703982033299,-0.203655920654881,-0.348331903190806,-0.284441967264861,-0.0462414980022851,-0.387810985353974,-0.307802820026792,-0.145528963323227,-0.287980337244655,-0.348982831912284,0.268353008608119,-0.301941565687588,-0.0803288487871543,-0.47128359998422,-0.315603272841033,0.268998367617856,0.150612665480488,-0.211755812816696,0.200145268020288,0.326452512139256,0.648241431292203,0.0372641293305674,-0.146368560343549,0.184484175081237,-0.0938462858483049,-0.185364441481704,-0.371781936124267,0.289783687132252,0.131475209498753,0.0271731491197167,-0.00902321024717913,0.451187272751004,0.048552850840483,-0.202117621506479,-0.142288003903705,-0.0919532368737312,-0.010711361305871,-0.224999119239861,0.110941906468971,-0.221907695976288,-0.186059013661198,0.146957088714127,-0.246673685469115,0.129668905581114,0.0457062225663835,-0.399540499303911,0.286210393556996,0.193254240988214,0.158163648445673,-0.0696874501103875,0.102988261644095,-0.243982397345111,-0.0167988443758016,0.0353459797544418,-0.394674058136935,0.0891287777728392,-0.182632452108288,-0.183140756613032,0.015775956046535
"姑表姐-姑表妹",0.0636189155900032,0.413603976240425,0.324650444103214,0.183365295408718,-0.189301127262988,0.408270213629243,0.358340353435074,-0.0129003845869714,0.148901240507047,0.566671005374499,0.67440864270426,0.239741023003524,0.0840457801627113,0.223528301632056,0.116668735796549,0.236030419501366,-0.322568755498042,0.0369929662126409,0.139903184579409,-0.375766402654667,-0.208370126802606,-0.0186019216845564,-0.0170137975380767,-0.0202022976018782,-0.234478264841925,0.174232640920831,0.162750342997258,-0.106519988467127,-0.194941700670901,0.139079404279684,0.086746729187069,-0.414415977863836,-0.125777815973195,-0.168537865091319,-0.10019067679924,-0.0734308348569875,0.12810216777764,-0.0580024661429339,0.303916397208701,-0.427680281552288,-0.0403732118772488,-0.0453940885742701,0.301676395416253,1,-0.191058625180632,-0.168857741954558,0.11499807134684,-0.110489484751453,0.0935525731385928,0.0778277218005843,-0.241025976328122,-0.0850640161624732,-0.0908666778805318,-0.252673161014269,-0.166417354171856,-0.072040568530391,0.35955658502416,0.138063790401628,-0.104609361634419,-0.139176323373106,-0.217317998114245,-0.177390093897857,0.0992855158823765,0.0798427162730137,0.123281297213857,0.0178828213588164,0.178655449487502,0.175362571660044,-0.32440535415399,-0.192608644468721,-0.199815953520741,-0.00933864509088043,0.0779050776781537,-0.32249537305669,0.532826553082871,-0.0681590443082538,-0.253321907684895,-0.128185203395356,0.554690128457251,0.178088608370158,-0.0137478607564222,-0.0646210350457924,-0.222566699247959,-0.109431898696971,-0.417260036285884,-0.283560923512836,-0.359394930921247,-0.147233402092389,0.286387336697358,-0.220512808064572,-0.119462969793803,0.238537479759757,-0.101290078893781,-0.192989725177776,-0.119375449038256,-0.0796140531482803,0.290464389768437,0.071351379585239,0.181828411358744,0.181461772796347,-0.162798658559224,-0.226272448010683,-0.285006218848506,0.194541706063548,0.0802635553116439,-0.0320652119604769,-0.0821544940386317,-0.361191825142622,-0.202834615445425,-0.390838865177532,0.13802134610637,0.623764168321797,-0.192703608345998,-0.0424965037012876,-0.0890359569954171,0.112194611937288,-0.13342290074979,-0.30852935977331,0.0634100676616604,-0.26890013817956,-0.235203585639402,0.266992317052265,0.555454814745719,-0.0160072364159678,0.275024766822201,0.00859694111387471,0.15138384488458,-0.194955760990212,-0.304802151320276,-0.163060894193892,0.110087242212694,0.0115742649599581,-0.17183336171293,0.160392086118611,-0.0255858632331513,0.315702264570656,0.401934598073333,0.541306524700838,-0.283884587714306,-0.11501960586169,-0.219986980565414,-0.276935842987794,0.13525012011477
"姑母-侄女",-0.305910265185499,-0.280460745634042,0.100469452903837,-0.034576734081953,-0.0437980219429664,0.016050954332095,-0.30710805232206,-0.304473823077937,-0.251754890180995,-0.124130819380586,-0.244165813454225,-0.358546971969294,0.011062563266659,-0.377380220007206,0.000464739741991216,-0.211447530634863,0.196240999501264,0.0630284846234824,-0.140992727724109,0.370088693419233,-0.248519731332376,-0.126165839592836,-0.110160123918721,-0.0788098112376846,-0.157646318863619,-0.141314744586959,-0.0376138456719434,0.0203190444401893,0.261889261449455,0.115751176753976,-0.342130584920427,0.217583418902098,-0.251831401873612,-0.0307569540417261,-0.112135392368445,0.0143915189442648,-0.381620076524814,-0.0635587389734607,-0.110847634104128,-0.0940792608973277,0.227419533302156,0.0824354193874916,0.0530703307185537,-0.191058625180632,1,0.63824672975649,-0.306630757520252,0.0344829080379588,-0.207082201960728,0.0154609405418755,0.707236813274996,-0.19609593063899,0.144765882771689,0.431051297609957,-0.035244973689833,0.120693338436044,-0.15883076770212,-0.0592307415541546,-0.174976607729301,0.207849747306376,0.12865442700343,0.209219553316138,-0.309082244804057,-0.274928349462755,-0.339957727915868,0.00351576664422035,-0.218895799760727,-0.0289100433725052,0.276107511276822,0.182818251134772,0.967030829560922,-0.264959816538259,-0.228744062600012,0.300561986883067,-0.270185210740849,0.259686004984173,0.212956174799357,0.00864211134172113,-0.307654667745852,0.0129516294365866,0.0459009055166876,0.0216551453021336,-0.13719625636469,-0.114479996336358,0.379924048412302,-0.0679837801050842,-0.164869757721623,-0.0510411508632274,-0.322553196856032,-0.264035890966157,-0.218742936455554,-0.244739913633837,-0.0104864219962501,-0.0482799133301417,0.567014659074014,-0.0953995428178357,-0.289092792543249,-0.374780797548335,-0.253478907925576,0.00516363474667206,-0.0604089566362346,-0.251844748194022,0.469909684872084,-0.0857211650855608,0.0586053564684518,0.203954172935288,0.193722969012495,0.326358046403229,0.136234765707955,0.219508168846474,-0.0949747208419295,-0.241802063178529,0.081716020851081,0.0520677667247423,-0.00314413684149767,0.0532120311530049,0.651873205802834,0.544999253684171,-0.183068770654965,0.552659002331107,0.921454282651496,-0.17837249215101,-0.246022105116177,-0.113007950138591,-0.162856467124356,-0.144645103437163,-0.349620882703096,-0.169658482659864,-0.0449648180307376,-0.156281125861583,0.174589596052843,0.24451201032442,0.256726329087528,-0.318917872294428,-0.165826835903288,-0.240363288307247,-0.298087785538696,-0.233820598435167,-0.284877858554885,0.0560488473732996,-0.0833150603055502,0.157282684272582,-0.266373636584444
"姑母-侄子",-0.187460921283091,-0.250392181102918,0.156194705587426,0.0124500485274966,-0.0953115273632136,-0.0211472297962765,-0.28585928764103,-0.302329837111244,-0.283830512637341,-0.0423175314421325,-0.276476465491039,-0.3141423240637,0.0294685970710243,-0.309444507320144,0.0761686956442581,-0.202926309461253,0.14632230520694,0.0636882129752265,0.0231323154283221,0.0818144294384128,-0.248689272251753,-0.0117283795081009,0.0325850565031828,0.0140471430325501,-0.203871574996866,-0.120322891404668,0.176504204021813,0.246497547665249,0.25876996727998,0.106336789816862,-0.326397003635318,0.239335288504025,-0.264552634685133,-0.0148059841907343,-0.0739389987684399,0.14292787859139,-0.341590584713875,-0.137029919972569,-0.0727864210969658,0.0625476353031709,0.173858388783109,-0.0223233250134328,-0.0361220570976219,-0.168857741954558,0.63824672975649,1,-0.197939585194265,-0.076098849273399,-0.0134637469115707,-0.0947654668739529,0.400087585098617,-0.106844846459833,0.256565407973111,0.534142019075387,0.0431479565511886,0.288846221036784,-0.09139589034641,0.0593288335505537,-0.159575292618353,0.134117704294959,-0.00283233792593107,-0.0484723348941146,-0.265470825941168,-0.211518995009158,-0.150286941696555,0.171169328215291,-0.215577322303794,0.0408752836782322,0.26822441333524,0.1313911513063,0.626804211671745,-0.164736235793811,-0.193514515109111,0.140037544027165,-0.219322606203247,0.0243030346015062,0.0303907512476868,0.140307601879931,-0.193485524781094,0.0157222898172326,0.210467325053733,-0.0546337134088975,-0.171963356419167,-0.00861527339351195,0.150234878866177,-0.0214810700916564,-0.162847594762139,0.0733655068487155,-0.203364247832837,-0.239422426730852,-0.151731250598077,-0.127400129682867,0.165609282742647,0.0350906837133053,0.590393082600624,-0.0989894972580293,-0.233680404614812,-0.213642906107503,-0.343743920194811,0.0378240395762895,-0.0630033089207177,-0.302384053295142,0.537888598464314,-0.0746252397064635,0.145248143340085,-0.0363598854951232,0.0714515823592464,0.191698091358803,-0.0654883609245939,0.0184623369848455,-0.000730000883592307,-0.158870152006536,0.0748344641524111,-0.0707018495674723,-0.0544007786110692,0.197360516075085,0.929683427938952,0.336116023224376,-0.0820783491132394,0.253177612360967,0.593624650072778,-0.230110831746494,-0.297826264693316,-0.16136901131249,-0.244903234124522,-0.246360327838153,-0.336625603481909,-0.189979317783859,-0.0382661880052102,-0.0910534965851384,-0.0118135553074427,0.00356895550587846,0.239154999749508,-0.276713585180223,-0.121422774819154,-0.101925840675831,-0.257031740233755,-0.348713723414517,-0.282712569912068,0.0739501627096935,-0.0982254046510245,-0.00580932744334955,-0.209872590459816
"姑-嫂",0.644591154378108,0.572235582807486,-0.192593586452923,-0.147769501233141,-0.021770010977035,-0.200884857847323,0.0711267714901183,0.454526797763141,0.193154855853546,0.0890198883735721,0.14003444298897,0.293850250915863,-0.0966019032676225,0.672310675960118,-0.0627611672719807,0.174045767162498,-0.503773231387625,-0.27452496431599,-0.234274246400954,-0.141379047019402,-0.272704745689751,0.235712197901332,0.126645662748411,-0.407720632482869,-0.114709401531206,0.0910687567791412,-0.0393415526229776,0.0823862355619798,-0.529951182195856,-0.524322174267191,0.644726679171833,-0.390599776562155,-0.22517822848037,-0.319539537453409,-0.345627826761128,0.006996188300106,0.537535366349958,0.0723638882472116,-0.0717782893018488,0.245737389989757,-0.547998645501519,-0.050125391059303,-0.141936717681699,0.11499807134684,-0.306630757520252,-0.197939585194265,1,0.0687016078125047,0.0166065936528773,-0.355693692023298,-0.351387232650276,-0.165731956715782,-0.327305401552589,-0.30497876077873,-0.181902142742108,-0.329870759889434,-0.209804634741921,-0.171888374931607,-0.217450855280285,0.189903765174639,-0.0552358187819283,0.167102802506233,0.56236358627559,0.617353706847578,0.294335602925708,-0.0215209442340854,0.230389299655866,0.00514052652961248,-0.553486214599922,-0.275525324752244,-0.318739253364333,0.49598938126933,0.280968303244404,-0.0169297549263002,0.431383101920658,-0.0113157136598076,0.0397855819625104,0.0209598374036912,0.467918768385455,-0.164953501735793,0.0117240153129009,-0.13018089248117,-0.252703658576517,-0.246835278419652,-0.0341805697293358,-0.243197904104795,-0.0430736353151491,-0.193857575941967,0.647181097627223,-0.101022323243563,-0.130977419585011,0.537039082348841,-0.185070428406441,-0.122552129538162,-0.416263543283707,-0.204442120030523,0.654995851616073,0.429895579391421,0.250331343291085,0.000258512601863701,0.0521687501412301,-0.172548281915932,-0.270330471662193,0.107862658927688,-0.0714526085811103,-0.0632846665590817,0.0402657581374474,-0.525085572194011,0.111450028455245,0.0784581539430677,0.140072656092859,0.168715878438784,0.0147447402074726,-0.127751232703665,-0.0645599338279901,0.113453090035916,-0.260725574692427,-0.210455928856882,0.723477265289344,-0.294563254695722,-0.262616270313218,0.0290819146005958,0.305291868388256,-0.311195711792495,0.112494152356255,0.431203883892366,0.257380872938583,0.278716817154085,0.304584705155506,-0.251932798623409,-0.151722620755706,-0.247063135096205,-0.556378233553178,0.554036090766325,0.175459106331942,0.552864889583084,0.563340033860888,0.372060966968139,-0.182442508129556,-0.370033921535314,-0.287264876874651,0.139691619562511,0.2670266586976
"姑父-侄女",0.110128305516983,-0.0471776943680877,-0.322021417718416,-0.345183126098804,-0.217603998338724,-0.222164737684775,-0.11185796558088,0.105022198205876,0.0617588350491716,-0.149901745613641,-0.0722598927119566,0.00338045220743613,-0.326647991301092,0.0334544957404095,-0.309020394404216,-0.115390157092423,-0.350266426551537,-0.120978937671249,-0.094327565611775,0.35587987833281,0.114822884648794,-0.103749605416823,-0.287926730633545,-0.0587068440244864,0.231338261327109,-0.34382500177709,-0.332038045616017,-0.177329143161656,-0.271390196670327,-0.166366374235567,0.00384120065849008,-0.191284656600663,-0.00794502862967055,-0.0237715830721629,0.105489838443056,-0.233648657965628,0.0373012745425744,-0.238151637848877,-0.318667919944167,-0.155599749969892,-0.240313125312248,-0.0216109691128199,-0.376852110059077,-0.110489484751453,0.0344829080379588,-0.076098849273399,0.0687016078125047,1,-0.0757248722733982,-0.130188243183247,0.24075182707328,0.013903850583657,-0.245338537833368,-0.262314299798228,0.00606988996056682,-0.192015918969842,-0.145811806776068,0.0241339776752142,0.0443223007501158,0.404306364267199,0.621719945244971,0.36259913454511,-0.0594850892217421,0.0266957142123048,0.0404191501913061,-0.345200814381551,-0.0142444332837284,-0.118204217572649,-0.190804940844865,-0.154418945275534,0.0352304958594176,0.176365620071443,0.109054895453977,0.458757057316132,-0.11489462935446,0.474592680895093,0.533170576787547,-0.216039942713631,-0.0602155893681852,-0.390912624604279,-0.248204983152311,-0.125347798869873,0.221550230723603,0.156391010880832,0.339269880096516,0.0108672317265763,0.0871775579096528,-0.0915866598521401,-0.11159744619222,0.201418045684563,0.104248334910167,-0.00542723063290806,0.0138891055383006,0.213256048843654,-0.259090016924267,0.177077911821863,-0.00500123373565952,0.0487907093614993,0.101825526431009,-0.198668066967656,-0.294614225291744,-0.0934352461600787,-0.260309696563838,-0.210089680258774,-0.314029216169111,0.420699146366024,0.47759049599294,-0.242559474589297,0.392609633809967,0.455716330589783,0.294244033924856,-0.0661925348103565,-0.149404766602937,0.164677740628542,0.029264771949443,-0.261458618153053,-0.104103329497117,0.391201426024141,0.0654467282884705,0.40211904815995,0.0738997018316821,0.10366639582616,-0.0609759280360283,0.0774232484785503,0.168626144548919,0.00623535335417533,-0.0742016393715357,-0.333631403785724,-0.165863528973467,0.124963452078499,0.403469064527514,0.495846597275049,-0.288254605287284,0.0169169068150367,-0.244230765743597,0.0734761820033979,-0.00458419940625134,-0.0130009000213367,0.0931912611263361,-0.17551749912332,-0.107754747056223,0.43213929903211,0.0721718283118445
"姑父-侄子",0.0385150551484483,0.109429165073498,-0.0718900574960607,-0.0786781808498584,-0.468005163554565,-0.317792709055082,0.32452952269162,0.228499936951258,0.250307170204591,0.325125407464515,0.180609116614625,0.0932910184778845,-0.139243074321423,-0.194314590134443,-0.06789697985159,-0.194397763182787,-0.263622182867515,-0.192900945322634,0.562523043355312,-0.259879541615796,0.225733406198841,0.147004723859523,0.204961915784821,0.0381665325857698,0.0364064356310701,-0.00315286767615453,-0.0222013648508535,0.195230951427508,0.0279395671915974,-0.0534784372708434,0.00923791019415291,-0.266088684683904,0.213573809387988,-0.0227031573658838,0.446585975479605,-0.134497805166635,-0.188457479376427,-0.464828308682653,-0.21127638111745,-0.0772569204891639,-0.0344969963347136,-0.312709035996159,-0.190872097981969,0.0935525731385928,-0.207082201960728,-0.0134637469115707,0.0166065936528773,-0.0757248722733982,1,-0.156842802086452,-0.307588431443254,0.0788895438470141,-0.020006387430309,0.0283064260654612,0.046469257574503,0.0606468458068352,0.535182595293202,0.570461930294245,0.375100926911875,-0.0107044154233683,0.0621704856529286,-0.114413189439836,-0.16339999621348,-0.163973700676231,0.187704954207215,0.0756799106576752,-0.141225537696001,-0.337175033115486,-0.229463019748816,-0.445907531835625,-0.202220683511007,0.320248808479236,0.331821069262544,-0.22175763379764,0.214833328556884,-0.288192467418378,-0.263233471854258,0.136823128241491,0.314813636024588,-0.149162788732965,-0.129773741957243,-0.0347574696310034,0.326964650537085,0.526106543692049,-0.138307927222978,0.172419407793579,0.224544912670397,0.270333102797724,0.0472763929304357,0.14240089211983,0.0513754157378702,0.103491160188484,0.0154800053399541,0.0302753566931372,-0.19334034414196,0.0215840143000413,0.153243217005237,0.429387660170535,0.254007830838375,-0.199934089566607,-0.418174087670506,0.230050477239648,0.012409490842913,-0.31502596932787,-0.167051055832977,-0.247197902542813,-0.237729183218381,-0.285663757938533,-0.0837717428478628,-0.193076701367531,0.111969352284852,0.143325749662765,-0.54325522712177,-0.239279732235997,-0.390066516323387,0.190369969501297,-0.104634912073571,-0.233881965469175,-0.0330721174881434,-0.343720603674639,-0.149850043801253,0.11798791533035,-0.183547120655413,0.239820163330479,0.0299527692102279,-0.174709057519125,0.219569093543568,-0.214121742543963,-0.221824826354225,0.266696137051429,0.0400650247226216,-0.0797353430004036,-0.127655022595685,0.00490176730332459,0.0777711458673734,0.171063244818623,0.163027710967307,0.0874956190255714,0.348873885591654,0.0151850029639098,0.186853665220731,-0.107124363202755,-0.216383191183925
"亲家-亲家",-0.397648816490398,-0.100730967072103,0.0656440870044074,-0.0652095314375476,0.187217797536773,0.263984652106597,0.0877499902751482,-0.107971085649368,-0.143049933529963,-0.138257560123734,0.152500662749029,0.0506553594018908,-0.206431139344008,-0.174826089051783,0.0393748160200568,-0.181990388835425,0.263389754690007,0.677494931539403,-0.159430887443921,-0.0249402047670687,-0.0780901081239259,-0.364286961455355,-0.319921490051675,0.437721423668519,-0.0625696545882682,0.0796701694350241,-0.264839602398212,-0.368867375641596,0.396607556079668,0.749949604782143,-0.30733570461729,0.186719738317974,-0.0479177222458371,0.493257122629166,-0.185686932540345,-0.259215329298406,-0.226944540631005,0.139745795992756,0.238035432046538,-0.0520855531868591,0.521729110266499,0.518839611656007,0.20603363977628,0.0778277218005843,0.0154609405418755,-0.0947654668739529,-0.355693692023298,-0.130188243183247,-0.156842802086452,1,0.00397124314238286,0.0923017758850595,0.430334754642757,0.196231529586263,0.281153743197036,0.382687388177516,-0.0416685969735336,-0.251366648112774,-0.184460764405631,-0.172077619151684,-0.226355868609473,-0.00392268591051349,-0.299273592811514,-0.305160792455992,-0.0671381550568008,-0.231340790750079,-0.209105677924639,-0.262570612801498,0.238555864837509,0.0412204417273564,0.0437980271443246,-0.234390332566742,-0.276038118047033,-0.18792542583113,0.032657135500306,0.0531513086484232,-0.0529411925854305,-0.322258659454363,-0.0218941828953521,0.0578014455571797,-0.387664386891508,0.69070669822413,-0.122379404922977,-0.237709602064931,-0.118705936520971,0.394071904869678,0.0384461287092987,0.249794768523231,-0.117611135506654,0.0332877792470097,0.0198148199766886,-0.148419203654495,0.148737801281649,-0.169774623235505,0.224331567127191,-0.127116699832393,-0.11686042416202,-0.156476977887569,-0.106237690599199,-0.235338952703484,0.0924791231917281,0.0840840025240453,0.147913654231453,-0.255849987401625,-0.166564973879871,0.11013445763838,-0.100604910864584,0.313621698813796,0.00174569326703812,-0.106755433518816,-0.314155753048625,0.0117278123699609,-0.014233561745881,0.318259323641541,0.489525233685883,-0.15544030444862,-0.0418773769797826,-0.163055604056103,-0.386312539706826,-0.00614090294442211,0.012118791791881,-0.124880108013864,0.0684401109495626,-0.137580559489036,-0.0584070966242499,-0.232119123701608,-0.0332675456206866,0.140160826283389,0.0643513736903548,-0.226842197222291,0.0273323488724289,-0.0647744373690222,0.335431635959025,-0.369596378473333,-0.25692091939071,-0.252094960441992,-0.06001088534467,0.00683887307006817,-0.049763247441535,0.517302928356354,0.44144394921862,-0.101759868128195,-0.15865637356127
"继父-继女",-0.258855288275673,-0.351517619424561,-0.0235354627298995,-0.0329727855981431,0.0381283074130834,-0.0103944064671102,-0.342163405401456,-0.343126586527995,-0.119376251462891,-0.257838528884558,-0.308234694075318,-0.354407735579983,-0.0198514224774552,-0.369991800413858,-0.0750762238748141,-0.134340400227819,0.201012244988148,0.00639596564865927,-0.198311169002691,0.565840598486743,-0.204696813556012,-0.0717944850622352,-0.0992818076755165,-0.0785565349264569,-0.0527349567237444,-0.0742394345101147,-0.0557697417006769,0.0236942933073243,0.224382487541356,0.0974023516702718,-0.363655991089041,0.314400876685278,-0.0944439929630912,-0.154878897604781,-0.0297096742303885,0.00109274360858464,-0.309482271082792,0.00936956030037263,-0.0402508301691413,-0.0876675056711336,0.193536424285675,-0.0130856639030829,-0.083762062948264,-0.241025976328122,0.707236813274996,0.400087585098617,-0.351387232650276,0.24075182707328,-0.307588431443254,0.00397124314238286,1,-0.220506470455823,-0.115897681139699,0.230808643919783,-0.105679013512324,-0.0554327087649964,-0.250264911772956,-0.0825066341126402,-0.0954122790553363,0.345756863290863,0.334427663936601,0.338422301879408,-0.308663995985019,-0.327062589827261,-0.292175423251816,-0.0990910954254904,-0.1584082236502,-0.071722563030181,0.265984561503292,0.200784116928346,0.703574513282373,-0.328589490319127,-0.202792073661689,0.570429621966323,-0.318301649636888,0.427782047758557,0.478072727147549,-0.0610492193538437,-0.356230375936514,-0.0812047730135523,-0.0342620896366641,-0.0509647816121161,0.0152185684015488,-0.0757242543033233,0.543818957782538,-0.0916977208500139,-0.29692437543837,-0.143103706424843,-0.449926340595354,-0.125027690279351,-0.163080699532681,-0.324076450084487,-0.157968800424233,-0.060900457492676,0.287201752010192,-0.096540245524179,-0.373338129991031,-0.393603319936713,-0.252521662741635,0.0401033906698529,-0.027527747420012,-0.306978161213848,0.190991767128124,-0.10002906301655,-0.00367085433219511,0.435813102053978,0.42553452562011,0.328636840288689,0.354099153049582,0.455362187572606,-0.0520006708138074,-0.227343220959906,0.115113912583715,-0.0335683495798792,-0.0409645104809793,-0.0905636240828934,0.430049822621824,0.75292705846811,-0.290312119541611,0.818675955660758,0.673004007957436,-0.193772734198698,-0.2545790464872,0.0425152740171454,-0.205521693644657,-0.131086761826471,-0.347899695272401,-0.149845691992793,-0.0902713204825735,-0.0544817627731129,0.321299812422576,0.371840483664425,0.225820374323639,-0.306616122606843,-0.0769646467467339,-0.26300427121972,-0.296800434773531,-0.236313711571106,-0.178543959087889,-0.075236324924033,-0.145712864633455,0.401219535875918,-0.123530910536903
"继父-继子",-0.0418034371430357,-0.127537148357315,-0.225662608568152,-0.261568848400051,0.156052452956233,-0.199397103374114,0.198584994517652,0.178879907439262,-0.0313102405515387,-0.143675970723216,-0.198379330581978,0.261190660892462,-0.393646136994426,-0.00757424005894219,-0.423029934493296,-0.326705615366315,-0.0448524871027321,0.16524619888404,0.255845523692048,-0.23965611767645,0.450177467635711,-0.35122797880193,-0.346697760515358,0.540125352903539,0.461139194748176,-0.219538491741497,-0.367674704643766,-0.3382315615626,-0.042282678031592,0.0274360279748733,-0.16188991615273,-0.0412140551022463,0.315644812108324,0.408501177301345,0.288195691992432,-0.424010835030886,-0.0479638274284025,0.0481219530371632,-0.302888024320827,-0.0565184535445661,-0.0518914908132472,0.307670873025873,-0.362184848100429,-0.0850640161624732,-0.19609593063899,-0.106844846459833,-0.165731956715782,0.013903850583657,0.0788895438470141,0.0923017758850595,-0.220506470455823,1,0.285478794334252,-0.0313913741771,0.609706859277446,0.256678297019349,0.280635646595974,0.215481638062502,0.334056252929285,-0.200571785097346,-0.338026797006934,-0.19547930677066,-0.110007329281428,-0.0809497080716217,0.239110710263196,-0.404854581349222,-0.163869339610608,-0.272530757768734,-0.105158288984461,0.0205131084396046,-0.220990260764233,0.205572044151388,-0.100314272765896,-0.0888525520521888,-0.268490640486068,-0.239009349100989,-0.0765633718179268,-0.4183276923291,-0.226814987090077,-0.331118848070111,-0.285917823296247,0.0454509843167875,0.270559011918536,0.287213461084821,-0.279256494477602,0.326149802609252,0.538784688830072,0.396237739037403,-0.181475018932995,0.625609229806211,0.686837448282023,-0.117454136517411,0.611609294613888,0.555287224342056,0.0208473514446926,0.599245588282656,-0.218883384891805,0.206198876045845,0.252797189172831,-0.28889634784631,0.109672681998132,0.469017498646358,-0.125651244361074,-0.310394682410923,-0.412563293529639,-0.125961588163195,-0.0470954948965821,-0.115496088650923,-0.177628435589288,-0.126516952151638,0.150424572704519,-0.101666943158545,0.126199439174852,-0.00378481077268874,0.231480858695421,-0.383323128988284,-0.0902048065555595,-0.27260193383649,-0.166184817815607,-0.282872965134409,-0.284352963393344,0.153212657988388,0.00223032071662831,0.345297563857074,0.356763394505838,-0.452989190654058,0.264145437810448,-0.0137624324557791,0.0164571504288654,0.420051764713825,-0.35638718875662,-0.304116986909413,-0.0445138773177124,-0.221282162787758,-0.372868494129686,-0.107275425296536,-0.242382677902051,-0.166216624953257,0.409338745439283,0.289059404685977,0.357472290152774,-0.141205954869168,-0.239212181340693
"继母-继女",-0.451467185794994,-0.308553668149701,0.235286103480905,-0.131377145504836,-0.0292469653266337,0.182998333097357,-0.0253082060723535,-0.142005815421413,-0.386477102396928,-0.148684817624383,-0.114470264944611,-0.172687619370995,-0.0949827000730327,-0.297320870887501,0.207637450604711,-0.38003103441527,0.27963755008292,0.432359791411336,0.118360248407061,-0.200071369285674,0.0342660840478105,-0.270203651452034,-0.216371378476025,0.474027715416446,0.0553277648509217,-0.0267313097511526,-0.0452074557042643,-0.0801810936447475,0.36414604906348,0.444715626849542,-0.410980481690112,0.243112113571763,0.0300484605347373,0.654547006135452,-0.049561742939689,-0.0696242102563325,-0.43205049010646,-0.0774725650589456,0.0852381246102847,-0.0513890544549479,0.27919211097648,0.171080511537914,0.174531923301104,-0.0908666778805318,0.144765882771689,0.256565407973111,-0.327305401552589,-0.245338537833368,-0.020006387430309,0.430334754642757,-0.115897681139699,0.285478794334252,1,0.505243835216354,0.533345863733122,0.796906600848185,0.122537557715098,-0.0139843355745566,-0.0574191218997381,-0.12305467211051,-0.277003004869103,-0.208110997413798,-0.358535307206253,-0.327307739214378,-0.160511130666503,0.00463794051969382,-0.40617562208245,-0.0965246239653728,0.24578704111086,0.0969456295386889,0.13745116209063,-0.175506653604588,-0.327289341026118,-0.221723448251269,-0.138843979850059,-0.102186429181107,-0.284819362811433,-0.111669093398149,-0.162240645244387,0.122454561754231,-0.0228529660237568,0.348037391674535,-0.0506680832195054,-0.00772802582437335,-0.184745769821634,0.423790640380969,0.256571819170066,0.379934743984591,-0.190940422529938,0.0649203156039796,0.160703252420381,-0.237820138661384,0.544390035283089,0.242584153329374,0.582412889208914,0.167628679896155,-0.30358265287204,-0.242826290767952,-0.278939584606147,-0.158818049471836,-0.0587692237324261,0.127938291504969,0.513515693744802,-0.138612964078751,0.0567074871495946,-0.137308155207595,-0.19037210823125,0.276119862057396,-0.264352021744054,-0.239611584049856,-0.263436896394734,-0.0625697648146618,0.0516823053244777,0.0487213249597554,0.096301473539033,0.159019432959064,0.276009521217515,-0.199553745650798,-0.314207788356955,-0.238381268463028,0.106082397025249,-0.253905646976894,-0.248230206858104,-0.0275603365629774,-0.0880255418987915,-0.281851269443265,-0.207266494092817,-0.0300613905876103,-0.0210170028515206,0.0735501011091765,-0.0979228315452001,-0.142040452408791,0.240444822674394,-0.463007781370546,-0.286584142582901,-0.307538753827115,-0.215705225663281,-0.237853986066497,-0.00437301555069201,0.599915892785497,0.429401683021664,-0.310101753645283,-0.396687433449734
"继母-继子",-0.32423808381579,-0.375050744791372,0.187608462935871,0.0574524710916824,0.0139868311528437,-0.0703434838496969,-0.208072946230377,-0.338552632701262,-0.365725177402608,-0.0175424616237182,-0.20374301418056,-0.351718002568509,0.0727489900499715,-0.386417021456494,0.244416282313889,-0.22596868183129,0.37090823486627,0.204620160035718,0.0276890615184472,0.0085779727215609,-0.145921540649299,0.0234441668537981,0.154251247602575,0.220859501937105,-0.143141170669353,0.0330497506074849,0.265297277030473,0.176570944879766,0.51191007388267,0.351577986112101,-0.337535737583115,0.384424998423731,-0.138314568811021,0.242605062651511,-0.0458467571316562,0.244097794001411,-0.263322964111175,-0.0930698129857372,0.0775213207854366,0.161683491887055,0.439143913584422,0.0337464846718655,0.0927647844468057,-0.252673161014269,0.431051297609957,0.534142019075387,-0.30497876077873,-0.262314299798228,0.0283064260654612,0.196231529586263,0.230808643919783,-0.0313913741771,0.505243835216354,1,0.193956517105927,0.550383349609922,-0.12705253741153,0.00887838852082215,-0.0896384139885686,-0.064873598777724,-0.0532951176477027,-0.142387469865564,-0.351340131507821,-0.317394970186788,-0.266834258373089,0.222501460060382,-0.26395996775064,-0.134557476612391,0.324007155184574,0.101554298588566,0.441004135026559,-0.321015515818847,-0.30669617704899,0.0185072849190762,-0.24094050553075,-0.153269110634111,-0.133702983182313,0.139382571310679,-0.233823073484123,0.183217442947689,0.107547765973498,0.126996446518552,-0.146132141332576,0.0359506882948141,0.0439470169178721,0.23156190460479,-0.0594536362290941,0.242912526950062,-0.250431166245201,-0.185542458387266,-0.143694802171707,-0.243324667605381,0.0798095085275258,-0.114314854605804,0.679820719315243,-0.219528143848276,-0.341731768324824,-0.28524776421874,-0.432417609501381,-0.0434472565627865,0.0386784624950458,-0.119989027019165,0.7303366636534,-0.134003996249964,0.15397613486003,-0.142062100538571,-0.171930847188855,0.354290780080463,-0.0618867349938211,-0.0128309095647102,-0.329374020073339,-0.119739591867673,0.0307539068293569,-0.136512657741605,-0.0583395458827333,0.206361003321161,0.490572662606854,0.0987237492611725,-0.265080305970908,0.044203176704728,0.462671814195535,-0.344462317714731,-0.401930461480881,-0.195326680265562,-0.411847341821461,-0.180660475296794,-0.258861394275179,-0.00328077866058417,-0.0363197803016655,-0.128253093563427,-0.00191739668403732,-0.0854766462738769,0.380903814109016,-0.316607773056871,0.00704082953137711,-0.266595322797336,-0.309143098156167,-0.367717756878366,-0.151077996207216,0.373563586636437,0.237361248587149,-0.12639760023983,-0.283778765046504
"继外祖父-继外孙女",-0.275871978068752,-0.184485648156225,-0.182517894374903,-0.33475099754518,-0.00703527766540039,-0.0935324725687931,0.08207979072558,-0.00647340545410141,-0.20588243327167,-0.313482895815181,-0.236164854185544,0.104899454070579,-0.356594069828881,-0.190602273106157,-0.250398116634716,-0.455442992334074,0.0584783538098626,0.313457704968131,0.167665755088757,-0.213628929820756,0.23501404814581,-0.337644250320413,-0.317020479912294,0.658926450171866,0.309300994232855,-0.148492033506236,-0.33331313103538,-0.304914105744125,0.0315569025833129,0.10944305686551,-0.407316671700223,0.0518983990486357,0.300661767298165,0.655333530701012,0.248073565069108,-0.28592376281268,-0.320356213324024,-0.0148430012278159,-0.133096344574551,-0.114194205743636,-0.00919828212878307,0.241246092681185,-0.252504106871862,-0.166417354171856,-0.035244973689833,0.0431479565511886,-0.181902142742108,0.00606988996056682,0.046469257574503,0.281153743197036,-0.105679013512324,0.609706859277446,0.533345863733122,0.193956517105927,1,0.504013755722789,0.220905902272391,0.123627391556642,0.208152082999608,0.0228897891521234,-0.180838810317786,-0.0869259674040221,-0.446822912679849,-0.263283060526288,0.112362841752293,-0.306496158992873,-0.414797120316857,-0.240537752620457,0.0596401988034249,-0.0415303628980704,-0.0310330002173242,0.042348631884537,-0.197427002174618,-0.15686504244582,-0.148546691751005,-0.0358047542538433,-0.0415728208853146,-0.320176787879102,-0.144851887008863,-0.259799049882321,-0.283251153932746,0.227461501558686,0.341154403549362,0.17816685810966,-0.218265736196168,0.58390539140908,0.552181960737047,0.50465998967255,-0.224002364439892,0.449198141750447,0.524744327223998,-0.142637921796957,0.710274377826606,0.456363441915861,0.207831588973544,0.452815285161015,-0.143845805317203,0.107635307729108,-0.0959979996464776,-0.343956887228897,-0.0531149346679421,0.221901767604901,0.167904795017019,-0.294243973007673,-0.313612136420754,0.032842743230476,0.0471939438530792,0.0328546311807545,-0.120881537241147,-0.119664753422163,-0.100626376055122,-0.216514325306061,-0.00133394565160809,0.0208366545530156,0.104311972655109,-0.259785754077752,0.0496950179856295,-0.217011791101582,-0.230304608835581,-0.202646635631208,-0.0902803834202208,-0.160646389595024,-0.148908249605703,0.195798043651761,0.0247981123182632,-0.460447766643394,-0.0145228239206966,0.0120162532895747,-0.0167070624260978,0.329292397140341,-0.177660142331728,-0.188273130411289,0.0220126723618367,-0.522525439260764,-0.404066700961743,-0.0741693916985922,-0.200424739636826,-0.216064728900509,0.252432839599395,0.577627107044718,0.523755510923433,-0.0466147907928413,-0.355042144610173
"继外祖父-继外孙子",-0.381019003742004,-0.281214974906222,0.264390214284846,-0.115750738899329,-0.0233203010402233,0.160194587765066,-0.0254007710140074,-0.277651911686754,-0.470090890690278,-0.125766833404419,-0.134467085835295,-0.236909969188517,-0.16110846662379,-0.319774397827816,0.226935780628046,-0.366827586953788,0.263640154216688,0.479275764180787,0.156259009530238,-0.224440926517044,0.105922934620738,-0.169633161450774,-0.140076985425553,0.525072462670908,-0.000183262005961496,0.0518289365071905,0.0155616715363276,0.00450885185578124,0.370499131934109,0.453442461291538,-0.429171109570193,0.258512561764785,-0.00137723730884831,0.540494495937521,-0.0223885037730007,-0.0856336777895973,-0.444226213654206,-0.0736080350026339,0.170078588802893,-0.0111099058924963,0.290343828873743,0.139685507225085,0.0890858833187995,-0.072040568530391,0.120693338436044,0.288846221036784,-0.329870759889434,-0.192015918969842,0.0606468458068352,0.382687388177516,-0.0554327087649964,0.256678297019349,0.796906600848185,0.550383349609922,0.504013755722789,1,0.0386327821859609,0.0991749813704076,0.00658515388924553,-0.073187726403011,-0.223674519661677,-0.224727194414527,-0.36849430416789,-0.319764131569413,-0.160657581915838,0.0273763402771503,-0.35972129733832,-0.15562405333059,0.203370967555604,0.131257483078261,0.109727298562141,-0.196993327556614,-0.350949869653467,-0.140096450603208,-0.132813960592851,-0.0770979859067587,-0.226953143400085,-0.0839825621010191,-0.158435195413241,0.0155495211095741,-0.108010598728756,0.220727989920259,0.0145057004557465,0.0697340916118343,-0.208873428917352,0.424022968638376,0.181381862156161,0.443203830582594,-0.253689468712361,0.0369044216617687,0.127003731640864,-0.22134664374433,0.485578057353316,0.150598957330228,0.504662835187822,0.114562379896673,-0.307256304392569,-0.160705956751243,-0.324778526700223,-0.0807440695045906,-0.0299198175996167,0.126809328322532,0.475918874474335,-0.28006695035737,0.046025924954645,-0.112645185355401,-0.0781644024487693,0.223091309429227,-0.228880756935028,-0.254815391360391,-0.263988023212417,-0.0878629876269814,0.0624291163879088,-0.0751100800530103,0.00586844182989606,0.185341909475609,0.250066848938517,-0.128747433875684,-0.338847867244389,-0.188112402540914,0.133981547169526,-0.30269922556848,-0.297884109459693,-0.0659066428711523,-0.20426246041723,-0.329289151559678,-0.240722829325667,-0.0209989688505276,-0.101414392458922,0.128798704518618,-0.0302221579483789,-0.131847625207718,0.250840043477115,-0.478052642751195,-0.225469985067311,-0.219852256844005,-0.19743126011307,-0.229794151985061,-0.00631772684488659,0.563916095400094,0.441197395095356,-0.27887339191395,-0.374908941370243
"继外祖母-继外孙女",-0.200672467125953,-0.0558610673820597,0.120052810228043,0.143976566724632,-0.282748590792974,0.0424513145588456,0.376906281022719,0.171892152270773,0.267429746148414,0.412311676062063,0.319600215966041,0.297941000771195,0.0884672764707257,-0.127967873094411,-0.0330431479029758,-0.0664688300150632,-0.114638463983951,-0.141688150280554,0.590813864769937,-0.437787674994911,0.245240833422972,-0.210151523913378,-0.07135532538943,0.183742777129219,0.181624838732113,-0.222309001541391,0.017859051533019,-0.040762230183399,0.0799949289167087,0.137591070450954,-0.178729125282113,-0.268917695938709,0.441883744205929,0.0980144617365357,0.556123094520386,-0.107256726219435,-0.199139999459117,-0.285858535419643,-0.130381315432093,-0.444840038844408,0.126796492979241,-0.149543720223682,0.110605224939447,0.35955658502416,-0.15883076770212,-0.09139589034641,-0.209804634741921,-0.145811806776068,0.535182595293202,-0.0416685969735336,-0.250264911772956,0.280635646595974,0.122537557715098,-0.12705253741153,0.220905902272391,0.0386327821859609,1,0.558101200098861,0.334615041998282,-0.293845112078364,-0.20600267109378,-0.367343920422124,-0.247115827523058,-0.306493239988216,0.195551358120032,-0.0449434047189935,-0.207441353538343,-0.122905999864862,-0.0261805632980104,-0.299848676838237,-0.174482915723884,0.10153277201251,0.187451928790035,-0.468584828244594,0.0230576098213805,-0.315797457273918,-0.377869510688598,-0.140194800397744,0.133595524466544,0.146320738880308,-0.0399920847732519,-0.0481072367317876,0.326475166626436,0.412713499383639,-0.472097440657162,0.00180594876919778,0.192995886895064,0.0616325959496372,-0.153500722055877,0.307351617389261,0.360944653874952,-0.162276508682697,0.166496985940182,0.244606973571449,0.0255106234166301,0.372562327926946,-0.0598621419753256,0.194846682240675,0.262464046294496,-0.104457200465989,-0.27170038778445,0.211970882236631,-0.0732875088020722,-0.008907861815159,0.0187364661007302,-0.231970877704974,-0.281261995829636,-0.151342706648158,-0.399996926711497,-0.461748082735631,0.197322971540376,0.359700390699581,-0.372865814107875,-0.00787944240080602,-0.155448432539373,-0.0675601026011484,-0.0184723295506595,-0.425062063463649,-0.338767829805888,-0.335713879807682,-0.257575970518982,0.317395185076065,0.0619756245002171,0.552085346529828,0.382228441304682,-0.348894106944539,0.250125294024432,-0.378634060110224,-0.370328422104933,0.356387631944761,-0.0181089015717701,-0.0132470034248716,0.00997007972839823,-0.237043051020072,-0.185399631141842,-0.117119286353965,-0.0488775763395862,0.00962241425689683,0.24310580961299,0.134431438531021,0.0684853499557476,-0.316953593463724,-0.140248919101022
"继外祖母-继外孙子",-0.154096891764458,-0.184002538003286,-0.000435675567194545,0.0699786051966614,-0.349254853084307,-0.291505043701908,0.45199595988122,0.0475823254869362,0.103400748271726,0.244217623255736,0.173579951667294,0.0689310987031862,-0.00404683840654301,-0.204936907215438,-0.17153841444735,-0.12679518120472,-0.0399133432489056,-0.179600513454673,0.606439784775334,-0.269165137976686,0.23847678655631,0.211732893942721,0.198034677266989,0.0839575638521711,0.185282619764644,0.0759424748282733,0.0482228427086967,0.175645009583603,0.166137693815786,-0.0518071957895527,-0.12386625244627,-0.0340203258522398,0.41302483449951,-0.0716789062109089,0.493642169330125,-0.0317216498927853,-0.16956273070481,-0.440433936720405,-0.326973054511413,-0.224035883452504,-0.00246047159089218,-0.267957465845167,-0.156206596410445,0.138063790401628,-0.0592307415541546,0.0593288335505537,-0.171888374931607,0.0241339776752142,0.570461930294245,-0.251366648112774,-0.0825066341126402,0.215481638062502,-0.0139843355745566,0.00887838852082215,0.123627391556642,0.0991749813704076,0.558101200098861,1,0.424545802392885,0.0369071182107788,-0.00848005375086815,-0.247517518715336,-0.329458202228499,-0.416776182606094,0.133835591888378,-0.086653010107711,-0.131327892522572,-0.226179408586224,-0.0835150257859099,-0.190151328441828,-0.11265402910408,0.175961233523321,0.120710353364596,-0.0929872573497872,-0.150217153064361,-0.165567723564969,-0.237447795640251,-0.0319316947576841,0.0791832948012738,-0.135458818066347,-0.0312796457722343,-0.199824794582519,0.487424459457172,0.546674655175681,-0.222387607591833,-0.0761617506932754,0.118515180792982,0.194308707732839,-0.26475831210566,0.204477378205819,0.160441871780078,-0.159500462019407,0.177147758344653,0.317826628125491,-0.113410077141441,0.308441707576428,-0.186044223362666,0.163316544676908,-0.0115439035180194,-0.103043773036973,-0.295682869493078,0.0886363512953182,-0.123215204751012,-0.115204831146785,-0.0856782858453793,-0.16724424563948,-0.0868975814592813,-0.124199275820656,-0.141485476107596,-0.270666463602446,0.324947092115986,0.136213799332756,-0.329450928304954,-0.212082109517146,-0.382781544448911,0.00701891231180276,0.000281325523935918,-0.0804434362401758,-0.301633127292657,-0.240099252243715,-0.104280654400593,0.262454963808518,-0.180938408870579,0.538673921817497,0.0579574992333101,-0.332255821984914,0.307951905778807,-0.339378341418946,-0.410536783415048,0.425863801584162,0.0905093222503112,-0.00598475237389265,-0.0156789352770333,-0.176323356905537,-0.0376309718268819,0.0166917003947399,-0.0697153589248402,0.0263063804234484,0.148373233471225,-0.0692629207672766,-0.00115248868252977,-0.252003698759702,-0.268602177119721
"继兄-继弟",-0.175391511653954,-0.218155073146826,-0.270972255216326,-0.114002252524555,-0.346732043742559,-0.445492908104222,0.236585929807817,0.102340731884573,0.192390508788305,0.146969655162528,-0.124572104484027,0.103811426615111,-0.109593994725516,-0.162263700346004,-0.242459128402361,-0.0408597086266577,0.123532837809474,-0.165792664179049,0.598119398175756,-0.0892498544373596,0.597894994658386,0.194031400605328,0.0425789951422367,0.168842207677111,0.50597570485695,-0.182423508160667,-0.0684800894870931,-0.0429227980957085,0.0114644539942511,-0.16041763024532,-0.169184992065925,0.0632905458665356,0.613798143985487,0.0868615119051691,0.714729755743676,-0.0297127320431789,-0.142149007835188,-0.309164845350817,-0.307433861759444,-0.255328790721043,-0.0266612991036534,-0.289759021507666,-0.352826809722223,-0.104609361634419,-0.174976607729301,-0.159575292618353,-0.217450855280285,0.0443223007501158,0.375100926911875,-0.184460764405631,-0.0954122790553363,0.334056252929285,-0.0574191218997381,-0.0896384139885686,0.208152082999608,0.00658515388924553,0.334615041998282,0.424545802392885,1,-0.180730378335204,0.112182623273473,-0.253458282935101,-0.214614093683839,-0.23440882473571,0.141220054441598,-0.132693970950061,-0.108548221743713,-0.082474254155641,0.0576137225428192,-0.054826196462266,-0.161929391499288,0.149171031559426,0.304628876811317,-0.0626835506525632,-0.173175207596165,-0.30493144365546,-0.207904223961059,-0.0145527512028736,-0.161583604085803,-0.284347044603486,-0.0264443243519279,-0.278409929247508,0.562587972481675,0.677105680036849,-0.116095659028785,0.0863960443297787,0.172531447223662,0.068768330055399,-0.225299765180638,0.466833166660625,0.457263445938118,-0.161003945187811,0.117421915889576,0.436472849980319,-0.224023149735644,0.44845715328193,-0.195751587841663,0.247296849960816,0.242360445394764,0.102106032135946,-0.35439001938809,0.38292742748647,-0.251745544317193,-0.124926970665416,-0.0795049113554219,-0.226826930078121,-0.182729564219453,0.0429900645014894,-0.182669516425358,-0.185893634143641,0.138559287781821,0.0476924361849878,-0.327475463850646,-0.183656374112097,-0.322593264162405,-0.232692106641058,-0.192240469440394,-0.0515364246455437,-0.242825209054535,-0.135942566808101,-0.120133967600944,0.13308434711379,-0.314161069027002,0.655861494198575,0.134466331960006,-0.0504459037992426,0.168954292044796,-0.376312482520279,-0.425450880638937,0.687237871887997,-0.192502243436197,-0.00716557888610071,0.00606911487554894,-0.124946329735539,0.0732576161529408,-0.0864893105783233,-0.149216266075526,-0.193903352187844,0.536762537007383,0.067288837661171,0.0631472162093528,-0.23005975813037,-0.167016187398872
"继兄-继妹",-0.0341945283893675,0.0513149337393664,-0.103215757051884,-0.3868093040638,-0.296248221173614,0.000424767934890821,-0.143412486239332,-0.049255540724959,-0.249695424009114,-0.364861863288819,-0.24246744620315,-0.191631077445146,-0.233599693323004,-0.10883126796188,-0.0359431806261517,-0.415578487335863,-0.365823379454565,-0.0717217446042086,-0.197716576575146,0.437497102457736,-0.340283823545859,0.0995421846391433,0.081095946281842,-0.134947526488959,0.0164350584033355,0.256321474113154,-0.0558469510950524,0.252343925461881,-0.299058094850648,-0.248211664462313,-0.12790713047526,-0.182300530203667,-0.315688522186236,-0.0741181893553231,-0.211341096732925,-0.0834509397739045,-0.250682963683812,-0.0611982619269613,0.0040228826016898,0.00465212154740533,-0.356842355964054,-0.221135367129884,-0.150140695842864,-0.139176323373106,0.207849747306376,0.134117704294959,0.189903765174639,0.404306364267199,-0.0107044154233683,-0.172077619151684,0.345756863290863,-0.200571785097346,-0.12305467211051,-0.064873598777724,0.0228897891521234,-0.073187726403011,-0.293845112078364,0.0369071182107788,-0.180730378335204,1,0.471058198958843,0.735386180838891,-0.208206657862694,0.0150365573697923,-0.0199928933541197,0.0515619145920565,-0.35622780506768,-0.246903045688623,-0.259142814512257,-0.227345292254148,0.1522584613936,0.0936073794182938,-0.185570041800256,0.551623275511285,0.125202518719329,0.734392396718177,0.552056609671655,0.0376714316167881,0.116721579690188,-0.217863758542693,-0.101556708313849,-0.0179414065022449,-0.105795701449888,-0.084980012185294,0.561903111273542,0.115515743104985,-0.0474833336979101,0.145042269021247,0.0663758980001213,-0.153975014609975,-0.261329372003694,0.166550268770746,0.0586425829505527,0.0285110088318479,-0.136913826522488,-0.184166286745835,0.0945022299178441,0.00396449058380312,-0.260513048004948,-0.280406438543979,-0.281534275831191,-0.319928490982555,0.0365612246191761,-0.261980008836638,-0.140708665906682,0.686864565129526,0.652522509005039,-0.287008233333468,0.67538598083921,0.681757656579547,0.038499260871501,-0.144037403741183,-0.0872257563962235,-0.297200669438036,-0.294187346460452,0.268345759229256,0.0694965685594432,0.508288132989656,0.162073296065677,0.323761005550436,0.214668809251433,-0.394141565623802,-0.130122867625455,-0.212889360930926,-0.332086571791882,-0.0918639621061624,-0.267516886418355,0.0995138623742304,0.174558283500801,-0.179005690038859,0.480248119667501,0.291160400798261,-0.376570470157155,-0.162688086843997,-0.0812524833015386,0.268910611973101,0.210725502785395,0.191204686491623,-0.203400607233347,-0.142336627847041,-0.0113626981693675,0.59607570475749,-0.340345086201854
"继姐-继弟",-0.106253871628613,-0.10851829185166,-0.15714971599641,-0.0423807597239607,-0.435877629060477,-0.145391285711082,-0.325305987843881,-0.143262747271638,-0.0122810433632295,-0.0419512700765988,-0.192972955287423,-0.329631888267994,0.107103374558848,-0.171632703775434,0.0288099165034923,-0.0375829140868843,-0.183298336104514,-0.26796906845914,0.014214059135351,0.393663469396801,-0.0334873720603823,0.228641178633837,0.167508662169982,-0.189257401835452,-0.00873757520550403,-0.135606006576296,0.0250996644212749,0.226451070912794,-0.136364992417025,-0.226978714588917,-0.105796143727818,-0.131955606401895,-0.0424562050836338,-0.152023968241179,0.171261294242317,0.19977014489674,-0.174618953841613,-0.296237731592607,-0.111056387137375,-0.190898217037636,-0.125736027416548,-0.379422869327789,-0.136855249067969,-0.217317998114245,0.12865442700343,-0.00283233792593107,-0.0552358187819283,0.621719945244971,0.0621704856529286,-0.226355868609473,0.334427663936601,-0.338026797006934,-0.277003004869103,-0.0532951176477027,-0.180838810317786,-0.223674519661677,-0.20600267109378,-0.00848005375086815,0.112182623273473,0.471058198958843,1,0.448985456961874,-0.126520545606208,-0.041770985616023,-0.250001527525718,0.161051926826021,-0.0967441591239517,0.0842669236956317,-0.0129770604823312,-0.258595438673063,0.142072598916331,-0.101041281491177,0.0493249530467098,0.342746618262404,-0.0435965724722225,0.463477090620194,0.384466508180008,0.285020250420655,-0.0691905229798633,-0.0636616432267885,0.0856789687136462,-0.170119731204106,0.150129649910435,0.160119519949639,0.437720911739922,0.0524615818179506,-0.0431652913887188,-0.0961180844106544,-0.130502145271226,-0.134794713868761,-0.233855633307161,-0.0917630037736024,-0.207637026402599,-0.101535223060478,-0.123291001078678,-0.168843163810003,-0.0769736443129695,-0.141734636334163,-0.176521746740021,0.0718181005666926,-0.4516839277026,-0.150557431680447,0.0567490825257255,-0.0093281811308243,0.111383760669537,0.447039513449073,0.376320463865986,-0.111603289893348,0.483603188346864,0.485921566543979,-0.0763205417578434,-0.0448017639898611,-0.3576693917852,-0.0766349070131793,-0.317945158561356,0.0655905605105857,-0.0197279632283297,0.429140574627701,-0.0116314932140471,0.396901520746449,0.219081352796988,-0.259580329028061,-0.2387595222437,0.0226102861176707,-0.308508365113553,0.167554610705513,-0.329879460744836,-0.235363246572461,-0.236207452813884,0.0247161044116885,0.567920349366343,0.750741853278778,-0.151625415815829,-0.0595669578602523,0.198588348634109,-0.0159544455032644,0.0318501999976853,0.0078999755976796,0.0836519850142437,-0.150588542511844,-0.0577795847659041,0.466132568916094,-0.0242857608844888
"继姐-继妹",0.00616377229323663,0.125138029733001,-0.169218668429117,-0.289274332127827,-0.0175275244849861,0.027927550515881,-0.113984361382156,-0.0435736469793366,-0.234159394653201,-0.39498972283198,-0.186581197485391,-0.149691814547982,-0.262874890212824,0.0206587551265085,-0.0548520446290463,-0.280195101031579,-0.288737703629958,-0.0151040192819464,-0.380165692811819,0.63613107185577,-0.348929842555184,-0.0900185648603391,-0.0710870485247258,-0.107835309810709,-0.0629597579802653,0.178458892523206,-0.141040970067316,-0.000951598677037564,-0.252530743248921,-0.173646162225629,-0.032668739660439,-0.290187972676577,-0.343449288909659,-0.0141965928703887,-0.315743752823538,-0.161661953124876,-0.0941429470773421,0.211437564617569,0.053450854676586,0.081418415406186,-0.19107891432832,0.0107662678353581,-0.0559574350471074,-0.177390093897857,0.209219553316138,-0.0484723348941146,0.167102802506233,0.36259913454511,-0.114413189439836,-0.00392268591051349,0.338422301879408,-0.19547930677066,-0.208110997413798,-0.142387469865564,-0.0869259674040221,-0.224727194414527,-0.367343920422124,-0.247517518715336,-0.253458282935101,0.735386180838891,0.448985456961874,1,-0.116274326525645,0.0954485970712302,-0.121263592470222,-0.0484107075808533,-0.258672159097974,-0.327396840573554,-0.283679497900521,-0.201082676269309,0.194380095994946,0.0040051664938899,-0.276227790130015,0.57673832934018,0.000860190429691626,0.728924515203802,0.753267456884075,-0.0563830927166292,0.00107946600631358,-0.134250119448415,-0.231768363145088,0.160350250467917,-0.223333504991313,-0.245943157216684,0.644874715229207,0.0798114665699234,-0.0229667432637464,0.0204967181560904,0.095985614597747,-0.135333619539768,-0.229616970241582,0.0668292832308298,-0.156910276682323,-0.204927170522905,-0.206337910743523,-0.280155397415105,0.148557817576227,-0.0511370676999303,-0.126679132716487,-0.305388062162233,-0.0785368280346606,-0.180542457233978,-0.0711992499705301,-0.325027308636149,-0.162548888217264,0.733963168570491,0.651505942466,-0.199511527187741,0.863614059036246,0.791445221045589,-0.217468821754699,-0.242941152055525,-0.0442646043487147,-0.195795599901239,-0.0128016591114589,0.128452722144904,-0.0816303196715687,0.453907187666191,0.183790417202771,0.444386114142736,0.239120935978004,-0.377559983585195,-0.00930152277029947,-0.301721345550351,-0.263321001145521,-0.0753995900005089,-0.150651769966339,0.296794167419241,0.34834563304933,-0.376808767033076,0.531614039152775,0.356491453523593,-0.295792006656459,-0.0677331067509687,-0.120080724371868,0.113669891660363,0.107803793764528,0.130672670996403,-0.179963106277613,-0.080367406027179,0.0520186355394893,0.806447869879925,-0.246238444046714
"继祖父-继孙女",0.575971159207998,0.344000583205246,-0.0582856569606967,0.027068017477577,0.226280750866217,-0.0502738504124628,-0.103884474379241,0.34272671749745,0.292621166273527,0.141843232644003,0.0558657438302043,0.200747906948777,0.0932231650820864,0.519759962067404,0.00465623023328821,0.390776518783737,-0.226475518826439,-0.281110467641521,-0.261900941612636,-0.0698898571325135,-0.0789779084432362,0.160643940727436,0.0719032438014657,-0.456164588328397,-0.10340988993519,-0.00741617678293888,-0.0116470169781527,0.0654489025559529,-0.392871677604552,-0.352803113364597,0.72537727571044,-0.182972721670135,-0.139983550881657,-0.459540824648328,-0.386623805827485,-0.0041583991839488,0.571478731592333,0.177645498434201,-0.0271518066675028,0.301784413269674,-0.350642703318554,0.0266637653518595,-0.00292455764681665,0.0992855158823765,-0.309082244804057,-0.265470825941168,0.56236358627559,-0.0594850892217421,-0.16339999621348,-0.299273592811514,-0.308663995985019,-0.110007329281428,-0.358535307206253,-0.351340131507821,-0.446822912679849,-0.36849430416789,-0.247115827523058,-0.329458202228499,-0.214614093683839,-0.208206657862694,-0.126520545606208,-0.116274326525645,1,0.767995269222533,0.172591584428987,0.0907576914458078,0.520127670574087,0.307330491972735,-0.321550003604606,0.0750075153135273,-0.30256218432899,0.322680620556343,0.324267282667955,-0.0520157795830579,0.283353357883551,-0.263721063417924,-0.150625203176344,0.0567010242651857,0.164867330399535,-0.00338449620988002,0.102452944388774,-0.189436725117157,-0.3060144625221,-0.386581501802149,-0.0362930760876768,-0.390536134830552,-0.107090343233441,-0.329885560979301,0.408524956874623,-0.128654158949081,-0.0582853276070721,0.32680637172228,-0.339719412628649,-0.136447409223064,-0.338512743369158,-0.126048819933008,0.316455236726326,0.21382130811178,0.424047871459426,0.225637577196575,0.291071318824948,0.136224885479157,-0.234117517736099,0.30930268299349,0.0592369297093595,-0.291266482131829,-0.168158524596533,-0.26311514271252,-0.125518319989924,-0.0328532064149733,0.206194075249642,0.11764284101858,0.247162904133963,0.113445143859457,0.135171721351436,0.00891570097401082,-0.25867408228236,-0.218537945593124,0.605906059833289,-0.239650556484251,-0.311469017295187,0.226719656246402,0.269433361719908,-0.247674118290873,0.257733981999497,0.574364569795476,0.215482656021678,0.162923830985466,0.243116773942982,-0.205597620143836,-0.277256935183226,-0.197074251305612,-0.295662663184729,0.708316942430102,0.258071446107989,0.200557069462439,0.274457842758575,0.23489918892498,-0.00432794959875416,-0.428335771185058,-0.353598390032532,-0.084680689262797,0.506243842109292
"继祖父-继孙子",0.536294536827303,0.45798503295629,-0.062241292167719,-0.180983357301774,0.108797951870265,0.0167269599807353,-0.150395206835885,0.342207963550364,0.0243180748549888,0.124570655509078,-0.0278217100147011,0.280053348993855,-0.0278710397695734,0.528515634749182,0.0487458409336006,0.122486489367022,-0.363673490973513,-0.163612000388048,-0.224670709966936,-0.0513808150506682,-0.14521839676825,0.0165916432228625,-0.0337227492679538,-0.383416825416358,-0.0634648387728797,-0.076844831231791,0.0338450910022416,0.0537214490475133,-0.477561062856878,-0.40006789966267,0.499391587728813,-0.36247521209397,-0.32633357029478,-0.308227752962386,-0.32801883642297,-0.0285806646676554,0.487390901604513,0.295558585550303,0.0534172610897452,0.147675909480566,-0.401736309433222,0.0536259867953766,-0.0699078806428396,0.0798427162730137,-0.274928349462755,-0.211518995009158,0.617353706847578,0.0266957142123048,-0.163973700676231,-0.305160792455992,-0.327062589827261,-0.0809497080716217,-0.327307739214378,-0.317394970186788,-0.263283060526288,-0.319764131569413,-0.306493239988216,-0.416776182606094,-0.23440882473571,0.0150365573697923,-0.041770985616023,0.0954485970712302,0.767995269222533,1,0.314886496400184,0.200689255269754,0.271291954700033,0.213906221142864,-0.326738814115165,-0.0836340486170923,-0.263752395433867,0.387945486890372,0.162049645920802,0.00297270402227226,0.392505896784157,-0.0162404970384515,0.0631683967171296,0.0563520851263608,0.135021507108467,-0.0458255213499085,0.0923091835510354,-0.206262007900937,-0.402935643635106,-0.320149969177009,-0.0158688971148672,-0.255032765059938,-0.0317602277373228,-0.297558565492562,0.530326654670568,-0.142301331102606,-0.0824507103544122,0.504239745274427,-0.175564697333528,-0.122644599784684,-0.307439253669872,-0.174459551414625,0.452325255126663,0.331942695293053,0.3881250006588,0.0860043580853662,0.154417431520834,-0.0286975491799141,-0.175585867514125,0.0907596296908874,0.0675871658789261,-0.0937311428419494,0.0446685132234914,-0.35540723441754,0.0355911061386779,0.12470101724084,0.16618938882434,0.0724037864026561,0.239368474966954,-0.046512388724241,0.113145415229329,0.0359311704588478,-0.225773297121834,-0.169382640518737,0.780254310118651,-0.246330590735088,-0.237570242283329,0.0398547652116004,0.340997210681257,-0.386353924194103,0.219607474192017,0.386582924657497,0.0881509547124417,0.190914280152338,0.290876805095364,-0.26964544948715,-0.239138554419896,-0.1379166515255,-0.373016720730228,0.492125458905514,0.0696721115073613,0.411055401686288,0.331623366112001,0.246913517940873,-0.104703695435031,-0.373809313554931,-0.316661806872919,0.0948549319098167,0.311679921869008
"继祖母-继孙女",0.235331583114471,0.267222622495469,-0.206834413448353,-0.309933711139196,-0.0786212212030824,-0.216897157295981,0.421713447680886,0.561692210301838,0.249848625506735,0.175378865411236,0.178120288522349,0.763353761233244,-0.321948975079384,0.305317568265337,-0.261834180421467,-0.155144294811865,-0.382873574258669,0.0158351663484192,0.229296926410331,-0.250229609302242,0.231921490239146,-0.169066158855451,-0.232602268040779,-0.069218073901567,0.232647084337329,-0.170333053235203,-0.256342700260907,-0.187887475505044,-0.265023624145204,-0.210953767035196,0.0950435060519165,-0.240130492936946,0.0896482992461599,-0.0557822895015596,0.161079214900836,-0.250952182228254,0.296882647999129,-0.0557460001902472,-0.175921791352953,-0.144159680511656,-0.320431166333775,0.143199671204346,-0.327230498441257,0.123281297213857,-0.339957727915868,-0.150286941696555,0.294335602925708,0.0404191501913061,0.187704954207215,-0.0671381550568008,-0.292175423251816,0.239110710263196,-0.160511130666503,-0.266834258373089,0.112362841752293,-0.160657581915838,0.195551358120032,0.133835591888378,0.141220054441598,-0.0199928933541197,-0.250001527525718,-0.121263592470222,0.172591584428987,0.314886496400184,1,-0.241509221959252,0.0947858681252548,-0.230073536242495,-0.314862862953364,-0.346184835154704,-0.343486665270549,0.547453056865412,0.360600797073687,-0.0973933891319475,0.258325233928863,-0.0375727843271369,-0.00727327408915683,-0.328506472083648,0.180896762349272,-0.285941836737116,-0.212841049698833,-0.109775371042267,0.083526860148832,0.169828877072482,-0.270763791589438,-0.0889078424133045,0.0717435246452868,-0.0366969756474882,0.261867517201318,0.296515734751748,0.229589894049108,0.397571474996738,0.143123884919304,0.0860471378661839,-0.374438287204149,0.0357375964643644,0.312484759324272,0.636323305007061,0.464275718805435,-0.286572226406414,-0.0927097873873179,0.0345190356103627,-0.368951984563675,-0.246576725974374,-0.317384899267763,-0.0793928780314201,0.0450190020335605,-0.351496687432435,-0.0829134290670287,-0.0948942401376419,0.469329112537884,0.208121485424506,-0.105439045779308,0.0179676992086673,0.15331728012276,-0.319221177237256,-0.193356128482645,-0.250656418105073,0.242030051341897,-0.321937336708888,-0.331616604336155,0.413027657942265,0.261085316261884,0.0842195269037786,0.468706121524796,-0.117853406856995,0.456617659621332,-0.116830509425669,-0.00792694833377066,0.181939171706105,-0.273637179826201,-0.32563275524635,-0.329564401507712,0.0315026422304449,-0.315012915631142,0.346931828573873,0.286772025749295,0.165186658795961,0.0726286132511043,-0.221353714094293,-0.106964624934139,-0.119793546071989,0.109564997855992
"继祖母-继孙子",-0.125794455301721,-0.0448124012343025,0.4850269672827,0.346647847260063,-0.139597220818051,0.309979506715323,-0.394157919134792,-0.293424421846626,-0.321845521149812,0.207632528945185,-0.0891993526108033,-0.354559169845939,0.584577144751284,-0.139966859888223,0.667464303603867,0.0474602614027102,0.124423847280422,-0.218861426660763,0.109090066428398,-0.0947220177146072,-0.314097286447643,0.381397142981946,0.575058150543232,-0.303987932111854,-0.264414568127866,0.2638624853723,0.751883135581545,0.681272549066617,0.14087613691076,0.00855811225616673,-0.0385899732055296,-0.000352114785074536,-0.274250278403824,-0.266526654096695,-0.0789176919289938,0.63842921796426,-0.130309924354043,0.0756219344191811,0.411674845437417,0.0329127721729456,0.129461584255809,-0.375908885543204,0.512860793695298,0.0178828213588164,0.00351576664422035,0.171169328215291,-0.0215209442340854,-0.345200814381551,0.0756799106576752,-0.231340790750079,-0.0990910954254904,-0.404854581349222,0.00463794051969382,0.222501460060382,-0.306496158992873,0.0273763402771503,-0.0449434047189935,-0.086653010107711,-0.132693970950061,0.0515619145920565,0.161051926826021,-0.0484107075808533,0.0907576914458078,0.200689255269754,-0.241509221959252,1,-0.117017806517806,0.352366105286951,0.229775976743271,-0.0550318069909015,-0.00165866132996924,-0.266364573410026,-0.22488346910777,-0.131420464410808,0.111728071342142,-0.0284593698080135,-0.173554805107386,0.684526082130331,-0.0535191209154483,0.584395681021636,0.55011298628733,-0.239534226316909,-0.33088849964909,-0.137602769752779,-0.0349356318752604,-0.132978294549277,-0.27192944875875,-0.182887914144037,0.0590250901741788,-0.422140789328073,-0.369587162681477,0.0331893167218833,-0.273672028911916,-0.282479113757316,0.223189178886704,-0.404445087591572,-0.0336555560550061,-0.270241032429101,-0.315736768254046,0.352240313741113,-0.0176124188432808,-0.228255399020302,0.369226208016726,0.276007051303095,0.717051979589636,-0.0990945161121302,-0.0939025937479376,0.0897624096357164,-0.0283383556969136,-0.0281925661573435,-0.286128959670184,0.164844700158091,0.0216430009120973,-0.314410407687916,-0.334587614005257,0.615924021891945,0.163721489409974,-0.0575127436751678,0.132165085099143,-0.165577340661838,0.0171121579103222,-0.463243591955235,-0.180591104339098,-0.285070224882906,-0.449826707513074,0.204876441354447,-0.358919293880326,0.0666357945319007,0.061310916430479,-0.302405409232611,0.133442217746613,0.204946042731924,0.0970105504959455,0.0129845040372791,0.398244013588657,-0.0239436742786293,-0.0151454420803136,-0.0634830651797803,-0.254851840296953,-0.0991920143981848,-0.206625583481742,-0.0974638811454856,-0.0711415258218604
"舅表兄-舅表弟",0.555604909372365,0.298282076639457,0.0141624039130455,0.356758472515997,0.286253453288262,-0.0450040468677957,0.0650554584448809,0.0244681234084356,0.360295489099861,0.199715392601281,0.344858213376714,0.0845036621489534,0.20640121120529,0.404751959589023,-0.109133181215948,0.662446118255155,-0.0986493469015806,-0.231253828396126,-0.269268650221546,-0.094391896841815,0.148524964261221,0.281330927427162,0.153777136525989,-0.392692793563279,-0.229964806972624,0.0404374604851127,-0.0247286383349885,-0.122000966079607,-0.164459721392198,-0.278186945759736,0.524223438447694,-0.00796008534069403,-0.0429795324009157,-0.412635868056016,-0.160586777429956,0.0428432522502456,0.608842130395073,-0.0315380115346077,0.0167240759803093,0.168084009090949,-0.202113275035099,-0.0176784247681521,-0.0187858041718373,0.178655449487502,-0.218895799760727,-0.215577322303794,0.230389299655866,-0.0142444332837284,-0.141225537696001,-0.209105677924639,-0.1584082236502,-0.163869339610608,-0.40617562208245,-0.26395996775064,-0.414797120316857,-0.35972129733832,-0.207441353538343,-0.131327892522572,-0.108548221743713,-0.35622780506768,-0.0967441591239517,-0.258672159097974,0.520127670574087,0.271291954700033,0.0947858681252548,-0.117017806517806,1,0.356150626995094,-0.16970465437685,0.157382601927128,-0.199883591839785,0.0155930489359545,0.331113748885585,-0.0956707037857894,0.160712032555904,-0.285503168698534,-0.127665735540265,0.0681729533642847,0.229819805326987,0.031005220651694,0.116884124616096,-0.302845425071053,-0.0313020500798313,-0.113304589147579,-0.153115526090603,-0.440437161708513,-0.26945972105872,-0.329972071789789,0.176988787211452,-0.156609898827189,-0.189352146932418,0.136501255725598,-0.342203097459637,-0.304735284778055,-0.289406959675103,-0.154134924955646,0.257566468960529,0.0708422137619511,0.18680009890534,0.311516432142496,0.259041699141814,-0.0487973402196852,-0.411649689661359,0.410806297242688,-0.0520292452542532,-0.291502238069473,-0.255256025284636,-0.0980276085906801,-0.227928950903581,-0.214532617913224,0.179492816111442,0.0803567596440819,0.0947296851314043,0.290429255772278,0.11741262389649,-0.16340732071964,-0.240946696332909,-0.13478331315605,0.268160072253266,-0.0694891809132867,-0.208227139395735,0.487455169220692,0.332740646710134,-0.134736620315842,0.18768770447091,0.389635445673316,0.268768357308908,-0.0315010707536728,-0.0861380523246373,-0.0307790273155798,-0.160343571739001,-0.185071761774047,-0.0475672407651403,0.655999764093777,0.319800936373952,0.141660981914494,0.166832165691785,0.200461215272995,-0.0190927594369297,-0.394563599367599,-0.376867708364778,-0.197675910163972,0.752746637981313
"舅表兄-舅表妹",0.016125771968885,-0.0033267302537599,0.266942631599679,0.38557268203768,0.010798513004772,0.303600225048212,-0.351179747328617,-0.25801081686622,-0.0323749619215177,0.206368114797437,-0.0416660486272007,-0.174114826228064,0.583028094055911,0.0874032116317956,0.246042120262078,0.447629606543277,0.168062463079524,-0.252266228463078,-0.0408893782202207,-0.164687484457389,-0.0853331204554331,0.223748241442135,0.183403522178507,-0.266709376810348,-0.153517987425237,-0.147407830492867,0.363353566639642,0.222537269930261,-0.135821405712218,-0.220584878971129,0.0885537472125325,0.156967612364485,-0.0049105141977923,-0.24597003401864,-0.0471862921259995,0.485030681363393,0.128043488640559,0.0385066106577507,0.180601407042721,-0.133807595545869,-0.0705098955751526,-0.215149289804368,0.308986334751823,0.175362571660044,-0.0289100433725052,0.0408752836782322,0.00514052652961248,-0.118204217572649,-0.337175033115486,-0.262570612801498,-0.071722563030181,-0.272530757768734,-0.0965246239653728,-0.134557476612391,-0.240537752620457,-0.15562405333059,-0.122905999864862,-0.226179408586224,-0.082474254155641,-0.246903045688623,0.0842669236956317,-0.327396840573554,0.307330491972735,0.213906221142864,-0.230073536242495,0.352366105286951,0.356150626995094,1,0.241908082367185,0.300044049196169,-0.0191305425696329,-0.210670892379386,0.08944876425351,-0.17818640831823,0.0530504872267298,-0.124084235219864,-0.304041943908467,0.429200050920557,-0.0688910952522809,0.356138292866102,0.608909662549207,-0.371377722267188,-0.129090001095982,-0.139150735515473,-0.184120043589507,-0.389267722426509,-0.326511325115483,-0.377831227379265,0.0378268197474531,-0.308521143821299,-0.111552181268549,0.00780926699357824,-0.118941003697279,-0.0161399546160955,0.0977253212772333,-0.00170373493076728,-0.0463579230121195,-0.318276113207471,-0.117345844851458,0.656523667961578,0.0652670700876873,-0.179917480810385,0.0169136183497822,0.757337152905619,0.534925917486676,-0.191208911369043,-0.234360461813106,0.154548821738401,-0.360504552667885,-0.274176532457447,0.0346948031106671,0.131529075020617,0.206308348026916,0.213468297318311,-0.152308189786835,0.117676542983858,0.076391301264323,-0.0258356891544718,0.129091111639384,-0.0362004217781584,-0.0755842493291832,-0.00333087512914072,0.121301064953254,-0.0496046222537004,0.0062632418722007,0.456394053757188,-0.252260207464848,-0.178785608135487,-0.191932432460239,-0.00967163362874488,-0.0892602018645416,0.231587290272459,0.133889235433582,0.224587144628809,0.298148325199237,-0.079045274073271,-0.0743769873542926,-0.034881768389745,-0.186277556575905,-0.248615672865664,-0.411202239559157,-0.367653336586376,0.370548190056834
"舅表姐-舅表弟",-0.436211628069105,-0.469106306997097,0.137905650757241,0.193284936626171,0.140512006850758,0.166650367093858,-0.36486030621305,-0.334490934842549,-0.226790349419594,-0.138163151950059,-0.391655474561962,-0.300845097446352,0.269341701090127,-0.491656268386654,0.154847363213018,-0.111898531039628,0.709546169259019,0.25913685761894,0.0266226767936251,0.0366603173678206,0.0194805547052656,-0.106825086856565,0.0109234183399375,0.0695604691164387,-0.0277482924567017,-0.151971933568291,0.178448765108205,0.158998977842286,0.659909266984964,0.421434696082433,-0.430647503039524,0.594000029619863,0.0591350007118031,0.177759065713897,0.175747131836788,0.227404703723577,-0.431875384043044,0.0439664598088517,0.0230548414751892,0.0443798357722754,0.613947587204353,0.129274438894072,0.175059185829695,-0.32440535415399,0.276107511276822,0.26822441333524,-0.553486214599922,-0.190804940844865,-0.229463019748816,0.238555864837509,0.265984561503292,-0.105158288984461,0.24578704111086,0.324007155184574,0.0596401988034249,0.203370967555604,-0.0261805632980104,-0.0835150257859099,0.0576137225428192,-0.259142814512257,-0.0129770604823312,-0.283679497900521,-0.321550003604606,-0.326738814115165,-0.314862862953364,0.229775976743271,-0.16970465437685,0.241908082367185,1,0.483236743119434,0.290050019862671,-0.338757656906599,-0.154537005778709,-0.0861678243269287,-0.430232163646519,-0.106960514725419,-0.170511446652053,0.25221445817394,-0.501583462166646,0.215698134281021,0.237998316780421,0.137867541880475,0.0526091852506031,0.051609649472687,0.0122872484289365,0.107982184379463,-0.0157678724501477,-0.0266185154208813,-0.443262800740602,-0.0828729345200176,-0.0244092571564714,-0.394424293108215,0.0766367748781741,0.0877147430154485,0.46220809338304,0.0895933713732491,-0.471952412300538,-0.392178198509988,-0.29921124231883,0.127993081866806,0.126506466253645,-0.046521470071071,0.42560967538488,0.124810845100166,0.318323410601033,-0.205589275093218,-0.19568267519468,0.751909937955787,-0.280424585311508,-0.167198213904439,-0.192432683573219,-0.260022772544888,0.248628653291833,0.201541463611827,0.196113161708229,0.0152961407736795,0.30846992063579,0.200908193872582,-0.370554191727292,0.230058631206144,0.246230668545345,-0.197043336663416,-0.367268060950724,0.121317250332933,-0.235444860791163,-0.1456375011944,-0.373399811154229,-0.0644661685593525,-0.0653671108426684,0.0719049716990189,-0.180331207392022,0.092860604592562,0.729810845514115,-0.368573120701366,-0.0133983658259362,-0.478923244288687,-0.46832340998811,-0.431363001871688,0.0143599107797916,0.172126037685944,0.0385521660852735,-0.233574729559129,-0.203088995714522
"舅表姐-舅表妹",-0.0888711330242179,-0.386343087083279,0.0799126735172603,0.0412539851468828,0.463972661945631,0.153147007115426,-0.294967000030385,-0.343102617198108,-0.221055351405958,-0.354117759162056,-0.405877185856339,-0.284295564916758,0.0532504931842927,-0.213923037086128,0.0569521950621229,0.126977074129678,0.573721265623554,0.136155400066674,-0.273553368982785,0.193354014963362,0.0108910878900603,-0.0438669426745616,-0.109015095619373,0.0521668072129064,-0.0427336035605034,0.0238864639367664,0.0455451002431008,-0.0561850041718445,0.232138507473857,0.129818799683014,-0.060071732853211,0.574442190031391,0.00595837445357539,-0.0103465956254802,-0.208468676385359,0.0192656931518694,-0.0981621197952958,0.353370054703453,0.0594948123330281,0.40590032201687,0.2641915049818,0.229209102782203,0.0539615514834181,-0.192608644468721,0.182818251134772,0.1313911513063,-0.275525324752244,-0.154418945275534,-0.445907531835625,0.0412204417273564,0.200784116928346,0.0205131084396046,0.0969456295386889,0.101554298588566,-0.0415303628980704,0.131257483078261,-0.299848676838237,-0.190151328441828,-0.054826196462266,-0.227345292254148,-0.258595438673063,-0.201082676269309,0.0750075153135273,-0.0836340486170923,-0.346184835154704,-0.0550318069909015,0.157382601927128,0.300044049196169,0.483236743119434,1,0.157386340032094,-0.29260283952362,-0.163528546954621,0.220432644104011,-0.408293984769327,-0.154166934082901,-0.0649144887096167,-0.0101281712985515,-0.439664994491794,0.000728695720649078,0.160028564677745,-0.0196429723627759,-0.0274621586168778,-0.171829215212363,0.1896039638414,-0.166915849874321,-0.0558179112428185,-0.0666378884634964,-0.367707360601585,-0.0622235343167923,0.132732122998863,-0.377769115936753,0.0579709086101439,0.227272655241749,0.203199003537385,0.291377231411874,-0.468283179151791,-0.362545719909868,-0.186841268110443,0.273883341914287,0.562221844332901,0.0851991030988594,0.100562565177811,0.201255767218823,0.101752089071966,-0.173284120076762,-0.102484119235764,0.543134080532634,-0.230973619123067,-0.0549214012946335,-0.0812604986890203,-0.448219746854208,0.682003971969393,0.216830135590585,0.218648846167093,0.0292461627242892,0.139927839909141,0.308869754023072,-0.0860427445055216,0.2457155352897,0.166677608412084,-0.0218828572195627,-0.268628535411203,-0.0493628946616489,-0.0644247024033454,0.0441802474577197,-0.23163294333645,0.134276715594521,0.186606665888706,0.0556488923278586,-0.249384985387237,-0.128085633884144,0.508552430896657,0.0410758044689028,-0.0017244855126303,-0.373061628929593,-0.464097849354337,-0.361109484944572,-0.0496971398751817,0.0119130016643288,-0.0567955575112806,-0.111243684778086,0.0269751351567255
"舅父-外甥女",-0.294160183474396,-0.27519836584888,0.0977561929363972,-0.0347964954442935,-0.0310470164954878,0.00504485132503855,-0.304527218863797,-0.308851423648329,-0.24038100016938,-0.0978665791837992,-0.230475682473954,-0.344500560914644,-0.00319774267251708,-0.355380214848663,0.015093089591052,-0.200035111886251,0.204874477199439,0.0650074710658502,-0.128836160098165,0.376706119222468,-0.242252494119295,-0.155567540079142,-0.145517348450013,-0.0593708742114538,-0.17257640217773,-0.160186868104668,-0.0383061409363393,-0.0244714100439625,0.259364318440147,0.132120950590962,-0.344550281934229,0.211970701323701,-0.237935509366436,-0.0239942765640202,-0.100835886146013,0.0210812425857606,-0.35497918462644,-0.0479402582420551,-0.0960547217152741,-0.0973241029647862,0.241931864961967,0.0847986904293736,0.0489547105894246,-0.199815953520741,0.967030829560922,0.626804211671745,-0.318739253364333,0.0352304958594176,-0.202220683511007,0.0437980271443246,0.703574513282373,-0.220990260764233,0.13745116209063,0.441004135026559,-0.0310330002173242,0.109727298562141,-0.174482915723884,-0.11265402910408,-0.161929391499288,0.1522584613936,0.142072598916331,0.194380095994946,-0.30256218432899,-0.263752395433867,-0.343486665270549,-0.00165866132996924,-0.199883591839785,-0.0191305425696329,0.290050019862671,0.157386340032094,1,-0.279600799450449,-0.198786127923402,0.303480817192246,-0.243906555965575,0.247995540797014,0.250092414828701,0.0123181464086154,-0.301060581512754,0.0313859924842444,0.0188849142329284,0.027724993308466,-0.116227488586404,-0.120932672019,0.381621293618609,-0.0481579460010179,-0.164275768082488,-0.0745219063686825,-0.325581454065927,-0.239393266763986,-0.194149918764877,-0.241682633454432,-0.0374392644435059,-0.0854387216632906,0.559242235191133,-0.113594174827436,-0.27345442891158,-0.35686966760515,-0.236567524755626,0.00537102164005719,-0.0593078848276573,-0.264149981999065,0.459022940894872,-0.112540606399465,0.0474857109954183,0.196343050813606,0.200411143339515,0.32810057795651,0.140166616096276,0.217927440844839,-0.153863299099536,-0.245071138130252,0.065802138351265,0.0501307532897383,0.0053587754636788,0.0358102273209159,0.641898992452217,0.537158321575416,-0.174916497548008,0.579183529917104,0.93146104613661,-0.190665325130462,-0.239639252893123,-0.126753430356735,-0.167535879696627,-0.133414822300002,-0.351946873298119,-0.141207287366147,-0.0543489830696294,-0.154487148218238,0.187599286562425,0.248268541805699,0.255943063068339,-0.317051234145416,-0.177521824173583,-0.24033237789577,-0.312091452278628,-0.246187729031512,-0.271336225761341,0.061473685225905,-0.0849336342235909,0.179640888982269,-0.236324330304327
"舅父-甥媳",0.3601761480743,0.231257576896553,-0.383510788115579,-0.473564479250097,-0.220042824308024,-0.371870013234588,0.230963863320702,0.831387199908148,0.374330604801466,0.117773012051836,-0.0221837433096261,0.539650470547139,-0.397239683438186,0.309470512662505,-0.366663804076525,-0.25044563866311,-0.446148368386732,-0.190334096921682,0.224679027459066,-0.1330697028393,0.176989565100964,-0.122761644601933,-0.228356746777644,-0.250818674918434,0.265393613922739,-0.238833065772419,-0.372149917353872,-0.107831074222609,-0.365949717577212,-0.384477434236904,0.353707102446922,-0.286783069983099,0.0518613009852263,-0.103357451202969,0.105721929844687,-0.355828475743076,0.198729284856116,-0.245917274895214,-0.439756878267056,0.0672866299117019,-0.410694312924268,0.0246398381595582,-0.42215350027437,-0.00933864509088043,-0.264959816538259,-0.164736235793811,0.49598938126933,0.176365620071443,0.320248808479236,-0.234390332566742,-0.328589490319127,0.205572044151388,-0.175506653604588,-0.321015515818847,0.042348631884537,-0.196993327556614,0.10153277201251,0.175961233523321,0.149171031559426,0.0936073794182938,-0.101041281491177,0.0040051664938899,0.322680620556343,0.387945486890372,0.547453056865412,-0.266364573410026,0.0155930489359545,-0.210670892379386,-0.338757656906599,-0.29260283952362,-0.279600799450449,1,0.527759996742428,0.00192576727555148,0.249274081064158,-0.0895279522325374,-0.056917196209613,-0.158143731153643,0.260619234301932,-0.46227187896461,-0.272556031605776,-0.0931889397015784,0.104421044305241,0.159916181060119,-0.012901657241619,-0.0174218028265104,0.257636706732489,0.013588843884371,0.317471536389089,0.211475395471903,0.14805327905165,0.361866069065702,0.152416067912916,0.3298487957888,-0.361451775011046,0.20657728214578,0.308095484550133,0.614266915404378,0.644795926425483,-0.332060704800828,-0.208230203579174,0.154102704645492,-0.225034062107834,-0.245388607314358,-0.383287948956928,-0.177647800526595,-0.0487136311241701,-0.392747882158188,-0.0398347462932896,0.0398477587471899,0.52422691014062,0.111617186827076,-0.149434875781616,0.0170584818141884,-0.0536883887192352,-0.117905112659396,-0.256968287000845,-0.145974994889307,0.466347035485369,-0.273568350992907,-0.261894743487282,0.314128145021156,0.0643121968075896,0.0764247589226743,0.509621144518986,0.076245844537774,0.38897846100855,-0.071315461011473,0.0474174403999563,0.20047977509404,-0.284831811093688,-0.258030564178363,-0.425978898182064,0.232880953187265,-0.229435624615743,0.338878492388271,0.326577290702952,0.209550619559382,0.272050801193869,-0.30054471950331,-0.163103794441916,-0.0354477534707388,-0.0106431894022684
"舅父-甥女婿",0.37075598513623,0.210807730703755,-0.368790094663612,-0.0989579689731667,-0.29131400241742,-0.413485977205048,0.224677229800719,0.567225004033293,0.725001840135854,0.255566176758943,0.160533368890035,0.368539464706563,-0.0845770273532083,0.136445988390484,-0.370694459570932,0.199534479340165,-0.229921293854677,-0.327263902948584,0.162013757493457,-0.172703284575104,0.277921562525533,0.112270573097776,-0.0228980891705476,-0.315374498021452,0.054221223124439,-0.259426341943833,-0.294807751372426,-0.106912751141953,-0.277193167712524,-0.379044202595354,0.386139201517699,-0.0668860160382041,0.258679401308253,-0.27688156338565,0.249328604496827,-0.138232192872576,0.192719128705025,-0.457341331831881,-0.400126728201517,-0.0065235062661092,-0.293769492725382,-0.192598583199215,-0.372098938637644,0.0779050776781537,-0.228744062600012,-0.193514515109111,0.280968303244404,0.109054895453977,0.331821069262544,-0.276038118047033,-0.202792073661689,-0.100314272765896,-0.327289341026118,-0.30669617704899,-0.197427002174618,-0.350949869653467,0.187451928790035,0.120710353364596,0.304628876811317,-0.185570041800256,0.0493249530467098,-0.276227790130015,0.324267282667955,0.162049645920802,0.360600797073687,-0.22488346910777,0.331113748885585,0.08944876425351,-0.154537005778709,-0.163528546954621,-0.198786127923402,0.527759996742428,1,-0.173266826172097,0.283812465414385,-0.334331950278843,-0.280025148202624,0.0137200108297354,0.305560980559722,-0.320898490355835,-0.0893585428257504,-0.185758244176252,0.255079956954881,0.228092600653033,-0.063067154058767,-0.126778750318372,0.0657563882067786,-0.101826975123317,0.217003057435674,0.0408934879084463,0.0399082994877536,0.203144254378457,-0.142452505522669,0.120513382522238,-0.350394352808931,0.136978066666914,0.304355709207003,0.501284944413463,0.547950181816996,-0.00737583940024837,-0.278232194672204,0.237274388661028,-0.242758330203373,0.101026713608353,-0.283672617483846,-0.352320428456037,-0.283799512790112,-0.207619612462111,-0.295888359234693,-0.190229194982308,0.413242173633633,0.104656323973134,-0.327875379999055,0.229064521988345,-0.149557759165558,-0.203820810874643,-0.252564306682621,-0.107032534906092,0.248214614865426,-0.115885568299832,-0.183857653830529,0.517043410425285,0.0085554047739008,0.230205630241725,0.423968643031945,0.348680241574548,0.299769470418805,-0.278758569885348,-0.199837099952318,0.298108671435064,-0.263803569333223,-0.149030272692163,-0.158271381358232,0.396572260619537,0.100162740758679,0.229418893442342,0.291935673159147,0.154038394952762,0.391913138207727,-0.34255656143614,-0.156667187476412,-0.222098373213409,0.320423721227535
"舅父-外甥",-0.0104174618099868,-0.280884611900971,-0.168360446315129,-0.364767874018807,0.0725090128058555,-0.134307561681291,-0.247059679171699,-0.120681591938649,-0.254391912064885,-0.3507594059818,-0.40103958285987,-0.202840793730522,-0.294794827572297,-0.0947965294428519,-0.0460378633903709,-0.268638969035672,-0.0400175235294821,-0.113466602009179,-0.177085003517622,0.746285224591765,-0.130272288803605,-0.0262248659084406,-0.140762061948453,-0.163127554427911,0.0787978795521291,0.0389067479001456,-0.0689419406711173,0.0217772198487824,-0.11695053574211,-0.178961045285971,-0.0994774740016028,0.113874265666115,-0.234512982722887,-0.22539027976048,-0.224249473939511,-0.0719482975106968,-0.0292201901473212,0.164050483913912,-0.053768347752275,0.227067536411059,-0.153954619623012,-0.00165047786813235,-0.228481686579971,-0.32249537305669,0.300561986883067,0.140037544027165,-0.0169297549263002,0.458757057316132,-0.22175763379764,-0.18792542583113,0.570429621966323,-0.0888525520521888,-0.221723448251269,0.0185072849190762,-0.15686504244582,-0.140096450603208,-0.468584828244594,-0.0929872573497872,-0.0626835506525632,0.551623275511285,0.342746618262404,0.57673832934018,-0.0520157795830579,0.00297270402227226,-0.0973933891319475,-0.131420464410808,-0.0956707037857894,-0.17818640831823,-0.0861678243269287,0.220432644104011,0.303480817192246,0.00192576727555148,-0.173266826172097,1,-0.23994160415469,0.562413789577969,0.732733872824695,-0.0890983882703344,-0.31503439695569,-0.259598725779448,-0.103323074743125,-0.191569788194041,-0.0542005451223115,-0.0467298120456176,0.779123960774455,-0.177062478928903,-0.166813718059883,-0.146420882761504,-0.226718914568551,0.00639661900663415,-0.0373199809075872,-0.1349939382309,-0.125264124653057,0.0775779641013656,-0.125969569877535,-0.0431675803012003,-0.281082995491114,-0.151895826655756,-0.145918394321641,-0.13382310347963,0.122537007026382,-0.20270823256023,-0.0945501584867838,-0.278780903390742,-0.163082322972807,0.543670187173374,0.645375273952809,-0.007998505698855,0.654116205506948,0.766713505590919,0.0153730452116241,-0.283557074758759,0.27070326069601,-0.187832063534712,-0.102335196961581,0.0528987217696178,0.0600517255180532,0.801702690739506,0.0968549074991354,0.64206214789597,0.371547242035971,-0.219990939686609,-0.276815035217399,-0.194481210448586,-0.17129217721166,-0.0460476889847094,-0.171533735029218,0.108490124403049,0.157292463609048,-0.0733940132991224,0.401700324486586,0.298696495536047,-0.138978324028711,-0.0160788938637522,-0.18117622609932,-0.0966825237158268,-0.246412675849168,-0.208991660514135,-0.124942203380567,-0.267574347650985,-0.218472502335171,0.620967671493277,-0.178608249845869
"舅公-甥孙",0.305462300660992,0.628875479456379,0.125785171595002,-0.110065025998404,-0.338958270924287,0.219982831504726,0.188335891665893,0.213743046392884,0.184801579361124,0.388205637535867,0.503316516926685,0.246384889778793,-0.0237195230588635,0.276148021135224,0.156354559358048,0.0893604052879244,-0.529058129825706,0.0126636435108599,0.0109890016491557,-0.284881040591931,-0.230545621224966,0.0902330202270268,0.0550560559431952,-0.1810154768164,-0.274048016397105,0.216529642175649,-0.0052908124539751,0.0151993741878223,-0.418076117874571,-0.0752110516603262,0.217717831330793,-0.443668390612689,-0.316865533556074,-0.174009537176624,-0.185308758356065,-0.0867739233955485,0.158680489315302,-0.113407173213741,0.303486452296745,-0.20686645819488,-0.325160255824676,-0.168885199856194,0.0535617243021518,0.532826553082871,-0.270185210740849,-0.219322606203247,0.431383101920658,-0.11489462935446,0.214833328556884,0.032657135500306,-0.318301649636888,-0.268490640486068,-0.138843979850059,-0.24094050553075,-0.148546691751005,-0.132813960592851,0.0230576098213805,-0.150217153064361,-0.173175207596165,0.125202518719329,-0.0435965724722225,0.000860190429691626,0.283353357883551,0.392505896784157,0.258325233928863,0.111728071342142,0.160712032555904,0.0530504872267298,-0.430232163646519,-0.408293984769327,-0.243906555965575,0.249274081064158,0.283812465414385,-0.23994160415469,1,0.0617092369017488,-0.142657410383901,0.0583205189549096,0.717801347679568,0.0365986575427232,-0.0187901315070588,0.039945828182595,-0.272330834011857,-0.192016703381812,-0.182775306401808,-0.0574547874114514,-0.215483833297578,-0.0458120094801961,0.614818095435222,-0.286348073467529,-0.332728040739949,0.640613689079047,-0.118494536916422,-0.310963655644578,-0.242417588205428,-0.34585487577425,0.607936246761675,0.38900075988291,0.233835813562397,0.0487804421682494,-0.27670432789461,-0.194022308659328,-0.149655676168357,0.0334272634817119,-0.0510319891012678,0.0342521637192696,-0.0433252857302813,-0.487859758741916,-0.0490070097959574,-0.160035488994603,0.0300980473971981,0.469741574506831,-0.284630614099357,-0.155798635218917,-0.227660020619809,0.255340579966973,-0.250187874183455,-0.274616035613074,0.420284851286233,-0.329368962525253,-0.230132488272865,0.0358599168028913,0.441698651594658,-0.330101777243734,0.0394543028884507,0.238960441780854,0.00398576311270154,0.079121778198946,-0.0556001184428018,-0.228611679738361,0.0593879654464393,-0.131407630095553,-0.440477637042062,0.250859306412305,0.131629398314207,0.575766280359784,0.672787028425206,0.610579347125355,-0.14780350988475,-0.214293484903153,-0.0791995426446429,-0.0685144315697947,0.140216138642531
"舅母-外甥女",-0.191175870257257,0.00849502427724401,0.0284974759632717,-0.250117257548907,-0.145918686666531,0.313282107120875,-0.122921453570919,-0.144570674725975,-0.367650957118413,-0.310766097549487,-0.113675425899858,-0.0773260772226861,-0.108920898831227,-0.0477302148592449,0.0882050622450622,-0.331859015764367,-0.277052598503992,0.0973912823253587,-0.265007753190399,0.482314279925629,-0.274361711850208,-0.185159553131536,-0.195220057214866,-0.0448221951177373,-0.0224928550325792,0.128611366687575,-0.0772908267416194,-0.00418445141084882,-0.249217193848319,-0.0719579044533292,-0.310636618196799,-0.20503207696642,-0.346925590644966,0.0282883557470075,-0.256512738193716,-0.0360540534151424,-0.202943219163534,0.137550144084706,0.213310694768685,-0.196587276367539,-0.217249161080565,-0.0261965976394272,0.0501876292485923,-0.0681590443082538,0.259686004984173,0.0243030346015062,-0.0113157136598076,0.474592680895093,-0.288192467418378,0.0531513086484232,0.427782047758557,-0.239009349100989,-0.102186429181107,-0.153269110634111,-0.0358047542538433,-0.0770979859067587,-0.315797457273918,-0.165567723564969,-0.30493144365546,0.734392396718177,0.463477090620194,0.728924515203802,-0.263721063417924,-0.0162404970384515,-0.0375727843271369,-0.0284593698080135,-0.285503168698534,-0.124084235219864,-0.106960514725419,-0.154166934082901,0.247995540797014,-0.0895279522325374,-0.334331950278843,0.562413789577969,0.0617092369017488,1,0.736330733483819,-0.0776165099616345,-0.02823844148407,-0.0303823335837981,-0.145066000127431,0.028068987993916,-0.150141316189289,-0.210598044013368,0.480573997255119,0.0234960888681573,-0.166083995948875,-0.0361952059084086,-0.0182383707371411,-0.141954786264455,-0.24272958779697,0.073697647063134,0.0640247218353354,-0.0805574170056511,-0.0519005646249007,-0.178218731500107,0.018016566204785,-0.161422413905243,-0.27001575749778,-0.224135934480541,-0.15403912759407,-0.399540492561472,-0.0600625742597239,-0.193876600167053,-0.0313935157274357,0.829756243141586,0.745999075872355,-0.167563129148594,0.69551573869372,0.62304660146832,-0.0854854457000806,-0.10928529452463,0.0274904197640626,-0.127364765690616,-0.0743667829743813,0.0671752654013745,0.0133367789137563,0.548193558056596,-0.0107617740897298,0.513778311667683,0.280792250295842,-0.340207919615577,0.0578000413283986,-0.253055012038583,-0.231428784669961,-0.184409632041859,-0.325236598106282,0.0954834240603512,0.104124354089513,-0.258896614077682,0.629733619287079,0.478729086764678,-0.2704064176227,-0.315489339363392,-0.280573438126632,0.0646391030929759,0.0881411734206094,0.13701086704564,-0.320260671273716,-0.122378142329049,-0.0639399115036232,0.585205006835264,-0.257323785659617
"舅母-外甥",0.0697334113542855,-0.00163574880242433,-0.139033803237617,-0.257991798222859,0.161950695931902,-0.00139876261343341,-0.132496630096096,-0.110744195580297,-0.289797580914758,-0.374846627328706,-0.202000423129817,-0.0459909251716073,-0.291653036375099,0.067153831075738,-0.0935391303060376,-0.23890748258852,-0.241264460792469,-0.00128858417908784,-0.335009780811753,0.634874247296992,-0.193865124177644,-0.226696709059764,-0.271291373642332,-0.036670087237081,-0.0157598364793643,-0.00152648660681011,-0.149683513527095,-0.178416229487009,-0.233941678115309,-0.140836376153384,-0.136460317017107,-0.17971288143355,-0.291172976049726,-0.0555697133315165,-0.20915410642747,-0.14494519029374,0.040935216534942,0.262967836553855,0.0353875541102701,0.0595860458838477,-0.151406249983725,0.12662086997191,-0.163562270377001,-0.253321907684895,0.212956174799357,0.0303907512476868,0.0397855819625104,0.533170576787547,-0.263233471854258,-0.0529411925854305,0.478072727147549,-0.0765633718179268,-0.284819362811433,-0.133702983182313,-0.0415728208853146,-0.226953143400085,-0.377869510688598,-0.237447795640251,-0.207904223961059,0.552056609671655,0.384466508180008,0.753267456884075,-0.150625203176344,0.0631683967171296,-0.00727327408915683,-0.173554805107386,-0.127665735540265,-0.304041943908467,-0.170511446652053,-0.0649144887096167,0.250092414828701,-0.056917196209613,-0.280025148202624,0.732733872824695,-0.142657410383901,0.736330733483819,1,-0.190238585569629,-0.171856374981172,-0.170091083940017,-0.257160057437493,-0.0292757932135486,-0.0956465995605606,-0.154734795458663,0.592907250354338,-0.0102462731198833,-0.0647397194835182,-0.111814484045102,-0.0732396885122878,0.0304812318511924,-0.0574710056455112,-0.0227677987410749,-0.0993198485433043,-0.104314478624877,-0.142432804028837,-0.125580322966783,0.000828057946166183,-0.0481926940632776,-0.128669740306901,-0.265539064562088,0.0674362611062134,-0.266399109086795,-0.193998003160017,-0.38300684939553,-0.212757295428669,0.734560902738628,0.794999228993993,-0.148872169078048,0.739931663549122,0.748255277915896,-0.103121376019172,-0.309452094147204,0.141759889113279,-0.136450752872613,0.128498392079042,-0.090730120771354,-0.00637238663607102,0.577961229981457,0.099990188096745,0.614948857762437,0.262979389126513,-0.20009234457986,-0.00930335043831779,-0.251565484876207,-0.125622506030818,-0.217018383197699,-0.1644084605521,0.190285743073308,0.259764121198979,-0.226281828437669,0.50880843887779,0.336026414187185,-0.23893462033959,-0.138850169935988,-0.308986498950766,0.0507730173040829,-0.108258794594015,-0.103947233708256,-0.209647392250528,-0.139715178748758,-0.092254060901902,0.833561993092274,-0.111972761661093
"妹夫-妻兄",0.0750766868273359,-0.00827453557467135,0.294445453571816,0.45098276400899,-0.16066071462966,0.123640050284886,-0.418237173287589,-0.268914588453095,-0.124621660042171,0.160195115070214,-0.132575572433394,-0.439975611744268,0.583028700987191,-0.139873807782972,0.385892249162974,0.124360984839901,0.148410539548801,-0.345542480764731,0.0897645938275151,-0.0494759469079874,-0.184219202552964,0.456611744991063,0.595118648263548,-0.363849354506153,-0.286087692689962,0.129367441036766,0.541576777327277,0.668593990023488,0.117881189038426,-0.177770490629358,0.0915958333672715,0.128356619544623,-0.237502394331794,-0.295932269917964,0.0134038956287612,0.640099836849794,-0.104542094308155,-0.13382625940653,0.176433844817078,0.0914805102188307,0.0482175715501851,-0.452840263094539,0.284801000264839,-0.128185203395356,0.00864211134172113,0.140307601879931,0.0209598374036912,-0.216039942713631,0.136823128241491,-0.322258659454363,-0.0610492193538437,-0.4183276923291,-0.111669093398149,0.139382571310679,-0.320176787879102,-0.0839825621010191,-0.140194800397744,-0.0319316947576841,-0.0145527512028736,0.0376714316167881,0.285020250420655,-0.0563830927166292,0.0567010242651857,0.0563520851263608,-0.328506472083648,0.684526082130331,0.0681729533642847,0.429200050920557,0.25221445817394,-0.0101281712985515,0.0123181464086154,-0.158143731153643,0.0137200108297354,-0.0890983882703344,0.0583205189549096,-0.0776165099616345,-0.190238585569629,1,0.0364441680567387,0.419099797478573,0.549304254479753,-0.277195428242246,-0.177134223563264,0.0875795627316281,0.0214362265910141,-0.155868076356769,-0.249603214353543,-0.151959248854365,0.078006986491547,-0.417851657077108,-0.44206732392717,0.0181038938455785,-0.248596256259067,-0.246516220421246,0.129600310676433,-0.325667178033547,0.037408594063361,-0.205805455029853,-0.281280923853907,0.473015989923586,-0.102168495427523,-0.163473175784667,0.273409177341178,0.341750775357682,0.559625436297272,-0.148016486436645,-0.184450808987591,0.102935434571722,-0.0729180723976871,-0.0487187078546422,-0.226377192750068,-0.0186149320273639,-0.0588958635664487,-0.216489433366517,-0.38932274010718,0.583239847113089,0.0823851786866375,0.0315289917394034,0.115111320865144,-0.0721648209490893,0.0343929970013796,-0.35991072257684,-0.236572761278727,-0.175211169611256,-0.442491799442295,0.299809380490407,-0.395142159570211,0.0821298238904122,0.0389408209138955,-0.100023717135035,0.0586506702691154,0.239232045714252,0.170625444633858,0.151745747013556,0.507050830973966,0.00763983552785382,-0.000655289190795823,-0.044345212692321,-0.0931104194495702,-0.272017569052713,-0.21868105689272,-0.130607897771013,-0.00642847024557075
"妹夫-妻姐",0.363444700366793,0.634812713847959,0.0531835374453047,0.0620977595699636,-0.294843484445236,0.0495059661917808,0.389199448225746,0.201786416927694,0.344044266451405,0.332287762520929,0.60752543900306,0.208332364720346,-0.050145116095399,0.319430164647662,-0.056908186162354,0.179697631800207,-0.504322329994608,-0.0611749205502263,-0.0626821382078876,-0.321971736699336,-0.229257428305637,0.205440636235773,0.195930122759161,-0.156794254810464,-0.33805933884408,0.327379113632972,-0.0414551492624579,-0.0244997540396397,-0.360373163579931,-0.139509409221475,0.353691091132263,-0.447547653479805,-0.161548375488699,-0.151833786894136,-0.16343349215609,-0.0787693509045562,0.241645581320697,-0.290001268902151,0.112408076857147,-0.0967429413334941,-0.347627233825111,-0.217990748890726,0.00621778522846337,0.554690128457251,-0.307654667745852,-0.193485524781094,0.467918768385455,-0.0602155893681852,0.314813636024588,-0.0218941828953521,-0.356230375936514,-0.226814987090077,-0.162240645244387,-0.233823073484123,-0.144851887008863,-0.158435195413241,0.133595524466544,0.0791832948012738,-0.161583604085803,0.116721579690188,-0.0691905229798633,0.00107946600631358,0.164867330399535,0.135021507108467,0.180896762349272,-0.0535191209154483,0.229819805326987,-0.0688910952522809,-0.501583462166646,-0.439664994491794,-0.301060581512754,0.260619234301932,0.305560980559722,-0.31503439695569,0.717801347679568,-0.02823844148407,-0.171856374981172,0.0364441680567387,1,0.00605743787053054,-0.0674005430333551,0.0386447960745682,-0.110392143016844,-0.0732717105867857,-0.23943579210583,-0.0314455366427067,-0.171402390217534,0.0810429007158278,0.576475791573598,-0.252460077515287,-0.304179661298657,0.516054592818621,-0.105702486817495,-0.284749030943967,-0.302509601181713,-0.257403989781168,0.654512674034954,0.345591250364998,0.15432436172685,-0.0601929090803302,-0.298276990231746,-0.200530550939085,-0.218435029317254,0.0790308316130195,-0.167990180044174,-0.0155197176908339,-0.0881786239237795,-0.537377076403954,-0.0387396385967012,-0.220784477174113,0.0728408644824809,0.412004992789888,-0.414343287742122,-0.112887987254691,-0.234593565278387,0.22123071335974,-0.240036981182369,-0.349557899804698,0.265254608466414,-0.357898399360699,-0.292322701522954,0.174790242266811,0.418833701610122,-0.179230941981474,0.03569381113417,0.182007871629516,0.175867353001441,0.0623197858718012,-0.061069426159093,-0.169687800218548,0.0961324276745608,-0.206886526727275,-0.422571252190401,0.342491387059944,0.184480082599246,0.576344573208314,0.697537730809064,0.61346203343855,-0.128841185357512,-0.190139194418018,-0.0736531938439275,-0.0797099709432651,0.1907477732167
"母-女",-0.170732951157798,-0.092368083185539,0.671911818966642,0.594853272350056,0.155803791845437,0.565802264934981,-0.194993135052261,-0.380638360014241,-0.233531474428296,0.247074521045821,0.231790235989586,-0.180950648146951,0.664232125048464,-0.0673595013237182,0.666034922605335,0.190988410248342,0.18583734280639,-0.118214785070781,0.0141672382352685,-0.129951316787474,-0.267658049130734,0.0231688496334148,0.292363760906691,-0.142275537778489,-0.288757333741916,0.157794991749265,0.598367518439826,0.281693764765055,0.202220574425575,0.239127303373092,-0.074004351836373,0.0409329605409443,-0.154107155643336,-0.114252306849416,-0.116753804467014,0.593704292374826,0.0349479201783652,0.163737615289204,0.526310781154601,-0.105270908148662,0.321294645908285,-0.198619683559011,0.78893311994145,0.178088608370158,0.0129516294365866,0.0157222898172326,-0.164953501735793,-0.390912624604279,-0.149162788732965,0.0578014455571797,-0.0812047730135523,-0.331118848070111,0.122454561754231,0.183217442947689,-0.259799049882321,0.0155495211095741,0.146320738880308,-0.135458818066347,-0.284347044603486,-0.217863758542693,-0.0636616432267885,-0.134250119448415,-0.00338449620988002,-0.0458255213499085,-0.285941836737116,0.584395681021636,0.031005220651694,0.356138292866102,0.215698134281021,0.000728695720649078,0.0313859924842444,-0.46227187896461,-0.320898490355835,-0.259598725779448,0.0365986575427232,-0.0303823335837981,-0.170091083940017,0.419099797478573,0.00605743787053054,1,0.468098089345476,-0.112252677292185,-0.346049657533969,-0.224602288627192,-0.238174219498057,-0.243489955011384,-0.335412137367731,-0.288577811124534,-0.0677485415780113,-0.352335261509319,-0.24908545438662,-0.171491886833712,-0.276381736354861,-0.362520340711786,0.328143252557563,-0.308620503509129,-0.114148615712624,-0.416071901441222,-0.356909216886692,0.315728642959991,0.121860073155703,-0.175765840172474,0.250021705755264,0.393243417405525,0.677143860638951,-0.00631536864432879,-0.201944281965186,0.146561445955194,-0.186318679895275,-0.178203774382202,-0.37554903012743,0.251400304135558,0.092976395397711,-0.061682366394721,-0.0617988943602443,0.43954726170763,0.0955387193425864,-0.217864138797187,-0.159229379818475,-0.100978411167866,-0.0440559024142645,-0.211959421685528,0.055625212925735,-0.178289224201813,-0.249394511231367,0.104447396254688,-0.262169769748409,0.0934421559195315,0.0164997919064257,-0.306898561463946,0.24769846436962,0.18510756691566,0.199964729257102,-0.0511696650418627,0.172320264050052,-0.284468486972631,-0.137547385629311,-0.0989703230999469,-0.301486603629816,-0.0452018468892732,-0.170194747110573,-0.18605678350857,0.0840497029579265
"母-子",-0.0826734016709618,-0.100510095627972,0.280813114505448,0.378727663158098,-0.128258119155629,0.126266058893428,-0.305900719136601,-0.327945541314252,-0.15532109265819,0.222200290307114,-0.0657036989292872,-0.295825040682811,0.583490842257601,-0.0355334351845245,0.3995468745399,0.301169613565291,0.222289175766311,-0.263550253663265,0.0743373925004191,-0.122762430592524,-0.170793477469305,0.384055045571992,0.427140575758441,-0.295243678189292,-0.154740044778843,0.0167412614703271,0.592074794494426,0.541518188545934,0.0686501389681662,-0.174748333656786,-0.0118598155441162,0.21926497188919,-0.123401051420737,-0.244573939564488,0.0815770775152532,0.709103784714405,0.0407106234518236,0.00026583720640179,0.141714287606527,0.00824118785049941,-0.04787188683026,-0.379351425688674,0.260880287011459,-0.0137478607564222,0.0459009055166876,0.210467325053733,0.0117240153129009,-0.248204983152311,-0.129773741957243,-0.387664386891508,-0.0342620896366641,-0.285917823296247,-0.0228529660237568,0.107547765973498,-0.283251153932746,-0.108010598728756,-0.0399920847732519,-0.0312796457722343,-0.0264443243519279,-0.101556708313849,0.0856789687136462,-0.231768363145088,0.102452944388774,0.0923091835510354,-0.212841049698833,0.55011298628733,0.116884124616096,0.608909662549207,0.237998316780421,0.160028564677745,0.0188849142329284,-0.272556031605776,-0.0893585428257504,-0.103323074743125,-0.0187901315070588,-0.145066000127431,-0.257160057437493,0.549304254479753,-0.0674005430333551,0.468098089345476,1,-0.351498890493772,-0.159276643668931,0.0692180916215752,-0.099637405915415,-0.329274015528654,-0.347638808572843,-0.303284173794428,0.068377390399904,-0.313162730868393,-0.243277658492403,0.0331891777007827,-0.160511185382663,-0.0784017847184336,0.132163561095129,-0.17723141329432,-0.0785837111632842,-0.359332564620583,-0.345719353382803,0.548981921749687,-0.0452139412054984,-0.285625675481813,0.177096233073495,0.582630679175445,0.648864251366951,-0.170276709042197,-0.172663509442189,0.189152909974637,-0.24316403858083,-0.183267254115994,-0.0328851175589609,0.155078475935966,0.036252036372208,-0.161931423761301,-0.354713440458658,0.354061897256669,0.177226581570882,-0.000578988235112728,0.0969716301634253,-0.107325440306154,0.0136812785476371,-0.171079359516252,-0.0291306006638232,-0.0360115935526783,-0.217922042622824,0.299662201748107,-0.332378269972988,-0.0830043596380952,-0.0283244836128698,-0.0244579544677876,-0.0260177009220112,0.163933773406108,0.158169735782101,0.137707019890084,0.398785651989418,-0.0464950641991399,-0.0847336617044299,-0.152290393541629,-0.212811880514512,-0.294713294735089,-0.344074026817253,-0.274088776992338,0.135470068268231
"婆婆-儿媳",-0.241544148836293,0.0566396501494075,-0.140892962103591,-0.236135724688137,0.0877155503254143,0.0690893117218252,0.103633924469582,0.0262669659685459,-0.0185966093196589,-0.254066873627654,0.0552352395594506,-0.034590368137591,-0.306324366274424,-0.186368309148008,-0.090785355795781,-0.200198148783669,0.196912866365227,0.670473280932477,-0.255996732494178,0.0316814700671552,-0.196412720572391,-0.292408768421437,-0.257109120863479,0.385647107221208,-0.115535933889968,0.123712181555585,-0.362608918002346,-0.218829230247046,0.328319445358771,0.559822479050378,-0.151081165696468,0.117781331411852,-0.134163075576866,0.461429458218133,-0.261007554018799,-0.373200021085423,-0.268245203657453,0.0985273880543043,0.0383088106153843,0.133209480415406,0.332696620872307,0.504385531155574,0.00668173927863375,-0.0646210350457924,0.0216551453021336,-0.0546337134088975,-0.13018089248117,-0.125347798869873,-0.0347574696310034,0.69070669822413,-0.0509647816121161,0.0454509843167875,0.348037391674535,0.126996446518552,0.227461501558686,0.220727989920259,-0.0481072367317876,-0.199824794582519,-0.278409929247508,-0.0179414065022449,-0.170119731204106,0.160350250467917,-0.189436725117157,-0.206262007900937,-0.109775371042267,-0.239534226316909,-0.302845425071053,-0.371377722267188,0.137867541880475,-0.0196429723627759,0.027724993308466,-0.0931889397015784,-0.185758244176252,-0.191569788194041,0.039945828182595,0.028068987993916,-0.0292757932135486,-0.277195428242246,0.0386447960745682,-0.112252677292185,-0.351498890493772,1,-0.148214532803883,-0.309329129528138,0.0316765808797226,0.470492733748906,0.238278233592279,0.433470995650179,0.0919734160360363,-0.00893824738947026,-0.0912879075461771,0.0189276907047026,0.113991630621322,-0.189590911601036,0.120361435927812,-0.184573721233535,0.0809199315768336,-0.0568733716939277,-0.0454211269300824,-0.370568541513755,0.0735191758350501,0.0911613607462036,0.175036927168694,-0.263421129600143,-0.298725702875008,0.048215364445315,-0.0755979943146551,0.248299382237527,0.132302757745218,-0.0234531072987603,-0.216744784099597,-0.175338409560782,-0.06838439311483,0.239781626670816,0.461058830691434,-0.0800280570731697,0.0109382652242744,-0.132314519174383,-0.176493781601306,-0.0513096728658211,0.00141238354192127,-0.131875134369607,0.0712388985265155,-0.135908653303092,-0.120563188170336,-0.171172291864236,0.00651493820036678,0.323778829817383,0.276581872632605,-0.327280789889328,-0.0494612589788611,-0.184292547684546,0.207689718770955,-0.21214316011043,-0.198098876516535,-0.0746294506117934,0.0672877824896984,0.10537297619052,-0.02837857267302,0.479177019177695,0.558933227840763,0.0678119615977123,-0.263193156337016
"原配-第三者",-0.143839202555072,-0.281258373133119,-0.363137105772643,-0.15702470886181,-0.204801236908622,-0.401286127264696,0.212777869167263,0.0886175370877276,0.258370610659182,-0.158670235846511,-0.0976477811537406,0.0520738861638985,-0.202404058658571,-0.235758724513232,-0.361376575362023,-0.0769165862457818,0.0735286634966962,-0.135748461104104,0.357475649091551,-0.0872763468221374,0.584733128432706,0.0413094186519191,-0.0616034719984252,0.283137827665297,0.450330437307888,-0.189332997118158,-0.25400552308076,-0.143132130189166,0.00227053339912688,-0.143025537162178,-0.166577600780917,0.128771500848728,0.699255693973121,0.18831678781513,0.672530093809663,-0.118570574668044,-0.116934257699985,-0.34125744240479,-0.388472384070394,-0.133835232265221,-0.140895102986734,-0.186429017703297,-0.405491467313513,-0.222566699247959,-0.13719625636469,-0.171963356419167,-0.252703658576517,0.221550230723603,0.326964650537085,-0.122379404922977,0.0152185684015488,0.270559011918536,-0.0506680832195054,-0.146132141332576,0.341154403549362,0.0145057004557465,0.326475166626436,0.487424459457172,0.562587972481675,-0.105795701449888,0.150129649910435,-0.223333504991313,-0.3060144625221,-0.402935643635106,0.083526860148832,-0.33088849964909,-0.0313020500798313,-0.129090001095982,0.0526091852506031,-0.0274621586168778,-0.116227488586404,0.104421044305241,0.255079956954881,-0.0542005451223115,-0.272330834011857,-0.150141316189289,-0.0956465995605606,-0.177134223563264,-0.110392143016844,-0.346049657533969,-0.159276643668931,-0.148214532803883,1,0.559807270572945,-0.0864148945915593,0.236628207332416,0.447542666516581,0.181621412786217,-0.387030545116169,0.569473303025409,0.455415533412206,-0.292043173541844,0.25794910884942,0.429623181982164,-0.268996183194986,0.535399789710087,-0.20200796485853,0.139743964272669,0.0875269123002341,-0.167525064517162,-0.25924366896288,0.283654399107138,-0.212211444283136,-0.138657569782135,-0.304375774026637,-0.113857919879725,-0.0357200791232421,0.0458518577953803,-0.14737460723988,-0.133864507260248,0.221301725635259,-0.149212571263739,-0.2808927989916,0.0594077831890046,-0.226753884445123,-0.353525556032197,-0.202325087651924,-0.0104371054845648,-0.321898626530677,0.00991834278035568,-0.100283844285594,0.241418512682012,-0.278909273049418,0.60502921033856,0.121021965625542,-0.187699529885566,0.21235127313568,-0.325580473479611,-0.359764048708883,0.707241423630102,-0.0270502836642728,0.0421418446095416,-0.00373145758020903,-0.20876092397716,-0.0645307027944672,-0.127300073089629,-0.204135034815842,-0.174777563878242,0.530224194720907,0.167178181390238,0.201375180564233,-0.0979053008047949,0.0160593887990547
"三从兄-三从弟",-0.118516986832178,-0.192586433121185,-0.165697933477413,-0.0365509282395917,-0.367885028746833,-0.350888319441537,0.21997409563525,0.0569197042438871,0.119831106183135,0.194362105477817,-0.0659641845201375,0.0700937013825602,-0.131802866553782,-0.230362804323278,-0.203320336673449,-0.156139432547615,0.0194924103351704,-0.177468833477302,0.635541669381603,-0.1382981369096,0.600860640123339,0.0579242068148062,-0.0125449249450929,0.0995165872351844,0.329241395309215,-0.318945135411485,-0.0617701719974058,0.020727538592772,0.090022769934634,-0.129122644900084,-0.270961100526338,0.0654570015465509,0.421276766372459,0.117714426029646,0.778016330949565,0.0305349461931304,-0.192264443769912,-0.443731170466451,-0.314387673798821,-0.266542184286383,-0.0169614071884275,-0.348821482070204,-0.350084683431962,-0.109431898696971,-0.114479996336358,-0.00861527339351195,-0.246835278419652,0.156391010880832,0.526106543692049,-0.237709602064931,-0.0757242543033233,0.287213461084821,-0.00772802582437335,0.0359506882948141,0.17816685810966,0.0697340916118343,0.412713499383639,0.546674655175681,0.677105680036849,-0.084980012185294,0.160119519949639,-0.245943157216684,-0.386581501802149,-0.320149969177009,0.169828877072482,-0.137602769752779,-0.113304589147579,-0.139150735515473,0.051609649472687,-0.171829215212363,-0.120932672019,0.159916181060119,0.228092600653033,-0.0467298120456176,-0.192016703381812,-0.210598044013368,-0.154734795458663,0.0875795627316281,-0.0732717105867857,-0.224602288627192,0.0692180916215752,-0.309329129528138,0.559807270572945,1,-0.160421530578054,0.0725573432305867,0.191888222063825,0.0694180374314674,-0.202418769854811,0.336154835427775,0.214292750625787,-0.105742632640074,0.221078496530271,0.341435280518299,-0.150524465413209,0.374008560489199,-0.154505497581826,0.261629990808447,0.0924688670593579,0.0271345838568677,-0.446972486642627,0.199124266936096,-0.10481290806112,-0.231668031152435,-0.111232280932568,-0.17051718857616,-0.111213549214449,-0.00596866915221146,-0.196236470035729,-0.17007404412811,0.236642917204144,0.0355045033716054,-0.38508312358005,-0.181827679915023,-0.36666893786416,-0.109717670691196,-0.0938743023791699,0.00242949072154701,-0.251652326707258,-0.0930697189538768,-0.0541734503458514,0.217198553022036,-0.242286695815294,0.561484178978697,0.161405074351907,-0.228508855083213,0.0540828133631572,-0.43282597842356,-0.428850087628121,0.745952686528529,-0.103991853293771,0.0659366094739388,0.0975730732856293,-0.192874868084461,-0.0714402629117957,-0.00626990690662104,-0.119456362578277,-0.163142810126519,0.45249166164801,-0.0257358494580341,0.0435564111270862,-0.195512369949752,-0.153429690063879
"叔父-侄女",-0.0655754401825358,-0.273678797251543,-0.282912667838536,-0.373254165311988,-0.0282382562545565,-0.188432822692388,-0.329360540352505,-0.0569045059247086,-0.116821925752753,-0.446141556557992,-0.414881620345756,-0.337725543611167,-0.230847947724458,-0.228313960117578,-0.084389772373372,-0.19426152119852,0.0450318641799501,-0.155195557391067,-0.314048413458891,0.883595598255922,-0.207225866466663,0.0105112184845271,-0.0510948246196933,-0.223925523097004,0.0205888437836696,0.0840788499793656,-0.152330231406048,0.03644420161,-0.0885986309303839,-0.150532225656968,-0.000419274022146614,0.097527748797501,-0.240391189016417,-0.143928608947919,-0.266852443048622,-0.109118470895275,-0.15809338411363,0.109336590624381,-0.123245657973324,0.352470269787769,-0.0752977021463658,-0.124850404775013,-0.190703982033299,-0.417260036285884,0.379924048412302,0.150234878866177,-0.0341805697293358,0.339269880096516,-0.138307927222978,-0.118705936520971,0.543818957782538,-0.279256494477602,-0.184745769821634,0.0439470169178721,-0.218265736196168,-0.208873428917352,-0.472097440657162,-0.222387607591833,-0.116095659028785,0.561903111273542,0.437720911739922,0.644874715229207,-0.0362930760876768,-0.0158688971148672,-0.270763791589438,-0.0349356318752604,-0.153115526090603,-0.184120043589507,0.0122872484289365,0.1896039638414,0.381621293618609,-0.012901657241619,-0.063067154058767,0.779123960774455,-0.182775306401808,0.480573997255119,0.592907250354338,0.0214362265910141,-0.23943579210583,-0.238174219498057,-0.099637405915415,0.0316765808797226,-0.0864148945915593,-0.160421530578054,1,-0.00116284338281667,-0.066629041381105,-0.0112499530587986,-0.179917362772832,-0.134841427698527,-0.206292746062504,-0.161009518095152,-0.237583600783877,0.0225850683494133,-0.0597014871441334,-0.125763729037188,-0.214519529056364,-0.182798037151305,-0.10234367333246,-0.200869707121146,0.0255583765726781,-0.06756670297227,0.103627285744701,-0.177561295465354,-0.178848648254084,0.457987571001144,0.42557146582542,0.0969458540465177,0.647801608123744,0.815638633010626,-0.0644014168640692,-0.403870972965048,0.0986318978185417,-0.062961509544453,-0.0879221529406633,0.118855188780653,0.104826848992584,0.748627700409704,0.111756436703634,0.649737157134937,0.428035478146608,-0.250013664280368,-0.369830433398417,-0.224379958393586,-0.276588456611995,0.0804059995657639,-0.245885092195872,0.132245965862588,0.299661952452933,-0.183525952574757,0.344570908819984,0.266052394515722,-0.0669151254971486,0.0424793786546887,-0.0297178648344374,-0.141209610353887,-0.190411308317917,-0.1494567410137,-0.0023684512330838,-0.150961655137182,-0.0396325502287244,0.670549890179801,-0.194660994234092
"叔父-侄子",-0.294511991059582,-0.141077334537839,-0.223168847914697,-0.371218354880787,-0.149160319637318,-0.121495025528268,0.011105234065123,0.00173617621950061,-0.0775049714302943,-0.368568203086297,-0.204826080903562,-0.0740388781787486,-0.325551022244388,-0.349272628286496,-0.156581445303012,-0.441480858275599,0.00180438367495763,0.359907876297042,-0.00479895478876024,-0.0898808608245419,0.18929359967598,-0.25653321322115,-0.176203404689326,0.625510289084536,0.216884827787601,0.0483542920153216,-0.303229114295617,-0.143480074648475,0.081076776300102,0.252715034829102,-0.304697878858031,0.020702435382457,0.127384742123875,0.694659228539793,0.134971143175683,-0.294719389346371,-0.402241905843225,-0.127294818756595,-0.070089640287373,0.0292695130232818,0.0855343774582066,0.1451439464324,-0.203655920654881,-0.283560923512836,-0.0679837801050842,-0.0214810700916564,-0.243197904104795,0.0108672317265763,0.172419407793579,0.394071904869678,-0.0916977208500139,0.326149802609252,0.423790640380969,0.23156190460479,0.58390539140908,0.424022968638376,0.00180594876919778,-0.0761617506932754,0.0863960443297787,0.115515743104985,0.0524615818179506,0.0798114665699234,-0.390536134830552,-0.255032765059938,-0.0889078424133045,-0.132978294549277,-0.440437161708513,-0.389267722426509,0.107982184379463,-0.166915849874321,-0.0481579460010179,-0.0174218028265104,-0.126778750318372,-0.177062478928903,-0.0574547874114514,0.0234960888681573,-0.0102462731198833,-0.155868076356769,-0.0314455366427067,-0.243489955011384,-0.329274015528654,0.470492733748906,0.236628207332416,0.0725573432305867,-0.00116284338281667,1,0.563668370081091,0.720794577829635,-0.102668432383542,0.331007829595553,0.226742723583168,-0.0709629608544864,0.437459291806079,0.190382649796915,0.160887260523156,0.154249029460532,-0.0845244163174103,0.0379384724998072,-0.101750041993732,-0.478357153722706,-0.21828135570249,0.270649788373463,0.316317087868346,-0.40968052555937,-0.305149858891962,0.0708807237988332,0.00436697394892896,0.0573813000316158,0.0916755385017102,0.0428577512000813,-0.237056811408171,-0.244610215129512,-0.231243765055932,-0.0418036726484376,0.0814697639734024,-0.0995638045945339,-0.0292423493628387,-0.155037677719853,-0.204560955771919,-0.125913706092468,-0.0433159154591483,-0.281523226611428,-0.178836847611539,0.0756624829270432,-0.204279286064915,-0.299085377768146,-0.174127716300974,0.126413683222436,0.054782091853912,0.0919533187374252,-0.0154239911723599,-0.115870657787241,0.00797215351992661,-0.391817664888302,-0.171694358478513,-0.070185204301326,0.0141056276837295,-0.0419699181332332,0.406509132125634,0.665243861860204,0.788541986404233,0.0908246232116728,-0.36808851985633
"叔母-侄女",0.00737395497593428,-0.106082237412195,-0.352047904265418,-0.374330354686788,0.00338861263035571,-0.283357774632553,0.0359525690680743,0.283349889111218,0.0688355868425437,-0.360656156636664,-0.277931988850964,0.108890858031052,-0.366929087272785,-0.162778784139243,-0.318530780683821,-0.376249655718822,-0.0873106771261563,0.0837497363523971,0.117116324478832,-0.133843641675598,0.395700282296288,-0.315021939157403,-0.257595656200272,0.425294966975727,0.328441583463173,-0.248332879284548,-0.441935813036301,-0.232258459122147,-0.0782807439083479,-0.0727579187257266,-0.0691717429311073,-0.0801713696675768,0.300468610352881,0.441226464582289,0.258007244895611,-0.374904421462994,-0.197607272479963,-0.097290728025632,-0.396059763457842,0.0938430782691254,-0.106653234680282,0.204119204021104,-0.348331903190806,-0.359394930921247,-0.164869757721623,-0.162847594762139,-0.0430736353151491,0.0871775579096528,0.224544912670397,0.0384461287092987,-0.29692437543837,0.538784688830072,0.256571819170066,-0.0594536362290941,0.552181960737047,0.181381862156161,0.192995886895064,0.118515180792982,0.172531447223662,-0.0474833336979101,-0.0431652913887188,-0.0229667432637464,-0.107090343233441,-0.0317602277373228,0.0717435246452868,-0.27192944875875,-0.26945972105872,-0.326511325115483,-0.0157678724501477,-0.0558179112428185,-0.164275768082488,0.257636706732489,0.0657563882067786,-0.166813718059883,-0.215483833297578,-0.166083995948875,-0.0647397194835182,-0.249603214353543,-0.171402390217534,-0.335412137367731,-0.347638808572843,0.238278233592279,0.447542666516581,0.191888222063825,-0.066629041381105,0.563668370081091,1,0.506508345220407,-0.140971379349411,0.510868028304673,0.479518414230398,-0.145390217264585,0.519234424879328,0.430324293610449,-0.0372998016947163,0.498251265955663,-0.0484505405151716,0.258937797225671,0.186688353627021,-0.478332712565102,-0.0327484125695467,0.53441707863317,0.133949698822981,-0.345911205615757,-0.428083162376845,-0.14347468881813,-0.0248868661524021,-0.0801914343244054,-0.083548629918367,-0.0071541419684667,0.00897436810789618,-0.366581393652716,-0.0403826718069673,0.120235852613065,0.176363490544015,-0.219160694479815,-0.138168472910574,-0.208139889245753,-0.012725213509796,-0.214286326020836,-0.15292352025562,0.0233822179685347,-0.222808359946058,0.194336556159303,0.134681882400383,-0.275605118581502,0.145768331246893,0.0666280521330589,0.109025447933856,0.35089726370562,-0.209820815457975,-0.164224799360721,-0.0767098122061247,-0.177459651807261,-0.278189278394396,-0.0636907009804233,-0.161606726169746,-0.157455281691003,0.543482930342459,0.380581810426145,0.58197753059575,0.0850630951436062,-0.203680687014774
"叔母-侄子",-0.218031266654164,-0.0664217651086216,-0.218285352023263,-0.304469628159032,-0.132642470219821,-0.161270404706039,0.163942009055197,-0.0650574686868026,-0.107542923681078,-0.335049431241379,-0.136332146193844,-0.0886225181738314,-0.312728564039869,-0.379357350385505,-0.27127232525171,-0.396485526613077,-0.00358952265239089,0.322136944353536,0.0327268501588309,-0.149845374382745,0.130538050617672,-0.122890451165561,-0.0420765117947952,0.616541578664324,0.127008239572109,0.220614494723555,-0.277021450413076,-0.0289568480639355,0.0916329317538434,0.177346992815028,-0.239252474960145,0.0418029812889138,0.0712792471252683,0.518297114169967,0.0311834127812857,-0.34191180714811,-0.408224709662737,-0.155628324854795,-0.160235076667875,0.125328372796397,0.0289264292569821,0.119406082330708,-0.284441967264861,-0.147233402092389,-0.0510411508632274,0.0733655068487155,-0.193857575941967,-0.0915866598521401,0.270333102797724,0.249794768523231,-0.143103706424843,0.396237739037403,0.379934743984591,0.242912526950062,0.50465998967255,0.443203830582594,0.0616325959496372,0.194308707732839,0.068768330055399,0.145042269021247,-0.0961180844106544,0.0204967181560904,-0.329885560979301,-0.297558565492562,-0.0366969756474882,-0.182887914144037,-0.329972071789789,-0.377831227379265,-0.0266185154208813,-0.0666378884634964,-0.0745219063686825,0.013588843884371,-0.101826975123317,-0.146420882761504,-0.0458120094801961,-0.0361952059084086,-0.111814484045102,-0.151959248854365,0.0810429007158278,-0.288577811124534,-0.303284173794428,0.433470995650179,0.181621412786217,0.0694180374314674,-0.0112499530587986,0.720794577829635,0.506508345220407,1,-0.0789085785472535,0.243932409743915,0.189043536076682,-0.0162144147582076,0.499622697413441,0.234520989606816,0.14418389428579,0.188158087693029,-0.069095940616076,0.076268020401692,-0.0944615375503353,-0.452970083418736,-0.11738955483985,0.299342259065089,0.238027772647478,-0.338110783842637,-0.430530613360722,-0.0341363343774159,-0.0270845964101551,-0.0538268721183539,0.051402990230369,-0.0519026883169911,-0.110886488141515,-0.302868057052327,-0.172828132159142,-0.108768654782365,0.0252499002018841,-0.000756140955748529,0.0353533624033967,-0.126258055425931,-0.216354537922563,-0.240008888835866,-0.0697068651923269,-0.171829797633321,-0.186509143084498,0.0895276229440304,-0.230707682507793,-0.382426656989376,-0.057576454178017,0.155340754532458,0.111255861311094,0.0996715498141261,-0.0479691007425651,-0.289294359229301,-0.000146779027500906,-0.298517216921264,-0.155459056635372,0.0425567202475587,0.030416959670007,0.0883903281817229,0.31159624372879,0.493950834693414,0.768540560881207,-0.0192200247449622,-0.452459374300333
"叔-嫂",0.456613062179042,0.73471925361724,-0.0739517772463782,-0.0362215236576972,-0.134168653496083,0.0137374042704435,0.220083780541518,0.310381352811271,0.167889724578059,0.252052733564571,0.366672852280871,0.237096319640278,-0.065655089303724,0.533212801372624,-0.000398337236548101,0.173037718261753,-0.396507234283938,0.0128394671253528,-0.181820257792501,-0.227012443277429,-0.245527476082144,0.171854239013234,0.120656498049574,-0.253001834929564,-0.300348292644764,0.205741514205398,0.03523641782057,-0.00195734818477109,-0.43158142640359,-0.285247101013239,0.44737285315762,-0.421764189166935,-0.354533399641818,-0.150498386217537,-0.306574439642949,-0.00335930922455817,0.431333934692527,0.00520924571249064,0.0753069922224463,0.0250500082999237,-0.42193492837835,-0.0208434466110591,-0.0462414980022851,0.286387336697358,-0.322553196856032,-0.203364247832837,0.647181097627223,-0.11159744619222,0.0472763929304357,-0.117611135506654,-0.449926340595354,-0.181475018932995,-0.190940422529938,-0.250431166245201,-0.224002364439892,-0.253689468712361,-0.153500722055877,-0.26475831210566,-0.225299765180638,0.0663758980001213,-0.130502145271226,0.095985614597747,0.408524956874623,0.530326654670568,0.261867517201318,0.0590250901741788,0.176988787211452,0.0378268197474531,-0.443262800740602,-0.367707360601585,-0.325581454065927,0.317471536389089,0.217003057435674,-0.226718914568551,0.614818095435222,-0.0182383707371411,-0.0732396885122878,0.078006986491547,0.576475791573598,-0.0677485415780113,0.068377390399904,0.0919734160360363,-0.387030545116169,-0.202418769854811,-0.179917362772832,-0.102668432383542,-0.140971379349411,-0.0789085785472535,1,-0.287164766688473,-0.323754602656303,0.77264200690122,-0.130151906272019,-0.336446128513516,-0.314864705070731,-0.401618816303743,0.755280467914386,0.392530785596686,0.195297912842574,0.0310319856941862,-0.104207738148868,-0.189152876293566,-0.188685009523284,0.105618593174625,-0.0875921708147518,-0.044339357786781,-0.0300474843229563,-0.443399864743603,0.0777222230394686,-0.0857814285335151,0.0563868722481937,0.283582629034292,-0.164728637247235,-0.135666792616466,-0.0630441208558389,0.100394008562752,-0.24406069218139,-0.337962800565498,0.533171849573987,-0.391045940517576,-0.298921710816031,0.0745020417793037,0.548005973534992,-0.364352946577309,0.0808371308041158,0.304895209188981,0.177835401661245,0.299051500707718,0.196556224781476,-0.316336397247601,-0.169320256633702,-0.244289720185361,-0.433210050869739,0.429567516760296,0.216180511759665,0.657587577473494,0.661391500141836,0.489511583624704,-0.232285738174955,-0.226466972198518,-0.14244485746704,-0.00467134698792922,0.204269677333416
"继母-继子女",-0.123499861034648,-0.269655729008078,-0.406660720729203,-0.360247477539539,0.0254745203408629,-0.323787968927963,0.144272341761742,0.247258114861608,0.122612139296321,-0.201056114359252,-0.168463110266362,0.318958357685468,-0.35944452607329,-0.000483976506107679,-0.331382844139169,-0.20993018399131,-0.0789538450770353,-0.0318793800404853,0.283623388977005,-0.0799080366394346,0.577084950118571,-0.257756518808198,-0.312881231690995,0.407382897232498,0.745824218584385,-0.282671467529648,-0.348601800480227,-0.269382200082266,-0.0870498662527354,-0.00384725610708301,-0.139189351003885,-0.0595513693557967,0.539501740071527,0.380398280329797,0.455172741518211,-0.314485541186356,0.00336974225112865,0.0162555917658819,-0.305042362105191,-0.0908997891415924,-0.08701066546912,0.137421193972614,-0.387810985353974,-0.220512808064572,-0.264035890966157,-0.239422426730852,-0.101022323243563,0.201418045684563,0.14240089211983,0.0332877792470097,-0.125027690279351,0.625609229806211,0.0649203156039796,-0.185542458387266,0.449198141750447,0.0369044216617687,0.307351617389261,0.204477378205819,0.466833166660625,-0.153975014609975,-0.134794713868761,-0.135333619539768,-0.128654158949081,-0.142301331102606,0.296515734751748,-0.422140789328073,-0.156609898827189,-0.308521143821299,-0.0828729345200176,-0.0622235343167923,-0.239393266763986,0.211475395471903,0.0408934879084463,0.00639661900663415,-0.286348073467529,-0.141954786264455,0.0304812318511924,-0.417851657077108,-0.252460077515287,-0.352335261509319,-0.313162730868393,-0.00893824738947026,0.569473303025409,0.336154835427775,-0.134841427698527,0.331007829595553,0.510868028304673,0.243932409743915,-0.287164766688473,1,0.772104687454711,-0.215500771433316,0.35053828811895,0.546149550826427,-0.206943119565663,0.579847042781964,-0.215498418570427,0.200534102841707,0.29182865218319,-0.351349342792705,-0.0162344654402664,0.365191486928413,-0.296502043873385,-0.290221454333963,-0.390021344088656,-0.114457329348577,-0.0236020453247843,-0.110729813306644,-0.0726471512863061,-0.0302261104759706,0.201597798479182,-0.0386352215014203,-0.0600621620654579,0.00500327630806565,0.156647813179641,-0.438006681943736,-0.218802356065828,-0.133833729802626,-0.173766868077913,-0.116147362803243,-0.254119588049382,0.134347194963688,-0.135332593739015,0.529460374655833,0.29484938752604,-0.292880164656762,0.281877321487494,-0.134730905132834,-0.108119508641277,0.496409586986694,-0.181183923087752,-0.171407715270655,-0.186015833321459,-0.199409601737578,-0.277809657515065,-0.186806549329529,-0.227386092674974,-0.193495428551719,0.544765330737118,0.270024150978561,0.284089250184504,-0.0166118691192417,-0.0781293476949952
"继母-继子女",-0.126803631352515,-0.30954603959737,-0.292112506168829,-0.283077286307451,0.130307458414249,-0.237976959514575,0.124577379910875,0.157302109701907,0.0446794694534869,-0.172370293881573,-0.26701705719207,0.341761141512182,-0.28862189602084,-0.027288457319076,-0.326581502894994,-0.202960765890818,0.0279182898397258,-0.0309173809437602,0.290994616008322,-0.150414736112505,0.451615564267795,-0.314339477888871,-0.334959854526078,0.496598895040826,0.570160402850631,-0.344012956480595,-0.284671359384043,-0.350847422134633,-0.114960901571822,-0.027301048756755,-0.132225839769835,-0.029721478159962,0.584576172564033,0.328840920777937,0.384332705496536,-0.297683647523887,-0.0108138726623452,0.0935936526915238,-0.288986605372656,-0.0782684979607847,-0.032355605905081,0.213200297684991,-0.307802820026792,-0.119462969793803,-0.218742936455554,-0.151731250598077,-0.130977419585011,0.104248334910167,0.0513754157378702,0.0198148199766886,-0.163080699532681,0.686837448282023,0.160703252420381,-0.143694802171707,0.524744327223998,0.127003731640864,0.360944653874952,0.160441871780078,0.457263445938118,-0.261329372003694,-0.233855633307161,-0.229616970241582,-0.0582853276070721,-0.0824507103544122,0.229589894049108,-0.369587162681477,-0.189352146932418,-0.111552181268549,-0.0244092571564714,0.132732122998863,-0.194149918764877,0.14805327905165,0.0399082994877536,-0.0373199809075872,-0.332728040739949,-0.24272958779697,-0.0574710056455112,-0.44206732392717,-0.304179661298657,-0.24908545438662,-0.243277658492403,-0.0912879075461771,0.455415533412206,0.214292750625787,-0.206292746062504,0.226742723583168,0.479518414230398,0.189043536076682,-0.323754602656303,0.772104687454711,1,-0.281296105447154,0.400046789393112,0.622932665426027,-0.0889776258277561,0.698486700682602,-0.301519206272144,0.191005933536572,0.274831180780163,-0.211733820228034,0.147585191532485,0.481165538278764,-0.20832653144044,-0.174061228145816,-0.260690763830489,-0.143096510635206,-0.0631057924663748,-0.0530772059048537,-0.208189027696582,-0.115380871021738,0.136980351131078,-0.118056958661998,0.141774208468369,0.0988420516172079,0.179934843544886,-0.409889879959162,-0.113556240859595,-0.196328869945491,-0.16341555083533,-0.155586499172127,-0.248325204641604,0.139014865606079,-0.170521859430441,0.453142647832628,0.364565574956171,-0.275440930498249,0.259057240851074,-0.155710151487763,-0.100460486074817,0.470842486357149,-0.241463483953859,-0.137575071064779,-0.067793751975669,-0.213270258857112,-0.340559974638524,-0.252918406524275,-0.372749127205276,-0.350127976483223,0.452195774068199,0.270703075944675,0.240638559215721,-0.0782238816971435,-0.121708246158201
"堂伯-堂侄",0.435397724149767,0.73094754553942,-0.0398199742889537,-0.194289982445548,-0.2075850890572,-0.0288585231042487,0.18117329405223,0.269481510479046,0.0831397157208883,0.259036494296988,0.282066688495049,0.265580682864952,-0.14106832578426,0.408292253435605,-0.0356183104602068,0.031431205592567,-0.441979918030466,0.0896413500646087,-0.0862681185108129,-0.231060228414731,-0.160994767849677,0.18887714643599,0.0885125909293648,-0.250421785004024,-0.254653434560665,0.146007967974274,-0.0382419825086165,0.0734619755001622,-0.408539236191867,-0.277853532488594,0.277256977764347,-0.359187966815772,-0.385848255824811,-0.236124869573853,-0.224644286962581,-0.07044370444925,0.301358079810971,-0.0555501489444111,0.00173270259328228,-0.069568591334335,-0.49987761602622,0.00833144421215524,-0.145528963323227,0.238537479759757,-0.244739913633837,-0.127400129682867,0.537039082348841,-0.00542723063290806,0.103491160188484,-0.148419203654495,-0.324076450084487,-0.117454136517411,-0.237820138661384,-0.243324667605381,-0.142637921796957,-0.22134664374433,-0.162276508682697,-0.159500462019407,-0.161003945187811,0.166550268770746,-0.0917630037736024,0.0668292832308298,0.32680637172228,0.504239745274427,0.397571474996738,0.0331893167218833,0.136501255725598,0.00780926699357824,-0.394424293108215,-0.377769115936753,-0.241682633454432,0.361866069065702,0.203144254378457,-0.1349939382309,0.640613689079047,0.073697647063134,-0.0227677987410749,0.0181038938455785,0.516054592818621,-0.171491886833712,0.0331891777007827,0.0189276907047026,-0.292043173541844,-0.105742632640074,-0.161009518095152,-0.0709629608544864,-0.145390217264585,-0.0162144147582076,0.77264200690122,-0.215500771433316,-0.281296105447154,1,-0.0235087824447831,-0.249003078239596,-0.318267834331866,-0.338529191384514,0.722023764719878,0.497827024446592,0.226977697099826,-0.00442423074588496,-0.148804843262665,-0.254394252070469,-0.221816637644673,-0.0157540553374894,-0.140816787439406,-0.00998108532964189,0.076699049993489,-0.466197206947935,0.0764926171606823,-0.0695115245725192,0.151794474962449,0.265385923447187,-0.119723736792567,-0.165405870152375,-0.0922703670382713,0.0532573209904375,-0.173610539092374,-0.250050710641345,0.486679193639767,-0.343334860442402,-0.228219631111424,0.0647250441370644,0.489955376562437,-0.326185268030654,0.104321378047452,0.240820651465218,0.0837801343610625,0.206464611635927,0.0994027517443399,-0.175080776013824,-0.156873645069408,-0.242042207255801,-0.502836637581245,0.279715797617467,0.154110126533825,0.789077394943896,0.690601861684693,0.483019828566458,-0.238581684178215,-0.299443070550137,-0.168117781207391,-0.0227951695453905,0.127283859501981
"堂兄-堂弟",-0.215129061675415,-0.117674599994782,-0.0895691321091526,-0.335573884294271,-0.11066951576216,0.0384160946098444,0.0503364503342067,0.078086874138907,-0.224531952005864,-0.252415661371804,-0.260924884090006,0.117127269248954,-0.301276778673079,-0.0970491757425002,-0.238931359508838,-0.531213632558268,-0.0397856536899143,0.327961105321422,0.196916596256419,-0.289284861574881,0.246969321630862,-0.35503273207966,-0.372231055255323,0.565292378900867,0.209738659096441,-0.144858802213803,-0.325799980108449,-0.206299020855175,-0.0659596226181381,0.035292446148278,-0.417059934827999,0.0409197711571057,0.0908818116188654,0.538210595385507,0.169319241046712,-0.284829877065321,-0.342970414894317,-0.0776148927641777,-0.198800256991152,-0.15867785669669,-0.14901913175077,0.204812203893711,-0.287980337244655,-0.101290078893781,-0.0104864219962501,0.165609282742647,-0.185070428406441,0.0138891055383006,0.0154800053399541,0.148737801281649,-0.157968800424233,0.611609294613888,0.544390035283089,0.0798095085275258,0.710274377826606,0.485578057353316,0.166496985940182,0.177147758344653,0.117421915889576,0.0586425829505527,-0.207637026402599,-0.156910276682323,-0.339719412628649,-0.175564697333528,0.143123884919304,-0.273672028911916,-0.342203097459637,-0.118941003697279,0.0766367748781741,0.0579709086101439,-0.0374392644435059,0.152416067912916,-0.142452505522669,-0.125264124653057,-0.118494536916422,0.0640247218353354,-0.0993198485433043,-0.248596256259067,-0.105702486817495,-0.276381736354861,-0.160511185382663,0.113991630621322,0.25794910884942,0.221078496530271,-0.237583600783877,0.437459291806079,0.519234424879328,0.499622697413441,-0.130151906272019,0.35053828811895,0.400046789393112,-0.0235087824447831,1,0.585827130784029,0.264638417749088,0.533680208909044,-0.154840385604252,0.156668179545238,-0.0458276095907935,-0.29702706109207,-0.0882860350567018,0.161555132444777,0.180251871124195,-0.254134359545999,-0.286819981285295,0.0434159029267473,0.106809272889083,-0.116047027960823,-0.198099885811368,-0.172638643873865,0.0769219323303162,-0.196787122510555,0.100371405635776,-0.0149776649384887,0.0641873382384054,-0.154635068669387,0.14738294909336,-0.141754642201767,-0.222565105365847,-0.242113959692706,-0.069716976164375,-0.0827129489418253,-0.0747859612407198,0.121062328935256,0.15709784230692,-0.525883342997233,-0.0928942532134448,-0.00264268288283211,-0.0318688833398364,0.419761323391635,-0.206347592800894,-0.177553158451525,-0.0301403006950926,-0.490319438626937,-0.438507205479146,0.0343528364689462,-0.0941760001123374,-0.0884846120772432,0.175892644388425,0.352336986388183,0.376843113024141,-0.183765826251727,-0.357775204365205
"堂兄-堂妹",-0.190653718396314,-0.406933078449444,-0.288099288438867,-0.386902025587323,-0.157761640540085,-0.215982725272163,-0.00972552292439837,0.255884332193881,-0.0134461498278489,-0.27008496350074,-0.384384272728193,0.126048970639463,-0.241488616402295,-0.142195034834037,-0.331608973407883,-0.346117925685093,-0.00188839581983353,-0.151014745870732,0.317514475928675,-0.0746641899353706,0.380005656085421,-0.228506604157344,-0.337227604364014,0.24933701271092,0.624699926158738,-0.303925382134273,-0.284022870165117,-0.149351180333829,-0.166085672233245,-0.178054245149081,-0.17214131364716,0.127063394145333,0.460778661248293,0.286787128855931,0.361158371941371,-0.217302243488768,-0.246380072074506,-0.118560386646235,-0.41925345039431,-0.0386508047327428,-0.165065005836948,-0.0552489421854988,-0.348982831912284,-0.192989725177776,-0.0482799133301417,0.0350906837133053,-0.122552129538162,0.213256048843654,0.0302753566931372,-0.169774623235505,-0.060900457492676,0.555287224342056,0.242584153329374,-0.114314854605804,0.456363441915861,0.150598957330228,0.244606973571449,0.317826628125491,0.436472849980319,0.0285110088318479,-0.101535223060478,-0.204927170522905,-0.136447409223064,-0.122644599784684,0.0860471378661839,-0.282479113757316,-0.304735284778055,-0.0161399546160955,0.0877147430154485,0.227272655241749,-0.0854387216632906,0.3298487957888,0.120513382522238,0.0775779641013656,-0.310963655644578,-0.0805574170056511,-0.104314478624877,-0.246516220421246,-0.284749030943967,-0.362520340711786,-0.0784017847184336,-0.189590911601036,0.429623181982164,0.341435280518299,0.0225850683494133,0.190382649796915,0.430324293610449,0.234520989606816,-0.336446128513516,0.546149550826427,0.622932665426027,-0.249003078239596,0.585827130784029,1,0.0448458419662405,0.864083622624482,-0.368490234592522,0.0628823286339222,0.169546720768216,-0.195833975734332,-0.123072394655044,0.369819966148272,-0.0339650445318166,-0.093745473188409,-0.20849906975344,-0.106490162918792,-0.00576691644369855,-0.0145566605362633,-0.218597111626555,-0.0347750119312302,0.340950954891368,-0.190227369335297,0.132447205597386,0.0362842680757767,-0.0782738974823502,-0.181940393504394,0.0268384145882608,0.0657905456267443,-0.0961148509204071,-0.0747498894668238,-0.120387864260808,0.0925190454105787,-0.329872227210283,0.513346165895323,0.3095535913666,-0.218692372289869,-0.00616699498200772,-0.292168508628929,-0.0767343868178623,0.569376012814221,-0.243659151859726,-0.0954137053478082,-0.0600865038703854,-0.221297582207693,-0.367311539578275,-0.193658623773974,-0.276104673131442,-0.244268379496535,0.436247891103042,0.117438673427402,0.112851631323718,-0.141401377088276,-0.274110552815519
"堂姐-堂弟",-0.36976884268348,-0.365824948535747,0.34252653813944,0.167633231425568,0.0803680808466161,0.260963296858236,-0.371197280660784,-0.338237486294161,-0.345653752310299,0.000692316611377946,-0.196699780516387,-0.323001464409978,0.223241837678105,-0.370973499550862,0.241324141368233,-0.234701565695828,0.321923438643935,0.197845996379944,-0.0031486529793952,-0.0695371502333744,-0.196995671852385,-0.222640117564887,-0.062297101068256,0.207532593704231,-0.201013913817563,-0.137894695998865,0.157997640696433,0.0722676013809875,0.431341408950157,0.382296860882145,-0.417015688382743,0.319044643400494,-0.218458140630593,0.261838335075689,-0.103230179347157,0.169273613670391,-0.386674895019331,-0.0181140172525702,0.110254446546529,-0.0616789661673216,0.448773530527482,0.114336889668024,0.268353008608119,-0.119375449038256,0.567014659074014,0.590393082600624,-0.416263543283707,-0.259090016924267,-0.19334034414196,0.224331567127191,0.287201752010192,0.0208473514446926,0.582412889208914,0.679820719315243,0.207831588973544,0.504662835187822,0.0255106234166301,-0.113410077141441,-0.224023149735644,-0.136913826522488,-0.123291001078678,-0.206337910743523,-0.338512743369158,-0.307439253669872,-0.374438287204149,0.223189178886704,-0.289406959675103,0.0977253212772333,0.46220809338304,0.203199003537385,0.559242235191133,-0.361451775011046,-0.350394352808931,-0.125969569877535,-0.242417588205428,-0.0519005646249007,-0.142432804028837,0.129600310676433,-0.302509601181713,0.328143252557563,0.132163561095129,0.120361435927812,-0.268996183194986,-0.150524465413209,-0.0597014871441334,0.160887260523156,-0.0372998016947163,0.14418389428579,-0.314864705070731,-0.206943119565663,-0.0889776258277561,-0.318267834331866,0.264638417749088,0.0448458419662405,1,-0.0310144924881259,-0.396773359849024,-0.405496016916567,-0.341788137516339,0.0536743140789412,0.0647707001910091,-0.115162893479636,0.755469365096073,0.0327646722812334,0.260636262998957,-0.0796095456574154,-0.138948148470224,0.367363311880126,-0.265917839073563,-0.138393112151717,-0.251783674883293,-0.112942253975306,0.191592865761187,0.0705483454267873,0.137479300528147,0.175167707367966,0.664819293902792,0.0825095133150191,-0.310429461069022,0.144012900719134,0.465932455387269,-0.28358852321854,-0.252957893793213,-0.150906261530518,-0.173406187858479,-0.270235086004603,-0.409404706673978,-0.0716321515461848,-0.0499023482394024,-0.152335793371479,-0.0216872066969063,0.040113090411522,0.421939404770744,-0.428514284259714,-0.166775174569215,-0.368501658397878,-0.388263307038405,-0.337893577753822,-0.199398141491374,0.325220736930777,0.121673939341265,-0.176607179020917,-0.256448494300392
"堂姐-堂妹",-0.13188694316777,-0.349328787519718,-0.235289880049652,-0.242029291038134,-0.0210648875071171,-0.12688789520684,0.106528040392295,0.17029350074656,0.0671798510961765,-0.2185177268903,-0.271321002980198,0.171164163498074,-0.228703120357075,-0.088457272803275,-0.379845070575168,-0.194282751789327,0.0424501410396118,-0.102601998046418,0.278851163373031,-0.138330676146456,0.494068659379368,-0.331330543885959,-0.400736752191591,0.344840331639407,0.548758720459969,-0.347159293453577,-0.326712175284586,-0.305261217853286,-0.146648081369967,-0.111473507924058,-0.15769812381834,0.0372897874291888,0.556981463993995,0.295162832601071,0.410646232049049,-0.315056060744315,-0.194289120583385,-0.0571563828162575,-0.367347903253536,-0.111343897748127,-0.0880502802729394,0.0316976200100877,-0.301941565687588,-0.0796140531482803,-0.0953995428178357,-0.0989894972580293,-0.204442120030523,0.177077911821863,0.0215840143000413,-0.127116699832393,-0.096540245524179,0.599245588282656,0.167628679896155,-0.219528143848276,0.452815285161015,0.114562379896673,0.372562327926946,0.308441707576428,0.44845715328193,-0.184166286745835,-0.168843163810003,-0.280155397415105,-0.126048819933008,-0.174459551414625,0.0357375964643644,-0.404445087591572,-0.154134924955646,-0.00170373493076728,0.0895933713732491,0.291377231411874,-0.113594174827436,0.20657728214578,0.136978066666914,-0.0431675803012003,-0.34585487577425,-0.178218731500107,-0.125580322966783,-0.325667178033547,-0.257403989781168,-0.308620503509129,-0.17723141329432,-0.184573721233535,0.535399789710087,0.374008560489199,-0.125763729037188,0.154249029460532,0.498251265955663,0.188158087693029,-0.401618816303743,0.579847042781964,0.698486700682602,-0.338529191384514,0.533680208909044,0.864083622624482,-0.0310144924881259,1,-0.352713755188832,0.0955200971807462,0.215831664137562,-0.148609153989418,-0.0114902516351002,0.460159458205253,-0.155202201784482,-0.0736219528179386,-0.24067771408908,-0.158859179805273,-0.059276748332959,-0.0119899926347827,-0.321884032556608,-0.168065522849939,0.269934507754911,-0.192649245374355,0.158512881733817,0.121027269858826,0.0323286324711461,-0.294470437243065,-0.0663191253818705,-0.0397068032721643,-0.193866932745784,-0.0642577597645964,-0.157239342846477,0.258891295483123,-0.189385130166404,0.572491605739141,0.395982975863728,-0.292225718680777,0.110501147932003,-0.290131042622664,-0.162284854149705,0.642715627384011,-0.260863890640461,-0.0989952438376147,0.0342436051352366,-0.209451048118642,-0.371275771566892,-0.237176661923271,-0.306726428885396,-0.205653959735668,0.477509883404185,0.160412938880581,0.159779729677673,-0.168818644839632,-0.148902361384995
"堂姐夫-堂内弟",0.573360987499792,0.836243125860871,-0.0936574825287444,-0.0361645420811608,-0.114561748134407,-0.0377419097118032,0.244337107262131,0.295440841284973,0.241503326609597,0.208551452529894,0.449075622866067,0.281225416153128,-0.101907012558881,0.472440192793884,-0.106840979941577,0.189330992693935,-0.503197424237529,-0.0296521390688933,-0.219970413238853,-0.252833687482077,-0.189192490193272,0.157643008862003,0.0810419363414476,-0.256817077874924,-0.300153008981297,0.124660364985093,-0.11809554133254,-0.060073418684678,-0.408561932208524,-0.304509788268286,0.399715508545814,-0.433093989988552,-0.281819306825642,-0.200553376297736,-0.206160015909738,-0.0808152472598665,0.362799086810954,-0.0813919060395011,0.0397654785692305,-0.0222500149461435,-0.430168063932369,-0.0150780146767085,-0.0803288487871543,0.290464389768437,-0.289092792543249,-0.233680404614812,0.654995851616073,-0.00500123373565952,0.153243217005237,-0.11686042416202,-0.373338129991031,-0.218883384891805,-0.30358265287204,-0.341731768324824,-0.143845805317203,-0.307256304392569,-0.0598621419753256,-0.186044223362666,-0.195751587841663,0.0945022299178441,-0.0769736443129695,0.148557817576227,0.316455236726326,0.452325255126663,0.312484759324272,-0.0336555560550061,0.257566468960529,-0.0463579230121195,-0.471952412300538,-0.468283179151791,-0.27345442891158,0.308095484550133,0.304355709207003,-0.281082995491114,0.607936246761675,0.018016566204785,0.000828057946166183,0.037408594063361,0.654512674034954,-0.114148615712624,-0.0785837111632842,0.0809199315768336,-0.20200796485853,-0.154505497581826,-0.214519529056364,-0.0845244163174103,-0.0484505405151716,-0.069095940616076,0.755280467914386,-0.215498418570427,-0.301519206272144,0.722023764719878,-0.154840385604252,-0.368490234592522,-0.396773359849024,-0.352713755188832,1,0.457466047136767,0.258147065044623,-0.04927768219105,-0.167771820541654,-0.197352159471555,-0.314696860994714,0.0195416538191846,-0.178543755719585,-0.0209024792688,0.0374505460305848,-0.470512289437487,0.0610947269169886,-0.123171479288197,0.0696524760228819,0.208633956767229,-0.255007211472424,-0.0524089046651155,-0.0267933477113912,0.00427027708621544,-0.266518917514512,-0.330794848098398,0.518997602279203,-0.294452530142564,-0.258271458143985,0.13505792326849,0.518762003455048,-0.292671933150833,0.116709480933962,0.287225345825983,0.176725005305538,0.208000594250523,0.16170899195042,-0.25154252824568,-0.101485511552269,-0.234766957927737,-0.434251099125967,0.423181208429895,0.130334276439914,0.710442096366513,0.694336789344029,0.529407105091775,-0.173063414088867,-0.238673240169738,-0.11300254434387,0.0583317181103236,0.297594187185902
"堂祖父-堂侄孙",0.464961979942186,0.441139931861751,-0.32000890830092,-0.324866149978396,-0.164984079698403,-0.340468611365157,0.412886093652575,0.558751539059349,0.332201902057278,0.174995663230924,0.123086793957168,0.584458542389925,-0.414232710043845,0.356064405040785,-0.348831838989536,-0.139485759314737,-0.424851167776117,-0.00696678677989421,0.203951496449859,-0.222890783496335,0.24556444871414,-0.0427933692120448,-0.109520032505057,-0.0164871035317323,0.00915111388131647,-0.134067974104532,-0.342998226311405,-0.198271040934452,-0.380287442791611,-0.299488630358082,0.245973292332571,-0.40040123499119,0.0398011082276676,-0.0857800135207126,0.161714559375329,-0.375189712281448,0.247680486358712,-0.119955156729453,-0.258777228232806,-0.035582812504891,-0.360850603161999,0.0276774910065594,-0.47128359998422,0.071351379585239,-0.374780797548335,-0.213642906107503,0.429895579391421,0.0487907093614993,0.429387660170535,-0.156476977887569,-0.393603319936713,0.206198876045845,-0.242826290767952,-0.28524776421874,0.107635307729108,-0.160705956751243,0.194846682240675,0.163316544676908,0.247296849960816,0.00396449058380312,-0.141734636334163,-0.0511370676999303,0.21382130811178,0.331942695293053,0.636323305007061,-0.270241032429101,0.0708422137619511,-0.318276113207471,-0.392178198509988,-0.362545719909868,-0.35686966760515,0.614266915404378,0.501284944413463,-0.151895826655756,0.38900075988291,-0.161422413905243,-0.0481926940632776,-0.205805455029853,0.345591250364998,-0.416071901441222,-0.359332564620583,-0.0568733716939277,0.139743964272669,0.261629990808447,-0.182798037151305,0.0379384724998072,0.258937797225671,0.076268020401692,0.392530785596686,0.200534102841707,0.191005933536572,0.497827024446592,0.156668179545238,0.0628823286339222,-0.405496016916567,0.0955200971807462,0.457466047136767,1,0.53011854217532,-0.2404987269517,-0.120634871150004,0.210429778197669,-0.275648216685344,-0.359557235994187,-0.441189574467577,-0.127721846636731,-0.0316988132833175,-0.527308262157125,-0.0758437077860172,-0.0561250238978847,0.268402872058853,0.084710267805982,-0.197478435244273,-0.0808419305569067,0.00813118323039438,-0.201000172157392,-0.28819344435333,-0.305316006429064,0.315054380517887,-0.363081909492487,-0.316802702497964,0.304834791028648,0.143875176150118,-0.0261153275988375,0.354007445118783,-0.0961917296400592,0.467438801061754,0.0357583307919752,-0.0148115031833613,0.256746389926686,-0.283968116753261,-0.370967293797549,-0.399223619832978,0.135731142721734,-0.106106382996562,0.517929575384402,0.376756555000578,0.209103338174784,0.219637999795949,-0.222886681984432,0.00907053479516585,0.0154627625461353,0.0655404380358426
"堂祖母-堂侄孙",0.357355059756645,0.277371059416163,-0.304880138215645,-0.271844964563491,-0.0609481281773467,-0.274566294737782,0.199950558275445,0.681651695131549,0.558874736402657,0.289285216578631,0.14208049115645,0.523385384837493,-0.305858863747296,0.247210877094659,-0.394867969489933,0.0276255277800408,-0.310529719844162,-0.132315696129156,0.188252629777159,-0.0964492010497507,0.302339888181394,-0.229873963028704,-0.331599539049761,-0.168770713938529,0.267579119795557,-0.369854406173238,-0.40999319246662,-0.318205661950288,-0.288849102927009,-0.212406072506461,0.335645161027436,-0.313237547427521,0.153397762529059,-0.179927583921194,0.182443233727008,-0.481251041706208,0.222155197486009,-0.111249961585105,-0.345377410251628,-0.131315593536448,-0.205649719014681,0.156252430426436,-0.315603272841033,0.181828411358744,-0.253478907925576,-0.343743920194811,0.250331343291085,0.101825526431009,0.254007830838375,-0.106237690599199,-0.252521662741635,0.252797189172831,-0.278939584606147,-0.432417609501381,-0.0959979996464776,-0.324778526700223,0.262464046294496,-0.0115439035180194,0.242360445394764,-0.260513048004948,-0.176521746740021,-0.126679132716487,0.424047871459426,0.3881250006588,0.464275718805435,-0.315736768254046,0.18680009890534,-0.117345844851458,-0.29921124231883,-0.186841268110443,-0.236567524755626,0.644795926425483,0.547950181816996,-0.145918394321641,0.233835813562397,-0.27001575749778,-0.128669740306901,-0.281280923853907,0.15432436172685,-0.356909216886692,-0.345719353382803,-0.0454211269300824,0.0875269123002341,0.0924688670593579,-0.10234367333246,-0.101750041993732,0.186688353627021,-0.0944615375503353,0.195297912842574,0.29182865218319,0.274831180780163,0.226977697099826,-0.0458276095907935,0.169546720768216,-0.341788137516339,0.215831664137562,0.258147065044623,0.53011854217532,1,-0.153560328881484,-0.0923508766018754,0.335545595981062,-0.354385730297588,-0.157314966901555,-0.378443374243811,-0.293284655922036,-0.215861732783561,-0.265622474814695,-0.198361842168868,-0.104185245482621,0.466388772413492,0.16867219913286,-0.125813844920199,0.217243989313828,0.15371313930959,-0.330802184890453,-0.321574909936786,-0.225629692408724,0.296287113370986,-0.167370763880993,-0.273030242397721,0.498921301608632,0.196399244076049,0.198881808492554,0.728311321817092,0.136900469751211,0.423168692999509,-0.188422091199103,-0.0698582100490997,0.18997243948116,-0.335435801081392,-0.200806301401706,-0.267442175472963,0.327095740738939,-0.162687723947429,0.182339249939427,0.177373401284603,0.210391359997709,0.374142409664356,-0.228626578988325,-0.118491813137372,-0.0935687378638905,0.163534163811035
"外曾祖父-外曾孙",0.0912404889501989,0.0528645791274331,0.35811096532116,0.539401109612257,0.0599383808295914,0.158120243099457,-0.225900961810322,-0.379470936584669,-0.0499000652878191,0.317205164422721,0.03676924496624,-0.286862500115576,0.561784412424032,0.118557629560012,0.319597206614238,0.556331451100687,0.244971255014724,-0.196649722181451,0.0629891884628067,-0.151579476106698,-0.0855398188833556,0.444044619455395,0.33186474153947,-0.298888333405212,-0.290310721658806,-0.0381730515246615,0.440685279744689,0.283728354773882,0.0178786705043556,-0.112540373315262,0.0973979940980899,0.200823016745325,-0.0196719364332971,-0.385567566995759,0.000179790898192902,0.496217420775256,0.106058920082444,0.101206456520173,0.229005446675772,-0.109546226210295,0.0823249853279617,-0.259505655895516,0.268998367617856,0.181461772796347,0.00516363474667206,0.0378240395762895,0.000258512601863701,-0.198668066967656,-0.199934089566607,-0.235338952703484,0.0401033906698529,-0.28889634784631,-0.158818049471836,-0.0434472565627865,-0.343956887228897,-0.0807440695045906,-0.104457200465989,-0.103043773036973,0.102106032135946,-0.280406438543979,0.0718181005666926,-0.305388062162233,0.225637577196575,0.0860043580853662,-0.286572226406414,0.352240313741113,0.311516432142496,0.656523667961578,0.127993081866806,0.273883341914287,0.00537102164005719,-0.332060704800828,-0.00737583940024837,-0.13382310347963,0.0487804421682494,-0.224135934480541,-0.265539064562088,0.473015989923586,-0.0601929090803302,0.315728642959991,0.548981921749687,-0.370568541513755,-0.167525064517162,0.0271345838568677,-0.200869707121146,-0.478357153722706,-0.478332712565102,-0.452970083418736,0.0310319856941862,-0.351349342792705,-0.211733820228034,-0.00442423074588496,-0.29702706109207,-0.195833975734332,0.0536743140789412,-0.148609153989418,-0.04927768219105,-0.2404987269517,-0.153560328881484,1,0.0909014030058133,-0.149431083011313,-0.0672245935087423,0.541043183405382,0.591096096047008,-0.212764226700614,-0.223120929004601,0.212852285683489,-0.316311610298793,-0.292223370209083,-0.147771482592921,0.172249215154729,0.124736518322462,-0.0551378415654776,-0.224516944907038,0.195040767314737,0.0394763936279368,-0.0182015755897527,0.0274835289448479,-0.0178420778006279,0.0152650452919172,-0.0810533335341176,0.0148865739973623,0.00433396220469319,-0.102835762936329,0.430736275674101,-0.224259646742069,-0.125790200759628,-0.165019729725624,0.0557935476282914,-0.105412806047879,0.209029883676706,0.199327086125367,0.204575676364473,0.52452518456943,-0.0227245410012892,-0.0533928584270407,-0.074826349108079,-0.267132549655904,-0.254333048585712,-0.424028920723533,-0.302111732076752,0.306654845539988
"外曾祖母-外曾孙",0.19255526802062,-0.109930144155031,0.0313389383190292,0.187108552455127,0.80200854939325,0.174835316237039,-0.162555782005046,-0.139750194031832,-0.171300271255471,-0.301965294753733,-0.205578817651965,-0.00724964769635703,0.0978638193091476,0.228702016464118,0.0655752606079313,0.233197364072778,0.346505264324716,0.0956879582877176,-0.437598145747281,0.0952130750628909,-0.140972570719112,-0.0556310858472291,0.0217720965577406,0.0120856571770323,-0.192415513698635,0.175995919469933,0.0652843217198154,-0.141251192062399,0.101013914182951,0.0682725582363375,0.216427856233917,0.230667974612765,-0.116171993696289,-0.140444700528571,-0.449155158202834,-0.00269158126059931,0.323823539419207,0.665211253605744,0.210710218504254,0.530260980491321,0.148285510252215,0.414571937123777,0.150612665480488,-0.162798658559224,-0.0604089566362346,-0.0630033089207177,0.0521687501412301,-0.294614225291744,-0.418174087670506,0.0924791231917281,-0.027527747420012,0.109672681998132,-0.0587692237324261,0.0386784624950458,-0.0531149346679421,-0.0299198175996167,-0.27170038778445,-0.295682869493078,-0.35439001938809,-0.281534275831191,-0.4516839277026,-0.0785368280346606,0.291071318824948,0.154417431520834,-0.0927097873873179,-0.0176124188432808,0.259041699141814,0.0652670700876873,0.126506466253645,0.562221844332901,-0.0593078848276573,-0.208230203579174,-0.278232194672204,0.122537007026382,-0.27670432789461,-0.15403912759407,0.0674362611062134,-0.102168495427523,-0.298276990231746,0.121860073155703,-0.0452139412054984,0.0735191758350501,-0.25924366896288,-0.446972486642627,0.0255583765726781,-0.21828135570249,-0.0327484125695467,-0.11738955483985,-0.104207738148868,-0.0162344654402664,0.147585191532485,-0.148804843262665,-0.0882860350567018,-0.123072394655044,0.0647707001910091,-0.0114902516351002,-0.167771820541654,-0.120634871150004,-0.0923508766018754,0.0909014030058133,1,0.0636362089476477,-0.0420926716173195,0.1738239199289,0.0294318411436814,-0.126831799301375,-0.0638832383953806,0.211453143946454,-0.0355353876071404,0.0272677504100017,-0.192847060641392,-0.32554230927257,0.762226587304781,0.174247036297483,0.435198539079603,-0.0867673598073488,-0.0139836704911337,-0.0313563506109231,0.0765258501559246,0.0420451091990046,-0.0794081295362633,-0.0153137548714515,0.0425731541926553,-0.330094994246642,-0.0404678710521074,-0.020747761520968,0.170406778498426,0.517480551179359,0.465219665270748,-0.277019522937016,-0.271177880754931,-0.33750603219399,0.237740125788851,0.189495008650563,0.0414435231254633,-0.194935734808685,-0.316836631707007,-0.23136389843377,-0.200196787752913,-0.0158780108437379,-0.0548534256492767,0.0671109312918798,0.171878079984577
"外祖父-外孙女",0.022370060591827,-0.15275044073965,-0.271566917020987,-0.0777711384743185,0.102017325441545,-0.240282938775283,0.138650085071335,0.229505405276282,0.226666157694648,-0.205754665056841,-0.156065018023831,0.124801597853857,-0.192305814418786,-0.154380554201679,-0.323299270382095,-0.059028421574321,0.0871699356210199,-0.0785615243462844,0.158581351767906,-0.0777760662991569,0.504148294158411,-0.170440084014653,-0.137499298225979,0.28105041366603,0.374690201178211,-0.196940742445355,-0.358586711426428,-0.218448281293391,-0.0325218281336861,-0.0208110094056382,0.142794236029056,0.0440077254261961,0.48081482749441,0.228919086519461,0.267813451187339,-0.311478055386963,-0.0622555702079848,-0.0561934705173891,-0.259514666532453,0.157713568159583,0.0656919332601183,0.0367454086380194,-0.211755812816696,-0.226272448010683,-0.251844748194022,-0.302384053295142,-0.172548281915932,-0.0934352461600787,0.230050477239648,0.0840840025240453,-0.306978161213848,0.469017498646358,0.127938291504969,-0.119989027019165,0.221901767604901,0.126809328322532,0.211970882236631,0.0886363512953182,0.38292742748647,-0.319928490982555,-0.150557431680447,-0.180542457233978,0.136224885479157,-0.0286975491799141,0.0345190356103627,-0.228255399020302,-0.0487973402196852,-0.179917480810385,-0.046521470071071,0.0851991030988594,-0.264149981999065,0.154102704645492,0.237274388661028,-0.20270823256023,-0.194022308659328,-0.399540492561472,-0.266399109086795,-0.163473175784667,-0.200530550939085,-0.175765840172474,-0.285625675481813,0.0911613607462036,0.283654399107138,0.199124266936096,-0.06756670297227,0.270649788373463,0.53441707863317,0.299342259065089,-0.189152876293566,0.365191486928413,0.481165538278764,-0.254394252070469,0.161555132444777,0.369819966148272,-0.115162893479636,0.460159458205253,-0.197352159471555,0.210429778197669,0.335545595981062,-0.149431083011313,0.0636362089476477,1,-0.0479560136904519,-0.165386534663663,-0.269213889851924,-0.289511527534325,-0.319741603664037,0.0408092493092441,-0.211252847133712,-0.0982640068899075,0.0183640071953875,-0.269703104694602,-0.0396984907888007,0.168710276273793,0.15995616325915,-0.224368688199627,-0.277161817028826,-0.271942577916085,-0.16203755539166,-0.210412240184641,-0.26897202125641,0.217694258809602,-0.271188151466513,0.352703779614644,0.214707051360567,-0.003519242762449,0.234517142711501,-0.0197981510162958,0.0895239885934654,0.374907225874072,-0.296261986082607,-0.188132129460428,0.088218749667813,0.049645694309833,-0.0320498245515772,-0.308640846148855,-0.255018524689654,-0.19274397830075,0.676677404410313,0.214423027961789,0.475611018678837,-0.134864710775063,-0.0687846469959588
"外祖父-外孙子",-0.333513738507885,-0.338696811575202,0.224625553729437,0.0194225407030445,-0.0990856543513349,0.105635349937802,-0.41756598445435,-0.215685862440788,-0.2846824093749,-0.0993370478775455,-0.32810781118704,-0.395635422188566,0.134045604577149,-0.456876406822043,0.282827374899096,-0.337120398703008,0.2990323152821,0.153415769500436,-0.030721476099823,0.0143401366732304,-0.260470059036139,-0.0915105080771183,0.113527572563098,0.111868574225913,-0.23287314689399,-0.0588022100464861,0.198932002694,0.259708145709118,0.371846788753363,0.265715006734105,-0.28907091923185,0.269659357411492,-0.242138851427131,0.2324604365155,-0.107858062591024,0.196401483599499,-0.434951303457884,-0.108611195387689,0.0531442981064704,0.114225208210093,0.343902054142008,-0.0165624532604243,0.200145268020288,-0.285006218848506,0.469909684872084,0.537888598464314,-0.270330471662193,-0.260309696563838,0.012409490842913,0.147913654231453,0.190991767128124,-0.125651244361074,0.513515693744802,0.7303366636534,0.167904795017019,0.475918874474335,-0.0732875088020722,-0.123215204751012,-0.251745544317193,0.0365612246191761,0.0567490825257255,-0.0711992499705301,-0.234117517736099,-0.175585867514125,-0.368951984563675,0.369226208016726,-0.411649689661359,0.0169136183497822,0.42560967538488,0.100562565177811,0.459022940894872,-0.225034062107834,-0.242758330203373,-0.0945501584867838,-0.149655676168357,-0.0600625742597239,-0.193998003160017,0.273409177341178,-0.218435029317254,0.250021705755264,0.177096233073495,0.175036927168694,-0.212211444283136,-0.10481290806112,0.103627285744701,0.316317087868346,0.133949698822981,0.238027772647478,-0.188685009523284,-0.296502043873385,-0.20832653144044,-0.221816637644673,0.180251871124195,-0.0339650445318166,0.755469365096073,-0.155202201784482,-0.314696860994714,-0.275648216685344,-0.354385730297588,-0.0672245935087423,-0.0420926716173195,-0.0479560136904519,1,-0.0414810669293127,0.243657910350157,-0.0962622975700589,-0.156193337863735,0.320387053398885,-0.120737350911017,0.0185019506923975,-0.322110790747428,-0.16957683572123,0.0511806802885245,0.00396699660479905,-0.0313614106406335,0.332478931475046,0.547193173733616,0.0986952945704892,-0.150202113921934,0.0644966581315147,0.453474461818157,-0.414438865715134,-0.4053502529024,-0.258965333989268,-0.368539320626622,-0.117724959499652,-0.425176334881177,0.00332300537640411,0.0543680371339719,-0.191354361343908,-0.00429242378747876,0.0602621099165866,0.366135706856008,-0.322916925788527,-0.0139287207521822,-0.277561932324318,-0.257794032004254,-0.322791393435806,-0.0779420449703243,0.301853733133125,0.245779181983916,-0.0637409256665931,-0.339131221477418
"外祖母-外孙女",0.0418526916411969,0.0128277565866011,0.130056575480788,0.525959097866468,0.0399833344226982,0.199005472916313,-0.17508537936155,-0.153995823114175,0.161438014858237,0.193760826634559,0.143971304249244,-0.151224053748082,0.686118633751188,0.191889057695773,0.167365839139662,0.647698775508585,0.20301983337025,-0.32074531271493,-0.161488584923021,-0.147030978453923,-0.147617648157627,0.398760626471684,0.38852712170657,-0.324852794767546,-0.153618693816639,0.076871938116805,0.371719657957386,0.189893688297533,-0.0984017738467206,-0.246883199767895,0.290199914072285,0.0990568036360021,0.0966153355580171,-0.276126731408052,-0.10937771651956,0.488480632661471,0.28948262101051,0.0343806546112289,0.130296340876938,-0.018295592725112,-0.0918633359399792,-0.274023910126215,0.326452512139256,0.194541706063548,-0.0857211650855608,-0.0746252397064635,0.107862658927688,-0.210089680258774,-0.31502596932787,-0.255849987401625,-0.10002906301655,-0.310394682410923,-0.138612964078751,-0.134003996249964,-0.294243973007673,-0.28006695035737,-0.008907861815159,-0.115204831146785,-0.124926970665416,-0.261980008836638,-0.0093281811308243,-0.325027308636149,0.30930268299349,0.0907596296908874,-0.246576725974374,0.276007051303095,0.410806297242688,0.757337152905619,0.124810845100166,0.201255767218823,-0.112540606399465,-0.245388607314358,0.101026713608353,-0.278780903390742,0.0334272634817119,-0.193876600167053,-0.38300684939553,0.341750775357682,0.0790308316130195,0.393243417405525,0.582630679175445,-0.263421129600143,-0.138657569782135,-0.231668031152435,-0.177561295465354,-0.40968052555937,-0.345911205615757,-0.338110783842637,0.105618593174625,-0.290221454333963,-0.174061228145816,-0.0157540553374894,-0.254134359545999,-0.093745473188409,0.0327646722812334,-0.0736219528179386,0.0195416538191846,-0.359557235994187,-0.157314966901555,0.541043183405382,0.1738239199289,-0.165386534663663,-0.0414810669293127,1,0.470948311059673,-0.254959894917324,-0.377320377572446,0.111836582044507,-0.32637119041395,-0.287793126950348,0.0239918181367931,0.199981644146038,0.0908860040688605,0.220522330980614,-0.147221134125146,0.0202764349348652,-0.00622518797146365,-0.158207478227386,0.0391701613911323,-0.102337247695858,-0.173370753773777,0.10416623941676,0.216058741425888,0.0497934579234381,-0.0498412245519404,0.480549578392814,-0.045537521006129,-0.0913023424856082,-0.125611680800714,-0.128314502779328,-0.122802066193088,0.0750022213192022,0.0871091857093729,0.355621643595822,0.491106917488688,-0.0923495436319892,0.0141013870799242,0.0491715332548773,-0.15088495296592,-0.235761645394776,-0.371561166202562,-0.348854263287412,0.440745723368463
"外祖母-外孙子",-0.222108742717301,-0.165595612839382,0.576173788265832,0.52675952450522,-0.0419110546666887,0.398922161436153,-0.348467831173627,-0.356300413410188,-0.318388023531097,0.285909886383955,-0.0407052681699601,-0.285235676556787,0.759126614553631,-0.0122911188705841,0.697441920697182,0.23262376954766,0.234470096185231,-0.209897200677312,0.145839533267732,-0.163370327216318,-0.245969101304386,0.251595454342133,0.395114771102926,-0.276018241824217,-0.229488967139969,0.066554095262202,0.726061664165055,0.534378853576778,0.214524776363498,0.0364266996479853,-0.0947509653352456,0.118688100127921,-0.11804869825857,-0.203321163859008,-0.0229329159447608,0.719992481674865,-0.0599955371025227,0.134930051233226,0.416313115477507,-0.125812403607707,0.214967322631114,-0.301737271310166,0.648241431292203,0.0802635553116439,0.0586053564684518,0.145248143340085,-0.0714526085811103,-0.314029216169111,-0.167051055832977,-0.166564973879871,-0.00367085433219511,-0.412563293529639,0.0567074871495946,0.15397613486003,-0.313612136420754,0.046025924954645,0.0187364661007302,-0.0856782858453793,-0.0795049113554219,-0.140708665906682,0.111383760669537,-0.162548888217264,0.0592369297093595,0.0675871658789261,-0.317384899267763,0.717051979589636,-0.0520292452542532,0.534925917486676,0.318323410601033,0.101752089071966,0.0474857109954183,-0.383287948956928,-0.283672617483846,-0.163082322972807,-0.0510319891012678,-0.0313935157274357,-0.212757295428669,0.559625436297272,-0.167990180044174,0.677143860638951,0.648864251366951,-0.298725702875008,-0.304375774026637,-0.111232280932568,-0.178848648254084,-0.305149858891962,-0.428083162376845,-0.430530613360722,-0.0875921708147518,-0.390021344088656,-0.260690763830489,-0.140816787439406,-0.286819981285295,-0.20849906975344,0.260636262998957,-0.24067771408908,-0.178543755719585,-0.441189574467577,-0.378443374243811,0.591096096047008,0.0294318411436814,-0.269213889851924,0.243657910350157,0.470948311059673,1,-0.0723970291879924,-0.136173251636339,0.242449540465086,-0.157211343887926,-0.187057685606501,-0.317567238178493,0.232599858101951,0.125168082229589,-0.177106655857378,-0.247726628036601,0.467065810778359,0.184542478351792,-0.0882561871071426,-0.0365134841026303,-0.09458224031868,0.0502192258009144,-0.357887506177939,-0.0695581853611098,-0.0991454982693208,-0.292305043641165,0.256696711152181,-0.380709627286818,-0.0378119217137742,-0.0785839338959348,-0.167418345551315,0.146921560855947,0.355665551698091,0.187709087587381,-0.0633204899741882,0.339137844978905,-0.23421909173445,-0.0961042300387287,-0.12957136245552,-0.333037334017199,-0.100620027619283,-0.334693772857664,-0.239611420363377,0.0385926214995221
"兄-弟",-0.16326315529062,0.0235286422817262,0.0258424203195135,-0.209811668804436,-0.0807270052282042,0.258622798710585,-0.0975057236087958,-0.18172857127154,-0.287914760177413,-0.317301561688865,-0.0960032309704536,-0.0877437830912326,-0.154921595222208,-2.52472599371756e-05,0.0297371059949505,-0.320133140005091,-0.299467414054402,0.0570534405319066,-0.234074836516876,0.497985254440062,-0.310140579002305,-0.204017598446302,-0.208907482049149,0.0761357844387719,-0.0746263266057398,0.144809755960809,-0.125216802094048,-0.100003016810045,-0.286203417073566,-0.0447613138187762,-0.268629536458132,-0.199620905740106,-0.27844944402473,0.0258817715128558,-0.202450299122373,-0.0812640106025889,-0.155870497483938,0.179080590588213,0.187878640973783,-0.179287732990936,-0.179743129752826,-0.0148990113647991,0.0372641293305674,-0.0320652119604769,0.203954172935288,-0.0363598854951232,-0.0632846665590817,0.420699146366024,-0.247197902542813,0.11013445763838,0.435813102053978,-0.125961588163195,-0.137308155207595,-0.142062100538571,0.032842743230476,-0.112645185355401,-0.231970877704974,-0.16724424563948,-0.226826930078121,0.686864565129526,0.447039513449073,0.733963168570491,-0.291266482131829,-0.0937311428419494,-0.0793928780314201,-0.0990945161121302,-0.291502238069473,-0.191208911369043,-0.205589275093218,-0.173284120076762,0.196343050813606,-0.177647800526595,-0.352320428456037,0.543670187173374,0.0342521637192696,0.829756243141586,0.734560902738628,-0.148016486436645,-0.0155197176908339,-0.00631536864432879,-0.170276709042197,0.048215364445315,-0.113857919879725,-0.17051718857616,0.457987571001144,0.0708807237988332,-0.14347468881813,-0.0341363343774159,-0.044339357786781,-0.114457329348577,-0.143096510635206,-0.00998108532964189,0.0434159029267473,-0.106490162918792,-0.0796095456574154,-0.158859179805273,-0.0209024792688,-0.127721846636731,-0.293284655922036,-0.212764226700614,-0.126831799301375,-0.289511527534325,-0.0962622975700589,-0.254959894917324,-0.0723970291879924,1,0.780927651636604,-0.218105387205458,0.719754265191115,0.655043499359188,-0.158947403187241,-0.0914836077153455,-0.00641721651859706,-0.181430780842529,-0.0615049042022581,0.0273145578364424,-0.0265533756444628,0.449263057773491,-0.119032372248624,0.482005683180491,0.195082715255918,-0.304199769896059,0.0894503978046944,-0.216422728686174,-0.199531198205455,-0.22295204884702,-0.257705630122589,0.159249211030591,0.142709735246806,-0.197878461380696,0.688456137012254,0.508365448659211,-0.274272750192243,-0.324106289242535,-0.26213199283791,0.0647842656970136,0.081656980715214,0.137323769655961,-0.256130328657741,-0.0450807206187834,0.022263003455982,0.660846557689829,-0.220037966885751
"兄-妹",-0.00454388941692138,0.0587105309823004,-0.0192362367170841,-0.306396584409099,-0.00867518620767371,0.114267446904405,-0.13126730416936,-0.140603078289692,-0.350824838622598,-0.34835719766141,-0.205269798437926,-0.0770523074862059,-0.296340685903703,0.0333479083560117,-0.0294192594082274,-0.378642769585527,-0.329326959583187,0.0507901105666934,-0.171631708377488,0.411315328927828,-0.227175741476608,-0.164152413262084,-0.247968359871078,0.013791167753765,-0.0707342181650275,0.0782814941933691,-0.119808051991465,-0.0338532594103403,-0.270548750371588,-0.153391616898547,-0.227779132634151,-0.123709186697503,-0.294381859827322,-0.115190068166318,-0.195263177480732,-0.0920097129093077,-0.141401005584482,0.149345960166488,0.0412837441849862,-0.0728458736179955,-0.307189930605437,0.0934167399892264,-0.146368560343549,-0.0821544940386317,0.193722969012495,0.0714515823592464,0.0402657581374474,0.47759049599294,-0.237729183218381,-0.100604910864584,0.42553452562011,-0.0470954948965821,-0.19037210823125,-0.171930847188855,0.0471939438530792,-0.0781644024487693,-0.281261995829636,-0.0868975814592813,-0.182729564219453,0.652522509005039,0.376320463865986,0.651505942466,-0.168158524596533,0.0446685132234914,0.0450190020335605,-0.0939025937479376,-0.255256025284636,-0.234360461813106,-0.19568267519468,-0.102484119235764,0.200411143339515,-0.0487136311241701,-0.283799512790112,0.645375273952809,-0.0433252857302813,0.745999075872355,0.794999228993993,-0.184450808987591,-0.0881786239237795,-0.201944281965186,-0.172663509442189,-0.0755979943146551,-0.0357200791232421,-0.111213549214449,0.42557146582542,0.00436697394892896,-0.0248868661524021,-0.0270845964101551,-0.0300474843229563,-0.0236020453247843,-0.0631057924663748,0.076699049993489,0.106809272889083,-0.00576691644369855,-0.138948148470224,-0.059276748332959,0.0374505460305848,-0.0316988132833175,-0.215861732783561,-0.223120929004601,-0.0638832383953806,-0.319741603664037,-0.156193337863735,-0.377320377572446,-0.136173251636339,0.780927651636604,1,-0.249362343544877,0.659631409330858,0.591549512512109,-0.0395047951319947,-0.198962700868731,0.116762323242391,-0.250443792084753,-0.0304804181781686,0.0183125691094554,0.0338846700177522,0.511434555489748,0.0668383549256643,0.472588640074336,0.219670617957547,-0.272277352425236,0.0297834410905988,-0.215140738043332,-0.135993313194991,-0.255727587081084,-0.234780719816275,0.161432100168071,0.169343395347759,-0.0944264742949624,0.535447257734261,0.412780901297732,-0.328798139708227,-0.26110592770232,-0.334697099248143,0.203320408368402,0.0674370013168401,0.0818962309639737,-0.259066775445594,-0.15647181369697,-0.0767863075271408,0.672740086007303,-0.196437228575851
"兄妻-弟妻",-0.427043494271471,-0.502822615543274,0.104701029754257,0.177313558062074,0.308927371109507,0.031035212429105,-0.246466284886095,-0.340298779258299,-0.185344847485985,-0.19482647286378,-0.324417523324273,-0.320441823540208,0.177647531680901,-0.526309321054558,0.0951599446181096,0.039218972956998,0.796643518475419,0.277776606151636,-0.0642189035647132,0.14723162173775,0.00196710365196965,-0.046042508027376,-0.0395651783504003,0.0402727193086297,0.040691712915352,-0.118148106565274,0.102219754244791,0.0398828798773602,0.718617198362249,0.421186282438002,-0.321263044280422,0.744981767143087,0.149214837791813,0.181328858501056,0.0971675155173867,0.166736613888536,-0.339849412852986,0.0950674070776652,0.0190529297647365,0.159170751123363,0.624142627899926,0.185560474936955,0.184484175081237,-0.361191825142622,0.326358046403229,0.191698091358803,-0.525085572194011,-0.242559474589297,-0.285663757938533,0.313621698813796,0.328636840288689,-0.115496088650923,0.276119862057396,0.354290780080463,0.0328546311807545,0.223091309429227,-0.151342706648158,-0.124199275820656,0.0429900645014894,-0.287008233333468,-0.111603289893348,-0.199511527187741,-0.26311514271252,-0.35540723441754,-0.351496687432435,0.0897624096357164,-0.0980276085906801,0.154548821738401,0.751909937955787,0.543134080532634,0.32810057795651,-0.392747882158188,-0.207619612462111,-0.007998505698855,-0.487859758741916,-0.167563129148594,-0.148872169078048,0.102935434571722,-0.537377076403954,0.146561445955194,0.189152909974637,0.248299382237527,0.0458518577953803,-0.00596866915221146,0.0969458540465177,0.0573813000316158,-0.0801914343244054,-0.0538268721183539,-0.443399864743603,-0.110729813306644,-0.0530772059048537,-0.466197206947935,-0.116047027960823,-0.0145566605362633,0.367363311880126,-0.0119899926347827,-0.470512289437487,-0.527308262157125,-0.265622474814695,0.212852285683489,0.211453143946454,0.0408092493092441,0.320387053398885,0.111836582044507,0.242449540465086,-0.218105387205458,-0.249362343544877,1,-0.204413349137696,-0.144184566509249,-0.19292784788537,-0.337014462319286,0.273606951944281,0.245329528772113,0.210301567528584,-0.0515873757429257,0.242010909413744,0.230439372228652,-0.320532377850317,0.285000456436103,0.309999188268334,-0.112186613834987,-0.354524830913305,0.163865503763043,-0.1836711283803,0.0318425119394223,-0.272872074941161,-0.0593433390750984,0.0389826794165552,0.00107180230847464,-0.196067353448957,0.0426076542508344,0.796351385228715,-0.23460275516544,0.0143097960598559,-0.566288547110106,-0.525898424659061,-0.467216854393369,-0.00573077640879571,0.240194937705148,0.0736358550980032,-0.218409438608452,-0.145312445377125
"养父-养女",-0.0661061424554968,0.0332584115035568,-0.210561543442568,-0.275947144473571,-0.050307982342807,-0.0557515822262196,-0.0533683680247367,-0.0598029325371213,-0.230273696190987,-0.36046931704718,-0.148289611698051,-0.154545618826866,-0.235775356683589,0.0184957135136424,-0.0373966810101253,-0.246953599916718,-0.261773310777057,-0.0334351701577312,-0.298251744209569,0.619768294469886,-0.28122188027685,0.021507182038076,0.0133660735399649,-0.0625369158356384,-0.0228776314017015,0.300656295589563,-0.0748606267125246,0.0628968880376081,-0.199857431205071,-0.157277560603144,-0.0345360578646726,-0.231475869253697,-0.272004294326853,-0.0547495757677245,-0.27794785873375,-0.0911307520294258,-0.0158896453949069,0.178616890211354,0.0460670848410541,0.101428659119803,-0.204583098693564,-0.0242960262603453,-0.0938462858483049,-0.202834615445425,0.136234765707955,-0.0654883609245939,0.111450028455245,0.392609633809967,-0.0837717428478628,0.00174569326703812,0.354099153049582,-0.177628435589288,-0.264352021744054,-0.0618867349938211,-0.120881537241147,-0.228880756935028,-0.399996926711497,-0.141485476107596,-0.182669516425358,0.67538598083921,0.483603188346864,0.863614059036246,-0.125518319989924,0.0355911061386779,-0.0829134290670287,-0.0283383556969136,-0.227928950903581,-0.360504552667885,-0.280424585311508,-0.230973619123067,0.140166616096276,-0.0398347462932896,-0.295888359234693,0.654116205506948,-0.0490070097959574,0.69551573869372,0.739931663549122,-0.0729180723976871,-0.0387396385967012,-0.186318679895275,-0.24316403858083,0.132302757745218,-0.14737460723988,-0.196236470035729,0.647801608123744,0.0916755385017102,-0.083548629918367,0.051402990230369,0.0777222230394686,-0.0726471512863061,-0.208189027696582,0.0764926171606823,-0.198099885811368,-0.218597111626555,-0.265917839073563,-0.321884032556608,0.0610947269169886,-0.0758437077860172,-0.198361842168868,-0.316311610298793,-0.0355353876071404,-0.211252847133712,-0.120737350911017,-0.32637119041395,-0.157211343887926,0.719754265191115,0.659631409330858,-0.204413349137696,1,0.791055400395458,-0.185834495251675,-0.192016840753862,-0.0653561020768609,-0.290931848806805,-0.0913295161270497,0.0563283990122226,-0.0940120813085702,0.465952630941903,0.0713210542558757,0.415197289176189,0.199672544440498,-0.365737325795922,-0.0113922477663823,-0.244742929922898,-0.338219716263659,-0.0826522850740624,-0.0812551776698379,0.321268246830222,0.270982565599795,-0.357442215661252,0.56328684496855,0.343528696306489,-0.318820862105366,-0.0733967414048134,-0.0457819693718564,0.105642213284677,0.120637326820196,0.136052570340517,-0.182961562884108,-0.0454906850872454,0.0674883276322326,0.755437022232471,-0.240507120754171
"养父-养子",0.0389072776326545,-0.144427854573651,-0.271582141265544,-0.366434113358994,0.0348007129437007,-0.127694632935285,-0.28604778397423,0.0110876144658968,-0.165580222666581,-0.464936693245353,-0.400235640183639,-0.195137620196135,-0.275964759396613,-0.0362978078735498,-0.0952855747182713,-0.295289643547731,-0.184611118146627,-0.140003500188949,-0.350129156917053,0.786171156298544,-0.215150203522827,-0.0561158461014976,-0.0382489499547161,-0.152772009822762,0.0841971219065022,0.0711563130619003,-0.107042790637875,0.0103579743345508,-0.236255091541435,-0.208798805739935,0.00834920687253811,-0.106430677534646,-0.265548257749895,-0.091346854962909,-0.256703378059303,-0.114114126434939,-0.00817693923398933,0.212598481703063,-0.0548478576665683,0.246600369696121,-0.16669766394766,-0.0519253219024191,-0.185364441481704,-0.390838865177532,0.219508168846474,0.0184623369848455,0.0784581539430677,0.455716330589783,-0.193076701367531,-0.106755433518816,0.455362187572606,-0.126516952151638,-0.239611584049856,-0.0128309095647102,-0.119664753422163,-0.254815391360391,-0.461748082735631,-0.270666463602446,-0.185893634143641,0.681757656579547,0.485921566543979,0.791445221045589,-0.0328532064149733,0.12470101724084,-0.0948942401376419,-0.0281925661573435,-0.214532617913224,-0.274176532457447,-0.167198213904439,-0.0549214012946335,0.217927440844839,0.0398477587471899,-0.190229194982308,0.766713505590919,-0.160035488994603,0.62304660146832,0.748255277915896,-0.0487187078546422,-0.220784477174113,-0.178203774382202,-0.183267254115994,-0.0234531072987603,-0.133864507260248,-0.17007404412811,0.815638633010626,0.0428577512000813,-0.0071541419684667,-0.0519026883169911,-0.0857814285335151,-0.0302261104759706,-0.115380871021738,-0.0695115245725192,-0.172638643873865,-0.0347750119312302,-0.138393112151717,-0.168065522849939,-0.123171479288197,-0.0561250238978847,-0.104185245482621,-0.292223370209083,0.0272677504100017,-0.0982640068899075,0.0185019506923975,-0.287793126950348,-0.187057685606501,0.655043499359188,0.591549512512109,-0.144184566509249,0.791055400395458,1,-0.096795895052608,-0.295714681693998,0.0881058565060582,-0.150485552505951,-0.0172494871269022,0.0338254433768002,-0.0112948968106849,0.607955310412254,0.154636770618309,0.560233802177074,0.271012763796221,-0.320070969920121,-0.242282569614003,-0.270680788403625,-0.247960738585127,-0.0311162637616537,-0.124258965243585,0.18917573590155,0.330402598357172,-0.239387006240986,0.399513521215298,0.317406141778122,-0.244011549586543,-0.0330988821867634,-0.0905386957720997,-0.0399799880161859,-0.11057791444521,-0.114868766246176,-0.0577171194434419,-0.149756984896397,-0.0244241914010076,0.789405052428233,-0.168490029566948
"养母-养女",0.189638381203028,0.0489032841486825,-0.242529226546632,-0.26313027850361,-0.174633172490683,-0.225152967381956,0.141586255191257,0.43494369550482,0.379367502983942,0.164839138613117,0.0687534819689638,0.400045038075099,-0.234305257704784,0.104001241440387,-0.405801954546627,-0.00409989085257651,-0.287360577235733,-0.206908023077056,0.200263133215588,-0.0506328696055618,0.262265517974713,-0.0714516948682947,-0.224850520473714,-0.21020974760579,0.342974821348129,-0.314453418651944,-0.285466633783433,-0.038786381455045,-0.219943551194552,-0.237049717955663,0.167284454186365,-0.0822388508268233,0.123967944516504,-0.207012403091901,0.230326880652946,-0.255226359527425,0.14294877563284,-0.294953162089601,-0.390796887082104,-0.126708170106568,-0.319350254784502,-0.0633016824369704,-0.371781936124267,0.13802134610637,-0.0949747208419295,-0.000730000883592307,0.140072656092859,0.294244033924856,0.111969352284852,-0.314155753048625,-0.0520006708138074,0.150424572704519,-0.263436896394734,-0.329374020073339,-0.100626376055122,-0.263988023212417,0.197322971540376,0.324947092115986,0.138559287781821,0.038499260871501,-0.0763205417578434,-0.217468821754699,0.206194075249642,0.16618938882434,0.469329112537884,-0.286128959670184,0.179492816111442,0.0346948031106671,-0.192432683573219,-0.0812604986890203,-0.153863299099536,0.52422691014062,0.413242173633633,0.0153730452116241,0.0300980473971981,-0.0854854457000806,-0.103121376019172,-0.226377192750068,0.0728408644824809,-0.37554903012743,-0.0328851175589609,-0.216744784099597,0.221301725635259,0.236642917204144,-0.0644014168640692,-0.237056811408171,0.00897436810789618,-0.110886488141515,0.0563868722481937,0.201597798479182,0.136980351131078,0.151794474962449,0.0769219323303162,0.340950954891368,-0.251783674883293,0.269934507754911,0.0696524760228819,0.268402872058853,0.466388772413492,-0.147771482592921,-0.192847060641392,0.0183640071953875,-0.322110790747428,0.0239918181367931,-0.317567238178493,-0.158947403187241,-0.0395047951319947,-0.19292784788537,-0.185834495251675,-0.096795895052608,1,0.164688255680733,-0.0857147794967075,0.207372570289203,0.00540811051841761,-0.281123809138139,-0.00037110527428058,0.0483007237322443,0.17339021480986,-0.0186734477312538,-0.190819304259398,0.607727165303957,0.160747375298727,0.301182296908799,0.58401430620201,-0.00221444840217857,0.264340811813638,-0.420975240057306,-0.191258220220051,0.271260337091623,-0.202809828731649,-0.136320400056744,-0.211865084478575,0.189391042680193,-0.236459126091386,0.176763851156293,0.0912353814312165,0.119453982307232,0.162588271154212,-0.342757038930155,-0.285345592364335,-0.17201850030243,0.197162133036033
"养母-养子",-0.0428652514642854,0.235013383793466,0.269601541231798,0.129425561732772,-0.365112942631109,0.189225666455659,0.257060472139982,0.159376461809677,0.226481601457785,0.679952687246794,0.579145382031971,0.252160908887411,0.171722194368653,0.301329258104923,0.299124220181947,0.207599691527,-0.280636657849562,-0.0884647035074713,0.32670038106095,-0.330837608632942,-0.0692008215637748,0.104797309127595,0.115711985328677,-0.161216744071723,0.00259762796124866,0.0398924367183722,0.287279850522613,0.0821137815414489,-0.121705971298615,0.141027376857415,0.0819662247032761,-0.388130165948899,-0.0259995135854029,-0.172786077569081,0.104152194054248,0.145968076776698,0.205809172469502,-0.180202650780887,0.233602276257853,-0.465152055644976,-0.0452101965313683,-0.23144141186437,0.289783687132252,0.623764168321797,-0.241802063178529,-0.158870152006536,0.168715878438784,-0.0661925348103565,0.143325749662765,0.0117278123699609,-0.227343220959906,-0.101666943158545,-0.0625697648146618,-0.119739591867673,-0.216514325306061,-0.0878629876269814,0.359700390699581,0.136213799332756,0.0476924361849878,-0.144037403741183,-0.0448017639898611,-0.242941152055525,0.11764284101858,0.0724037864026561,0.208121485424506,0.164844700158091,0.0803567596440819,0.131529075020617,-0.260022772544888,-0.448219746854208,-0.245071138130252,0.111617186827076,0.104656323973134,-0.283557074758759,0.469741574506831,-0.10928529452463,-0.309452094147204,-0.0186149320273639,0.412004992789888,0.251400304135558,0.155078475935966,-0.175338409560782,-0.149212571263739,0.0355045033716054,-0.403870972965048,-0.244610215129512,-0.366581393652716,-0.302868057052327,0.283582629034292,-0.0386352215014203,-0.118056958661998,0.265385923447187,-0.196787122510555,-0.190227369335297,-0.112942253975306,-0.192649245374355,0.208633956767229,0.084710267805982,0.16867219913286,0.172249215154729,-0.32554230927257,-0.269703104694602,-0.16957683572123,0.199981644146038,0.232599858101951,-0.0914836077153455,-0.198962700868731,-0.337014462319286,-0.192016840753862,-0.295714681693998,0.164688255680733,1,-0.398822073296873,-0.154194871768704,-0.25642592947253,0.0855663316947752,-0.131068882261096,-0.340975095594188,0.0131028165764261,-0.316628645657386,-0.255903334032846,0.152974073756369,0.397324060960473,0.0755397078422574,0.220277070561417,0.159010491061857,0.209939250673565,-0.274102179094902,-0.441861906060026,-0.0574075886541445,0.10260801352896,0.0749421288578719,-0.31361520964979,0.117955197212687,0.149398702456518,0.199098987367224,0.386604282517496,0.363622095532008,-0.169298992762439,-0.11600456187365,-0.329630244601623,-0.321393833295844,0.183025376169186
"姨表兄-姨表弟",0.141605758849416,-0.173864603677939,0.164780589010737,0.00853028942024128,0.684790912779007,0.29339889465201,-0.358678802301692,-0.169885547569748,-0.366999950248221,-0.348053073867994,-0.424335163053539,-0.065516304104427,0.0312636596446664,0.0910262829933328,0.0982364936281154,-0.0443359243455185,0.296457784165926,0.108009202024053,-0.337329807047766,0.13050907055218,-0.183570366892414,-0.170810624243702,-0.161084607954566,-0.0311415621626701,-0.0841996509475988,0.0292297727463083,0.0392439085259987,-0.0478130141490405,0.06874901392655,0.0215821519964784,0.0176268635355011,0.342785224034565,-0.20879610150263,-0.113432928904804,-0.430277087955892,0.0130817101704767,0.106014023290011,0.599530124851509,0.178732558515888,0.380028767877766,0.0939238118384919,0.370597082868042,0.131475209498753,-0.192703608345998,0.081716020851081,0.0748344641524111,0.0147447402074726,-0.149404766602937,-0.54325522712177,-0.014233561745881,0.115113912583715,0.126199439174852,0.0516823053244777,0.0307539068293569,-0.00133394565160809,0.0624291163879088,-0.372865814107875,-0.329450928304954,-0.327475463850646,-0.0872257563962235,-0.3576693917852,-0.0442646043487147,0.247162904133963,0.239368474966954,-0.105439045779308,0.0216430009120973,0.0947296851314043,0.206308348026916,0.248628653291833,0.682003971969393,0.065802138351265,-0.149434875781616,-0.327875379999055,0.27070326069601,-0.284630614099357,0.0274904197640626,0.141759889113279,-0.0588958635664487,-0.414343287742122,0.092976395397711,0.036252036372208,-0.06838439311483,-0.2808927989916,-0.38508312358005,0.0986318978185417,-0.231243765055932,-0.0403826718069673,-0.172828132159142,-0.164728637247235,-0.0600621620654579,0.141774208468369,-0.119723736792567,0.100371405635776,0.132447205597386,0.191592865761187,0.158512881733817,-0.255007211472424,-0.197478435244273,-0.125813844920199,0.124736518322462,0.762226587304781,-0.0396984907888007,0.0511806802885245,0.0908860040688605,0.125168082229589,-0.00641721651859706,0.116762323242391,0.273606951944281,-0.0653561020768609,0.0881058565060582,-0.0857147794967075,-0.398822073296873,1,0.106422989627213,0.37517651810072,0.0379346194161436,0.128773860455742,0.180455732892921,0.149717571471703,0.150232680958294,0.041604278455734,-0.108805063488586,-0.0315075846961848,-0.313147806919532,0.0173370921535064,-0.0341987325336199,-0.11903440061112,0.371127459961732,0.427695251692738,-0.155677290292711,-0.234039043061374,-0.198327411204128,0.253131090046761,0.0442191700758601,-0.16177100962591,-0.172229694161684,-0.333989489595144,-0.237451313363795,-0.270266046152497,-0.114523767629309,-0.166568877575901,0.0566488802695462,0.0107092557434726
"姨表兄-姨表妹",0.0617280566193118,-0.0811898978509044,-0.142946091388958,0.0785623829367501,0.230631994598717,0.0342845793664082,-0.124129146417228,0.12564297328319,0.268596460654474,-0.0882630282420995,0.0325370193932178,0.130427289076861,-0.0210081320264272,-0.0232046305945447,-0.259697475349112,0.199610262421985,0.144435313276345,0.163492200136266,-0.269620837171849,0.00854908515792085,0.136678108001148,-0.234508713791046,-0.277735018562015,-0.0573515436031399,0.00827561937548279,-0.414331030589358,-0.364664833610937,-0.38711703865692,0.0784630589015455,0.144229942621383,0.126526244850181,0.139745387098394,0.112850876903099,0.0697986930691401,-0.0721664290616251,-0.209525711736889,0.0842971294832359,-0.0942748694764488,-0.197257066819599,0.0326573028967918,0.134027602584016,0.434799104830836,0.0271731491197167,-0.0424965037012876,0.0520677667247423,-0.0707018495674723,-0.127751232703665,0.164677740628542,-0.239279732235997,0.318259323641541,-0.0335683495798792,-0.00378481077268874,0.0487213249597554,-0.136512657741605,0.0208366545530156,-0.0751100800530103,-0.00787944240080602,-0.212082109517146,-0.183656374112097,-0.297200669438036,-0.0766349070131793,-0.195795599901239,0.113445143859457,-0.046512388724241,0.0179676992086673,-0.314410407687916,0.290429255772278,0.213468297318311,0.201541463611827,0.216830135590585,0.0501307532897383,0.0170584818141884,0.229064521988345,-0.187832063534712,-0.155798635218917,-0.127364765690616,-0.136450752872613,-0.216489433366517,-0.112887987254691,-0.061682366394721,-0.161931423761301,0.239781626670816,0.0594077831890046,-0.181827679915023,-0.062961509544453,-0.0418036726484376,0.120235852613065,-0.108768654782365,-0.135666792616466,0.00500327630806565,0.0988420516172079,-0.165405870152375,-0.0149776649384887,0.0362842680757767,0.0705483454267873,0.121027269858826,-0.0524089046651155,-0.0808419305569067,0.217243989313828,-0.0551378415654776,0.174247036297483,0.168710276273793,0.00396699660479905,0.220522330980614,-0.177106655857378,-0.181430780842529,-0.250443792084753,0.245329528772113,-0.290931848806805,-0.150485552505951,0.207372570289203,-0.154194871768704,0.106422989627213,1,0.562795331841442,-0.380819262169755,-0.00900996593116278,-0.063413186718249,-0.0622971398362617,0.132070265927149,-0.00650873948751778,0.371024752663909,0.0343341761306266,-0.0139389853955892,0.355439050936179,0.15065788430365,0.117045419200802,-0.260629781143869,-0.0825042273652112,-0.0372609880112231,-0.140804275152606,0.0348750389933816,0.23844419760936,0.131048225115944,-0.16578194944698,-0.261055036835851,-0.2013689078693,-0.168508845045516,0.122046288567022,0.0373749505322217,-0.0123559348537065,-0.165612856259482,0.321573319908047
"姨表姐-姨表弟",0.0932917179815979,0.031910214629223,-0.0994713771325444,-0.0180204549250568,0.569749161244826,0.0959720132742503,-0.0623223613749695,0.0687002875742077,-0.0158066887445866,-0.238884398143348,-0.0608117797263983,0.261544211746346,-0.212069831670489,0.126421909639579,-0.249666566049712,-0.00337802412198008,0.1460015300199,0.447259972354073,-0.379416765799999,0.0440937989877953,-0.0232245780255335,-0.460999051535676,-0.421668135723921,0.172054831455977,-0.0124733431241115,-0.25038398828832,-0.369716453111196,-0.41913309747702,0.216600620761318,0.393273443834067,0.0510485339019558,0.0751779776595434,-0.14727088999831,0.23265237158333,-0.309225774327237,-0.358496178551423,0.122401982941309,0.35495786935677,-0.0679449829461235,0.16593345320751,0.338055176801158,0.76512023414186,-0.00902321024717913,-0.0890359569954171,-0.00314413684149767,-0.0544007786110692,-0.0645599338279901,0.029264771949443,-0.390066516323387,0.489525233685883,-0.0409645104809793,0.231480858695421,0.096301473539033,-0.0583395458827333,0.104311972655109,0.00586844182989606,-0.155448432539373,-0.382781544448911,-0.322593264162405,-0.294187346460452,-0.317945158561356,-0.0128016591114589,0.135171721351436,0.113145415229329,0.15331728012276,-0.334587614005257,0.11741262389649,-0.152308189786835,0.196113161708229,0.218648846167093,0.0053587754636788,-0.0536883887192352,-0.149557759165558,-0.102335196961581,-0.227660020619809,-0.0743667829743813,0.128498392079042,-0.38932274010718,-0.234593565278387,-0.0617988943602443,-0.354713440458658,0.461058830691434,-0.226753884445123,-0.36666893786416,-0.0879221529406633,0.0814697639734024,0.176363490544015,0.0252499002018841,-0.0630441208558389,0.156647813179641,0.179934843544886,-0.0922703670382713,0.0641873382384054,-0.0782738974823502,0.137479300528147,0.0323286324711461,-0.0267933477113912,0.00813118323039438,0.15371313930959,-0.224516944907038,0.435198539079603,0.15995616325915,-0.0313614106406335,-0.147221134125146,-0.247726628036601,-0.0615049042022581,-0.0304804181781686,0.210301567528584,-0.0913295161270497,-0.0172494871269022,0.00540811051841761,-0.25642592947253,0.37517651810072,0.562795331841442,1,-0.382264577105601,0.0308985493425658,-0.121532900330995,-0.00520088913302219,0.079090956683872,-0.0639281478664023,0.180705575941472,0.169444241637385,-0.176997361765881,0.254877849156726,-0.192715443468701,0.15651796001272,0.153345295562084,0.332255286219921,-0.259908860700676,-0.25927937454413,-0.212506302995245,0.253167450947244,-0.024023115254602,-0.353390700996516,-0.196846204711177,-0.197826711177617,-0.123513984454318,-0.062228643043325,0.15402795692356,0.16349947089586,0.0562889180540625,0.130257756349212
"姨表姐-姨表妹",-0.00682900625802075,0.0294233608726806,0.544978222513087,0.123845009564402,-0.155810432420748,0.346913120071097,-0.293816200845943,-0.26341678057022,-0.364306060155779,0.0739949492474915,-0.019165907895972,-0.400088242872312,0.281194236367686,-0.174909696159881,0.635252904271564,-0.15663577169879,-0.0675526194282536,-0.144371659364099,0.0540825792454182,-0.039451158194341,-0.405815688145896,0.209658741084961,0.361837789226464,-0.277424352567645,-0.328987956578798,0.3562991259772,0.475842877916291,0.604242158826032,0.0672474855905254,0.0425664038077764,-0.0121256425348089,-0.0123576811547659,-0.406389946236519,-0.17373148514119,-0.265339439598288,0.370676073261723,-0.262262216304101,-0.0517083688854154,0.368419912422495,0.167518667618628,0.0289192269022171,-0.337596079660746,0.451187272751004,0.112194611937288,0.0532120311530049,0.197360516075085,0.113453090035916,-0.261458618153053,0.190369969501297,-0.15544030444862,-0.0905636240828934,-0.383323128988284,0.159019432959064,0.206361003321161,-0.259785754077752,0.185341909475609,-0.0675601026011484,0.00701891231180276,-0.232692106641058,0.268345759229256,0.0655905605105857,0.128452722144904,0.00891570097401082,0.0359311704588478,-0.319221177237256,0.615924021891945,-0.16340732071964,0.117676542983858,0.0152961407736795,0.0292461627242892,0.0358102273209159,-0.117905112659396,-0.203820810874643,0.0528987217696178,0.255340579966973,0.0671752654013745,-0.090730120771354,0.583239847113089,0.22123071335974,0.43954726170763,0.354061897256669,-0.0800280570731697,-0.353525556032197,-0.109717670691196,0.118855188780653,-0.0995638045945339,-0.219160694479815,-0.000756140955748529,0.100394008562752,-0.438006681943736,-0.409889879959162,0.0532573209904375,-0.154635068669387,-0.181940393504394,0.175167707367966,-0.294470437243065,0.00427027708621544,-0.201000172157392,-0.330802184890453,0.195040767314737,-0.0867673598073488,-0.224368688199627,0.332478931475046,0.0202764349348652,0.467065810778359,0.0273145578364424,0.0183125691094554,-0.0515873757429257,0.0563283990122226,0.0338254433768002,-0.281123809138139,0.0855663316947752,0.0379346194161436,-0.380819262169755,-0.382264577105601,1,0.126808391019191,0.0521771889603216,0.188484895009553,-0.143630497477594,0.0825021106611986,-0.465144016924706,-0.23317168116354,-0.355255328404432,-0.438559569998172,0.134125673855247,-0.447080699523285,0.209459295867328,0.201867526611968,-0.253271883492159,0.299942284687596,0.100851938552795,-0.0459819629467295,0.0428718663449688,0.208936207481057,0.0750758314612667,0.147346703508612,0.12025967768139,-0.262633880236701,-0.119168774219558,-0.0991636332602344,0.0114388367941877,-0.254729866965073
"姨母-外甥女",-0.231278763196953,-0.260901814122601,0.19313303665518,0.0587222538985571,-0.0420965555491545,0.0646821450217144,-0.317339284286393,-0.310104879554118,-0.245048382443637,-0.0251962371297682,-0.2558562225295,-0.302475631017908,0.0981967649343377,-0.311739503522865,0.0822666821915628,-0.168644333140814,0.180907039676395,0.0791207806455232,-0.00346690895202981,0.0787094090344719,-0.259279163818738,-0.0818284948176185,-0.00595666402611324,0.0420254327048081,-0.180403012872752,-0.152911851113518,0.155514663893669,0.199584607155566,0.281718274275349,0.16182488675619,-0.350165131037091,0.228421033488855,-0.229199887198103,-0.00496474960316752,-0.0798458466796158,0.114466546845929,-0.351896599285406,-0.0820777846268257,-0.0512797418305892,-0.0179391297983485,0.23023778988279,0.00698466651593092,0.048552850840483,-0.13342290074979,0.651873205802834,0.929683427938952,-0.260725574692427,-0.104103329497117,-0.104634912073571,-0.0418773769797826,0.430049822621824,-0.0902048065555595,0.276009521217515,0.490572662606854,0.0496950179856295,0.250066848938517,-0.0184723295506595,0.000281325523935918,-0.192240469440394,0.0694965685594432,-0.0197279632283297,-0.0816303196715687,-0.25867408228236,-0.225773297121834,-0.193356128482645,0.163721489409974,-0.240946696332909,0.076391301264323,0.30846992063579,0.139927839909141,0.641898992452217,-0.256968287000845,-0.252564306682621,0.0600517255180532,-0.250187874183455,0.0133367789137563,-0.00637238663607102,0.0823851786866375,-0.240036981182369,0.0955387193425864,0.177226581570882,0.0109382652242744,-0.202325087651924,-0.0938743023791699,0.104826848992584,-0.0292423493628387,-0.138168472910574,0.0353533624033967,-0.24406069218139,-0.218802356065828,-0.113556240859595,-0.173610539092374,0.14738294909336,0.0268384145882608,0.664819293902792,-0.0663191253818705,-0.266518917514512,-0.28819344435333,-0.321574909936786,0.0394763936279368,-0.0139836704911337,-0.277161817028826,0.547193173733616,-0.00622518797146365,0.184542478351792,-0.0265533756444628,0.0338846700177522,0.242010909413744,-0.0940120813085702,-0.0112948968106849,-0.00037110527428058,-0.131068882261096,0.128773860455742,-0.00900996593116278,0.0308985493425658,0.126808391019191,1,0.292190634979976,-0.158617872661825,0.277556836992287,0.580269194107297,-0.203858692520731,-0.222991414826285,-0.0992763957656657,-0.199366882369785,-0.250796196746526,-0.32304193510622,-0.191305254372353,-0.0509997807986707,-0.130883482892609,-0.0327445658928015,0.0294732344043699,0.277179413550244,-0.308926519622577,-0.128104119480048,-0.168586925639102,-0.281777619950299,-0.319808298125431,-0.302126298169557,0.13822723724747,-0.0788949998000424,-0.0234741573556791,-0.183888411787325
"姨母-外甥",-0.181093965039319,-0.343590372044934,-0.151503432185194,-0.25024296899925,-0.0677693746325427,-0.0318063519637009,-0.344050615245898,-0.256771473460144,-0.189405664321505,-0.327589648005504,-0.418674400108307,-0.339696469116177,-0.143808723468894,-0.351460332814824,-0.0482670190190142,-0.19381730881051,0.116191219662441,-0.0854858008902738,-0.172191032063143,0.693240489216204,-0.135550154028533,-0.017337393847195,-0.11238729130419,-0.184189938151019,0.0402099659132695,-0.0572925424903789,-0.0567043653147222,0.0777388039612793,0.0422313362451206,-0.0726419303329441,-0.295814461594348,0.258440324505238,-0.196975730549428,-0.195588049711557,-0.114395835229565,-0.00421101099229307,-0.303695527497882,0.0417460280685905,-0.0251029027693817,0.0975409581732243,0.0404363781070769,-0.0993708131699648,-0.202117621506479,-0.30852935977331,0.544999253684171,0.336116023224376,-0.210455928856882,0.391201426024141,-0.233881965469175,-0.163055604056103,0.75292705846811,-0.27260193383649,-0.199553745650798,0.0987237492611725,-0.217011791101582,-0.128747433875684,-0.425062063463649,-0.0804434362401758,-0.0515364246455437,0.508288132989656,0.429140574627701,0.453907187666191,-0.218537945593124,-0.169382640518737,-0.250656418105073,-0.0575127436751678,-0.13478331315605,-0.0258356891544718,0.200908193872582,0.308869754023072,0.537158321575416,-0.145974994889307,-0.107032534906092,0.801702690739506,-0.274616035613074,0.548193558056596,0.577961229981457,0.0315289917394034,-0.349557899804698,-0.217864138797187,-0.000578988235112728,-0.132314519174383,-0.0104371054845648,0.00242949072154701,0.748627700409704,-0.155037677719853,-0.208139889245753,-0.126258055425931,-0.337962800565498,-0.133833729802626,-0.196328869945491,-0.250050710641345,-0.141754642201767,0.0657905456267443,0.0825095133150191,-0.0397068032721643,-0.330794848098398,-0.305316006429064,-0.225629692408724,-0.0182015755897527,-0.0313563506109231,-0.271942577916085,0.0986952945704892,-0.158207478227386,-0.0882561871071426,0.449263057773491,0.511434555489748,0.230439372228652,0.465952630941903,0.607955310412254,0.0483007237322443,-0.340975095594188,0.180455732892921,-0.063413186718249,-0.121532900330995,0.0521771889603216,0.292190634979976,1,-0.0129143185382661,0.854083991944078,0.622349592168375,-0.219063161217429,-0.375730021408659,-0.0902696590616104,-0.272691823933168,-0.0448157852114413,-0.343323174505033,-0.117168023653507,0.0190772731540994,-0.0562872481812969,0.33232804739958,0.362598211763484,0.143306061333771,-0.114669643951385,-0.160983500940447,-0.183600087951389,-0.29595280968073,-0.225126273810187,-0.122991106347874,-0.212152132103524,-0.18971545792805,0.49218502113262,-0.196638791974061
"姨婆-姨甥孙",0.592235668307518,0.449878684142705,-0.166311319926439,-0.260101819666119,0.0180772977558013,-0.107995936093295,-0.130318289559722,0.340689745707718,0.082150265698729,0.0734858223000778,-0.0261212309177021,0.201272930636154,-0.114410160351699,0.429194527035052,-0.00919163249957377,0.0931967366012134,-0.422316301981032,-0.255684749254348,-0.228169270349238,-0.0287354321200733,-0.225227194568503,0.119794507345834,0.0258944670565253,-0.461009215628695,-0.108671232514602,-0.0259658136682081,0.00108868688696592,0.0804432896613464,-0.470644427835918,-0.482919530010699,0.503568684177323,-0.316479364997699,-0.355969150678949,-0.317878325640248,-0.341761611865107,-0.0350391817825749,0.398294032132732,0.141431442632158,-0.0255987420407153,0.273838098211731,-0.450848946504517,-0.016645088653232,-0.142288003903705,0.0634100676616604,-0.183068770654965,-0.0820783491132394,0.723477265289344,0.0654467282884705,-0.0330721174881434,-0.386312539706826,-0.290312119541611,-0.166184817815607,-0.314207788356955,-0.265080305970908,-0.230304608835581,-0.338847867244389,-0.338767829805888,-0.301633127292657,-0.242825209054535,0.162073296065677,-0.0116314932140471,0.183790417202771,0.605906059833289,0.780254310118651,0.242030051341897,0.132165085099143,0.268160072253266,0.129091111639384,-0.370554191727292,-0.0860427445055216,-0.174916497548008,0.466347035485369,0.248214614865426,0.0968549074991354,0.420284851286233,-0.0107617740897298,0.099990188096745,0.115111320865144,0.265254608466414,-0.159229379818475,0.0969716301634253,-0.176493781601306,-0.321898626530677,-0.251652326707258,0.111756436703634,-0.204560955771919,-0.012725213509796,-0.216354537922563,0.533171849573987,-0.173766868077913,-0.16341555083533,0.486679193639767,-0.222565105365847,-0.0961148509204071,-0.310429461069022,-0.193866932745784,0.518997602279203,0.315054380517887,0.296287113370986,0.0274835289448479,0.0765258501559246,-0.16203755539166,-0.150202113921934,0.0391701613911323,-0.0365134841026303,-0.119032372248624,0.0668383549256643,-0.320532377850317,0.0713210542558757,0.154636770618309,0.17339021480986,0.0131028165764261,0.149717571471703,-0.0622971398362617,-0.00520088913302219,0.188484895009553,-0.158617872661825,-0.0129143185382661,1,-0.168652558912111,-0.104927135130626,0.0156503483261748,0.224975676975967,-0.395205018227928,0.112231000217268,0.392213062024578,0.0560778638387908,0.185552126209294,0.322951736658479,-0.307420832523912,-0.208175175641357,-0.172630201401918,-0.366840320520419,0.569021776495702,0.0564651198634116,0.45553513543516,0.343737599717562,0.261556403699278,-0.103446235091459,-0.406459897398404,-0.317309325659414,0.197805150550307,0.210131940785174
"姨父-外甥女",-0.155931903910358,-0.302060685624177,-0.11829365972265,-0.0613636155772912,0.115775676630994,0.072264052069763,-0.360346892939879,-0.264188108597423,-0.0556772375409726,-0.333740820101279,-0.293078612863915,-0.293489619876277,-0.0952105706164934,-0.296845437371163,-0.097957977947997,-0.0438425911707184,0.141529229025847,-0.0651741824433613,-0.287496837389372,0.703243170864392,-0.111085313775856,-0.169202796486824,-0.216012966470625,-0.125233120234098,-0.00606911951061118,-0.175973724946399,-0.144266850218337,-0.119269044668168,0.0750368854485978,0.0451890990992889,-0.257151434718824,0.239409412586339,-0.117066718262478,-0.154792551772557,-0.0815539909918968,-0.0321685904178184,-0.234185641578053,0.100541372349023,0.0300950621158929,0.0421518467623285,0.151295699763595,-0.00271431223201607,-0.0919532368737312,-0.26890013817956,0.552659002331107,0.253177612360967,-0.294563254695722,0.40211904815995,-0.343720603674639,-0.00614090294442211,0.818675955660758,-0.282872965134409,-0.238381268463028,0.044203176704728,-0.202646635631208,-0.188112402540914,-0.335713879807682,-0.240099252243715,-0.135942566808101,0.323761005550436,0.396901520746449,0.444386114142736,-0.239650556484251,-0.246330590735088,-0.321937336708888,-0.165577340661838,-0.0694891809132867,-0.0362004217781584,0.230058631206144,0.2457155352897,0.579183529917104,-0.273568350992907,-0.115885568299832,0.64206214789597,-0.329368962525253,0.513778311667683,0.614948857762437,-0.0721648209490893,-0.357898399360699,-0.100978411167866,-0.107325440306154,-0.0513096728658211,0.00991834278035568,-0.0930697189538768,0.649737157134937,-0.125913706092468,-0.214286326020836,-0.240008888835866,-0.391045940517576,-0.116147362803243,-0.155586499172127,-0.343334860442402,-0.242113959692706,-0.0747498894668238,0.144012900719134,-0.0642577597645964,-0.294452530142564,-0.363081909492487,-0.167370763880993,-0.0178420778006279,0.0420451091990046,-0.210412240184641,0.0644966581315147,-0.102337247695858,-0.09458224031868,0.482005683180491,0.472588640074336,0.285000456436103,0.415197289176189,0.560233802177074,-0.0186734477312538,-0.316628645657386,0.150232680958294,0.132070265927149,0.079090956683872,-0.143630497477594,0.277556836992287,0.854083991944078,-0.168652558912111,1,0.591693952902254,-0.13172482475722,-0.247808865316369,-0.0493167987147801,-0.142641830262868,-0.0553190785862942,-0.313294556236315,-0.113487264068017,0.00547759328534114,-0.0964651371326431,0.35773246360759,0.411389597503059,0.21210648938071,-0.14681063020065,-0.174484429680744,-0.287615759312451,-0.344538237744497,-0.272560322419079,-0.0854727913480033,-0.140924884796407,-0.168383578462866,0.540276099363771,-0.00595173136217984
"姨父-外甥",-0.269180675874388,-0.264953044200636,0.0314101429458498,-0.0891120724134181,-0.102846397430687,-0.0440077278232446,-0.283525756079276,-0.29104033365665,-0.249107531394523,-0.11313972403573,-0.260580000172868,-0.350255244439675,-0.0447738506051279,-0.347888927004076,0.0658057507244497,-0.203565428871908,0.195894456772076,0.0695955429500789,-0.128704889659793,0.388156476984951,-0.205826751536235,-0.0677470216225886,-0.0814085014442607,-0.0825436748918864,-0.163721863636847,-0.124992887998235,-0.00167269769459834,0.0223310288796688,0.253368211507028,0.0997937336465348,-0.336031277694032,0.190859936482594,-0.250662303616204,-0.0286334715654578,-0.106703426862864,0.0425541200760745,-0.355713895393005,-0.0449722390860154,-0.062101594115506,-0.0443204915021096,0.212536645830764,0.0438748367796588,-0.010711361305871,-0.235203585639402,0.921454282651496,0.593624650072778,-0.262616270313218,0.0738997018316821,-0.149850043801253,0.012118791791881,0.673004007957436,-0.284352963393344,0.106082397025249,0.462671814195535,-0.0902803834202208,0.133981547169526,-0.257575970518982,-0.104280654400593,-0.120133967600944,0.214668809251433,0.219081352796988,0.239120935978004,-0.311469017295187,-0.237570242283329,-0.331616604336155,0.0171121579103222,-0.208227139395735,-0.0755842493291832,0.246230668545345,0.166677608412084,0.93146104613661,-0.261894743487282,-0.183857653830529,0.371547242035971,-0.230132488272865,0.280792250295842,0.262979389126513,0.0343929970013796,-0.292322701522954,-0.0440559024142645,0.0136812785476371,0.00141238354192127,-0.100283844285594,-0.0541734503458514,0.428035478146608,-0.0433159154591483,-0.15292352025562,-0.0697068651923269,-0.298921710816031,-0.254119588049382,-0.248325204641604,-0.228219631111424,-0.069716976164375,-0.120387864260808,0.465932455387269,-0.157239342846477,-0.258271458143985,-0.316802702497964,-0.273030242397721,0.0152650452919172,-0.0794081295362633,-0.26897202125641,0.453474461818157,-0.173370753773777,0.0502192258009144,0.195082715255918,0.219670617957547,0.309999188268334,0.199672544440498,0.271012763796221,-0.190819304259398,-0.255903334032846,0.041604278455734,-0.00650873948751778,-0.0639281478664023,0.0825021106611986,0.580269194107297,0.622349592168375,-0.104927135130626,0.591693952902254,1,-0.238606353627253,-0.309271934484883,-0.173523783896633,-0.248357820638404,-0.0926570893198165,-0.336352442799887,-0.146372357803332,-0.0668040487798963,-0.150155364931998,0.200770262091228,0.262603040892129,0.255797165772338,-0.270918711368531,-0.115316928565313,-0.216244491989425,-0.271310352705636,-0.241569963129924,-0.256531069181327,0.0591688376844255,-0.0577156782023117,0.210124061952701,-0.259020018798421
"义父-义女",0.289061716208854,0.162381998641675,-0.171835575697729,0.0550012663390748,0.0298006372335586,-0.223433602951584,0.492878314706759,0.399359774401152,0.568703004180692,0.312532029308177,0.395984617719555,0.478264545032633,-0.147264265089853,0.219832618210683,-0.446974247791941,0.300299286571616,-0.134898711551698,-0.136431964913231,0.112965611601648,-0.177580163785992,0.322514807408672,-0.111154782789767,-0.229464383755176,-0.139860310114328,0.0752283582491281,-0.248703693106015,-0.323452887425293,-0.424303286368493,-0.103349865452229,-0.147949725818622,0.307010622787091,-0.11463030685691,0.253350305241496,-0.153879360710887,0.217037959936037,-0.332535324333596,0.391460521763861,-0.2433272937411,-0.3696322684919,-0.139495943231774,-0.136758387954023,0.0829127255033189,-0.224999119239861,0.266992317052265,-0.17837249215101,-0.230110831746494,0.0290819146005958,0.10366639582616,0.11798791533035,-0.124880108013864,-0.193772734198698,0.153212657988388,-0.253905646976894,-0.344462317714731,-0.160646389595024,-0.30269922556848,0.317395185076065,0.262454963808518,0.13308434711379,-0.394141565623802,-0.259580329028061,-0.377559983585195,0.226719656246402,0.0398547652116004,0.413027657942265,-0.463243591955235,0.487455169220692,-0.00333087512914072,-0.197043336663416,-0.0218828572195627,-0.190665325130462,0.314128145021156,0.517043410425285,-0.219990939686609,0.0358599168028913,-0.340207919615577,-0.20009234457986,-0.35991072257684,0.174790242266811,-0.211959421685528,-0.171079359516252,-0.131875134369607,0.241418512682012,0.217198553022036,-0.250013664280368,-0.281523226611428,0.0233822179685347,-0.171829797633321,0.0745020417793037,0.134347194963688,0.139014865606079,0.0647250441370644,-0.0827129489418253,0.0925190454105787,-0.28358852321854,0.258891295483123,0.13505792326849,0.304834791028648,0.498921301608632,-0.0810533335341176,-0.0153137548714515,0.217694258809602,-0.414438865715134,0.10416623941676,-0.357887506177939,-0.304199769896059,-0.272277352425236,-0.112186613834987,-0.365737325795922,-0.320070969920121,0.607727165303957,0.152974073756369,-0.108805063488586,0.371024752663909,0.180705575941472,-0.465144016924706,-0.203858692520731,-0.219063161217429,0.0156503483261748,-0.13172482475722,-0.238606353627253,1,0.384536588882189,0.328652876834441,0.666589335753862,0.0404422354350892,0.514690558723829,-0.307200870699307,-0.237834664800956,0.25798351392465,-0.280368390020062,-0.226156913582455,-0.0196996809025069,0.333739859624902,-0.133544869879394,0.0912914912767368,0.0707302005375354,0.147809710238396,0.193598717781108,-0.264405468999348,-0.189704471139791,-0.260504701881216,0.394542209543868
"义父-义子",0.251607382447535,0.601498010386831,0.0780832696255493,0.11568696429695,0.0439774897100454,0.27419610542265,0.347217304320484,0.154277635261211,0.177208657690776,0.343462351405998,0.541141611482632,0.382379116153231,0.040307627705664,0.540374746415716,-0.0757608003428387,0.301983574376774,-0.348266091156854,0.109583531293643,-0.17021930037122,-0.275340893716107,-0.159291861443986,-0.121185141178714,-0.162146497910514,-0.0465638357114597,-0.220310684134709,0.116808247736948,-0.0599665417049529,-0.275142201626972,-0.324671032224573,-0.0692442181783944,0.239591325217794,-0.43651128352936,-0.251259250792062,-0.079800639492876,-0.203050748861355,-0.152837439226637,0.459096952513919,0.175408192751763,0.148018779092767,-0.304205297845633,-0.271576224674993,0.196368199271323,0.110941906468971,0.555454814745719,-0.246022105116177,-0.297826264693316,0.305291868388256,-0.0609759280360283,-0.183547120655413,0.0684401109495626,-0.2545790464872,0.00223032071662831,-0.248230206858104,-0.401930461480881,-0.148908249605703,-0.297884109459693,0.0619756245002171,-0.180938408870579,-0.314161069027002,-0.130122867625455,-0.2387595222437,-0.00930152277029947,0.269433361719908,0.340997210681257,0.261085316261884,-0.180591104339098,0.332740646710134,0.121301064953254,-0.367268060950724,-0.268628535411203,-0.239639252893123,0.0643121968075896,0.0085554047739008,-0.276815035217399,0.441698651594658,0.0578000413283986,-0.00930335043831779,-0.236572761278727,0.418833701610122,0.055625212925735,-0.0291306006638232,0.0712388985265155,-0.278909273049418,-0.242286695815294,-0.369830433398417,-0.178836847611539,-0.222808359946058,-0.186509143084498,0.548005973534992,-0.135332593739015,-0.170521859430441,0.489955376562437,-0.0747859612407198,-0.329872227210283,-0.252957893793213,-0.189385130166404,0.518762003455048,0.143875176150118,0.196399244076049,0.0148865739973623,0.0425731541926553,-0.271188151466513,-0.4053502529024,0.216058741425888,-0.0695581853611098,0.0894503978046944,0.0297834410905988,-0.354524830913305,-0.0113922477663823,-0.242282569614003,0.160747375298727,0.397324060960473,-0.0315075846961848,0.0343341761306266,0.169444241637385,-0.23317168116354,-0.222991414826285,-0.375730021408659,0.224975676975967,-0.247808865316369,-0.309271934484883,0.384536588882189,1,-0.119354277242876,0.349664006069908,0.0394395711797821,0.228504348300556,0.175452822425272,-0.0178124884552399,-0.282949443570701,-0.0728016060635761,-0.112757542560163,-0.27049775969667,0.258075508539568,-0.019465697294608,0.447697923457816,0.503188260079782,0.600063699767657,-0.292461251301538,-0.140276896923305,-0.188606020306602,-0.0689946162363817,0.344824481608333
"义母-义女",-0.282889102792956,-0.290100076586937,-0.236954441144431,0.0430566749477132,-0.234760500939555,-0.289617103324503,0.303101032103353,0.119754695797954,0.319810224031605,0.0650442941103197,-0.0123119121082515,0.131692302669664,-0.00420003070211018,-0.245002471429818,-0.356108159266862,0.0364822191389324,0.135567618230504,-0.201604745412317,0.476403171013971,-0.183663383389669,0.500119120071462,-0.0169496080575004,-0.0934677573383736,0.16737377721677,0.59179595351283,-0.236938779867437,-0.125335523253409,-0.0698313954896385,0.112462676214831,-0.0578050265101686,-0.148318145248375,0.118893795791163,0.771838913004787,0.15537941991051,0.700849670697368,-0.11302637832235,-0.186448770318589,-0.324535603134579,-0.394053385178357,-0.334075264205129,0.0638272227966403,-0.223307184478365,-0.221907695976288,-0.0160072364159678,-0.113007950138591,-0.16136901131249,-0.311195711792495,0.0774232484785503,0.239820163330479,-0.137580559489036,0.0425152740171454,0.345297563857074,-0.0275603365629774,-0.195326680265562,0.195798043651761,-0.0659066428711523,0.552085346529828,0.538673921817497,0.655861494198575,-0.212889360930926,0.0226102861176707,-0.301721345550351,-0.247674118290873,-0.386353924194103,0.0842195269037786,-0.285070224882906,-0.134736620315842,-0.0496046222537004,0.121317250332933,-0.0493628946616489,-0.126753430356735,0.0764247589226743,0.230205630241725,-0.194481210448586,-0.330101777243734,-0.253055012038583,-0.251565484876207,-0.175211169611256,-0.179230941981474,-0.178289224201813,-0.0360115935526783,-0.135908653303092,0.60502921033856,0.561484178978697,-0.224379958393586,0.0756624829270432,0.194336556159303,0.0895276229440304,-0.364352946577309,0.529460374655833,0.453142647832628,-0.326185268030654,0.121062328935256,0.513346165895323,-0.150906261530518,0.572491605739141,-0.292671933150833,-0.0261153275988375,0.198881808492554,0.00433396220469319,-0.330094994246642,0.352703779614644,-0.258965333989268,0.0497934579234381,-0.0991454982693208,-0.216422728686174,-0.215140738043332,0.163865503763043,-0.244742929922898,-0.270680788403625,0.301182296908799,0.0755397078422574,-0.313147806919532,-0.0139389853955892,-0.176997361765881,-0.355255328404432,-0.0992763957656657,-0.0902696590616104,-0.395205018227928,-0.0493167987147801,-0.173523783896633,0.328652876834441,-0.119354277242876,1,0.2827828043332,-0.122859997797852,0.167036194199009,-0.445221399407944,-0.414958988853005,0.595461515186667,-0.167957700166816,0.0313443736024449,0.131688897694472,-0.175645098826031,-0.0288628022316052,-0.269294578942559,-0.191035905056827,-0.116026501161857,0.513160468876255,0.118271361389537,0.0769173900361725,-0.263483498304461,-0.115971783639307
"义母-义子",0.226263412894759,0.136547983254858,-0.146526919162756,-0.177294522193855,0.0605539866789036,-0.102699174176883,0.26308959101423,0.580945581207719,0.425757045754759,0.280841671181513,0.213912708589688,0.617684361357449,-0.273171023509608,0.301703253268799,-0.366103614153548,0.0293809048819138,-0.260069915195934,-0.0726717773136624,0.181426508677907,-0.191113866497088,0.304701628175603,-0.407669089393441,-0.533016272940716,-0.0763347715409812,0.247325430691711,-0.51027218964003,-0.40947114361082,-0.453437791772898,-0.241039789507969,-0.127135834513654,0.198328779821635,-0.198577850032975,0.186955628798687,-0.0517550631481428,0.211049374089709,-0.41797388541507,0.255163932791882,-0.101967101006133,-0.354726452719554,-0.262270466893674,-0.190233183563633,0.25093978023335,-0.186059013661198,0.275024766822201,-0.162856467124356,-0.244903234124522,0.112494152356255,0.168626144548919,0.0299527692102279,-0.0584070966242499,-0.205521693644657,0.356763394505838,-0.0880255418987915,-0.411847341821461,0.0247981123182632,-0.20426246041723,0.382228441304682,0.0579574992333101,0.134466331960006,-0.332086571791882,-0.308508365113553,-0.263321001145521,0.257733981999497,0.219607474192017,0.468706121524796,-0.449826707513074,0.18768770447091,0.0062632418722007,-0.235444860791163,-0.0644247024033454,-0.167535879696627,0.509621144518986,0.423968643031945,-0.17129217721166,0.0394543028884507,-0.231428784669961,-0.125622506030818,-0.442491799442295,0.03569381113417,-0.249394511231367,-0.217922042622824,-0.120563188170336,0.121021965625542,0.161405074351907,-0.276588456611995,-0.204279286064915,0.134681882400383,-0.230707682507793,0.0808371308041158,0.29484938752604,0.364565574956171,0.104321378047452,0.15709784230692,0.3095535913666,-0.173406187858479,0.395982975863728,0.116709480933962,0.354007445118783,0.728311321817092,-0.102835762936329,-0.0404678710521074,0.214707051360567,-0.368539320626622,-0.0498412245519404,-0.292305043641165,-0.199531198205455,-0.135993313194991,-0.1836711283803,-0.338219716263659,-0.247960738585127,0.58401430620201,0.220277070561417,0.0173370921535064,0.355439050936179,0.254877849156726,-0.438559569998172,-0.199366882369785,-0.272691823933168,0.112231000217268,-0.142641830262868,-0.248357820638404,0.666589335753862,0.349664006069908,0.2827828043332,1,-0.0139484221774733,0.379694502179127,-0.298585218208975,-0.165987347868343,0.297321871980718,-0.291744495305522,-0.131347893603748,-0.160470749312977,0.148508780987445,-0.376857997878114,0.084345711714911,0.043733403052065,0.0849326953708396,0.204459744850084,-0.20160283019241,-0.239355275945264,-0.223955001517492,0.239565801570571
"姻伯叔-姻侄",0.326126673794752,0.21510702507744,-0.000219826856089293,0.137549072073791,-0.0185954345352517,-0.116374167601734,-0.200973277808894,0.135111316203961,0.267858265738532,0.148994137216194,0.102821761658517,-0.112631860690658,0.265223389630782,0.236026829192678,0.148936528243626,0.505129574917263,-0.0123504201917222,-0.341392317220831,-0.236925620476925,0.0378828455481434,-0.110461376744149,0.460864518004618,0.288921281875367,-0.559006366031637,-0.0811054472493524,0.0253762156240264,0.145997569010211,0.181938770995039,-0.230246243691883,-0.328087461405913,0.550701569155414,0.0964929727093699,-0.0036233194735316,-0.40535559230221,-0.209817705539563,0.322807679742065,0.381217898508772,-0.0925270497017142,0.0191662915388354,0.178829448003869,-0.234641798367873,-0.241378622431861,0.146957088714127,0.00859694111387471,-0.144645103437163,-0.246360327838153,0.431203883892366,0.00623535335417533,-0.174709057519125,-0.232119123701608,-0.131086761826471,-0.452989190654058,-0.281851269443265,-0.180660475296794,-0.460447766643394,-0.329289151559678,-0.348894106944539,-0.332255821984914,-0.0504459037992426,-0.0918639621061624,0.167554610705513,-0.0753995900005089,0.574364569795476,0.386582924657497,-0.117853406856995,0.204876441354447,0.389635445673316,0.456394053757188,-0.1456375011944,0.0441802474577197,-0.133414822300002,0.076245844537774,0.348680241574548,-0.0460476889847094,0.238960441780854,-0.184409632041859,-0.217018383197699,0.299809380490407,0.182007871629516,0.104447396254688,0.299662201748107,-0.171172291864236,-0.187699529885566,-0.228508855083213,0.0804059995657639,-0.299085377768146,-0.275605118581502,-0.382426656989376,0.304895209188981,-0.292880164656762,-0.275440930498249,0.240820651465218,-0.525883342997233,-0.218692372289869,-0.270235086004603,-0.292225718680777,0.287225345825983,-0.0961917296400592,0.136900469751211,0.430736275674101,-0.020747761520968,-0.003519242762449,-0.117724959499652,0.480549578392814,0.256696711152181,-0.22295204884702,-0.255727587081084,0.0318425119394223,-0.0826522850740624,-0.0311162637616537,-0.00221444840217857,0.159010491061857,-0.0341987325336199,0.15065788430365,-0.192715443468701,0.134125673855247,-0.250796196746526,-0.0448157852114413,0.392213062024578,-0.0553190785862942,-0.0926570893198165,0.0404422354350892,0.0394395711797821,-0.122859997797852,-0.0139484221774733,1,-0.0505872252310878,0.0148168878306818,0.0194156605484544,-0.160041404282513,-0.08229003608189,0.0752369303461089,-0.170766583294857,0.631499768478097,0.506210638262823,0.137003865469099,0.27645161501227,0.151013784898585,-0.00938871472708215,-0.304509988879092,-0.345567981662793,-0.146265723228582,0.434264672090988
"原配-继室",0.262806877013832,0.156381051883176,-0.361757377986608,-0.0372957780593799,0.112965285706723,-0.375670076096623,0.636894593109282,0.482093208859458,0.469780032099689,0.193192542784475,0.319674645266783,0.498836104219667,-0.24806976188452,0.425482047664611,-0.392404776850268,0.216353060746935,-0.0973405409588519,-0.0536710825076819,0.0848074230109504,-0.150771892365052,0.210493005437166,0.0672966849106152,0.0369492369329167,0.0159662157257748,0.143813974202067,0.0447090316186141,-0.200917042468523,-0.330359686209753,-0.116033709763311,-0.125668162453214,0.388158535353825,-0.282696720313487,0.361242141930247,-0.0880450886467792,0.0881000427543943,-0.32322153655355,0.491023945402135,0.0431514709866178,-0.255245401934657,0.0271602887400733,-0.125865349753872,0.167860708319583,-0.246673685469115,0.15138384488458,-0.349620882703096,-0.336625603481909,0.257380872938583,-0.0742016393715357,0.219569093543568,-0.0332675456206866,-0.347899695272401,0.264145437810448,-0.207266494092817,-0.258861394275179,-0.0145228239206966,-0.240722829325667,0.250125294024432,0.307951905778807,0.168954292044796,-0.267516886418355,-0.329879460744836,-0.150651769966339,0.215482656021678,0.0881509547124417,0.456617659621332,-0.358919293880326,0.268768357308908,-0.252260207464848,-0.373399811154229,-0.23163294333645,-0.351946873298119,0.38897846100855,0.299769470418805,-0.171533735029218,0.00398576311270154,-0.325236598106282,-0.1644084605521,-0.395142159570211,0.175867353001441,-0.262169769748409,-0.332378269972988,0.00651493820036678,0.21235127313568,0.0540828133631572,-0.245885092195872,-0.174127716300974,0.145768331246893,-0.057576454178017,0.177835401661245,0.281877321487494,0.259057240851074,0.0837801343610625,-0.0928942532134448,-0.00616699498200772,-0.409404706673978,0.110501147932003,0.176725005305538,0.467438801061754,0.423168692999509,-0.224259646742069,0.170406778498426,0.234517142711501,-0.425176334881177,-0.045537521006129,-0.380709627286818,-0.257705630122589,-0.234780719816275,-0.272872074941161,-0.0812551776698379,-0.124258965243585,0.264340811813638,0.209939250673565,-0.11903440061112,0.117045419200802,0.15651796001272,-0.447080699523285,-0.32304193510622,-0.343323174505033,0.0560778638387908,-0.313294556236315,-0.336352442799887,0.514690558723829,0.228504348300556,0.167036194199009,0.379694502179127,-0.0505872252310878,1,-0.0218034908255732,-0.0818510507007387,0.0835185472305174,-0.284125656488262,-0.376781059913804,-0.198498990067395,0.277587581454619,-0.00500670594140848,0.122370292420159,0.0956058821262686,0.132814093616645,0.109087945734159,-0.0832948348769296,-0.0399048013144595,-0.14963981957021,0.229673640057319
"岳父-女婿",0.202728016953499,0.24065895781994,0.020915882285353,-0.00737094262428494,0.430947646231023,0.164628297829051,-0.0406753845104858,-0.0390885143962842,-0.219528432548136,-0.333995660870768,-0.131216698840983,-0.0591442631418918,-0.0442290315489435,0.238692820942251,0.131986248102495,-0.0828548693069631,0.0617885430607308,0.166911702261025,-0.406906926167369,0.0807975942945085,-0.311507618971713,-0.000900588614981296,0.0965292344572671,0.0515315872698354,-0.327814545430627,0.502790535939207,-0.00796533545661195,0.041500743166366,-0.058318395243769,-0.0437965925078232,0.18999577853413,0.036637844409088,-0.350113353243974,0.00804336270107288,-0.494982634423485,-0.00422035473263272,0.175220147110405,0.513588892803399,0.26532388447264,0.477799163168165,-0.103335264594685,0.227223618652901,0.129668905581114,-0.194955760990212,-0.169658482659864,-0.189979317783859,0.278716817154085,-0.333631403785724,-0.214121742543963,0.140160826283389,-0.149845691992793,-0.0137624324557791,-0.0300613905876103,-0.00328077866058417,0.0120162532895747,-0.0209989688505276,-0.378634060110224,-0.339378341418946,-0.376312482520279,0.0995138623742304,-0.235363246572461,0.296794167419241,0.162923830985466,0.190914280152338,-0.116830509425669,0.0666357945319007,-0.0315010707536728,-0.178785608135487,-0.0644661685593525,0.134276715594521,-0.141207287366147,-0.071315461011473,-0.278758569885348,0.108490124403049,0.079121778198946,0.0954834240603512,0.190285743073308,0.0821298238904122,0.0623197858718012,0.0934421559195315,-0.0830043596380952,0.323778829817383,-0.325580473479611,-0.43282597842356,0.132245965862588,0.126413683222436,0.0666280521330589,0.155340754532458,0.299051500707718,-0.134730905132834,-0.155710151487763,0.206464611635927,-0.00264268288283211,-0.292168508628929,-0.0716321515461848,-0.290131042622664,0.208000594250523,0.0357583307919752,-0.188422091199103,-0.125790200759628,0.517480551179359,-0.0197981510162958,0.00332300537640411,-0.0913023424856082,-0.0378119217137742,0.159249211030591,0.161432100168071,-0.0593433390750984,0.321268246830222,0.18917573590155,-0.420975240057306,-0.274102179094902,0.371127459961732,-0.260629781143869,0.153345295562084,0.209459295867328,-0.191305254372353,-0.117168023653507,0.185552126209294,-0.113487264068017,-0.146372357803332,-0.307200870699307,0.175452822425272,-0.445221399407944,-0.298585218208975,0.0148168878306818,-0.0218034908255732,1,0.659570676300909,-0.388224080399435,-0.0585334098180003,-0.295424827799526,-0.0812350135879438,0.112284281774923,0.137239216033908,0.15509339932186,0.139849489578175,0.173163112298151,-0.173921584627377,0.019381938577409,0.18635119583785,0.2990753410976,-0.108823151391104
"岳母-女婿",0.249539714486484,0.151651627824363,-0.0629227089175876,-0.108862978810799,0.46466233007825,0.0454087318222897,-0.195034195542986,0.0856721251105047,-0.189754449288456,-0.48850747746533,-0.2689597492443,-0.0322037778478391,-0.115807156594183,0.155812512203074,-0.00820499261885861,-0.123498343179455,-0.0048273471105737,0.0392996120791764,-0.475662935689066,0.201587700555867,-0.357489998892808,-0.110582151520826,-0.0333345027654808,-0.0854006636122537,-0.130450372987828,0.214083412680335,-0.0833285184291664,0.0561190797800837,-0.0730467921783875,-0.0688884138341026,0.265083249867931,0.085251576569064,-0.358431235939643,-0.00156864755319125,-0.519745997243833,-0.0512607027045697,0.105890302728812,0.524323268124212,0.0671212252140807,0.605333103369301,-0.0665111016502365,0.226052283700829,0.0457062225663835,-0.304802151320276,-0.0449648180307376,-0.0382661880052102,0.304584705155506,-0.165863528973467,-0.221824826354225,0.0643513736903548,-0.0902713204825735,0.0164571504288654,-0.0210170028515206,-0.0363197803016655,-0.0167070624260978,-0.101414392458922,-0.370328422104933,-0.410536783415048,-0.425450880638937,0.174558283500801,-0.236207452813884,0.34834563304933,0.243116773942982,0.290876805095364,-0.00792694833377066,0.061310916430479,-0.0861380523246373,-0.191932432460239,-0.0653671108426684,0.186606665888706,-0.0543489830696294,0.0474174403999563,-0.199837099952318,0.157292463609048,-0.0556001184428018,0.104124354089513,0.259764121198979,0.0389408209138955,-0.061069426159093,0.0164997919064257,-0.0283244836128698,0.276581872632605,-0.359764048708883,-0.428850087628121,0.299661952452933,0.054782091853912,0.109025447933856,0.111255861311094,0.196556224781476,-0.108119508641277,-0.100460486074817,0.0994027517443399,-0.0318688833398364,-0.0767343868178623,-0.0499023482394024,-0.162284854149705,0.16170899195042,-0.0148115031833613,-0.0698582100490997,-0.165019729725624,0.465219665270748,0.0895239885934654,0.0543680371339719,-0.125611680800714,-0.0785839338959348,0.142709735246806,0.169343395347759,0.0389826794165552,0.270982565599795,0.330402598357172,-0.191258220220051,-0.441861906060026,0.427695251692738,-0.0825042273652112,0.332255286219921,0.201867526611968,-0.0509997807986707,0.0190772731540994,0.322951736658479,0.00547759328534114,-0.0668040487798963,-0.237834664800956,-0.0178124884552399,-0.414958988853005,-0.165987347868343,0.0194156605484544,-0.0818510507007387,0.659570676300909,1,-0.413794811798738,-0.136408296737589,-0.281077259305443,-0.00507762966492151,0.161526354255307,-0.0585913198023102,0.0419774312812446,0.0160737656481174,-0.0188731203567651,-0.15118419498841,-0.0402239844018144,0.148224930934744,0.332215989975916,-0.0954140638709659
"再从兄-再从弟",-0.079264756985356,-0.271235111096928,-0.181401945115795,-0.136576923975508,-0.206610718996686,-0.3091159094546,0.137757622892903,0.134764451168024,0.18492736940973,-0.00403072884471285,-0.195587251852126,0.121534822869082,-0.167675389650033,-0.15239487010287,-0.276507008921403,-0.121197320848291,0.0784353617952378,-0.139461392168169,0.564576313539796,-0.157313265746483,0.712206658049268,-0.0632804889485325,-0.185142342126788,0.214859076653777,0.437486134876911,-0.361005918338589,-0.246109752294063,-0.139067635054583,-0.0578445392034733,-0.184207296952308,-0.214272127276558,0.174890945566859,0.574636608444428,0.13341554005574,0.686833105048236,-0.0906661684523364,-0.177979164761917,-0.343009796675014,-0.364850070024309,-0.224051710150609,-0.161293536618952,-0.244230646135336,-0.399540499303911,-0.163060894193892,-0.156281125861583,-0.0910534965851384,-0.251932798623409,0.124963452078499,0.266696137051429,-0.226842197222291,-0.0544817627731129,0.420051764713825,0.0735501011091765,-0.128253093563427,0.329292397140341,0.128798704518618,0.356387631944761,0.425863801584162,0.687237871887997,-0.179005690038859,0.0247161044116885,-0.376808767033076,-0.205597620143836,-0.26964544948715,0.181939171706105,-0.302405409232611,-0.0307790273155798,-0.00967163362874488,0.0719049716990189,0.0556488923278586,-0.154487148218238,0.20047977509404,0.298108671435064,-0.0733940132991224,-0.228611679738361,-0.258896614077682,-0.226281828437669,-0.100023717135035,-0.169687800218548,-0.306898561463946,-0.0244579544677876,-0.327280789889328,0.707241423630102,0.745952686528529,-0.183525952574757,0.0919533187374252,0.35089726370562,0.0996715498141261,-0.316336397247601,0.496409586986694,0.470842486357149,-0.175080776013824,0.419761323391635,0.569376012814221,-0.152335793371479,0.642715627384011,-0.25154252824568,0.256746389926686,0.18997243948116,0.0557935476282914,-0.277019522937016,0.374907225874072,-0.191354361343908,-0.128314502779328,-0.167418345551315,-0.197878461380696,-0.0944264742949624,0.00107180230847464,-0.357442215661252,-0.239387006240986,0.271260337091623,-0.0574075886541445,-0.155677290292711,-0.0372609880112231,-0.259908860700676,-0.253271883492159,-0.130883482892609,-0.0562872481812969,-0.307420832523912,-0.0964651371326431,-0.150155364931998,0.25798351392465,-0.282949443570701,0.595461515186667,0.297321871980718,-0.160041404282513,0.0835185472305174,-0.388224080399435,-0.413794811798738,1,-0.210030000496434,-0.0208370446711833,-0.0131742770860313,-0.226706108419387,-0.11253732085041,-0.0665253594489261,-0.163007401147203,-0.180542018749914,0.551968304516668,0.0353525853741059,0.0748653684847135,-0.281326055986543,-0.0119985723222129
"姐-弟",-0.229800366285551,-0.101408572013558,0.267003385371697,0.0332446988931931,-0.2145226616557,0.237530461099291,-0.108684959833898,-0.31330521748725,-0.250292753595603,-0.0127096229265349,0.165277345685532,-0.239865879951548,0.101762590638616,-0.169500084553413,0.306523891377145,-0.148034154599034,-0.275534620656304,-0.108024368200799,-0.018465814323291,0.362390572596767,-0.258886560304294,-0.0201025586071283,0.0265209212063334,-0.0423590298245305,-0.161749697327893,0.160746637316171,0.124491992217029,0.136951704043712,-0.07349087146287,0.0758077309292942,-0.215008183490273,-0.210840612016433,-0.195359860788123,-0.0857068400906492,-0.107634691140366,0.16078836843678,-0.184862332297404,-0.132827921467886,0.225780549134076,-0.234833840385748,-0.022522509138748,-0.213197893174826,0.286210393556996,0.110087242212694,0.174589596052843,-0.0118135553074427,-0.151722620755706,0.403469064527514,0.0400650247226216,0.0273323488724289,0.321299812422576,-0.35638718875662,-0.0979228315452001,-0.00191739668403732,-0.177660142331728,-0.0302221579483789,-0.0181089015717701,0.0905093222503112,-0.192502243436197,0.480248119667501,0.567920349366343,0.531614039152775,-0.277256935183226,-0.239138554419896,-0.273637179826201,0.133442217746613,-0.160343571739001,-0.0892602018645416,-0.180331207392022,-0.249384985387237,0.187599286562425,-0.284831811093688,-0.263803569333223,0.401700324486586,0.0593879654464393,0.629733619287079,0.50880843887779,0.0586506702691154,0.0961324276745608,0.24769846436962,-0.0260177009220112,-0.0494612589788611,-0.0270502836642728,-0.103991853293771,0.344570908819984,-0.0154239911723599,-0.209820815457975,-0.0479691007425651,-0.169320256633702,-0.181183923087752,-0.241463483953859,-0.156873645069408,-0.206347592800894,-0.243659151859726,-0.0216872066969063,-0.260863890640461,-0.101485511552269,-0.283968116753261,-0.335435801081392,-0.105412806047879,-0.271177880754931,-0.296261986082607,-0.00429242378747876,-0.122802066193088,0.146921560855947,0.688456137012254,0.535447257734261,-0.196067353448957,0.56328684496855,0.399513521215298,-0.202809828731649,0.10260801352896,-0.234039043061374,-0.140804275152606,-0.25927937454413,0.299942284687596,-0.0327445658928015,0.33232804739958,-0.208175175641357,0.35773246360759,0.200770262091228,-0.280368390020062,-0.0728016060635761,-0.167957700166816,-0.291744495305522,-0.08229003608189,-0.284125656488262,-0.0585334098180003,-0.136408296737589,-0.210030000496434,1,0.666425897613322,-0.244400887890361,-0.214582668772949,-0.0746980631485296,-0.0661670912227285,0.0400304936418696,0.128374618235158,-0.220498699033991,-0.0553181597552419,-0.00940140111534711,0.457075599330932,-0.139865450280873
"姐-妹",-0.294591251157218,-0.231195352919298,0.12665186050127,0.126464291573116,-0.302516400689924,0.155771616992393,-0.353025501894936,-0.258387599411952,-0.159277633545416,0.103571154238347,-0.104336763323787,-0.281330534373934,0.260220378903504,-0.199861737203253,0.197042136988629,-0.0716925094283022,-0.0693081332503808,-0.221016900272901,0.128934834719492,0.29351408756824,-0.134672471525017,0.0155950350633881,0.0237338563475057,-0.150236847911766,-0.069504484233738,-0.244443100391282,0.152149641885472,0.156125782697688,0.00638073293885744,-0.0170977254819693,-0.241396867321668,-0.0826070834682116,-0.0705383555761062,-0.139139950768793,0.135557069629549,0.272001083337477,-0.233499421142759,-0.15835416289059,-0.00777295145319239,-0.371863704649483,0.0784681245756046,-0.199662151167566,0.193254240988214,0.0115742649599581,0.24451201032442,0.00356895550587846,-0.247063135096205,0.495846597275049,-0.0797353430004036,-0.0647744373690222,0.371840483664425,-0.304116986909413,-0.142040452408791,-0.0854766462738769,-0.188273130411289,-0.131847625207718,-0.0132470034248716,-0.00598475237389265,-0.00716557888610071,0.291160400798261,0.750741853278778,0.356491453523593,-0.197074251305612,-0.1379166515255,-0.32563275524635,0.204946042731924,-0.185071761774047,0.231587290272459,0.092860604592562,-0.128085633884144,0.248268541805699,-0.258030564178363,-0.149030272692163,0.298696495536047,-0.131407630095553,0.478729086764678,0.336026414187185,0.239232045714252,-0.206886526727275,0.18510756691566,0.163933773406108,-0.184292547684546,0.0421418446095416,0.0659366094739388,0.266052394515722,-0.115870657787241,-0.164224799360721,-0.289294359229301,-0.244289720185361,-0.171407715270655,-0.137575071064779,-0.242042207255801,-0.177553158451525,-0.0954137053478082,0.040113090411522,-0.0989952438376147,-0.234766957927737,-0.370967293797549,-0.200806301401706,0.209029883676706,-0.33750603219399,-0.188132129460428,0.0602621099165866,0.0750022213192022,0.355665551698091,0.508365448659211,0.412780901297732,0.0426076542508344,0.343528696306489,0.317406141778122,-0.136320400056744,0.0749421288578719,-0.198327411204128,0.0348750389933816,-0.212506302995245,0.100851938552795,0.0294732344043699,0.362598211763484,-0.172630201401918,0.411389597503059,0.262603040892129,-0.226156913582455,-0.112757542560163,0.0313443736024449,-0.131347893603748,0.0752369303461089,-0.376781059913804,-0.295424827799526,-0.281077259305443,-0.0208370446711833,0.666425897613322,1,0.00425052332622817,-0.219743955471183,0.0264552255091785,-0.232296523502141,-0.141821948393044,-0.0568585780509523,-0.103226600818994,-0.127391513054447,-0.166310162159454,0.306783378298207,-0.0811826327664792
"姐夫-妹夫",-0.352451925026815,-0.426545467522965,0.123928681837545,0.358761243674301,0.281299570552287,0.130747495113409,-0.167787582601396,-0.364784427606541,-0.12724472274301,-0.0798673115320267,-0.240072242569333,-0.263704931431367,0.18670782278661,-0.486008191554507,0.0127830168112627,0.0295677852780375,0.729806920538078,0.2686241282384,-0.0131158728846238,-0.00912315144169234,-0.023712147507454,-0.0915573318920861,0.0216217591380091,0.135681543674739,-0.122186400679663,-0.103581033891112,0.150948549259812,0.0210021789614162,0.728946889992148,0.490883748173715,-0.318032829695322,0.62356383024585,0.0930483578462636,0.166331383702648,0.115528437774505,0.126019065325262,-0.336112377478627,0.0845341235515591,0.0665902888890517,0.146030213657718,0.737065243320735,0.163061209377693,0.158163648445673,-0.17183336171293,0.256726329087528,0.239154999749508,-0.556378233553178,-0.288254605287284,-0.127655022595685,0.335431635959025,0.225820374323639,-0.0445138773177124,0.240444822674394,0.380903814109016,0.0220126723618367,0.250840043477115,0.00997007972839823,-0.0156789352770333,0.00606911487554894,-0.376570470157155,-0.151625415815829,-0.295792006656459,-0.295662663184729,-0.373016720730228,-0.329564401507712,0.0970105504959455,-0.0475672407651403,0.133889235433582,0.729810845514115,0.508552430896657,0.255943063068339,-0.425978898182064,-0.158271381358232,-0.138978324028711,-0.440477637042062,-0.2704064176227,-0.23893462033959,0.170625444633858,-0.422571252190401,0.199964729257102,0.158169735782101,0.207689718770955,-0.00373145758020903,0.0975730732856293,-0.0669151254971486,0.00797215351992661,-0.0767098122061247,-0.000146779027500906,-0.433210050869739,-0.186015833321459,-0.067793751975669,-0.502836637581245,-0.0301403006950926,-0.0600865038703854,0.421939404770744,0.0342436051352366,-0.434251099125967,-0.399223619832978,-0.267442175472963,0.199327086125367,0.237740125788851,0.088218749667813,0.366135706856008,0.0871091857093729,0.187709087587381,-0.274272750192243,-0.328798139708227,0.796351385228715,-0.318820862105366,-0.244011549586543,-0.211865084478575,-0.31361520964979,0.253131090046761,0.23844419760936,0.253167450947244,-0.0459819629467295,0.277179413550244,0.143306061333771,-0.366840320520419,0.21210648938071,0.255797165772338,-0.0196996809025069,-0.27049775969667,0.131688897694472,-0.160470749312977,-0.170766583294857,-0.198498990067395,-0.0812350135879438,-0.00507762966492151,-0.0131742770860313,-0.244400887890361,0.00425052332622817,1,-0.21144139637579,-0.0028960471427289,-0.524697271331008,-0.534712579378453,-0.421863392689894,-0.0190007692503584,0.1741557138446,0.116061879092012,-0.278345151356449,-0.123550002093882
"姐夫-妻弟",0.663829341346132,0.397183363971943,-0.146675445011675,0.13892211466531,0.132279817897999,-0.192450129990713,0.0346722017950348,0.236964571955985,0.446013963553407,0.197193910417635,0.248037138662087,0.0600279980775562,0.0956965692595284,0.430734580066565,-0.110377500257186,0.551979892299692,-0.215365524518879,-0.381024774272673,-0.291315487741929,-0.0216143079632248,-0.0614381393166966,0.380576426360087,0.273307033204531,-0.507614005978109,-0.161606338334163,0.11304713505035,0.0589083177867137,0.0110338535253476,-0.326494670419164,-0.398826218102013,0.771660662970548,-0.154634799993446,-0.108845844470943,-0.485109700037396,-0.274331685755468,0.0271840525622353,0.630508336874363,-0.00815251207345493,-0.0752490504741705,0.351954453962927,-0.31039863107613,-0.11710014738686,-0.0696874501103875,0.160392086118611,-0.318917872294428,-0.276713585180223,0.554036090766325,0.0169169068150367,0.00490176730332459,-0.369596378473333,-0.306616122606843,-0.221282162787758,-0.463007781370546,-0.316607773056871,-0.522525439260764,-0.478052642751195,-0.237043051020072,-0.176323356905537,-0.124946329735539,-0.162688086843997,-0.0595669578602523,-0.0677331067509687,0.708316942430102,0.492125458905514,0.0315026422304449,0.0129845040372791,0.655999764093777,0.224587144628809,-0.368573120701366,0.0410758044689028,-0.317051234145416,0.232880953187265,0.396572260619537,-0.0160788938637522,0.250859306412305,-0.315489339363392,-0.138850169935988,0.151745747013556,0.342491387059944,-0.0511696650418627,0.137707019890084,-0.21214316011043,-0.20876092397716,-0.192874868084461,0.0424793786546887,-0.391817664888302,-0.177459651807261,-0.298517216921264,0.429567516760296,-0.199409601737578,-0.213270258857112,0.279715797617467,-0.490319438626937,-0.221297582207693,-0.428514284259714,-0.209451048118642,0.423181208429895,0.135731142721734,0.327095740738939,0.204575676364473,0.189495008650563,0.049645694309833,-0.322916925788527,0.355621643595822,-0.0633204899741882,-0.324106289242535,-0.26110592770232,-0.23460275516544,-0.0733967414048134,-0.0330988821867634,0.189391042680193,0.117955197212687,0.0442191700758601,0.131048225115944,-0.024023115254602,0.0428718663449688,-0.308926519622577,-0.114669643951385,0.569021776495702,-0.14681063020065,-0.270918711368531,0.333739859624902,0.258075508539568,-0.175645098826031,0.148508780987445,0.631499768478097,0.277587581454619,0.112284281774923,0.161526354255307,-0.226706108419387,-0.214582668772949,-0.219743955471183,-0.21144139637579,1,0.404253100465907,0.259728070502805,0.279624347530803,0.236501132052873,0.0251780891025202,-0.463760756704789,-0.358037429570665,-0.0281077776408575,0.535955574518033
"兄-弟",0.216743081567582,0.167500225183328,0.0291971158887915,0.465106794663758,-0.0789212024096932,-0.167863085223571,-0.119964895029875,-0.207448251148404,0.194898159506112,0.157632717376565,0.0752252168174412,-0.372763162663258,0.46584445332965,0.127113712189693,0.171759710064314,0.537162949749534,0.173093407365457,-0.2789744394663,-0.134044217389606,-0.0743348239874985,-0.13269200432377,0.788687947836127,0.780477508760413,-0.322250460839562,-0.262913735928777,0.370197859589021,0.417281882456362,0.46515840917116,0.0242039219158925,-0.224769518267659,0.395467686037659,0.0519695365295176,0.0186596530651008,-0.380271347332526,-0.0473650476376463,0.418356270212029,0.238854365401714,-0.0643395278753442,0.0541681418991097,0.171113314715122,-0.0735147877682527,-0.384360643044435,0.102988261644095,-0.0255858632331513,-0.165826835903288,-0.121422774819154,0.175459106331942,-0.244230765743597,0.0777711458673734,-0.25692091939071,-0.0769646467467339,-0.372868494129686,-0.286584142582901,0.00704082953137711,-0.404066700961743,-0.225469985067311,-0.185399631141842,-0.0376309718268819,0.0732576161529408,-0.0812524833015386,0.198588348634109,-0.120080724371868,0.258071446107989,0.0696721115073613,-0.315012915631142,0.398244013588657,0.319800936373952,0.298148325199237,-0.0133983658259362,-0.0017244855126303,-0.177521824173583,-0.229435624615743,0.100162740758679,-0.18117622609932,0.131629398314207,-0.280573438126632,-0.308986498950766,0.507050830973966,0.184480082599246,0.172320264050052,0.398785651989418,-0.198098876516535,-0.0645307027944672,-0.0714402629117957,-0.0297178648344374,-0.171694358478513,-0.278189278394396,-0.155459056635372,0.216180511759665,-0.277809657515065,-0.340559974638524,0.154110126533825,-0.438507205479146,-0.367311539578275,-0.166775174569215,-0.371275771566892,0.130334276439914,-0.106106382996562,-0.162687723947429,0.52452518456943,0.0414435231254633,-0.0320498245515772,-0.0139287207521822,0.491106917488688,0.339137844978905,-0.26213199283791,-0.334697099248143,0.0143097960598559,-0.0457819693718564,-0.0905386957720997,-0.236459126091386,0.149398702456518,-0.16177100962591,-0.16578194944698,-0.353390700996516,0.208936207481057,-0.128104119480048,-0.160983500940447,0.0564651198634116,-0.174484429680744,-0.115316928565313,-0.133544869879394,-0.019465697294608,-0.0288628022316052,-0.376857997878114,0.506210638262823,-0.00500670594140848,0.137239216033908,-0.0585913198023102,-0.11253732085041,-0.0746980631485296,0.0264552255091785,-0.0028960471427289,0.404253100465907,1,0.124530950793243,0.19892633288024,0.10876347661981,-0.04086136208785,-0.178927413668245,-0.152770781785675,-0.127895378491628,0.297039935964065
"族伯叔-族侄",0.500606420667266,0.718849093046141,-0.0495786563824865,-0.183251065233365,-0.211935258762874,-0.12019692095923,0.214342630519195,0.222356236716128,0.116113133482478,0.212026302160306,0.303296313880207,0.169940438467671,-0.212434358924417,0.421600503588759,-0.134337813236044,0.034809725899509,-0.510361619291963,0.01958134391112,-0.0727368790909865,-0.209418456439498,-0.196372417794443,0.248950096892218,0.110924267519447,-0.191431690336101,-0.266293210166909,0.205358979925047,-0.0563317332875679,0.0510732878901811,-0.465157110252274,-0.357252509579905,0.276582206395064,-0.388741799158608,-0.328072308494629,-0.273154664909763,-0.164365878484568,-0.108610920154224,0.272759466513718,-0.107807629416877,-0.0613634134549581,-0.0766562036775524,-0.526331233366449,-0.0693406051143615,-0.243982397345111,0.315702264570656,-0.240363288307247,-0.101925840675831,0.552864889583084,0.0734761820033979,0.171063244818623,-0.252094960441992,-0.26300427121972,-0.107275425296536,-0.307538753827115,-0.266595322797336,-0.0741693916985922,-0.219852256844005,-0.117119286353965,0.0166917003947399,-0.0864893105783233,0.268910611973101,-0.0159544455032644,0.113669891660363,0.200557069462439,0.411055401686288,0.346931828573873,-0.0239436742786293,0.141660981914494,-0.079045274073271,-0.478923244288687,-0.373061628929593,-0.24033237789577,0.338878492388271,0.229418893442342,-0.0966825237158268,0.575766280359784,0.0646391030929759,0.0507730173040829,0.00763983552785382,0.576344573208314,-0.284468486972631,-0.0464950641991399,-0.0746294506117934,-0.127300073089629,-0.00626990690662104,-0.141209610353887,-0.070185204301326,-0.0636907009804233,0.0425567202475587,0.657587577473494,-0.186806549329529,-0.252918406524275,0.789077394943896,0.0343528364689462,-0.193658623773974,-0.368501658397878,-0.237176661923271,0.710442096366513,0.517929575384402,0.182339249939427,-0.0227245410012892,-0.194935734808685,-0.308640846148855,-0.277561932324318,-0.0923495436319892,-0.23421909173445,0.0647842656970136,0.203320408368402,-0.566288547110106,0.105642213284677,-0.0399799880161859,0.176763851156293,0.199098987367224,-0.172229694161684,-0.261055036835851,-0.196846204711177,0.0750758314612667,-0.168586925639102,-0.183600087951389,0.45553513543516,-0.287615759312451,-0.216244491989425,0.0912914912767368,0.447697923457816,-0.269294578942559,0.084345711714911,0.137003865469099,0.122370292420159,0.15509339932186,0.0419774312812446,-0.0665253594489261,-0.0661670912227285,-0.232296523502141,-0.524697271331008,0.259728070502805,0.124530950793243,1,0.713189985745288,0.558940251659224,-0.250531286126934,-0.274279979976866,-0.169718467288059,0.0907996964574758,0.139837711086192
"族兄-族弟",0.350309122861467,0.698272288075593,0.0171967093731252,-0.0970537445079348,-0.325775065307579,0.0407222085572358,0.256565018526202,0.328377900958876,0.242930459190636,0.234010426716084,0.442533424609631,0.222464902637155,-0.0648495864330087,0.429193888657359,0.0266620793447909,0.11520202621655,-0.569004862926145,-0.00355582521885428,-0.103479521902445,-0.281439511309013,-0.197186692451282,0.22073168260369,0.103635716523476,-0.249271238231798,-0.246527223278848,0.305931256768528,-0.0972916689380649,0.0727390701805263,-0.409362601455533,-0.218371094670226,0.354699646812661,-0.404553478555009,-0.257779928212608,-0.174601772683361,-0.236727820932733,-0.0847911158220431,0.20171637501267,-0.194340926650314,0.0676858167067791,-0.11353127563352,-0.463574505929607,-0.117784785693005,-0.0167988443758016,0.401934598073333,-0.298087785538696,-0.257031740233755,0.563340033860888,-0.00458419940625134,0.163027710967307,-0.06001088534467,-0.296800434773531,-0.242382677902051,-0.215705225663281,-0.309143098156167,-0.200424739636826,-0.19743126011307,-0.0488775763395862,-0.0697153589248402,-0.149216266075526,0.210725502785395,0.0318501999976853,0.107803793764528,0.274457842758575,0.331623366112001,0.286772025749295,-0.0151454420803136,0.166832165691785,-0.0743769873542926,-0.46832340998811,-0.464097849354337,-0.312091452278628,0.326577290702952,0.291935673159147,-0.246412675849168,0.672787028425206,0.0881411734206094,-0.108258794594015,-0.000655289190795823,0.697537730809064,-0.137547385629311,-0.0847336617044299,0.0672877824896984,-0.204135034815842,-0.119456362578277,-0.190411308317917,0.0141056276837295,-0.161606726169746,0.030416959670007,0.661391500141836,-0.227386092674974,-0.372749127205276,0.690601861684693,-0.0941760001123374,-0.276104673131442,-0.388263307038405,-0.306726428885396,0.694336789344029,0.376756555000578,0.177373401284603,-0.0533928584270407,-0.316836631707007,-0.255018524689654,-0.257794032004254,0.0141013870799242,-0.0961042300387287,0.081656980715214,0.0674370013168401,-0.525898424659061,0.120637326820196,-0.11057791444521,0.0912353814312165,0.386604282517496,-0.333989489595144,-0.2013689078693,-0.197826711177617,0.147346703508612,-0.281777619950299,-0.29595280968073,0.343737599717562,-0.344538237744497,-0.271310352705636,0.0707302005375354,0.503188260079782,-0.191035905056827,0.043733403052065,0.27645161501227,0.0956058821262686,0.139849489578175,0.0160737656481174,-0.163007401147203,0.0400304936418696,-0.141821948393044,-0.534712579378453,0.279624347530803,0.19892633288024,0.713189985745288,1,0.759984536491724,-0.154265647183146,-0.176703700838029,-0.0762266718641199,-0.040957028877417,0.182886729625387
"族姐-族妹",0.224154695405388,0.588741722403585,0.0151740132966427,-0.0713008812625208,-0.248855472375252,0.175540384091823,0.287662344120723,0.22773627051512,0.194076898318519,0.244777950401986,0.473393277451764,0.17832490850745,-0.0353377833158219,0.342062272127947,-0.0480183905079369,0.105948332944598,-0.47487439359199,-0.00613489688962957,-0.0820706172096953,-0.211968340451482,-0.195718003050316,0.0932265407011689,0.0139761466887232,-0.157995895060342,-0.171171263468239,0.361310645752902,-0.139231177333941,0.0368726003582988,-0.330393366619493,-0.11918523866896,0.268617296337111,-0.420942490046333,-0.261793026317473,-0.162759894947792,-0.239862344373017,-0.196520896757095,0.152300666242264,-0.100363511570879,0.0960581897826128,-0.219851462039733,-0.360557177486901,-0.0845376693304407,0.0353459797544418,0.541306524700838,-0.233820598435167,-0.348713723414517,0.372060966968139,-0.0130009000213367,0.0874956190255714,0.00683887307006817,-0.236313711571106,-0.166216624953257,-0.237853986066497,-0.367717756878366,-0.216064728900509,-0.229794151985061,0.00962241425689683,0.0263063804234484,-0.193903352187844,0.191204686491623,0.0078999755976796,0.130672670996403,0.23489918892498,0.246913517940873,0.165186658795961,-0.0634830651797803,0.200461215272995,-0.034881768389745,-0.431363001871688,-0.361109484944572,-0.246187729031512,0.209550619559382,0.154038394952762,-0.208991660514135,0.610579347125355,0.13701086704564,-0.103947233708256,-0.044345212692321,0.61346203343855,-0.0989703230999469,-0.152290393541629,0.10537297619052,-0.174777563878242,-0.163142810126519,-0.1494567410137,-0.0419699181332332,-0.157455281691003,0.0883903281817229,0.489511583624704,-0.193495428551719,-0.350127976483223,0.483019828566458,-0.0884846120772432,-0.244268379496535,-0.337893577753822,-0.205653959735668,0.529407105091775,0.209103338174784,0.210391359997709,-0.074826349108079,-0.23136389843377,-0.19274397830075,-0.322791393435806,0.0491715332548773,-0.12957136245552,0.137323769655961,0.0818962309639737,-0.467216854393369,0.136052570340517,-0.114868766246176,0.119453982307232,0.363622095532008,-0.237451313363795,-0.168508845045516,-0.123513984454318,0.12025967768139,-0.319808298125431,-0.225126273810187,0.261556403699278,-0.272560322419079,-0.241569963129924,0.147809710238396,0.600063699767657,-0.116026501161857,0.0849326953708396,0.151013784898585,0.132814093616645,0.173163112298151,-0.0188731203567651,-0.180542018749914,0.128374618235158,-0.0568585780509523,-0.421863392689894,0.236501132052873,0.10876347661981,0.558940251659224,0.759984536491724,1,-0.144738526601463,-0.183890186976021,-0.0253979154667467,-0.0484185209079249,0.0965267208822617
"祖父-孙女",-0.017611831206031,-0.234248483939454,-0.450280415692487,-0.22093633034799,-0.139016019869488,-0.338933961436161,0.044243645310814,0.319264817753237,0.398231993314009,-0.150144996122847,-0.204868335959504,0.137248787753754,-0.210080616849406,-0.243831957863792,-0.346172353235135,-0.0989228091399517,-0.0203103827821703,-0.201389671377575,0.276810071418487,-0.0473806247526478,0.695797363151549,-0.134501440774214,-0.139668163712278,0.216454240578899,0.525880403199516,-0.287671174436545,-0.385687198588302,-0.180777983694208,-0.0837331709156481,-0.150489508759645,0.0124429292621898,0.0417488905584434,0.562854385693112,0.260667695601198,0.526892355386401,-0.25482998202477,-0.135528686640007,-0.288041330524664,-0.318452386506623,0.0667537872665865,-0.0903081741022436,-0.154671466634731,-0.394674058136935,-0.283884587714306,-0.284877858554885,-0.282712569912068,-0.182442508129556,0.0931912611263361,0.348873885591654,-0.049763247441535,-0.178543959087889,0.409338745439283,-0.00437301555069201,-0.151077996207216,0.252432839599395,-0.00631772684488659,0.24310580961299,0.148373233471225,0.536762537007383,-0.203400607233347,0.0836519850142437,-0.179963106277613,-0.00432794959875416,-0.104703695435031,0.0726286132511043,-0.254851840296953,-0.0190927594369297,-0.186277556575905,0.0143599107797916,-0.0496971398751817,-0.271336225761341,0.272050801193869,0.391913138207727,-0.124942203380567,-0.14780350988475,-0.320260671273716,-0.209647392250528,-0.0931104194495702,-0.128841185357512,-0.301486603629816,-0.212811880514512,-0.02837857267302,0.530224194720907,0.45249166164801,-0.0023684512330838,0.406509132125634,0.543482930342459,0.31159624372879,-0.232285738174955,0.544765330737118,0.452195774068199,-0.238581684178215,0.175892644388425,0.436247891103042,-0.199398141491374,0.477509883404185,-0.173063414088867,0.219637999795949,0.374142409664356,-0.267132549655904,-0.200196787752913,0.676677404410313,-0.0779420449703243,-0.15088495296592,-0.333037334017199,-0.256130328657741,-0.259066775445594,-0.00573077640879571,-0.182961562884108,-0.0577171194434419,0.162588271154212,-0.169298992762439,-0.270266046152497,0.122046288567022,-0.062228643043325,-0.262633880236701,-0.302126298169557,-0.122991106347874,-0.103446235091459,-0.0854727913480033,-0.256531069181327,0.193598717781108,-0.292461251301538,0.513160468876255,0.204459744850084,-0.00938871472708215,0.109087945734159,-0.173921584627377,-0.15118419498841,0.551968304516668,-0.220498699033991,-0.103226600818994,-0.0190007692503584,0.0251780891025202,-0.04086136208785,-0.250531286126934,-0.154265647183146,-0.144738526601463,1,0.145880526804102,0.38851746194486,-0.0768257087344326,-0.00536657119094848
"祖父-孙子",-0.491993167686479,-0.245720176121027,-0.0255554354592404,-0.14965662620735,0.0393669038328808,0.0379183343047146,0.0520322836343988,-0.199220398382477,-0.229515530556117,-0.241819162595195,-0.0681322231855097,-0.169647697674289,-0.154930002466853,-0.277143993106474,0.0694248434524994,-0.190738028824718,0.258867139000404,0.436752813185655,0.0107051001230084,-0.117956053728735,0.153443964233003,-0.254337160504123,-0.199366575731926,0.665979145647242,0.194133206430857,0.0435167318917209,-0.0919724715682677,-0.237529058882015,0.254920809095382,0.440257178877851,-0.386424328140042,0.0749122346785614,0.236251560118784,0.702467986417541,0.0894049072114987,-0.194144506638853,-0.342533548619918,0.0925582178147195,0.115138801085409,-0.0623036579759419,0.320438321920928,0.232488502736741,0.0891287777728392,-0.11501960586169,0.0560488473732996,0.0739501627096935,-0.370033921535314,-0.17551749912332,0.0151850029639098,0.517302928356354,-0.075236324924033,0.289059404685977,0.599915892785497,0.373563586636437,0.577627107044718,0.563916095400094,0.134431438531021,-0.0692629207672766,0.067288837661171,-0.142336627847041,-0.150588542511844,-0.080367406027179,-0.428335771185058,-0.373809313554931,-0.221353714094293,-0.0991920143981848,-0.394563599367599,-0.248615672865664,0.172126037685944,0.0119130016643288,0.061473685225905,-0.30054471950331,-0.34255656143614,-0.267574347650985,-0.214293484903153,-0.122378142329049,-0.139715178748758,-0.272017569052713,-0.190139194418018,-0.0452018468892732,-0.294713294735089,0.479177019177695,0.167178181390238,-0.0257358494580341,-0.150961655137182,0.665243861860204,0.380581810426145,0.493950834693414,-0.226466972198518,0.270024150978561,0.270703075944675,-0.299443070550137,0.352336986388183,0.117438673427402,0.325220736930777,0.160412938880581,-0.238673240169738,-0.222886681984432,-0.228626578988325,-0.254333048585712,-0.0158780108437379,0.214423027961789,0.301853733133125,-0.235761645394776,-0.100620027619283,-0.0450807206187834,-0.15647181369697,0.240194937705148,-0.0454906850872454,-0.149756984896397,-0.342757038930155,-0.11600456187365,-0.114523767629309,0.0373749505322217,0.15402795692356,-0.119168774219558,0.13822723724747,-0.212152132103524,-0.406459897398404,-0.140924884796407,0.0591688376844255,-0.264405468999348,-0.140276896923305,0.118271361389537,-0.20160283019241,-0.304509988879092,-0.0832948348769296,0.019381938577409,-0.0402239844018144,0.0353525853741059,-0.0553181597552419,-0.127391513054447,0.1741557138446,-0.463760756704789,-0.178927413668245,-0.274279979976866,-0.176703700838029,-0.183890186976021,0.145880526804102,1,0.665135385612756,-0.0814960671615233,-0.257059347775057
"祖母-孙女",-0.275477594380603,-0.13053584652437,-0.236856210802434,-0.254846695002869,-0.0265394085055786,-0.0908906928723455,0.123441901204003,-0.0965390998675046,-0.0875929832029744,-0.384562912812276,-0.109289902189231,-0.0745394653472126,-0.281791987397092,-0.365072337731233,-0.152900684063112,-0.318002429356933,0.0922427784053134,0.391380467352056,-0.0110895971645619,-0.0982732237202812,0.216402701156816,-0.273639183482342,-0.155248429269727,0.71937030992228,0.163485413823685,0.0967000975229255,-0.339163592509517,-0.183567478319562,0.155544347432734,0.308693982412923,-0.289871470276486,0.0532971599682568,0.169059156669896,0.666014215564363,0.0926797997641928,-0.319752350340875,-0.371668334862451,-0.0153046942477951,-0.0228867356969303,0.0894245879322392,0.193830235548901,0.211150458047139,-0.182632452108288,-0.219986980565414,-0.0833150603055502,-0.0982254046510245,-0.287264876874651,-0.107754747056223,0.186853665220731,0.44144394921862,-0.145712864633455,0.357472290152774,0.429401683021664,0.237361248587149,0.523755510923433,0.441197395095356,0.0684853499557476,-0.00115248868252977,0.0631472162093528,-0.0113626981693675,-0.0577795847659041,0.0520186355394893,-0.353598390032532,-0.316661806872919,-0.106964624934139,-0.206625583481742,-0.376867708364778,-0.411202239559157,0.0385521660852735,-0.0567955575112806,-0.0849336342235909,-0.163103794441916,-0.156667187476412,-0.218472502335171,-0.0791995426446429,-0.0639399115036232,-0.092254060901902,-0.21868105689272,-0.0736531938439275,-0.170194747110573,-0.344074026817253,0.558933227840763,0.201375180564233,0.0435564111270862,-0.0396325502287244,0.788541986404233,0.58197753059575,0.768540560881207,-0.14244485746704,0.284089250184504,0.240638559215721,-0.168117781207391,0.376843113024141,0.112851631323718,0.121673939341265,0.159779729677673,-0.11300254434387,0.00907053479516585,-0.118491813137372,-0.424028920723533,-0.0548534256492767,0.475611018678837,0.245779181983916,-0.371561166202562,-0.334693772857664,0.022263003455982,-0.0767863075271408,0.0736358550980032,0.0674883276322326,-0.0244241914010076,-0.285345592364335,-0.329630244601623,-0.166568877575901,-0.0123559348537065,0.16349947089586,-0.0991636332602344,-0.0788949998000424,-0.18971545792805,-0.317309325659414,-0.168383578462866,-0.0577156782023117,-0.189704471139791,-0.188606020306602,0.0769173900361725,-0.239355275945264,-0.345567981662793,-0.0399048013144595,0.18635119583785,0.148224930934744,0.0748653684847135,-0.00940140111534711,-0.166310162159454,0.116061879092012,-0.358037429570665,-0.152770781785675,-0.169718467288059,-0.0762266718641199,-0.0253979154667467,0.38851746194486,0.665135385612756,1,0.0467618218145699,-0.365320307786745
"祖母-孙子",0.13132863529025,0.0446750973649345,-0.23775513141804,-0.278759344675979,0.0850837828359937,-0.0685594469381191,-0.204736469412201,-0.0581805345167005,-0.152583873595193,-0.40043906454928,-0.245880357788724,-0.14156210833979,-0.288071939626728,0.030551289473659,-0.0824526468127263,-0.201024060794585,-0.278411494432375,-0.107472837800253,-0.344235780075071,0.642122234390516,-0.274781570735066,-0.136996414628088,-0.121126618372185,-0.0561484524285803,-0.0979081386302792,0.0613146089308257,-0.170605493744831,-0.11473140706831,-0.288880278156038,-0.204163975373525,-0.00281014057599033,-0.271050671234991,-0.258391525776913,-0.101245654197222,-0.221606414242111,-0.197674423416941,-0.00609941701982952,0.265551960096275,0.0182799206744632,0.171880087175088,-0.157844088674389,0.0316631730191841,-0.183140756613032,-0.276935842987794,0.157282684272582,-0.00580932744334955,0.139691619562511,0.43213929903211,-0.107124363202755,-0.101759868128195,0.401219535875918,-0.141205954869168,-0.310101753645283,-0.12639760023983,-0.0466147907928413,-0.27887339191395,-0.316953593463724,-0.252003698759702,-0.23005975813037,0.59607570475749,0.466132568916094,0.806447869879925,-0.084680689262797,0.0948549319098167,-0.119793546071989,-0.0974638811454856,-0.197675910163972,-0.367653336586376,-0.233574729559129,-0.111243684778086,0.179640888982269,-0.0354477534707388,-0.222098373213409,0.620967671493277,-0.0685144315697947,0.585205006835264,0.833561993092274,-0.130607897771013,-0.0797099709432651,-0.18605678350857,-0.274088776992338,0.0678119615977123,-0.0979053008047949,-0.195512369949752,0.670549890179801,0.0908246232116728,0.0850630951436062,-0.0192200247449622,-0.00467134698792922,-0.0166118691192417,-0.0782238816971435,-0.0227951695453905,-0.183765826251727,-0.141401377088276,-0.176607179020917,-0.168818644839632,0.0583317181103236,0.0154627625461353,-0.0935687378638905,-0.302111732076752,0.0671109312918798,-0.134864710775063,-0.0637409256665931,-0.348854263287412,-0.239611420363377,0.660846557689829,0.672740086007303,-0.218409438608452,0.755437022232471,0.789405052428233,-0.17201850030243,-0.321393833295844,0.0566488802695462,-0.165612856259482,0.0562889180540625,0.0114388367941877,-0.0234741573556791,0.49218502113262,0.197805150550307,0.540276099363771,0.210124061952701,-0.260504701881216,-0.0689946162363817,-0.263483498304461,-0.223955001517492,-0.146265723228582,-0.14963981957021,0.2990753410976,0.332215989975916,-0.281326055986543,0.457075599330932,0.306783378298207,-0.278345151356449,-0.0281077776408575,-0.127895378491628,0.0907996964574758,-0.040957028877417,-0.0484185209079249,-0.0768257087344326,-0.0814960671615233,0.0467618218145699,1,-0.115416425555677
"祖先-后代",0.480506998133184,0.259274141572157,-0.00909052783885287,0.329911321624744,0.243977570382752,-0.0194505933811476,-0.0492522393422402,0.101696729321475,0.428598670658486,0.158496797297246,0.322712664723601,0.115755686798936,0.218133590188171,0.482060150505434,-0.00649852029834732,0.708592040540571,-0.145382454279119,-0.268234466821018,-0.275336756332501,-0.0915590667111539,0.136822373150399,0.186432405522717,0.0747950990259691,-0.337123563980782,-0.177129418182169,-0.125687492962794,-0.00836184767071527,-0.170997417694573,-0.251279952256895,-0.234103674871183,0.486459461815414,-0.0364586733304623,0.0398219868095661,-0.350491007348915,-0.0852889337140783,0.143765680098594,0.616164173628137,0.0202872978286801,0.0641995214593533,0.101246442042614,-0.219336273887821,-0.0735692878780475,0.015775956046535,0.13525012011477,-0.266373636584444,-0.209872590459816,0.2670266586976,0.0721718283118445,-0.216383191183925,-0.15865637356127,-0.123530910536903,-0.239212181340693,-0.396687433449734,-0.283778765046504,-0.355042144610173,-0.374908941370243,-0.140248919101022,-0.268602177119721,-0.167016187398872,-0.340345086201854,-0.0242857608844888,-0.246238444046714,0.506243842109292,0.311679921869008,0.109564997855992,-0.0711415258218604,0.752746637981313,0.370548190056834,-0.203088995714522,0.0269751351567255,-0.236324330304327,-0.0106431894022684,0.320423721227535,-0.178608249845869,0.140216138642531,-0.257323785659617,-0.111972761661093,-0.00642847024557075,0.1907477732167,0.0840497029579265,0.135470068268231,-0.263193156337016,0.0160593887990547,-0.153429690063879,-0.194660994234092,-0.36808851985633,-0.203680687014774,-0.452459374300333,0.204269677333416,-0.0781293476949952,-0.121708246158201,0.127283859501981,-0.357775204365205,-0.274110552815519,-0.256448494300392,-0.148902361384995,0.297594187185902,0.0655404380358426,0.163534163811035,0.306654845539988,0.171878079984577,-0.0687846469959588,-0.339131221477418,0.440745723368463,0.0385926214995221,-0.220037966885751,-0.196437228575851,-0.145312445377125,-0.240507120754171,-0.168490029566948,0.197162133036033,0.183025376169186,0.0107092557434726,0.321573319908047,0.130257756349212,-0.254729866965073,-0.183888411787325,-0.196638791974061,0.210131940785174,-0.00595173136217984,-0.259020018798421,0.394542209543868,0.344824481608333,-0.115971783639307,0.239565801570571,0.434264672090988,0.229673640057319,-0.108823151391104,-0.0954140638709659,-0.0119985723222129,-0.139865450280873,-0.0811826327664792,-0.123550002093882,0.535955574518033,0.297039935964065,0.139837711086192,0.182886729625387,0.0965267208822617,-0.00536657119094848,-0.257059347775057,-0.365320307786745,-0.115416425555677,1
