"","夫-妻","父-子","父-女","母-子","母-女","兄-弟","兄-妹","姐-弟","姐-妹","祖父-孙子","祖父-孙女","祖母-孙子","祖母-孙女","外祖父-外孙子","外祖父-外孙女","外祖母-外孙子","外祖母-外孙女","曾祖父-曾孙子","曾祖父-曾孙女","曾祖母-曾孙子","曾祖母-曾孙女","高祖父-玄孙","高祖母-玄孙","外曾祖父-外曾孙","外曾祖母-外曾孙","祖先-后代","伯父-侄子","伯父-侄女","伯母-侄子","伯母-侄女","叔父-侄子","叔父-侄女","叔母-侄子","叔母-侄女","姑父-侄子","姑父-侄女","姑母-侄子","姑母-侄女","舅父-外甥","舅父-外甥女","舅母-外甥","舅母-外甥女","姨父-外甥","姨父-外甥女","姨母-外甥","姨母-外甥女","堂兄-堂弟","堂兄-堂妹","堂姐-堂弟","堂姐-堂妹","表兄-表弟","表兄-表妹","表姐-表弟","表姐-表妹","姑表兄-姑表弟","姑表兄-姑表妹","姑表姐-姑表弟","姑表姐-姑表妹","舅表兄-舅表弟","舅表兄-舅表妹","舅表姐-舅表弟","舅表姐-舅表妹","姨表兄-姨表弟","姨表兄-姨表妹","姨表姐-姨表弟","姨表姐-姨表妹","岳父-女婿","岳母-女婿","公公-儿媳","婆婆-儿媳","舅父-甥媳","舅父-甥女婿","伯父-侄媳","伯父-侄女婿","姐夫-妻弟","妹夫-妻兄","妹夫-妻姐","叔-嫂","姑-嫂","弟媳-伯","兄妻-弟妻","姐夫-妹夫","亲家-亲家","从祖父-从孙子","从祖父-从孙女","从祖母-从孙子","从祖母-从孙女","从祖姑-从侄孙","再从兄-再从弟","三从兄-三从弟","堂伯-堂侄","表叔-表侄","族伯叔-族侄","族兄-族弟","族姐-族妹","堂祖父-堂侄孙","堂祖母-堂侄孙","堂姐夫-堂内弟","表嫂-表小叔","姻伯叔-姻侄","舅公-甥孙","姨婆-姨甥孙","继祖父-继孙子","继祖父-继孙女","继祖母-继孙子","继祖母-继孙女","继外祖父-继外孙子","继外祖父-继外孙女","继外祖母-继外孙子","继外祖母-继外孙女","继父-继子","继父-继女","继母-继子","继母-继女","继兄-继弟","继兄-继妹","继姐-继弟","继姐-继妹","养父-养子","养父-养女","养母-养子","养母-养女","义父-义子","义父-义女","义母-义子","义母-义女","干爹-干儿子","干爹-干女儿","干妈-干儿子","干妈-干女儿","同父异母兄-同父异母弟","同父异母姐-同父异母妹","同父异母兄-同父异母妹","同父异母姐-同父异母弟","同母异父兄-同母异父弟","同母异父姐-同母异父妹","同母异父兄-同母异父妹","同母异父姐-同母异父弟","异父异母兄-异父异母弟","异父异母姐-异父异母妹","异父异母兄-异父异母妹","异父异母姐-异父异母弟"
"夫-妻",1,0.731717679329525,0.719936610104828,0.624802432422838,0.695927501007867,0.135635304289777,0.222394423039646,0.224475275383104,0.18976501828186,0.126368295196263,0.150168834326024,0.269365668293641,0.14970988615315,0.212273764097242,0.35192648050309,0.404038599706401,0.293132449222386,-0.0564819523270133,0.126085293594816,-0.116178746448225,0.0435839129559034,0.168735928150923,-0.0574732520052044,-0.14074465284633,-0.1018389260361,0.0334510339826992,-0.469276142496508,-0.411392808307171,-0.378334696091679,-0.340136770310534,-0.235798287269894,-0.106381027430895,-0.0505918458572307,-0.168457223992712,-0.451316854993197,-0.0782725523842979,0.0586828106357746,0.0745021791761467,-0.0415537462910494,0.271695836518649,0.203030280781246,-0.138608935643331,-0.00707476267666247,0.0642798205917562,0.236590759264319,-0.0306116813786164,0.196675286520534,-0.00273744889094939,-0.0725879387870468,-0.110235236660151,0.0459909830918374,-0.253078386465352,-0.0692913866175575,0.0934196745615859,-0.130188213406427,-0.158323111544951,-0.273827417102342,-0.129561846866303,0.0843242651006268,-0.358471372161078,-0.328994336151361,-0.392545199483912,-0.44936012209437,-0.154758749894538,-0.554387253266859,-0.293850611059023,0.241915019911034,0.22108227972693,0.208705714027844,0.363659780415268,0.0517359253424798,0.00722392926837141,0.231242744069118,0.205189029351796,0.291717803097015,-0.114011298447011,-0.0559488765542915,0.277036562496155,0.527053641825982,-0.0481329688949622,-0.213086617042373,-0.313830508629861,-0.0867889208545491,-0.38245720887121,-0.327053757615386,-0.527191510652146,-0.413001210170099,-0.426316734469361,-0.148897878251086,-0.368469679628253,0.292004172078549,-0.0328222894736053,-0.0199895694503721,0.0230375811582346,0.20672568703353,-0.0121983036406431,-0.0882759515967829,-0.215871208588007,-0.200501234607551,-0.0356328578841902,0.27364101552083,-0.322530566193473,-0.383825589692583,-0.214524851260267,-0.0895358303375626,-0.417240036291469,-0.488506847978124,-0.393612576052235,-0.408180275207974,-0.416246824987379,0.132363468892669,0.0557603891845082,0.0441066853649343,-0.0624294907562218,-0.013985284959328,0.34972899212596,0.0954684394917899,0.130562099051367,0.346040744323108,0.579937490934029,0.240905837557726,0.0880090418874976,0.122848297258473,0.169124281831294,-0.0991954194370207,-0.0348854804063378,-0.231214644359276,-0.146769410774189,-0.205411721014304,-0.203394722883858,0.0808661816430461,0.100421616943409,-0.124237574261333,0.115575651110361,0.0193567753939721,-0.222377774439711,-0.174079020490514,-0.241720428288974,-0.272919352862933,-0.144020090666165,-0.22806140046891,-0.179451476386923
"父-子",0.731717679329525,1,0.736701210157599,0.798098048913587,0.68911497943221,-0.127859150827794,0.0184096755887661,0.033617628777338,-0.0582072572910793,-0.0680658220418441,0.0709482402085637,0.234451585815554,0.170299936863336,0.280948551256424,0.418910105920633,0.333773338922613,0.388063889811416,-0.182972302732008,0.150304852116947,-0.044905312915181,0.0547729187694297,0.137857510877836,-0.0561988074294533,0.0264563020454407,-0.0330893297048014,-0.0111043136668625,-0.300918101006046,-0.288226398770767,-0.305402009129254,-0.238138187189297,-0.207769840826221,-0.248023212099497,-0.117371980980198,-0.243759189583875,-0.265171456502592,-0.0679463357861635,0.0589850350929571,-0.00448655193079876,0.24635900886467,0.285786107301285,0.354408111540291,0.0595224537806351,0.230314430078139,0.386662607846783,0.42598362796579,0.134049576209389,0.22297044860166,0.223355580069674,0.196654323030944,0.0572353352742344,0.0294599256761451,-0.184663629213553,-0.0385431702849906,-0.127710457018863,-0.181020744314057,-0.231797150137219,-0.327485447830838,-0.317934372579986,0.0624251608856079,-0.273246049148504,-0.309371664073139,-0.424837153320092,-0.323386846079763,-0.150239704533748,-0.573297483266406,-0.196584812601704,0.0747315994101886,0.122963253791247,0.241130741967405,0.231050097545956,0.151581991706711,0.190010665367469,0.345469067385552,0.412776472471178,0.314616706147787,0.0770150981342955,0.0672128833152916,0.248818366709432,0.563340519490579,0.109219898231412,-0.429524329211365,-0.36095015821058,-0.282743552411271,-0.48808738643242,-0.396748522675291,-0.344141775867858,-0.415287402391587,-0.602637630899842,-0.218877720247379,-0.463217516924555,0.215030851239409,0.0836829982783199,0.104780700613236,0.253454163597675,-0.0504513962836913,0.180975010820613,0.0180179911678923,-0.186752761306195,-0.322225994551152,0.178816462775834,0.383572085372127,-0.224047775410873,-0.22997801355811,0.0568992658363301,0.149253186183778,-0.265411658913377,-0.490543173433881,-0.299703101600751,-0.418551003496975,-0.503631169581682,0.13845983382575,0.197879961243153,-0.0728050455899559,-0.23310363452802,-0.143187324822485,0.374067322877942,0.164464994214844,0.237090880553815,0.0884801019483171,0.41052114004251,-0.00795071092718396,-0.122128328179509,0.0535274466685691,0.195188389181137,-0.321173804622853,0.0584546620563863,-0.236097998054478,-0.12638554440925,-0.218739706779273,-0.236121351072561,0.0818906295083685,0.0208439038367691,-0.0384149425630667,0.0527534770977628,-0.0371914237281588,-0.416284448796882,-0.289437829244541,-0.392396746628344,-0.424752060871801,-0.274819581452538,-0.267423936733185,-0.469955807636621
"父-女",0.719936610104828,0.736701210157599,1,0.662961755725053,0.69928571683584,-0.0668230610118066,0.0739834102382427,0.116547434100916,0.0354835656385897,-0.0360244190587677,0.160491325359861,0.222624934424755,0.271492603956122,0.156312583401432,0.44663068793719,0.394722186925181,0.36776782900837,-0.194315339328733,0.090222682225299,-0.00281314375565062,0.0917546080554928,0.133798160072504,0.00736113830942617,-0.0892896701795057,-0.0262877264498879,-0.047313373346271,-0.351081816465646,-0.199339669559143,-0.2910030980612,-0.136961977625597,-0.233067495019562,-0.083027854013495,-0.00507407268944342,-0.0416062099527233,-0.324510723675629,0.0532312048995819,0.0900775280809573,0.111617610567314,0.0413017970199355,0.398221356906593,0.234220933265456,0.0633775478845813,0.112439903633754,0.290742582805499,0.390264590352648,0.053471068125402,0.135214015641628,0.143108373096083,0.10943429557243,0.0506607268180172,0.0116828192816341,-0.160454218539873,0.00771835488132427,0.116805437764955,-0.226583658103671,-0.220880857845525,-0.209233684457813,-0.069267213193778,0.0775248260302451,-0.152417596760109,-0.321623267070291,-0.333094599477254,-0.36932561042431,-0.0452833551296782,-0.496800844280618,-0.255658355293102,0.0948775188079036,0.159888170311705,0.18321249953634,0.248525060791341,0.0471530808899464,0.0705340266729521,0.259019482509403,0.323862875584103,0.340146391584135,-0.00254226786719921,0.0579211985096187,0.263210268382835,0.456439208478905,-0.00201763672055034,-0.323470510400672,-0.29126015634739,-0.231753489791017,-0.41419662546072,-0.31478580104944,-0.431804248662823,-0.439802719411454,-0.509201670361069,-0.225725574859203,-0.473108240217221,0.128953898220759,-0.00320832786300229,-0.14036235728302,0.0578644310275077,0.115773363363874,0.00582247672604528,-0.121674833727456,-0.276185322502946,-0.277507867277504,0.0322346009922418,0.229705078181217,-0.305645971846105,-0.313986341666644,-0.077503144091927,-0.0633697429472521,-0.34357975966041,-0.51216055304633,-0.328505637372675,-0.37341573423362,-0.40434106132057,0.133193536348516,0.140764284974318,-0.0333430025051011,-0.0917334052337971,-0.160252942394155,0.278610640827793,0.11130952253308,0.192784446671422,0.10459584414483,0.477538451645777,0.0410958824885116,0.0226193083963889,-0.0391466878094503,0.18681377044317,-0.162194599424158,-0.00948775707600084,-0.195837042107751,-0.0769048349064085,-0.158679081910968,-0.168071043461946,0.00597115466601562,0.127076088462264,-0.0383817713493122,0.101496266375648,-0.118856537177597,-0.388359953982291,-0.285342327044412,-0.323080486707978,-0.450733146033926,-0.235198445234147,-0.282354039959742,-0.283271247853942
"母-子",0.624802432422838,0.798098048913587,0.662961755725053,1,0.633356752355057,-0.260571745350721,-0.14590578873851,-0.0900158904062314,-0.179173005408029,-0.263574485771366,0.00923466188269278,0.0876410302818365,0.204477990928785,0.0859620550710507,0.421016392973402,0.256657990609136,0.384592573678116,-0.282029681069377,0.0683363515650115,-0.0724738679918807,0.0156515318969625,-0.0780600773739116,-0.152991857390716,0.0474808036912544,-0.0965853386270627,-0.0705902839729628,-0.230433874555892,-0.191478011528205,-0.247899636880557,-0.15448533832809,-0.229698178429488,-0.289990062096356,-0.0540084537581893,-0.14118282348304,-0.124863672979688,0.00305692962460212,0.0860203962319423,0.126252341255049,0.311780345503659,0.324352244607343,0.293406919761404,0.160556601373157,0.259765623925646,0.462808803416991,0.418824774443059,0.205292910618921,0.176943936895756,0.333165851138948,0.309479199116722,0.157279453896075,0.0391286365741787,-0.0686540419166023,-0.00562571413933483,-0.146479929628017,-0.225217590503089,-0.19502871313138,-0.256870840762634,-0.28340441982193,0.0305974783489548,-0.202331034137974,-0.239981327050134,-0.257649673015289,-0.142494368287411,0.0372504327757955,-0.472983940390473,-0.10124958533823,-0.0648417999137191,-0.0390175357314173,0.139151996329239,0.0737228179752705,0.0806369890773791,0.113776478694545,0.327869709281131,0.441811880790042,0.270416329711596,0.192613405029829,0.193446221468423,0.281404650761606,0.613633063695869,0.210354628598689,-0.436101335317446,-0.298426415450836,-0.24032713963082,-0.467578091272983,-0.394522089018715,-0.334753767378938,-0.43177768201875,-0.612896163123783,-0.341793858789988,-0.516400229730699,0.111226293789834,0.0845187277216412,0.0207751056540834,0.271948223908701,-0.150018605682679,0.229896548869992,0.0489334798930678,-0.116959247508052,-0.356386534700106,0.24766112820561,0.279689553830575,-0.216704647431845,-0.192325264213162,0.211888276497222,0.243724473954799,-0.0969565075952191,-0.415634211251926,-0.176737983776972,-0.287521739293263,-0.402948645700929,0.205245899824792,0.247370289974019,-0.00786524354297219,-0.227226711897068,-0.114015441896111,0.39838646296161,0.185060922815045,0.205520035269609,-0.0602801311634997,0.287830675858425,-0.140882566976005,-0.145045083492286,0.0310897890140675,0.0974816415802519,-0.38645391642172,0.202664790723014,-0.273049604729259,-0.137586884593714,-0.181480369877175,-0.0994963241282146,0.0116287929924388,-0.0117956446046924,0.0193561028931769,-0.0716188612988891,-0.0436639331623197,-0.357247166347825,-0.288332278350422,-0.351538565489518,-0.461708249235483,-0.271645982169499,-0.105879787953884,-0.473504440479649
"母-女",0.695927501007867,0.68911497943221,0.69928571683584,0.633356752355057,1,0.0448188904783002,0.224734111636002,0.270031529307331,0.182980823140512,0.0373578450322393,0.0483502220945947,0.266060016692477,0.26700181876814,0.297870800132286,0.387196035226461,0.266438641700005,0.398171083234267,-0.162265147161907,0.0976775256970625,-0.0437017264155772,-0.0362269074530486,0.0783191120901425,0.00533739437088307,-0.179587794463404,0.0794313143951219,0.00458916046942391,-0.409082285998739,-0.225083926502826,-0.235058289944279,-0.0446625208209525,-0.342088280071625,-0.161162086577074,-0.160185430802399,0.0137641395191782,-0.425182951292917,-0.171995811041452,-0.108297543357185,0.141138261589722,-0.0496334018034041,0.28400721300133,0.139200697857483,0.143902431973133,0.080836931775015,0.30534878955129,0.233615382694572,0.0138538974963684,0.0973256604768773,0.0120075226662924,0.0284576281383988,-0.0537125675736665,-0.0871503640446719,-0.160061599086528,-0.0478199496059549,-0.030330819625981,-0.248754452237747,-0.296305944509468,-0.210805820182005,-0.0511339635264898,-0.024382382791976,-0.118440522727449,-0.299115213100424,-0.354080512235993,-0.323665946918142,-0.142890808537367,-0.443640073049887,-0.258512403076942,0.0795472659621505,0.216486321248872,0.130648923957013,0.378299075204041,-0.0108664103881191,0.0460280811068961,0.0925823666124227,0.153435242336012,0.214521690407239,-0.165469006213812,-0.131101859728606,0.054983288770458,0.379888752497124,-0.139727666757902,-0.248092491832712,-0.381362758111875,-0.255332607906255,-0.394012383587729,-0.215080018222513,-0.407453092637304,-0.272409981913072,-0.46282008013065,-0.239960619413118,-0.430989322733395,0.031543404545516,-0.147762435114852,-0.14351483221431,-0.00276336194858361,0.115777174665426,-0.139899249285359,-0.211985859581464,-0.289008051055513,-0.318905411491578,-0.0536511546748911,0.0916960373492273,-0.191592815915729,-0.355636400750008,-0.0236207142787333,-0.0845313122938736,-0.350951577684875,-0.420381054914865,-0.187858303399932,-0.256959597463532,-0.33901772400596,0.104545173792995,0.285680799824504,0.120424592793994,0.0616922015868051,-0.0959204963353681,0.177596185942121,0.113541162822987,0.263540038214894,0.166301975021157,0.434872424130642,0.107355633164494,0.122730359945716,-0.0246448807156895,0.0980791270701745,-0.0684089455063503,-0.026459314675349,-0.0941275765384297,-0.0696179709707101,-0.0703425571069064,-0.0817324823887622,0.155134733107798,0.241398832688033,0.00680483565208208,0.244685604118428,0.0635213867949229,-0.192908904708869,-0.182549240495984,-0.284360197163434,-0.299879921535099,-0.0709552550513239,-0.248511286108754,-0.232256264238314
"兄-弟",0.135635304289777,-0.127859150827794,-0.0668230610118066,-0.260571745350721,0.0448188904783002,1,0.759082400998016,0.638154310889197,0.716386303284099,0.617878923682057,0.142094224660024,0.125601787628327,-0.179694578185422,0.230192319297375,-0.0497828472677815,0.0952264398448626,-0.176614028915856,0.284748981216719,0.0118599697441651,-0.0583612033796561,-0.129861416183046,0.221038971945412,0.119241079104276,-0.125276677216271,0.0397348966522017,0.207288801928374,-0.0815066371323232,-0.152657470477465,0.0407938363709756,0.0381346072101167,-0.130754253619187,0.12639080657214,-0.160578356684143,-0.21071293908663,-0.456343415152828,-0.262330019726684,-0.0807507173214724,-0.0399106902195549,-0.413452454431081,-0.194925776264608,-0.252655469091207,-0.338584924220993,-0.393621491007643,-0.467387275412121,-0.395360498647687,-0.384417744751173,-0.0226045299298988,-0.329696628097907,-0.441595253056226,-0.278746309417106,-0.072581340628931,-0.146455804946659,-0.166134891618341,0.0756172650808643,0.0560814546916975,-0.148280836583059,-0.0650469464360387,0.117796478168394,-0.0814484016645638,-0.201295642487128,-0.311456546354215,-0.271140324302911,-0.371753089961206,-0.401793351060529,-0.0151814794695569,-0.160375212442652,0.287241021409545,0.187461431768336,-0.0206228860627144,0.273410802186411,-0.0860309428394531,-0.143200734947874,-0.241798296469178,-0.331878620695827,-0.271339437943692,-0.492512462835128,-0.494701662700415,-0.249968067387085,-0.302547872785113,-0.470103385264302,0.347856444897206,-0.188270961140952,0.263705796623601,0.320194936081199,0.299325370669641,-0.0954302240433927,0.0853697912837556,0.398398522509636,0.467699923181044,0.267608376347354,0.0661639489030018,-0.302144965765677,-0.234908658137092,-0.373136399275196,0.176387371513684,-0.367097756295667,-0.23252848024447,-0.181223367565367,-0.141036056572772,-0.381980970708158,-0.266485698947101,-0.192857582811811,-0.0860969764445761,-0.378134324510798,-0.462534070023562,-0.370173687752865,0.0219284083881666,-0.129308318078914,0.0569267562355345,0.00265238689912762,-0.0743759077209596,-0.12529292271513,0.11846691029187,0.380542900757704,0.196211072331849,-0.179754783164915,-0.183963678845562,-0.152562059241903,0.522821077003336,0.185025917962889,0.478458536644366,0.263345744338115,0.200611395748064,-0.100277987604983,0.424666257817624,-0.249772638157398,0.169658588871874,0.0268459715749441,0.0381589255756493,-0.118013453786298,0.199045526607606,0.133483796065206,-0.203265476215495,0.256859603822585,0.262787644563451,0.235886620210801,0.255890650614531,0.278534217836962,0.378656559443453,0.226339473903257,-0.206789982797187,0.317480354782646
"兄-妹",0.222394423039646,0.0184096755887661,0.0739834102382427,-0.14590578873851,0.224734111636002,0.759082400998016,1,0.725755840782366,0.828590653273854,0.642537542473371,0.0417699291241044,0.131736764173748,-0.173071606721288,0.214649394166125,-0.0345378060526214,0.0726310409520975,-0.158029590703898,0.176632379233575,0.00877302065316112,-0.0902641647256498,-0.0250950817057169,0.313386497154071,0.218024273205927,-0.135289982684219,0.115924020166567,0.106566201011875,-0.159025993519269,-0.189812467776673,0.0422256168710343,0.0303557663524894,-0.142956797878338,0.125577736455358,-0.221983836774544,-0.253966254902664,-0.517078203683451,-0.24992354050705,-0.166830391484282,-0.123766078293712,-0.446757215186362,-0.196591811421926,-0.2147789831206,-0.235674766907161,-0.350542337319621,-0.278293443538192,-0.277635645533334,-0.422044082603258,-0.0732696133669545,-0.275045803894027,-0.339589309321395,-0.314882316919,-0.0945374667440058,-0.104168349369771,-0.0422592416431044,0.0865775956637339,0.0182360461197332,-0.167168633167978,-0.00151013143038523,0.186050459647473,-0.187650712897787,-0.0731994489005241,-0.301914997415406,-0.370566365154294,-0.374189102659308,-0.374783155960391,-0.111816266224931,-0.247066785042014,0.198459936612094,0.230335470864619,0.0157981999027028,0.342509266983295,-0.0544072510217278,-0.178725847013546,-0.11062895769187,-0.29232807301363,-0.209464123119372,-0.507559078333855,-0.431609589239451,-0.265100099507148,-0.260364552377815,-0.507488101800001,0.189635030481349,-0.215473501858318,-0.00858439409862752,0.232135899277,0.335017901378249,-0.119151293602751,0.161729066159639,0.280536834743248,0.362313360702671,0.170431410571855,-0.0040702373947556,-0.299244575919437,-0.265993259385279,-0.38851354144495,0.149622513000619,-0.36736810905436,-0.353191104271999,-0.235403867038696,-0.225120309267971,-0.414883485835443,-0.240843502633204,-0.192513407401046,-0.160020260726891,-0.314320132547359,-0.343740034946974,-0.345165289226504,-0.00775672581404121,-0.131528221024314,-0.0400045378381601,-0.0297712644567773,-0.219370690374321,-0.141935748638384,0.00868534696951416,0.242371197567182,-0.0324965285520321,-0.119304585109014,-0.142648937807837,-0.065503015081587,0.535502020771374,0.294074834556801,0.441506075705214,0.212241723540966,0.0952405544738124,-0.0536560641696966,0.275743722145751,-0.308214589503703,0.121062779236383,-0.0198809295338585,0.0177675989020384,-0.225692336713216,0.251677123174977,0.235990930388255,-0.121776544430669,0.362290603712814,0.207074313972296,0.180832358034207,0.338036627831874,0.246245318779873,0.334474585825434,0.291761225131321,-0.263536827518766,0.18374264615523
"姐-弟",0.224475275383104,0.033617628777338,0.116547434100916,-0.0900158904062314,0.270031529307331,0.638154310889197,0.725755840782366,1,0.740420834496964,0.602367753376009,0.0517276801432496,0.274003987597198,-0.0939548729207428,0.347695249833871,0.0854805398686882,0.186139761149739,-0.0961695374953498,0.157129987259845,0.0178812562022639,0.018926268807074,-0.108342726064417,0.139411595357227,0.132081965359632,-0.113640062117341,0.196643262736163,0.158762115025872,-0.196713522157948,-0.178607890002492,-0.0258045716405133,0.0371433063789884,-0.132657598068008,0.15210256616531,-0.120296201683571,-0.135974967160804,-0.458479782958374,-0.120767109032805,-0.139084400755087,0.00429971147112594,-0.40842900664135,-0.051936470805309,-0.161855188924006,-0.211137084584742,-0.277078140016648,-0.271216994972493,-0.255076463274422,-0.340386028308617,-0.151055410954661,-0.455650105750958,-0.410298133648856,-0.347462509387578,-0.130712230402804,-0.231531879909095,0.084198728574502,0.16086863616942,-0.0490046859528915,-0.201546218772666,0.183788840854715,0.237223230463181,-0.124818748531403,-0.052946600719245,-0.245772310581773,-0.279211067619604,-0.346747468461399,-0.293581791058884,-0.106270015160295,-0.251292735842162,0.205738052273173,0.300298067674127,-0.0317264459263425,0.422013162842432,0.0408542595050402,-0.12799674864046,-0.0843189238249748,-0.261300575698489,-0.0797927253696196,-0.611030977404047,-0.540695578575379,-0.357393240660783,-0.288021646295295,-0.528185004164844,0.180295656696112,-0.211148192753075,0.0124875800967239,0.155688546629178,0.192685011264514,-0.180106387993288,0.101444835553047,0.191005603224513,0.226591531195046,-0.00183062705663684,-0.0385338285087306,-0.35609125104527,-0.381183423236302,-0.479547320961007,0.132105662305339,-0.415374781196119,-0.414242396328146,-0.244383597010002,-0.178711424637451,-0.34491544543104,-0.210184937184527,-0.200527339452113,-0.250087723851266,-0.39198490935246,-0.369471741587121,-0.340339783929098,0.00154631951292863,-0.0825703171289284,-0.0495330142262556,-0.0531373629897864,-0.0481071726644796,-0.0946718741175943,0.171037522726443,0.413500038716575,0.115384001594353,-0.235149865214325,-0.24501043156212,-0.169532286712874,0.426213705194173,0.29526232677572,0.391726969268941,0.219688503447534,-0.0326143312549046,-0.108279374450832,0.316609357271745,-0.461476190721445,0.102869039044839,-0.0303844207535655,-0.0239964782046583,-0.158852833764983,0.315149467191678,0.40084217407787,-0.0292407194463296,0.568268415448541,0.27567597844432,0.256647018798672,0.358391723310414,0.287176076928539,0.261115333056533,0.252493292425232,-0.292119142861693,0.31072726208467
"姐-妹",0.18976501828186,-0.0582072572910793,0.0354835656385897,-0.179173005408029,0.182980823140512,0.716386303284099,0.828590653273854,0.740420834496964,1,0.600781695864825,0.0521927385638425,0.149127043151389,-0.16426501215218,0.254441163114253,-0.0192232656336735,0.0812089739858515,-0.170262891292845,0.221395128556334,-0.0249880769964414,0.0304434756348799,0.040517888101334,0.281597082957359,0.304053401030219,-0.0694868451398256,0.246683843224911,0.113847339447173,-0.173037774494155,-0.214845100104835,0.000975522463369304,0.0308932917665044,-0.168417136070913,0.0983061881501694,-0.208819942533292,-0.191456259970331,-0.454784853085991,-0.177809393102864,-0.126411859019508,-0.0173478392692517,-0.448146033434919,-0.187424066256029,-0.207277549354307,-0.224754243030508,-0.350662818407315,-0.303961257343583,-0.30692464345156,-0.380140581342654,-0.110386233880845,-0.38398125933049,-0.42500346584189,-0.310835278250878,-0.14619296464465,-0.172503550097908,-0.0543057553457574,0.117312016614095,0.0182964607344791,-0.202575288239242,0.0776114235689208,0.290501467465596,-0.211301324822269,-0.061966154025208,-0.285102212347403,-0.328520247118148,-0.38531082496725,-0.424619494833111,-0.0939888440683301,-0.136019547470397,0.257474094907794,0.253200325599109,0.0202546567306114,0.39931986036416,-0.00214972913717445,-0.13801600080925,-0.135432970513588,-0.338750589365362,-0.115549534095957,-0.548310798846585,-0.452072333047782,-0.312624094086952,-0.301889036313957,-0.518175937793,0.172182221423193,-0.236245886803168,-0.0235843181929166,0.210568340721653,0.248310438098948,-0.120166444896086,0.146420145564954,0.333303902158634,0.328183814188794,0.137502304498586,-0.0072593852016205,-0.344795009704038,-0.321816034708669,-0.445471275628316,0.244974551411906,-0.38788576717052,-0.376739692506773,-0.149031863306861,-0.130861579772874,-0.374172590741318,-0.239724138288539,-0.112297399659777,-0.195597459252576,-0.333807263670839,-0.376078668966432,-0.332987320172102,0.036097874859021,-0.152538550471389,-0.0424739881172875,0.000488703009087135,-0.250761434639736,-0.250313676906035,0.0345770078075072,0.245727158789234,-0.00226013399795325,-0.17549590252185,-0.20903926970306,-0.129464601745385,0.556790146621809,0.295211234486293,0.5067324670827,0.223462352803109,0.0759329830275845,-0.112035450309984,0.362464964223601,-0.407477701229734,0.16072036401156,-0.0238330916490646,0.0569175212099534,-0.194592439153867,0.21156240067242,0.307295921492245,-0.145839495906147,0.401711423163896,0.250396449231289,0.238918401655548,0.39975336936462,0.260257348434084,0.319918796491038,0.266188007223941,-0.351868709127006,0.241830592144037
"祖父-孙子",0.126368295196263,-0.0680658220418441,-0.0360244190587677,-0.263574485771366,0.0373578450322393,0.617878923682057,0.642537542473371,0.602367753376009,0.600781695864825,1,0.238180372848412,0.384527801462591,-0.0205002903002963,0.310786156534299,0.0237172526468408,0.261230389764811,-0.0875164332705035,0.414500244869198,0.0745634937854571,0.139758488758881,0.0759911030012755,0.389143967573549,0.258577003139864,-0.0630104842222639,0.227078641045359,0.256431355659763,-0.233067762188664,-0.244610109410492,-0.0379475010113154,0.000108832717335556,0.0230853270069817,0.259794864735214,-0.0583564331088721,-0.0368443705115671,-0.419673323890673,-0.157746154659816,-0.0146352508097626,-0.129443541212264,-0.431563668086778,-0.23242028030633,-0.312468196750352,-0.271050740690212,-0.421780135365374,-0.498563791549477,-0.360920962184722,-0.450804635601681,-0.17706068620346,-0.475482781795884,-0.541588235868025,-0.387743493732674,-0.0994910035830874,-0.266144266933393,-0.127316143091329,0.0295020755365994,0.0602740409110403,-0.0458108036789693,-0.00384637264285815,0.199802051779864,0.0588362505331457,-0.0483113450071578,-0.187380801149669,-0.239570455274941,-0.296707851156172,-0.398869309645738,-0.0200009469568172,-0.347037592142004,0.275575791743546,0.353924803915597,-0.0833813573270026,0.339220312943158,-0.079378157689994,-0.306801661664953,-0.261589950047431,-0.479208635436018,-0.209224015666653,-0.567854123217973,-0.548772321631396,-0.41755837461664,-0.455822539878528,-0.556096577162147,0.215512163504543,-0.0922851101260808,0.16345799469693,0.308982107692839,0.306108121384427,-0.106300093738749,0.203085720231083,0.425515117027231,0.402394275926885,0.257829124073556,0.0359757503395198,-0.245311630810906,-0.223965065267375,-0.473418048439505,0.126955334717943,-0.295889927198888,-0.254845107910489,-0.183202149887736,-0.128854544763957,-0.389493442986246,-0.20078421296487,-0.157530324864622,-0.165333378407992,-0.410355180103037,-0.338636219163203,-0.277820743985616,0.209422805097055,-0.150630355206673,0.147249264351963,0.101271985005095,0.00953477592101716,-0.147778549562344,0.275529695901741,0.375921377593358,0.077054293877512,-0.315754478487824,-0.349560640016093,-0.280990135884459,0.562704500157971,0.224742281948924,0.513043102528579,0.268476781223049,-0.00664398491225126,-0.0705585091316648,0.355305249941377,-0.393706235419245,0.0968721745840574,-0.0628528284677736,-0.0883107422043244,-0.221044290174042,0.152413136735729,0.171318091748827,-0.243149151699444,0.285835135216814,0.102288004771947,0.261348525168277,0.26161505301195,0.162423884261295,0.336278010197754,0.223189477491661,-0.122112510968893,0.358907967811846
"祖父-孙女",0.150168834326024,0.0709482402085637,0.160491325359861,0.00923466188269278,0.0483502220945947,0.142094224660024,0.0417699291241044,0.0517276801432496,0.0521927385638425,0.238180372848412,1,0.499002737885833,0.575262283157046,0.250474674821763,0.495108731444096,0.532303024562381,0.371687279995346,0.475465800868298,0.414848982288918,0.513001848978118,0.42576012814116,0.3202135747983,0.356718251121471,0.118804439380528,0.25288463402214,0.492942027127694,-0.157464908226489,0.079094712941881,-0.18978852816445,0.0587631351878106,0.148443331021876,0.164427173321837,0.046603002156141,-0.0315002959261392,-0.176907273104674,0.22011752180066,0.357820350913469,0.262315266834305,0.00248712944382586,0.195193604563801,-0.0945931887426188,-0.15293165828673,-0.221276289871973,-0.219306713224341,-0.143754906558757,0.0547346771221137,-0.0954619881993016,-0.224974899573972,-0.255136014958084,-0.132951402360985,-0.0712246035528222,-0.283825279561711,-0.186860448809383,-0.04115993215573,-0.331280996186129,-0.206805977190011,-0.149421129744979,-0.136808189173339,-0.101626688191415,-0.31829735084291,-0.219112755042072,-0.201016102601946,-0.298433192112749,-0.299339075753474,-0.102848955132734,-0.13242849990113,0.136024186243473,0.191179702136701,-0.15315771832964,0.134844869637902,0.013723039965185,-0.0705094374460768,-0.102005906104261,-0.042721765729726,-0.198258833883682,-0.260270862568965,-0.265455298397852,0.0157942456371174,-0.0386892409493227,-0.149817509473856,0.0965288771841803,-0.232098697210626,0.250923988268398,0.154049728391745,0.095874551323222,-0.0496518059155647,-0.0943788995935066,0.145560035201033,-0.144314264892819,-0.115542985989736,0.143915042418367,0.0134600300560601,0.00923842125920457,-0.252872934097115,0.0631297370825866,0.0571506975186102,0.147499067164491,-0.0537212584919385,-0.120530878660426,-0.00307647737244046,-0.00632553433539248,0.0312667883085528,-0.113082483696505,-0.170075797649573,-0.143802922642526,-0.115582939577176,-0.0670944673903919,-0.199400892512339,-0.0259640767562876,-0.0748182513856775,0.058174619694266,-0.168689673763727,0.0751618559786101,0.105568835799245,-0.207713444016003,-0.194083586773918,-0.281426075081193,-0.232774551647526,0.17750875741591,0.100178301713947,0.10199177378781,0.250206354369234,0.0413439162365556,0.0112413544297309,0.231535019464576,-0.0386211037521386,-0.0823961476229229,-0.0400920198019461,-0.0883388912123192,-0.0557713208715786,-0.19466746187783,-0.159738339543177,-0.413093264869567,-0.134267968899591,-0.330815951277691,-0.269641938148151,-0.332188733492318,-0.235992413527512,-0.359446710710126,-0.359631821080349,-0.0644401943128011,0.113682548115347
"祖母-孙子",0.269365668293641,0.234451585815554,0.222624934424755,0.0876410302818365,0.266060016692477,0.125601787628327,0.131736764173748,0.274003987597198,0.149127043151389,0.384527801462591,0.499002737885833,1,0.555284460264678,0.51603299049531,0.518378810954592,0.595152065936113,0.450681048555009,0.473215816334512,0.376735367249267,0.404255633824521,0.122084577333151,0.27549514922937,0.233400784864369,0.0285396229957778,0.291090149635042,0.186956106226588,-0.259659721371232,-0.136007029372499,-0.192428157076395,-0.0244275605518925,0.030987887252646,0.13902129175196,0.0217303813742899,0.00956303552840304,-0.261191263022453,0.0756589005641125,0.306509562767483,0.319598944119819,0.011017383191656,0.304546488528046,0.0884909319280201,0.00368390827573403,-0.103818358529408,-0.162529639390556,-0.10814222848523,0.0309320737626424,-0.12379961419347,-0.329655611109915,-0.241041520569429,-0.299808394068319,-0.121806501049159,-0.392633411009123,-0.117586857538723,-0.0870646556020671,-0.163437018519551,-0.220763994642188,-0.0594531825404201,-0.140844119655599,-0.0406005196072681,-0.23977839450069,-0.350334568058731,-0.326918957853285,-0.386703091087073,-0.331661634467163,-0.248074652728919,-0.344995182078722,0.142576702299006,0.259395122729658,-0.0308212796879788,0.270731748120386,0.0688364009821872,0.0230886241309478,0.0371355320814521,0.0351209278889924,-0.102752032392333,-0.380311392958288,-0.36239951625215,-0.10404519291388,-0.0167020643379446,-0.23939562188096,-0.0797361752685948,-0.445067296666531,0.0196633471516131,-0.222048527514101,-0.140575334639774,-0.182006587468247,-0.109606130294039,0.0317173922498152,-0.115602981652663,-0.224485414395315,0.197677887294941,-0.094272955135141,-0.0643742049980972,-0.285969200754387,-0.00231707738606783,-0.0251534696268422,0.0527306516176132,-0.127340008741033,-0.0548180272085866,-0.0793114622560969,0.160153331214425,0.0159689391213258,-0.22764509181017,-0.214944909381178,-0.0747346535362456,-0.2984047572277,-0.0792623033194167,-0.202601376911165,-0.0834422984134843,-0.176791149874259,0.0341651573180449,-0.0349276107977667,0.327271987911034,0.30609296258941,0.0237996580479184,-0.15005428246707,-0.29400838722365,-0.183117573799356,0.29571772784307,0.291883403451458,0.258192831618974,0.136291324220068,-0.125145707741318,0.0315956382690114,0.109347916058162,-0.277828367174841,-0.0470660161381363,-0.113009960812095,-0.203292147436953,-0.271067003593978,-0.0310073692066644,0.045489433088935,-0.206490670366039,0.207254598774725,-0.0253825536516426,-0.0354795284191539,-0.0679209736947978,-0.171948643336901,-0.17673899569217,-0.173066130613477,-0.198838147803284,0.0639844861581783
"祖母-孙女",0.14970988615315,0.170299936863336,0.271492603956122,0.204477990928785,0.26700181876814,-0.179694578185422,-0.173071606721288,-0.0939548729207428,-0.16426501215218,-0.0205002903002963,0.575262283157046,0.555284460264678,1,0.0382725117096026,0.560056569806306,0.376467885253075,0.659887300444318,0.282508650938546,0.430038299624216,0.469634817853962,0.189210452835633,0.0387765565372249,0.237562768030497,-0.139750859821323,0.209858101923166,0.181593622376572,-0.196417853493672,0.152972904916702,-0.139745283654356,0.140927064026062,-0.00749516871417021,0.0600053305038301,0.0876101040398534,0.331347985998052,-0.0655694956911179,0.0881496431807362,0.358141171331771,0.482949173138942,0.16534537029286,0.42011017870423,0.0287154568754995,0.256963712669276,0.0952848943624501,0.113209074164221,-0.0374109832300913,0.267675110164972,-0.157755862731944,-0.0475648555574917,0.0358838270700632,0.0307862870069625,-0.107875570048195,-0.188321668103712,-0.139627759003989,-0.112862689132512,-0.326420829247676,-0.233848510044452,-0.154603204229801,-0.126365954955067,-0.132353432444837,-0.147483087830133,-0.270191439589229,-0.115283853783882,-0.190064198964924,-0.0693871428500594,-0.0813795882511566,-0.19485302449734,-0.0742304760927409,0.0431103357506677,-0.151450768964093,-0.0157538907121182,-0.0903571562389405,-0.0330900679924061,-0.0577916035222457,0.0769590223216933,-0.18853178781291,0.00499763641409878,-0.0149742883365788,0.0661773974552777,0.125085055997928,-0.00478184569902848,-0.0811271742260913,-0.289262619845102,0.0352350205237005,-0.212607690246706,-0.110349197225643,-0.16954425943758,-0.118752440623164,-0.0219011384971762,-0.435529097246911,-0.273435329149861,0.0149493545968959,0.049145498895167,-0.0485150453340711,-0.123876697821593,0.0028884923919782,-0.0385854726544199,0.178329872802105,-0.159513442724343,-0.103866320851012,0.0169402722124559,0.00635006367901221,0.0904625153071274,-0.110040447283321,0.160653409784591,0.0418517122685875,-0.0878398901176778,-0.121037249279886,-0.0572870304074935,0.086252388136658,0.0352821470523642,0.0639402300417075,0.0239114610772671,0.217481716865886,0.197107886026927,-0.120735930120108,-0.137525061003294,-0.160033923110854,-0.00229757757291018,-0.0514101870381006,0.0924036936844233,-0.0677004690498903,0.141068203302224,-0.163377001421339,0.0531562131657893,0.0280783014621268,0.0528229066965524,-0.0901556171416364,-0.025929504260064,-0.119587248283853,0.0860322622512453,-0.327068465465192,-0.216170902520323,-0.250369673445148,-0.160246637947594,-0.235256131171128,-0.187124788940692,-0.426095554925812,-0.370082566919799,-0.454982586377107,-0.331472083490208,-0.0110793516151784,-0.0406401797450801
"外祖父-外孙子",0.212273764097242,0.280948551256424,0.156312583401432,0.0859620550710507,0.297870800132286,0.230192319297375,0.214649394166125,0.347695249833871,0.254441163114253,0.310786156534299,0.250474674821763,0.51603299049531,0.0382725117096026,1,0.389114362536824,0.484516498925113,0.129788471550606,0.257011141715413,0.169138659956844,0.19376409875387,0.0482865401324101,0.248092078549442,0.192454954879246,0.293371896527675,0.316475849739462,0.174149184726473,-0.0815846380128292,-0.189417534244499,-0.1020803112711,-0.0677162017769076,0.0136047887941141,-0.0316675030851575,-0.100761649680915,-0.269008519570996,-0.231912316726483,0.0921513557981016,0.11323758333255,0.0468392195386636,0.0156845159285423,0.044254919464262,0.0901931285073148,-0.144085279214391,-0.110544604776182,-0.069941742656197,-0.0365616742940437,-0.109693292041403,0.0200366935015662,-0.274143721128297,-0.170682733688279,-0.24377643445579,-0.0456922554229166,-0.413038136699481,-0.0269714805704509,-0.192640339602411,-0.224150221955074,-0.288811670916542,0.038773351987203,-0.253981904997216,-0.091186735393812,-0.253508704295731,-0.193818411489364,-0.385873571073832,-0.27820112552429,-0.373723944079426,-0.330087381857233,-0.155479146434167,0.241454441923353,0.301657419609061,0.103802329599979,0.353458697472371,0.275048156143598,0.206281770446475,0.114236769480428,0.146089987678579,0.0417947239242495,-0.401366840204961,-0.43357816203755,-0.17615616326758,-0.030030936860376,-0.233293515701069,-0.150318912256064,-0.380016331297171,-0.110858456932235,-0.101764527308179,-0.0657750870747336,0.0268012140318617,-0.0379574714813954,-0.09013404733706,0.0879891577988896,-0.230316340994741,0.237704551820553,-0.137669697734783,-0.0164973265058704,-0.191021295762284,-0.0922445899850927,0.14734995974023,0.0433861935673322,0.0690560832368303,-0.101701452161773,0.0872595745558416,0.123264242755787,-0.025376936301291,-0.139279778814752,-0.164152936575276,-0.145201785633758,-0.224026148673513,-0.0866911727702887,-0.193780401631818,-0.126639603182392,-0.330389403653564,0.0409326919114082,0.0117947743720085,0.108638311652183,0.1586245237744,0.0380052123485959,-0.146359625180023,-0.200173337717377,-0.195151583854803,0.183622326589629,0.152378495840442,0.124116325846711,0.0097370323599177,-0.090388850687902,-0.0704509955794273,0.0608774168542103,-0.282906184864598,-0.0470410723608464,-0.114732495341719,-0.0305215391344454,-0.304293126907936,0.246606429109052,0.242871541856897,0.0155073367036008,0.414828924266046,0.0811207439557567,-0.0925320821807221,0.0898116454688972,-0.111522543408992,-0.12333587524387,-0.156698239031699,-0.303860169931762,-0.0765905029586019
"外祖父-外孙女",0.35192648050309,0.418910105920633,0.44663068793719,0.421016392973402,0.387196035226461,-0.0497828472677815,-0.0345378060526214,0.0854805398686882,-0.0192232656336735,0.0237172526468408,0.495108731444096,0.518378810954592,0.560056569806306,0.389114362536824,1,0.628691693484615,0.530612097137767,0.133322183685836,0.496751715941583,0.29132360721462,0.146547498440455,0.0346803784475985,0.158765036138076,0.161052086289872,0.25694691054821,0.138717160210704,-0.317149725630301,0.0200879766929897,-0.245243539627742,-0.00671197958133357,-0.124816967408011,-0.0144649540546111,0.00242508426046382,0.0145672127348316,-0.251211441228985,0.191871798445418,0.34798282036956,0.331357218969453,0.193858626869703,0.534701136344664,0.22399752571901,0.0639985852462806,0.0941661486277344,0.130002402720682,0.0923228735015839,0.167753661443069,0.0834278483377266,-0.0447420226213098,-0.0398864543856239,0.0360147794136375,-0.0356345073203944,-0.350189634478872,-0.100173590068645,-0.00471095733448212,-0.467100526814895,-0.296896148553836,-0.17659363012123,-0.306885807277394,-0.0470874686632873,-0.283266438394448,-0.344481192997683,-0.264581283120604,-0.38332664444161,-0.173104135273112,-0.378657465808626,-0.0164588098200339,0.100376786323399,0.239725426897813,0.0566742197725874,0.169622411819047,-0.00756973881416354,0.0994605078959042,0.0999316658216272,0.318481343979848,-0.0618279263409231,-0.15497229186261,-0.163216597372943,0.130677551541091,0.272818382649992,-0.0410424979406072,-0.21666058900665,-0.446193020095108,-0.055942868007401,-0.2825331865641,-0.255073969207846,-0.275807512623187,-0.300607541007666,-0.259450253648958,-0.286722711172217,-0.425470113027033,0.151929354787875,0.00697787045796538,-0.0650013614586938,-0.131463324802307,-0.0208533893685974,0.094104718585187,0.158027669754973,-0.179529807301937,-0.217159870911349,-0.00106687223429919,0.155071844277371,-0.0406843152811222,-0.173741500183397,0.0516806268292994,0.0729768251490527,-0.199007403507257,-0.29311748567669,-0.142176219108662,-0.10338590718351,-0.178003541898104,0.160321133394195,0.107679835565005,0.132913362514903,0.101573585364582,-0.0400997279784361,0.0761585223368052,-0.00924544140550686,0.0633390630169946,0.0435983523913657,0.254451706277962,-0.0181887142789992,0.0558596602785575,-0.149080101735644,0.0811857381483638,-0.114740190442218,0.000672236861447901,-0.316391969903834,-0.241629842842508,-0.203679971075025,-0.143119815296598,-0.160683480197648,-0.0859458088054787,-0.168439730423076,0.0273770301010364,-0.159690137313705,-0.325514426416324,-0.392132081516397,-0.286463446672914,-0.458595877644866,-0.346724727811248,-0.18948563498753,-0.146354485465055
"外祖母-外孙子",0.404038599706401,0.333773338922613,0.394722186925181,0.256657990609136,0.266438641700005,0.0952264398448626,0.0726310409520975,0.186139761149739,0.0812089739858515,0.261230389764811,0.532303024562381,0.595152065936113,0.376467885253075,0.484516498925113,0.628691693484615,1,0.485082128041787,0.360644633234095,0.438825760798041,0.347142611108873,0.243938356935265,0.201246900912791,0.13649921592893,0.228394828447428,0.293853779710064,0.148078619858065,-0.346647824226911,-0.195177026832978,-0.273512579116156,-0.128698572858644,-0.0445588399149195,0.0402885079597854,0.0959540032343265,-0.106078438152826,-0.251477408190314,0.243620037340104,0.379522207429285,0.272317303223106,0.0432615603542052,0.278890107201083,0.248916708901115,-0.131931776233908,-0.0899416518898515,-0.120033737568862,0.0574615523342357,0.0868870718879935,0.0430482840281702,-0.190154183258292,-0.238098904092661,-0.161521647896575,-0.0349632562025554,-0.468710773209606,-0.20026277641524,0.0209353449015267,-0.337694853516256,-0.0890237814648632,-0.064680045970985,-0.217761352531197,0.0838928807027461,-0.373640333197982,-0.283068648690906,-0.210290569144901,-0.394366776061218,-0.204711716273699,-0.415523082730376,-0.164422451948117,0.264825003544721,0.267419678127481,-0.00836868974824674,0.201584298701909,0.140565450840283,0.124654513613106,0.13252137136287,0.256458044608929,0.0803994827947155,-0.296512095744625,-0.302551267683894,0.0012894766568693,0.185443958304583,-0.194844538075166,-0.1256090377086,-0.314211783678064,0.0729096256540566,-0.196127525911359,-0.208755278882742,-0.307572546760729,-0.306423578096909,-0.16533102061608,-0.129385837891934,-0.362731049588506,0.327767586077793,-0.0573617481331264,-0.0605541164205695,-0.250510573434604,-0.0210305701100285,0.125841322545552,0.0945245255046431,-0.0745838798809613,-0.186563279701201,-0.0227140282647455,0.285487367382224,-0.0651135247341866,-0.228318676917769,-0.271128595279931,-0.0522686257649384,-0.222895966792372,-0.217330691853597,-0.287344910618031,-0.20563135989289,-0.260954102129051,0.234590408122381,-0.063247810892562,0.130920108300132,0.185678476013455,0.0925106355116084,0.0235199392079515,-0.228183075755165,-0.173360703235884,0.261052570505461,0.357975557935563,0.116233780584628,0.0219664695942903,-0.168325932464821,-0.0612096306068453,-0.071630200224807,-0.051328045914334,-0.268812566709858,-0.225938503285742,-0.214323978932912,-0.224113722204014,-0.0274930774378694,0.0173576363216718,-0.264276340676945,0.0702494860487977,-0.0714975933634304,-0.169539552308827,-0.224506256800553,-0.224559384257148,-0.315810919187459,-0.347762698056754,-0.180832931880955,-0.0133187789019357
"外祖母-外孙女",0.293132449222386,0.388063889811416,0.36776782900837,0.384592573678116,0.398171083234267,-0.176614028915856,-0.158029590703898,-0.0961695374953498,-0.170262891292845,-0.0875164332705035,0.371687279995346,0.450681048555009,0.659887300444318,0.129788471550606,0.530612097137767,0.485082128041787,1,0.183144669623061,0.547678654821968,0.343413787864827,0.221627834048467,0.0673004614517681,0.110629995816808,0.0629030015999614,0.211895387635369,0.0326225167409479,-0.339596907675875,-0.0599115952011872,-0.220112846843865,-0.0129053763047608,-0.180900311971421,-0.223831267136849,-0.0502053508075142,0.0692684134939283,-0.124038350244078,-0.0165149480110819,0.164203822840508,0.383954930183027,0.185793709720682,0.276640313965637,0.230327713491354,0.336677133869864,0.182978635901892,0.305970053626339,0.160040929195905,0.429071454538812,-0.0279855625550049,0.141798171223495,0.165016939052343,0.113353558285681,-0.0145226802880133,-0.0687343877435966,-0.261604008922106,-0.211036932975268,-0.191708344453743,-0.0838084485320757,-0.23069374248061,-0.262356797735769,-0.0913870198547059,-0.218658564084809,-0.223553784672995,-0.0597203162481924,-0.160070077286999,0.0457748337395928,-0.272633762131447,-0.140216182733528,-0.0922597653402768,-0.136882150166554,-0.102812702334515,-0.128608851662934,0.0446548740563509,0.13040882995368,0.171557165660985,0.306928913686938,0.0489534547877652,0.0661023354189978,0.0212515031706747,0.0586522831278078,0.259785933732498,0.0532031474802865,-0.337451209006424,-0.310637278837998,-0.133111090743491,-0.443628009843668,-0.21831062261835,-0.280781803189198,-0.200983808502488,-0.342368603660456,-0.352339800996667,-0.427920386383567,0.0546564415932001,0.0394576335155668,0.086355553335726,0.104440298425892,-0.0608594838773022,0.0847881869628906,0.164294238126426,-0.196478820454656,-0.296130460305019,0.0823297012925559,0.226493192242975,0.00840319607165463,-0.102142908050587,0.230662774803954,0.1655706126586,-0.032211557337756,-0.261677158111134,-0.025336377070989,-0.201146196488431,-0.200976217432491,0.182512676448365,0.140779039829126,0.100931948846259,0.0365409968723289,-0.115802347619236,0.0666502677397959,-0.0625372809016324,0.102572664803685,-0.0639995348667844,0.158689308116034,-0.140450812164245,-0.126574566317159,-0.251086663570452,-0.0686772868305323,-0.321373025469826,0.148469222169682,-0.172034406629666,-0.0683634119757245,-0.166880331344997,0.0251187082876912,-0.149497114783683,-0.133311515114623,-0.0873405063249566,-0.213239993590801,0.0534934650474073,-0.138091873851623,-0.348462640521669,-0.407685998096179,-0.41086698737752,-0.29730747204001,-0.0700093625318155,-0.274963247776139
"曾祖父-曾孙子",-0.0564819523270133,-0.182972302732008,-0.194315339328733,-0.282029681069377,-0.162265147161907,0.284748981216719,0.176632379233575,0.157129987259845,0.221395128556334,0.414500244869198,0.475465800868298,0.473215816334512,0.282508650938546,0.257011141715413,0.133322183685836,0.360644633234095,0.183144669623061,1,0.375349998707593,0.550023623363508,0.355770501660057,0.420951307247991,0.359270395965257,0.147575947026461,0.328692415768411,0.346690618323052,0.0244075484514524,-0.0670360575802134,0.028846921046751,0.0575084905602358,0.208006729149734,0.197922168641537,0.0171867118052287,-0.0716590952095668,-0.0628918506559929,0.0212412448426705,0.29215536910797,0.207629379127957,-0.113412413305444,-0.105129740093487,-0.20860644377849,-0.22146521949331,-0.296977983843616,-0.511279764707796,-0.42154651274188,-0.182315684568752,-0.164789893147377,-0.407522434151926,-0.392235607033075,-0.376030258475524,-0.0558115495203024,-0.305595834094495,-0.271377856515595,-0.155869067479551,-0.0498813463983903,-0.0454061189190676,-0.076859427382767,-0.0169402934122958,-0.0834191647451046,-0.183116745335954,-0.144585060760834,-0.0913467218818558,-0.185121782106851,-0.350908803445884,0.088067293389247,-0.194258338081814,0.234607043514449,0.136292678197835,-0.258310729659341,0.0257187721829803,0.0126854433331784,0.0083294899387495,-0.186840426554106,-0.260086410632715,-0.332028857451071,-0.371967764059882,-0.423219732797994,-0.216509372049687,-0.332954153160315,-0.285919895666751,0.176101028417533,-0.147854899108137,0.278224959142083,0.214168368135261,0.131219305390529,0.0348994607131105,0.15969178967806,0.422824354194101,0.00603300649995328,0.180062708274858,0.146890146507976,-0.0338914340524267,-0.00508387668722475,-0.408781247062489,-0.100093109741613,0.00558645608611076,0.124451336066243,0.104638269960174,0.134603265727817,-0.0742109655541692,-0.0382698443606196,0.124942574901533,-0.106236576700957,-0.261706391349004,-0.212604942640499,-0.11165581601537,0.187092781499041,-0.133952195125092,0.121827798415866,0.0788953880269125,-0.0265556570965444,-0.199992172114985,0.255073992449924,0.305818583176834,0.0854435275183709,-0.322286363539333,-0.3969063732866,-0.389467349894515,0.348769759895567,0.0805251070827038,0.27180434273636,0.0832729516838655,-0.0118494230402098,-0.167000599901518,0.288663470112439,-0.252594770608966,0.203366877532824,0.074355941976426,0.0372272575085405,-0.129289741757532,-0.0676625739573982,-0.11768454471391,-0.397749789903618,-0.0531454563124772,0.0256652715571812,0.0759412994828963,-0.0212771599338867,-0.101742414905403,0.0862568632470348,-0.146033753373979,0.00500971703808751,0.317884057420475
"曾祖父-曾孙女",0.126085293594816,0.150304852116947,0.090222682225299,0.0683363515650115,0.0976775256970625,0.0118599697441651,0.00877302065316112,0.0178812562022639,-0.0249880769964414,0.0745634937854571,0.414848982288918,0.376735367249267,0.430038299624216,0.169138659956844,0.496751715941583,0.438825760798041,0.547678654821968,0.375349998707593,1,0.288629845245662,0.290678529179601,0.109075381324814,0.135801225078217,0.102049349899774,0.229914203042691,0.2284838819497,-0.194205347105937,-0.0594144235305294,-0.116955377694615,-0.00782694052545399,-0.0244216354265622,-0.0241404617561858,-0.0474744433725552,0.0155506719833998,-0.0244873053273072,0.100642043702992,0.197948313108286,0.258313409817281,-0.018827385079071,0.149507764357817,0.0914750330640953,0.0251598373515818,0.0181360952491909,-0.0531474488321971,-0.0630187730041802,0.152161061823206,0.032726337501126,-0.0984482207948451,-0.0837334384606321,-0.00737002347282463,0.0885457491574311,-0.249291588436841,-0.176582022336216,0.0293454577408825,-0.233054494420153,0.0185212961201377,-0.135562301013105,-0.276811647682386,-0.0704718080464956,-0.263065188008943,-0.11394437056695,0.00610660178309318,-0.173292431095981,-0.0809094446492247,-0.135205809857649,-0.00357155427271038,0.00613378263233113,-0.0123452909765953,-0.12709877539588,-0.11386465633075,-0.0144255730833338,0.0835456022389771,0.0216716551637949,0.126482859030757,-0.172894826150251,-0.149766827227804,-0.178776350179818,0.0348224285229779,0.0592821667471995,-0.134489270605346,-0.0839126896466351,-0.189880787912797,0.025197550583178,-0.0690110300920961,-0.057737071241706,-0.0989099154051929,0.0279731514004279,-0.0735566622295145,-0.176244941425983,-0.162083503521158,0.164620627787469,0.110044829180003,0.12919464564099,-0.0589238340598428,-0.0445810193789495,0.103537364962418,0.283362536961066,-0.243730192422848,-0.0440969624746766,-0.128953446723559,0.136707866081258,0.181965845905309,-0.0055315043876334,0.0577699196230441,0.0327194297948676,0.00251642395180005,-0.121215680636305,-0.0657918056824887,-0.0366697123007611,0.00168109341364392,0.143076906141023,0.0379046806100552,0.0947698855800807,0.0893356953261599,-0.0586384198552863,0.0133753753257556,-0.0812946600585692,-0.0203357685296499,-0.0290720489953697,0.0512020818752655,-0.0808743122967933,-0.104540559630248,-0.188086960368135,-0.127014878379613,-0.172780435510592,-0.0329856096426293,-0.118365742859847,-0.0978971580664613,-0.0848591994748824,-0.0528908888171543,-0.211901928805254,-0.254130303204836,-0.234693256163983,-0.180583552454315,-0.0999665903428804,-0.220427432516856,-0.30416599328214,-0.28135737067076,-0.215245033527123,-0.238460675434442,-0.0394824835944412,-0.0868998045604478
"曾祖母-曾孙子",-0.116178746448225,-0.044905312915181,-0.00281314375565062,-0.0724738679918807,-0.0437017264155772,-0.0583612033796561,-0.0902641647256498,0.018926268807074,0.0304434756348799,0.139758488758881,0.513001848978118,0.404255633824521,0.469634817853962,0.19376409875387,0.29132360721462,0.347142611108873,0.343413787864827,0.550023623363508,0.288629845245662,1,0.420397250397708,0.252520752380691,0.410907694893085,0.149508713054198,0.463336530638534,0.298372059313801,-0.0729412552083266,0.00699328507954468,-0.118817934584371,0.0893184306668678,0.0500069432030413,0.0302643833125014,0.0269829576074353,0.000498035734579674,0.0422888491774296,0.137920809748695,0.224778790745922,0.210783778251946,0.0826770853853885,0.11464654287233,-0.0428410576400858,0.0156376143157923,-0.103301623126111,-0.102926667237862,-0.230981484844202,0.00809709700020081,-0.152981240101696,-0.275595798340687,-0.224359357882448,-0.156127867986618,-0.179106589287007,-0.211252125854289,-0.0991300159297571,-0.16570010511068,-0.140997342872074,-0.190399674563233,-0.0282167714689127,-0.0350836491062214,-0.10762040233919,-0.0745040056173837,-0.166794436417271,-0.150856962518657,-0.0749034103405705,-0.294311889819528,0.0376712971336627,0.00959085375921287,0.126159975371144,0.102478837899187,-0.066400986429099,0.12217819003436,0.055463911712728,0.126247553656554,-0.151467737448195,-0.0836729239685727,-0.154103990033963,-0.168249006312437,-0.256151697141546,-0.122645377008761,-0.150851650884491,-0.0569769074869192,0.0210886762647997,-0.192319820386407,0.092360799748711,0.0953253189791095,0.0524785169172597,0.0965087970137161,0.055454210088464,0.182930712499582,-0.192323713701574,-0.0597453641457428,-0.0866644044390093,-0.0793764587172673,-0.0295024025786372,-0.256167335476824,-0.112831749108775,-0.0538414933618701,0.00422576857042751,0.125152043319004,-0.00706223448152788,0.0500801294813317,-0.0827061816304453,0.20782060288504,-0.0155561711991522,0.0443704588169682,0.0445489448012204,0.0453113132011682,0.14814443773854,-0.0194615301003426,0.140372763430223,0.0710771466424359,-0.0876429114167066,-0.111120801694283,0.0906478572616863,0.150745112332518,-0.0685755283711668,-0.310977449499079,-0.370030006699149,-0.220456657941763,0.0300317351787409,-0.0476448132975043,-9.89277885142413e-05,0.0954804766085205,-0.0525986402954091,-0.0885929398040543,0.158997574968938,-0.109611013124705,0.0588480052720714,0.0122497823006058,-0.0404455465323442,-0.0948754257768438,-0.153525052871044,-0.13891773093436,-0.306370007494417,-0.0460751306083138,-0.0818992488538433,-0.104310562465243,-0.13714666568436,-0.169670283715285,-0.146791788827589,-0.225868100976246,-0.0930797428598993,-0.00296277424346777
"曾祖母-曾孙女",0.0435839129559034,0.0547729187694297,0.0917546080554928,0.0156515318969625,-0.0362269074530486,-0.129861416183046,-0.0250950817057169,-0.108342726064417,0.040517888101334,0.0759911030012755,0.42576012814116,0.122084577333151,0.189210452835633,0.0482865401324101,0.146547498440455,0.243938356935265,0.221627834048467,0.355770501660057,0.290678529179601,0.420397250397708,1,0.640050569618987,0.483355317226138,0.428894370667433,0.418410946221083,0.316796262491065,-0.0447146146730713,-0.144882959152638,-0.0791783717227481,0.0423499313589467,0.174604009610293,-0.0385739351926098,-0.0439006300875372,-0.112605086666563,0.0114810109110109,0.22532896184258,0.13853380320577,0.0309970159008666,-0.0699955866725014,-0.159132627239019,-0.0729408555556539,-0.0668419123171931,-0.159956202947309,-0.0369689782315101,0.0421980674054004,0.0337514780380047,-0.0303286342321432,-0.000603993379984361,-0.068332776379277,-0.0521166537535988,0.0667237358706342,-0.125527033988887,-0.0175112856280919,-0.0173672527910766,-0.155823371678099,-0.000181929149172997,0.0399442658696635,0.0510735434947792,-0.0788561779969797,-0.0912051225271776,0.0427974253438815,-0.00108683734218719,-0.0693563597510583,-0.0720495063530268,-0.0549735455813052,0.0173084539193912,-0.0074648068624469,-0.106265677645238,-0.150447436307452,-0.0839697741636744,0.161526957470676,-0.00905316496840461,0.12535846910399,-0.0768211648495418,0.108747928916321,-0.101739834390093,-0.0454317642921223,-0.0465172994879578,-0.101290815270498,-0.0387927959534913,-0.141955608238577,-0.0356484025060351,-0.0641210576244898,0.0517128102847762,-0.0556762841353526,0.0759435584695841,0.0611285949209224,-0.032205936255226,-0.14351834402528,-0.0282055772053784,0.135673019259053,0.178668234871099,0.156265868070294,-0.0289310172976882,-0.0107376201532078,0.30490361781901,0.0701351360251081,0.0344522936694468,0.0299016178073491,0.130311060065739,0.192100136348469,0.0954742903538546,-0.104119430024535,-0.105874704674866,-0.0748015155939589,0.148745670394782,-0.0179087555682828,-0.190432663020929,-0.175681476710893,-0.0151180929611646,-0.112325290167333,-0.334072295396701,-0.134925762631821,-0.243349865204526,-0.236244918002936,-0.0532656870497787,-0.124698007503194,-0.113630908024503,0.0342844583954385,-0.0368099854465302,-0.0361450526175542,-0.120402985627715,-0.0763016368195291,-0.155473635931928,-0.0582780279660631,-0.14392918914862,-0.0340290212525947,-0.0572497602743503,-0.0102563339984527,-0.150702377431393,-0.093536333556893,-0.0849680497493877,-0.254723964726925,-0.174266263560572,-0.227476872747017,-0.285001751253325,-0.092983565467785,-0.275690494300102,-0.284085162090468,-0.306077656091844,-0.116298923660115,-0.0563102038164434
"高祖父-玄孙",0.168735928150923,0.137857510877836,0.133798160072504,-0.0780600773739116,0.0783191120901425,0.221038971945412,0.313386497154071,0.139411595357227,0.281597082957359,0.389143967573549,0.3202135747983,0.27549514922937,0.0387765565372249,0.248092078549442,0.0346803784475985,0.201246900912791,0.0673004614517681,0.420951307247991,0.109075381324814,0.252520752380691,0.640050569618987,1,0.582899157309593,0.253852331627387,0.333865246021352,0.332145940591314,-0.0958542624330769,-0.311584616596229,-0.0729921066237422,-0.00255468552205297,0.0785190375720809,-0.0023982127635476,-0.115813145773964,-0.266238291100315,-0.311459341228917,0.000141526181473054,0.0579737419253511,-0.037985492616734,-0.19107793552795,-0.17614524300722,-0.14005723475376,-0.182596930681296,-0.316171962867463,-0.218093395968189,-0.0724254768310442,-0.187471878248431,-0.0697475124344572,-0.142825445168961,-0.209832501454401,-0.314386612902542,0.0368945481184449,-0.178113592842173,-0.0608907064529261,-0.0795711915426047,0.0185867076047096,-0.125706286645101,-0.103835650651557,0.0812272363228152,-0.0455531580271153,-0.144872765674361,-0.186069164545661,-0.285069575200462,-0.261957608149406,-0.310681644628338,-0.180114794511198,-0.245198632339993,0.0968734516043308,0.00463574315326403,-0.102446596031518,0.094717386245302,0.221285617233476,-0.0141226368426316,0.102702946354901,-0.205686514804132,0.057236760790906,-0.302008457029449,-0.2577096433066,-0.152407366184048,-0.226088510943293,-0.202138820041135,-0.0373405263713913,-0.192426214918631,-0.0535861101642649,0.0463939426154378,-0.00527033174589659,-0.000392425913513505,0.0368229173376568,0.10881491197395,0.122571482224885,0.161042369987096,0.249994970178371,0.0333569427897924,0.183147566402647,-0.143206161280976,0.0626122461383129,0.175385246028242,-0.00515060245446165,-0.0525760616406671,-0.0140072061745966,0.0415438903235107,0.182997460614912,-0.0299992566957535,-0.165785075715808,-0.284506043692289,-0.247861951543434,-0.12788986917589,-0.0297616885184939,-0.300354295617628,-0.235076670971864,-0.142144831294641,-0.144620469345975,-0.247692624930022,-0.0294887636772324,-0.0379985124439479,-0.134000649570341,-0.100688846230195,-0.157810518607533,-0.117122833866021,0.346591562782628,0.124199590266303,0.288885624459261,0.0267782378012332,0.0898074518927083,-0.0898422522705928,0.145422414279977,-0.274967960009254,0.0720365780462518,-0.0666077225372245,-0.0245990848118357,-0.276558362150886,0.129648905317026,0.130242018734089,-0.244812337172251,0.0781577643424211,-0.0161751580076478,-0.12415653033716,0.0816146572768701,-0.153196875592446,-0.0390084282457379,-0.0612259301491562,-0.209727670960658,0.0111124929886113
"高祖母-玄孙",-0.0574732520052044,-0.0561988074294533,0.00736113830942617,-0.152991857390716,0.00533739437088307,0.119241079104276,0.218024273205927,0.132081965359632,0.304053401030219,0.258577003139864,0.356718251121471,0.233400784864369,0.237562768030497,0.192454954879246,0.158765036138076,0.13649921592893,0.110629995816808,0.359270395965257,0.135801225078217,0.410907694893085,0.483355317226138,0.582899157309593,1,0.221012357265171,0.537686039620241,0.268737070424796,-0.0498267164618511,0.021315280004571,-0.0351442252491876,0.237125722480335,-0.0652367054695959,0.0518599185880782,-0.160001077705882,-0.0989468743035295,-0.247432551592999,0.0878459144435647,0.0513010908013689,0.133496473918844,-0.22864507634016,-0.114117027966149,-0.273348370289845,-0.0664864298418676,-0.311814035697443,-0.130757689514501,-0.263961117888739,-0.184132585600271,-0.204670455019045,-0.216759077417592,-0.196533187601886,-0.193745270013947,-0.143210381504195,-0.0746158256450959,-0.0490930256305184,-0.0835566636986042,-0.0622031006418592,-0.345413493458779,-0.0462496782831131,0.0890353478725976,-0.356220850930939,-0.0795510417272894,-0.252631210958928,-0.272121073181598,-0.248909500045754,-0.287188907353949,-0.0376371637374236,-0.112694106592961,0.0399557204738537,0.129946401249919,-0.0873646340941005,0.133199314683811,0.135904374838054,-0.0367414544382226,0.022988104917301,-0.197485311435561,-0.081936969916065,-0.255454589876021,-0.197554474585856,-0.169625272099153,-0.238208562349906,-0.156938218647926,-0.0278663323526423,-0.240793665625619,-0.135493333806937,0.14891286605465,0.209787981332641,0.203761610353758,0.259549290230996,0.304031773680349,0.0266192782865315,0.0609936066884848,-0.00552617142906419,-0.0703996360228842,-0.0203749719231934,-0.246216130794078,0.167960846246863,0.0724977373988289,-0.0743118144233119,0.1002962991641,-0.0398445332268181,-0.0369845314543259,-0.141002391073891,0.106368316596685,-0.0666429826291893,-0.0497701161778438,-0.172098316161601,-0.109316484890602,0.0669793926505584,-0.0911317827428226,-0.0946690880787586,0.0728840883096354,-0.271679572726681,-0.266920199937222,-0.0846317694050039,0.0301848797026355,-0.250651354726304,-0.187489438133269,-0.188769950966117,-0.0333100519938639,0.17236104899092,0.070335341787429,0.17171398711833,0.128072739849153,-0.0809818846867322,-0.10159395374204,0.182754373151993,-0.220259886017694,0.116456117871086,-0.0192752058261184,0.05538100440533,-0.155060768931304,0.0155265753704304,0.177547902349273,-0.144840899387928,0.155552765269236,-0.0506418176425112,-0.0410337757623463,0.0856864645633216,-0.0565131032361752,-0.0851099124678552,-0.0168309993892679,-0.233256946714203,0.00265785153381514
"外曾祖父-外曾孙",-0.14074465284633,0.0264563020454407,-0.0892896701795057,0.0474808036912544,-0.179587794463404,-0.125276677216271,-0.135289982684219,-0.113640062117341,-0.0694868451398256,-0.0630104842222639,0.118804439380528,0.0285396229957778,-0.139750859821323,0.293371896527675,0.161052086289872,0.228394828447428,0.0629030015999614,0.147575947026461,0.102049349899774,0.149508713054198,0.428894370667433,0.253852331627387,0.221012357265171,1,0.394991475084469,0.0783886782244457,0.129641016033374,-0.0520140904349863,0.0349281220377246,-0.0424218307799436,0.0681774380197954,-0.184626128754503,-0.142048302015645,-0.347451660583334,0.114605218324441,0.147257430274806,0.0619355841924577,-0.112756447819205,0.102710908615549,-0.27245419493184,0.0486005888320762,-0.109187362924264,-0.0629343291467335,0.0301568570955806,0.0990642558484835,0.0757852604554324,0.0957215123925199,0.196619731895749,0.097150746702516,0.153588190165978,-0.0299782347717322,-0.125577191789215,-0.108953365023375,-0.113902045407781,-0.0569101134469991,-0.00666335813557512,0.0499702037800927,-0.242977616629371,-0.14960514165444,-0.15469225746133,-0.016430157378637,-0.0371646324257195,0.0185915931051973,-0.0656829101998069,-0.162753779899776,0.276075875529774,0.0536567788689304,-0.0811268942413999,-0.0223401696010045,-0.183536408372278,0.173222112600791,0.227305419453909,0.254389885498464,0.236922892004672,0.125423151273695,-0.0298903787462953,0.0076892665703834,-0.0752419160087955,-0.0533321447548634,0.0779818973030854,-0.265355625686472,-0.0945744815677967,-0.166947984056088,-0.0819027587593075,-0.126422768987339,0.183802287373819,0.0305554179225049,-0.160386574795327,0.0450826852821287,-0.0588494868455662,0.116666646279112,0.199405487680388,0.232544639641826,0.160207356212034,-0.133817454085217,0.46991428586316,0.211921685348022,0.236888445938833,-0.0744806534137419,0.298205128731237,0.236566336230052,0.189165920883401,0.151511744693577,0.0964555359368093,0.191217978434923,0.240581805578061,0.131344616899672,-0.00425357114567409,-0.075289592375136,-0.0616581206913854,-0.101757595178177,-0.268971718159947,-0.204429217389127,-0.285985382328177,-0.146575289092052,0.0968382395102972,-0.0104430502671291,-0.051932148586578,-0.0761105492378426,-0.100585557364206,-0.157050870214274,-0.310054675280693,-0.0481301868426143,-0.182582028724261,-0.300746256187104,-0.0318561494356451,-0.198703534032923,-0.177027524113294,-0.152779399434095,-0.268615852911609,0.0648318679918251,-0.0157675643345557,0.0481016913632773,-0.141072306628608,0.02620891373899,-0.169069925282981,0.0779976592575852,-0.0768934345386193,-0.139022501483592,-0.199386664132071,-0.082588896456353,-0.195566654655918
"外曾祖母-外曾孙",-0.1018389260361,-0.0330893297048014,-0.0262877264498879,-0.0965853386270627,0.0794313143951219,0.0397348966522017,0.115924020166567,0.196643262736163,0.246683843224911,0.227078641045359,0.25288463402214,0.291090149635042,0.209858101923166,0.316475849739462,0.25694691054821,0.293853779710064,0.211895387635369,0.328692415768411,0.229914203042691,0.463336530638534,0.418410946221083,0.333865246021352,0.537686039620241,0.394991475084469,1,0.189066661693296,-0.029341495080398,0.0173279704475985,0.0757749872632983,0.288853851198938,-0.0502741018614472,-0.00562280772446369,0.0322087876323565,0.0555884829105298,-0.0690198023718459,0.0566213517480652,0.013117276270776,0.147818262654733,-0.17821371076515,-0.0691087838659047,-0.155732019292241,0.00776604938527122,-0.19670115559827,-0.0662440053844408,-0.273999837279898,-0.133785512047299,-0.183556762256229,-0.266598704598819,-0.190673494706967,-0.127465466783639,-0.176485120486027,-0.259374242908327,-0.0531379554448106,-0.117731726466459,-0.283249138755732,-0.231409517089126,0.132143741223507,0.0543476417409434,-0.284853654843672,0.0463432361368452,-0.18640413487395,-0.151084232902305,-0.106200435541809,-0.341139485208642,-0.0299383968709395,0.011839301870405,0.165889589678315,0.178630960438323,-0.0621007430723505,0.206824117079726,0.00379958438668274,0.142141857085676,-0.102309343237711,-0.122248688320346,-0.0733769389612241,-0.361646602156221,-0.384440600763782,-0.364266876689055,-0.269897482078679,-0.268635500056003,-0.0725714889543129,-0.264150788916148,-0.0952431009784097,0.042529121985537,0.0760650216146502,0.0859642216902235,0.154717782752439,0.0769662223301237,-0.129747077257485,-0.107958263690108,-0.149565836130816,-0.297741007320453,-0.115018948548056,-0.34698146497287,-0.0530293078717713,-0.0785268245954327,-0.106752166384863,0.0338783724223123,-0.124007755361624,-0.0571886782297886,-0.141335434802549,0.146360900544787,0.0604230148665013,0.0514847754477457,0.0118673286464556,0.128872166821531,0.325418878000076,0.166830237947954,0.174995163704876,0.241458190628459,-0.0989881014235647,-0.116223741228163,0.0682484146594662,0.111786518865615,0.00207762106475196,-0.198389047464172,-0.171200710115938,-0.0358526795971315,0.208952605632867,0.101110392150476,0.125815214625668,-0.00653293386909738,-0.20509131210552,-0.254195806558861,0.100694423804659,-0.253566319640899,-0.0442731259563814,-0.216212218393712,0.0151768095396359,-0.207980287394593,0.00723155909640691,0.073916640124913,-0.067797638230557,0.155340377260469,0.0214903765896527,-0.0134622017424141,0.0875689743446463,-0.0512144840369644,-0.0633906813917217,-0.158066512841291,-0.263206824862137,0.0515654570683749
"祖先-后代",0.0334510339826992,-0.0111043136668625,-0.047313373346271,-0.0705902839729628,0.00458916046942391,0.207288801928374,0.106566201011875,0.158762115025872,0.113847339447173,0.256431355659763,0.492942027127694,0.186956106226588,0.181593622376572,0.174149184726473,0.138717160210704,0.148078619858065,0.0326225167409479,0.346690618323052,0.2284838819497,0.298372059313801,0.316796262491065,0.332145940591314,0.268737070424796,0.0783886782244457,0.189066661693296,1,0.117510016224457,0.0647996407149307,0.0727428329541616,0.316098775394752,0.235210043992707,0.14860815316504,0.0179497297433989,0.0313235630726158,-0.123303354156449,-0.0121640389837769,0.0937322343606649,-0.0165195784058447,-0.131709710109602,-0.0782498387900313,-0.40145206676023,-0.289280300708312,-0.337531077361158,-0.338383773848896,-0.371830700388815,-0.228692488141191,-0.216495079728921,-0.382267929164675,-0.359047766866095,-0.333717451348177,0.120500147925864,-0.16556104359539,-0.0501232356557299,-0.126608379040621,-0.132735167443215,-0.121773386868778,-0.0813167416159115,-0.0222106281209252,-0.0295854402469942,-0.0354299651137247,-0.0267112163081856,-0.0515845011503522,-0.00123148397658958,-0.209833645340569,0.116326344583685,-0.150015428064025,0.0872630789026745,0.172026765228422,-0.370145967534672,-0.0020290623814559,-0.0449070948553386,-0.171631078145371,-0.238583876419968,-0.342304128823432,-0.336590466283451,-0.418478596895661,-0.450680015839982,-0.286316639139127,-0.291350405072288,-0.33946040717883,0.243041744288747,-0.0107207911570374,0.403782289155838,0.376286389872374,0.181892092124472,0.0504312444511012,0.208989744178369,0.233735530672187,-0.0712868911611282,0.154195846999344,-0.0356263580782571,-0.0301303883723135,0.0445563797982872,-0.218963073796502,-0.037722218349266,0.0600757412769221,-0.0658644109012858,-0.166298200958183,-0.095021746810251,-0.0608148138053494,-0.222410132695679,0.0145960540400376,-0.184689088325747,-0.186663758476079,-0.353157052151825,0.135043234938595,0.132893349604132,-0.040019879483266,0.141628967154494,0.0166980609081417,0.265230591270274,-0.025944924693121,0.176937419899959,0.260670304071426,0.0360060715033597,-0.350865217952372,-0.339018712054373,-0.304689326399222,0.102078963368811,-0.0623284414782145,0.079314092360129,0.23024253181827,0.13374985185663,-0.052514426434214,0.36935086490946,-0.0668607964809927,0.114865595116687,0.0596542170747677,0.106703834299294,0.0820280500750086,-0.019874073356204,-0.0648736781010777,-0.331586619246986,-0.0114425826425258,-0.269739326650369,-0.0930875936296048,-0.0720445039653668,-0.139256881624455,-0.0158384421805279,-0.0968154310729044,0.222684603026173,0.328695681737393
"伯父-侄子",-0.469276142496508,-0.300918101006046,-0.351081816465646,-0.230433874555892,-0.409082285998739,-0.0815066371323232,-0.159025993519269,-0.196713522157948,-0.173037774494155,-0.233067762188664,-0.157464908226489,-0.259659721371232,-0.196417853493672,-0.0815846380128292,-0.317149725630301,-0.346647824226911,-0.339596907675875,0.0244075484514524,-0.194205347105937,-0.0729412552083266,-0.0447146146730713,-0.0958542624330769,-0.0498267164618511,0.129641016033374,-0.029341495080398,0.117510016224457,1,0.507010145875253,0.531527592606203,0.428227378451407,0.435916167120666,0.0950088227814777,0.157208294636996,0.0036340251527288,0.508259055812114,0.142650566016329,0.163751725546712,-0.00175138137957308,0.141773978899046,-0.269549204196419,-0.224949870973878,-0.0453808415645228,-0.00358855302485205,-0.0276541447979262,-0.121695701544453,-0.0196627771400314,-0.10079583869707,0.0581262319489993,0.221979574236493,0.106133403383455,0.0761542530015644,0.146499278883228,0.110857580231566,-0.185735778194367,-0.0266505075069304,-0.04775204613421,0.176388487099278,-0.00386005203153852,-0.107603037610807,0.163310623608387,0.210751384801286,0.200216933646796,0.291193275672087,0.0566981649382568,0.369718966737083,0.0306610160064912,-0.185227591978143,-0.1792262533577,-0.240071945996292,-0.321791431718033,-0.00349538993019687,-0.0312951773832274,0.0113051186785093,0.007993020190922,-0.122850683826112,0.0944806155839007,0.0667541388890399,-0.1138097999033,-0.265107544474483,0.081900403925197,0.131379288048459,0.231895512533588,0.0710148536128557,0.262760480673552,0.144964577509049,0.453694176313945,0.166085893024122,0.220772269799622,-0.00663564780244727,0.175090299167321,-0.087753763097986,0.126223271540533,-0.0152417482694629,0.000302691167315639,-0.353927158981888,0.240670940333275,0.0402386493951605,0.180615715775513,0.120576498475809,0.260289671349703,-0.195386226208819,0.0889990318004252,0.287718987285301,0.150378949797755,-0.0813067261376285,0.254613310037239,0.172240821385517,0.1237550273997,0.132629289825322,0.0383996543373648,-0.0343390072179916,-0.0817500847214279,-0.0997829762657058,-0.0918167235780415,-0.00106784307737907,-0.228327853231784,-0.0405863305679204,-0.206536660681279,-0.268372988241571,-0.372014627251407,-0.234186725832836,-0.178696757962595,-0.0172796120948911,-0.152005232104885,0.0477132610692404,0.0552719880835769,0.28116081607583,0.23443501463124,0.322996962530263,0.137804710463598,-0.0646476220911226,-0.149206995073519,0.0496813716854139,-0.130972848606775,-0.133522143169303,-0.081475056560239,0.0238583468166046,-0.0508647051841685,0.0363067812342522,-0.110004175627337,0.0848655288221936,0.0632264971387051
"伯父-侄女",-0.411392808307171,-0.288226398770767,-0.199339669559143,-0.191478011528205,-0.225083926502826,-0.152657470477465,-0.189812467776673,-0.178607890002492,-0.214845100104835,-0.244610109410492,0.079094712941881,-0.136007029372499,0.152972904916702,-0.189417534244499,0.0200879766929897,-0.195177026832978,-0.0599115952011872,-0.0670360575802134,-0.0594144235305294,0.00699328507954468,-0.144882959152638,-0.311584616596229,0.021315280004571,-0.0520140904349863,0.0173279704475985,0.0647996407149307,0.507010145875253,1,0.300008583039474,0.48535579046865,0.187778475589096,0.288040710120823,0.212112355361076,0.297780276393902,0.314472411506964,0.175043253907124,0.087288426516088,0.13500137175303,0.110145580895126,0.0556629924681273,-0.20948997253656,0.0479254353112464,-0.0157024037137969,0.106130354300327,-0.155275969284988,0.0492942259585028,-0.107011108058075,0.0757499697576791,0.150191560198898,0.236471946125355,-0.268920286927391,0.214788437423575,0.0887542586879396,0.0446981414539193,-0.251253718004892,-0.168310755246502,0.0857594154405757,-0.0401857000647918,-0.263845612717594,0.152647462417454,-0.0132716925292847,0.114021843713486,0.101288689141291,0.0145052904555147,0.316770809070397,0.145646945086238,-0.147189432758841,-0.00338264111357627,-0.0673913869866041,-0.105285757594478,-0.348158231511307,-0.2041633347604,-0.115861670030172,0.0328643857085427,-0.30582100760711,0.118611405165711,0.109133767868271,-0.0778845549364472,-0.165929826819131,0.103383049542611,0.172892752518713,0.0812484512355232,0.0585864067246302,0.231457865991741,0.28281654421487,0.259699500308738,0.125479989263989,0.195812185394913,-0.15843688253722,0.0972419350695957,-0.281832455034437,-0.0464329776164897,-0.0809896949694936,-0.0146545717283927,-0.0581720204129981,-0.0907168963567254,-0.0140445307731672,-0.062274812945022,-0.0545547249354248,-0.0501633698796798,-0.373260695154055,0.0704723281448767,0.238405480267443,0.223782007384986,0.0200703444596434,0.113531393035247,0.148244131826671,0.335275881136539,0.182107677967833,0.261398054727433,-0.0995233526614412,0.0848199447582607,-0.059903308739749,0.0672843320959581,-0.0988046369704671,-0.230194883766166,-0.0319155895128907,0.0518262571869158,-0.291317720213923,-0.177545471355337,-0.233895756748638,0.148463369309118,-0.112100117415543,0.138281963447906,0.0963119804995851,0.14045015116552,0.0215101919035835,0.0638155807125121,0.114908043938284,0.169552692101616,-0.328670300156582,-0.157084120458698,0.0675435038693047,-0.143770570151446,-0.280729191114836,-0.0808231250532841,-0.140900830161336,0.0411560649469732,-0.0611899265022463,-0.0596125040657415,0.0292679858998856,0.058884361367567
"伯母-侄子",-0.378334696091679,-0.305402009129254,-0.2910030980612,-0.247899636880557,-0.235058289944279,0.0407938363709756,0.0422256168710343,-0.0258045716405133,0.000975522463369304,-0.0379475010113154,-0.18978852816445,-0.192428157076395,-0.139745283654356,-0.1020803112711,-0.245243539627742,-0.273512579116156,-0.220112846843865,0.028846921046751,-0.116955377694615,-0.118817934584371,-0.0791783717227481,-0.0729921066237422,-0.0351442252491876,0.0349281220377246,0.0757749872632983,0.0727428329541616,0.531527592606203,0.300008583039474,1,0.50527657075548,0.0681653747429741,-0.0516098887763844,-0.00799860504995742,0.117596779379157,0.240240861667986,0.0447002994458052,-0.128426716878542,-0.0904538568302889,-0.130259746806629,-0.291864123130369,-0.228849625137266,0.128932605493126,-0.0418116207273954,-0.0535444562067244,-0.118669000588232,-0.0998445008627392,-0.301039287467534,-0.108245803449191,0.0871219926879245,-0.0140757416793466,0.0909507357778912,0.161916725344995,-0.0519216647135396,-0.28438362203517,-0.0905012179419662,-0.0950110438981736,0.137632112910023,0.0791125147695512,-0.095835000792311,0.295821518487422,0.216844973382867,0.335489985146882,0.285308658617214,0.106372568061063,0.492906504538277,-0.075706407637119,-0.126959986200589,-0.0565559400477227,-0.327715768322084,-0.169141831237957,-0.0582560399056431,-0.119230302236335,-0.180092488426329,-0.171290644885821,-0.116589646361325,-0.120067918683528,-0.0817254370286396,-0.378264786882027,-0.370571782414664,-0.251355246881483,0.130501319974537,0.297005485604759,0.0202625917425372,0.237176191880493,0.271913077008461,0.330445044451891,0.3213179162171,0.242732381639418,0.063344829038391,0.165497284183721,-0.326063034636104,-0.088673364296877,-0.287772980300675,-0.205721412876865,-0.326870015473647,0.0218808946587368,-0.109706946316785,0.00862653915664705,-0.0810071211216042,0.00900650215317233,-0.251941810990215,-0.0692990116699391,0.322165007952738,0.144961646181908,-0.105668947318045,0.263102018435626,0.216293337441836,0.220386386480122,0.282987814604709,0.157284392863798,0.0223246968427808,0.148782798587516,0.103956346117111,0.137791082620199,-0.0288720624375513,-0.319124072116185,-0.0657384193051485,-0.167226666529357,-0.170501817607883,-0.302206156915565,-0.163326844720355,-0.197502203868977,-0.187535387784725,-0.277961990615506,0.0704029820768893,0.103149545995834,0.451667722427527,0.367364507264523,0.456913196196209,0.218872359569923,0.115073716501098,-0.00850722352416793,0.152888230779912,-0.00156982095190352,0.0269599542767319,0.123956170820551,0.100133903675589,-0.0659121837572032,0.183604887627032,0.0309940970275578,0.157326996646529,0.224251112921044
"伯母-侄女",-0.340136770310534,-0.238138187189297,-0.136961977625597,-0.15448533832809,-0.0446625208209525,0.0381346072101167,0.0303557663524894,0.0371433063789884,0.0308932917665044,0.000108832717335556,0.0587631351878106,-0.0244275605518925,0.140927064026062,-0.0677162017769076,-0.00671197958133357,-0.128698572858644,-0.0129053763047608,0.0575084905602358,-0.00782694052545399,0.0893184306668678,0.0423499313589467,-0.00255468552205297,0.237125722480335,-0.0424218307799436,0.288853851198938,0.316098775394752,0.428227378451407,0.48535579046865,0.50527657075548,1,0.0382255381863766,0.172826007347479,0.112216554630596,0.34191872439477,0.140831219373298,0.144291014742218,0.0302763244904191,0.257532996858216,-0.104189631837943,-0.125201990259294,-0.336252218183813,0.110161791348264,-0.0955458999096273,-0.0396164656116587,-0.230038378161906,-0.0863474976725044,-0.248994636213571,-0.104665364344413,0.025639428589912,0.0634379699992747,-0.0510795056390676,0.0586061920515949,-0.0082027084415505,-0.14734519244776,-0.178122082377847,-0.183697617746599,-0.00675987633361949,0.202964710294906,-0.15830453061653,0.271434555267311,-0.0212435863412586,0.101929917954776,0.151046982005539,-0.0840763688363653,0.351643376800495,-0.0670587360172201,-0.12355569508008,0.0227740183680119,-0.27108826081846,-0.0461892466535139,-0.1769733949181,-0.133433791315928,-0.251376623896141,-0.178086847746384,-0.258184183524693,-0.201660119223351,-0.185300551583032,-0.347727637455318,-0.374734448484291,-0.228813960094275,0.160696985707482,0.0397613575417378,0.0590313674718506,0.25029970936351,0.240193942557774,0.252198806292674,0.234809444521198,0.23244044270448,0.00972897041260591,0.123287935679727,-0.375586142694558,-0.109133886426715,-0.317689463359099,-0.224854577262428,-0.137460223573351,-0.131774883470231,-0.203694652171597,-0.144528103368413,-0.178245076179561,-0.110606479476841,-0.444876803787216,0.0463265297257986,0.0586292819917302,0.087308974952781,-0.208364722688799,0.192870060639855,0.171961642605114,0.158560549937852,0.258036367711775,0.23121927071336,0.0498727741708868,0.0831610273171231,0.160731303455126,0.307199163785935,-0.00387582547737775,-0.377568638938653,-0.135221493580524,-0.00536005220238487,-0.137983145469425,-0.248414848193324,-0.0977232926648722,-0.00597022361588059,-0.165326851415881,-0.23188386548425,0.229926540774506,-0.0172801973494702,0.297480980332995,0.174402358189051,0.352360018008019,0.209996640946587,-0.139939541042238,0.0248693873586909,-0.105977624976242,-0.0731708823151632,-0.160722915203666,-0.0323374603131234,-0.12850287192668,-0.0832994981321445,0.0102072136667537,-0.0157764284047539,0.0525236355274608,0.170574795436867
"叔父-侄子",-0.235798287269894,-0.207769840826221,-0.233067495019562,-0.229698178429488,-0.342088280071625,-0.130754253619187,-0.142956797878338,-0.132657598068008,-0.168417136070913,0.0230853270069817,0.148443331021876,0.030987887252646,-0.00749516871417021,0.0136047887941141,-0.124816967408011,-0.0445588399149195,-0.180900311971421,0.208006729149734,-0.0244216354265622,0.0500069432030413,0.174604009610293,0.0785190375720809,-0.0652367054695959,0.0681774380197954,-0.0502741018614472,0.235210043992707,0.435916167120666,0.187778475589096,0.0681653747429741,0.0382255381863766,1,0.509778874365033,0.471790404692768,0.166893202220237,0.477340838926946,0.227999031908628,0.375635406678503,0.0156452940320485,0.0849428727321197,-0.150794923950255,-0.251757779940509,-0.213932726784998,-0.190666195868504,-0.265622666076224,-0.150246856059911,-0.111367356225052,-0.0987047366862579,-0.168316838108156,-0.01478813738364,-0.132684176754708,0.253674125371074,0.0242640586685322,0.118815912400771,0.00446687526662524,0.0158164846827505,0.244441458889071,0.314523995229601,0.118220849654332,0.157634267122104,0.13715218964105,0.373353729681306,0.236056728206047,0.285979456025638,0.106212659885358,0.22122325567169,-0.171191434621869,-0.119695077704492,-0.0891776207094814,-0.280312282934032,-0.268691734308613,-0.0761453504959357,-0.206722868402117,-0.0334265495886198,-0.12454977104554,-0.139600224269183,-0.0247094723701069,-0.0822213434840681,-0.00989498458111433,-0.219633907814501,-0.00978215560996814,0.177781973187221,0.334771330175571,0.248897891693713,0.280925407622125,0.0731541555201126,0.108050781825659,0.119800944791645,0.20287665187864,-0.105806813305817,0.157379549145708,0.0992753544120121,0.175823862914907,0.0699808086298468,-0.0931853353165987,-0.249038921704118,0.20415171988351,0.0241809122646616,0.130471874553538,0.135519252646843,0.163997999015409,-0.110014734035654,-0.0316763896388009,-0.172778718706068,-0.167042745673359,-0.112730426763552,0.260716718020366,0.288960726155842,0.126843373723326,0.0707104623620834,0.110414397512219,0.124322549098888,-0.129509207913801,0.0835655140374194,-0.00347992538103854,0.0953408081671281,-0.289302623670737,-0.255079091672753,-0.43880686214682,-0.0866233430709669,-0.229894038245927,-0.146892913059142,-0.148732528921083,-0.0847772554898879,-0.0530068867847732,0.00846711335124664,-0.168766323447132,-0.0291761108598751,-0.0285907708502516,-0.0850802329010658,0.00124692265146972,-0.160948025497875,-0.283026063441801,-0.134017774280935,-0.149906314733737,-0.361888424927475,-0.0691076002164607,-0.0162875542854735,-0.0280740417561754,-0.0730465658012049,-0.205808464924574,0.281031040673764,0.237268631762584
"叔父-侄女",-0.106381027430895,-0.248023212099497,-0.083027854013495,-0.289990062096356,-0.161162086577074,0.12639080657214,0.125577736455358,0.15210256616531,0.0983061881501694,0.259794864735214,0.164427173321837,0.13902129175196,0.0600053305038301,-0.0316675030851575,-0.0144649540546111,0.0402885079597854,-0.223831267136849,0.197922168641537,-0.0241404617561858,0.0302643833125014,-0.0385739351926098,-0.0023982127635476,0.0518599185880782,-0.184626128754503,-0.00562280772446369,0.14860815316504,0.0950088227814777,0.288040710120823,-0.0516098887763844,0.172826007347479,0.509778874365033,1,0.426406122243302,0.437147955123749,0.0838142503538022,0.208774529285311,0.239174876813449,0.100867485619164,-0.225774604475611,0.00577488921661546,-0.348291518960041,-0.278329705825158,-0.241822215694688,-0.391869659165578,-0.284628497883158,-0.272502011583509,-0.0645151309844907,-0.332408772993554,-0.297787572569527,-0.122269444720231,-0.13206064668203,-0.0710113952063093,0.0693921339852193,0.304644013074138,0.0287761628159457,0.14747573020464,0.0967914802005711,0.27467534134893,0.0275560220452489,0.115620455178708,0.0336975001653642,0.0298778774698498,-0.0728698653820217,-0.0939883718744766,0.158338031692966,-0.181988374373975,0.108546530788826,0.175372723204821,-0.0709488172497831,0.0701941006990043,-0.3281695758925,-0.326034947143877,-0.195402252372381,-0.235416161989522,-0.287121091290289,-0.265348228313447,-0.226411876961525,-0.000761288274330738,-0.199689515272193,-0.178511945675358,0.307176474148353,0.128581868871626,0.222574095749648,0.35335182679679,0.239577696143655,-0.0670088342050151,0.114659469743876,0.377541213466963,0.0169817314819085,0.241546989022158,0.0256777144525398,-0.100842064758205,-0.0925975822241536,-0.294341819068074,0.226672683049266,-0.249795718352055,-0.0300729432916164,-0.13312716112086,0.156168500315227,-0.309538332129299,-0.268035508165299,-0.0237296161841223,-0.242933072270748,-0.383653451035283,-0.228581319945572,-0.114917159839779,0.191564584730128,0.0787416754470261,0.121642835587298,0.312005990591428,0.0445926393229688,-0.0336257936538322,0.245195270381745,0.268690069914638,0.0665786908209001,-0.247577006251437,-0.30473261904994,-0.185231446673956,0.114847418435172,0.0746666004403397,0.131757277924565,0.268287857003172,-0.103024949378362,0.162428584886312,0.271691532486137,-0.287730832941066,-0.0903776377287487,-0.146284552030279,-0.191702300523313,-0.0307959220796447,-0.361453809226279,-0.125767906896597,-0.273721882114267,-0.0207190056140019,-0.399090863170469,-0.0109331827305721,-0.0421935287285393,0.111982895970534,0.115193422133835,0.062405536720458,0.122446685469208,0.404609263830079
"叔母-侄子",-0.0505918458572307,-0.117371980980198,-0.00507407268944342,-0.0540084537581893,-0.160185430802399,-0.160578356684143,-0.221983836774544,-0.120296201683571,-0.208819942533292,-0.0583564331088721,0.046603002156141,0.0217303813742899,0.0876101040398534,-0.100761649680915,0.00242508426046382,0.0959540032343265,-0.0502053508075142,0.0171867118052287,-0.0474744433725552,0.0269829576074353,-0.0439006300875372,-0.115813145773964,-0.160001077705882,-0.142048302015645,0.0322087876323565,0.0179497297433989,0.157208294636996,0.212112355361076,-0.00799860504995742,0.112216554630596,0.471790404692768,0.426406122243302,1,0.421154499227054,0.489172220155274,0.278287640328725,0.371113166285977,0.196886316916581,0.116424047843891,0.170681451124678,-0.0370657718878729,-0.0493441037678283,-0.019407162690851,-0.0939770975876681,-0.0657357907593555,-0.0394173296029731,-0.0220987533190651,-0.148097254508182,-0.0563892750776335,-0.0559774667969332,0.0270027956226669,-0.017798948872201,0.184380986294829,0.155810036293318,-0.129051439610096,0.155104958292398,0.157039348253022,0.119845332608635,0.22812834452309,0.116891056298647,0.182061524494132,0.264166616860655,0.286295221600658,0.126355521787043,0.13293481935079,-0.108946596863422,0.116952535318932,-0.000504249354964395,-0.0616433250993997,-0.0493022497256453,-0.0856738207200272,-0.00326142904557038,-0.00785371385896321,0.0854743017375015,-0.00701265845359015,-0.00941134603862428,-0.0875237481883743,0.109724273470146,-0.00499275497530161,0.0413809208101423,0.12526220403086,0.233250530587902,0.2823635390201,0.151258100318125,-0.0797327302118333,-0.185239736896878,-0.129142274316074,0.03321865617352,-0.201832666039751,-0.0201634843916512,-0.0370247868613765,-0.0392613259755727,-0.102334637586067,-0.205100427541533,-0.195502044234973,-0.0780639001343329,-0.0396831536622426,0.0199315580221827,0.037057939084428,0.110714299333993,-0.0689932297767157,-0.00530039020097764,-0.164844241538188,-0.167495594518344,0.0159901348533858,0.171605295672817,0.276026925908924,0.202979530451957,0.21594177489405,0.216843714482504,0.218681202461457,0.0452405786190123,0.1703702566106,0.181453235170779,0.2695420464514,-0.166031895688851,-0.200685343404592,-0.239602845545582,-0.109702289779569,-0.113244186476497,-0.194513060691645,-0.147358962084722,-0.188152570247105,-0.0841655133944687,-0.00663672659816579,-0.180787646051905,-0.253876362365925,-0.302401564534163,-0.107985118798805,-0.00792969627197643,-0.353933065730071,-0.246406242374838,-0.17345642564135,-0.22292515763325,-0.372687559669239,-0.159595368063216,-0.116087643567883,-0.0254979897431997,-0.0893477899636783,-0.207293875545683,0.12419712200183,0.0910912453034612
"叔母-侄女",-0.168457223992712,-0.243759189583875,-0.0416062099527233,-0.14118282348304,0.0137641395191782,-0.21071293908663,-0.253966254902664,-0.135974967160804,-0.191456259970331,-0.0368443705115671,-0.0315002959261392,0.00956303552840304,0.331347985998052,-0.269008519570996,0.0145672127348316,-0.106078438152826,0.0692684134939283,-0.0716590952095668,0.0155506719833998,0.000498035734579674,-0.112605086666563,-0.266238291100315,-0.0989468743035295,-0.347451660583334,0.0555884829105298,0.0313235630726158,0.0036340251527288,0.297780276393902,0.117596779379157,0.34191872439477,0.166893202220237,0.437147955123749,0.421154499227054,1,0.250471322157443,0.136249416674076,0.0954042540759757,0.261145142739372,-0.132378829657337,0.144338651961883,-0.228503623910457,0.269572739569769,0.106657524891109,0.0140181444240315,-0.0814753935959921,0.0163386323840767,-0.160247655174559,-0.151433329836541,-0.00498294969587729,0.145101433266208,-0.00178740061951417,0.0823153845582865,0.05159196520092,0.136012076797438,-0.0377509272417042,0.106519485618814,0.0761661481919593,0.250785159929238,0.146764226551195,0.312163851498137,0.206492534324529,0.342785831050195,0.254029301913057,0.267971352356443,0.368715212833076,-0.115151568705485,-0.0782713607424291,-0.0720409932022141,-0.199983452648931,-0.129347164265232,-0.398801082044655,-0.292547152506278,-0.335062538861235,-0.204287330814776,-0.176194868011871,-0.00788228968872112,-0.0396093055544856,-0.107880318307571,-0.144231444535944,-0.131807493245925,0.18036196027725,0.25449824606873,0.105004858660643,0.0898431431180709,0.0804328859529046,-0.137491390685915,0.11274306007491,0.123916949742425,-0.291306352564188,0.00858115939578214,-0.253449701234895,-0.0154043885481862,-0.175811325907647,-0.168747275186148,0.117551213163569,-0.323447370997413,-0.09522484725094,-0.211394204998628,0.0474667943787928,-0.253635063657685,-0.257668873534943,0.0395930429274262,-0.0828001468747015,0.0522600783561982,-0.0873743025373579,0.126228387308177,0.193628645185007,0.251451302186674,0.401474068804797,0.406578358357793,0.237545549211022,0.172143309388946,0.314618620917389,0.26712349270351,0.0666744517914196,-0.275007539653541,-0.0917653563123156,0.0382730889542307,-0.19997737453064,-0.15857768733688,-0.124907345283898,0.11750001174262,-0.337457632010783,-0.00824159518073836,0.132859174663251,-0.0374885724222214,-0.0455874991367831,-0.0603723576709637,-0.0309468714117538,0.246168482187672,-0.364013648327934,-0.199568981805998,-0.0822449018754429,-0.142619584713262,-0.297538863867286,0.0866634789082106,-0.191188636019864,-0.0697855929556295,-0.0422003089229255,0.0141089682880532,0.301169663161234,0.306677374796274
"姑父-侄子",-0.451316854993197,-0.265171456502592,-0.324510723675629,-0.124863672979688,-0.425182951292917,-0.456343415152828,-0.517078203683451,-0.458479782958374,-0.454784853085991,-0.419673323890673,-0.176907273104674,-0.261191263022453,-0.0655694956911179,-0.231912316726483,-0.251211441228985,-0.251477408190314,-0.124038350244078,-0.0628918506559929,-0.0244873053273072,0.0422888491774296,0.0114810109110109,-0.311459341228917,-0.247432551592999,0.114605218324441,-0.0690198023718459,-0.123303354156449,0.508259055812114,0.314472411506964,0.240240861667986,0.140831219373298,0.477340838926946,0.0838142503538022,0.489172220155274,0.250471322157443,1,0.327257495491757,0.233697285789403,0.135505077016586,0.338376873570144,-0.123305251431997,0.0523940454711211,0.14547017471681,0.239538202273448,0.145994258312897,0.0845768267536174,0.22073523472885,0.0214507339378663,0.190215959368365,0.31553654568007,0.261424398297453,0.0568116924630391,0.179353141511983,0.147274045979957,-0.0314132755417125,-0.0195630776609059,0.202039036603653,0.240568204482024,-0.0687128024069389,0.0657121629178106,0.186499868978497,0.42514325855699,0.429326023714577,0.587337744804472,0.268626853372319,0.305904887304165,0.151956347454262,-0.207421301068278,-0.276690101848889,-0.151444253152378,-0.417285978484349,-0.0363365031249285,0.165084189566761,-0.0116930569397448,0.192017651453284,0.0462676280663817,0.402780327333315,0.300663418946348,0.115435883878372,-0.0402691791684486,0.365123303870963,-0.0374715562050292,0.37571661724681,0.0194514337467211,0.0614657233318092,-0.150351329416545,0.204134535569215,0.00938988441149971,-0.00584030957139295,-0.185349733943509,0.0565313573410284,-0.143997031132278,0.243579764396649,0.131140273454754,0.213468395937062,-0.421903648172351,0.200212741836972,0.141188373790591,0.238433513635092,0.195672535520407,0.35212592788078,-0.00434960258145874,0.283944971726985,0.183035540557342,0.213458703923279,0.283222849615387,0.422217208511756,0.29840185042921,0.282144558704683,0.251692197000442,0.176783083672327,-0.0116608610383119,-0.0581841172254049,-0.134385697661875,-0.184819511805133,0.106756277485117,-0.111570945565329,-0.0291118387118308,-0.119785317416817,-0.476579994815591,-0.47542588399153,-0.490804686048073,-0.434087703917773,-0.207434735349908,-0.212187095773439,-0.249902930568587,-0.0085835616757567,-0.0277332264618387,-0.0597708420582839,0.0456615988235505,0.0828804457340985,-0.26401206942938,-0.329819313064936,0.0140444509149542,-0.373053142361408,-0.253118012803413,-0.174612027624033,-0.108318554446081,-0.0327421006092084,-0.0760479330572277,-0.201792147449531,0.224310943008049,-0.149061664675205
"姑父-侄女",-0.0782725523842979,-0.0679463357861635,0.0532312048995819,0.00305692962460212,-0.171995811041452,-0.262330019726684,-0.24992354050705,-0.120767109032805,-0.177809393102864,-0.157746154659816,0.22011752180066,0.0756589005641125,0.0881496431807362,0.0921513557981016,0.191871798445418,0.243620037340104,-0.0165149480110819,0.0212412448426705,0.100642043702992,0.137920809748695,0.22532896184258,0.000141526181473054,0.0878459144435647,0.147257430274806,0.0566213517480652,-0.0121640389837769,0.142650566016329,0.175043253907124,0.0447002994458052,0.144291014742218,0.227999031908628,0.208774529285311,0.278287640328725,0.136249416674076,0.327257495491757,1,0.317383561717262,0.391490960189167,0.125224924485933,0.271836191033475,0.18280859338199,0.0456716026838571,0.0930441461198359,0.0091852350642551,0.256489414254134,0.201202068470931,0.0222542189312145,-0.0595484245519856,0.046877407347032,0.142329155638608,0.133760824304959,-0.128500091864647,0.246520176653538,0.294621058703607,-0.19368235440481,-0.00689205255470781,0.187995325510565,0.0506222161710035,0.0419279210842256,-0.0493316207152846,0.172915017544137,0.14237974939463,-0.0189055271875544,0.117093188636508,-0.0489533087852927,0.0250916335882826,-0.00943329752623035,0.0195905756304047,-0.03616920264476,-0.0211506435644204,0.243875443672191,0.075631135014569,0.235232361762919,0.306181616652959,0.183939714369826,-0.0418000380861909,-0.00775296493517812,0.13347608966017,0.0407063215122678,0.0497054811477622,-0.110353226028722,0.196348789399712,-0.0858664086934781,0.017344235077355,-0.110667370142362,0.146259892902764,-0.0784359388556587,-0.0645313872894253,-0.203337152860764,-0.225853133870012,0.101713932240083,0.151997694512801,-0.0762953585363135,-0.181097496293516,-0.00512574132599558,0.148048766685598,0.115840590168772,0.21390107550255,0.22076603764592,0.152799560459392,0.143292703674387,-0.0312522630182355,-0.158066819534156,-0.229545680150713,-0.0818280889034609,0.0258902910881429,-0.14055234947882,-0.133743306428206,-0.200146993164347,-0.116904838392349,-0.0311771467893383,-0.18029641014449,-0.0976071122685389,-0.087580926950378,-0.0881217924996132,-0.13881693701038,-0.174525890881061,-0.174152002007506,-0.177776239248572,-0.148895977145864,-0.151232071682461,-0.0859768079575961,-0.264473200998708,-0.0598576676626461,-0.0400361689885713,-0.0628472776854999,-0.14096050616798,-0.112995433486345,-0.0134768565682426,-0.130272114797387,-0.206838798243876,-0.0483744932767309,-0.0289061274168247,-0.0348513561776297,-0.36087154732534,-0.227870177606156,-0.137378194385532,-0.213761698391777,-0.29431677047842,-0.289412989763136,-0.0916403068011045,-0.0548256100306855
"姑母-侄子",0.0586828106357746,0.0589850350929571,0.0900775280809573,0.0860203962319423,-0.108297543357185,-0.0807507173214724,-0.166830391484282,-0.139084400755087,-0.126411859019508,-0.0146352508097626,0.357820350913469,0.306509562767483,0.358141171331771,0.11323758333255,0.34798282036956,0.379522207429285,0.164203822840508,0.29215536910797,0.197948313108286,0.224778790745922,0.13853380320577,0.0579737419253511,0.0513010908013689,0.0619355841924577,0.013117276270776,0.0937322343606649,0.163751725546712,0.087288426516088,-0.128426716878542,0.0302763244904191,0.375635406678503,0.239174876813449,0.371113166285977,0.0954042540759757,0.233697285789403,0.317383561717262,1,0.525578610112429,0.452690491392708,0.300926108318663,0.209622520130189,0.030056953817246,0.114514473502136,-0.160883871182002,0.082144330619867,0.257354124774467,0.199615308087979,0.0835766614876523,0.0234115964687328,0.0323662681772791,0.0286487520614621,-0.274393101208899,-0.12931847077877,-0.0412594586474886,-0.202173773472016,-0.0318166146922075,-0.0942878453194465,-0.201475214963572,0.118376465617384,-0.321953927261091,-0.210527750031867,-0.1224176193578,-0.231143391892638,-0.0996146552730916,-0.200051740285542,-0.0485642585327693,0.128813151820399,0.0876478071079192,-0.0609841331524938,-0.108389169992259,0.108229959752502,0.000595484791006901,0.139387418554179,0.15703295268871,-0.0805013061497105,0.101904202648157,0.046167095293004,0.273804352628747,0.130021500798611,0.128783007796487,-0.040775934204977,-0.0902299966704404,0.134567569490399,-0.110467613090558,-0.31186258778202,-0.193339108063676,-0.420634281132754,0.0209070153441177,-0.186219511666329,-0.183673254464718,0.465279516844155,0.325386821059519,0.152632712460102,-0.123980726005895,-0.0682902017082504,0.247205525078834,0.282904828460222,0.160477784006381,0.0954680880706031,0.251769294714797,0.232166886359535,0.0966207398877068,-0.156304776807694,-0.152772772505931,-0.101920857973142,-0.237513391240522,-0.219582239665844,-0.333442328814561,-0.106598904540867,-0.211539658364232,0.0590245729465165,-0.207525612547768,0.0315022354451153,0.041904729411887,0.0222821023874805,0.00107850705418719,-0.107550623912309,-0.181888660469036,0.14038114652305,0.0706957694715379,0.0652269647722059,-0.0736399137463322,0.0234321299980636,-0.00550035419145207,-0.030886817052477,-0.0749772077663947,-0.179699529877788,-0.112457142520822,-0.137842536996815,-0.127484545976884,-0.280435257487521,-0.257915195522116,-0.427828870517781,-0.250864979627533,-0.29042661136777,-0.310012895193276,-0.364025429913146,-0.225794916426348,-0.379503673195048,-0.455962767091654,-0.11775038634348,-0.0855955303260816
"姑母-侄女",0.0745021791761467,-0.00448655193079876,0.111617610567314,0.126252341255049,0.141138261589722,-0.0399106902195549,-0.123766078293712,0.00429971147112594,-0.0173478392692517,-0.129443541212264,0.262315266834305,0.319598944119819,0.482949173138942,0.0468392195386636,0.331357218969453,0.272317303223106,0.383954930183027,0.207629379127957,0.258313409817281,0.210783778251946,0.0309970159008666,-0.037985492616734,0.133496473918844,-0.112756447819205,0.147818262654733,-0.0165195784058447,-0.00175138137957308,0.13500137175303,-0.0904538568302889,0.257532996858216,0.0156452940320485,0.100867485619164,0.196886316916581,0.261145142739372,0.135505077016586,0.391490960189167,0.525578610112429,1,0.241452585165713,0.41320903283106,0.153994730742135,0.263097779564716,0.152255359392234,0.015843904938072,0.0369437618722294,0.377338947054563,0.0296233248757041,-0.0250733338445378,0.0104888252699664,0.0781967727343101,-0.0725067218056072,-0.195609526911548,-0.0613183801458961,0.0496687801308449,-0.198617381716491,-0.176109833214571,-0.0278172232358,-0.0197418027090719,-0.135285799711319,-0.263357352312271,-0.237094548801038,-0.0596692240934085,-0.213042466986464,-0.0617790748617762,-0.15725401638943,-0.0812508552992637,0.0359557017311489,-0.0340696159319385,-0.104578366112449,-0.0168726130478034,0.119428723820543,0.0805158626377929,0.0568214644897893,0.181761621242435,-0.0503474872508277,-0.0617208251209327,-0.0452206508478296,0.100781129892095,0.146126898378381,0.0466176200466024,-0.0315586081619324,-0.23305476193104,0.0249317594370961,-0.222076059436586,-0.242741304210505,-0.21370312377774,-0.315265222327287,-0.048115027493637,-0.359485376423304,-0.300214275150089,0.171542094033508,0.0692132822305005,-0.0365603592736008,-0.215011057568031,0.00424699378518545,-0.0494173952820101,0.1086373054217,0.0470079055899739,0.0734439496306202,0.0841213718092441,0.0803096725385586,0.0914697690446755,-0.21392251370977,-0.0815568761987816,-0.109981451805809,-0.232476281749681,-0.192041978402176,-0.139813344729427,-0.0928621532170699,-0.0970113066849308,-0.0286663025055102,-0.116997127765863,0.0519028315355028,0.272901890409469,0.0771113132870354,-0.0980754991458196,-0.148488826255842,-0.0668007482152403,0.111070858716087,0.0932395889614336,0.0618275270728999,0.0204420530168753,-0.0533554335676579,-0.116362346548723,0.0593910149513041,-0.112275467119254,-0.0217114021181945,-0.0504051535476706,-0.0362754503358186,0.0210114860649713,-0.245960177211863,-0.0663289160429549,-0.23285322840013,-0.0915177414874584,-0.0954971959476156,-0.0935521947455826,-0.202922464356618,-0.161155934321675,-0.29874159946855,-0.266611176646913,-0.143431944999466,-0.100606378095226
"舅父-外甥",-0.0415537462910494,0.24635900886467,0.0413017970199355,0.311780345503659,-0.0496334018034041,-0.413452454431081,-0.446757215186362,-0.40842900664135,-0.448146033434919,-0.431563668086778,0.00248712944382586,0.011017383191656,0.16534537029286,0.0156845159285423,0.193858626869703,0.0432615603542052,0.185793709720682,-0.113412413305444,-0.018827385079071,0.0826770853853885,-0.0699955866725014,-0.19107793552795,-0.22864507634016,0.102710908615549,-0.17821371076515,-0.131709710109602,0.141773978899046,0.110145580895126,-0.130259746806629,-0.104189631837943,0.0849428727321197,-0.225774604475611,0.116424047843891,-0.132378829657337,0.338376873570144,0.125224924485933,0.452690491392708,0.241452585165713,1,0.367665169827326,0.566562772416034,0.302276027413085,0.563683512891976,0.361233621114097,0.459716501871493,0.493280934211921,0.256060242358497,0.387566420096096,0.367412866931605,0.215114805137564,0.0743051356006288,0.0141166700565771,0.0175963229046641,-0.227999490757853,-0.11357042855494,-0.101492017140925,-0.154065460532946,-0.465845934444545,0.182549767096945,-0.229645844013013,-0.0330525222486861,-0.0571005194552634,0.0525115949223709,0.0641280481205412,-0.231790029175804,0.199396465200056,-0.0323972895937932,-0.0927132286378075,0.12196428327433,-0.212506687473844,0.246698489375639,0.297021006268051,0.218607059392986,0.437947573711502,0.107028933466144,0.470257480426685,0.382543217372592,0.319052189134665,0.334572071559504,0.538277189207556,-0.325265347842723,-0.0546168980433552,-0.114846713546558,-0.362965918440236,-0.420176956370024,-0.00618517689873681,-0.415528881371838,-0.29997127937638,-0.240319607809781,-0.217484304988019,0.200508821827399,0.378742228712347,0.296517549220952,0.356733993617386,-0.32063301081407,0.367804071872738,0.334504790359915,0.254746786144979,0.0212571254036158,0.478381786942954,0.422838264270226,0.209573037358573,0.057614746147391,0.249417226126837,0.326459384605937,-0.0222034577243304,-0.23947012704682,-0.122269810762063,-0.140948548291266,-0.341643410781631,-0.0161088224371528,0.0236074915678574,-0.214648162522884,-0.275388118596352,-0.0449621987878668,0.120587493568401,0.110415009440094,0.0820618979428383,-0.249193782663139,-0.134968184327583,-0.317179916152108,-0.244805786396196,0.106754322451076,0.135630793278831,-0.331872890183677,0.253215648346795,-0.159000025670291,-0.027298836271116,-0.138988802008265,-0.0760909043200132,-0.220888887473093,-0.344988521373149,-0.0937466793262442,-0.31730083756002,-0.173863197239748,-0.354121522265918,-0.336376873906003,-0.253283553098109,-0.402461868538169,-0.394279531422722,-0.0508695745831439,-0.44923141386804
"舅父-外甥女",0.271695836518649,0.285786107301285,0.398221356906593,0.324352244607343,0.28400721300133,-0.194925776264608,-0.196591811421926,-0.051936470805309,-0.187424066256029,-0.23242028030633,0.195193604563801,0.304546488528046,0.42011017870423,0.044254919464262,0.534701136344664,0.278890107201083,0.276640313965637,-0.105129740093487,0.149507764357817,0.11464654287233,-0.159132627239019,-0.17614524300722,-0.114117027966149,-0.27245419493184,-0.0691087838659047,-0.0782498387900313,-0.269549204196419,0.0556629924681273,-0.291864123130369,-0.125201990259294,-0.150794923950255,0.00577488921661546,0.170681451124678,0.144338651961883,-0.123305251431997,0.271836191033475,0.300926108318663,0.41320903283106,0.367665169827326,1,0.409103652934913,0.245521887377119,0.287295731160046,0.261324391054041,0.256188640702946,0.366006792791425,0.131777721739346,-0.00418309017717633,0.00858172216436431,-0.0171918732445696,-0.00998863422691157,-0.170182594933226,0.136267320108085,0.18243296209548,-0.280032173517322,-0.195414515158568,-0.137527514879398,-0.140640291707064,0.133117348072937,-0.148193717095335,-0.245100977274827,-0.137363992902785,-0.262795676845135,0.0375365278877822,-0.286099963523193,0.028700182882866,0.0911007367255221,0.164386029640281,0.168535613129922,0.188154816717831,0.0668962511481988,0.190845292804409,0.077088285563263,0.317683186689038,-0.00639198297743194,0.029819586168726,0.00874906694879429,0.319720777791415,0.397512840663237,0.150202328850103,-0.125766970367123,-0.237875979056849,-0.0281342627268299,-0.341241943593016,-0.335732557130646,-0.304115041091643,-0.377227163120644,-0.312484422081554,-0.411065782608403,-0.396068643414877,0.158822155028138,0.00348191791799932,-0.0888333273633197,-0.0914181696502696,0.0638798494681655,-0.111326718229247,0.124063190644962,-0.0499340306033723,0.0442907173671296,0.0345919913630508,0.199653824625658,0.030679580124862,-0.277974148835922,-0.0511977787780425,0.0459274301067427,-0.292654402355851,-0.376809545323396,-0.129128292315909,-0.122716697881893,-0.213580005367771,0.0906791919589273,0.190089555861139,0.0478625002073061,0.0636171832130388,0.0262026055252605,0.0977175064090049,0.0519897262130087,0.113370953896055,-0.00436548193985355,0.209125801924273,0.0234801971628528,0.197054253299821,0.0412540212142664,0.291815341965426,0.0368827721883392,0.100861770796919,-0.236792278279089,-0.119630034617297,-0.177183614843895,-0.068927782042122,-0.237498857782153,-0.084622923127577,-0.0560879279999254,0.0750688660460889,-0.200455462294372,-0.252620019837462,-0.350696698224702,-0.167791615200552,-0.382882810833562,-0.232295708939034,-0.150295230254051,-0.141222020239613
"舅母-外甥",0.203030280781246,0.354408111540291,0.234220933265456,0.293406919761404,0.139200697857483,-0.252655469091207,-0.2147789831206,-0.161855188924006,-0.207277549354307,-0.312468196750352,-0.0945931887426188,0.0884909319280201,0.0287154568754995,0.0901931285073148,0.22399752571901,0.248916708901115,0.230327713491354,-0.20860644377849,0.0914750330640953,-0.0428410576400858,-0.0729408555556539,-0.14005723475376,-0.273348370289845,0.0486005888320762,-0.155732019292241,-0.40145206676023,-0.224949870973878,-0.20948997253656,-0.228849625137266,-0.336252218183813,-0.251757779940509,-0.348291518960041,-0.0370657718878729,-0.228503623910457,0.0523940454711211,0.18280859338199,0.209622520130189,0.153994730742135,0.566562772416034,0.409103652934913,1,0.401301121351612,0.587910846812714,0.441481579333797,0.655727372651105,0.548812509381256,0.428048437836152,0.364099776421989,0.272005917141603,0.199820400120867,0.0567357675665183,-0.164207284600654,0.0273213987145347,0.0144079867785101,-0.133907180008029,0.0321036623781038,-0.0721546225024482,-0.333052391523272,0.21393908016613,-0.26301126603265,-0.0994642433965679,-0.0606708036925862,-0.1945304494922,0.0894328137477977,-0.397683007118224,0.218476207309696,0.0810848203618952,-0.0540777984593148,0.314379362106341,0.0215945413244112,0.424356448243533,0.469454002722713,0.380346543381095,0.583156146305959,0.394586012784822,0.324020191885611,0.305659401735815,0.350740682761766,0.46201841810808,0.371443189692288,-0.373058062197476,-0.120669488991321,-0.239226967804309,-0.527498393805526,-0.503067125568891,-0.200745488561853,-0.4967266132183,-0.45981391291136,-0.109394730715877,-0.383856884340196,0.368981319449973,0.251282501391535,0.236553456313438,0.294646631673437,-0.0700057456044749,0.18592871394695,0.284541058378353,0.125698351704303,0.0356363972224713,0.278456281882225,0.684087218235628,0.133561790142832,0.0177070801219798,0.0237334607031404,0.209773419619417,-0.253716375592352,-0.482158843853523,-0.349029965876332,-0.377226620413602,-0.474878078006427,-0.128473062750909,-0.0014368726975179,-0.280167882576059,-0.286828907735688,-0.0401146330117161,0.29792522436018,0.191323233036395,0.157015379676578,-0.0706819347507443,0.0892069656547403,-0.156245951558771,-0.333621033932553,-0.0362501820318543,0.015027394433038,-0.407178033939627,0.103293012146783,-0.197149104542164,-0.0795375275481524,-0.159505470335468,-0.205617299821724,-0.0200199740329297,-0.113641620366666,-0.0194850421505071,-0.0928737323281499,0.0826025152505383,-0.237814514816402,-0.251083601535453,-0.195542719676921,-0.344354592715229,-0.338892553699544,-0.333418283538424,-0.457966816835284
"舅母-外甥女",-0.138608935643331,0.0595224537806351,0.0633775478845813,0.160556601373157,0.143902431973133,-0.338584924220993,-0.235674766907161,-0.211137084584742,-0.224754243030508,-0.271050740690212,-0.15293165828673,0.00368390827573403,0.256963712669276,-0.144085279214391,0.0639985852462806,-0.131931776233908,0.336677133869864,-0.22146521949331,0.0251598373515818,0.0156376143157923,-0.0668419123171931,-0.182596930681296,-0.0664864298418676,-0.109187362924264,0.00776604938527122,-0.289280300708312,-0.0453808415645228,0.0479254353112464,0.128932605493126,0.110161791348264,-0.213932726784998,-0.278329705825158,-0.0493441037678283,0.269572739569769,0.14547017471681,0.0456716026838571,0.030056953817246,0.263097779564716,0.302276027413085,0.245521887377119,0.401301121351612,1,0.471042869553414,0.637517175746432,0.400901693608782,0.564575239294131,-0.0965869374791079,0.275513372301136,0.347682412484183,0.174892818894931,0.0555557133803335,0.17830832545748,-0.0437366005967268,-0.230998404119114,-0.0712925444594395,-0.109231137090066,0.0441090992731938,-0.0931216483922942,-0.0475112983753347,0.142063255988403,0.0705047277074473,0.174341077315884,0.169196888485367,0.295233198900406,0.0600489274838644,0.0166722337604579,-0.157049358735547,-0.230659333972524,-0.132969924963171,-0.251264313639883,0.19243915819927,0.18665124606662,0.120061773922165,0.198734589582848,0.149975558073429,0.274837213203966,0.242610966792343,-0.00216396980275532,0.0244140366404666,0.153178997210358,-0.321509932902983,0.081937199343939,-0.33311668767391,-0.355203300048021,-0.103750522174506,-0.0544579104050874,-0.0293406607606313,-0.223948952776891,-0.305588538188579,-0.335255498931355,-0.141816268660108,0.251433043413652,-0.0201760172280571,0.0744873063313417,-0.191511542189096,-0.0106911687591483,0.147201399972986,0.10081704101483,-0.0936057155119556,0.215513698543485,0.165020629966945,0.127499891112775,0.139474681828821,0.446079858659181,0.164319764827419,0.0475024620111165,-0.104372898096931,0.0602189604208755,0.0679172991072783,-0.152495645668051,-0.0602907536070338,0.122902189159495,-0.0193624628142114,-0.106831642505783,-0.267489886276018,-0.0578698674703419,0.110438151791354,0.0587897846719109,-0.205202214152196,-0.173410320342326,-0.206630153379974,-0.206162528783721,-0.258201433562831,-0.163075115352338,-0.251567950483829,0.134242270889651,0.0832821652127497,0.121797665341728,0.0460135612669059,0.057106893268116,-0.0537914835601517,-0.152356805250414,0.0988957726847162,-0.188120046504339,0.0450980675257689,-0.0493628856545097,-0.110718031776397,-0.259296361744232,-0.226547179776834,-0.159661686596242,-0.0261423823027873,-0.261232292235699
"姨父-外甥",-0.00707476267666247,0.230314430078139,0.112439903633754,0.259765623925646,0.080836931775015,-0.393621491007643,-0.350542337319621,-0.277078140016648,-0.350662818407315,-0.421780135365374,-0.221276289871973,-0.103818358529408,0.0952848943624501,-0.110544604776182,0.0941661486277344,-0.0899416518898515,0.182978635901892,-0.296977983843616,0.0181360952491909,-0.103301623126111,-0.159956202947309,-0.316171962867463,-0.311814035697443,-0.0629343291467335,-0.19670115559827,-0.337531077361158,-0.00358855302485205,-0.0157024037137969,-0.0418116207273954,-0.0955458999096273,-0.190666195868504,-0.241822215694688,-0.019407162690851,0.106657524891109,0.239538202273448,0.0930441461198359,0.114514473502136,0.152255359392234,0.563683512891976,0.287295731160046,0.587910846812714,0.471042869553414,1,0.517940375972335,0.565355404404726,0.514073706199719,0.249233299847026,0.354593733544198,0.384981743184682,0.354009365774341,0.040876101012591,0.00828233975216193,0.0336580241091497,-0.0998184487425248,-0.0406718610215925,-0.102185854453675,-0.216121354692135,-0.353038953057369,0.124789200965904,-0.102577474107771,0.0149081359035726,0.0252868854359811,0.0543006346472414,0.204241560029425,-0.113441233151531,0.1580430658989,-0.146089329022532,-0.178013895570603,0.167273518498882,-0.171536215972115,0.187142712903173,0.276473910528861,0.163011867003492,0.40826778192916,0.271216377522263,0.447941407947921,0.375844994054229,0.273714974763924,0.339125488036108,0.373919228285137,-0.312571942987807,0.000296562314450638,-0.332680386726423,-0.39210601156152,-0.378801043684274,-0.0602778264394114,-0.305713021298308,-0.366346247540909,-0.225187997445546,-0.253972490581845,0.0600375844584651,0.32262109031652,0.128987461199518,0.343968407328988,-0.108371322565412,0.0766616599314927,0.247838619166162,0.100005460615321,0.0674380014886173,0.232427438868141,0.412515930620918,0.23849729005873,0.156457376745637,0.287564222048252,0.39727257697342,-0.0761186718504549,-0.340800765466049,-0.107615942693242,-0.141774519855945,-0.226910801021768,0.0693499178443543,0.215447474148446,-0.14281922277764,-0.217160732549212,-0.146554284849881,0.243279036188959,0.257894673908157,0.284612425598508,-0.322210851529839,-0.136038207934261,-0.28599611262552,-0.273124528990353,-0.138469276488747,0.0237979304304825,-0.319382119822704,0.174349088330434,-0.101487094194667,-0.02887293139499,-0.0842505399921355,0.0753670584056363,-0.107660280566585,-0.231394380780099,0.0606543081623009,-0.194550845947891,-0.0313795833268353,-0.239412662356988,-0.30220998506644,-0.251262636088278,-0.296196164737223,-0.201622655975994,-0.0770068096623678,-0.387646761932827
"姨父-外甥女",0.0642798205917562,0.386662607846783,0.290742582805499,0.462808803416991,0.30534878955129,-0.467387275412121,-0.278293443538192,-0.271216994972493,-0.303961257343583,-0.498563791549477,-0.219306713224341,-0.162529639390556,0.113209074164221,-0.069941742656197,0.130002402720682,-0.120033737568862,0.305970053626339,-0.511279764707796,-0.0531474488321971,-0.102926667237862,-0.0369689782315101,-0.218093395968189,-0.130757689514501,0.0301568570955806,-0.0662440053844408,-0.338383773848896,-0.0276541447979262,0.106130354300327,-0.0535444562067244,-0.0396164656116587,-0.265622666076224,-0.391869659165578,-0.0939770975876681,0.0140181444240315,0.145994258312897,0.0091852350642551,-0.160883871182002,0.015843904938072,0.361233621114097,0.261324391054041,0.441481579333797,0.637517175746432,0.517940375972335,1,0.547947099907466,0.523121501939969,0.0479652319821525,0.478984179281249,0.578035432568082,0.331459866951283,-0.00318565650575125,0.225790974655357,0.13169908670754,-0.156071013150396,-0.136465515545265,-0.147636758298924,-0.0328682225501637,-0.217115950588186,-0.121320587835708,0.0587541921486994,0.0208351623133506,-0.00803414957788095,0.192430488405616,0.301994665041388,-0.186738965597195,0.155424443477549,-0.245381745807724,-0.255237263054505,0.156644237451793,-0.106945016957112,0.142151506067039,0.304202091580987,0.302443960333502,0.497314788619172,0.326972334038894,0.444840115338055,0.429581136892416,0.173079352445146,0.393618753856484,0.334394111070322,-0.473379788499423,-0.0781854511459398,-0.526490325507953,-0.469452007297967,-0.228149326386158,-0.0184508377919911,-0.164594230134228,-0.561956710220971,-0.330442673743451,-0.472515948932499,-0.20769972879368,0.167199012136579,0.0431112132822704,0.408032106852202,-0.170519626800565,0.123959355286341,0.0663799490013067,0.0224150501572848,-0.286408921753762,0.288006951828983,0.237933295175025,0.0733436768999102,0.13924305705987,0.585274625210817,0.404414654383801,0.10659625245228,-0.249173998494151,0.113601700486487,-0.140924889466754,-0.251956937862021,-0.0500257545103319,0.22890212037068,-0.238370528664438,-0.378607071098631,-0.327339773766235,0.247304963785211,0.313383256058603,0.343647324932136,-0.443805280581089,-0.121613298749412,-0.456245511203628,-0.319390042935332,-0.257432152285133,0.00791686356857928,-0.533185445245425,0.241535612007038,-0.181116343591678,-0.0312187265271344,-0.050544060013383,0.00273037417287791,-0.00411081445035107,-0.0497863292058619,0.318828928740799,-0.0935167383330581,-0.0307817698241277,-0.25061676128032,-0.162346546274737,-0.238076763085368,-0.36590173584094,-0.141330963641467,-0.0901058487478383,-0.566660521412126
"姨母-外甥",0.236590759264319,0.42598362796579,0.390264590352648,0.418824774443059,0.233615382694572,-0.395360498647687,-0.277635645533334,-0.255076463274422,-0.30692464345156,-0.360920962184722,-0.143754906558757,-0.10814222848523,-0.0374109832300913,-0.0365616742940437,0.0923228735015839,0.0574615523342357,0.160040929195905,-0.42154651274188,-0.0630187730041802,-0.230981484844202,0.0421980674054004,-0.0724254768310442,-0.263961117888739,0.0990642558484835,-0.273999837279898,-0.371830700388815,-0.121695701544453,-0.155275969284988,-0.118669000588232,-0.230038378161906,-0.150246856059911,-0.284628497883158,-0.0657357907593555,-0.0814753935959921,0.0845768267536174,0.256489414254134,0.082144330619867,0.0369437618722294,0.459716501871493,0.256188640702946,0.655727372651105,0.400901693608782,0.565355404404726,0.547947099907466,1,0.484323403484742,0.358183954150105,0.484729974164754,0.465754244236297,0.423443832899417,0.113757368569497,-0.0403974588790816,0.0321073583972315,0.0911418931090366,-0.0987873353081625,-0.00960691943520091,-0.125846410114549,-0.219128874208081,0.242128339690398,-0.12905183594847,0.0483100764939782,-0.0232972216074037,-0.0568602921554846,0.239896982403864,-0.357291549507493,0.0833525943987919,-0.0499228878676363,-0.103808116747535,0.270953340358825,-0.0538204072924501,0.252389413992343,0.227993997115447,0.372361101574889,0.514818669407573,0.524309681205361,0.427762126173005,0.464029286627064,0.342150658918147,0.454290737619632,0.365020915591404,-0.472845731172466,0.0896334677636266,-0.453321859381428,-0.46415327043463,-0.412141661216561,-0.147666921628958,-0.388414441841429,-0.587648349568601,-0.116600916072942,-0.354187652313575,0.162309133825697,0.40542159829656,0.154437885083886,0.448811213911589,0.0117318383239753,0.264162772049152,0.174442429780757,0.0393854164866236,-0.0693589694627174,0.278291626475001,0.569878293898818,-0.0521618406358731,-0.0782770388692255,0.0689871598276064,0.216766435431384,-0.166628271623604,-0.489279852486202,-0.311308491980185,-0.408826759486422,-0.409979963000955,-0.04349770329264,0.0422289102150726,-0.299415445083706,-0.430778434368649,-0.279115474576778,0.345028792363036,0.346105104185601,0.269624375635061,-0.238058333188883,-0.00301050335461834,-0.236177054895645,-0.329882502663119,-0.111945599678127,0.0815422811963129,-0.477447881277199,0.126667118363152,-0.174277123852423,-0.0263903883560474,-0.135436586379523,-0.156563812326108,-0.00853620000573358,-0.0501001252508849,0.10673411126965,-0.156997835045218,-0.0750358640430018,-0.350111640428859,-0.322319671906148,-0.322416342756825,-0.468810445547093,-0.277604738676892,-0.181749742805604,-0.500312139663588
"姨母-外甥女",-0.0306116813786164,0.134049576209389,0.053471068125402,0.205292910618921,0.0138538974963684,-0.384417744751173,-0.422044082603258,-0.340386028308617,-0.380140581342654,-0.450804635601681,0.0547346771221137,0.0309320737626424,0.267675110164972,-0.109693292041403,0.167753661443069,0.0868870718879935,0.429071454538812,-0.182315684568752,0.152161061823206,0.00809709700020081,0.0337514780380047,-0.187471878248431,-0.184132585600271,0.0757852604554324,-0.133785512047299,-0.228692488141191,-0.0196627771400314,0.0492942259585028,-0.0998445008627392,-0.0863474976725044,-0.111367356225052,-0.272502011583509,-0.0394173296029731,0.0163386323840767,0.22073523472885,0.201202068470931,0.257354124774467,0.377338947054563,0.493280934211921,0.366006792791425,0.548812509381256,0.564575239294131,0.514073706199719,0.523121501939969,0.484323403484742,1,0.115407602934047,0.379645308579075,0.349321352260463,0.305320780123347,0.00152679372261814,0.0503306836167002,-0.133701891631703,-0.145173461160675,-0.132021642636991,0.0584779574905801,-0.0840537679462161,-0.252252875356162,-0.0287821465406133,-0.183145578952502,0.066092717047023,0.16012611619572,0.0623348969180771,0.291462234688714,-0.124297610406426,0.1641143829138,-0.176872312010434,-0.273402492525407,-0.0226880600959837,-0.304700375735269,0.312806739594783,0.295342242801505,0.233674258250458,0.436987127951681,0.137817623440277,0.383324590717756,0.423009372910685,0.246439358173675,0.315583231837453,0.348518031172305,-0.336634646194985,-0.0341593776889332,-0.189608030379735,-0.466056731536954,-0.415610561600831,-0.0761033638800823,-0.294587249095557,-0.340033345675693,-0.267581146077076,-0.354476603629801,0.217016421335071,0.367022309627427,0.264961766215428,0.313811490392664,-0.0686737115231335,0.263064712565343,0.420990457262617,0.0927218595555086,0.0363039724284418,0.339804626588654,0.489469691105294,0.243800203922788,0.101371733486832,0.214980104353748,0.228665676193904,0.00720910437392826,-0.349091750087336,-0.118070212395327,-0.256503743364993,-0.316188975524165,-0.0261379261512714,-0.0360155803316815,-0.153143933347551,-0.247171039153075,-0.217285977185495,0.15265925351277,0.114585551096656,0.107618537622253,-0.240064473342207,-0.143961229452005,-0.241678454497476,-0.226292135866259,-0.150959482587874,-0.0616667265547654,-0.358300289770896,0.272778224728391,-0.105931625785145,0.0301790270871877,-0.0355295267511534,0.136519703411228,-0.193214755077625,-0.16511109620845,-0.0264893222431601,-0.348288807922823,-0.0468995220801486,-0.174970978410274,-0.304280623775977,-0.264200444826735,-0.410664299525404,-0.34740640306682,-0.0799433545748383,-0.376804368971505
"堂兄-堂弟",0.196675286520534,0.22297044860166,0.135214015641628,0.176943936895756,0.0973256604768773,-0.0226045299298988,-0.0732696133669545,-0.151055410954661,-0.110386233880845,-0.17706068620346,-0.0954619881993016,-0.12379961419347,-0.157755862731944,0.0200366935015662,0.0834278483377266,0.0430482840281702,-0.0279855625550049,-0.164789893147377,0.032726337501126,-0.152981240101696,-0.0303286342321432,-0.0697475124344572,-0.204670455019045,0.0957215123925199,-0.183556762256229,-0.216495079728921,-0.10079583869707,-0.107011108058075,-0.301039287467534,-0.248994636213571,-0.0987047366862579,-0.0645151309844907,-0.0220987533190651,-0.160247655174559,0.0214507339378663,0.0222542189312145,0.199615308087979,0.0296233248757041,0.256060242358497,0.131777721739346,0.428048437836152,-0.0965869374791079,0.249233299847026,0.0479652319821525,0.358183954150105,0.115407602934047,1,0.464005496366591,0.281953845792418,0.437007444114216,0.0161257359161786,-0.150775653501533,0.041878709807997,0.314297232724931,0.046893159222393,0.129543645530987,-0.180386697462938,-0.17411095375243,0.251844168943895,-0.260716603001724,-0.170363673351875,-0.204362542090023,-0.268199141287468,-0.0925586876679773,-0.404944935206064,0.301374029129492,0.123169449105435,0.00870446056633817,0.374922781202915,0.0860490629798239,-0.0979820586557423,0.184988337800138,0.150974144725028,0.353465801824951,0.17383805659457,0.290511740274131,0.212762581875112,0.397852132403489,0.357161268891509,0.347898984148478,-0.127399893229734,-0.124646262477104,-0.162297453656429,-0.243580666110654,-0.359024522720973,-0.185097491856673,-0.481915766916757,-0.322299124965918,0.134399568169896,-0.0819637478911008,0.37661951115237,0.238525110201765,0.350831554710429,0.401115454066456,0.203622340592807,0.0934882928333275,0.165554454958632,0.0799906962656156,0.116652502300359,0.0384200541575899,0.323065181153958,0.106146368109203,-0.0760949418802138,-0.131375530369334,0.0530570014168073,-0.358738225990697,-0.405163588179198,-0.328437014587816,-0.268980592711515,-0.232942573466161,-0.221392166471222,-0.146463797567728,-0.374527637235578,-0.318892790814621,0.0999552719734215,0.406728917721083,0.354810923936254,0.335479142602148,0.0227585162701498,0.104261102092697,0.00238285049681112,-0.186301885142484,0.240186289233061,0.118024769012184,-0.204421651774687,-0.0302991966355569,-0.279413117912635,-0.226269238429649,-0.209721102533297,-0.298140602779604,-0.0670701647433795,-0.121066349053792,-0.107981475003466,-0.202687489138274,0.0149261557276939,-0.353545099667148,-0.269397217497217,-0.0390485204112561,-0.152020154054839,-0.1703964344926,-0.296335634583158,-0.365507110976117
"堂兄-堂妹",-0.00273744889094939,0.223355580069674,0.143108373096083,0.333165851138948,0.0120075226662924,-0.329696628097907,-0.275045803894027,-0.455650105750958,-0.38398125933049,-0.475482781795884,-0.224974899573972,-0.329655611109915,-0.0475648555574917,-0.274143721128297,-0.0447420226213098,-0.190154183258292,0.141798171223495,-0.407522434151926,-0.0984482207948451,-0.275595798340687,-0.000603993379984361,-0.142825445168961,-0.216759077417592,0.196619731895749,-0.266598704598819,-0.382267929164675,0.0581262319489993,0.0757499697576791,-0.108245803449191,-0.104665364344413,-0.168316838108156,-0.332408772993554,-0.148097254508182,-0.151433329836541,0.190215959368365,-0.0595484245519856,0.0835766614876523,-0.0250733338445378,0.387566420096096,-0.00418309017717633,0.364099776421989,0.275513372301136,0.354593733544198,0.478984179281249,0.484729974164754,0.379645308579075,0.464005496366591,1,0.665092031080589,0.647731237862109,-0.0166009784681027,0.252110039951339,-0.0120521337214768,-0.0129576014621042,0.0411898795742,0.138956754086408,-0.175432624696648,-0.249022396063712,-0.0107778675347503,-0.113322714660865,-0.107785192644247,-0.0200985589933032,0.0326784784707454,0.253256229027725,-0.207024465516162,0.333623955488529,-0.226945033426422,-0.382444310601198,0.193458609978194,-0.336294375686747,0.011246079037085,0.157754329947991,0.384972296709818,0.475000454198274,0.249523614094817,0.671407814767394,0.656739477795286,0.390641986717512,0.387193254592865,0.571360297440417,-0.377153822291318,-0.03176537811532,-0.32324074126568,-0.419968167289315,-0.314155735341816,-0.0788125686516497,-0.351848729062986,-0.42624750148246,-0.0355266118372506,-0.184641393650576,0.157799720853175,0.378581319589684,0.399660134795101,0.689822094350578,-0.0107401686550277,0.37148577903558,0.301099684058771,0.123027436201215,-0.143586409919648,0.327514324166995,0.303306385831648,0.0822789967130395,0.19922009845736,0.367514790675953,0.306412257411039,0.0324153986839952,-0.308101530222044,-0.101541790276225,-0.223768566828574,-0.212263436454603,-0.21215385933123,-0.0437079566093728,-0.403850241742793,-0.517255620983289,-0.172880791647286,0.538287864839862,0.515018225157835,0.483129517577379,-0.292436551814884,-0.106745917644279,-0.30150963481818,-0.396230646002315,0.039261036562716,0.0305778385067914,-0.556398243834199,0.230832760435089,-0.338075479631197,-0.166425897252921,-0.225739478531351,-0.146143046270718,-0.078486830832838,-0.197763696529547,0.143066984876012,-0.409048788533846,0.00649789062549601,-0.295863814911655,-0.256152413689884,-0.15716102242036,-0.316123100391588,-0.170472879427752,-0.112388633649293,-0.56157309136245
"堂姐-堂弟",-0.0725879387870468,0.196654323030944,0.10943429557243,0.309479199116722,0.0284576281383988,-0.441595253056226,-0.339589309321395,-0.410298133648856,-0.42500346584189,-0.541588235868025,-0.255136014958084,-0.241041520569429,0.0358838270700632,-0.170682733688279,-0.0398864543856239,-0.238098904092661,0.165016939052343,-0.392235607033075,-0.0837334384606321,-0.224359357882448,-0.068332776379277,-0.209832501454401,-0.196533187601886,0.097150746702516,-0.190673494706967,-0.359047766866095,0.221979574236493,0.150191560198898,0.0871219926879245,0.025639428589912,-0.01478813738364,-0.297787572569527,-0.0563892750776335,-0.00498294969587729,0.31553654568007,0.046877407347032,0.0234115964687328,0.0104888252699664,0.367412866931605,0.00858172216436431,0.272005917141603,0.347682412484183,0.384981743184682,0.578035432568082,0.465754244236297,0.349321352260463,0.281953845792418,0.665092031080589,1,0.57924738305825,0.160195346382369,0.308394800224723,0.0850546461212299,-0.164075293888624,0.000926515303514576,-0.0283379196645987,-0.0743370191457911,-0.241159695262181,-0.0647118805675921,0.0356792336125515,0.0772647513379223,0.0268676470350171,0.241600618688756,0.273835713827296,-0.0986114125721985,0.149211120095484,-0.325907557026903,-0.404873431093483,0.0803123874438875,-0.348587391284791,0.0207783400565926,0.180507544360349,0.330015135367775,0.464579401969115,0.201533403457701,0.582104566145825,0.548805660799927,0.265312437459194,0.317640614900108,0.458657853717859,-0.344655184743321,0.0130382810594792,-0.43811217362333,-0.400645013571127,-0.215285668658171,0.115886058686692,-0.171112458165733,-0.41943201231668,-0.151676114207229,-0.265982681158596,-0.0727761800075827,0.363569782394926,0.202088836732586,0.555535913391721,-0.221100683553777,0.320021264379056,0.191170482818883,0.0863400952461988,-0.166457789985788,0.300624996882318,0.192794999679873,0.00923188774904847,0.221995321566809,0.534895657038707,0.35156043979105,0.150545900390276,-0.205756924789275,0.0984360054631295,-0.121811364778758,-0.195671879500007,-0.126414358956408,0.0776081442679601,-0.345946244070346,-0.440566482821917,-0.25192590283714,0.281002721951554,0.418211511918562,0.343365059049256,-0.466228900270072,-0.283630593563573,-0.468771461265229,-0.449644365720535,-0.223408638621766,-0.0699205982284118,-0.552400249894726,0.190087475443603,-0.132034636488218,-0.0330412856400937,-0.0281324446234587,-0.0789066956973872,-0.0134898939810021,-0.159456563305732,0.284490428038693,-0.273737074166237,-0.0252148949721057,-0.214280802056669,-0.188816552542498,-0.188535237963812,-0.299603814724019,-0.158382263251355,0.0290593106234296,-0.460739540654909
"堂姐-堂妹",-0.110235236660151,0.0572353352742344,0.0506607268180172,0.157279453896075,-0.0537125675736665,-0.278746309417106,-0.314882316919,-0.347462509387578,-0.310835278250878,-0.387743493732674,-0.132951402360985,-0.299808394068319,0.0307862870069625,-0.24377643445579,0.0360147794136375,-0.161521647896575,0.113353558285681,-0.376030258475524,-0.00737002347282463,-0.156127867986618,-0.0521166537535988,-0.314386612902542,-0.193745270013947,0.153588190165978,-0.127465466783639,-0.333717451348177,0.106133403383455,0.236471946125355,-0.0140757416793466,0.0634379699992747,-0.132684176754708,-0.122269444720231,-0.0559774667969332,0.145101433266208,0.261424398297453,0.142329155638608,0.0323662681772791,0.0781967727343101,0.215114805137564,-0.0171918732445696,0.199820400120867,0.174892818894931,0.354009365774341,0.331459866951283,0.423443832899417,0.305320780123347,0.437007444114216,0.647731237862109,0.57924738305825,1,-0.0784952970565292,0.124474358624259,-0.0183458877462297,0.233213301375496,0.00264071417598543,0.0866920919972244,-0.146404224978807,-0.121022479732354,0.00564292190603013,-0.0637915125265026,-0.00421028607128382,0.0707421230183936,0.0454421460611133,0.180483446520186,-0.0401708887446094,0.370185873901514,-0.147065460671146,-0.232441604697206,0.237588528276003,-0.190971603984971,-0.199522082416271,0.0381133278773602,0.112907264091542,0.386676496761803,0.165547237579134,0.497985941644852,0.464703810627858,0.24861347091316,0.261231001983118,0.372590561811788,-0.242438281817312,0.0564479128890019,-0.308147616858659,-0.250142718267126,-0.186882514043591,0.00355798411533547,-0.234242218790806,-0.288764348828282,-0.0252818481401032,-0.1328299287712,-0.0701266045590359,0.293899380037998,0.176017810565892,0.47419900232195,0.132621033440658,0.0561530771303632,0.181818194021801,-0.0347265241673514,-0.0705855874211456,0.0363149978963902,0.090834183451554,0.102689136158481,0.220402985526037,0.289948891299554,0.250253879468627,0.0150459491455168,-0.198574522695583,-0.00659800033140122,-0.0637721139075132,0.0436485076792758,-0.13048408073517,-0.0241925776247952,-0.328810138883409,-0.338780607223635,-0.204627647513819,0.309768441229895,0.353654011395325,0.472881736437413,-0.36361280949688,-0.187996139757284,-0.296258100780266,-0.230406598419263,-0.160149265147872,0.0131258146176326,-0.365545040016775,0.128428147425052,-0.253645330307174,-0.161930802959838,-0.163827876017521,-0.0676289776352336,-0.271049535889315,-0.20002665619215,0.0851203960126151,-0.343856125614606,-0.0816853189401342,-0.193047653275599,-0.300007158127387,-0.0991766092776149,-0.245316619050119,-0.0982886782795798,-0.0876093332660447,-0.36566601300858
"表兄-表弟",0.0459909830918374,0.0294599256761451,0.0116828192816341,0.0391286365741787,-0.0871503640446719,-0.072581340628931,-0.0945374667440058,-0.130712230402804,-0.14619296464465,-0.0994910035830874,-0.0712246035528222,-0.121806501049159,-0.107875570048195,-0.0456922554229166,-0.0356345073203944,-0.0349632562025554,-0.0145226802880133,-0.0558115495203024,0.0885457491574311,-0.179106589287007,0.0667237358706342,0.0368945481184449,-0.143210381504195,-0.0299782347717322,-0.176485120486027,0.120500147925864,0.0761542530015644,-0.268920286927391,0.0909507357778912,-0.0510795056390676,0.253674125371074,-0.13206064668203,0.0270027956226669,-0.00178740061951417,0.0568116924630391,0.133760824304959,0.0286487520614621,-0.0725067218056072,0.0743051356006288,-0.00998863422691157,0.0567357675665183,0.0555557133803335,0.040876101012591,-0.00318565650575125,0.113757368569497,0.00152679372261814,0.0161257359161786,-0.0166009784681027,0.160195346382369,-0.0784952970565292,1,0.180780584602751,0.294083910624284,-0.0373026511215151,0.251884363575669,0.277877408180969,0.217269740765175,0.0882454594979195,0.432653045902813,0.175662388894646,0.454213273572168,0.331587418703562,0.250334256401812,0.411531684612095,0.0602461035591478,-0.0753622140789218,-0.129766354413766,-0.223864981311221,-0.214675236472314,-0.310405843284305,0.228340136846164,-0.0169386494802265,0.171102741353788,-0.00867168363289309,0.0790803733305647,-0.0106219982125376,-0.0443724218536206,0.000271000062623766,-0.0264162348601565,-0.0858730453764326,-0.101892941532955,0.362402271216851,0.12288563693071,-0.0386996965856203,-0.0445248264469402,0.000832556488529959,0.0953420493044105,-0.137071560456094,-0.106775259507462,-0.157121704805692,0.0635974585425221,0.21892936932921,-0.0109402378542907,0.00809850277859043,-0.232998132934778,0.298512318582684,-0.00589896970395792,0.0336151541324513,-0.0132126830005513,0.140586328502439,0.127279525601963,-0.199847602640506,-0.172162080060772,0.0107502633803562,-0.207789150472902,0.246232639961561,-0.0439798756800938,-0.0649268172100636,-0.109064617502803,-0.208985204870289,0.27425178461887,-0.0209512934305628,0.0051067723027934,-0.0992261116802347,0.118581522977295,-0.0912965463385728,-0.0371554049967808,-0.257147064265809,-0.121331293829335,-0.249448192075868,-0.23442510246695,-0.346292919039489,-0.0956672966123228,-0.228649019378252,-0.223339711097801,0.120825655980767,0.0392900027982409,0.113164324262204,0.145397430281049,0.0753242781748362,0.0826477410878001,-0.154049559704231,0.0272342445320649,-0.148502518337552,-0.132793192307924,-0.0273419955403942,0.0116416968931971,-0.191732252628143,-0.1167843131559,-0.153143157584225,0.276706640706925,0.0870077041334113
"表兄-表妹",-0.253078386465352,-0.184663629213553,-0.160454218539873,-0.0686540419166023,-0.160061599086528,-0.146455804946659,-0.104168349369771,-0.231531879909095,-0.172503550097908,-0.266144266933393,-0.283825279561711,-0.392633411009123,-0.188321668103712,-0.413038136699481,-0.350189634478872,-0.468710773209606,-0.0687343877435966,-0.305595834094495,-0.249291588436841,-0.211252125854289,-0.125527033988887,-0.178113592842173,-0.0746158256450959,-0.125577191789215,-0.259374242908327,-0.16556104359539,0.146499278883228,0.214788437423575,0.161916725344995,0.0586061920515949,0.0242640586685322,-0.0710113952063093,-0.017798948872201,0.0823153845582865,0.179353141511983,-0.128500091864647,-0.274393101208899,-0.195609526911548,0.0141166700565771,-0.170182594933226,-0.164207284600654,0.17830832545748,0.00828233975216193,0.225790974655357,-0.0403974588790816,0.0503306836167002,-0.150775653501533,0.252110039951339,0.308394800224723,0.124474358624259,0.180780584602751,1,0.237204173062954,-0.0795119540977507,0.35332999526999,0.143497676303777,0.0780725802004068,0.0406446716963707,-0.0531364181913578,0.23217685982612,0.249422869011972,0.254050031972908,0.391370991418646,0.425273171080663,0.305199245955079,0.0237865662445938,-0.322145993624774,-0.426107653878567,-0.140663983690831,-0.405519474380749,-0.112423804912826,-0.194851130334493,0.0682554736699801,-0.119910235260963,-0.0493678325884551,0.267713666385878,0.281841239705695,0.0258756184773358,-0.0495013133740929,0.160065764847006,-0.0572368747581697,0.261420501003047,-0.105897527304639,-0.0218940791229945,0.202643693681335,0.110408695725108,0.223631009462098,-0.0220475565330432,-0.0232394436249052,0.0863813615615934,-0.286418141527739,0.0696638319850572,0.0173278121125739,0.220406954970283,-0.076825798498779,0.00616967749306985,-0.165552474408618,-0.0126100019770675,-0.154917591757328,0.00647395767949329,-0.216635098376448,-0.0685028764561914,0.130084566347165,0.288228681735506,0.0778278903018974,0.257502330759228,0.116964345272044,0.479703855591457,-0.00747237796162802,0.0780337423930295,-0.0250146015096321,0.133586157391301,-0.0990687274409473,-0.204120654228186,-0.12472572235857,-0.0315562592509968,0.0525402455119425,0.10258140621347,-0.282748093126916,-0.228451233463855,-0.278040339726321,-0.0316292668117563,-0.129144001858801,0.0633722784415013,-0.17437477032649,0.241570246110641,0.0851814156949291,0.129297151844848,0.0563236749846779,0.187858936367082,-0.0408600830247801,-0.0692614421371485,0.273765618287607,-0.184989245376723,-0.109800824467504,0.0994398778256035,0.248390563564589,0.167884789876153,0.194152692864095,0.28524689053857,0.297770586698127,-0.0545283527341969
"表姐-表弟",-0.0692913866175575,-0.0385431702849906,0.00771835488132427,-0.00562571413933483,-0.0478199496059549,-0.166134891618341,-0.0422592416431044,0.084198728574502,-0.0543057553457574,-0.127316143091329,-0.186860448809383,-0.117586857538723,-0.139627759003989,-0.0269714805704509,-0.100173590068645,-0.20026277641524,-0.261604008922106,-0.271377856515595,-0.176582022336216,-0.0991300159297571,-0.0175112856280919,-0.0608907064529261,-0.0490930256305184,-0.108953365023375,-0.0531379554448106,-0.0501232356557299,0.110857580231566,0.0887542586879396,-0.0519216647135396,-0.0082027084415505,0.118815912400771,0.0693921339852193,0.184380986294829,0.05159196520092,0.147274045979957,0.246520176653538,-0.12931847077877,-0.0613183801458961,0.0175963229046641,0.136267320108085,0.0273213987145347,-0.0437366005967268,0.0336580241091497,0.13169908670754,0.0321073583972315,-0.133701891631703,0.041878709807997,-0.0120521337214768,0.0850546461212299,-0.0183458877462297,0.294083910624284,0.237204173062954,1,0.347349299112214,0.196400044386223,0.138960139162969,0.418251380950454,0.209597295291169,0.135418626235363,0.254884627078799,0.179339252888848,0.0664407122058003,0.11432931411508,0.217810304504251,0.00178112872917044,0.104945790223388,-0.0836410082137641,-0.042443878494168,0.153851750124732,0.0947791578493121,0.0717673197980614,-0.0341986325237494,0.183822829163865,0.00188150240234757,0.108270656624414,-0.0825506038444667,-0.0266559642479135,0.0382251579011542,0.00203414305679976,0.054803787665076,-0.0507355073457941,0.0723748513514287,-0.0597613368791973,-0.0217240497172279,-0.00661652181270724,-0.00161413204891775,0.0179199178127399,-0.147055177785168,-0.167828153735343,-0.0845744559013388,-0.0800218734470346,-0.08840942808431,-0.0675792101224149,-0.0256176401245826,-0.0198954788000003,-0.0388226507254003,-0.243902269846998,-0.0392812469143836,0.101493668411968,0.061226061222084,-0.0327903207343073,-0.0369395635017567,-0.150857091696212,-0.0860044758853024,-0.0701385967809498,0.0214456022522775,0.0355427439566225,0.0700634931487359,-0.0905103261370288,-0.0196646174319729,-0.0664443958607523,-0.0437001454105073,-0.0564566769062412,-0.0571153718767449,0.145237416921188,-0.0761236985754066,-0.0150770911141962,0.0228036215831338,-0.196961091131768,-0.0961040377065689,-0.179354031317585,-0.0314950460081956,-0.0279335837356969,0.0588271428016808,-0.0145366666527944,-0.205169563756767,-0.107694532053501,-0.121124093394899,-0.0432736881700368,-0.112633114973935,-0.069411166846004,0.102458636389558,0.171311452448013,0.17331460180436,-0.217346482468975,-0.165441058813024,0.232264290183768,0.172757687499013,0.0292337447645221,0.107140193601158,-0.0973599723815467,-0.0943553130789719
"表姐-表妹",0.0934196745615859,-0.127710457018863,0.116805437764955,-0.146479929628017,-0.030330819625981,0.0756172650808643,0.0865775956637339,0.16086863616942,0.117312016614095,0.0295020755365994,-0.04115993215573,-0.0870646556020671,-0.112862689132512,-0.192640339602411,-0.00471095733448212,0.0209353449015267,-0.211036932975268,-0.155869067479551,0.0293454577408825,-0.16570010511068,-0.0173672527910766,-0.0795711915426047,-0.0835566636986042,-0.113902045407781,-0.117731726466459,-0.126608379040621,-0.185735778194367,0.0446981414539193,-0.28438362203517,-0.14734519244776,0.00446687526662524,0.304644013074138,0.155810036293318,0.136012076797438,-0.0314132755417125,0.294621058703607,-0.0412594586474886,0.0496687801308449,-0.227999490757853,0.18243296209548,0.0144079867785101,-0.230998404119114,-0.0998184487425248,-0.156071013150396,0.0911418931090366,-0.145173461160675,0.314297232724931,-0.0129576014621042,-0.164075293888624,0.233213301375496,-0.0373026511215151,-0.0795119540977507,0.347349299112214,1,0.0952661560602895,0.277107628986011,0.209464766968149,0.357561034282347,0.125167173316016,0.0257414021301279,0.00249604624740388,0.0634557990942229,-0.234214211813547,0.103113927017393,-0.154490840630129,0.197950923612374,0.0844837013567687,0.0980309480112531,0.242616884721246,0.208228185289936,-0.223230960457561,-0.0818964430730821,0.000955447832496412,0.0252278964030716,0.0750938608513564,-0.104191410178142,-0.0249095789388223,0.177258079725526,0.0574372516427666,-0.0473570889698695,0.107116597258848,0.100674457301452,0.000839799570749412,0.0529189355354884,-0.034079865488824,-0.182062349338154,-0.0807137298876847,-0.0280793966912051,0.0479725109905444,0.0610381659241612,0.0359506155070258,-0.0346207654459109,-0.0635570949405251,-0.0584434397699179,0.476402339229279,-0.312650486532596,-0.148399097383874,-0.179483983694678,0.262636998328898,-0.318201382934164,-0.00925239163295618,-0.0120827214924094,-0.264568302968851,-0.427067646487254,-0.158080172915993,-0.237870177683972,-0.109328451349394,-0.11767703611564,-0.150429067323801,0.204540657288762,-0.204605736855641,-0.24974859549022,-0.169875760977173,-0.036781495857063,0.126416072996545,0.128962236269804,0.0576325208391582,0.196274996109234,0.0377340923309853,0.165351863404213,0.100908202803743,0.163552657444075,0.0310407754750975,0.195173493254394,0.0779997261394316,-0.223329906569791,-0.257084295708231,-0.240352490919868,-0.224806951530119,-0.180622670086362,-0.217530612633982,0.107822992021273,0.0105349700153717,0.0893238433283108,-0.172416676064524,-0.0443749464389063,0.0215697628268132,0.238672882463007,0.0216212838407988,0.157759410596431,-0.190365471218893,0.0540124286040635
"姑表兄-姑表弟",-0.130188213406427,-0.181020744314057,-0.226583658103671,-0.225217590503089,-0.248754452237747,0.0560814546916975,0.0182360461197332,-0.0490046859528915,0.0182964607344791,0.0602740409110403,-0.331280996186129,-0.163437018519551,-0.326420829247676,-0.224150221955074,-0.467100526814895,-0.337694853516256,-0.191708344453743,-0.0498813463983903,-0.233054494420153,-0.140997342872074,-0.155823371678099,0.0185867076047096,-0.0622031006418592,-0.0569101134469991,-0.283249138755732,-0.132735167443215,-0.0266505075069304,-0.251253718004892,-0.0905012179419662,-0.178122082377847,0.0158164846827505,0.0287761628159457,-0.129051439610096,-0.0377509272417042,-0.0195630776609059,-0.19368235440481,-0.202173773472016,-0.198617381716491,-0.11357042855494,-0.280032173517322,-0.133907180008029,-0.0712925444594395,-0.0406718610215925,-0.136465515545265,-0.0987873353081625,-0.132021642636991,0.046893159222393,0.0411898795742,0.000926515303514576,0.00264071417598543,0.251884363575669,0.35332999526999,0.196400044386223,0.0952661560602895,1,0.393905159181385,0.0366724536498412,0.214673092172384,0.229934388555042,0.139711090867256,0.132511146526427,0.0779425547022139,0.123218548704331,0.22386815605687,0.0528975205061646,0.0355131331931432,-0.0290800299139203,-0.238542701665209,0.038802006756038,-0.183633746079636,-0.00569471196726476,-0.0682216640716293,0.0635918659108508,-0.220204213880991,0.0654368207104328,0.0900429765057474,0.133476792463024,0.068948745376551,-0.0910040093465077,0.092898918196206,-0.0146018000790864,0.204971299770753,-0.0245798954235921,-0.0690701984777334,-0.0136987319647079,-0.0112326878940563,0.194143411381373,0.0720354001412542,0.183781933628813,0.218408990109036,-0.0174363773689734,0.0891958471421304,0.189760627326038,0.196428185173459,0.213250219362292,-0.0616901410777195,-0.174396483453791,0.0149022625380502,0.204047185329689,-0.0501651166687219,0.0250591110039385,-0.0298804679156211,-0.103066492936413,-0.0811503714505514,-0.0929408735254271,-0.0196859612014926,0.0539256313154903,-0.0452143000613348,-0.110822559169645,-0.0399001442009376,-0.065084060909939,-0.157518483148658,-0.0403249492519348,-0.0975090532416175,0.0377487359439852,-0.00619242537553701,-0.0722628504201765,-0.0459022260010145,0.0274474383295802,-0.069816609925366,0.0730389969169119,-0.0251758521447939,0.124144113151716,0.128131131634376,-0.036173217502828,-0.115271287564955,0.106889518575389,0.0971174845527436,-0.0986609834106493,-0.0209664562757823,0.0963143951672287,0.0969464816629167,0.10503788009386,-0.0451177194662153,0.187009211051486,0.254438182664068,0.384309854440961,0.259827539571907,0.41795899109165,0.445972407862659,0.174393965504673,0.0286485945824175
"姑表兄-姑表妹",-0.158323111544951,-0.231797150137219,-0.220880857845525,-0.19502871313138,-0.296305944509468,-0.148280836583059,-0.167168633167978,-0.201546218772666,-0.202575288239242,-0.0458108036789693,-0.206805977190011,-0.220763994642188,-0.233848510044452,-0.288811670916542,-0.296896148553836,-0.0890237814648632,-0.0838084485320757,-0.0454061189190676,0.0185212961201377,-0.190399674563233,-0.000181929149172997,-0.125706286645101,-0.345413493458779,-0.00666335813557512,-0.231409517089126,-0.121773386868778,-0.04775204613421,-0.168310755246502,-0.0950110438981736,-0.183697617746599,0.244441458889071,0.14747573020464,0.155104958292398,0.106519485618814,0.202039036603653,-0.00689205255470781,-0.0318166146922075,-0.176109833214571,-0.101492017140925,-0.195414515158568,0.0321036623781038,-0.109231137090066,-0.102185854453675,-0.147636758298924,-0.00960691943520091,0.0584779574905801,0.129543645530987,0.138956754086408,-0.0283379196645987,0.0866920919972244,0.277877408180969,0.143497676303777,0.138960139162969,0.277107628986011,0.393905159181385,1,0.352802564729435,0.413691198561093,0.412264700914379,0.35990577987678,0.517201834299135,0.517881657391277,0.334613304895221,0.474185285063708,0.168915065629554,0.164189404860255,-0.17249223501321,-0.262444909521736,-0.121639961589875,-0.283764479837806,-0.113870809421438,-0.13743538200388,-0.0797885977250899,-0.140462638969132,0.000721991559630336,0.114997382862196,0.157410000371433,0.0168221764686647,-0.0490461033398461,-0.029656560701164,0.0383283463707977,0.447263741293756,0.197177923853277,-0.0272835333471179,-0.0707241008022397,-0.146746451506347,0.0682997238439605,-0.00305081911848067,0.12386422231024,0.195915925544643,0.0914185987983292,0.111370647189939,0.151649290731581,0.121825185761057,0.048942620125769,0.0411615711085179,0.043499482020785,-0.0634745129205078,0.201043907647405,-0.0930652134654809,0.139360934331114,0.0225526355063774,-0.137105012796155,-0.180579803020788,-0.0796778393218026,0.254574695250125,0.128232535334844,-0.0369105601059968,-0.0429218595606116,0.136310837014204,0.109433481707533,-0.0868092736683269,0.0534901294778093,-0.138129481282449,0.194737522211722,0.0497905147546187,-0.0630804123281113,-0.101369022086564,-0.0947006501109349,-0.114488177294178,-0.119533466982696,-0.234958486296878,-0.0988223674707973,-0.0886358348090646,-0.238799237492487,0.0408235422145962,-0.0843799887400195,0.00183532941858549,-0.107549808358971,0.127246949419726,-0.162655940557318,-0.0576301218081902,-0.0479135506948375,-0.244371470294811,-0.0649585032639009,0.153096982033205,0.00589347283672492,0.075911794984434,0.147744225833968,0.0943595979763605,0.329870483993848,0.154178058280804
"姑表姐-姑表弟",-0.273827417102342,-0.327485447830838,-0.209233684457813,-0.256870840762634,-0.210805820182005,-0.0650469464360387,-0.00151013143038523,0.183788840854715,0.0776114235689208,-0.00384637264285815,-0.149421129744979,-0.0594531825404201,-0.154603204229801,0.038773351987203,-0.17659363012123,-0.064680045970985,-0.23069374248061,-0.076859427382767,-0.135562301013105,-0.0282167714689127,0.0399442658696635,-0.103835650651557,-0.0462496782831131,0.0499702037800927,0.132143741223507,-0.0813167416159115,0.176388487099278,0.0857594154405757,0.137632112910023,-0.00675987633361949,0.314523995229601,0.0967914802005711,0.157039348253022,0.0761661481919593,0.240568204482024,0.187995325510565,-0.0942878453194465,-0.0278172232358,-0.154065460532946,-0.137527514879398,-0.0721546225024482,0.0441090992731938,-0.216121354692135,-0.0328682225501637,-0.125846410114549,-0.0840537679462161,-0.180386697462938,-0.175432624696648,-0.0743370191457911,-0.146404224978807,0.217269740765175,0.0780725802004068,0.418251380950454,0.209464766968149,0.0366724536498412,0.352802564729435,1,0.477312150954535,0.107819466325971,0.450870045865572,0.491882884462207,0.410628673660984,0.303832192357403,0.311933356651833,0.24570655834354,0.0619635745331965,-0.175160432806177,-0.0786294090067167,-0.213549813662337,-0.076265484145508,0.0675296935803963,-0.0950666572167368,-0.0406567811872455,-0.165076378627558,0.0745920425892081,-0.170979437822295,-0.126281950956475,-0.289149368320581,-0.308093815650758,-0.190513120445179,0.0828429568175938,0.311784837608328,0.0876854973883562,0.0974023773015415,0.151454617352804,0.042288809030692,0.180251802619214,0.0847886914678649,-0.0889542474062898,-0.0519768025601417,-0.105681067244269,-0.128540971354792,-0.204311780324875,-0.261506879187234,-0.20800359443124,-0.0283534752013614,-0.209797665817572,0.109471266747576,0.0878224087572306,0.0361872367327501,-0.141916833999042,-0.0420972916278334,-0.0863024091029567,-0.0985912336079387,-0.186228129431796,0.254955300792712,0.320245184930676,0.164570958789519,0.0280869015352768,0.121203274634023,-0.10952108006278,-0.222567224547758,0.0405083807826238,0.0434068647716124,0.233706262297096,-0.288992318673725,-0.194568680005721,-0.344377780024077,-0.0968267900077883,-0.157923620884389,-0.119497168488016,-0.16896992804013,-0.179483793840325,-0.245314231395567,-0.0251816839415324,-0.184177558828569,0.0546460693858915,-0.0028044864484804,0.107689751699196,0.0184164170927836,0.0963938291982758,0.160631989941994,0.187018556105821,0.246264915223105,0.0217413101121475,0.190843355682194,0.340266011035701,0.213074608765681,0.0724725269103142,0.00273474239886248,0.0445549202542483,0.225046331401764
"姑表姐-姑表妹",-0.129561846866303,-0.317934372579986,-0.069267213193778,-0.28340441982193,-0.0511339635264898,0.117796478168394,0.186050459647473,0.237223230463181,0.290501467465596,0.199802051779864,-0.136808189173339,-0.140844119655599,-0.126365954955067,-0.253981904997216,-0.306885807277394,-0.217761352531197,-0.262356797735769,-0.0169402934122958,-0.276811647682386,-0.0350836491062214,0.0510735434947792,0.0812272363228152,0.0890353478725976,-0.242977616629371,0.0543476417409434,-0.0222106281209252,-0.00386005203153852,-0.0401857000647918,0.0791125147695512,0.202964710294906,0.118220849654332,0.27467534134893,0.119845332608635,0.250785159929238,-0.0687128024069389,0.0506222161710035,-0.201475214963572,-0.0197418027090719,-0.465845934444545,-0.140640291707064,-0.333052391523272,-0.0931216483922942,-0.353038953057369,-0.217115950588186,-0.219128874208081,-0.252252875356162,-0.17411095375243,-0.249022396063712,-0.241159695262181,-0.121022479732354,0.0882454594979195,0.0406446716963707,0.209597295291169,0.357561034282347,0.214673092172384,0.413691198561093,0.477312150954535,1,0.198028180509843,0.609760814830082,0.367581070095277,0.336151186479654,0.150305897764947,0.170689067157043,0.275312527120152,-0.0271882390097415,-0.145972685291964,-0.0160483022825637,-0.182437364798781,0.122915715676777,-0.11363523030185,-0.279187198045809,-0.258005809541584,-0.438521580675017,-0.0168572722521265,-0.285980883123701,-0.170607377324629,-0.306286869516525,-0.36439315430627,-0.376234640227523,0.276252673293655,0.285482054109316,0.159733489407748,0.23673655334539,0.220346122321876,-0.0455495526754665,0.225163420721697,0.237358132451248,0.123737282510197,0.182360037506647,-0.224771550902681,-0.229183175081936,-0.350682614459913,-0.337306240415737,0.196736517869462,-0.351840824086962,-0.403279246713865,-0.114978923291696,0.0994432723652875,-0.246659694923729,-0.302538766469984,-0.173510169860481,-0.300383972705533,-0.290066840260764,-0.349618354152848,0.0913311932924489,0.203050004063859,0.00950392159294387,0.0503641184812184,0.301320355860423,-0.0971137330646902,-0.177657960695324,0.142012566517542,0.170987295589657,0.125314306825891,-0.297509983524736,-0.155901482697211,-0.147976695176142,0.0919027608266946,-0.0546622087634725,0.177851154499989,0.0550211356506306,-0.0501938830233412,-0.172787147474382,0.22535171979545,-0.222082527374189,0.222530945313015,0.123805786128982,0.157937642602219,0.176610241144609,0.0207492726278234,0.332626274550112,-0.0365951427334964,0.157013432621762,0.0445257680151541,0.248398369251158,0.164756188169829,0.178343358321311,0.202795482003586,0.225249727969452,0.0125903056904629,0.349354142600621
"舅表兄-舅表弟",0.0843242651006268,0.0624251608856079,0.0775248260302451,0.0305974783489548,-0.024382382791976,-0.0814484016645638,-0.187650712897787,-0.124818748531403,-0.211301324822269,0.0588362505331457,-0.101626688191415,-0.0406005196072681,-0.132353432444837,-0.091186735393812,-0.0470874686632873,0.0838928807027461,-0.0913870198547059,-0.0834191647451046,-0.0704718080464956,-0.10762040233919,-0.0788561779969797,-0.0455531580271153,-0.356220850930939,-0.14960514165444,-0.284853654843672,-0.0295854402469942,-0.107603037610807,-0.263845612717594,-0.095835000792311,-0.15830453061653,0.157634267122104,0.0275560220452489,0.22812834452309,0.146764226551195,0.0657121629178106,0.0419279210842256,0.118376465617384,-0.135285799711319,0.182549767096945,0.133117348072937,0.21393908016613,-0.0475112983753347,0.124789200965904,-0.121320587835708,0.242128339690398,-0.0287821465406133,0.251844168943895,-0.0107778675347503,-0.0647118805675921,0.00564292190603013,0.432653045902813,-0.0531364181913578,0.135418626235363,0.125167173316016,0.229934388555042,0.412264700914379,0.107819466325971,0.198028180509843,1,0.202515499116328,0.313560257676355,0.315438668646187,0.144184210491893,0.25907516388323,0.0185429436317056,-0.0103431199626549,0.0450396841879971,-0.0320149652698151,0.00172142814402513,-0.0686921743858174,0.0125936749860593,-0.072059543309683,-0.0742073225172648,-0.0822839089817599,0.194645416097593,0.0549959121379605,-0.0299772945612556,0.0332177323141945,0.0189219733907981,-0.000819870021784324,-0.0095754337575612,0.315559948929227,0.195263215802647,-0.0717551487463885,-0.268734553972874,-0.246977254237978,-0.204715250729095,-0.154809533413045,0.0577667636253386,-0.0089028276952756,0.125565949242212,0.214135292043958,-0.0301537381407272,0.0321514267535685,-0.0686608440321814,0.0515964656029668,-0.105722941242562,-0.0843226575583308,0.0414934422532133,0.0209879293289408,0.230009936702324,-0.130637365795398,-0.248107845303428,-0.260790887549825,-0.147502601074464,-0.0156846479300771,-0.116228276186634,-0.206203499420652,-0.0692165729638935,-0.154607032495418,0.371355277057596,0.193256535881545,0.178895164214611,0.0294143282856189,0.307520005536294,-0.018588187800391,0.0280326460334022,-0.103586666960207,-0.038921550944268,-0.0969523259043117,-0.0333758074945622,-0.18454445326657,-0.00627711145230762,-0.048190780202628,-0.114381708762005,0.0522086173539278,-0.0548518710176894,-0.0120565154183256,-0.053296063244621,0.0144496546173796,-0.00471425063915785,-0.0920171496630107,-0.160942386190702,-0.12346472480575,-0.0332473189045394,0.00509425596958847,-0.203709875302455,-0.138289591843444,-0.0489147812315744,-0.0465180101319545,0.227520717403185,0.0968573210122213
"舅表兄-舅表妹",-0.358471372161078,-0.273246049148504,-0.152417596760109,-0.202331034137974,-0.118440522727449,-0.201295642487128,-0.0731994489005241,-0.052946600719245,-0.061966154025208,-0.0483113450071578,-0.31829735084291,-0.23977839450069,-0.147483087830133,-0.253508704295731,-0.283266438394448,-0.373640333197982,-0.218658564084809,-0.183116745335954,-0.263065188008943,-0.0745040056173837,-0.0912051225271776,-0.144872765674361,-0.0795510417272894,-0.15469225746133,0.0463432361368452,-0.0354299651137247,0.163310623608387,0.152647462417454,0.295821518487422,0.271434555267311,0.13715218964105,0.115620455178708,0.116891056298647,0.312163851498137,0.186499868978497,-0.0493316207152846,-0.321953927261091,-0.263357352312271,-0.229645844013013,-0.148193717095335,-0.26301126603265,0.142063255988403,-0.102577474107771,0.0587541921486994,-0.12905183594847,-0.183145578952502,-0.260716603001724,-0.113322714660865,0.0356792336125515,-0.0637915125265026,0.175662388894646,0.23217685982612,0.254884627078799,0.0257414021301279,0.139711090867256,0.35990577987678,0.450870045865572,0.609760814830082,0.202515499116328,1,0.525618139269569,0.436560407486195,0.510414286636086,0.271025845490697,0.440057600787004,0.0047260684494725,-0.249078036293851,-0.0417142976882554,-0.255647780175588,-0.110080404109725,-0.172811524392028,-0.135007128979179,-0.232567178009121,-0.314592105614108,-0.0477145358123001,-0.0397276290101061,-0.0517642161276658,-0.386495685563122,-0.403741232790036,-0.254830898387234,0.0894493732195792,0.404214958807708,0.0405674961476994,0.188871275144331,0.287103467700751,0.107997490980354,0.350623021856042,0.102092294648039,0.00625607531845362,0.161728602393027,-0.447649113913988,-0.201256628801837,-0.289213414441616,-0.103613295038753,-0.134185372856841,-0.184835576683006,-0.284189414020648,-0.0894851005017102,-0.00159124682294457,-0.0915753271802606,-0.315781499567668,-0.0859449230686579,-0.0740999432695663,0.0894910571696002,-0.0510534162325582,0.369716393420736,0.389146677638197,0.333362326322228,0.255000543192868,0.332821475602467,0.051779460361942,0.135763679115234,0.106771291006706,0.0677531523002127,0.0586358170631369,-0.329956486911759,-0.146168814779427,-0.113090336028584,-0.259896134163306,-0.242310053203641,-0.162694371144153,-0.128409793087422,-0.156961090256935,-0.0817537873475973,0.0519464743363723,0.0105653662506607,0.180971826571047,0.118072690395381,0.203633804520689,0.258932685361644,0.0424908204695509,0.139473513934562,0.232512048309178,0.0631359138892676,-0.046583483702341,0.160123541952866,0.10741958332249,0.0171375701629539,0.154048333593026,0.121347465239069,0.26675188502572,0.2211378415565
"舅表姐-舅表弟",-0.328994336151361,-0.309371664073139,-0.321623267070291,-0.239981327050134,-0.299115213100424,-0.311456546354215,-0.301914997415406,-0.245772310581773,-0.285102212347403,-0.187380801149669,-0.219112755042072,-0.350334568058731,-0.270191439589229,-0.193818411489364,-0.344481192997683,-0.283068648690906,-0.223553784672995,-0.144585060760834,-0.11394437056695,-0.166794436417271,0.0427974253438815,-0.186069164545661,-0.252631210958928,-0.016430157378637,-0.18640413487395,-0.0267112163081856,0.210751384801286,-0.0132716925292847,0.216844973382867,-0.0212435863412586,0.373353729681306,0.0336975001653642,0.182061524494132,0.206492534324529,0.42514325855699,0.172915017544137,-0.210527750031867,-0.237094548801038,-0.0330525222486861,-0.245100977274827,-0.0994642433965679,0.0705047277074473,0.0149081359035726,0.0208351623133506,0.0483100764939782,0.066092717047023,-0.170363673351875,-0.107785192644247,0.0772647513379223,-0.00421028607128382,0.454213273572168,0.249422869011972,0.179339252888848,0.00249604624740388,0.132511146526427,0.517201834299135,0.491882884462207,0.367581070095277,0.313560257676355,0.525618139269569,1,0.724838486705307,0.699796805667104,0.579254900731979,0.458428053481525,0.0430595450636379,-0.290145673999283,-0.241201137140594,-0.356096428561422,-0.353835329385109,0.082112791467017,-0.0984739654387115,-0.121328405790141,-0.133988973231268,0.0689414313172574,0.101760701543854,0.086660577879692,-0.188090496940539,-0.23637232632674,-0.053699643880111,0.0345160817756344,0.657206394957411,0.115715242837626,0.233066767315671,0.132459009373404,0.218102009388,0.326708541493885,0.0436261620282914,-0.0386070779401072,0.0734827358097175,-0.185506149154648,0.149137401855838,-0.0607037296027648,0.00110318356701866,-0.299174277512469,0.161924413441362,-0.00367722347048576,0.147844330012317,0.173099714747617,0.109269085106904,-0.0117937473114827,-0.0161403947615331,0.00480532129273417,0.0442268581209998,0.0182535120466142,0.527329903964822,0.271490775207694,0.22638911323128,0.092829378063273,0.143900418303386,0.18732840903219,0.0178004575287396,0.00730075056529811,-0.172259112285277,0.047284652807034,-0.241744584624574,-0.105319683391293,-0.295466723614892,-0.385158838665365,-0.47934672574425,-0.378786737533278,-0.291453388503889,-0.261972525651733,-0.259982174451409,-0.18618166687613,0.134093578973905,0.114993989133983,0.113941606246046,0.215645157159557,0.339130643013938,0.021990482351185,-0.0543501120517359,0.143839559533187,-0.148217175353237,-0.14304759636057,0.112202304933646,0.0682400934022944,-0.0616483897878307,0.0584698698202062,-0.0203386074968061,0.437224093292261,0.178332425142559
"舅表姐-舅表妹",-0.392545199483912,-0.424837153320092,-0.333094599477254,-0.257649673015289,-0.354080512235993,-0.271140324302911,-0.370566365154294,-0.279211067619604,-0.328520247118148,-0.239570455274941,-0.201016102601946,-0.326918957853285,-0.115283853783882,-0.385873571073832,-0.264581283120604,-0.210290569144901,-0.0597203162481924,-0.0913467218818558,0.00610660178309318,-0.150856962518657,-0.00108683734218719,-0.285069575200462,-0.272121073181598,-0.0371646324257195,-0.151084232902305,-0.0515845011503522,0.200216933646796,0.114021843713486,0.335489985146882,0.101929917954776,0.236056728206047,0.0298778774698498,0.264166616860655,0.342785831050195,0.429326023714577,0.14237974939463,-0.1224176193578,-0.0596692240934085,-0.0571005194552634,-0.137363992902785,-0.0606708036925862,0.174341077315884,0.0252868854359811,-0.00803414957788095,-0.0232972216074037,0.16012611619572,-0.204362542090023,-0.0200985589933032,0.0268676470350171,0.0707421230183936,0.331587418703562,0.254050031972908,0.0664407122058003,0.0634557990942229,0.0779425547022139,0.517881657391277,0.410628673660984,0.336151186479654,0.315438668646187,0.436560407486195,0.724838486705307,1,0.617016832330736,0.670885687011137,0.603863343150739,0.144245082878189,-0.318497757510644,-0.334608271985454,-0.434573703061631,-0.461852619104847,-0.00190417991645519,-0.165462915518499,-0.109103578204839,-0.111142225593244,-0.0226038365540641,0.0774971059194469,0.0783071302742458,-0.205258142419192,-0.224214250018646,-0.0691622062437676,0.115001973093818,0.639968114332431,0.282197976879906,0.18527492907609,0.0822926478978549,0.0639676860067263,0.269029368736897,0.0892546389223964,-0.134829893455194,0.0895413194319308,-0.149983579708874,0.103584476640154,-0.0973486977543117,-0.0340147858584134,-0.235471020082445,0.112124592909339,0.0533348992867179,0.0320802372880055,0.143024513402101,0.0542065856349029,-0.00437981397241458,0.0342699424460168,0.0566007493750484,0.0531048617772625,-0.0498733233177799,0.525282647959489,0.244089022695652,0.277972143460944,0.192622962817856,0.252292014616609,0.29543090533581,0.12155048011891,0.156217780548488,0.0200846558727521,0.149377337846847,-0.240333301068914,-0.120457955195159,-0.286711743491078,-0.386111242629317,-0.408722245867231,-0.370590270140954,-0.304705535642161,-0.312767058277275,-0.331678600394453,-0.197298055419284,0.165690913623542,0.0761531127892986,0.114502345674932,0.144812949894698,0.378551057885415,-0.155184654719598,-0.128588949312572,0.0725712539533915,-0.261134820790082,-0.0901861431988856,0.234906824705431,-0.0139112531209415,-0.0481669391376106,0.0531363383100842,-0.045687767072315,0.46490260197023,0.280359077232901
"姨表兄-姨表弟",-0.44936012209437,-0.323386846079763,-0.36932561042431,-0.142494368287411,-0.323665946918142,-0.371753089961206,-0.374189102659308,-0.346747468461399,-0.38531082496725,-0.296707851156172,-0.298433192112749,-0.386703091087073,-0.190064198964924,-0.27820112552429,-0.38332664444161,-0.394366776061218,-0.160070077286999,-0.185121782106851,-0.173292431095981,-0.0749034103405705,-0.0693563597510583,-0.261957608149406,-0.248909500045754,0.0185915931051973,-0.106200435541809,-0.00123148397658958,0.291193275672087,0.101288689141291,0.285308658617214,0.151046982005539,0.285979456025638,-0.0728698653820217,0.286295221600658,0.254029301913057,0.587337744804472,-0.0189055271875544,-0.231143391892638,-0.213042466986464,0.0525115949223709,-0.262795676845135,-0.1945304494922,0.169196888485367,0.0543006346472414,0.192430488405616,-0.0568602921554846,0.0623348969180771,-0.268199141287468,0.0326784784707454,0.241600618688756,0.0454421460611133,0.250334256401812,0.391370991418646,0.11432931411508,-0.234214211813547,0.123218548704331,0.334613304895221,0.303832192357403,0.150305897764947,0.144184210491893,0.510414286636086,0.699796805667104,0.617016832330736,1,0.488274726825193,0.566583253543623,0.0611988251609378,-0.330187014475967,-0.363675379304529,-0.351140271887736,-0.464808786741188,-0.0403669694125129,0.00375681702725892,-0.155602029157037,-0.106418055185752,-0.0241342644614524,0.240537161671805,0.134227288021865,-0.197266633745032,-0.209378323374763,0.071273998307445,0.0355260221654817,0.55373101041648,0.0790197930074532,0.21341542796682,0.16953851566624,0.240943509737074,0.376941304074333,0.0058947297717892,-0.116574264487094,0.131473367686529,-0.394009934346316,0.0854072356743191,-0.0620039546039837,0.110586300629424,-0.479826292328152,0.138803116063453,-0.0138073632721784,0.123800275275351,-0.0577043293560087,0.166872697679541,-0.202061271147116,0.0917715042258251,0.113791653434799,0.340863359287494,0.245957471165824,0.732910193049427,0.519474844756611,0.514220855479015,0.421852465288172,0.279297684595319,0.223588089685403,0.200468721656584,0.0438620535925006,-0.0726871544287304,0.0436566525417039,-0.25571074366679,-0.117230893514958,-0.245191839320687,-0.497969052784831,-0.562524210373886,-0.530153389080642,-0.341929777595981,-0.255630177774087,-0.295496544354012,-0.236040578703964,0.150448081869822,0.0635073548225244,0.0339860618496261,0.141137916731105,0.311879390719483,-0.0167726858068246,-0.159405989685801,0.212150225023566,-0.249665788091405,-0.130666823474862,0.129365343686249,0.0880449026543862,0.0287249100585265,0.12575583213527,0.0650228999684737,0.607764557679556,0.0648592193155488
"姨表兄-姨表妹",-0.154758749894538,-0.150239704533748,-0.0452833551296782,0.0372504327757955,-0.142890808537367,-0.401793351060529,-0.374783155960391,-0.293581791058884,-0.424619494833111,-0.398869309645738,-0.299339075753474,-0.331661634467163,-0.0693871428500594,-0.373723944079426,-0.173104135273112,-0.204711716273699,0.0457748337395928,-0.350908803445884,-0.0809094446492247,-0.294311889819528,-0.0720495063530268,-0.310681644628338,-0.287188907353949,-0.0656829101998069,-0.341139485208642,-0.209833645340569,0.0566981649382568,0.0145052904555147,0.106372568061063,-0.0840763688363653,0.106212659885358,-0.0939883718744766,0.126355521787043,0.267971352356443,0.268626853372319,0.117093188636508,-0.0996146552730916,-0.0617790748617762,0.0641280481205412,0.0375365278877822,0.0894328137477977,0.295233198900406,0.204241560029425,0.301994665041388,0.239896982403864,0.291462234688714,-0.0925586876679773,0.253256229027725,0.273835713827296,0.180483446520186,0.411531684612095,0.425273171080663,0.217810304504251,0.103113927017393,0.22386815605687,0.474185285063708,0.311933356651833,0.170689067157043,0.25907516388323,0.271025845490697,0.579254900731979,0.670885687011137,0.488274726825193,1,0.301786184257264,0.0769747796127134,-0.387360007497292,-0.44283970072803,-0.229664877901386,-0.469138944698997,0.0673287845198805,-0.165033195545804,0.187963764372001,0.131198922445034,0.161549109421996,0.284635277339599,0.349732888013087,0.090029398681612,0.112342184095521,0.148313108065502,-0.158999762876215,0.487359980827076,-0.0278542638456332,-0.163405813921967,-0.115562244814978,-0.0507549423371534,0.0907038076166282,-0.212256261892567,-0.236826485328155,-0.167733944792825,-0.0893565729861821,0.2299571060656,0.0118080154714043,0.155356264490053,-0.126934107177562,0.2017485679381,0.0150034003509694,0.0223744022397702,0.0703225762787197,0.158921198691993,0.129478436697112,-0.0528320294627746,-0.0204319900099617,0.153884426899684,0.0445699831869198,0.317669162281773,-0.0785355107932655,0.0953445750265647,-0.093975394628465,-0.0620017826041679,0.240886110757786,0.100930400719542,0.00949752060488867,-0.170230384762678,-0.00769044998115414,0.0519174051827811,0.0663229535215964,-0.0500250026742522,-0.452145431431835,-0.286442503683407,-0.464957997775869,-0.290152325934602,-0.346610745621158,-0.127658661114338,-0.391076204863971,0.275105602996498,-0.0719522352521318,0.087912443120682,-0.00162675936174357,0.297043370793429,-0.0345567668080733,-0.0335692210831088,0.288652368884202,-0.166677125612694,-0.0627043925951339,0.0980552041428426,0.0420356208587031,-0.100146936764933,-0.0988930914239248,0.0468322804474791,0.408238323276215,0.0157551530483251
"姨表姐-姨表弟",-0.554387253266859,-0.573297483266406,-0.496800844280618,-0.472983940390473,-0.443640073049887,-0.0151814794695569,-0.111816266224931,-0.106270015160295,-0.0939888440683301,-0.0200009469568172,-0.102848955132734,-0.248074652728919,-0.0813795882511566,-0.330087381857233,-0.378657465808626,-0.415523082730376,-0.272633762131447,0.088067293389247,-0.135205809857649,0.0376712971336627,-0.0549735455813052,-0.180114794511198,-0.0376371637374236,-0.162753779899776,-0.0299383968709395,0.116326344583685,0.369718966737083,0.316770809070397,0.492906504538277,0.351643376800495,0.22122325567169,0.158338031692966,0.13293481935079,0.368715212833076,0.305904887304165,-0.0489533087852927,-0.200051740285542,-0.15725401638943,-0.231790029175804,-0.286099963523193,-0.397683007118224,0.0600489274838644,-0.113441233151531,-0.186738965597195,-0.357291549507493,-0.124297610406426,-0.404944935206064,-0.207024465516162,-0.0986114125721985,-0.0401708887446094,0.0602461035591478,0.305199245955079,0.00178112872917044,-0.154490840630129,0.0528975205061646,0.168915065629554,0.24570655834354,0.275312527120152,0.0185429436317056,0.440057600787004,0.458428053481525,0.603863343150739,0.566583253543623,0.301786184257264,1,0.0525421015325826,-0.232857037548506,-0.209378310008214,-0.34816012306484,-0.27214721140473,-0.201023121845543,-0.330781855208347,-0.381365807351852,-0.434376082028726,-0.294130343986713,-0.0340229887222495,-0.0724986309124422,-0.351487357038312,-0.48918328572715,-0.168684684060443,0.389112132002075,0.478078018635416,0.352792714529282,0.496246405218865,0.462733258458885,0.313930596490975,0.463517869687479,0.471486488392421,-0.0149516731707335,0.362366645357974,-0.365674351434737,-0.100596839130574,-0.218260791686883,-0.219103295807728,-0.201311203183061,-0.168342440389137,-0.097500096655182,-0.00882682577762376,0.0946766632530339,-0.124808661233287,-0.450152371047132,0.0926696050473286,0.243200282088156,0.134116124781722,-0.0972168936544435,0.45794640320295,0.453550660706296,0.359585197897232,0.473054230081535,0.443220912419224,0.0891138356457708,0.125631199879835,0.23875432767493,0.209266784599708,0.029588714650955,-0.462318529086859,-0.222678969895984,-0.244224740747326,-0.26818047851115,-0.470422100130618,-0.184055337404785,-0.00632294640638152,-0.212610573923404,-0.2297041941066,0.211019337627419,0.0377821786000445,0.329690659002829,0.224291815165722,0.28941962484198,0.394285279763437,-0.151432361886968,-0.183590283836433,-0.00957730178618052,-0.122249942724901,-0.114365329358284,0.288595095642155,0.0903188478720973,0.0616247576087184,0.2619398617642,0.120843029999052,0.423780972566868,0.479093574409537
"姨表姐-姨表妹",-0.293850611059023,-0.196584812601704,-0.255658355293102,-0.10124958533823,-0.258512403076942,-0.160375212442652,-0.247066785042014,-0.251292735842162,-0.136019547470397,-0.347037592142004,-0.13242849990113,-0.344995182078722,-0.19485302449734,-0.155479146434167,-0.0164588098200339,-0.164422451948117,-0.140216182733528,-0.194258338081814,-0.00357155427271038,0.00959085375921287,0.0173084539193912,-0.245198632339993,-0.112694106592961,0.276075875529774,0.011839301870405,-0.150015428064025,0.0306610160064912,0.145646945086238,-0.075706407637119,-0.0670587360172201,-0.171191434621869,-0.181988374373975,-0.108946596863422,-0.115151568705485,0.151956347454262,0.0250916335882826,-0.0485642585327693,-0.0812508552992637,0.199396465200056,0.028700182882866,0.218476207309696,0.0166722337604579,0.1580430658989,0.155424443477549,0.0833525943987919,0.1641143829138,0.301374029129492,0.333623955488529,0.149211120095484,0.370185873901514,-0.0753622140789218,0.0237865662445938,0.104945790223388,0.197950923612374,0.0355131331931432,0.164189404860255,0.0619635745331965,-0.0271882390097415,-0.0103431199626549,0.0047260684494725,0.0430595450636379,0.144245082878189,0.0611988251609378,0.0769747796127134,0.0525421015325826,1,0.0525334238890519,-0.115751633766362,0.291391933612529,-0.0359897012263445,-0.00822999874122951,0.21789192480599,-0.0309151817064582,0.17245877427889,-0.0138726066789462,0.255267856040421,0.220208526823443,0.0769550279098391,0.0768299301440496,0.27087726500576,-0.0568756881621763,-0.00372813325012195,-0.023511250080166,-0.0600144593747737,-0.146089629374735,0.110537660553655,-0.0768720462898918,-0.0894610398906971,0.0312412357311508,0.0390400144751576,-0.0169667047666907,0.120391559435603,0.255273118496191,0.286427825146062,0.117730349848398,0.0279696661174788,0.174062737664201,0.192214778082787,0.177674324024874,0.06738757861392,0.0320577218819662,0.34886232091396,0.24484300815865,0.24238016756624,0.142098385803663,0.156484630045966,0.0115766566672688,0.0294769847872076,0.0481624269923699,0.133164312626161,-0.23314106887036,-0.113202190367791,-0.35549573931056,-0.253204623487828,-0.00390071251383527,0.158901556603101,0.203627567086679,0.261203938021802,-0.251006722851583,-0.215216598995305,-0.177173155913552,-0.133739246515681,0.130204399108875,0.0190455509205617,-0.166346571776271,0.118621966960319,-0.169432895559124,-0.102783340878822,-0.0630715796257875,-0.0857871889012334,-0.181985065984234,-0.16512479243135,0.0292653657232328,-0.190363132327766,0.0193327719183541,-0.083671563524805,-0.05839675753712,0.126466648743039,-0.0274961038239773,-0.0475334858351077,-0.115674899592302,-0.195631771353397
"岳父-女婿",0.241915019911034,0.0747315994101886,0.0948775188079036,-0.0648417999137191,0.0795472659621505,0.287241021409545,0.198459936612094,0.205738052273173,0.257474094907794,0.275575791743546,0.136024186243473,0.142576702299006,-0.0742304760927409,0.241454441923353,0.100376786323399,0.264825003544721,-0.0922597653402768,0.234607043514449,0.00613378263233113,0.126159975371144,-0.0074648068624469,0.0968734516043308,0.0399557204738537,0.0536567788689304,0.165889589678315,0.0872630789026745,-0.185227591978143,-0.147189432758841,-0.126959986200589,-0.12355569508008,-0.119695077704492,0.108546530788826,0.116952535318932,-0.0782713607424291,-0.207421301068278,-0.00943329752623035,0.128813151820399,0.0359557017311489,-0.0323972895937932,0.0911007367255221,0.0810848203618952,-0.157049358735547,-0.146089329022532,-0.245381745807724,-0.0499228878676363,-0.176872312010434,0.123169449105435,-0.226945033426422,-0.325907557026903,-0.147065460671146,-0.129766354413766,-0.322145993624774,-0.0836410082137641,0.0844837013567687,-0.0290800299139203,-0.17249223501321,-0.175160432806177,-0.145972685291964,0.0450396841879971,-0.249078036293851,-0.290145673999283,-0.318497757510644,-0.330187014475967,-0.387360007497292,-0.232857037548506,0.0525334238890519,1,0.550085754958311,0.339200839423351,0.433653928110938,0.0859776965918231,0.270067506549451,0.0219856203715576,0.0149819529036274,0.0428204741182074,-0.228548900459124,-0.245830773328959,0.0543456408224425,0.0389124671858505,-0.0530259984415083,0.0478961219001303,-0.113312854462095,0.149941592475723,0.0452049913768587,-0.0379467078415713,-0.214887208248956,-0.158313594884574,0.0370874455153413,0.0499081846984195,-0.0577594101476164,0.12619870288538,-0.122546167466859,-0.0280934725210821,-0.272538986215996,0.162115347370623,-0.189557442799834,-0.0574850504218932,0.082129899573992,0.0777541724214006,-0.0474631375112025,-0.00353603999981567,-0.0611517685379303,-0.10931039348147,-0.316596082486795,-0.188429810707991,-0.321604064035853,-0.0158574912317946,-0.198260212073311,0.0570145977232117,-0.0935486013861146,-0.104842741942092,-0.123404559719966,0.00597943918302364,0.1895414567929,0.0509922040408474,-0.0584037586775321,-0.189075095590118,-0.099706838240783,0.424994629168754,0.284243724994176,0.282612413163015,0.165399359260487,0.134977397079097,0.13475329105705,0.230560203489808,-0.136210530278813,-0.0683363183826944,-0.0835851104022452,-0.000598405989369914,-0.187551371795906,-0.0886671645941912,-0.092029719925708,-0.244263666607799,0.0141035659679194,-0.00286412133163144,-0.0891939770004193,0.00486978159129491,-0.0091169940115327,0.0355695003794886,-0.144121733508249,-0.282408329225845,0.00215902018222541
"岳母-女婿",0.22108227972693,0.122963253791247,0.159888170311705,-0.0390175357314173,0.216486321248872,0.187461431768336,0.230335470864619,0.300298067674127,0.253200325599109,0.353924803915597,0.191179702136701,0.259395122729658,0.0431103357506677,0.301657419609061,0.239725426897813,0.267419678127481,-0.136882150166554,0.136292678197835,-0.0123452909765953,0.102478837899187,-0.106265677645238,0.00463574315326403,0.129946401249919,-0.0811268942413999,0.178630960438323,0.172026765228422,-0.1792262533577,-0.00338264111357627,-0.0565559400477227,0.0227740183680119,-0.0891776207094814,0.175372723204821,-0.000504249354964395,-0.0720409932022141,-0.276690101848889,0.0195905756304047,0.0876478071079192,-0.0340696159319385,-0.0927132286378075,0.164386029640281,-0.0540777984593148,-0.230659333972524,-0.178013895570603,-0.255237263054505,-0.103808116747535,-0.273402492525407,0.00870446056633817,-0.382444310601198,-0.404873431093483,-0.232441604697206,-0.223864981311221,-0.426107653878567,-0.042443878494168,0.0980309480112531,-0.238542701665209,-0.262444909521736,-0.0786294090067167,-0.0160483022825637,-0.0320149652698151,-0.0417142976882554,-0.241201137140594,-0.334608271985454,-0.363675379304529,-0.44283970072803,-0.209378310008214,-0.115751633766362,0.550085754958311,1,0.233751452199912,0.606829704339185,-0.0842515439437006,0.0892791522688915,-0.203535965017946,-0.0995033506101766,-0.0367636234234687,-0.327823634280493,-0.303804648610888,-0.0534831471461385,-0.00545312240984861,-0.278576762601811,0.116451524045564,-0.12891836520446,0.087231478636615,0.105694132665994,0.038027312653759,-0.128729894427333,-0.0870405357596032,0.108345800346995,0.0809141450899224,-0.0238151790258451,0.0118634440986022,-0.268355231159597,-0.225289651752576,-0.353037763040907,0.185159117424493,-0.258213543317121,-0.152311499822166,0.0163634130393656,0.0398837607523275,-0.142261679825664,-0.173539604359644,-0.041133215538604,-0.181158786926511,-0.305216776966637,-0.177614558629402,-0.369243364573339,-0.0569296539059812,-0.169216979178691,0.035312132223746,-0.011646334952764,-0.0612042072205135,-0.00873752988958179,0.104953110456469,0.252738185454329,0.0129347268495747,-0.063124348532103,-0.142214379178104,-0.0239446626397933,0.360677987109219,0.35615065622638,0.343761659341672,0.362341294226267,0.132774836212238,0.231571835686565,0.362887500120955,-0.101950027112543,0.0229038693447719,0.0272016869118653,0.0765715902207951,-0.104405408101211,0.00847704740282483,0.150250908742187,-0.138051377194632,0.32565332167197,-0.105205086042743,-0.102245763369879,-0.0843735616393221,-0.0142468260560863,0.00428192380340833,-0.10381517728461,-0.239505324611177,0.136583379903952
"公公-儿媳",0.208705714027844,0.241130741967405,0.18321249953634,0.139151996329239,0.130648923957013,-0.0206228860627144,0.0157981999027028,-0.0317264459263425,0.0202546567306114,-0.0833813573270026,-0.15315771832964,-0.0308212796879788,-0.151450768964093,0.103802329599979,0.0566742197725874,-0.00836868974824674,-0.102812702334515,-0.258310729659341,-0.12709877539588,-0.066400986429099,-0.150447436307452,-0.102446596031518,-0.0873646340941005,-0.0223401696010045,-0.0621007430723505,-0.370145967534672,-0.240071945996292,-0.0673913869866041,-0.327715768322084,-0.27108826081846,-0.280312282934032,-0.0709488172497831,-0.0616433250993997,-0.199983452648931,-0.151444253152378,-0.03616920264476,-0.0609841331524938,-0.104578366112449,0.12196428327433,0.168535613129922,0.314379362106341,-0.132969924963171,0.167273518498882,0.156644237451793,0.270953340358825,-0.0226880600959837,0.374922781202915,0.193458609978194,0.0803123874438875,0.237588528276003,-0.214675236472314,-0.140663983690831,0.153851750124732,0.242616884721246,0.038802006756038,-0.121639961589875,-0.213549813662337,-0.182437364798781,0.00172142814402513,-0.255647780175588,-0.356096428561422,-0.434573703061631,-0.351140271887736,-0.229664877901386,-0.34816012306484,0.291391933612529,0.339200839423351,0.233751452199912,1,0.506030818216325,0.0410878825719813,0.24191197057318,0.220853093640688,0.302560791506349,0.248914364396141,0.207958954202793,0.218538596376282,0.408597641378342,0.444586338671009,0.355436463620628,-0.10021631564917,-0.257136897760026,-0.157949009850127,-0.221574099987453,-0.177477557928309,-0.0520565161253923,-0.339794241217625,-0.251111461670341,0.0898429574915085,-0.125898603912102,0.0778379159881059,-0.118269326232087,0.103541569856611,0.245357824157087,0.270287753924943,-0.123682639811686,-0.011428235882774,0.0386811909680105,0.0841096960904241,0.0225224559025431,0.105757005086703,0.0628506761052216,0.0338065436274677,-0.0356072623875267,0.172083917565748,-0.313519154374346,-0.258298742824303,-0.237969689781557,-0.203678046820254,-0.0986726665748398,-0.31615132681159,-0.0195447063289817,-0.223926130804396,-0.157892651352392,-0.0640067687300343,0.31083035449111,0.225018680717356,0.391960457902164,-0.00062518129680702,0.139524167949496,0.0392602025963013,0.0284462714541468,0.182899104984505,0.277795975545895,-0.0870051823764547,0.00468838688704561,-0.188780239406664,-0.136650445784643,-0.0883824648760351,-0.230850298027909,-0.0854613977129769,0.00375011707465473,0.0458597144976559,0.0814449165796174,0.0649953717943826,-0.199160924769214,-0.0448206556727888,0.0575293294083537,-0.115924859150526,-0.00757477410792883,-0.467276446799107,-0.417550897456837
"婆婆-儿媳",0.363659780415268,0.231050097545956,0.248525060791341,0.0737228179752705,0.378299075204041,0.273410802186411,0.342509266983295,0.422013162842432,0.39931986036416,0.339220312943158,0.134844869637902,0.270731748120386,-0.0157538907121182,0.353458697472371,0.169622411819047,0.201584298701909,-0.128608851662934,0.0257187721829803,-0.11386465633075,0.12217819003436,-0.0839697741636744,0.094717386245302,0.133199314683811,-0.183536408372278,0.206824117079726,-0.0020290623814559,-0.321791431718033,-0.105285757594478,-0.169141831237957,-0.0461892466535139,-0.268691734308613,0.0701941006990043,-0.0493022497256453,-0.129347164265232,-0.417285978484349,-0.0211506435644204,-0.108389169992259,-0.0168726130478034,-0.212506687473844,0.188154816717831,0.0215945413244112,-0.251264313639883,-0.171536215972115,-0.106945016957112,-0.0538204072924501,-0.304700375735269,0.0860490629798239,-0.336294375686747,-0.348587391284791,-0.190971603984971,-0.310405843284305,-0.405519474380749,0.0947791578493121,0.208228185289936,-0.183633746079636,-0.283764479837806,-0.076265484145508,0.122915715676777,-0.0686921743858174,-0.110080404109725,-0.353835329385109,-0.461852619104847,-0.464808786741188,-0.469138944698997,-0.27214721140473,-0.0359897012263445,0.433653928110938,0.606829704339185,0.506030818216325,1,-0.0449189330762402,0.0094156439013382,-0.113536976547358,-0.0740293016389984,0.10267978270155,-0.361567607969272,-0.285975573012037,0.00488078200244643,0.13813158663367,-0.192825126976107,0.122901328761434,-0.314929975004188,-0.00643570776135186,0.0398849876301017,0.0147834745299069,-0.119551368247947,-0.177903803037706,0.017904053371227,0.0841873208433767,-0.0772249635907749,-0.0366532357547877,-0.424671580913762,-0.278320992533021,-0.298548966762856,0.304570916899599,-0.397034312889096,-0.320805646521096,-0.0678906437977078,-0.00375765044356692,-0.232197408165034,-0.12266315705105,-0.137092198884064,-0.193121126061142,-0.314743965909574,-0.156470854876192,-0.422925307272931,-0.115168178337846,-0.249914258771015,-0.0488653119027446,-0.0436409456351362,-0.181714895974412,0.0394997635730124,0.107547506124319,0.21571095501742,0.0217468476406776,-0.0196307780958051,-0.0475141314916034,0.0997069702190104,0.351440650661468,0.35295840380506,0.348442470797333,0.325640395534463,0.132980250806454,0.186588339694048,0.309379761191586,-0.249142197617545,0.011292620165351,-0.060085149522359,0.0473419150860815,-0.209099264291994,0.0665606793194463,0.295581676208446,-0.0695230032485965,0.445561991428955,0.0673035702375597,-0.0234763236200763,0.0436148837665297,0.0774384304753296,0.00776026320154931,0.0334500739271389,-0.443614379017703,-0.00317580496396348
"舅父-甥媳",0.0517359253424798,0.151581991706711,0.0471530808899464,0.0806369890773791,-0.0108664103881191,-0.0860309428394531,-0.0544072510217278,0.0408542595050402,-0.00214972913717445,-0.079378157689994,0.013723039965185,0.0688364009821872,-0.0903571562389405,0.275048156143598,-0.00756973881416354,0.140565450840283,0.0446548740563509,0.0126854433331784,-0.0144255730833338,0.055463911712728,0.161526957470676,0.221285617233476,0.135904374838054,0.173222112600791,0.00379958438668274,-0.0449070948553386,-0.00349538993019687,-0.348158231511307,-0.0582560399056431,-0.1769733949181,-0.0761453504959357,-0.3281695758925,-0.0856738207200272,-0.398801082044655,-0.0363365031249285,0.243875443672191,0.108229959752502,0.119428723820543,0.246698489375639,0.0668962511481988,0.424356448243533,0.19243915819927,0.187142712903173,0.142151506067039,0.252389413992343,0.312806739594783,-0.0979820586557423,0.011246079037085,0.0207783400565926,-0.199522082416271,0.228340136846164,-0.112423804912826,0.0717673197980614,-0.223230960457561,-0.00569471196726476,-0.113870809421438,0.0675296935803963,-0.11363523030185,0.0125936749860593,-0.172811524392028,0.082112791467017,-0.00190417991645519,-0.0403669694125129,0.0673287845198805,-0.201023121845543,-0.00822999874122951,0.0859776965918231,-0.0842515439437006,0.0410878825719813,-0.0449189330762402,1,0.450466833986462,0.586728225992262,0.327926578570999,0.350382941610092,-0.0337852929265567,-0.0188146678372297,0.059057518557489,0.0883992819508763,0.134506956527391,-0.217171353736372,-0.0885204769080056,-0.0704483185969989,-0.145103889707815,-0.182827016673007,0.12024692432886,-0.110955507844461,-0.144764553787663,-0.0676443792944437,-0.312372849972062,0.312610157233929,0.146297546289059,0.0949739080995935,-0.0643872509840937,-0.212608680227891,0.44030563977901,0.282277430005982,0.356672589455345,0.108857048904444,0.496896184544787,0.496180475931377,0.141006014867623,-0.0250580021747867,-0.11343143526404,-0.0237868857045665,0.0139985052030256,-0.204289005152483,-0.289313463668387,-0.353315324888482,-0.468134144791664,-0.0640523028385741,-0.183463099953277,-0.157174351336118,-0.0809234064232107,-0.115661147325295,-0.0405554020152178,-0.151873354971187,-0.262394966544188,-0.0528621671373776,-0.109800132369269,-0.101178798947533,-0.285717563145473,-0.00952545830538763,-0.218732096443485,-0.170560094430343,-0.047503074923996,0.0140437215853294,0.0411058761068506,0.0779638811052592,-0.0592465376237098,0.253066919271692,0.13056126031532,0.0506015852896723,0.0879799142133076,0.103386487092741,-0.0539121694943268,0.115608700063836,-0.201408826467293,-0.256777915251775,-0.273100288383683,-0.251894801588814,-0.273177020505025
"舅父-甥女婿",0.00722392926837141,0.190010665367469,0.0705340266729521,0.113776478694545,0.0460280811068961,-0.143200734947874,-0.178725847013546,-0.12799674864046,-0.13801600080925,-0.306801661664953,-0.0705094374460768,0.0230886241309478,-0.0330900679924061,0.206281770446475,0.0994605078959042,0.124654513613106,0.13040882995368,0.0083294899387495,0.0835456022389771,0.126247553656554,-0.00905316496840461,-0.0141226368426316,-0.0367414544382226,0.227305419453909,0.142141857085676,-0.171631078145371,-0.0312951773832274,-0.2041633347604,-0.119230302236335,-0.133433791315928,-0.206722868402117,-0.326034947143877,-0.00326142904557038,-0.292547152506278,0.165084189566761,0.075631135014569,0.000595484791006901,0.0805158626377929,0.297021006268051,0.190845292804409,0.469454002722713,0.18665124606662,0.276473910528861,0.304202091580987,0.227993997115447,0.295342242801505,0.184988337800138,0.157754329947991,0.180507544360349,0.0381133278773602,-0.0169386494802265,-0.194851130334493,-0.0341986325237494,-0.0818964430730821,-0.0682216640716293,-0.13743538200388,-0.0950666572167368,-0.279187198045809,-0.072059543309683,-0.135007128979179,-0.0984739654387115,-0.165462915518499,0.00375681702725892,-0.165033195545804,-0.330781855208347,0.21789192480599,0.270067506549451,0.0892791522688915,0.24191197057318,0.0094156439013382,0.450466833986462,1,0.265331012827571,0.528659484689856,0.272939803485115,0.16100814609973,0.0642164916951168,0.222251950064088,0.233723600922532,0.274288543755641,-0.262412244499773,-0.201288074307632,-0.174974846202491,-0.29891199665314,-0.327679169707613,0.0139621108922223,-0.181975907124188,-0.317633490201254,-0.0721332448605928,-0.263254610730174,0.0738369311933285,0.0425925645414496,0.109028557343506,0.183779656454387,-0.206455300418292,0.167555162874788,0.327085071889313,0.300108748915001,0.105212091679735,0.364342687382809,0.351886180714651,0.313812915194573,0.062771758428359,0.0808741055268024,0.232491397876861,0.0030149025321049,-0.112190976259154,-0.0433658123583716,-0.07264771651501,-0.249539476650334,-0.21848575881985,-0.114914280486735,-0.303493031915002,-0.203249832944709,0.0106885514079105,0.162170506499453,0.0673495241079253,0.127737169073088,-0.120623490920961,-0.0391894382088926,-0.171722842803018,-0.328478183507918,0.0708375595914067,-0.0929334105543732,-0.215093912437482,0.0286354563273338,-0.0925616587062861,-0.105439491271335,0.0340472413568615,-0.198865591595145,0.124301201373847,-0.0365790962846533,0.0813752560121136,-0.056474972083375,0.112016400606339,-0.218465143147476,-0.126945740386837,-0.131455391829996,-0.193944016638925,-0.286522198497345,-0.258177740913697,-0.388516583949735
"伯父-侄媳",0.231242744069118,0.345469067385552,0.259019482509403,0.327869709281131,0.0925823666124227,-0.241798296469178,-0.11062895769187,-0.0843189238249748,-0.135432970513588,-0.261589950047431,-0.102005906104261,0.0371355320814521,-0.0577916035222457,0.114236769480428,0.0999316658216272,0.13252137136287,0.171557165660985,-0.186840426554106,0.0216716551637949,-0.151467737448195,0.12535846910399,0.102702946354901,0.022988104917301,0.254389885498464,-0.102309343237711,-0.238583876419968,0.0113051186785093,-0.115861670030172,-0.180092488426329,-0.251376623896141,-0.0334265495886198,-0.195402252372381,-0.00785371385896321,-0.335062538861235,-0.0116930569397448,0.235232361762919,0.139387418554179,0.0568214644897893,0.218607059392986,0.077088285563263,0.380346543381095,0.120061773922165,0.163011867003492,0.302443960333502,0.372361101574889,0.233674258250458,0.150974144725028,0.384972296709818,0.330015135367775,0.112907264091542,0.171102741353788,0.0682554736699801,0.183822829163865,0.000955447832496412,0.0635918659108508,-0.0797885977250899,-0.0406567811872455,-0.258005809541584,-0.0742073225172648,-0.232567178009121,-0.121328405790141,-0.109103578204839,-0.155602029157037,0.187963764372001,-0.381365807351852,-0.0309151817064582,0.0219856203715576,-0.203535965017946,0.220853093640688,-0.113536976547358,0.586728225992262,0.265331012827571,1,0.568316028482449,0.429024163934225,0.17208205925125,0.234215567079507,0.325897075754058,0.381119624044847,0.348841248684747,-0.392675341999396,-0.1324791206657,-0.283914852402494,-0.35243402500429,-0.236064146978424,-0.0319649613206264,-0.215750122191011,-0.395496803665437,-0.202780381733892,-0.419798004744905,0.31572728410865,0.200259227601084,0.23399371034528,0.225702774879356,-0.0681783569577182,0.514438269261486,0.236931069957126,0.222937178480235,-0.00481077386896706,0.45297737875487,0.506241794574467,-0.0720856409133316,-0.0721516497887197,0.00445855440963646,0.141871300257368,-0.0466602114809833,-0.348059531749435,-0.18431975343596,-0.509530735824949,-0.451540418701954,-0.0850898107136629,-0.120561194755635,-0.214975122181307,-0.322803427604873,-0.197293364908194,0.305470648384909,0.0715146357498888,-0.00142942282713624,-0.110359381418454,0.129340179705501,-0.203721493392456,-0.357834498087006,-0.0752335586493589,0.0390908723680708,-0.469454578663617,-0.0109355276753846,-0.327603747649987,-0.166037017212672,-0.208543282677114,-0.236288744268245,0.0917962047349877,0.0172648285750859,0.215989108846138,-0.0662896547386709,0.0348536736248418,-0.216479160521188,0.0598458079111256,-0.273097097975474,-0.400240064743386,-0.280315797909442,-0.292423702589433,-0.464390281102068
"伯父-侄女婿",0.205189029351796,0.412776472471178,0.323862875584103,0.441811880790042,0.153435242336012,-0.331878620695827,-0.29232807301363,-0.261300575698489,-0.338750589365362,-0.479208635436018,-0.042721765729726,0.0351209278889924,0.0769590223216933,0.146089987678579,0.318481343979848,0.256458044608929,0.306928913686938,-0.260086410632715,0.126482859030757,-0.0836729239685727,-0.0768211648495418,-0.205686514804132,-0.197485311435561,0.236922892004672,-0.122248688320346,-0.342304128823432,0.007993020190922,0.0328643857085427,-0.171290644885821,-0.178086847746384,-0.12454977104554,-0.235416161989522,0.0854743017375015,-0.204287330814776,0.192017651453284,0.306181616652959,0.15703295268871,0.181761621242435,0.437947573711502,0.317683186689038,0.583156146305959,0.198734589582848,0.40826778192916,0.497314788619172,0.514818669407573,0.436987127951681,0.353465801824951,0.475000454198274,0.464579401969115,0.386676496761803,-0.00867168363289309,-0.119910235260963,0.00188150240234757,0.0252278964030716,-0.220204213880991,-0.140462638969132,-0.165076378627558,-0.438521580675017,-0.0822839089817599,-0.314592105614108,-0.133988973231268,-0.111142225593244,-0.106418055185752,0.131198922445034,-0.434376082028726,0.17245877427889,0.0149819529036274,-0.0995033506101766,0.302560791506349,-0.0740293016389984,0.327926578570999,0.528659484689856,0.568316028482449,1,0.356004505682255,0.369078429361918,0.313055260830517,0.409743353142708,0.563482186637784,0.421735239980173,-0.410378170210264,-0.221423497320808,-0.325886946492375,-0.469886951773784,-0.421557693786261,-0.0678122825952136,-0.434540712052074,-0.523550514157322,-0.180650057482007,-0.49410049575281,0.163501011718018,0.187079296700477,0.138764060581475,0.368893308979565,-0.171832958272813,0.34199139144713,0.345511632418943,0.218491459276207,-0.0681602176061611,0.399234075632314,0.460636500115872,0.0748310550094658,0.0802846927723246,0.184590228304323,0.364234056987313,-0.0805171251630277,-0.400387508101969,-0.134196254877456,-0.350153355453356,-0.402261889421598,-0.071163282479949,0.0151865521369128,-0.356319094998339,-0.325083177926198,-0.11365237153147,0.398455823462654,0.204488661733471,0.233960260084129,-0.331093565600459,0.012788239608149,-0.387591163090254,-0.387304634360316,-0.104664541248243,0.0287352142842187,-0.496674038789666,0.220801721148563,-0.362861581039184,-0.221222248859512,-0.200025987288194,-0.218861201584614,-0.0447960221869034,-0.138406052318194,0.216289354261611,-0.158726143526242,0.00824150959065557,-0.364153982105426,-0.247472974131433,-0.284986750068103,-0.440520133513734,-0.36550616526434,-0.256098289822164,-0.573731012473674
"姐夫-妻弟",0.291717803097015,0.314616706147787,0.340146391584135,0.270416329711596,0.214521690407239,-0.271339437943692,-0.209464123119372,-0.0797927253696196,-0.115549534095957,-0.209224015666653,-0.198258833883682,-0.102752032392333,-0.18853178781291,0.0417947239242495,-0.0618279263409231,0.0803994827947155,0.0489534547877652,-0.332028857451071,-0.172894826150251,-0.154103990033963,0.108747928916321,0.057236760790906,-0.081936969916065,0.125423151273695,-0.0733769389612241,-0.336590466283451,-0.122850683826112,-0.30582100760711,-0.116589646361325,-0.258184183524693,-0.139600224269183,-0.287121091290289,-0.00701265845359015,-0.176194868011871,0.0462676280663817,0.183939714369826,-0.0805013061497105,-0.0503474872508277,0.107028933466144,-0.00639198297743194,0.394586012784822,0.149975558073429,0.271216377522263,0.326972334038894,0.524309681205361,0.137817623440277,0.17383805659457,0.249523614094817,0.201533403457701,0.165547237579134,0.0790803733305647,-0.0493678325884551,0.108270656624414,0.0750938608513564,0.0654368207104328,0.000721991559630336,0.0745920425892081,-0.0168572722521265,0.194645416097593,-0.0477145358123001,0.0689414313172574,-0.0226038365540641,-0.0241342644614524,0.161549109421996,-0.294130343986713,-0.0138726066789462,0.0428204741182074,-0.0367636234234687,0.248914364396141,0.10267978270155,0.350382941610092,0.272939803485115,0.429024163934225,0.356004505682255,1,0.30167096918462,0.381866076771741,0.264028238959677,0.325996017338474,0.319335571011871,-0.276907139874351,0.111796528592873,-0.32841293609775,-0.361501381472736,-0.325518580089772,-0.172643756056525,-0.337844859509141,-0.448337213805941,-0.0873238704490308,-0.322847553307213,0.120058450754062,0.0959211659760842,0.00328972945557759,0.251369027300614,0.0490848592050634,0.216918053634622,-0.0976681877915482,0.187139608954515,0.0326533073749075,0.365168502999287,0.393153061823398,-0.103955740663702,-0.105294797174,-0.0922042011098288,0.0912239733686089,-0.113747201933232,-0.334511004264921,-0.306195230533413,-0.444619555902483,-0.424286261798664,-0.0193815146045557,-0.0730233354487546,-0.196118497281658,-0.326188147577754,-0.0945411495617894,0.280558281218805,0.208573130823632,0.104372376389947,-0.138005969483998,0.0619603575871222,-0.142596984461366,-0.348209391074441,-0.112921682596009,-0.1373351596744,-0.339043607243214,-0.0891398000500128,-0.0887086735182844,-0.044437884536366,-0.0692175709064301,-0.12091433596015,0.267978754858785,0.201792418123732,0.296938935820241,0.12575166260946,0.146884461845027,-0.172533179055203,-0.0512356622104342,-0.229086417462797,-0.302909904236653,-0.156331744059002,-0.247120755098383,-0.300061923757063
"妹夫-妻兄",-0.114011298447011,0.0770150981342955,-0.00254226786719921,0.192613405029829,-0.165469006213812,-0.492512462835128,-0.507559078333855,-0.611030977404047,-0.548310798846585,-0.567854123217973,-0.260270862568965,-0.380311392958288,0.00499763641409878,-0.401366840204961,-0.15497229186261,-0.296512095744625,0.0661023354189978,-0.371967764059882,-0.149766827227804,-0.168249006312437,-0.101739834390093,-0.302008457029449,-0.255454589876021,-0.0298903787462953,-0.361646602156221,-0.418478596895661,0.0944806155839007,0.118611405165711,-0.120067918683528,-0.201660119223351,-0.0247094723701069,-0.265348228313447,-0.00941134603862428,-0.00788228968872112,0.402780327333315,-0.0418000380861909,0.101904202648157,-0.0617208251209327,0.470257480426685,0.029819586168726,0.324020191885611,0.274837213203966,0.447941407947921,0.444840115338055,0.427762126173005,0.383324590717756,0.290511740274131,0.671407814767394,0.582104566145825,0.497985941644852,-0.0106219982125376,0.267713666385878,-0.0825506038444667,-0.104191410178142,0.0900429765057474,0.114997382862196,-0.170979437822295,-0.285980883123701,0.0549959121379605,-0.0397276290101061,0.101760701543854,0.0774971059194469,0.240537161671805,0.284635277339599,-0.0340229887222495,0.255267856040421,-0.228548900459124,-0.327823634280493,0.207958954202793,-0.361567607969272,-0.0337852929265567,0.16100814609973,0.17208205925125,0.369078429361918,0.30167096918462,1,0.847416547330042,0.499856457773648,0.384631699686755,0.72574790775391,-0.272950652191633,0.206314044468788,-0.244734350618692,-0.312508235984191,-0.273984199813516,0.0736931330820725,-0.257796786266116,-0.308377349888915,-0.062386771928773,-0.092172024646031,-0.0160070599589372,0.372285268624687,0.318297941855064,0.677878146019547,-0.0533696505835986,0.253329574166328,0.257448630206778,0.190579050289323,0.0782168558549343,0.315323260946966,0.200866816361238,0.0867735129404173,0.24048131374038,0.460200408991068,0.417858462597694,0.113896307470785,-0.185017131268827,0.00382733819679761,-0.0984924393780506,-0.0745966350998109,-0.0982719549198056,0.0298442680432055,-0.356026769190916,-0.492300287338847,-0.144052225488633,0.362134949872766,0.418855307155204,0.332717790908264,-0.468522765585613,-0.279596126838261,-0.406656286753546,-0.31652815407728,-0.0278153867080981,0.113461327382255,-0.455017113373476,0.315996985456743,-0.160791008108131,-0.0180183322086462,-0.0565850433240702,0.103556276890216,-0.100180708055551,-0.280114721675887,0.174545567550197,-0.402316000294368,-0.0175378989154541,-0.203902014231725,-0.308045915980665,-0.13622007676724,-0.271101572972005,-0.147569702441718,0.0988294709280247,-0.450517825788868
"妹夫-妻姐",-0.0559488765542915,0.0672128833152916,0.0579211985096187,0.193446221468423,-0.131101859728606,-0.494701662700415,-0.431609589239451,-0.540695578575379,-0.452072333047782,-0.548772321631396,-0.265455298397852,-0.36239951625215,-0.0149742883365788,-0.43357816203755,-0.163216597372943,-0.302551267683894,0.0212515031706747,-0.423219732797994,-0.178776350179818,-0.256151697141546,-0.0454317642921223,-0.2577096433066,-0.197554474585856,0.0076892665703834,-0.384440600763782,-0.450680015839982,0.0667541388890399,0.109133767868271,-0.0817254370286396,-0.185300551583032,-0.0822213434840681,-0.226411876961525,-0.0875237481883743,-0.0396093055544856,0.300663418946348,-0.00775296493517812,0.046167095293004,-0.0452206508478296,0.382543217372592,0.00874906694879429,0.305659401735815,0.242610966792343,0.375844994054229,0.429581136892416,0.464029286627064,0.423009372910685,0.212762581875112,0.656739477795286,0.548805660799927,0.464703810627858,-0.0443724218536206,0.281841239705695,-0.0266559642479135,-0.0249095789388223,0.133476792463024,0.157410000371433,-0.126281950956475,-0.170607377324629,-0.0299772945612556,-0.0517642161276658,0.086660577879692,0.0783071302742458,0.134227288021865,0.349732888013087,-0.0724986309124422,0.220208526823443,-0.245830773328959,-0.303804648610888,0.218538596376282,-0.285975573012037,-0.0188146678372297,0.0642164916951168,0.234215567079507,0.313055260830517,0.381866076771741,0.847416547330042,1,0.501441607246557,0.402082131800789,0.708587974974449,-0.269539222029554,0.179018306054355,-0.285722607570362,-0.378539905422974,-0.307517532871237,0.0363026844265979,-0.227663799728809,-0.275050337751314,-0.0615632320163414,-0.0682707619533611,0.0251202065975279,0.371582456452159,0.304857082126118,0.658335019735755,0.0729952444899834,0.290093458853831,0.194614379086281,0.139070896413436,0.121386909810284,0.298645151027491,0.265691397688021,0.0788030894915866,0.189476972940157,0.320983032266326,0.362512631005918,0.0522053244213324,-0.278434799962181,-0.123951119505914,-0.229948841035768,-0.135804950965724,-0.188710240080697,-0.0891775551651282,-0.329886184868736,-0.501870813403388,-0.243265380378987,0.397628342189362,0.43880287445264,0.347547591636989,-0.38079951620924,-0.177773195341575,-0.343920247393741,-0.272120872013208,-0.0368436521188326,0.107212959990442,-0.466993172965473,0.264146885884332,-0.0721431860524132,0.0851534484635286,-0.044413717497108,0.131181386951644,-0.149206693269864,-0.128687167976661,0.173507134436502,-0.338441482697036,-0.0595935380256677,-0.193565815097017,-0.238786087490391,-0.107725235677994,-0.274564028159782,-0.0812810311630576,0.0089925665582223,-0.424192365280505
"叔-嫂",0.277036562496155,0.248818366709432,0.263210268382835,0.281404650761606,0.054983288770458,-0.249968067387085,-0.265100099507148,-0.357393240660783,-0.312624094086952,-0.41755837461664,0.0157942456371174,-0.10404519291388,0.0661773974552777,-0.17615616326758,0.130677551541091,0.0012894766568693,0.0586522831278078,-0.216509372049687,0.0348224285229779,-0.122645377008761,-0.0465172994879578,-0.152407366184048,-0.169625272099153,-0.0752419160087955,-0.364266876689055,-0.286316639139127,-0.1138097999033,-0.0778845549364472,-0.378264786882027,-0.347727637455318,-0.00989498458111433,-0.000761288274330738,0.109724273470146,-0.107880318307571,0.115435883878372,0.13347608966017,0.273804352628747,0.100781129892095,0.319052189134665,0.319720777791415,0.350740682761766,-0.00216396980275532,0.273714974763924,0.173079352445146,0.342150658918147,0.246439358173675,0.397852132403489,0.390641986717512,0.265312437459194,0.24861347091316,0.000271000062623766,0.0258756184773358,0.0382251579011542,0.177258079725526,0.068948745376551,0.0168221764686647,-0.289149368320581,-0.306286869516525,0.0332177323141945,-0.386495685563122,-0.188090496940539,-0.205258142419192,-0.197266633745032,0.090029398681612,-0.351487357038312,0.0769550279098391,0.0543456408224425,-0.0534831471461385,0.408597641378342,0.00488078200244643,0.059057518557489,0.222251950064088,0.325897075754058,0.409743353142708,0.264028238959677,0.499856457773648,0.501441607246557,1,0.720443784603567,0.650385080738129,-0.130792368437664,-0.0797694037126644,-0.0614138475108895,-0.283802794623822,-0.363678838063696,-0.173500981285145,-0.41166025308533,-0.3078041963602,-0.161137376920988,-0.186825309443704,0.305454718396394,0.235188013806523,0.276081160531915,0.3861237403148,0.18346864853776,0.158273479054004,0.266771754651701,0.102019439675296,0.22904083886204,0.215492511427913,0.313438655661357,0.0720561812395842,-0.0827814238844016,-0.0035182383235014,0.174370653257594,-0.237711100504545,-0.410176991345835,-0.27243378915277,-0.306529712084275,-0.260323670093244,-0.104292791862295,-0.0503566725421358,-0.210606607830254,-0.331203015614253,-0.103820710202508,0.432098223616554,0.292531434664875,0.260014419285,-0.149304222689153,0.0468947038874522,-0.170179172777672,-0.0422442896796276,0.124741848482478,0.257321459820812,-0.255438404183308,0.111027397825479,-0.30801263301101,-0.158976903243675,-0.190247914712146,-0.116909299131942,-0.190696782470036,-0.230968802171651,-0.0671386070186968,-0.258614829494706,-0.172514760772734,-0.38347673207201,-0.311108731533688,-0.115147180489611,-0.327055882179134,-0.199312847509757,-0.130878506324523,-0.354755782140649
"姑-嫂",0.527053641825982,0.563340519490579,0.456439208478905,0.613633063695869,0.379888752497124,-0.302547872785113,-0.260364552377815,-0.288021646295295,-0.301889036313957,-0.455822539878528,-0.0386892409493227,-0.0167020643379446,0.125085055997928,-0.030030936860376,0.272818382649992,0.185443958304583,0.259785933732498,-0.332954153160315,0.0592821667471995,-0.150851650884491,-0.101290815270498,-0.226088510943293,-0.238208562349906,-0.0533321447548634,-0.269897482078679,-0.291350405072288,-0.265107544474483,-0.165929826819131,-0.370571782414664,-0.374734448484291,-0.219633907814501,-0.199689515272193,-0.00499275497530161,-0.144231444535944,-0.0402691791684486,0.0407063215122678,0.130021500798611,0.146126898378381,0.334572071559504,0.397512840663237,0.46201841810808,0.0244140366404666,0.339125488036108,0.393618753856484,0.454290737619632,0.315583231837453,0.357161268891509,0.387193254592865,0.317640614900108,0.261231001983118,-0.0264162348601565,-0.0495013133740929,0.00203414305679976,0.0574372516427666,-0.0910040093465077,-0.0490461033398461,-0.308093815650758,-0.36439315430627,0.0189219733907981,-0.403741232790036,-0.23637232632674,-0.224214250018646,-0.209378323374763,0.112342184095521,-0.48918328572715,0.0768299301440496,0.0389124671858505,-0.00545312240984861,0.444586338671009,0.13813158663367,0.0883992819508763,0.233723600922532,0.381119624044847,0.563482186637784,0.325996017338474,0.384631699686755,0.402082131800789,0.720443784603567,1,0.486030204483727,-0.287463943873564,-0.223720104011457,-0.17433952656265,-0.502031271778603,-0.4531628822118,-0.310447906668911,-0.492951010793214,-0.567303390044372,-0.297256608498622,-0.425852264175012,0.273209362277845,0.0986678719263735,0.239870645251732,0.417377930932776,0.114184785317515,0.199928578845967,0.197373133639481,0.00692437764918629,-0.055992060452518,0.194824285506989,0.403787519270446,-0.040366620766249,-0.114921683976122,0.0959028050039864,0.315685444908828,-0.213868517274876,-0.5012010383763,-0.235462915630989,-0.375018112722012,-0.35196312247479,0.0525307706123417,0.170478579982306,-0.151332609351172,-0.312684055075428,-0.0889123790178224,0.546157409357985,0.285617688218597,0.332449219413061,-0.163038679845883,0.245168871033843,-0.241458400892148,-0.0966558683910652,0.0544011177751349,0.261503495952656,-0.423611822894519,0.278462881973587,-0.393822381792378,-0.169761842495428,-0.22964650534277,-0.0645075971438233,-0.105279019434008,-0.117059880440824,0.0524549494023759,-0.130413235018979,-0.0957844300538628,-0.328042626770665,-0.316259348303254,-0.228149787713509,-0.439538937958201,-0.239758451631921,-0.118185996742177,-0.489404345412883
"弟媳-伯",-0.0481329688949622,0.109219898231412,-0.00201763672055034,0.210354628598689,-0.139727666757902,-0.470103385264302,-0.507488101800001,-0.528185004164844,-0.518175937793,-0.556096577162147,-0.149817509473856,-0.23939562188096,-0.00478184569902848,-0.233293515701069,-0.0410424979406072,-0.194844538075166,0.0532031474802865,-0.285919895666751,-0.134489270605346,-0.0569769074869192,-0.0387927959534913,-0.202138820041135,-0.156938218647926,0.0779818973030854,-0.268635500056003,-0.33946040717883,0.081900403925197,0.103383049542611,-0.251355246881483,-0.228813960094275,-0.00978215560996814,-0.178511945675358,0.0413809208101423,-0.131807493245925,0.365123303870963,0.0497054811477622,0.128783007796487,0.0466176200466024,0.538277189207556,0.150202328850103,0.371443189692288,0.153178997210358,0.373919228285137,0.334394111070322,0.365020915591404,0.348518031172305,0.347898984148478,0.571360297440417,0.458657853717859,0.372590561811788,-0.0858730453764326,0.160065764847006,0.054803787665076,-0.0473570889698695,0.092898918196206,-0.029656560701164,-0.190513120445179,-0.376234640227523,-0.000819870021784324,-0.254830898387234,-0.053699643880111,-0.0691622062437676,0.071273998307445,0.148313108065502,-0.168684684060443,0.27087726500576,-0.0530259984415083,-0.278576762601811,0.355436463620628,-0.192825126976107,0.134506956527391,0.274288543755641,0.348841248684747,0.421735239980173,0.319335571011871,0.72574790775391,0.708587974974449,0.650385080738129,0.486030204483727,1,-0.223382302331664,-0.0211251985065689,-0.159009066920042,-0.303565313771148,-0.364704740228554,0.0269686390498568,-0.360078208921483,-0.297746473362819,-0.196618077683388,-0.12346278521547,0.149678290321078,0.308877641422793,0.445109595896526,0.626773800757945,-0.0418648560209556,0.343434537916013,0.302351416697503,0.284890548902721,0.179570032830643,0.46800800619792,0.287027303282085,0.233234280365946,0.148128970208836,0.25590119255789,0.414907009178946,0.0222067862702133,-0.220149697844207,-0.105082200866828,-0.189545196960162,-0.185798937791179,-0.199814354174238,-0.046728901414771,-0.31291813572252,-0.424783371096439,-0.055985874130639,0.337016180323991,0.353009932453601,0.287879215292455,-0.351840582853143,-0.216611070157694,-0.353282050488104,-0.245310538758331,0.0992824840423009,0.122637984107724,-0.362870862344882,0.1588471565398,-0.240727562335992,-0.141862825130523,-0.143379524245891,-0.0290423773026932,-0.16172268922155,-0.250179283750204,0.0596730667148716,-0.339965347214434,-0.0266006214408944,-0.295037212004758,-0.270830476727996,-0.0822499616630304,-0.307594868909384,-0.195413564158005,-0.0740005828514104,-0.472994556125508
"兄妻-弟妻",-0.213086617042373,-0.429524329211365,-0.323470510400672,-0.436101335317446,-0.248092491832712,0.347856444897206,0.189635030481349,0.180295656696112,0.172182221423193,0.215512163504543,0.0965288771841803,-0.0797361752685948,-0.0811271742260913,-0.150318912256064,-0.21666058900665,-0.1256090377086,-0.337451209006424,0.176101028417533,-0.0839126896466351,0.0210886762647997,-0.141955608238577,-0.0373405263713913,-0.0278663323526423,-0.265355625686472,-0.0725714889543129,0.243041744288747,0.131379288048459,0.172892752518713,0.130501319974537,0.160696985707482,0.177781973187221,0.307176474148353,0.12526220403086,0.18036196027725,-0.0374715562050292,-0.110353226028722,-0.040775934204977,-0.0315586081619324,-0.325265347842723,-0.125766970367123,-0.373058062197476,-0.321509932902983,-0.312571942987807,-0.473379788499423,-0.472845731172466,-0.336634646194985,-0.127399893229734,-0.377153822291318,-0.344655184743321,-0.242438281817312,-0.101892941532955,-0.0572368747581697,-0.0507355073457941,0.107116597258848,-0.0146018000790864,0.0383283463707977,0.0828429568175938,0.276252673293655,-0.0095754337575612,0.0894493732195792,0.0345160817756344,0.115001973093818,0.0355260221654817,-0.158999762876215,0.389112132002075,-0.0568756881621763,0.0478961219001303,0.116451524045564,-0.10021631564917,0.122901328761434,-0.217171353736372,-0.262412244499773,-0.392675341999396,-0.410378170210264,-0.276907139874351,-0.272950652191633,-0.269539222029554,-0.130792368437664,-0.287463943873564,-0.223382302331664,1,0.148964383245332,0.552676727118982,0.563461456442423,0.4304559789007,0.104548022031778,0.11941776187947,0.511309172335677,0.141379995797249,0.38767171917916,-0.0824282219464911,-0.233764289934244,-0.204430138619921,-0.329328831799155,0.0415094630658671,-0.323574333821322,-0.180633327419998,-0.0326151837773465,0.112510188913282,-0.240457969257068,-0.376789999115558,0.018811267837444,0.0274440212046812,-0.25687921982586,-0.254248208023893,0.000341946609551505,0.247232474205761,0.0895696499380516,0.309006361786199,0.306155467101213,-0.00788008951856611,-0.0344095888069017,0.180778099423291,0.429285211922124,0.216069118190416,-0.345191258627089,-0.184607572094231,-0.220208414440622,0.0924959734681603,-0.1630154370136,0.152767173489813,0.264482378152798,0.199055088517858,-0.102878522933372,0.456133053867277,-0.0973451701502598,0.225620711210258,0.105330331992815,0.14214669184645,0.233860637713337,-0.0838976321931567,-0.0499226647238363,-0.187890013713826,0.0642909391399228,-0.0451279431064516,0.223421091210259,0.0133411068483485,0.262222825264144,0.301726205691288,0.137292489776496,0.104921722226291,0.512376635166199
"姐夫-妹夫",-0.313830508629861,-0.36095015821058,-0.29126015634739,-0.298426415450836,-0.381362758111875,-0.188270961140952,-0.215473501858318,-0.211148192753075,-0.236245886803168,-0.0922851101260808,-0.232098697210626,-0.445067296666531,-0.289262619845102,-0.380016331297171,-0.446193020095108,-0.314211783678064,-0.310637278837998,-0.147854899108137,-0.189880787912797,-0.192319820386407,-0.0356484025060351,-0.192426214918631,-0.240793665625619,-0.0945744815677967,-0.264150788916148,-0.0107207911570374,0.231895512533588,0.0812484512355232,0.297005485604759,0.0397613575417378,0.334771330175571,0.128581868871626,0.233250530587902,0.25449824606873,0.37571661724681,0.196348789399712,-0.0902299966704404,-0.23305476193104,-0.0546168980433552,-0.237875979056849,-0.120669488991321,0.081937199343939,0.000296562314450638,-0.0781854511459398,0.0896334677636266,-0.0341593776889332,-0.124646262477104,-0.03176537811532,0.0130382810594792,0.0564479128890019,0.362402271216851,0.261420501003047,0.0723748513514287,0.100674457301452,0.204971299770753,0.447263741293756,0.311784837608328,0.285482054109316,0.315559948929227,0.404214958807708,0.657206394957411,0.639968114332431,0.55373101041648,0.487359980827076,0.478078018635416,-0.00372813325012195,-0.113312854462095,-0.12891836520446,-0.257136897760026,-0.314929975004188,-0.0885204769080056,-0.201288074307632,-0.1324791206657,-0.221423497320808,0.111796528592873,0.206314044468788,0.179018306054355,-0.0797694037126644,-0.223720104011457,-0.0211251985065689,0.148964383245332,1,0.164604272137962,0.2746477641687,0.215802264974795,0.147889000626575,0.306412278639186,0.144520808880431,0.0344092260729789,0.223180518557601,-0.214407505714078,0.219913803597535,-0.104342481543689,-0.0170520049542268,-0.162089448600889,0.0281792667539651,-0.0977542389671885,0.141910586101187,0.14567723380352,-0.0048588393553359,-0.15105166284721,-0.14651052732517,-0.023475249785813,-0.053191415318243,-0.099512942219803,0.379224399627167,0.214435406402737,0.124184806146473,0.156128892062074,0.159272803976652,0.163616939465984,0.0347481021890517,0.0221502931667751,-0.128176702621385,-0.0644567731828948,-0.269828688297681,-0.116183288687319,-0.319688605772966,-0.261303589033338,-0.398281466009004,-0.303988499052405,-0.179523962077286,-0.229159918335718,-0.152020643297714,-0.111342366769865,0.143395049755214,0.141486225117331,0.195200885526183,0.1537349445989,0.28519409046397,-0.0818479605821247,-0.180813554918478,0.0265074176709556,-0.233999890702611,-0.191286793681724,0.143953490317493,0.0197531635296131,-0.0444845421269698,0.120123284078049,0.0227081768662856,0.455805676419845,0.274303369544589
"亲家-亲家",-0.0867889208545491,-0.282743552411271,-0.231753489791017,-0.24032713963082,-0.255332607906255,0.263705796623601,-0.00858439409862752,0.0124875800967239,-0.0235843181929166,0.16345799469693,0.250923988268398,0.0196633471516131,0.0352350205237005,-0.110858456932235,-0.055942868007401,0.0729096256540566,-0.133111090743491,0.278224959142083,0.025197550583178,0.092360799748711,-0.0641210576244898,-0.0535861101642649,-0.135493333806937,-0.166947984056088,-0.0952431009784097,0.403782289155838,0.0710148536128557,0.0585864067246302,0.0202625917425372,0.0590313674718506,0.248897891693713,0.222574095749648,0.2823635390201,0.105004858660643,0.0194514337467211,-0.0858664086934781,0.134567569490399,0.0249317594370961,-0.114846713546558,-0.0281342627268299,-0.239226967804309,-0.33311668767391,-0.332680386726423,-0.526490325507953,-0.453321859381428,-0.189608030379735,-0.162297453656429,-0.32324074126568,-0.43811217362333,-0.308147616858659,0.12288563693071,-0.105897527304639,-0.0597613368791973,0.000839799570749412,-0.0245798954235921,0.197177923853277,0.0876854973883562,0.159733489407748,0.195263215802647,0.0405674961476994,0.115715242837626,0.282197976879906,0.0790197930074532,-0.0278542638456332,0.352792714529282,-0.023511250080166,0.149941592475723,0.087231478636615,-0.157949009850127,-0.00643570776135186,-0.0704483185969989,-0.174974846202491,-0.283914852402494,-0.325886946492375,-0.32841293609775,-0.244734350618692,-0.285722607570362,-0.0614138475108895,-0.17433952656265,-0.159009066920042,0.552676727118982,0.164604272137962,1,0.476156987089297,0.234109595671959,-0.072323987936332,0.00937893492069665,0.407579311290476,0.0485583155132418,0.253567490528329,0.0770279198725041,-0.212760236737951,-0.0591808127407458,-0.303735656672817,-0.090434765833013,-0.123069139955457,-0.00128117915972618,-0.0684893443849025,0.10347207726831,-0.0404435655678786,-0.210477419466876,-0.0518317914908795,-0.0380205308861962,-0.281745453294098,-0.307829120955291,0.130134416491015,0.250580641242209,0.0148352147860968,0.269083269951998,0.203832026105928,0.230860911517313,0.00496415120423827,0.263797559789041,0.412933180416018,0.366387618046415,-0.326538034078903,-0.331199528572718,-0.386901258667482,0.159645427393309,-0.0999847756429558,0.0979369826844341,0.160339030521422,0.242752366758977,-0.108803447997997,0.361084395114836,0.0716776551455625,0.0783233422287298,0.0577873030092931,0.126104143739695,0.303815900090389,-0.222748392045595,-0.226197493585188,-0.400429908563571,-0.179018643148991,-0.172823817688103,0.12115809540829,-0.0902278368558479,0.0920370744748286,0.0983869169264295,-0.163532508899818,0.188940405052386,0.440082970760372
"从祖父-从孙子",-0.38245720887121,-0.48808738643242,-0.41419662546072,-0.467578091272983,-0.394012383587729,0.320194936081199,0.232135899277,0.155688546629178,0.210568340721653,0.308982107692839,0.154049728391745,-0.222048527514101,-0.212607690246706,-0.101764527308179,-0.2825331865641,-0.196127525911359,-0.443628009843668,0.214168368135261,-0.0690110300920961,0.0953253189791095,0.0517128102847762,0.0463939426154378,0.14891286605465,-0.0819027587593075,0.042529121985537,0.376286389872374,0.262760480673552,0.231457865991741,0.237176191880493,0.25029970936351,0.280925407622125,0.35335182679679,0.151258100318125,0.0898431431180709,0.0614657233318092,0.017344235077355,-0.110467613090558,-0.222076059436586,-0.362965918440236,-0.341241943593016,-0.527498393805526,-0.355203300048021,-0.39210601156152,-0.469452007297967,-0.46415327043463,-0.466056731536954,-0.243580666110654,-0.419968167289315,-0.400645013571127,-0.250142718267126,-0.0386996965856203,-0.0218940791229945,-0.0217240497172279,0.0529189355354884,-0.0690701984777334,-0.0272835333471179,0.0974023773015415,0.23673655334539,-0.0717551487463885,0.188871275144331,0.233066767315671,0.18527492907609,0.21341542796682,-0.163405813921967,0.496246405218865,-0.0600144593747737,0.0452049913768587,0.105694132665994,-0.221574099987453,0.0398849876301017,-0.145103889707815,-0.29891199665314,-0.35243402500429,-0.469886951773784,-0.361501381472736,-0.312508235984191,-0.378539905422974,-0.283802794623822,-0.502031271778603,-0.303565313771148,0.563461456442423,0.2746477641687,0.476156987089297,1,0.69281778599488,0.409040909922173,0.455678935872503,0.651309907916164,0.252025703409948,0.454018429235913,-0.206362896355745,-0.244294072148057,-0.232564681367974,-0.380939040357928,-0.0545437449575474,-0.180556649715049,-0.115269981578247,-0.00663452547641098,0.0634727698671402,-0.239875610789351,-0.480665751621283,-0.0207463657102285,0.100174805454864,-0.156429360896913,-0.211477333629825,0.227740044675096,0.444725218357665,0.227297388243359,0.396092963777132,0.416733246647911,0.00396009089720654,-0.060401868953065,0.0589848198310957,0.274201378137386,0.0678668088445005,-0.406959885474273,-0.284529462319829,-0.325924174470749,0.0317393475873905,-0.293048319573484,0.0553449274240603,0.184083947006048,0.0891140323413275,-0.157386017600999,0.41688879107967,-0.123621597984146,0.162510056704609,0.0345171792974469,0.21697854288292,0.205578443294149,-0.0471657525200516,-0.0753392181583766,-0.166996700613841,-0.00169135236493479,-0.171127292921883,0.146304786904101,0.111757838254586,0.208504108253918,0.291199637225397,0.119331836940573,0.189850106538784,0.431781153800609
"从祖父-从孙女",-0.327053757615386,-0.396748522675291,-0.31478580104944,-0.394522089018715,-0.215080018222513,0.299325370669641,0.335017901378249,0.192685011264514,0.248310438098948,0.306108121384427,0.095874551323222,-0.140575334639774,-0.110349197225643,-0.0657750870747336,-0.255073969207846,-0.208755278882742,-0.21831062261835,0.131219305390529,-0.057737071241706,0.0524785169172597,-0.0556762841353526,-0.00527033174589659,0.209787981332641,-0.126422768987339,0.0760650216146502,0.181892092124472,0.144964577509049,0.28281654421487,0.271913077008461,0.240193942557774,0.0731541555201126,0.239577696143655,-0.0797327302118333,0.0804328859529046,-0.150351329416545,-0.110667370142362,-0.31186258778202,-0.242741304210505,-0.420176956370024,-0.335732557130646,-0.503067125568891,-0.103750522174506,-0.378801043684274,-0.228149326386158,-0.412141661216561,-0.415610561600831,-0.359024522720973,-0.314155735341816,-0.215285668658171,-0.186882514043591,-0.0445248264469402,0.202643693681335,-0.00661652181270724,-0.034079865488824,-0.0136987319647079,-0.0707241008022397,0.151454617352804,0.220346122321876,-0.268734553972874,0.287103467700751,0.132459009373404,0.0822926478978549,0.16953851566624,-0.115562244814978,0.462733258458885,-0.146089629374735,-0.0379467078415713,0.038027312653759,-0.177477557928309,0.0147834745299069,-0.182827016673007,-0.327679169707613,-0.236064146978424,-0.421557693786261,-0.325518580089772,-0.273984199813516,-0.307517532871237,-0.363678838063696,-0.4531628822118,-0.364704740228554,0.4304559789007,0.215802264974795,0.234109595671959,0.69281778599488,1,0.392155151133032,0.559218951437611,0.498695158528423,0.173224197327159,0.272493746864991,-0.330872080757791,-0.33350744842205,-0.281934225243818,-0.331110205606223,-0.0281237260312795,-0.256271282668024,-0.179227391197998,-0.064673690527611,-0.186625596829058,-0.311917362172881,-0.547140900311291,-0.125688788651188,0.146056266501209,0.0586127740485008,-0.143348065626823,0.183165839645199,0.411776545328965,0.335534751464704,0.332200455212169,0.35273057709506,-0.101346118738012,-0.0069351655596759,0.0399236052028021,0.203551346219341,-0.162382773343687,-0.391575309807817,-0.273347961061189,-0.228202917790005,0.0198325048158117,-0.156147716806151,0.00390738357234295,0.235325160650321,-0.0212631674721824,-0.050449758305269,0.270949540237276,0.017358702102947,0.217436840873356,0.15639702343795,0.190721512893389,0.202972612921642,0.0186438739201106,-0.0234849881664342,0.0854831193933786,0.0578281652519461,-0.0886310213734248,0.236907616999854,0.205568678035968,0.145945780327492,0.258204487543496,0.191616855269871,0.146275865277633,0.335138024603143
"从祖母-从孙子",-0.527191510652146,-0.344141775867858,-0.431804248662823,-0.334753767378938,-0.407453092637304,-0.0954302240433927,-0.119151293602751,-0.180106387993288,-0.120166444896086,-0.106300093738749,-0.0496518059155647,-0.182006587468247,-0.16954425943758,0.0268012140318617,-0.275807512623187,-0.307572546760729,-0.280781803189198,0.0348994607131105,-0.0989099154051929,0.0965087970137161,0.0759435584695841,-0.000392425913513505,0.203761610353758,0.183802287373819,0.0859642216902235,0.0504312444511012,0.453694176313945,0.259699500308738,0.330445044451891,0.252198806292674,0.108050781825659,-0.0670088342050151,-0.185239736896878,-0.137491390685915,0.204134535569215,0.146259892902764,-0.193339108063676,-0.21370312377774,-0.00618517689873681,-0.304115041091643,-0.200745488561853,-0.0544579104050874,-0.0602778264394114,-0.0184508377919911,-0.147666921628958,-0.0761033638800823,-0.185097491856673,-0.0788125686516497,0.115886058686692,0.00355798411533547,0.000832556488529959,0.110408695725108,-0.00161413204891775,-0.182062349338154,-0.0112326878940563,-0.146746451506347,0.042288809030692,-0.0455495526754665,-0.246977254237978,0.107997490980354,0.218102009388,0.0639676860067263,0.240943509737074,-0.0507549423371534,0.313930596490975,0.110537660553655,-0.214887208248956,-0.128729894427333,-0.0520565161253923,-0.119551368247947,0.12024692432886,0.0139621108922223,-0.0319649613206264,-0.0678122825952136,-0.172643756056525,0.0736931330820725,0.0363026844265979,-0.173500981285145,-0.310447906668911,0.0269686390498568,0.104548022031778,0.147889000626575,-0.072323987936332,0.409040909922173,0.392155151133032,1,0.508619313661976,0.326487976675735,0.256809245030652,0.236382075954575,-0.222023014055989,-0.00850520613071224,-0.0334507910220492,0.0182951734879541,-0.162124790814364,0.201403052250296,0.110763394225915,0.197241670673013,0.170380942491217,0.0796248021771049,-0.176773243566184,0.131976728624374,0.420467326242291,0.23650568903722,0.11027464593099,0.329410707560385,0.220546779574543,0.14587381050885,0.149511258812306,0.174044410763669,-0.206107199991238,-0.1127122779374,-0.196964567806123,-0.193080143279904,-0.199679069415467,-0.256322435219383,-0.031758590439511,-0.0759786025833024,-0.356262135709339,-0.491697111863708,-0.282941574905721,-0.054017968066507,-0.0555939951240196,-0.0407384960012836,0.033293432113637,0.134930926571975,0.290433647988031,0.212313480293344,0.379684656254471,0.156579560731281,0.0726041098803669,0.00605968008885672,0.212947462868455,0.000569694951257803,-0.0352091496561627,0.049803501448397,0.14620891131128,0.0023343895883629,0.113465168094923,0.100560043796729,0.0650049905761861,-0.00575654042549544
"从祖母-从孙女",-0.413001210170099,-0.415287402391587,-0.439802719411454,-0.43177768201875,-0.272409981913072,0.0853697912837556,0.161729066159639,0.101444835553047,0.146420145564954,0.203085720231083,-0.0943788995935066,-0.109606130294039,-0.118752440623164,-0.0379574714813954,-0.300607541007666,-0.306423578096909,-0.200983808502488,0.15969178967806,0.0279731514004279,0.055454210088464,0.0611285949209224,0.0368229173376568,0.259549290230996,0.0305554179225049,0.154717782752439,0.208989744178369,0.166085893024122,0.125479989263989,0.3213179162171,0.234809444521198,0.119800944791645,0.114659469743876,-0.129142274316074,0.11274306007491,0.00938988441149971,-0.0784359388556587,-0.420634281132754,-0.315265222327287,-0.415528881371838,-0.377227163120644,-0.4967266132183,-0.0293406607606313,-0.305713021298308,-0.164594230134228,-0.388414441841429,-0.294587249095557,-0.481915766916757,-0.351848729062986,-0.171112458165733,-0.234242218790806,0.0953420493044105,0.223631009462098,0.0179199178127399,-0.0807137298876847,0.194143411381373,0.0682997238439605,0.180251802619214,0.225163420721697,-0.204715250729095,0.350623021856042,0.326708541493885,0.269029368736897,0.376941304074333,0.0907038076166282,0.463517869687479,-0.0768720462898918,-0.158313594884574,-0.0870405357596032,-0.339794241217625,-0.177903803037706,-0.110955507844461,-0.181975907124188,-0.215750122191011,-0.434540712052074,-0.337844859509141,-0.257796786266116,-0.227663799728809,-0.41166025308533,-0.492951010793214,-0.360078208921483,0.11941776187947,0.306412278639186,0.00937893492069665,0.455678935872503,0.559218951437611,0.508619313661976,1,0.447393179815197,0.13915947897242,0.361688254923658,-0.402481993887355,-0.151946960446928,-0.183092168084078,-0.207027634869411,-0.0753583899805465,-0.0772653876865932,-0.132638333363926,-0.100345174330649,0.0223748732075402,-0.284377042608639,-0.399114121341492,-0.00511445546367597,0.0482714202605541,0.113400188586761,-0.0696513888234353,0.438101808493439,0.502704862913013,0.396160456287796,0.332053201702274,0.406411089669335,-0.00374289109523965,-0.00159048468434534,0.127670093453706,0.0937929413285264,-0.0915443644250671,-0.400037020092559,-0.251377966325251,-0.242837197733572,-0.141603711605993,-0.292813785749305,-0.120017833833443,0.0844652345002358,-0.210066921058123,-0.0859968702262055,0.109870821298818,-0.0380205980363056,0.235217310619479,0.130166544913938,0.167429709284731,0.154757486655973,0.0832528868599933,0.057212699394944,0.154874486481595,0.0745006009067701,-0.0222588287537569,0.381248047746348,0.357020149472301,0.156742241033757,0.369122931595404,0.380950562392526,0.354561311776534,0.322288004234227
"从祖姑-从侄孙",-0.426316734469361,-0.602637630899842,-0.509201670361069,-0.612896163123783,-0.46282008013065,0.398398522509636,0.280536834743248,0.191005603224513,0.333303902158634,0.425515117027231,0.145560035201033,0.0317173922498152,-0.0219011384971762,-0.09013404733706,-0.259450253648958,-0.16533102061608,-0.342368603660456,0.422824354194101,-0.0735566622295145,0.182930712499582,-0.032205936255226,0.10881491197395,0.304031773680349,-0.160386574795327,0.0769662223301237,0.233735530672187,0.220772269799622,0.195812185394913,0.242732381639418,0.23244044270448,0.20287665187864,0.377541213466963,0.03321865617352,0.123916949742425,-0.00584030957139295,-0.0645313872894253,0.0209070153441177,-0.048115027493637,-0.29997127937638,-0.312484422081554,-0.45981391291136,-0.223948952776891,-0.366346247540909,-0.561956710220971,-0.587648349568601,-0.340033345675693,-0.322299124965918,-0.42624750148246,-0.41943201231668,-0.288764348828282,-0.137071560456094,-0.0220475565330432,-0.147055177785168,-0.0280793966912051,0.0720354001412542,-0.00305081911848067,0.0847886914678649,0.237358132451248,-0.154809533413045,0.102092294648039,0.0436261620282914,0.0892546389223964,0.0058947297717892,-0.212256261892567,0.471486488392421,-0.0894610398906971,0.0370874455153413,0.108345800346995,-0.251111461670341,0.017904053371227,-0.144764553787663,-0.317633490201254,-0.395496803665437,-0.523550514157322,-0.448337213805941,-0.308377349888915,-0.275050337751314,-0.3078041963602,-0.567303390044372,-0.297746473362819,0.511309172335677,0.144520808880431,0.407579311290476,0.651309907916164,0.498695158528423,0.326487976675735,0.447393179815197,1,0.351107458074297,0.604304825680664,-0.101413928251485,-0.16109084894255,-0.152755375880037,-0.431139305799142,0.0546477021811339,-0.247025081734874,-0.0616894640515389,0.0741598695411243,0.244027169752179,-0.260718651444268,-0.416066645624868,0.13230277952084,0.148719943188341,-0.203385844395749,-0.279944578712994,-0.0133342538648424,0.417009911535476,0.0749544146742121,0.329125925158314,0.389899007802031,-0.179931485521091,-0.213439025554396,0.162461049527347,0.379477924292888,0.0928569242080991,-0.451146007738242,-0.353510903471141,-0.326290426488801,0.189789312531264,-0.206248157319649,0.213449853150968,0.284300463768977,-0.00263104064763096,-0.125665809556045,0.511455913003275,-0.17287015693364,0.310355902350002,0.124010677742049,0.12838507467038,0.128383731414067,-0.145439899878377,-0.101360914135085,-0.284450156698012,0.025572829057393,-0.0620984914267841,0.35924145659257,0.205189919534784,0.257682545260133,0.414599983063289,0.199530897102202,0.108047435454415,0.542551947798132
"再从兄-再从弟",-0.148897878251086,-0.218877720247379,-0.225725574859203,-0.341793858789988,-0.239960619413118,0.467699923181044,0.362313360702671,0.226591531195046,0.328183814188794,0.402394275926885,-0.144314264892819,-0.115602981652663,-0.435529097246911,0.0879891577988896,-0.286722711172217,-0.129385837891934,-0.352339800996667,0.00603300649995328,-0.176244941425983,-0.192323713701574,-0.14351834402528,0.122571482224885,0.0266192782865315,0.0450826852821287,-0.129747077257485,-0.0712868911611282,-0.00663564780244727,-0.15843688253722,0.063344829038391,0.00972897041260591,-0.105806813305817,0.0169817314819085,-0.201832666039751,-0.291306352564188,-0.185349733943509,-0.203337152860764,-0.186219511666329,-0.359485376423304,-0.240319607809781,-0.411065782608403,-0.109394730715877,-0.305588538188579,-0.225187997445546,-0.330442673743451,-0.116600916072942,-0.267581146077076,0.134399568169896,-0.0355266118372506,-0.151676114207229,-0.0252818481401032,-0.106775259507462,-0.0232394436249052,-0.167828153735343,0.0479725109905444,0.183781933628813,0.12386422231024,-0.0889542474062898,0.123737282510197,0.0577667636253386,0.00625607531845362,-0.0386070779401072,-0.134829893455194,-0.116574264487094,-0.236826485328155,-0.0149516731707335,0.0312412357311508,0.0499081846984195,0.0809141450899224,0.0898429574915085,0.0841873208433767,-0.0676443792944437,-0.0721332448605928,-0.202780381733892,-0.180650057482007,-0.0873238704490308,-0.062386771928773,-0.0615632320163414,-0.161137376920988,-0.297256608498622,-0.196618077683388,0.141379995797249,0.0344092260729789,0.0485583155132418,0.252025703409948,0.173224197327159,0.256809245030652,0.13915947897242,0.351107458074297,1,0.506599271555005,-0.0148394294614969,-0.0643831890210631,-0.064814954729584,0.0424061575371323,0.186963945534082,-0.147232056865646,-0.125223195453762,-0.0541862283993245,-0.0347815402098687,-0.288203241900971,-0.0921565327604342,-0.130187895046502,0.190340589685068,-0.221324924480562,-0.152208550742377,-0.181867615551035,0.0596565020012543,-0.147081070073932,-0.0104912424165252,0.0561514828734474,-0.16654249864833,-0.161049836294998,-0.12001079090376,-0.0112672656180528,0.108921349921916,0.00140010043567033,0.0715282793843132,0.0560130561139618,0.178832163284374,-0.0789268409375411,0.236303951353289,0.0331205932724848,0.137412927577262,-0.0425607779359563,0.147492610857274,-0.0891402707383541,0.198345672089479,0.0630440331296046,0.118165524920488,-0.028625826609056,0.232096124844884,0.211666272378714,-0.0248992528117848,0.0940975513728434,0.274863508136728,0.203371684637959,0.19132378845571,0.319871295773376,0.434596186503504,0.317168507015446,-0.123980204420118,0.085626298611478
"三从兄-三从弟",-0.368469679628253,-0.463217516924555,-0.473108240217221,-0.516400229730699,-0.430989322733395,0.267608376347354,0.170431410571855,-0.00183062705663684,0.137502304498586,0.257829124073556,-0.115542985989736,-0.224485414395315,-0.273435329149861,-0.230316340994741,-0.425470113027033,-0.362731049588506,-0.427920386383567,0.180062708274858,-0.162083503521158,-0.0597453641457428,-0.0282055772053784,0.161042369987096,0.0609936066884848,-0.0588494868455662,-0.107958263690108,0.154195846999344,0.175090299167321,0.0972419350695957,0.165497284183721,0.123287935679727,0.157379549145708,0.241546989022158,-0.0201634843916512,0.00858115939578214,0.0565313573410284,-0.225853133870012,-0.183673254464718,-0.300214275150089,-0.217484304988019,-0.396068643414877,-0.383856884340196,-0.335255498931355,-0.253972490581845,-0.472515948932499,-0.354187652313575,-0.354476603629801,-0.0819637478911008,-0.184641393650576,-0.265982681158596,-0.1328299287712,-0.157121704805692,0.0863813615615934,-0.0845744559013388,0.0610381659241612,0.218408990109036,0.195915925544643,-0.0519768025601417,0.182360037506647,-0.0089028276952756,0.161728602393027,0.0734827358097175,0.0895413194319308,0.131473367686529,-0.167733944792825,0.362366645357974,0.0390400144751576,-0.0577594101476164,-0.0238151790258451,-0.125898603912102,-0.0772249635907749,-0.312372849972062,-0.263254610730174,-0.419798004744905,-0.49410049575281,-0.322847553307213,-0.092172024646031,-0.0682707619533611,-0.186825309443704,-0.425852264175012,-0.12346278521547,0.38767171917916,0.223180518557601,0.253567490528329,0.454018429235913,0.272493746864991,0.236382075954575,0.361688254923658,0.604304825680664,0.506599271555005,1,-0.114831643149487,-0.0439849383602848,0.0736881901149553,-0.0305670028419025,0.112286503972188,-0.20562365057489,-0.0830356960934248,-0.0588831443642128,0.262037936660971,-0.284693729947268,-0.270099278790152,0.108354370896909,0.103355982699763,-0.190931784558022,-0.112786582375076,0.0591615087390279,0.364052976748906,0.0859818213961548,0.264399064463502,0.419569908732956,-0.138045951402483,-0.0856267874622992,0.0287778751146335,0.160596659479959,0.201843719192674,-0.243597217327581,-0.114416025294985,-0.0642761750668184,0.0803250186691319,-0.189834517462047,0.138573070001518,0.196878548505077,0.203389488780862,0.0207787052986272,0.343134634605449,-0.102761879583353,0.26823551785837,0.0933570841103436,0.0214361728295351,0.0962359083711623,-0.0844583089870053,-0.0659643514366745,-0.179217346321834,-0.0490575223160682,-0.0151356174112388,0.254512937414005,0.14279520648916,0.305096779234088,0.535319992713641,0.342513865258753,0.219633325623857,0.393366319809074
"堂伯-堂侄",0.292004172078549,0.215030851239409,0.128953898220759,0.111226293789834,0.031543404545516,0.0661639489030018,-0.0040702373947556,-0.0385338285087306,-0.0072593852016205,0.0359757503395198,0.143915042418367,0.197677887294941,0.0149493545968959,0.237704551820553,0.151929354787875,0.327767586077793,0.0546564415932001,0.146890146507976,0.164620627787469,-0.0866644044390093,0.135673019259053,0.249994970178371,-0.00552617142906419,0.116666646279112,-0.149565836130816,-0.0356263580782571,-0.087753763097986,-0.281832455034437,-0.326063034636104,-0.375586142694558,0.0992753544120121,0.0256777144525398,-0.0370247868613765,-0.253449701234895,-0.143997031132278,0.101713932240083,0.465279516844155,0.171542094033508,0.200508821827399,0.158822155028138,0.368981319449973,-0.141816268660108,0.0600375844584651,-0.20769972879368,0.162309133825697,0.217016421335071,0.37661951115237,0.157799720853175,-0.0727761800075827,-0.0701266045590359,0.0635974585425221,-0.286418141527739,-0.0800218734470346,0.0359506155070258,-0.0174363773689734,0.0914185987983292,-0.105681067244269,-0.224771550902681,0.125565949242212,-0.447649113913988,-0.185506149154648,-0.149983579708874,-0.394009934346316,-0.0893565729861821,-0.365674351434737,-0.0169667047666907,0.12619870288538,0.0118634440986022,0.0778379159881059,-0.0366532357547877,0.312610157233929,0.0738369311933285,0.31572728410865,0.163501011718018,0.120058450754062,-0.0160070599589372,0.0251202065975279,0.305454718396394,0.273209362277845,0.149678290321078,-0.0824282219464911,-0.214407505714078,0.0770279198725041,-0.206362896355745,-0.330872080757791,-0.222023014055989,-0.402481993887355,-0.101413928251485,-0.0148394294614969,-0.114831643149487,1,0.318656939364793,0.494320728369294,0.135966400039487,0.193192478225373,0.416129207694817,0.425468417867175,0.135873157964258,0.238813700784989,0.244078434856504,0.564852266820499,0.13080620280841,-0.161952969550067,-0.35812544790509,-0.17360040044677,-0.369199138292845,-0.439880506755433,-0.488637089291274,-0.435988105237657,-0.421277365327733,-0.0624594374713118,-0.266735927560426,-0.123970826320658,-0.142419061480869,0.0299047178899604,0.265094001075851,0.0263254071516174,-0.0882379958982376,0.296833290452453,0.25938306035947,0.260982455366422,-0.0399321708347404,0.218231639840545,0.0721270286033942,-0.0636008749307973,-0.0799972210982647,-0.226337671153466,-0.157702865312217,-0.204199448459107,-0.211277775863165,-0.0597992923271482,-0.0481913772004509,-0.267830113419044,-0.0452276965963684,-0.045503158402746,-0.215472262598094,-0.143497328338616,-0.116576808965408,-0.224628762339958,-0.294206426057896,-0.283760955780021,-0.156975253515558
"表叔-表侄",-0.0328222894736053,0.0836829982783199,-0.00320832786300229,0.0845187277216412,-0.147762435114852,-0.302144965765677,-0.299244575919437,-0.35609125104527,-0.344795009704038,-0.245311630810906,0.0134600300560601,-0.094272955135141,0.049145498895167,-0.137669697734783,0.00697787045796538,-0.0573617481331264,0.0394576335155668,-0.0338914340524267,0.110044829180003,-0.0793764587172673,0.178668234871099,0.0333569427897924,-0.0703996360228842,0.199405487680388,-0.297741007320453,-0.0301303883723135,0.126223271540533,-0.0464329776164897,-0.088673364296877,-0.109133886426715,0.175823862914907,-0.100842064758205,-0.0392613259755727,-0.0154043885481862,0.243579764396649,0.151997694512801,0.325386821059519,0.0692132822305005,0.378742228712347,0.00348191791799932,0.251282501391535,0.251433043413652,0.32262109031652,0.167199012136579,0.40542159829656,0.367022309627427,0.238525110201765,0.378581319589684,0.363569782394926,0.293899380037998,0.21892936932921,0.0696638319850572,-0.08840942808431,-0.0346207654459109,0.0891958471421304,0.111370647189939,-0.128540971354792,-0.229183175081936,0.214135292043958,-0.201256628801837,0.149137401855838,0.103584476640154,0.0854072356743191,0.2299571060656,-0.100596839130574,0.120391559435603,-0.122546167466859,-0.268355231159597,-0.118269326232087,-0.424671580913762,0.146297546289059,0.0425925645414496,0.200259227601084,0.187079296700477,0.0959211659760842,0.372285268624687,0.371582456452159,0.235188013806523,0.0986678719263735,0.308877641422793,-0.233764289934244,0.219913803597535,-0.212760236737951,-0.244294072148057,-0.33350744842205,-0.00850520613071224,-0.151946960446928,-0.16109084894255,-0.0643831890210631,-0.0439849383602848,0.318656939364793,1,0.385727169213637,0.346436530156202,-0.0942425071832362,0.426715917812026,0.351213329078832,0.193868082979364,0.17375551149388,0.289603981972476,0.38846279515959,0.194025926443577,0.00277550200311523,0.133391409975552,0.0777738337959118,0.00549590934111107,-0.252266457518009,-0.250856914123481,-0.16859060890249,-0.267494243738014,-0.00400567351118595,-0.139006591791771,-0.206123099393525,-0.337631808073416,-0.255251592577005,0.163604169802047,0.227083452492428,0.0192389652284883,-0.193875648203299,-0.223835223098454,-0.182897101177556,-0.229096171812917,-0.0597725349526626,-0.00360291617164337,-0.311238344798283,0.0738943610802986,-0.0512151846275147,0.0506866741391404,-0.134675934725256,-0.115695110908091,-0.152102194129512,-0.296834724304991,-0.157918404306498,-0.396031783257128,-0.179035660366927,-0.25076280881548,-0.26751337489679,-0.235451333496829,-0.233550184822581,-0.198444321574538,0.122835843973491,-0.236479350371589
"族伯叔-族侄",-0.0199895694503721,0.104780700613236,-0.14036235728302,0.0207751056540834,-0.14351483221431,-0.234908658137092,-0.265993259385279,-0.381183423236302,-0.321816034708669,-0.223965065267375,0.00923842125920457,-0.0643742049980972,-0.0485150453340711,-0.0164973265058704,-0.0650013614586938,-0.0605541164205695,0.086355553335726,-0.00508387668722475,0.12919464564099,-0.0295024025786372,0.156265868070294,0.183147566402647,-0.0203749719231934,0.232544639641826,-0.115018948548056,0.0445563797982872,-0.0152417482694629,-0.0809896949694936,-0.287772980300675,-0.317689463359099,0.0699808086298468,-0.0925975822241536,-0.102334637586067,-0.175811325907647,0.131140273454754,-0.0762953585363135,0.152632712460102,-0.0365603592736008,0.296517549220952,-0.0888333273633197,0.236553456313438,-0.0201760172280571,0.128987461199518,0.0431112132822704,0.154437885083886,0.264961766215428,0.350831554710429,0.399660134795101,0.202088836732586,0.176017810565892,-0.0109402378542907,0.0173278121125739,-0.0675792101224149,-0.0635570949405251,0.189760627326038,0.151649290731581,-0.204311780324875,-0.350682614459913,-0.0301537381407272,-0.289213414441616,-0.0607037296027648,-0.0973486977543117,-0.0620039546039837,0.0118080154714043,-0.218260791686883,0.255273118496191,-0.0280934725210821,-0.225289651752576,0.103541569856611,-0.278320992533021,0.0949739080995935,0.109028557343506,0.23399371034528,0.138764060581475,0.00328972945557759,0.318297941855064,0.304857082126118,0.276081160531915,0.239870645251732,0.445109595896526,-0.204430138619921,-0.104342481543689,-0.0591808127407458,-0.232564681367974,-0.281934225243818,-0.0334507910220492,-0.183092168084078,-0.152755375880037,-0.064814954729584,0.0736881901149553,0.494320728369294,0.385727169213637,1,0.571815927051715,0.168661307591748,0.431189845781487,0.450935435905951,0.105022895135327,0.214979803654374,0.262272658919297,0.41766761772771,0.281471252857047,0.0983977681553043,0.0703689143778801,0.192225848606217,-0.0235061098416257,-0.154926214729108,-0.149677598026099,-0.22954496054492,-0.170342067971979,-0.15052486124095,-0.15932864942013,-0.308956679717699,-0.373268966051595,-0.0764023233790826,0.286690216801334,0.168447283514955,0.145930560318985,-0.0466580246930405,-0.0462298710192731,-0.0731798663875146,-0.113858795836673,0.181903451020539,0.184036987899008,-0.240482226006175,0.0664764805785246,-0.260332883299695,-0.172146683960968,-0.225546242733685,-0.137451374272082,-0.107199055646084,-0.250289943560578,-0.111695998851088,-0.306507773135345,-0.0547735571505879,-0.183367935300478,-0.104490397959282,-0.0809328705472657,-0.119066488215352,-0.139339038415375,-0.0167064247872912,-0.308979870503051
"族兄-族弟",0.0230375811582346,0.253454163597675,0.0578644310275077,0.271948223908701,-0.00276336194858361,-0.373136399275196,-0.38851354144495,-0.479547320961007,-0.445471275628316,-0.473418048439505,-0.252872934097115,-0.285969200754387,-0.123876697821593,-0.191021295762284,-0.131463324802307,-0.250510573434604,0.104440298425892,-0.408781247062489,-0.0589238340598428,-0.256167335476824,-0.0289310172976882,-0.143206161280976,-0.246216130794078,0.160207356212034,-0.34698146497287,-0.218963073796502,0.000302691167315639,-0.0146545717283927,-0.205721412876865,-0.224854577262428,-0.0931853353165987,-0.294341819068074,-0.205100427541533,-0.168747275186148,0.213468395937062,-0.181097496293516,-0.123980726005895,-0.215011057568031,0.356733993617386,-0.0914181696502696,0.294646631673437,0.0744873063313417,0.343968407328988,0.408032106852202,0.448811213911589,0.313811490392664,0.401115454066456,0.689822094350578,0.555535913391721,0.47419900232195,0.00809850277859043,0.220406954970283,-0.0256176401245826,-0.0584434397699179,0.196428185173459,0.121825185761057,-0.261506879187234,-0.337306240415737,0.0321514267535685,-0.103613295038753,0.00110318356701866,-0.0340147858584134,0.110586300629424,0.155356264490053,-0.219103295807728,0.286427825146062,-0.272538986215996,-0.353037763040907,0.245357824157087,-0.298548966762856,-0.0643872509840937,0.183779656454387,0.225702774879356,0.368893308979565,0.251369027300614,0.677878146019547,0.658335019735755,0.3861237403148,0.417377930932776,0.626773800757945,-0.329328831799155,-0.0170520049542268,-0.303735656672817,-0.380939040357928,-0.331110205606223,0.0182951734879541,-0.207027634869411,-0.431139305799142,0.0424061575371323,-0.0305670028419025,0.135966400039487,0.346436530156202,0.571815927051715,1,0.0927689651667771,0.376126614126946,0.252980841614451,-0.0131655686499928,-0.0338843116666796,0.262878941235869,0.325667769312634,0.119756117714821,0.145515947563859,0.332681233659031,0.382670973900937,0.0724115351701815,-0.273755638312563,-0.0399756216213183,-0.26592208529709,-0.182805032153216,-0.0961052531659875,0.0282253952366131,-0.405150370320119,-0.51606824400136,-0.126557465064388,0.465911467105576,0.470776908425742,0.445605790015786,-0.400411489012887,-0.174864309268496,-0.34486659737399,-0.326736773777328,0.097623647675989,0.171385440314704,-0.483475254729007,0.231024839854201,-0.211387395580006,-0.0969318229112647,-0.181886174515741,-0.0267723548295399,-0.000231739333908086,-0.139395262328224,0.19756607063212,-0.303918525721789,0.0357443658900277,-0.267346387550757,-0.224274127621589,-0.103592933147185,-0.192358454145826,-0.0585722337559992,0.0321964282708472,-0.505233582899024
"族姐-族妹",0.20672568703353,-0.0504513962836913,0.115773363363874,-0.150018605682679,0.115777174665426,0.176387371513684,0.149622513000619,0.132105662305339,0.244974551411906,0.126955334717943,0.0631297370825866,-0.00231707738606783,0.0028884923919782,-0.0922445899850927,-0.0208533893685974,-0.0210305701100285,-0.0608594838773022,-0.100093109741613,-0.0445810193789495,-0.112831749108775,-0.0107376201532078,0.0626122461383129,0.167960846246863,-0.133817454085217,-0.0530293078717713,-0.037722218349266,-0.353927158981888,-0.0581720204129981,-0.326870015473647,-0.137460223573351,-0.249038921704118,0.226672683049266,-0.195502044234973,0.117551213163569,-0.421903648172351,-0.00512574132599558,-0.0682902017082504,0.00424699378518545,-0.32063301081407,0.0638798494681655,-0.0700057456044749,-0.191511542189096,-0.108371322565412,-0.170519626800565,0.0117318383239753,-0.0686737115231335,0.203622340592807,-0.0107401686550277,-0.221100683553777,0.132621033440658,-0.232998132934778,-0.076825798498779,-0.0198954788000003,0.476402339229279,0.213250219362292,0.048942620125769,-0.20800359443124,0.196736517869462,-0.0686608440321814,-0.134185372856841,-0.299174277512469,-0.235471020082445,-0.479826292328152,-0.126934107177562,-0.201311203183061,0.117730349848398,0.162115347370623,0.185159117424493,0.270287753924943,0.304570916899599,-0.212608680227891,-0.206455300418292,-0.0681783569577182,-0.171832958272813,0.0490848592050634,-0.0533696505835986,0.0729952444899834,0.18346864853776,0.114184785317515,-0.0418648560209556,0.0415094630658671,-0.162089448600889,-0.090434765833013,-0.0545437449575474,-0.0281237260312795,-0.162124790814364,-0.0753583899805465,0.0546477021811339,0.186963945534082,0.112286503972188,0.193192478225373,-0.0942425071832362,0.168661307591748,0.0927689651667771,1,-0.288316181573906,-0.0831345857535556,-0.178613559319231,0.18372559258076,-0.366284377434702,0.000390929052186186,0.00822200590788432,-0.153234672028603,-0.333310065774589,-0.219544334391153,-0.45003954694373,-0.292667707891529,-0.254918672403137,-0.26427180003834,0.0874336908074438,-0.161271086614413,-0.170723696593111,-0.0947789596406545,-0.0224936231317756,-0.0998169280235659,0.22317511262911,0.161235384037593,0.356679360916477,0.210069545250018,0.309500442663135,0.363928042293389,0.430780647958676,0.0905378249944848,0.34586506279982,0.238013437385195,-0.128831727461559,-0.152023108872624,-0.110135895119246,-0.146748794822659,-0.0321012042893241,-0.094891689542946,0.242742593152121,-0.0374108413797677,0.150429554122591,-0.0278155803043952,0.0736833270997025,-0.0141319397202442,0.157271987891114,0.048011761775241,0.222127244951509,-0.229835476277752,0.0676386482877535
"堂祖父-堂侄孙",-0.0121983036406431,0.180975010820613,0.00582247672604528,0.229896548869992,-0.139899249285359,-0.367097756295667,-0.36736810905436,-0.415374781196119,-0.38788576717052,-0.295889927198888,0.0571506975186102,-0.0251534696268422,-0.0385854726544199,0.14734995974023,0.094104718585187,0.125841322545552,0.0847881869628906,0.00558645608611076,0.103537364962418,-0.0538414933618701,0.30490361781901,0.175385246028242,0.0724977373988289,0.46991428586316,-0.0785268245954327,0.0600757412769221,0.240670940333275,-0.0907168963567254,0.0218808946587368,-0.131774883470231,0.20415171988351,-0.249795718352055,-0.0780639001343329,-0.323447370997413,0.200212741836972,0.148048766685598,0.247205525078834,-0.0494173952820101,0.367804071872738,-0.111326718229247,0.18592871394695,-0.0106911687591483,0.0766616599314927,0.123959355286341,0.264162772049152,0.263064712565343,0.0934882928333275,0.37148577903558,0.320021264379056,0.0561530771303632,0.298512318582684,0.00616967749306985,-0.0388226507254003,-0.312650486532596,-0.0616901410777195,0.0411615711085179,-0.0283534752013614,-0.351840824086962,0.0515964656029668,-0.184835576683006,0.161924413441362,0.112124592909339,0.138803116063453,0.2017485679381,-0.168342440389137,0.0279696661174788,-0.189557442799834,-0.258213543317121,-0.123682639811686,-0.397034312889096,0.44030563977901,0.167555162874788,0.514438269261486,0.34199139144713,0.216918053634622,0.253329574166328,0.290093458853831,0.158273479054004,0.199928578845967,0.343434537916013,-0.323574333821322,0.0281792667539651,-0.123069139955457,-0.180556649715049,-0.256271282668024,0.201403052250296,-0.0772653876865932,-0.247025081734874,-0.147232056865646,-0.20562365057489,0.416129207694817,0.426715917812026,0.431189845781487,0.376126614126946,-0.288316181573906,1,0.512438890473386,0.327619967735108,0.0114368869754565,0.587745932659412,0.496399163935028,0.108841320811984,0.0735011774428247,0.132176821314683,0.185691059356167,0.265063129646992,-0.154490929406168,-0.16668732250506,-0.278912492067273,-0.352773493389412,0.0688572413302505,-0.150626190057015,-0.18348087229468,-0.412470706108777,-0.15949462625878,0.208641970169566,0.10444247820836,-0.136732369176673,-0.280098815563566,-0.21565403108841,-0.352427789913495,-0.437963693015622,-0.000945946955270423,-0.126185204915118,-0.457423468418754,0.191243138791434,-0.185056124802043,-0.0668993979292104,-0.0188512455875362,-0.0568921382900706,0.0838677108490412,-0.0979527866140628,0.0865550351782709,-0.242475211643296,-0.122963306169383,-0.2505931751721,-0.125222985387126,-0.338267481208835,-0.39571055398762,-0.348302243109035,0.105135182073284,-0.344153231293826
"堂祖母-堂侄孙",-0.0882759515967829,0.0180179911678923,-0.121674833727456,0.0489334798930678,-0.211985859581464,-0.23252848024447,-0.353191104271999,-0.414242396328146,-0.376739692506773,-0.254845107910489,0.147499067164491,0.0527306516176132,0.178329872802105,0.0433861935673322,0.158027669754973,0.0945245255046431,0.164294238126426,0.124451336066243,0.283362536961066,0.00422576857042751,0.0701351360251081,-0.00515060245446165,-0.0743118144233119,0.211921685348022,-0.106752166384863,-0.0658644109012858,0.0402386493951605,-0.0140445307731672,-0.109706946316785,-0.203694652171597,0.0241809122646616,-0.0300729432916164,-0.0396831536622426,-0.09522484725094,0.141188373790591,0.115840590168772,0.282904828460222,0.1086373054217,0.334504790359915,0.124063190644962,0.284541058378353,0.147201399972986,0.247838619166162,0.0663799490013067,0.174442429780757,0.420990457262617,0.165554454958632,0.301099684058771,0.191170482818883,0.181818194021801,-0.00589896970395792,-0.165552474408618,-0.243902269846998,-0.148399097383874,-0.174396483453791,0.043499482020785,-0.209797665817572,-0.403279246713865,-0.105722941242562,-0.284189414020648,-0.00367722347048576,0.0533348992867179,-0.0138073632721784,0.0150034003509694,-0.097500096655182,0.174062737664201,-0.0574850504218932,-0.152311499822166,-0.011428235882774,-0.320805646521096,0.282277430005982,0.327085071889313,0.236931069957126,0.345511632418943,-0.0976681877915482,0.257448630206778,0.194614379086281,0.266771754651701,0.197373133639481,0.302351416697503,-0.180633327419998,-0.0977542389671885,-0.00128117915972618,-0.115269981578247,-0.179227391197998,0.110763394225915,-0.132638333363926,-0.0616894640515389,-0.125223195453762,-0.0830356960934248,0.425468417867175,0.351213329078832,0.450935435905951,0.252980841614451,-0.0831345857535556,0.512438890473386,1,0.28172764962819,0.234103917660134,0.296364138064093,0.436430299739631,0.359680094974074,0.2223656571775,0.168003811415275,0.271575835832416,0.105187504718715,-0.0856961359852091,-0.0882005023586694,0.0143170915222024,-0.0459202534656505,-0.0532212248699567,-0.0995064236467251,-0.10802987201728,-0.233205569005042,-0.155741357679867,0.242717531718914,0.107910304576515,0.0328652649405233,-0.172766056873831,-0.149771701866166,-0.14204030817714,-0.173080216179618,0.0491784638752792,-0.00847149466908886,-0.241525965600308,0.169686095949458,-0.242842706520615,-0.157027103724251,-0.128542614578708,-0.0431794789334966,-0.225682318935851,-0.360710711932037,-0.120218024508269,-0.422731039095534,-0.162374839841029,-0.198994869821538,-0.339527799634791,-0.261897741147412,-0.301619519228488,-0.35186508797286,0.0205159789262285,-0.245240654346249
"堂姐夫-堂内弟",-0.215871208588007,-0.186752761306195,-0.276185322502946,-0.116959247508052,-0.289008051055513,-0.181223367565367,-0.235403867038696,-0.244383597010002,-0.149031863306861,-0.183202149887736,-0.0537212584919385,-0.127340008741033,-0.159513442724343,0.0690560832368303,-0.179529807301937,-0.0745838798809613,-0.196478820454656,0.104638269960174,-0.243730192422848,0.125152043319004,0.0344522936694468,-0.0525760616406671,0.1002962991641,0.236888445938833,0.0338783724223123,-0.166298200958183,0.180615715775513,-0.062274812945022,0.00862653915664705,-0.144528103368413,0.130471874553538,-0.13312716112086,0.0199315580221827,-0.211394204998628,0.238433513635092,0.21390107550255,0.160477784006381,0.0470079055899739,0.254746786144979,-0.0499340306033723,0.125698351704303,0.10081704101483,0.100005460615321,0.0224150501572848,0.0393854164866236,0.0927218595555086,0.0799906962656156,0.123027436201215,0.0863400952461988,-0.0347265241673514,0.0336151541324513,-0.0126100019770675,-0.0392812469143836,-0.179483983694678,0.0149022625380502,-0.0634745129205078,0.109471266747576,-0.114978923291696,-0.0843226575583308,-0.0894851005017102,0.147844330012317,0.0320802372880055,0.123800275275351,0.0223744022397702,-0.00882682577762376,0.192214778082787,0.082129899573992,0.0163634130393656,0.0386811909680105,-0.0678906437977078,0.356672589455345,0.300108748915001,0.222937178480235,0.218491459276207,0.187139608954515,0.190579050289323,0.139070896413436,0.102019439675296,0.00692437764918629,0.284890548902721,-0.0326151837773465,0.141910586101187,-0.0684893443849025,-0.00663452547641098,-0.064673690527611,0.197241670673013,-0.100345174330649,0.0741598695411243,-0.0541862283993245,-0.0588831443642128,0.135873157964258,0.193868082979364,0.105022895135327,-0.0131655686499928,-0.178613559319231,0.327619967735108,0.28172764962819,1,0.340824650131623,0.455249056221965,0.0872126554673216,0.233487018103229,0.112627142734535,0.0518251343292192,0.146146727526117,0.0446465923789154,0.0578443397819986,-0.0439466903214641,0.00354267769440307,-0.131480462274593,-0.228525763787348,-0.226314928687488,-0.212804620942818,-0.189523826014419,-0.105486722517114,0.00542937594161951,-0.0391250418672718,-0.209255260051703,-0.0340092248837707,-0.162378231164837,-0.0577121443752366,-0.15801717576583,0.0927442902778652,-0.139881102741656,-0.051551402628941,0.0592625287165272,-0.014103633445113,0.0218342582943698,-0.0101348323680517,-0.15502730450294,0.0982836807361953,-0.0723437227695186,0.118049088020076,-0.0379399381686137,0.0140279889749085,-0.0272790989287838,0.0924275296693697,-0.0575420518072521,-0.0854278848086952,-0.255107528273408,-0.0452730661700821,-0.113121437487108
"表嫂-表小叔",-0.200501234607551,-0.322225994551152,-0.277507867277504,-0.356386534700106,-0.318905411491578,-0.141036056572772,-0.225120309267971,-0.178711424637451,-0.130861579772874,-0.128854544763957,-0.120530878660426,-0.0548180272085866,-0.103866320851012,-0.101701452161773,-0.217159870911349,-0.186563279701201,-0.296130460305019,0.134603265727817,-0.0440969624746766,-0.00706223448152788,0.0299016178073491,-0.0140072061745966,-0.0398445332268181,-0.0744806534137419,-0.124007755361624,-0.095021746810251,0.120576498475809,-0.0545547249354248,-0.0810071211216042,-0.178245076179561,0.135519252646843,0.156168500315227,0.037057939084428,0.0474667943787928,0.195672535520407,0.22076603764592,0.0954680880706031,0.0734439496306202,0.0212571254036158,0.0442907173671296,0.0356363972224713,-0.0936057155119556,0.0674380014886173,-0.286408921753762,-0.0693589694627174,0.0363039724284418,0.116652502300359,-0.143586409919648,-0.166457789985788,-0.0705855874211456,-0.0132126830005513,-0.154917591757328,0.101493668411968,0.262636998328898,0.204047185329689,0.201043907647405,0.0878224087572306,0.0994432723652875,0.0414934422532133,-0.00159124682294457,0.173099714747617,0.143024513402101,-0.0577043293560087,0.0703225762787197,0.0946766632530339,0.177674324024874,0.0777541724214006,0.0398837607523275,0.0841096960904241,-0.00375765044356692,0.108857048904444,0.105212091679735,-0.00481077386896706,-0.0681602176061611,0.0326533073749075,0.0782168558549343,0.121386909810284,0.22904083886204,-0.055992060452518,0.179570032830643,0.112510188913282,0.14567723380352,0.10347207726831,0.0634727698671402,-0.186625596829058,0.170380942491217,0.0223748732075402,0.244027169752179,-0.0347815402098687,0.262037936660971,0.238813700784989,0.17375551149388,0.214979803654374,-0.0338843116666796,0.18372559258076,0.0114368869754565,0.234103917660134,0.340824650131623,1,0.0886485429851365,0.165599670457541,0.316134354813708,-0.0069468094786813,-0.257365149660259,-0.0969281204636451,-0.137226214773746,-0.0445995247945296,-0.199650377049856,-0.0460393198766574,0.0773108138719348,-0.214825085497513,-0.275670840576334,-0.0655237184878396,-0.0335083439106032,0.0749967017325319,-0.0794778174874464,-0.0818665106588244,-0.0956641291399622,-0.0203087066542394,-0.0673905235458235,0.109642863680474,0.132816857381573,0.133949576708308,0.128887673215448,0.25596983643384,-0.150903482497855,0.146693598820324,0.077295887009176,0.0570175158564823,-0.00827219603862677,-0.164421443176712,-0.0340424455822155,-0.0368005860298318,0.00392906259580469,-0.0742849006717109,0.00328416276862743,0.0696735029972931,0.0243540457754997,0.108604431828261,-0.0153025973973661,-0.0683159178162817,0.165112142560153
"姻伯叔-姻侄",-0.0356328578841902,0.178816462775834,0.0322346009922418,0.24766112820561,-0.0536511546748911,-0.381980970708158,-0.414883485835443,-0.34491544543104,-0.374172590741318,-0.389493442986246,-0.00307647737244046,-0.0793114622560969,0.0169402722124559,0.0872595745558416,-0.00106687223429919,-0.0227140282647455,0.0823297012925559,-0.0742109655541692,-0.128953446723559,0.0500801294813317,0.130311060065739,0.0415438903235107,-0.0369845314543259,0.298205128731237,-0.0571886782297886,-0.0608148138053494,0.260289671349703,-0.0501633698796798,0.00900650215317233,-0.110606479476841,0.163997999015409,-0.309538332129299,0.110714299333993,-0.253635063657685,0.35212592788078,0.152799560459392,0.251769294714797,0.0841213718092441,0.478381786942954,0.0345919913630508,0.278456281882225,0.215513698543485,0.232427438868141,0.288006951828983,0.278291626475001,0.339804626588654,0.0384200541575899,0.327514324166995,0.300624996882318,0.0363149978963902,0.140586328502439,0.00647395767949329,0.061226061222084,-0.318201382934164,-0.0501651166687219,-0.0930652134654809,0.0361872367327501,-0.246659694923729,0.0209879293289408,-0.0915753271802606,0.109269085106904,0.0542065856349029,0.166872697679541,0.158921198691993,-0.124808661233287,0.06738757861392,-0.0474631375112025,-0.142261679825664,0.0225224559025431,-0.232197408165034,0.496896184544787,0.364342687382809,0.45297737875487,0.399234075632314,0.365168502999287,0.315323260946966,0.298645151027491,0.215492511427913,0.194824285506989,0.46800800619792,-0.240457969257068,-0.0048588393553359,-0.0404435655678786,-0.239875610789351,-0.311917362172881,0.0796248021771049,-0.284377042608639,-0.260718651444268,-0.288203241900971,-0.284693729947268,0.244078434856504,0.289603981972476,0.262272658919297,0.262878941235869,-0.366284377434702,0.587745932659412,0.296364138064093,0.455249056221965,0.0886485429851365,1,0.338784611327115,0.202493585314758,0.0565796347591709,0.166545599252012,0.186213279428576,0.15279401850842,-0.138366981110692,-0.138488732261656,-0.232400213225149,-0.394510758501247,-0.042437825388262,-0.126394695836694,-0.196783366664554,-0.268858470183646,-0.108027311440265,0.104935815075652,0.0639510480793802,-0.131599190008188,-0.242916925433104,-0.221982579376664,-0.31552662308019,-0.40204808201884,0.101913326324836,-0.192143555099395,-0.284545371792274,0.129151592208397,-0.0868616526553965,-0.00219325432963775,-0.0259364115220574,-0.0180879000539857,0.0825562042942872,-0.0659697629359208,0.0734446943750168,-0.152605209373424,-0.0445531213076011,-0.327670318883656,-0.130208517478265,-0.354618835509084,-0.396899447583976,-0.415140004395898,-0.102366151255297,-0.377906349935374
"舅公-甥孙",0.27364101552083,0.383572085372127,0.229705078181217,0.279689553830575,0.0916960373492273,-0.266485698947101,-0.240843502633204,-0.210184937184527,-0.239724138288539,-0.20078421296487,-0.00632553433539248,0.160153331214425,0.00635006367901221,0.123264242755787,0.155071844277371,0.285487367382224,0.226493192242975,-0.0382698443606196,0.136707866081258,-0.0827061816304453,0.192100136348469,0.182997460614912,-0.141002391073891,0.236566336230052,-0.141335434802549,-0.222410132695679,-0.195386226208819,-0.373260695154055,-0.251941810990215,-0.444876803787216,-0.110014734035654,-0.268035508165299,-0.0689932297767157,-0.257668873534943,-0.00434960258145874,0.143292703674387,0.232166886359535,0.0803096725385586,0.422838264270226,0.199653824625658,0.684087218235628,0.165020629966945,0.412515930620918,0.237933295175025,0.569878293898818,0.489469691105294,0.323065181153958,0.303306385831648,0.192794999679873,0.090834183451554,0.127279525601963,-0.216635098376448,-0.0327903207343073,-0.00925239163295618,0.0250591110039385,0.139360934331114,-0.141916833999042,-0.302538766469984,0.230009936702324,-0.315781499567668,-0.0117937473114827,-0.00437981397241458,-0.202061271147116,0.129478436697112,-0.450152371047132,0.0320577218819662,-0.00353603999981567,-0.173539604359644,0.105757005086703,-0.12266315705105,0.496180475931377,0.351886180714651,0.506241794574467,0.460636500115872,0.393153061823398,0.200866816361238,0.265691397688021,0.313438655661357,0.403787519270446,0.287027303282085,-0.376789999115558,-0.15105166284721,-0.210477419466876,-0.480665751621283,-0.547140900311291,-0.176773243566184,-0.399114121341492,-0.416066645624868,-0.0921565327604342,-0.270099278790152,0.564852266820499,0.38846279515959,0.41766761772771,0.325667769312634,0.000390929052186186,0.496399163935028,0.436430299739631,0.0872126554673216,0.165599670457541,0.338784611327115,1,0.140869031115102,-0.0199399624660361,-0.125637264837862,0.178977192050105,-0.194481316546422,-0.433719532430508,-0.413646428755871,-0.468426274678595,-0.466403418123585,0.00717172476603514,-0.129180130086579,-0.207383787091048,-0.376696930042663,-0.0729153275787244,0.375188658186706,0.151613440388532,0.065700976197757,-0.0248965218877416,0.134301456479775,-0.0744922095349066,-0.330128859052921,0.00137340425018882,0.0250169595285071,-0.418520116410759,0.0214467788695059,-0.223319246344571,-0.106980014070379,-0.208472742748682,-0.199873506233346,-0.00358989837707122,-0.0686711654269427,-0.0485947195704388,-0.168792277924294,0.0242857904486721,-0.241392811492074,-0.201617503981562,-0.299330263834652,-0.368965210639748,-0.346213077278056,-0.230813934070793,-0.394620267268802
"姨婆-姨甥孙",-0.322530566193473,-0.224047775410873,-0.305645971846105,-0.216704647431845,-0.191592815915729,-0.192857582811811,-0.192513407401046,-0.200527339452113,-0.112297399659777,-0.157530324864622,0.0312667883085528,0.0159689391213258,0.0904625153071274,-0.025376936301291,-0.0406843152811222,-0.0651135247341866,0.00840319607165463,0.124942574901533,0.181965845905309,0.20782060288504,0.0954742903538546,-0.0299992566957535,0.106368316596685,0.189165920883401,0.146360900544787,0.0145960540400376,0.0889990318004252,0.0704723281448767,-0.0692990116699391,0.0463265297257986,-0.0316763896388009,-0.0237296161841223,-0.00530039020097764,0.0395930429274262,0.283944971726985,-0.0312522630182355,0.0966207398877068,0.0914697690446755,0.209573037358573,0.030679580124862,0.133561790142832,0.127499891112775,0.23849729005873,0.0733436768999102,-0.0521618406358731,0.243800203922788,0.106146368109203,0.0822789967130395,0.00923188774904847,0.102689136158481,-0.199847602640506,-0.0685028764561914,-0.0369395635017567,-0.0120827214924094,-0.0298804679156211,0.0225526355063774,-0.0420972916278334,-0.173510169860481,-0.130637365795398,-0.0859449230686579,-0.0161403947615331,0.0342699424460168,0.0917715042258251,-0.0528320294627746,0.0926696050473286,0.34886232091396,-0.0611517685379303,-0.041133215538604,0.0628506761052216,-0.137092198884064,0.141006014867623,0.313812915194573,-0.0720856409133316,0.0748310550094658,-0.103955740663702,0.0867735129404173,0.0788030894915866,0.0720561812395842,-0.040366620766249,0.233234280365946,0.018811267837444,-0.14651052732517,-0.0518317914908795,-0.0207463657102285,-0.125688788651188,0.131976728624374,-0.00511445546367597,0.13230277952084,-0.130187895046502,0.108354370896909,0.13080620280841,0.194025926443577,0.281471252857047,0.119756117714821,0.00822200590788432,0.108841320811984,0.359680094974074,0.233487018103229,0.316134354813708,0.202493585314758,0.140869031115102,1,0.168759311262817,0.0806817838476511,0.210843450793987,0.0793685342615515,0.0696665630683477,-0.0265810517587305,0.113756139076763,0.114899027235814,-0.226706341799401,-0.196810610499175,-0.129633032465099,-0.0369594920443185,-0.0391254952544927,-0.0268531508973227,0.00953785591306944,0.14877469486477,-0.219596483492988,-0.25799404673988,-0.162212358243961,-0.0531937894779963,0.0498829573857589,-0.0861301348781124,0.00841976277584462,-0.0586220536043064,-0.0819792519846557,-0.146095010958027,-0.0514592173118201,-0.0542977320611994,-0.213270251767077,-0.132341038916306,-0.147408582967921,-0.173807127608698,-0.13819550753622,-0.110507071576156,-0.135621438600352,-0.00758264307970544,-0.0739244312380029,-0.0647660408196534,-0.0836041047301835,-0.119695563810605
"继祖父-继孙子",-0.383825589692583,-0.22997801355811,-0.313986341666644,-0.192325264213162,-0.355636400750008,-0.0860969764445761,-0.160020260726891,-0.250087723851266,-0.195597459252576,-0.165333378407992,-0.113082483696505,-0.22764509181017,-0.110040447283321,-0.139279778814752,-0.173741500183397,-0.228318676917769,-0.102142908050587,-0.106236576700957,-0.0055315043876334,-0.0155561711991522,-0.104119430024535,-0.165785075715808,-0.0666429826291893,0.151511744693577,0.0604230148665013,-0.184689088325747,0.287718987285301,0.238405480267443,0.322165007952738,0.0586292819917302,-0.172778718706068,-0.242933072270748,-0.164844241538188,-0.0828001468747015,0.183035540557342,-0.158066819534156,-0.156304776807694,-0.21392251370977,0.057614746147391,-0.277974148835922,0.0177070801219798,0.139474681828821,0.156457376745637,0.13924305705987,-0.0782770388692255,0.101371733486832,-0.0760949418802138,0.19922009845736,0.221995321566809,0.220402985526037,-0.172162080060772,0.130084566347165,-0.150857091696212,-0.264568302968851,-0.103066492936413,-0.137105012796155,-0.0863024091029567,-0.300383972705533,-0.248107845303428,-0.0740999432695663,0.00480532129273417,0.0566007493750484,0.113791653434799,-0.0204319900099617,0.243200282088156,0.24484300815865,-0.10931039348147,-0.181158786926511,0.0338065436274677,-0.193121126061142,-0.0250580021747867,0.062771758428359,-0.0721516497887197,0.0802846927723246,-0.105294797174,0.24048131374038,0.189476972940157,-0.0827814238844016,-0.114921683976122,0.148128970208836,0.0274440212046812,-0.023475249785813,-0.0380205308861962,0.100174805454864,0.146056266501209,0.420467326242291,0.0482714202605541,0.148719943188341,0.190340589685068,0.103355982699763,-0.161952969550067,0.00277550200311523,0.0983977681553043,0.145515947563859,-0.153234672028603,0.0735011774428247,0.2223656571775,0.112627142734535,-0.0069468094786813,0.0565796347591709,-0.0199399624660361,0.168759311262817,1,0.493081760833901,0.332674971763257,0.226403514104366,0.184439616081883,0.224679967389709,0.257803212303613,0.199569011294946,-0.105013423374124,0.0321730493903381,-0.152475775069464,-0.197534506261653,-0.122840880286354,0.162185493145322,0.257488009380792,0.181826143500413,-0.204386586598851,-0.254185033600157,-0.149604430133922,-0.088347245398617,-0.0292396479292223,-0.129804023515911,-0.0782631123333592,0.257044678421576,0.119798458155559,0.111304557521543,0.211433765773341,0.111750876767211,-0.0198355210569354,-0.214910608356159,0.135562949603863,-0.164850038486401,0.141919609268731,0.0444361779549495,0.016474674904039,0.0433795925635454,0.143268848432446,-0.00560054023928166,-0.034483484514119,-0.0965205799622816
"继祖父-继孙女",-0.214524851260267,0.0568992658363301,-0.077503144091927,0.211888276497222,-0.0236207142787333,-0.378134324510798,-0.314320132547359,-0.39198490935246,-0.333807263670839,-0.410355180103037,-0.170075797649573,-0.214944909381178,0.160653409784591,-0.164152936575276,0.0516806268292994,-0.271128595279931,0.230662774803954,-0.261706391349004,0.0577699196230441,0.0443704588169682,-0.105874704674866,-0.284506043692289,-0.0497701161778438,0.0964555359368093,0.0514847754477457,-0.186663758476079,0.150378949797755,0.223782007384986,0.144961646181908,0.087308974952781,-0.167042745673359,-0.383653451035283,-0.167495594518344,0.0522600783561982,0.213458703923279,-0.229545680150713,-0.152772772505931,-0.0815568761987816,0.249417226126837,-0.0511977787780425,0.0237334607031404,0.446079858659181,0.287564222048252,0.585274625210817,0.0689871598276064,0.214980104353748,-0.131375530369334,0.367514790675953,0.534895657038707,0.289948891299554,0.0107502633803562,0.288228681735506,-0.0860044758853024,-0.427067646487254,-0.0811503714505514,-0.180579803020788,-0.0985912336079387,-0.290066840260764,-0.260790887549825,0.0894910571696002,0.0442268581209998,0.0531048617772625,0.340863359287494,0.153884426899684,0.134116124781722,0.24238016756624,-0.316596082486795,-0.305216776966637,-0.0356072623875267,-0.314743965909574,-0.11343143526404,0.0808741055268024,0.00445855440963646,0.184590228304323,-0.0922042011098288,0.460200408991068,0.320983032266326,-0.0035182383235014,0.0959028050039864,0.25590119255789,-0.25687921982586,-0.053191415318243,-0.281745453294098,-0.156429360896913,0.0586127740485008,0.23650568903722,0.113400188586761,-0.203385844395749,-0.221324924480562,-0.190931784558022,-0.35812544790509,0.133391409975552,0.0703689143778801,0.332681233659031,-0.333310065774589,0.132176821314683,0.168003811415275,0.0518251343292192,-0.257365149660259,0.166545599252012,-0.125637264837862,0.0806817838476511,0.493081760833901,1,0.480369836009564,0.442249878114392,0.17612830842056,0.410822799946692,0.293938790115684,0.139698255347141,0.0287142781964541,0.259382606201504,-0.116020320716707,-0.270577742002804,-0.237593707221341,0.166975386937576,0.335440574194566,0.258915151646921,-0.422029587469574,-0.288102092573898,-0.381003810784677,-0.240544468569771,-0.165725430926029,-0.0802891658557465,-0.383666857629266,0.330211805779866,-0.0473626030325704,0.0412624450852183,0.0499977844577447,0.0972765992580073,-0.0368147815873821,-0.28893673059209,0.269345894621606,-0.247023191220225,0.0817812212808569,-0.0512724652972702,-0.104553659931993,-0.126191905358678,-0.111406185848892,-0.0166453858824173,0.184686993537227,-0.33409816995043
"继祖母-继孙子",-0.0895358303375626,0.149253186183778,-0.0633697429472521,0.243724473954799,-0.0845313122938736,-0.462534070023562,-0.343740034946974,-0.369471741587121,-0.376078668966432,-0.338636219163203,-0.143802922642526,-0.0747346535362456,0.0418517122685875,-0.145201785633758,0.0729768251490527,-0.0522686257649384,0.1655706126586,-0.212604942640499,0.0327194297948676,0.0445489448012204,-0.0748015155939589,-0.247861951543434,-0.172098316161601,0.191217978434923,0.0118673286464556,-0.353157052151825,-0.0813067261376285,0.0200703444596434,-0.105668947318045,-0.208364722688799,-0.112730426763552,-0.228581319945572,0.0159901348533858,-0.0873743025373579,0.283222849615387,-0.0818280889034609,-0.101920857973142,-0.109981451805809,0.326459384605937,0.0459274301067427,0.209773419619417,0.164319764827419,0.39727257697342,0.404414654383801,0.216766435431384,0.228665676193904,0.0530570014168073,0.306412257411039,0.35156043979105,0.250253879468627,-0.207789150472902,0.0778278903018974,-0.0701385967809498,-0.158080172915993,-0.0929408735254271,-0.0796778393218026,-0.186228129431796,-0.349618354152848,-0.147502601074464,-0.0510534162325582,0.0182535120466142,-0.0498733233177799,0.245957471165824,0.0445699831869198,-0.0972168936544435,0.142098385803663,-0.188429810707991,-0.177614558629402,0.172083917565748,-0.156470854876192,-0.0237868857045665,0.232491397876861,0.141871300257368,0.364234056987313,0.0912239733686089,0.417858462597694,0.362512631005918,0.174370653257594,0.315685444908828,0.414907009178946,-0.254248208023893,-0.099512942219803,-0.307829120955291,-0.211477333629825,-0.143348065626823,0.11027464593099,-0.0696513888234353,-0.279944578712994,-0.152208550742377,-0.112786582375076,-0.17360040044677,0.0777738337959118,0.192225848606217,0.382670973900937,-0.219544334391153,0.185691059356167,0.271575835832416,0.146146727526117,-0.0969281204636451,0.186213279428576,0.178977192050105,0.210843450793987,0.332674971763257,0.480369836009564,1,0.307420433166493,0.13108972276931,0.297075542005602,0.0991096838552602,0.136325467091393,-0.0371602599521487,0.17133383242554,-0.179444358642683,-0.326401824767661,-0.162673690136098,0.35096675371982,0.262128644577724,0.290380669546445,-0.33446511192222,-0.105941918900779,-0.360347831771999,-0.221474571886586,-0.0544061448460042,0.0515864787346667,-0.438126211910274,0.286947106679272,-0.298659019009833,-0.248248228058268,-0.274002034173975,0.0665374366670638,-0.0949729704438606,-0.202868937414938,0.239373252697212,-0.235930272213866,0.0089542965158143,-0.132881616485727,-0.115519850136055,-0.0170191017992754,-0.128953607271451,-0.0406456265216162,0.0865173389282287,-0.432972951397528
"继祖母-继孙女",-0.417240036291469,-0.265411658913377,-0.34357975966041,-0.0969565075952191,-0.350951577684875,-0.370173687752865,-0.345165289226504,-0.340339783929098,-0.332987320172102,-0.277820743985616,-0.115582939577176,-0.2984047572277,-0.0878398901176778,-0.224026148673513,-0.199007403507257,-0.222895966792372,-0.032211557337756,-0.11165581601537,0.00251642395180005,0.0453113132011682,0.148745670394782,-0.12788986917589,-0.109316484890602,0.240581805578061,0.128872166821531,0.135043234938595,0.254613310037239,0.113531393035247,0.263102018435626,0.192870060639855,0.260716718020366,-0.114917159839779,0.171605295672817,0.126228387308177,0.422217208511756,0.0258902910881429,-0.237513391240522,-0.232476281749681,-0.0222034577243304,-0.292654402355851,-0.253716375592352,0.0475024620111165,-0.0761186718504549,0.10659625245228,-0.166628271623604,0.00720910437392826,-0.358738225990697,0.0324153986839952,0.150545900390276,0.0150459491455168,0.246232639961561,0.257502330759228,0.0214456022522775,-0.237870177683972,-0.0196859612014926,0.254574695250125,0.254955300792712,0.0913311932924489,-0.0156846479300771,0.369716393420736,0.527329903964822,0.525282647959489,0.732910193049427,0.317669162281773,0.45794640320295,0.156484630045966,-0.321604064035853,-0.369243364573339,-0.313519154374346,-0.422925307272931,0.0139985052030256,0.0030149025321049,-0.0466602114809833,-0.0805171251630277,-0.113747201933232,0.113896307470785,0.0522053244213324,-0.237711100504545,-0.213868517274876,0.0222067862702133,0.000341946609551505,0.379224399627167,0.130134416491015,0.227740044675096,0.183165839645199,0.329410707560385,0.438101808493439,-0.0133342538648424,-0.181867615551035,0.0591615087390279,-0.369199138292845,0.00549590934111107,-0.0235061098416257,0.0724115351701815,-0.45003954694373,0.265063129646992,0.105187504718715,0.0446465923789154,-0.137226214773746,0.15279401850842,-0.194481316546422,0.0793685342615515,0.226403514104366,0.442249878114392,0.307420433166493,1,0.561692648105336,0.535306763203674,0.400148379695224,0.401420453410961,0.23655572286513,0.115406967084377,0.0733659792498741,-0.123295014151659,0.0258938316923549,-0.118118614370892,-0.0338397319767331,-0.178537722958676,-0.42027728592493,-0.454988486974456,-0.44567617561349,-0.326136529625034,-0.184235174933197,-0.296282177003132,-0.262927606193693,0.201229564371417,-0.0611785532294563,-0.036915444987954,0.094743966358976,0.230400102307427,-0.0442454698607538,-0.210642031921028,0.166005965784658,-0.289584202990496,-0.120976328960164,0.120948295562214,0.0625067615018495,-0.0461513321052409,0.00999641791543675,-0.0161822530876715,0.505708287777079,0.0649698314824477
"继外祖父-继外孙子",-0.488506847978124,-0.490543173433881,-0.51216055304633,-0.415634211251926,-0.420381054914865,0.0219284083881666,-0.00775672581404121,0.00154631951292863,0.036097874859021,0.209422805097055,-0.0670944673903919,-0.0792623033194167,-0.121037249279886,-0.0866911727702887,-0.29311748567669,-0.217330691853597,-0.261677158111134,0.187092781499041,-0.121215680636305,0.14814443773854,-0.0179087555682828,-0.0297616885184939,0.0669793926505584,0.131344616899672,0.325418878000076,0.132893349604132,0.172240821385517,0.148244131826671,0.216293337441836,0.171961642605114,0.288960726155842,0.191564584730128,0.276026925908924,0.193628645185007,0.29840185042921,-0.14055234947882,-0.219582239665844,-0.192041978402176,-0.23947012704682,-0.376809545323396,-0.482158843853523,-0.104372898096931,-0.340800765466049,-0.249173998494151,-0.489279852486202,-0.349091750087336,-0.405163588179198,-0.308101530222044,-0.205756924789275,-0.198574522695583,-0.0439798756800938,0.116964345272044,0.0355427439566225,-0.109328451349394,0.0539256313154903,0.128232535334844,0.320245184930676,0.203050004063859,-0.116228276186634,0.389146677638197,0.271490775207694,0.244089022695652,0.519474844756611,-0.0785355107932655,0.453550660706296,0.0115766566672688,-0.0158574912317946,-0.0569296539059812,-0.258298742824303,-0.115168178337846,-0.204289005152483,-0.112190976259154,-0.348059531749435,-0.400387508101969,-0.334511004264921,-0.185017131268827,-0.278434799962181,-0.410176991345835,-0.5012010383763,-0.220149697844207,0.247232474205761,0.214435406402737,0.250580641242209,0.444725218357665,0.411776545328965,0.220546779574543,0.502704862913013,0.417009911535476,0.0596565020012543,0.364052976748906,-0.439880506755433,-0.252266457518009,-0.154926214729108,-0.273755638312563,-0.292667707891529,-0.154490929406168,-0.0856961359852091,0.0578443397819986,-0.0445995247945296,-0.138366981110692,-0.433719532430508,0.0696665630683477,0.184439616081883,0.17612830842056,0.13108972276931,0.561692648105336,1,0.629664664508577,0.700079894831244,0.679500607018957,0.028928114474755,-0.028543983657718,0.201527470742317,0.244090655920247,0.194781256031803,-0.372765066920407,-0.283777753880116,-0.307201856197214,-0.04810287557574,-0.296393152268013,-0.0728703232823333,0.0112537200790336,-0.0871876632483625,-0.200655244166937,0.155704330045248,-0.172317765610411,0.0372053322688787,-0.135238961173256,-0.0152556556153896,0.0247713241399419,-0.0508015190122228,-0.149742075366735,0.0557292411922556,-0.0424294696665427,-0.0297402827918152,0.341461139051104,0.360808929756116,0.324318497212013,0.394862173861533,0.211588438447188,0.384072365866708,0.340313363067348
"继外祖父-继外孙女",-0.393612576052235,-0.299703101600751,-0.328505637372675,-0.176737983776972,-0.187858303399932,-0.129308318078914,-0.131528221024314,-0.0825703171289284,-0.152538550471389,-0.150630355206673,-0.199400892512339,-0.202601376911165,-0.0572870304074935,-0.193780401631818,-0.142176219108662,-0.287344910618031,-0.025336377070989,-0.133952195125092,-0.0657918056824887,-0.0194615301003426,-0.190432663020929,-0.300354295617628,-0.0911317827428226,-0.00425357114567409,0.166830237947954,-0.040019879483266,0.1237550273997,0.335275881136539,0.220386386480122,0.158560549937852,0.126843373723326,0.0787416754470261,0.202979530451957,0.251451302186674,0.282144558704683,-0.133743306428206,-0.333442328814561,-0.139813344729427,-0.122269810762063,-0.129128292315909,-0.349029965876332,0.0602189604208755,-0.107615942693242,0.113601700486487,-0.311308491980185,-0.118070212395327,-0.328437014587816,-0.101541790276225,0.0984360054631295,-0.00659800033140122,-0.0649268172100636,0.479703855591457,0.0700634931487359,-0.11767703611564,-0.0452143000613348,-0.0369105601059968,0.164570958789519,0.00950392159294387,-0.206203499420652,0.333362326322228,0.22638911323128,0.277972143460944,0.514220855479015,0.0953445750265647,0.359585197897232,0.0294769847872076,-0.198260212073311,-0.169216979178691,-0.237969689781557,-0.249914258771015,-0.289313463668387,-0.0433658123583716,-0.18431975343596,-0.134196254877456,-0.306195230533413,0.00382733819679761,-0.123951119505914,-0.27243378915277,-0.235462915630989,-0.105082200866828,0.0895696499380516,0.124184806146473,0.0148352147860968,0.227297388243359,0.335534751464704,0.14587381050885,0.396160456287796,0.0749544146742121,-0.147081070073932,0.0859818213961548,-0.488637089291274,-0.250856914123481,-0.149677598026099,-0.0399756216213183,-0.254918672403137,-0.16668732250506,-0.0882005023586694,-0.0439466903214641,-0.199650377049856,-0.138488732261656,-0.413646428755871,-0.0265810517587305,0.224679967389709,0.410822799946692,0.297075542005602,0.535306763203674,0.629664664508577,1,0.499215258705289,0.561779401220681,0.129608760231335,0.318337921828634,0.0841712138499479,0.125646187673047,0.101465608984896,-0.140617885702552,-0.0520961364588554,0.0042859915204252,-0.233863839540659,-0.191955025759821,-0.220447794432434,-0.0224669029221236,-0.180216435104231,-0.0667477618996519,-0.0536098014218795,0.0967758362758599,-0.0750480496510102,-0.12088423926399,-0.0783811855837628,0.115901529313059,-0.0374536415857308,-0.144715787639847,0.332970064774183,-0.0468055440190299,-0.0301180183330747,0.263430715134162,0.234870952517168,0.268260020891459,0.259647393949593,0.193155087304834,0.390669294477618,0.141630520515004
"继外祖母-继外孙子",-0.408180275207974,-0.418551003496975,-0.37341573423362,-0.287521739293263,-0.256959597463532,0.0569267562355345,-0.0400045378381601,-0.0495330142262556,-0.0424739881172875,0.147249264351963,-0.0259640767562876,-0.0834422984134843,0.086252388136658,-0.126639603182392,-0.10338590718351,-0.20563135989289,-0.201146196488431,0.121827798415866,-0.0366697123007611,0.140372763430223,-0.175681476710893,-0.235076670971864,-0.0946690880787586,-0.075289592375136,0.174995163704876,0.141628967154494,0.132629289825322,0.182107677967833,0.282987814604709,0.258036367711775,0.0707104623620834,0.121642835587298,0.21594177489405,0.401474068804797,0.251692197000442,-0.200146993164347,-0.106598904540867,-0.0928621532170699,-0.140948548291266,-0.122716697881893,-0.377226620413602,0.0679172991072783,-0.141774519855945,-0.140924889466754,-0.408826759486422,-0.256503743364993,-0.268980592711515,-0.223768566828574,-0.121811364778758,-0.0637721139075132,-0.109064617502803,-0.00747237796162802,-0.0905103261370288,-0.150429067323801,-0.110822559169645,-0.0429218595606116,0.0280869015352768,0.0503641184812184,-0.0692165729638935,0.255000543192868,0.092829378063273,0.192622962817856,0.421852465288172,-0.093975394628465,0.473054230081535,0.0481624269923699,0.0570145977232117,0.035312132223746,-0.203678046820254,-0.0488653119027446,-0.353315324888482,-0.07264771651501,-0.509530735824949,-0.350153355453356,-0.444619555902483,-0.0984924393780506,-0.229948841035768,-0.306529712084275,-0.375018112722012,-0.189545196960162,0.309006361786199,0.156128892062074,0.269083269951998,0.396092963777132,0.332200455212169,0.149511258812306,0.332053201702274,0.329125925158314,-0.0104912424165252,0.264399064463502,-0.435988105237657,-0.16859060890249,-0.22954496054492,-0.26592208529709,-0.26427180003834,-0.278912492067273,0.0143170915222024,0.00354267769440307,-0.0460393198766574,-0.232400213225149,-0.468426274678595,0.113756139076763,0.257803212303613,0.293938790115684,0.0991096838552602,0.400148379695224,0.700079894831244,0.499215258705289,1,0.63154945415195,0.116658776038163,0.150859762726896,0.282714680529749,0.297620647084709,0.122541334850299,-0.328512373776039,-0.135985229143224,-0.135094792143312,-0.0690876769841356,-0.271034040907961,-0.0510730547134145,0.105201269908272,-0.0618360959817995,-0.144897813818278,0.21676190241972,-0.039254562173358,0.0720460365687029,-0.0253050924532943,0.085558183942393,0.104166723686751,-0.152231786437914,-0.261486718781307,-0.063505819509505,-0.140579554746839,-0.0685763248146883,0.236008377465289,0.0498174366520215,0.21273578870171,0.298156136924452,0.140197439592632,0.381788133693955,0.315951043566796
"继外祖母-继外孙女",-0.416246824987379,-0.503631169581682,-0.40434106132057,-0.402948645700929,-0.33901772400596,0.00265238689912762,-0.0297712644567773,-0.0531373629897864,0.000488703009087135,0.101271985005095,-0.0748182513856775,-0.176791149874259,0.0352821470523642,-0.330389403653564,-0.178003541898104,-0.260954102129051,-0.200976217432491,0.0788953880269125,0.00168109341364392,0.0710771466424359,-0.0151180929611646,-0.142144831294641,0.0728840883096354,-0.0616581206913854,0.241458190628459,0.0166980609081417,0.0383996543373648,0.261398054727433,0.157284392863798,0.23121927071336,0.110414397512219,0.312005990591428,0.216843714482504,0.406578358357793,0.176783083672327,-0.116904838392349,-0.211539658364232,-0.0970113066849308,-0.341643410781631,-0.213580005367771,-0.474878078006427,-0.152495645668051,-0.226910801021768,-0.251956937862021,-0.409979963000955,-0.316188975524165,-0.232942573466161,-0.212263436454603,-0.195671879500007,0.0436485076792758,-0.208985204870289,0.0780337423930295,-0.0196646174319729,0.204540657288762,-0.0399001442009376,0.136310837014204,0.121203274634023,0.301320355860423,-0.154607032495418,0.332821475602467,0.143900418303386,0.252292014616609,0.279297684595319,-0.0620017826041679,0.443220912419224,0.133164312626161,-0.0935486013861146,-0.011646334952764,-0.0986726665748398,-0.0436409456351362,-0.468134144791664,-0.249539476650334,-0.451540418701954,-0.402261889421598,-0.424286261798664,-0.0745966350998109,-0.135804950965724,-0.260323670093244,-0.35196312247479,-0.185798937791179,0.306155467101213,0.159272803976652,0.203832026105928,0.416733246647911,0.35273057709506,0.174044410763669,0.406411089669335,0.389899007802031,0.0561514828734474,0.419569908732956,-0.421277365327733,-0.267494243738014,-0.170342067971979,-0.182805032153216,0.0874336908074438,-0.352773493389412,-0.0459202534656505,-0.131480462274593,0.0773108138719348,-0.394510758501247,-0.466403418123585,0.114899027235814,0.199569011294946,0.139698255347141,0.136325467091393,0.401420453410961,0.679500607018957,0.561779401220681,0.63154945415195,1,-0.0324287807318479,0.031584530547633,0.178192676515701,0.220923146396493,0.175849616947317,-0.177321967263053,-0.0425406947251887,0.060372076361235,-0.114367850480862,-0.191814217112398,-0.0111387884340697,0.151936203997732,-0.0951608977383025,-0.0170788575048052,0.186722969625463,-0.102374838370798,-0.0517464377192804,-0.168837587686309,-0.0455997140978941,0.125428118573978,-0.256788057079676,-0.155939572368587,-0.0146644687004355,-0.124591859514505,-0.103664139599057,0.279604536516925,0.0884669891814925,0.323260099411114,0.311951492596278,0.23683043560955,0.279269092190074,0.342842818012587
"继父-继子",0.132363468892669,0.13845983382575,0.133193536348516,0.205245899824792,0.104545173792995,-0.0743759077209596,-0.219370690374321,-0.0481071726644796,-0.250761434639736,0.00953477592101716,0.058174619694266,0.0341651573180449,0.0639402300417075,0.0409326919114082,0.160321133394195,0.234590408122381,0.182512676448365,-0.0265556570965444,0.143076906141023,-0.0876429114167066,-0.112325290167333,-0.144620469345975,-0.271679572726681,-0.101757595178177,-0.0989881014235647,0.265230591270274,-0.0343390072179916,-0.0995233526614412,0.0223246968427808,0.0498727741708868,0.124322549098888,0.0445926393229688,0.218681202461457,0.237545549211022,-0.0116608610383119,-0.0311771467893383,0.0590245729465165,-0.0286663025055102,-0.0161088224371528,0.0906791919589273,-0.128473062750909,-0.0602907536070338,0.0693499178443543,-0.0500257545103319,-0.04349770329264,-0.0261379261512714,-0.221392166471222,-0.21215385933123,-0.126414358956408,-0.13048408073517,0.27425178461887,-0.0250146015096321,-0.0664443958607523,-0.204605736855641,-0.065084060909939,0.109433481707533,-0.10952108006278,-0.0971137330646902,0.371355277057596,0.051779460361942,0.18732840903219,0.29543090533581,0.223588089685403,0.240886110757786,0.0891138356457708,-0.23314106887036,-0.104842741942092,-0.0612042072205135,-0.31615132681159,-0.181714895974412,-0.0640523028385741,-0.21848575881985,-0.0850898107136629,-0.071163282479949,-0.0193815146045557,-0.0982719549198056,-0.188710240080697,-0.104292791862295,0.0525307706123417,-0.199814354174238,-0.00788008951856611,0.163616939465984,0.230860911517313,0.00396009089720654,-0.101346118738012,-0.206107199991238,-0.00374289109523965,-0.179931485521091,-0.16654249864833,-0.138045951402483,-0.0624594374713118,-0.00400567351118595,-0.15052486124095,-0.0961052531659875,-0.161271086614413,0.0688572413302505,-0.0532212248699567,-0.228525763787348,-0.214825085497513,-0.042437825388262,0.00717172476603514,-0.226706341799401,-0.105013423374124,0.0287142781964541,-0.0371602599521487,0.23655572286513,0.028928114474755,0.129608760231335,0.116658776038163,-0.0324287807318479,1,0.563979753612234,0.513467550796935,0.269406653332667,0.260794976700562,-8.44914983355157e-05,-0.0299509563885505,-0.178161632978872,-0.09496625771192,0.022658316431795,-0.0898863938244193,0.00386581011258328,-0.205325273276941,-0.069549726157292,-0.0406230516228162,0.151493765260035,-0.0645599742478045,0.0234899473709098,0.010609511427189,0.263399085645262,0.0240394111101256,-0.0688027339887462,-0.0369489690939016,-0.024314010363032,-0.0823164724126651,0.0695385550924724,-0.16991686888706,-0.181147322702502,-0.0660723291107709,-0.0309325128282094,0.468787004172236,0.216032035070937
"继父-继女",0.0557603891845082,0.197879961243153,0.140764284974318,0.247370289974019,0.285680799824504,-0.12529292271513,-0.141935748638384,-0.0946718741175943,-0.250313676906035,-0.147778549562344,-0.168689673763727,-0.0349276107977667,0.0239114610772671,0.0117947743720085,0.107679835565005,-0.063247810892562,0.140779039829126,-0.199992172114985,0.0379046806100552,-0.111120801694283,-0.334072295396701,-0.247692624930022,-0.266920199937222,-0.268971718159947,-0.116223741228163,-0.025944924693121,-0.0817500847214279,0.0848199447582607,0.148782798587516,0.0831610273171231,-0.129509207913801,-0.0336257936538322,0.0452405786190123,0.172143309388946,-0.0581841172254049,-0.18029641014449,-0.207525612547768,-0.116997127765863,0.0236074915678574,0.190089555861139,-0.0014368726975179,0.122902189159495,0.215447474148446,0.22890212037068,0.0422289102150726,-0.0360155803316815,-0.146463797567728,-0.0437079566093728,0.0776081442679601,-0.0241925776247952,-0.0209512934305628,0.133586157391301,-0.0437001454105073,-0.24974859549022,-0.157518483148658,-0.0868092736683269,-0.222567224547758,-0.177657960695324,0.193256535881545,0.135763679115234,0.0178004575287396,0.12155048011891,0.200468721656584,0.100930400719542,0.125631199879835,-0.113202190367791,-0.123404559719966,-0.00873752988958179,-0.0195447063289817,0.0394997635730124,-0.183463099953277,-0.114914280486735,-0.120561194755635,0.0151865521369128,-0.0730233354487546,0.0298442680432055,-0.0891775551651282,-0.0503566725421358,0.170478579982306,-0.046728901414771,-0.0344095888069017,0.0347481021890517,0.00496415120423827,-0.060401868953065,-0.0069351655596759,-0.1127122779374,-0.00159048468434534,-0.213439025554396,-0.161049836294998,-0.0856267874622992,-0.266735927560426,-0.139006591791771,-0.15932864942013,0.0282253952366131,-0.170723696593111,-0.150626190057015,-0.0995064236467251,-0.226314928687488,-0.275670840576334,-0.126394695836694,-0.129180130086579,-0.196810610499175,0.0321730493903381,0.259382606201504,0.17133383242554,0.115406967084377,-0.028543983657718,0.318337921828634,0.150859762726896,0.031584530547633,0.563979753612234,1,0.39120416219348,0.24734988129966,0.103036950524703,0.061675072721454,0.139059874242084,0.150495033449574,-0.196153688575665,0.0229478767311022,-0.159897549200625,0.022413298881408,-0.186488107184198,0.0384382842095488,-0.102508185964276,0.233533549571314,0.00736399246830882,0.0605674382653987,0.00991338985116201,0.191126574286205,0.0178326625971412,-0.0686681927490424,0.125783342485115,0.0558539043705113,0.0102652353619064,0.0717700904847681,-0.175701077423157,-0.126941347247343,0.0284352292703799,0.111165479520012,0.291459327593498,0.0121980421215693
"继母-继子",0.0441066853649343,-0.0728050455899559,-0.0333430025051011,-0.00786524354297219,0.120424592793994,0.11846691029187,0.00868534696951416,0.171037522726443,0.0345770078075072,0.275529695901741,0.0751618559786101,0.327271987911034,0.217481716865886,0.108638311652183,0.132913362514903,0.130920108300132,0.100931948846259,0.255073992449924,0.0947698855800807,0.0906478572616863,-0.134925762631821,-0.0294887636772324,-0.0846317694050039,-0.204429217389127,0.0682484146594662,0.176937419899959,-0.0997829762657058,-0.059903308739749,0.103956346117111,0.160731303455126,0.0835655140374194,0.245195270381745,0.1703702566106,0.314618620917389,-0.134385697661875,-0.0976071122685389,0.0315022354451153,0.0519028315355028,-0.214648162522884,0.0478625002073061,-0.280167882576059,-0.0193624628142114,-0.14281922277764,-0.238370528664438,-0.299415445083706,-0.153143933347551,-0.374527637235578,-0.403850241742793,-0.345946244070346,-0.328810138883409,0.0051067723027934,-0.0990687274409473,-0.0564566769062412,-0.169875760977173,-0.0403249492519348,0.0534901294778093,0.0405083807826238,0.142012566517542,0.178895164214611,0.106771291006706,0.00730075056529811,0.156217780548488,0.0438620535925006,0.00949752060488867,0.23875432767493,-0.35549573931056,0.00597943918302364,0.104953110456469,-0.223926130804396,0.107547506124319,-0.157174351336118,-0.303493031915002,-0.214975122181307,-0.356319094998339,-0.196118497281658,-0.356026769190916,-0.329886184868736,-0.210606607830254,-0.151332609351172,-0.31291813572252,0.180778099423291,0.0221502931667751,0.263797559789041,0.0589848198310957,0.0399236052028021,-0.196964567806123,0.127670093453706,0.162461049527347,-0.12001079090376,0.0287778751146335,-0.123970826320658,-0.206123099393525,-0.308956679717699,-0.405150370320119,-0.0947789596406545,-0.18348087229468,-0.10802987201728,-0.212804620942818,-0.0655237184878396,-0.196783366664554,-0.207383787091048,-0.129633032465099,-0.152475775069464,-0.116020320716707,-0.179444358642683,0.0733659792498741,0.201527470742317,0.0841712138499479,0.282714680529749,0.178192676515701,0.513467550796935,0.39120416219348,1,0.543383045121764,0.29160483932279,-0.211982458999874,-0.155150567868647,-0.214597591216626,0.108698468103525,0.0532275066958826,0.183085446459804,0.165120892092368,-0.194674299552179,-0.0775271481044001,0.210847245361874,-0.148331557167776,0.0988017911826094,0.0373407875684959,0.0593554962028446,0.146669271168767,-0.0594536475585481,0.0256037930617839,-0.159555705638427,0.101899411134797,0.0509271205609266,0.266115367228586,-0.0268055353182278,-0.0432979379762085,0.135857955190542,0.158921674540076,0.266978899681735,0.404333355049496
"继母-继女",-0.0624294907562218,-0.23310363452802,-0.0917334052337971,-0.227226711897068,0.0616922015868051,0.380542900757704,0.242371197567182,0.413500038716575,0.245727158789234,0.375921377593358,0.105568835799245,0.30609296258941,0.197107886026927,0.1586245237744,0.101573585364582,0.185678476013455,0.0365409968723289,0.305818583176834,0.0893356953261599,0.150745112332518,-0.243349865204526,-0.0379985124439479,0.0301848797026355,-0.285985382328177,0.111786518865615,0.260670304071426,-0.0918167235780415,0.0672843320959581,0.137791082620199,0.307199163785935,-0.00347992538103854,0.268690069914638,0.181453235170779,0.26712349270351,-0.184819511805133,-0.087580926950378,0.041904729411887,0.272901890409469,-0.275388118596352,0.0636171832130388,-0.286828907735688,-0.106831642505783,-0.217160732549212,-0.378607071098631,-0.430778434368649,-0.247171039153075,-0.318892790814621,-0.517255620983289,-0.440566482821917,-0.338780607223635,-0.0992261116802347,-0.204120654228186,-0.0571153718767449,-0.036781495857063,-0.0975090532416175,-0.138129481282449,0.0434068647716124,0.170987295589657,0.0294143282856189,0.0677531523002127,-0.172259112285277,0.0200846558727521,-0.0726871544287304,-0.170230384762678,0.209266784599708,-0.253204623487828,0.1895414567929,0.252738185454329,-0.157892651352392,0.21571095501742,-0.0809234064232107,-0.203249832944709,-0.322803427604873,-0.325083177926198,-0.326188147577754,-0.492300287338847,-0.501870813403388,-0.331203015614253,-0.312684055075428,-0.424783371096439,0.429285211922124,-0.128176702621385,0.412933180416018,0.274201378137386,0.203551346219341,-0.193080143279904,0.0937929413285264,0.379477924292888,-0.0112672656180528,0.160596659479959,-0.142419061480869,-0.337631808073416,-0.373268966051595,-0.51606824400136,-0.0224936231317756,-0.412470706108777,-0.233205569005042,-0.189523826014419,-0.0335083439106032,-0.268858470183646,-0.376696930042663,-0.0369594920443185,-0.197534506261653,-0.270577742002804,-0.326401824767661,-0.123295014151659,0.244090655920247,0.125646187673047,0.297620647084709,0.220923146396493,0.269406653332667,0.24734988129966,0.543383045121764,1,0.42258655958869,-0.429765638110843,-0.368430862882939,-0.254217328346813,0.190372474705882,0.0267082286641195,0.218070408923417,0.249462673586173,-0.0689478006452126,-0.170881106877599,0.448379649632574,-0.251285337716476,0.192429160383493,0.0428449944704888,0.0459540689031521,0.16018329642374,-0.0100804424581795,0.1391979037351,-0.184993297572019,0.269334265475831,0.0818429313766807,0.299970437466096,0.0902528394694819,0.172825344235171,0.25851006191625,0.152848559276066,0.0874553413164918,0.442697405286875
"继兄-继弟",-0.013985284959328,-0.143187324822485,-0.160252942394155,-0.114015441896111,-0.0959204963353681,0.196211072331849,-0.0324965285520321,0.115384001594353,-0.00226013399795325,0.077054293877512,-0.207713444016003,0.0237996580479184,-0.120735930120108,0.0380052123485959,-0.0400997279784361,0.0925106355116084,-0.115802347619236,0.0854435275183709,-0.0586384198552863,-0.0685755283711668,-0.236244918002936,-0.134000649570341,-0.250651354726304,-0.146575289092052,0.00207762106475196,0.0360060715033597,-0.00106784307737907,-0.0988046369704671,-0.0288720624375513,-0.00387582547737775,0.0953408081671281,0.0665786908209001,0.2695420464514,0.0666744517914196,0.106756277485117,-0.0881217924996132,0.0222821023874805,0.0771113132870354,-0.0449621987878668,0.0262026055252605,-0.0401146330117161,-0.267489886276018,-0.146554284849881,-0.327339773766235,-0.279115474576778,-0.217285977185495,0.0999552719734215,-0.172880791647286,-0.25192590283714,-0.204627647513819,0.118581522977295,-0.12472572235857,0.145237416921188,0.126416072996545,0.0377487359439852,0.194737522211722,0.233706262297096,0.125314306825891,0.307520005536294,0.0586358170631369,0.047284652807034,0.149377337846847,0.0436566525417039,-0.00769044998115414,0.029588714650955,-0.00390071251383527,0.0509922040408474,0.0129347268495747,-0.0640067687300343,0.0217468476406776,-0.115661147325295,0.0106885514079105,-0.197293364908194,-0.11365237153147,-0.0945411495617894,-0.144052225488633,-0.243265380378987,-0.103820710202508,-0.0889123790178224,-0.055985874130639,0.216069118190416,-0.0644567731828948,0.366387618046415,0.0678668088445005,-0.162382773343687,-0.199679069415467,-0.0915443644250671,0.0928569242080991,0.108921349921916,0.201843719192674,0.0299047178899604,-0.255251592577005,-0.0764023233790826,-0.126557465064388,-0.0998169280235659,-0.15949462625878,-0.155741357679867,-0.105486722517114,0.0749967017325319,-0.108027311440265,-0.0729153275787244,-0.0391254952544927,-0.122840880286354,-0.237593707221341,-0.162673690136098,0.0258938316923549,0.194781256031803,0.101465608984896,0.122541334850299,0.175849616947317,0.260794976700562,0.103036950524703,0.29160483932279,0.42258655958869,1,0.0200308161508632,0.0469775630885341,-0.0218952883934439,0.0830892573595888,0.000235429462905518,0.0959655309894402,-0.0862524822797834,0.133713828003685,-0.133195244489454,0.146790306560101,-0.156674825401178,-0.0619035840228578,-0.213757700771546,-0.00855723343783733,0.00197721780186854,0.104125609273919,0.0234116353911879,-0.0532623971822274,0.109925213133984,0.210233227701502,0.193880678755601,0.0547866159089179,0.233292550846782,0.248027322189478,0.100381103303227,0.0688238775592765,0.231637580124689
"继兄-继妹",0.34972899212596,0.374067322877942,0.278610640827793,0.39838646296161,0.177596185942121,-0.179754783164915,-0.119304585109014,-0.235149865214325,-0.17549590252185,-0.315754478487824,-0.194083586773918,-0.15005428246707,-0.137525061003294,-0.146359625180023,0.0761585223368052,0.0235199392079515,0.0666502677397959,-0.322286363539333,0.0133753753257556,-0.310977449499079,-0.0532656870497787,-0.100688846230195,-0.187489438133269,0.0968382395102972,-0.198389047464172,-0.350865217952372,-0.228327853231784,-0.230194883766166,-0.319124072116185,-0.377568638938653,-0.289302623670737,-0.247577006251437,-0.166031895688851,-0.275007539653541,-0.111570945565329,-0.13881693701038,0.00107850705418719,-0.0980754991458196,0.120587493568401,0.0977175064090049,0.29792522436018,-0.0578698674703419,0.243279036188959,0.247304963785211,0.345028792363036,0.15265925351277,0.406728917721083,0.538287864839862,0.281002721951554,0.309768441229895,-0.0912965463385728,-0.0315562592509968,-0.0761236985754066,0.128962236269804,-0.00619242537553701,0.0497905147546187,-0.288992318673725,-0.297509983524736,-0.018588187800391,-0.329956486911759,-0.241744584624574,-0.240333301068914,-0.25571074366679,0.0519174051827811,-0.462318529086859,0.158901556603101,-0.0584037586775321,-0.063124348532103,0.31083035449111,-0.0196307780958051,-0.0405554020152178,0.162170506499453,0.305470648384909,0.398455823462654,0.280558281218805,0.362134949872766,0.397628342189362,0.432098223616554,0.546157409357985,0.337016180323991,-0.345191258627089,-0.269828688297681,-0.326538034078903,-0.406959885474273,-0.391575309807817,-0.256322435219383,-0.400037020092559,-0.451146007738242,0.00140010043567033,-0.243597217327581,0.265094001075851,0.163604169802047,0.286690216801334,0.465911467105576,0.22317511262911,0.208641970169566,0.242717531718914,0.00542937594161951,-0.0794778174874464,0.104935815075652,0.375188658186706,-0.0268531508973227,0.162185493145322,0.166975386937576,0.35096675371982,-0.118118614370892,-0.372765066920407,-0.140617885702552,-0.328512373776039,-0.177321967263053,-8.44914983355157e-05,0.061675072721454,-0.211982458999874,-0.429765638110843,0.0200308161508632,1,0.702824811245629,0.587538715709977,0.0533693884475515,0.332936716878992,0.0906183280249892,-0.136415026213435,0.155850744583454,0.170048043307921,-0.370625754771751,0.126192077758833,-0.391035819035777,-0.239007841413039,-0.27676173622398,-0.241467113672929,0.0891472484165294,-0.000345566434320371,0.157547903997331,-0.0874713636970532,0.12500920792057,-0.232021600050387,-0.184120522678065,-0.0286348262680111,-0.159559769853488,0.0234343247056182,-0.1457823893331,-0.419675849028184
"继姐-继弟",0.0954684394917899,0.164464994214844,0.11130952253308,0.185060922815045,0.113541162822987,-0.183963678845562,-0.142648937807837,-0.24501043156212,-0.20903926970306,-0.349560640016093,-0.281426075081193,-0.29400838722365,-0.160033923110854,-0.200173337717377,-0.00924544140550686,-0.228183075755165,-0.0625372809016324,-0.3969063732866,-0.0812946600585692,-0.370030006699149,-0.124698007503194,-0.157810518607533,-0.188769950966117,-0.0104430502671291,-0.171200710115938,-0.339018712054373,-0.0405863305679204,-0.0319155895128907,-0.0657384193051485,-0.135221493580524,-0.255079091672753,-0.30473261904994,-0.200685343404592,-0.0917653563123156,-0.0291118387118308,-0.174525890881061,-0.107550623912309,-0.148488826255842,0.110415009440094,0.0519897262130087,0.191323233036395,0.110438151791354,0.257894673908157,0.313383256058603,0.346105104185601,0.114585551096656,0.354810923936254,0.515018225157835,0.418211511918562,0.353654011395325,-0.0371554049967808,0.0525402455119425,-0.0150770911141962,0.0576325208391582,-0.0722628504201765,-0.0630804123281113,-0.194568680005721,-0.155901482697211,0.0280326460334022,-0.146168814779427,-0.105319683391293,-0.120457955195159,-0.117230893514958,0.0663229535215964,-0.222678969895984,0.203627567086679,-0.189075095590118,-0.142214379178104,0.225018680717356,-0.0475141314916034,-0.151873354971187,0.0673495241079253,0.0715146357498888,0.204488661733471,0.208573130823632,0.418855307155204,0.43880287445264,0.292531434664875,0.285617688218597,0.353009932453601,-0.184607572094231,-0.116183288687319,-0.331199528572718,-0.284529462319829,-0.273347961061189,-0.031758590439511,-0.251377966325251,-0.353510903471141,0.0715282793843132,-0.114416025294985,0.0263254071516174,0.227083452492428,0.168447283514955,0.470776908425742,0.161235384037593,0.10444247820836,0.107910304576515,-0.0391250418672718,-0.0818665106588244,0.0639510480793802,0.151613440388532,0.00953785591306944,0.257488009380792,0.335440574194566,0.262128644577724,-0.0338397319767331,-0.283777753880116,-0.0520961364588554,-0.135985229143224,-0.0425406947251887,-0.0299509563885505,0.139059874242084,-0.155150567868647,-0.368430862882939,0.0469775630885341,0.702824811245629,1,0.663072667539538,-0.126977376676525,-0.0160199862248594,-0.00197295761694969,-0.151998663231144,0.0588296538086561,0.0322807063479485,-0.274060392003439,0.0800525056807233,-0.172284057779221,-0.121443673986914,-0.0232137860082368,-0.11081871063111,0.134908868490537,0.0215973140394105,0.165553462326563,-0.0637184073118306,0.172081158384268,-0.175805467116654,-0.230837358735937,0.0405843115946384,-0.0760770204849741,0.121109267473212,-0.122259569081863,-0.300052012826433
"继姐-继妹",0.130562099051367,0.237090880553815,0.192784446671422,0.205520035269609,0.263540038214894,-0.152562059241903,-0.065503015081587,-0.169532286712874,-0.129464601745385,-0.280990135884459,-0.232774551647526,-0.183117573799356,-0.00229757757291018,-0.195151583854803,0.0633390630169946,-0.173360703235884,0.102572664803685,-0.389467349894515,-0.0203357685296499,-0.220456657941763,-0.113630908024503,-0.117122833866021,-0.0333100519938639,-0.051932148586578,-0.0358526795971315,-0.304689326399222,-0.206536660681279,0.0518262571869158,-0.167226666529357,-0.00536005220238487,-0.43880686214682,-0.185231446673956,-0.239602845545582,0.0382730889542307,-0.119785317416817,-0.174152002007506,-0.181888660469036,-0.0668007482152403,0.0820618979428383,0.113370953896055,0.157015379676578,0.0587897846719109,0.284612425598508,0.343647324932136,0.269624375635061,0.107618537622253,0.335479142602148,0.483129517577379,0.343365059049256,0.472881736437413,-0.257147064265809,0.10258140621347,0.0228036215831338,0.196274996109234,-0.0459022260010145,-0.101369022086564,-0.344377780024077,-0.147976695176142,-0.103586666960207,-0.113090336028584,-0.295466723614892,-0.286711743491078,-0.245191839320687,-0.0500250026742522,-0.244224740747326,0.261203938021802,-0.099706838240783,-0.0239446626397933,0.391960457902164,0.0997069702190104,-0.262394966544188,0.127737169073088,-0.00142942282713624,0.233960260084129,0.104372376389947,0.332717790908264,0.347547591636989,0.260014419285,0.332449219413061,0.287879215292455,-0.220208414440622,-0.319688605772966,-0.386901258667482,-0.325924174470749,-0.228202917790005,-0.0759786025833024,-0.242837197733572,-0.326290426488801,0.0560130561139618,-0.0642761750668184,-0.0882379958982376,0.0192389652284883,0.145930560318985,0.445605790015786,0.356679360916477,-0.136732369176673,0.0328652649405233,-0.209255260051703,-0.0956641291399622,-0.131599190008188,0.065700976197757,0.14877469486477,0.181826143500413,0.258915151646921,0.290380669546445,-0.178537722958676,-0.307201856197214,0.0042859915204252,-0.135094792143312,0.060372076361235,-0.178161632978872,0.150495033449574,-0.214597591216626,-0.254217328346813,-0.0218952883934439,0.587538715709977,0.663072667539538,1,-0.168061828547939,0.108870769983559,-0.0214972994974857,0.0116050895340374,0.0237698960260115,0.229408473715373,-0.206653144814629,0.137284624215546,-0.241169279884698,-0.225813903418401,-0.128418542475293,-0.132523211445258,-0.047814964585396,0.0505466556403307,0.160326189073123,-0.019742782376081,0.0459800260318362,-0.187551491332951,-0.248860130744298,0.02126497855501,-0.0914145741949445,0.166792850562729,-0.230838532340401,-0.365908917178263
"养父-养子",0.346040744323108,0.0884801019483171,0.10459584414483,-0.0602801311634997,0.166301975021157,0.522821077003336,0.535502020771374,0.426213705194173,0.556790146621809,0.562704500157971,0.17750875741591,0.29571772784307,-0.0514101870381006,0.183622326589629,0.0435983523913657,0.261052570505461,-0.0639995348667844,0.348769759895567,-0.0290720489953697,0.0300317351787409,0.0342844583954385,0.346591562782628,0.17236104899092,-0.0761105492378426,0.208952605632867,0.102078963368811,-0.268372988241571,-0.291317720213923,-0.170501817607883,-0.137983145469425,-0.0866233430709669,0.114847418435172,-0.109702289779569,-0.19997737453064,-0.476579994815591,-0.177776239248572,0.14038114652305,0.111070858716087,-0.249193782663139,-0.00436548193985355,-0.0706819347507443,-0.205202214152196,-0.322210851529839,-0.443805280581089,-0.238058333188883,-0.240064473342207,0.0227585162701498,-0.292436551814884,-0.466228900270072,-0.36361280949688,-0.121331293829335,-0.282748093126916,-0.196961091131768,0.0377340923309853,0.0274474383295802,-0.0947006501109349,-0.0968267900077883,0.0919027608266946,-0.038921550944268,-0.259896134163306,-0.385158838665365,-0.386111242629317,-0.497969052784831,-0.452145431431835,-0.26818047851115,-0.251006722851583,0.424994629168754,0.360677987109219,-0.00062518129680702,0.351440650661468,-0.0528621671373776,-0.120623490920961,-0.110359381418454,-0.331093565600459,-0.138005969483998,-0.468522765585613,-0.38079951620924,-0.149304222689153,-0.163038679845883,-0.351840582853143,0.0924959734681603,-0.261303589033338,0.159645427393309,0.0317393475873905,0.0198325048158117,-0.356262135709339,-0.141603711605993,0.189789312531264,0.178832163284374,0.0803250186691319,0.296833290452453,-0.193875648203299,-0.0466580246930405,-0.400411489012887,0.210069545250018,-0.280098815563566,-0.172766056873831,-0.0340092248837707,-0.0203087066542394,-0.242916925433104,-0.0248965218877416,-0.219596483492988,-0.204386586598851,-0.422029587469574,-0.33446511192222,-0.42027728592493,-0.04810287557574,-0.233863839540659,-0.0690876769841356,-0.114367850480862,-0.09496625771192,-0.196153688575665,0.108698468103525,0.190372474705882,0.0830892573595888,0.0533693884475515,-0.126977376676525,-0.168061828547939,1,0.653363892062616,0.827753705505643,0.35631742389439,0.33584808087945,0.0532427817230634,0.409838882353444,-0.259211984829534,0.108197094807916,0.0390249586429369,-0.0827612105994731,-0.249878391189903,0.0926763017352346,0.144184965568916,-0.329150212315514,0.198093232155978,0.185156169162117,0.129838620761312,0.194942995126779,0.173229208527647,0.235091711580775,0.0336495296716216,-0.296410517787143,0.230877056753408
"养父-养女",0.579937490934029,0.41052114004251,0.477538451645777,0.287830675858425,0.434872424130642,0.185025917962889,0.294074834556801,0.29526232677572,0.295211234486293,0.224742281948924,0.100178301713947,0.291883403451458,0.0924036936844233,0.152378495840442,0.254451706277962,0.357975557935563,0.158689308116034,0.0805251070827038,0.0512020818752655,-0.0476448132975043,-0.0368099854465302,0.124199590266303,0.070335341787429,-0.100585557364206,0.101110392150476,-0.0623284414782145,-0.372014627251407,-0.177545471355337,-0.302206156915565,-0.248414848193324,-0.229894038245927,0.0746666004403397,-0.113244186476497,-0.15857768733688,-0.47542588399153,-0.148895977145864,0.0706957694715379,0.0932395889614336,-0.134968184327583,0.209125801924273,0.0892069656547403,-0.173410320342326,-0.136038207934261,-0.121613298749412,-0.00301050335461834,-0.143961229452005,0.104261102092697,-0.106745917644279,-0.283630593563573,-0.187996139757284,-0.249448192075868,-0.228451233463855,-0.0961040377065689,0.165351863404213,-0.069816609925366,-0.114488177294178,-0.157923620884389,-0.0546622087634725,-0.0969523259043117,-0.242310053203641,-0.47934672574425,-0.408722245867231,-0.562524210373886,-0.286442503683407,-0.470422100130618,-0.215216598995305,0.284243724994176,0.35615065622638,0.139524167949496,0.35295840380506,-0.109800132369269,-0.0391894382088926,0.129340179705501,0.012788239608149,0.0619603575871222,-0.279596126838261,-0.177773195341575,0.0468947038874522,0.245168871033843,-0.216611070157694,-0.1630154370136,-0.398281466009004,-0.0999847756429558,-0.293048319573484,-0.156147716806151,-0.491697111863708,-0.292813785749305,-0.206248157319649,-0.0789268409375411,-0.189834517462047,0.25938306035947,-0.223835223098454,-0.0462298710192731,-0.174864309268496,0.309500442663135,-0.21565403108841,-0.149771701866166,-0.162378231164837,-0.0673905235458235,-0.221982579376664,0.134301456479775,-0.25799404673988,-0.254185033600157,-0.288102092573898,-0.105941918900779,-0.454988486974456,-0.296393152268013,-0.191955025759821,-0.271034040907961,-0.191814217112398,0.022658316431795,0.0229478767311022,0.0532275066958826,0.0267082286641195,0.000235429462905518,0.332936716878992,-0.0160199862248594,0.108870769983559,0.653363892062616,1,0.5721507181018,0.358074600672125,0.253664394297792,0.390854622823066,0.14334400679197,-0.0663366026752906,-0.114142362018604,0.00882430555848581,-0.229552297422215,-0.222532085504146,0.0354304311954298,0.227664232393317,-0.0449090583804287,0.266234341651509,0.0960088033691749,-0.0406840879643251,0.0439445384156235,0.0192625010935272,-0.0284985702408247,-0.0203672122758512,-0.300419511730138,0.00166229240218712
"养母-养子",0.240905837557726,-0.00795071092718396,0.0410958824885116,-0.140882566976005,0.107355633164494,0.478458536644366,0.441506075705214,0.391726969268941,0.5067324670827,0.513043102528579,0.10199177378781,0.258192831618974,-0.0677004690498903,0.124116325846711,-0.0181887142789992,0.116233780584628,-0.140450812164245,0.27180434273636,-0.0808743122967933,-9.89277885142413e-05,-0.0361450526175542,0.288885624459261,0.17171398711833,-0.157050870214274,0.125815214625668,0.079314092360129,-0.234186725832836,-0.233895756748638,-0.163326844720355,-0.0977232926648722,-0.146892913059142,0.131757277924565,-0.194513060691645,-0.124907345283898,-0.490804686048073,-0.151232071682461,0.0652269647722059,0.0618275270728999,-0.317179916152108,0.0234801971628528,-0.156245951558771,-0.206630153379974,-0.28599611262552,-0.456245511203628,-0.236177054895645,-0.241678454497476,0.00238285049681112,-0.30150963481818,-0.468771461265229,-0.296258100780266,-0.23442510246695,-0.278040339726321,-0.179354031317585,0.100908202803743,0.0730389969169119,-0.119533466982696,-0.119497168488016,0.177851154499989,-0.0333758074945622,-0.162694371144153,-0.378786737533278,-0.370590270140954,-0.530153389080642,-0.464957997775869,-0.184055337404785,-0.177173155913552,0.282612413163015,0.343761659341672,0.0392602025963013,0.348442470797333,-0.101178798947533,-0.171722842803018,-0.203721493392456,-0.387591163090254,-0.142596984461366,-0.406656286753546,-0.343920247393741,-0.170179172777672,-0.241458400892148,-0.353282050488104,0.152767173489813,-0.303988499052405,0.0979369826844341,0.0553449274240603,0.00390738357234295,-0.282941574905721,-0.120017833833443,0.213449853150968,0.236303951353289,0.138573070001518,0.260982455366422,-0.182897101177556,-0.0731798663875146,-0.34486659737399,0.363928042293389,-0.352427789913495,-0.14204030817714,-0.0577121443752366,0.109642863680474,-0.31552662308019,-0.0744922095349066,-0.162212358243961,-0.149604430133922,-0.381003810784677,-0.360347831771999,-0.44567617561349,-0.0728703232823333,-0.220447794432434,-0.0510730547134145,-0.0111387884340697,-0.0898863938244193,-0.159897549200625,0.183085446459804,0.218070408923417,0.0959655309894402,0.0906183280249892,-0.00197295761694969,-0.0214972994974857,0.827753705505643,0.5721507181018,1,0.47889157679436,0.360953554952554,0.135331020464599,0.550645388659273,-0.278069842491912,0.1485726603483,0.0536256012174791,-0.0127844216465955,-0.224457214016885,0.123296085639114,0.261071130972636,-0.236038450841994,0.299818464846133,0.261380966686401,0.188407789302418,0.18232344793037,0.232199044990387,0.308801898217233,0.193911794361781,-0.30867132313166,0.244622082661241
"养母-养女",0.0880090418874976,-0.122128328179509,0.0226193083963889,-0.145045083492286,0.122730359945716,0.263345744338115,0.212241723540966,0.219688503447534,0.223462352803109,0.268476781223049,0.250206354369234,0.136291324220068,0.141068203302224,0.0097370323599177,0.0558596602785575,0.0219664695942903,-0.126574566317159,0.0832729516838655,-0.104540559630248,0.0954804766085205,-0.120402985627715,0.0267782378012332,0.128072739849153,-0.310054675280693,-0.00653293386909738,0.23024253181827,-0.178696757962595,0.148463369309118,-0.197502203868977,-0.00597022361588059,-0.148732528921083,0.268287857003172,-0.147358962084722,0.11750001174262,-0.434087703917773,-0.0859768079575961,-0.0736399137463322,0.0204420530168753,-0.244805786396196,0.197054253299821,-0.333621033932553,-0.206162528783721,-0.273124528990353,-0.319390042935332,-0.329882502663119,-0.226292135866259,-0.186301885142484,-0.396230646002315,-0.449644365720535,-0.230406598419263,-0.346292919039489,-0.0316292668117563,-0.0314950460081956,0.163552657444075,-0.0251758521447939,-0.234958486296878,-0.16896992804013,0.0550211356506306,-0.18454445326657,-0.128409793087422,-0.291453388503889,-0.304705535642161,-0.341929777595981,-0.290152325934602,-0.00632294640638152,-0.133739246515681,0.165399359260487,0.362341294226267,0.0284462714541468,0.325640395534463,-0.285717563145473,-0.328478183507918,-0.357834498087006,-0.387304634360316,-0.348209391074441,-0.31652815407728,-0.272120872013208,-0.0422442896796276,-0.0966558683910652,-0.245310538758331,0.264482378152798,-0.179523962077286,0.160339030521422,0.184083947006048,0.235325160650321,-0.054017968066507,0.0844652345002358,0.284300463768977,0.0331205932724848,0.196878548505077,-0.0399321708347404,-0.229096171812917,-0.113858795836673,-0.326736773777328,0.430780647958676,-0.437963693015622,-0.173080216179618,-0.15801717576583,0.132816857381573,-0.40204808201884,-0.330128859052921,-0.0531937894779963,-0.088347245398617,-0.240544468569771,-0.221474571886586,-0.326136529625034,0.0112537200790336,-0.0224669029221236,0.105201269908272,0.151936203997732,0.00386581011258328,0.022413298881408,0.165120892092368,0.249462673586173,-0.0862524822797834,-0.136415026213435,-0.151998663231144,0.0116050895340374,0.35631742389439,0.358074600672125,0.47889157679436,1,0.283972682897429,0.516849184823961,0.663634931084834,0.0673774953752541,0.0943659047337726,0.113781563205736,-0.0157678597991711,0.0948732322836459,-0.109936959297529,0.159615100094001,-0.139836486855347,0.29193614530091,-0.109259263484225,0.166096826983718,0.144012373542915,0.279800397981596,0.273638548447632,0.314202107468265,-0.0152916362792193,0.339234133887689
"义父-义子",0.122848297258473,0.0535274466685691,-0.0391466878094503,0.0310897890140675,-0.0246448807156895,0.200611395748064,0.0952405544738124,-0.0326143312549046,0.0759329830275845,-0.00664398491225126,0.0413439162365556,-0.125145707741318,-0.163377001421339,-0.090388850687902,-0.149080101735644,-0.168325932464821,-0.251086663570452,-0.0118494230402098,-0.188086960368135,-0.0525986402954091,-0.0763016368195291,0.0898074518927083,-0.0809818846867322,-0.0481301868426143,-0.20509131210552,0.13374985185663,-0.0172796120948911,-0.112100117415543,-0.187535387784725,-0.165326851415881,-0.0847772554898879,-0.103024949378362,-0.188152570247105,-0.337457632010783,-0.207434735349908,-0.264473200998708,0.0234321299980636,-0.0533554335676579,0.106754322451076,0.0412540212142664,-0.0362501820318543,-0.258201433562831,-0.138469276488747,-0.257432152285133,-0.111945599678127,-0.150959482587874,0.240186289233061,0.039261036562716,-0.223408638621766,-0.160149265147872,-0.0956672966123228,-0.129144001858801,-0.0279335837356969,0.0310407754750975,0.124144113151716,-0.0988223674707973,-0.179483793840325,-0.0501938830233412,-0.00627711145230762,-0.156961090256935,-0.261972525651733,-0.312767058277275,-0.255630177774087,-0.346610745621158,-0.212610573923404,0.130204399108875,0.134977397079097,0.132774836212238,0.182899104984505,0.132980250806454,-0.00952545830538763,0.0708375595914067,-0.0752335586493589,-0.104664541248243,-0.112921682596009,-0.0278153867080981,-0.0368436521188326,0.124741848482478,0.0544011177751349,0.0992824840423009,0.199055088517858,-0.229159918335718,0.242752366758977,0.0891140323413275,-0.0212631674721824,-0.0555939951240196,-0.210066921058123,-0.00263104064763096,0.137412927577262,0.203389488780862,0.218231639840545,-0.0597725349526626,0.181903451020539,0.097623647675989,0.0905378249944848,-0.000945946955270423,0.0491784638752792,0.0927442902778652,0.133949576708308,0.101913326324836,0.00137340425018882,0.0498829573857589,-0.0292396479292223,-0.165725430926029,-0.0544061448460042,-0.184235174933197,-0.0871876632483625,-0.180216435104231,-0.0618360959817995,-0.0951608977383025,-0.205325273276941,-0.186488107184198,-0.194674299552179,-0.0689478006452126,0.133713828003685,0.155850744583454,0.0588296538086561,0.0237698960260115,0.33584808087945,0.253664394297792,0.360953554952554,0.283972682897429,1,0.340522592766923,0.372961611069216,0.179047790782752,0.0792203392965476,0.107138249357545,-0.00978433317150544,-0.0276381088985143,0.0674342441170008,0.0535504915081309,-0.101914999741807,-0.0241584224929639,0.120486958013512,-0.10327443005118,0.0481918445597664,0.179738450669029,0.127305503422474,0.0449320454699254,-0.173145792359555,-0.0630538387950531
"义父-义女",0.169124281831294,0.195188389181137,0.18681377044317,0.0974816415802519,0.0980791270701745,-0.100277987604983,-0.0536560641696966,-0.108279374450832,-0.112035450309984,-0.0705585091316648,0.0112413544297309,0.0315956382690114,0.0531562131657893,-0.0704509955794273,0.0811857381483638,-0.0612096306068453,-0.0686772868305323,-0.167000599901518,-0.127014878379613,-0.0885929398040543,-0.155473635931928,-0.0898422522705928,-0.10159395374204,-0.182582028724261,-0.254195806558861,-0.052514426434214,-0.152005232104885,0.138281963447906,-0.277961990615506,-0.23188386548425,-0.0530068867847732,0.162428584886312,-0.0841655133944687,-0.00824159518073836,-0.212187095773439,-0.0598576676626461,-0.00550035419145207,-0.116362346548723,0.135630793278831,0.291815341965426,0.015027394433038,-0.163075115352338,0.0237979304304825,0.00791686356857928,0.0815422811963129,-0.0616667265547654,0.118024769012184,0.0305778385067914,-0.0699205982284118,0.0131258146176326,-0.228649019378252,0.0633722784415013,0.0588271428016808,0.195173493254394,0.128131131634376,-0.0886358348090646,-0.245314231395567,-0.172787147474382,-0.048190780202628,-0.0817537873475973,-0.259982174451409,-0.331678600394453,-0.295496544354012,-0.127658661114338,-0.2297041941066,0.0190455509205617,0.13475329105705,0.231571835686565,0.277795975545895,0.186588339694048,-0.218732096443485,-0.0929334105543732,0.0390908723680708,0.0287352142842187,-0.1373351596744,0.113461327382255,0.107212959990442,0.257321459820812,0.261503495952656,0.122637984107724,-0.102878522933372,-0.152020643297714,-0.108803447997997,-0.157386017600999,-0.050449758305269,-0.0407384960012836,-0.0859968702262055,-0.125665809556045,-0.0425607779359563,0.0207787052986272,0.0721270286033942,-0.00360291617164337,0.184036987899008,0.171385440314704,0.34586506279982,-0.126185204915118,-0.00847149466908886,-0.139881102741656,0.128887673215448,-0.192143555099395,0.0250169595285071,-0.0861301348781124,-0.129804023515911,-0.0802891658557465,0.0515864787346667,-0.296282177003132,-0.200655244166937,-0.0667477618996519,-0.144897813818278,-0.0170788575048052,-0.069549726157292,0.0384382842095488,-0.0775271481044001,-0.170881106877599,-0.133195244489454,0.170048043307921,0.0322807063479485,0.229408473715373,0.0532427817230634,0.390854622823066,0.135331020464599,0.516849184823961,0.340522592766923,1,0.184199171445826,0.202492553335117,-0.159059471185463,0.0202378069078778,-0.163748032121599,-0.0714876989197388,-0.142773366660777,-0.0240190533615792,0.104719622791868,0.0842946235385232,-0.168336352773416,-0.112996109897063,0.00939571958910808,0.0685753600841834,-0.00268333737512973,0.131774854306897,-0.026605067100696,-0.0861160395185099
"义母-义子",-0.0991954194370207,-0.321173804622853,-0.162194599424158,-0.38645391642172,-0.0684089455063503,0.424666257817624,0.275743722145751,0.316609357271745,0.362464964223601,0.355305249941377,0.231535019464576,0.109347916058162,0.0280783014621268,0.0608774168542103,-0.114740190442218,-0.071630200224807,-0.321373025469826,0.288663470112439,-0.172780435510592,0.158997574968938,-0.0582780279660631,0.145422414279977,0.182754373151993,-0.300746256187104,0.100694423804659,0.36935086490946,0.0477132610692404,0.0963119804995851,0.0704029820768893,0.229926540774506,0.00846711335124664,0.271691532486137,-0.00663672659816579,0.132859174663251,-0.249902930568587,-0.0400361689885713,-0.030886817052477,0.0593910149513041,-0.331872890183677,0.0368827721883392,-0.407178033939627,-0.251567950483829,-0.319382119822704,-0.533185445245425,-0.477447881277199,-0.358300289770896,-0.204421651774687,-0.556398243834199,-0.552400249894726,-0.365545040016775,-0.223339711097801,-0.17437477032649,-0.0145366666527944,0.0779997261394316,-0.036173217502828,-0.238799237492487,-0.0251816839415324,0.22535171979545,-0.114381708762005,0.0519464743363723,-0.18618166687613,-0.197298055419284,-0.236040578703964,-0.391076204863971,0.211019337627419,-0.166346571776271,0.230560203489808,0.362887500120955,-0.0870051823764547,0.309379761191586,-0.170560094430343,-0.215093912437482,-0.469454578663617,-0.496674038789666,-0.339043607243214,-0.455017113373476,-0.466993172965473,-0.255438404183308,-0.423611822894519,-0.362870862344882,0.456133053867277,-0.111342366769865,0.361084395114836,0.41688879107967,0.270949540237276,0.033293432113637,0.109870821298818,0.511455913003275,0.147492610857274,0.343134634605449,-0.0636008749307973,-0.311238344798283,-0.240482226006175,-0.483475254729007,0.238013437385195,-0.457423468418754,-0.241525965600308,-0.051551402628941,0.25596983643384,-0.284545371792274,-0.418520116410759,0.00841976277584462,-0.0782631123333592,-0.383666857629266,-0.438126211910274,-0.262927606193693,0.155704330045248,-0.0536098014218795,0.21676190241972,0.186722969625463,-0.0406230516228162,-0.102508185964276,0.210847245361874,0.448379649632574,0.146790306560101,-0.370625754771751,-0.274060392003439,-0.206653144814629,0.409838882353444,0.14334400679197,0.550645388659273,0.663634931084834,0.372961611069216,0.184199171445826,1,-0.15122378846642,0.371475510425701,0.20214288700082,0.236522903655506,0.137791103217998,0.00260558012859182,0.16491753916733,-0.220872498044195,0.30932906384787,-0.0125136288400684,0.150512310863573,0.168879351344452,0.25963226720644,0.344983596727641,0.189206938949953,-0.0766877576698396,0.530829944800039
"义母-义女",-0.0348854804063378,0.0584546620563863,-0.00948775707600084,0.202664790723014,-0.026459314675349,-0.249772638157398,-0.308214589503703,-0.461476190721445,-0.407477701229734,-0.393706235419245,-0.0386211037521386,-0.277828367174841,0.0528229066965524,-0.282906184864598,0.000672236861447901,-0.051328045914334,0.148469222169682,-0.252594770608966,-0.0329856096426293,-0.109611013124705,-0.14392918914862,-0.274967960009254,-0.220259886017694,-0.0318561494356451,-0.253566319640899,-0.0668607964809927,0.0552719880835769,0.14045015116552,0.103149545995834,-0.0172801973494702,-0.168766323447132,-0.287730832941066,-0.180787646051905,-0.0374885724222214,-0.0085835616757567,-0.0628472776854999,-0.0749772077663947,-0.112275467119254,0.253215648346795,0.100861770796919,0.103293012146783,0.134242270889651,0.174349088330434,0.241535612007038,0.126667118363152,0.272778224728391,-0.0302991966355569,0.230832760435089,0.190087475443603,0.128428147425052,0.120825655980767,0.241570246110641,-0.205169563756767,-0.223329906569791,-0.115271287564955,0.0408235422145962,-0.184177558828569,-0.222082527374189,0.0522086173539278,0.0105653662506607,0.134093578973905,0.165690913623542,0.150448081869822,0.275105602996498,0.0377821786000445,0.118621966960319,-0.136210530278813,-0.101950027112543,0.00468838688704561,-0.249142197617545,-0.047503074923996,0.0286354563273338,-0.0109355276753846,0.220801721148563,-0.0891398000500128,0.315996985456743,0.264146885884332,0.111027397825479,0.278462881973587,0.1588471565398,-0.0973451701502598,0.143395049755214,0.0716776551455625,-0.123621597984146,0.017358702102947,0.134930926571975,-0.0380205980363056,-0.17287015693364,-0.0891402707383541,-0.102761879583353,-0.0799972210982647,0.0738943610802986,0.0664764805785246,0.231024839854201,-0.128831727461559,0.191243138791434,0.169686095949458,0.0592625287165272,-0.150903482497855,0.129151592208397,0.0214467788695059,-0.0586220536043064,0.257044678421576,0.330211805779866,0.286947106679272,0.201229564371417,-0.172317765610411,0.0967758362758599,-0.039254562173358,-0.102374838370798,0.151493765260035,0.233533549571314,-0.148331557167776,-0.251285337716476,-0.156674825401178,0.126192077758833,0.0800525056807233,0.137284624215546,-0.259211984829534,-0.0663366026752906,-0.278069842491912,0.0673774953752541,0.179047790782752,0.202492553335117,-0.15122378846642,1,0.0381983328431583,0.271527547814972,0.197810466560072,0.468310765523782,-0.097397883389622,-0.208988921305852,0.109097416575808,-0.311104462698978,-0.0276904787930413,-0.0093099184540537,-0.232307112656688,-0.213046048967128,-0.169318295013724,-0.143402257324357,0.260262070442302,-0.159744966775322
"干爹-干儿子",-0.231214644359276,-0.236097998054478,-0.195837042107751,-0.273049604729259,-0.0941275765384297,0.169658588871874,0.121062779236383,0.102869039044839,0.16072036401156,0.0968721745840574,-0.0823961476229229,-0.0470660161381363,-0.0901556171416364,-0.0470410723608464,-0.316391969903834,-0.268812566709858,-0.172034406629666,0.203366877532824,-0.118365742859847,0.0588480052720714,-0.0340290212525947,0.0720365780462518,0.116456117871086,-0.198703534032923,-0.0442731259563814,0.114865595116687,0.28116081607583,0.0215101919035835,0.451667722427527,0.297480980332995,-0.0291761108598751,-0.0903776377287487,-0.253876362365925,-0.0455874991367831,-0.0277332264618387,-0.14096050616798,-0.179699529877788,-0.0217114021181945,-0.159000025670291,-0.236792278279089,-0.197149104542164,0.0832821652127497,-0.101487094194667,-0.181116343591678,-0.174277123852423,-0.105931625785145,-0.279413117912635,-0.338075479631197,-0.132034636488218,-0.253645330307174,0.0392900027982409,0.0851814156949291,-0.107694532053501,-0.257084295708231,0.106889518575389,-0.0843799887400195,0.0546460693858915,0.222530945313015,-0.0548518710176894,0.180971826571047,0.114993989133983,0.0761531127892986,0.0635073548225244,-0.0719522352521318,0.329690659002829,-0.169432895559124,-0.0683363183826944,0.0229038693447719,-0.188780239406664,0.011292620165351,0.0140437215853294,-0.0925616587062861,-0.327603747649987,-0.362861581039184,-0.0887086735182844,-0.160791008108131,-0.0721431860524132,-0.30801263301101,-0.393822381792378,-0.240727562335992,0.225620711210258,0.141486225117331,0.0783233422287298,0.162510056704609,0.217436840873356,0.290433647988031,0.235217310619479,0.310355902350002,0.198345672089479,0.26823551785837,-0.226337671153466,-0.0512151846275147,-0.260332883299695,-0.211387395580006,-0.152023108872624,-0.185056124802043,-0.242842706520615,-0.014103633445113,0.146693598820324,-0.0868616526553965,-0.223319246344571,-0.0819792519846557,0.119798458155559,-0.0473626030325704,-0.298659019009833,-0.0611785532294563,0.0372053322688787,-0.0750480496510102,0.0720460365687029,-0.0517464377192804,-0.0645599742478045,0.00736399246830882,0.0988017911826094,0.192429160383493,-0.0619035840228578,-0.391035819035777,-0.172284057779221,-0.241169279884698,0.108197094807916,-0.114142362018604,0.1485726603483,0.0943659047337726,0.0792203392965476,-0.159059471185463,0.371475510425701,0.0381983328431583,1,0.826320563834935,0.645714795840483,0.362815765082073,0.16451885195074,0.155164675849979,-0.0359967220385622,0.120640083316931,0.20724556564524,0.146175914118905,0.118932482178024,-0.0134988405231192,0.257509612028365,0.135596022719098,0.0258590135385938,0.286479189760064
"干爹-干女儿",-0.146769410774189,-0.12638554440925,-0.0769048349064085,-0.137586884593714,-0.0696179709707101,0.0268459715749441,-0.0198809295338585,-0.0303844207535655,-0.0238330916490646,-0.0628528284677736,-0.0400920198019461,-0.113009960812095,-0.025929504260064,-0.114732495341719,-0.241629842842508,-0.225938503285742,-0.0683634119757245,0.074355941976426,-0.0978971580664613,0.0122497823006058,-0.0572497602743503,-0.0666077225372245,-0.0192752058261184,-0.177027524113294,-0.216212218393712,0.0596542170747677,0.23443501463124,0.0638155807125121,0.367364507264523,0.174402358189051,-0.0285907708502516,-0.146284552030279,-0.302401564534163,-0.0603723576709637,-0.0597708420582839,-0.112995433486345,-0.112457142520822,-0.0504051535476706,-0.027298836271116,-0.119630034617297,-0.0795375275481524,0.121797665341728,-0.02887293139499,-0.0312187265271344,-0.0263903883560474,0.0301790270871877,-0.226269238429649,-0.166425897252921,-0.0330412856400937,-0.161930802959838,0.113164324262204,0.129297151844848,-0.121124093394899,-0.240352490919868,0.0971174845527436,0.00183532941858549,-0.0028044864484804,0.123805786128982,-0.0120565154183256,0.118072690395381,0.113941606246046,0.114502345674932,0.0339860618496261,0.087912443120682,0.224291815165722,-0.102783340878822,-0.0835851104022452,0.0272016869118653,-0.136650445784643,-0.060085149522359,0.0411058761068506,-0.105439491271335,-0.166037017212672,-0.221222248859512,-0.044437884536366,-0.0180183322086462,0.0851534484635286,-0.158976903243675,-0.169761842495428,-0.141862825130523,0.105330331992815,0.195200885526183,0.0577873030092931,0.0345171792974469,0.15639702343795,0.212313480293344,0.130166544913938,0.124010677742049,0.0630440331296046,0.0933570841103436,-0.157702865312217,0.0506866741391404,-0.172146683960968,-0.0969318229112647,-0.110135895119246,-0.0668993979292104,-0.157027103724251,0.0218342582943698,0.077295887009176,-0.00219325432963775,-0.106980014070379,-0.146095010958027,0.111304557521543,0.0412624450852183,-0.248248228058268,-0.036915444987954,-0.135238961173256,-0.12088423926399,-0.0253050924532943,-0.168837587686309,0.0234899473709098,0.0605674382653987,0.0373407875684959,0.0428449944704888,-0.213757700771546,-0.239007841413039,-0.121443673986914,-0.225813903418401,0.0390249586429369,0.00882430555848581,0.0536256012174791,0.113781563205736,0.107138249357545,0.0202378069078778,0.20214288700082,0.271527547814972,0.826320563834935,1,0.56239397502515,0.456253695739884,0.0997408836512146,0.0970743655359968,0.0256891754938376,0.0358613140911906,0.11766773411649,0.0847499402231914,-0.00826202967936053,-0.108925574077373,0.0632482121789071,-0.0030076595471811,0.0884842363181642,0.189154106389834
"干妈-干儿子",-0.205411721014304,-0.218739706779273,-0.158679081910968,-0.181480369877175,-0.0703425571069064,0.0381589255756493,0.0177675989020384,-0.0239964782046583,0.0569175212099534,-0.0883107422043244,-0.0883388912123192,-0.203292147436953,-0.119587248283853,-0.0305215391344454,-0.203679971075025,-0.214323978932912,-0.166880331344997,0.0372272575085405,-0.0848591994748824,-0.0404455465323442,-0.0102563339984527,-0.0245990848118357,0.05538100440533,-0.152779399434095,0.0151768095396359,0.106703834299294,0.322996962530263,0.114908043938284,0.456913196196209,0.352360018008019,-0.0850802329010658,-0.191702300523313,-0.107985118798805,-0.0309468714117538,0.0456615988235505,-0.0134768565682426,-0.137842536996815,-0.0362754503358186,-0.138988802008265,-0.177183614843895,-0.159505470335468,0.0460135612669059,-0.0842505399921355,-0.050544060013383,-0.135436586379523,-0.0355295267511534,-0.209721102533297,-0.225739478531351,-0.0281324446234587,-0.163827876017521,0.145397430281049,0.0563236749846779,-0.0432736881700368,-0.224806951530119,-0.0986609834106493,-0.107549808358971,0.107689751699196,0.157937642602219,-0.053296063244621,0.203633804520689,0.215645157159557,0.144812949894698,0.141137916731105,-0.00162675936174357,0.28941962484198,-0.0630715796257875,-0.000598405989369914,0.0765715902207951,-0.0883824648760351,0.0473419150860815,0.0779638811052592,0.0340472413568615,-0.208543282677114,-0.200025987288194,-0.0692175709064301,-0.0565850433240702,-0.044413717497108,-0.190247914712146,-0.22964650534277,-0.143379524245891,0.14214669184645,0.1537349445989,0.126104143739695,0.21697854288292,0.190721512893389,0.379684656254471,0.167429709284731,0.12838507467038,0.118165524920488,0.0214361728295351,-0.204199448459107,-0.134675934725256,-0.225546242733685,-0.181886174515741,-0.146748794822659,-0.0188512455875362,-0.128542614578708,-0.0101348323680517,0.0570175158564823,-0.0259364115220574,-0.208472742748682,-0.0514592173118201,0.211433765773341,0.0499977844577447,-0.274002034173975,0.094743966358976,-0.0152556556153896,-0.0783811855837628,0.085558183942393,-0.0455997140978941,0.010609511427189,0.00991338985116201,0.0593554962028446,0.0459540689031521,-0.00855723343783733,-0.27676173622398,-0.0232137860082368,-0.128418542475293,-0.0827612105994731,-0.229552297422215,-0.0127844216465955,-0.0157678597991711,-0.00978433317150544,-0.163748032121599,0.236522903655506,0.197810466560072,0.645714795840483,0.56239397502515,1,0.474793240642152,0.145891267899566,0.157561794525845,0.00477937566313003,0.0352997809252756,0.111864074689314,0.0277521710809461,0.0138161200221343,-0.0930143833666201,0.0714999628825984,-0.00563853504260044,-0.00930741657476744,0.108066761765523
"干妈-干女儿",-0.203394722883858,-0.236121351072561,-0.168071043461946,-0.0994963241282146,-0.0817324823887622,-0.118013453786298,-0.225692336713216,-0.158852833764983,-0.194592439153867,-0.221044290174042,-0.0557713208715786,-0.271067003593978,0.0860322622512453,-0.304293126907936,-0.143119815296598,-0.224113722204014,0.0251187082876912,-0.129289741757532,-0.0528908888171543,-0.0948754257768438,-0.150702377431393,-0.276558362150886,-0.155060768931304,-0.268615852911609,-0.207980287394593,0.0820280500750086,0.137804710463598,0.169552692101616,0.218872359569923,0.209996640946587,0.00124692265146972,-0.0307959220796447,-0.00792969627197643,0.246168482187672,0.0828804457340985,-0.130272114797387,-0.127484545976884,0.0210114860649713,-0.0760909043200132,-0.068927782042122,-0.205617299821724,0.057106893268116,0.0753670584056363,0.00273037417287791,-0.156563812326108,0.136519703411228,-0.298140602779604,-0.146143046270718,-0.0789066956973872,-0.0676289776352336,0.0753242781748362,0.187858936367082,-0.112633114973935,-0.180622670086362,-0.0209664562757823,0.127246949419726,0.0184164170927836,0.176610241144609,0.0144496546173796,0.258932685361644,0.339130643013938,0.378551057885415,0.311879390719483,0.297043370793429,0.394285279763437,-0.0857871889012334,-0.187551371795906,-0.104405408101211,-0.230850298027909,-0.209099264291994,-0.0592465376237098,-0.198865591595145,-0.236288744268245,-0.218861201584614,-0.12091433596015,0.103556276890216,0.131181386951644,-0.116909299131942,-0.0645075971438233,-0.0290423773026932,0.233860637713337,0.28519409046397,0.303815900090389,0.205578443294149,0.202972612921642,0.156579560731281,0.154757486655973,0.128383731414067,-0.028625826609056,0.0962359083711623,-0.211277775863165,-0.115695110908091,-0.137451374272082,-0.0267723548295399,-0.0321012042893241,-0.0568921382900706,-0.0431794789334966,-0.15502730450294,-0.00827219603862677,-0.0180879000539857,-0.199873506233346,-0.0542977320611994,0.111750876767211,0.0972765992580073,0.0665374366670638,0.230400102307427,0.0247713241399419,0.115901529313059,0.104166723686751,0.125428118573978,0.263399085645262,0.191126574286205,0.146669271168767,0.16018329642374,0.00197721780186854,-0.241467113672929,-0.11081871063111,-0.132523211445258,-0.249878391189903,-0.222532085504146,-0.224457214016885,0.0948732322836459,-0.0276381088985143,-0.0714876989197388,0.137791103217998,0.468310765523782,0.362815765082073,0.456253695739884,0.474793240642152,1,-0.11311452440371,-0.00128367163040013,-0.000203014847108694,-0.175522712938223,-0.0394534224300239,0.111159850585396,-0.177701662414642,-0.071330815698752,-0.0149333389121792,-0.0145711449069317,0.291172516192033,0.17491977094301
"同父异母兄-同父异母弟",0.0808661816430461,0.0818906295083685,0.00597115466601562,0.0116287929924388,0.155134733107798,0.199045526607606,0.251677123174977,0.315149467191678,0.21156240067242,0.152413136735729,-0.19466746187783,-0.0310073692066644,-0.327068465465192,0.246606429109052,-0.160683480197648,-0.0274930774378694,-0.149497114783683,-0.0676625739573982,-0.211901928805254,-0.153525052871044,-0.093536333556893,0.129648905317026,0.0155265753704304,0.0648318679918251,0.00723155909640691,-0.019874073356204,-0.0646476220911226,-0.328670300156582,0.115073716501098,-0.139939541042238,-0.160948025497875,-0.361453809226279,-0.353933065730071,-0.364013648327934,-0.26401206942938,-0.206838798243876,-0.280435257487521,-0.245960177211863,-0.220888887473093,-0.237498857782153,-0.0200199740329297,-0.0537914835601517,-0.107660280566585,-0.00411081445035107,-0.00853620000573358,-0.193214755077625,-0.0670701647433795,-0.078486830832838,-0.0134898939810021,-0.271049535889315,0.0826477410878001,-0.0408600830247801,-0.069411166846004,-0.217530612633982,0.0963143951672287,-0.162655940557318,0.0963938291982758,0.0207492726278234,-0.00471425063915785,0.0424908204695509,0.021990482351185,-0.155184654719598,-0.0167726858068246,-0.0345567668080733,-0.151432361886968,-0.181985065984234,-0.0886671645941912,0.00847704740282483,-0.0854613977129769,0.0665606793194463,0.253066919271692,0.124301201373847,0.0917962047349877,-0.0447960221869034,0.267978754858785,-0.100180708055551,-0.149206693269864,-0.190696782470036,-0.105279019434008,-0.16172268922155,-0.0838976321931567,-0.0818479605821247,-0.222748392045595,-0.0471657525200516,0.0186438739201106,0.0726041098803669,0.0832528868599933,-0.145439899878377,0.232096124844884,-0.0844583089870053,-0.0597992923271482,-0.152102194129512,-0.107199055646084,-0.000231739333908086,-0.094891689542946,0.0838677108490412,-0.225682318935851,0.0982836807361953,-0.164421443176712,0.0825562042942872,-0.00358989837707122,-0.213270251767077,-0.0198355210569354,-0.0368147815873821,-0.0949729704438606,-0.0442454698607538,-0.0508015190122228,-0.0374536415857308,-0.152231786437914,-0.256788057079676,0.0240394111101256,0.0178326625971412,-0.0594536475585481,-0.0100804424581795,0.104125609273919,0.0891472484165294,0.134908868490537,-0.047814964585396,0.0926763017352346,0.0354304311954298,0.123296085639114,-0.109936959297529,0.0674342441170008,-0.142773366660777,0.00260558012859182,-0.097397883389622,0.16451885195074,0.0997408836512146,0.145891267899566,-0.11311452440371,1,0.542709899354182,0.458085554777315,0.536478507626162,0.592409848160756,0.307339674175188,0.378795099011761,0.150972759550554,0.219524908062567,0.277593800967735,0.031515772257174,0.0712808326192977
"同父异母姐-同父异母妹",0.100421616943409,0.0208439038367691,0.127076088462264,-0.0117956446046924,0.241398832688033,0.133483796065206,0.235990930388255,0.40084217407787,0.307295921492245,0.171318091748827,-0.159738339543177,0.045489433088935,-0.216170902520323,0.242871541856897,-0.0859458088054787,0.0173576363216718,-0.133311515114623,-0.11768454471391,-0.254130303204836,-0.13891773093436,-0.0849680497493877,0.130242018734089,0.177547902349273,-0.0157675643345557,0.073916640124913,-0.0648736781010777,-0.149206995073519,-0.157084120458698,-0.00850722352416793,0.0248693873586909,-0.283026063441801,-0.125767906896597,-0.246406242374838,-0.199568981805998,-0.329819313064936,-0.0483744932767309,-0.257915195522116,-0.0663289160429549,-0.344988521373149,-0.084622923127577,-0.113641620366666,-0.152356805250414,-0.231394380780099,-0.0497863292058619,-0.0501001252508849,-0.16511109620845,-0.121066349053792,-0.197763696529547,-0.159456563305732,-0.20002665619215,-0.154049559704231,-0.0692614421371485,0.102458636389558,0.107822992021273,0.0969464816629167,-0.0576301218081902,0.160631989941994,0.332626274550112,-0.0920171496630107,0.139473513934562,-0.0543501120517359,-0.128588949312572,-0.159405989685801,-0.0335692210831088,-0.183590283836433,-0.16512479243135,-0.092029719925708,0.150250908742187,0.00375011707465473,0.295581676208446,0.13056126031532,-0.0365790962846533,0.0172648285750859,-0.138406052318194,0.201792418123732,-0.280114721675887,-0.128687167976661,-0.230968802171651,-0.117059880440824,-0.250179283750204,-0.0499226647238363,-0.180813554918478,-0.226197493585188,-0.0753392181583766,-0.0234849881664342,0.00605968008885672,0.057212699394944,-0.101360914135085,0.211666272378714,-0.0659643514366745,-0.0481913772004509,-0.296834724304991,-0.250289943560578,-0.139395262328224,0.242742593152121,-0.0979527866140628,-0.360710711932037,-0.0723437227695186,-0.0340424455822155,-0.0659697629359208,-0.0686711654269427,-0.132341038916306,-0.214910608356159,-0.28893673059209,-0.202868937414938,-0.210642031921028,-0.149742075366735,-0.144715787639847,-0.261486718781307,-0.155939572368587,-0.0688027339887462,-0.0686681927490424,0.0256037930617839,0.1391979037351,0.0234116353911879,-0.000345566434320371,0.0215973140394105,0.0505466556403307,0.144184965568916,0.227664232393317,0.261071130972636,0.159615100094001,0.0535504915081309,-0.0240190533615792,0.16491753916733,-0.208988921305852,0.155164675849979,0.0970743655359968,0.157561794525845,-0.00128367163040013,0.542709899354182,1,0.362828739356305,0.646940046775765,0.374074108860006,0.268246584327461,0.38396867943321,0.32712474123008,0.234380889088003,0.412708969432424,-0.158855733476087,0.0854387156173337
"同父异母兄-同父异母妹",-0.124237574261333,-0.0384149425630667,-0.0383817713493122,0.0193561028931769,0.00680483565208208,-0.203265476215495,-0.121776544430669,-0.0292407194463296,-0.145839495906147,-0.243149151699444,-0.413093264869567,-0.206490670366039,-0.250369673445148,0.0155073367036008,-0.168439730423076,-0.264276340676945,-0.0873405063249566,-0.397749789903618,-0.234693256163983,-0.306370007494417,-0.254723964726925,-0.244812337172251,-0.144840899387928,0.0481016913632773,-0.067797638230557,-0.331586619246986,0.0496813716854139,0.0675435038693047,0.152888230779912,-0.105977624976242,-0.134017774280935,-0.273721882114267,-0.17345642564135,-0.0822449018754429,0.0140444509149542,-0.0289061274168247,-0.427828870517781,-0.23285322840013,-0.0937466793262442,-0.0560879279999254,-0.0194850421505071,0.0988957726847162,0.0606543081623009,0.318828928740799,0.10673411126965,-0.0264893222431601,-0.107981475003466,0.143066984876012,0.284490428038693,0.0851203960126151,0.0272342445320649,0.273765618287607,0.171311452448013,0.0105349700153717,0.10503788009386,-0.0479135506948375,0.187018556105821,-0.0365951427334964,-0.160942386190702,0.232512048309178,0.143839559533187,0.0725712539533915,0.212150225023566,0.288652368884202,-0.00957730178618052,0.0292653657232328,-0.244263666607799,-0.138051377194632,0.0458597144976559,-0.0695230032485965,0.0506015852896723,0.0813752560121136,0.215989108846138,0.216289354261611,0.296938935820241,0.174545567550197,0.173507134436502,-0.0671386070186968,0.0524549494023759,0.0596730667148716,-0.187890013713826,0.0265074176709556,-0.400429908563571,-0.166996700613841,0.0854831193933786,0.212947462868455,0.154874486481595,-0.284450156698012,-0.0248992528117848,-0.179217346321834,-0.267830113419044,-0.157918404306498,-0.111695998851088,0.19756607063212,-0.0374108413797677,0.0865550351782709,-0.120218024508269,0.118049088020076,-0.0368005860298318,0.0734446943750168,-0.0485947195704388,-0.147408582967921,0.135562949603863,0.269345894621606,0.239373252697212,0.166005965784658,0.0557292411922556,0.332970064774183,-0.063505819509505,-0.0146644687004355,-0.0369489690939016,0.125783342485115,-0.159555705638427,-0.184993297572019,-0.0532623971822274,0.157547903997331,0.165553462326563,0.160326189073123,-0.329150212315514,-0.0449090583804287,-0.236038450841994,-0.139836486855347,-0.101914999741807,0.104719622791868,-0.220872498044195,0.109097416575808,-0.0359967220385622,0.0256891754938376,0.00477937566313003,-0.000203014847108694,0.458085554777315,0.362828739356305,1,0.374808099165155,0.290994596762679,0.185711718847535,0.362924382052966,0.130940710618872,0.0572603745884508,0.237183611260205,0.0918107659355308,-0.133673907354652
"同父异母姐-同父异母弟",0.115575651110361,0.0527534770977628,0.101496266375648,-0.0716188612988891,0.244685604118428,0.256859603822585,0.362290603712814,0.568268415448541,0.401711423163896,0.285835135216814,-0.134267968899591,0.207254598774725,-0.160246637947594,0.414828924266046,0.0273770301010364,0.0702494860487977,-0.213239993590801,-0.0531454563124772,-0.180583552454315,-0.0460751306083138,-0.174266263560572,0.0781577643424211,0.155552765269236,-0.141072306628608,0.155340377260469,-0.0114425826425258,-0.130972848606775,-0.143770570151446,-0.00156982095190352,-0.0731708823151632,-0.149906314733737,-0.0207190056140019,-0.22292515763325,-0.142619584713262,-0.373053142361408,-0.0348513561776297,-0.250864979627533,-0.0915177414874584,-0.31730083756002,0.0750688660460889,-0.0928737323281499,-0.188120046504339,-0.194550845947891,-0.0935167383330581,-0.156997835045218,-0.348288807922823,-0.202687489138274,-0.409048788533846,-0.273737074166237,-0.343856125614606,-0.148502518337552,-0.184989245376723,0.17331460180436,0.0893238433283108,-0.0451177194662153,-0.244371470294811,0.246264915223105,0.157013432621762,-0.12346472480575,0.0631359138892676,-0.148217175353237,-0.261134820790082,-0.249665788091405,-0.166677125612694,-0.122249942724901,-0.190363132327766,0.0141035659679194,0.32565332167197,0.0814449165796174,0.445561991428955,0.0879799142133076,-0.056474972083375,-0.0662896547386709,-0.158726143526242,0.12575166260946,-0.402316000294368,-0.338441482697036,-0.258614829494706,-0.130413235018979,-0.339965347214434,0.0642909391399228,-0.233999890702611,-0.179018643148991,-0.00169135236493479,0.0578281652519461,0.000569694951257803,0.0745006009067701,0.025572829057393,0.0940975513728434,-0.0490575223160682,-0.0452276965963684,-0.396031783257128,-0.306507773135345,-0.303918525721789,0.150429554122591,-0.242475211643296,-0.422731039095534,-0.0379399381686137,0.00392906259580469,-0.152605209373424,-0.168792277924294,-0.173807127608698,-0.164850038486401,-0.247023191220225,-0.235930272213866,-0.289584202990496,-0.0424294696665427,-0.0468055440190299,-0.140579554746839,-0.124591859514505,-0.024314010363032,0.0558539043705113,0.101899411134797,0.269334265475831,0.109925213133984,-0.0874713636970532,-0.0637184073118306,-0.019742782376081,0.198093232155978,0.266234341651509,0.299818464846133,0.29193614530091,-0.0241584224929639,0.0842946235385232,0.30932906384787,-0.311104462698978,0.120640083316931,0.0358613140911906,0.0352997809252756,-0.175522712938223,0.536478507626162,0.646940046775765,0.374808099165155,1,0.321311849158414,0.304241857611522,0.437735429106583,0.28137712861338,0.24499231829676,0.343915598732266,-0.157484524011836,0.248609350538106
"同母异父兄-同母异父弟",0.0193567753939721,-0.0371914237281588,-0.118856537177597,-0.0436639331623197,0.0635213867949229,0.262787644563451,0.207074313972296,0.27567597844432,0.250396449231289,0.102288004771947,-0.330815951277691,-0.0253825536516426,-0.235256131171128,0.0811207439557567,-0.159690137313705,-0.0714975933634304,0.0534934650474073,0.0256652715571812,-0.0999665903428804,-0.0818992488538433,-0.227476872747017,-0.0161751580076478,-0.0506418176425112,0.02620891373899,0.0214903765896527,-0.269739326650369,-0.133522143169303,-0.280729191114836,0.0269599542767319,-0.160722915203666,-0.361888424927475,-0.399090863170469,-0.372687559669239,-0.297538863867286,-0.253118012803413,-0.36087154732534,-0.29042661136777,-0.0954971959476156,-0.173863197239748,-0.200455462294372,0.0826025152505383,0.0450980675257689,-0.0313795833268353,-0.0307817698241277,-0.0750358640430018,-0.0468995220801486,0.0149261557276939,0.00649789062549601,-0.0252148949721057,-0.0816853189401342,-0.132793192307924,-0.109800824467504,-0.217346482468975,-0.172416676064524,0.187009211051486,-0.0649585032639009,0.0217413101121475,0.0445257680151541,-0.0332473189045394,-0.046583483702341,-0.14304759636057,-0.0901861431988856,-0.130666823474862,-0.0627043925951339,-0.114365329358284,0.0193327719183541,-0.00286412133163144,-0.105205086042743,0.0649953717943826,0.0673035702375597,0.103386487092741,0.112016400606339,0.0348536736248418,0.00824150959065557,0.146884461845027,-0.0175378989154541,-0.0595935380256677,-0.172514760772734,-0.0957844300538628,-0.0266006214408944,-0.0451279431064516,-0.191286793681724,-0.172823817688103,-0.171127292921883,-0.0886310213734248,-0.0352091496561627,-0.0222588287537569,-0.0620984914267841,0.274863508136728,-0.0151356174112388,-0.045503158402746,-0.179035660366927,-0.0547735571505879,0.0357443658900277,-0.0278155803043952,-0.122963306169383,-0.162374839841029,0.0140279889749085,-0.0742849006717109,-0.0445531213076011,0.0242857904486721,-0.13819550753622,0.141919609268731,0.0817812212808569,0.0089542965158143,-0.120976328960164,-0.0297402827918152,-0.0301180183330747,-0.0685763248146883,-0.103664139599057,-0.0823164724126651,0.0102652353619064,0.0509271205609266,0.0818429313766807,0.210233227701502,0.12500920792057,0.172081158384268,0.0459800260318362,0.185156169162117,0.0960088033691749,0.261380966686401,-0.109259263484225,0.120486958013512,-0.168336352773416,-0.0125136288400684,-0.0276904787930413,0.20724556564524,0.11766773411649,0.111864074689314,-0.0394534224300239,0.592409848160756,0.374074108860006,0.290994596762679,0.321311849158414,1,0.46358261859474,0.340156867284216,0.254009315384622,0.33037559701855,0.314322590980854,-0.124152547165826,0.00877544256960937
"同母异父姐-同母异父妹",-0.222377774439711,-0.416284448796882,-0.388359953982291,-0.357247166347825,-0.192908904708869,0.235886620210801,0.180832358034207,0.256647018798672,0.238918401655548,0.261348525168277,-0.269641938148151,-0.0354795284191539,-0.187124788940692,-0.0925320821807221,-0.325514426416324,-0.169539552308827,-0.138091873851623,0.0759412994828963,-0.220427432516856,-0.104310562465243,-0.285001751253325,-0.12415653033716,-0.0410337757623463,-0.169069925282981,-0.0134622017424141,-0.0930875936296048,-0.081475056560239,-0.0808231250532841,0.123956170820551,-0.0323374603131234,-0.0691076002164607,-0.0109331827305721,-0.159595368063216,0.0866634789082106,-0.174612027624033,-0.227870177606156,-0.310012895193276,-0.0935521947455826,-0.354121522265918,-0.252620019837462,-0.237814514816402,-0.0493628856545097,-0.239412662356988,-0.25061676128032,-0.350111640428859,-0.174970978410274,-0.353545099667148,-0.295863814911655,-0.214280802056669,-0.193047653275599,-0.0273419955403942,0.0994398778256035,-0.165441058813024,-0.0443749464389063,0.254438182664068,0.153096982033205,0.190843355682194,0.248398369251158,0.00509425596958847,0.160123541952866,0.112202304933646,0.234906824705431,0.129365343686249,0.0980552041428426,0.288595095642155,-0.083671563524805,-0.0891939770004193,-0.102245763369879,-0.199160924769214,-0.0234763236200763,-0.0539121694943268,-0.218465143147476,-0.216479160521188,-0.364153982105426,-0.172533179055203,-0.203902014231725,-0.193565815097017,-0.38347673207201,-0.328042626770665,-0.295037212004758,0.223421091210259,0.143953490317493,0.12115809540829,0.146304786904101,0.236907616999854,0.049803501448397,0.381248047746348,0.35924145659257,0.203371684637959,0.254512937414005,-0.215472262598094,-0.25076280881548,-0.183367935300478,-0.267346387550757,0.0736833270997025,-0.2505931751721,-0.198994869821538,-0.0272790989287838,0.00328416276862743,-0.327670318883656,-0.241392811492074,-0.110507071576156,0.0444361779549495,-0.0512724652972702,-0.132881616485727,0.120948295562214,0.341461139051104,0.263430715134162,0.236008377465289,0.279604536516925,0.0695385550924724,0.0717700904847681,0.266115367228586,0.299970437466096,0.193880678755601,-0.232021600050387,-0.175805467116654,-0.187551491332951,0.129838620761312,-0.0406840879643251,0.188407789302418,0.166096826983718,-0.10327443005118,-0.112996109897063,0.150512310863573,-0.0093099184540537,0.146175914118905,0.0847499402231914,0.0277521710809461,0.111159850585396,0.307339674175188,0.268246584327461,0.185711718847535,0.304241857611522,0.46358261859474,1,0.503448247240696,0.429930601669089,0.528132051035949,0.508183106190057,0.320210085773957,0.471266424460999
"同母异父兄-同母异父妹",-0.174079020490514,-0.289437829244541,-0.285342327044412,-0.288332278350422,-0.182549240495984,0.255890650614531,0.338036627831874,0.358391723310414,0.39975336936462,0.26161505301195,-0.332188733492318,-0.0679209736947978,-0.426095554925812,0.0898116454688972,-0.392132081516397,-0.224506256800553,-0.348462640521669,-0.0212771599338867,-0.30416599328214,-0.13714666568436,-0.092983565467785,0.0816146572768701,0.0856864645633216,0.0779976592575852,0.0875689743446463,-0.0720445039653668,0.0238583468166046,-0.140900830161336,0.100133903675589,-0.12850287192668,-0.0162875542854735,-0.0421935287285393,-0.116087643567883,-0.191188636019864,-0.108318554446081,-0.137378194385532,-0.364025429913146,-0.202922464356618,-0.336376873906003,-0.350696698224702,-0.251083601535453,-0.110718031776397,-0.30220998506644,-0.162346546274737,-0.322319671906148,-0.304280623775977,-0.269397217497217,-0.256152413689884,-0.188816552542498,-0.300007158127387,0.0116416968931971,0.248390563564589,0.232264290183768,0.0215697628268132,0.384309854440961,0.00589347283672492,0.340266011035701,0.164756188169829,-0.203709875302455,0.10741958332249,0.0682400934022944,-0.0139112531209415,0.0880449026543862,0.0420356208587031,0.0903188478720973,-0.05839675753712,0.00486978159129491,-0.0843735616393221,-0.0448206556727888,0.0436148837665297,0.115608700063836,-0.126945740386837,0.0598458079111256,-0.247472974131433,-0.0512356622104342,-0.308045915980665,-0.238786087490391,-0.311108731533688,-0.316259348303254,-0.270830476727996,0.0133411068483485,0.0197531635296131,-0.0902278368558479,0.111757838254586,0.205568678035968,0.14620891131128,0.357020149472301,0.205189919534784,0.19132378845571,0.14279520648916,-0.143497328338616,-0.26751337489679,-0.104490397959282,-0.224274127621589,-0.0141319397202442,-0.125222985387126,-0.339527799634791,0.0924275296693697,0.0696735029972931,-0.130208517478265,-0.201617503981562,-0.135621438600352,0.016474674904039,-0.104553659931993,-0.115519850136055,0.0625067615018495,0.360808929756116,0.234870952517168,0.0498174366520215,0.0884669891814925,-0.16991686888706,-0.175701077423157,-0.0268055353182278,0.0902528394694819,0.0547866159089179,-0.184120522678065,-0.230837358735937,-0.248860130744298,0.194942995126779,0.0439445384156235,0.18232344793037,0.144012373542915,0.0481918445597664,0.00939571958910808,0.168879351344452,-0.232307112656688,0.118932482178024,-0.00826202967936053,0.0138161200221343,-0.177701662414642,0.378795099011761,0.38396867943321,0.362924382052966,0.437735429106583,0.340156867284216,0.503448247240696,1,0.566799623659699,0.62985163025715,0.556330377297239,0.0468987743390833,0.193426561762139
"同母异父姐-同母异父弟",-0.241720428288974,-0.392396746628344,-0.323080486707978,-0.351538565489518,-0.284360197163434,0.278534217836962,0.246245318779873,0.287176076928539,0.260257348434084,0.162423884261295,-0.235992413527512,-0.171948643336901,-0.370082566919799,-0.111522543408992,-0.286463446672914,-0.224559384257148,-0.407685998096179,-0.101742414905403,-0.28135737067076,-0.169670283715285,-0.275690494300102,-0.153196875592446,-0.0565131032361752,-0.0768934345386193,-0.0512144840369644,-0.139256881624455,-0.0508647051841685,0.0411560649469732,-0.0659121837572032,-0.0832994981321445,-0.0280740417561754,0.111982895970534,-0.0254979897431997,-0.0697855929556295,-0.0327421006092084,-0.213761698391777,-0.225794916426348,-0.161155934321675,-0.253283553098109,-0.167791615200552,-0.195542719676921,-0.259296361744232,-0.251262636088278,-0.238076763085368,-0.322416342756825,-0.264200444826735,-0.0390485204112561,-0.15716102242036,-0.188535237963812,-0.0991766092776149,-0.191732252628143,0.167884789876153,0.172757687499013,0.238672882463007,0.259827539571907,0.075911794984434,0.213074608765681,0.178343358321311,-0.138289591843444,0.0171375701629539,-0.0616483897878307,-0.0481669391376106,0.0287249100585265,-0.100146936764933,0.0616247576087184,0.126466648743039,-0.0091169940115327,-0.0142468260560863,0.0575293294083537,0.0774384304753296,-0.201408826467293,-0.131455391829996,-0.273097097975474,-0.284986750068103,-0.229086417462797,-0.13622007676724,-0.107725235677994,-0.115147180489611,-0.228149787713509,-0.0822499616630304,0.262222825264144,-0.0444845421269698,0.0920370744748286,0.208504108253918,0.145945780327492,0.0023343895883629,0.156742241033757,0.257682545260133,0.319871295773376,0.305096779234088,-0.116576808965408,-0.235451333496829,-0.0809328705472657,-0.103592933147185,0.157271987891114,-0.338267481208835,-0.261897741147412,-0.0575420518072521,0.0243540457754997,-0.354618835509084,-0.299330263834652,-0.00758264307970544,0.0433795925635454,-0.126191905358678,-0.0170191017992754,-0.0461513321052409,0.324318497212013,0.268260020891459,0.21273578870171,0.323260099411114,-0.181147322702502,-0.126941347247343,-0.0432979379762085,0.172825344235171,0.233292550846782,-0.0286348262680111,0.0405843115946384,0.02126497855501,0.173229208527647,0.0192625010935272,0.232199044990387,0.279800397981596,0.179738450669029,0.0685753600841834,0.25963226720644,-0.213046048967128,-0.0134988405231192,-0.108925574077373,-0.0930143833666201,-0.071330815698752,0.150972759550554,0.32712474123008,0.130940710618872,0.28137712861338,0.254009315384622,0.429930601669089,0.566799623659699,1,0.644497189738677,0.592776816129907,0.0267443518308482,0.224794509783803
"异父异母兄-异父异母弟",-0.272919352862933,-0.424752060871801,-0.450733146033926,-0.461708249235483,-0.299879921535099,0.378656559443453,0.334474585825434,0.261115333056533,0.319918796491038,0.336278010197754,-0.359446710710126,-0.17673899569217,-0.454982586377107,-0.12333587524387,-0.458595877644866,-0.315810919187459,-0.41086698737752,0.0862568632470348,-0.215245033527123,-0.146791788827589,-0.284085162090468,-0.0390084282457379,-0.0851099124678552,-0.139022501483592,-0.0633906813917217,-0.0158384421805279,0.0363067812342522,-0.0611899265022463,0.183604887627032,0.0102072136667537,-0.0730465658012049,0.115193422133835,-0.0893477899636783,-0.0422003089229255,-0.0760479330572277,-0.29431677047842,-0.379503673195048,-0.29874159946855,-0.402461868538169,-0.382882810833562,-0.344354592715229,-0.226547179776834,-0.296196164737223,-0.36590173584094,-0.468810445547093,-0.410664299525404,-0.152020154054839,-0.316123100391588,-0.299603814724019,-0.245316619050119,-0.1167843131559,0.194152692864095,0.0292337447645221,0.0216212838407988,0.41795899109165,0.147744225833968,0.0724725269103142,0.202795482003586,-0.0489147812315744,0.154048333593026,0.0584698698202062,0.0531363383100842,0.12575583213527,-0.0988930914239248,0.2619398617642,-0.0274961038239773,0.0355695003794886,0.00428192380340833,-0.115924859150526,0.00776026320154931,-0.256777915251775,-0.193944016638925,-0.400240064743386,-0.440520133513734,-0.302909904236653,-0.271101572972005,-0.274564028159782,-0.327055882179134,-0.439538937958201,-0.307594868909384,0.301726205691288,0.120123284078049,0.0983869169264295,0.291199637225397,0.258204487543496,0.113465168094923,0.369122931595404,0.414599983063289,0.434596186503504,0.535319992713641,-0.224628762339958,-0.233550184822581,-0.119066488215352,-0.192358454145826,0.048011761775241,-0.39571055398762,-0.301619519228488,-0.0854278848086952,0.108604431828261,-0.396899447583976,-0.368965210639748,-0.0739244312380029,0.143268848432446,-0.111406185848892,-0.128953607271451,0.00999641791543675,0.394862173861533,0.259647393949593,0.298156136924452,0.311951492596278,-0.0660723291107709,0.0284352292703799,0.135857955190542,0.25851006191625,0.248027322189478,-0.159559769853488,-0.0760770204849741,-0.0914145741949445,0.235091711580775,-0.0284985702408247,0.308801898217233,0.273638548447632,0.127305503422474,-0.00268333737512973,0.344983596727641,-0.169318295013724,0.257509612028365,0.0632482121789071,0.0714999628825984,-0.0149333389121792,0.219524908062567,0.234380889088003,0.0572603745884508,0.24499231829676,0.33037559701855,0.528132051035949,0.62985163025715,0.644497189738677,1,0.746727211876093,0.209974797189532,0.401766056226014
"异父异母姐-异父异母妹",-0.144020090666165,-0.274819581452538,-0.235198445234147,-0.271645982169499,-0.0709552550513239,0.226339473903257,0.291761225131321,0.252493292425232,0.266188007223941,0.223189477491661,-0.359631821080349,-0.173066130613477,-0.331472083490208,-0.156698239031699,-0.346724727811248,-0.347762698056754,-0.29730747204001,-0.146033753373979,-0.238460675434442,-0.225868100976246,-0.306077656091844,-0.0612259301491562,-0.0168309993892679,-0.199386664132071,-0.158066512841291,-0.0968154310729044,-0.110004175627337,-0.0596125040657415,0.0309940970275578,-0.0157764284047539,-0.205808464924574,0.062405536720458,-0.207293875545683,0.0141089682880532,-0.201792147449531,-0.289412989763136,-0.455962767091654,-0.266611176646913,-0.394279531422722,-0.232295708939034,-0.338892553699544,-0.159661686596242,-0.201622655975994,-0.141330963641467,-0.277604738676892,-0.34740640306682,-0.1703964344926,-0.170472879427752,-0.158382263251355,-0.0982886782795798,-0.153143157584225,0.28524689053857,0.107140193601158,0.157759410596431,0.445972407862659,0.0943595979763605,0.00273474239886248,0.225249727969452,-0.0465180101319545,0.121347465239069,-0.0203386074968061,-0.045687767072315,0.0650228999684737,0.0468322804474791,0.120843029999052,-0.0475334858351077,-0.144121733508249,-0.10381517728461,-0.00757477410792883,0.0334500739271389,-0.273100288383683,-0.286522198497345,-0.280315797909442,-0.36550616526434,-0.156331744059002,-0.147569702441718,-0.0812810311630576,-0.199312847509757,-0.239758451631921,-0.195413564158005,0.137292489776496,0.0227081768662856,-0.163532508899818,0.119331836940573,0.191616855269871,0.100560043796729,0.380950562392526,0.199530897102202,0.317168507015446,0.342513865258753,-0.294206426057896,-0.198444321574538,-0.139339038415375,-0.0585722337559992,0.222127244951509,-0.348302243109035,-0.35186508797286,-0.255107528273408,-0.0153025973973661,-0.415140004395898,-0.346213077278056,-0.0647660408196534,-0.00560054023928166,-0.0166453858824173,-0.0406456265216162,-0.0161822530876715,0.211588438447188,0.193155087304834,0.140197439592632,0.23683043560955,-0.0309325128282094,0.111165479520012,0.158921674540076,0.152848559276066,0.100381103303227,0.0234343247056182,0.121109267473212,0.166792850562729,0.0336495296716216,-0.0203672122758512,0.193911794361781,0.314202107468265,0.0449320454699254,0.131774854306897,0.189206938949953,-0.143402257324357,0.135596022719098,-0.0030076595471811,-0.00563853504260044,-0.0145711449069317,0.277593800967735,0.412708969432424,0.237183611260205,0.343915598732266,0.314322590980854,0.508183106190057,0.556330377297239,0.592776816129907,0.746727211876093,1,0.237372323464036,0.212081702572061
"异父异母兄-异父异母妹",-0.22806140046891,-0.267423936733185,-0.282354039959742,-0.105879787953884,-0.248511286108754,-0.206789982797187,-0.263536827518766,-0.292119142861693,-0.351868709127006,-0.122112510968893,-0.0644401943128011,-0.198838147803284,-0.0110793516151784,-0.303860169931762,-0.18948563498753,-0.180832931880955,-0.0700093625318155,0.00500971703808751,-0.0394824835944412,-0.0930797428598993,-0.116298923660115,-0.209727670960658,-0.233256946714203,-0.082588896456353,-0.263206824862137,0.222684603026173,0.0848655288221936,0.0292679858998856,0.157326996646529,0.0525236355274608,0.281031040673764,0.122446685469208,0.12419712200183,0.301169663161234,0.224310943008049,-0.0916403068011045,-0.11775038634348,-0.143431944999466,-0.0508695745831439,-0.150295230254051,-0.333418283538424,-0.0261423823027873,-0.0770068096623678,-0.0901058487478383,-0.181749742805604,-0.0799433545748383,-0.296335634583158,-0.112388633649293,0.0290593106234296,-0.0876093332660447,0.276706640706925,0.297770586698127,-0.0973599723815467,-0.190365471218893,0.174393965504673,0.329870483993848,0.0445549202542483,0.0125903056904629,0.227520717403185,0.26675188502572,0.437224093292261,0.46490260197023,0.607764557679556,0.408238323276215,0.423780972566868,-0.115674899592302,-0.282408329225845,-0.239505324611177,-0.467276446799107,-0.443614379017703,-0.251894801588814,-0.258177740913697,-0.292423702589433,-0.256098289822164,-0.247120755098383,0.0988294709280247,0.0089925665582223,-0.130878506324523,-0.118185996742177,-0.0740005828514104,0.104921722226291,0.455805676419845,0.188940405052386,0.189850106538784,0.146275865277633,0.0650049905761861,0.354561311776534,0.108047435454415,-0.123980204420118,0.219633325623857,-0.283760955780021,0.122835843973491,-0.0167064247872912,0.0321964282708472,-0.229835476277752,0.105135182073284,0.0205159789262285,-0.0452730661700821,-0.0683159178162817,-0.102366151255297,-0.230813934070793,-0.0836041047301835,-0.034483484514119,0.184686993537227,0.0865173389282287,0.505708287777079,0.384072365866708,0.390669294477618,0.381788133693955,0.279269092190074,0.468787004172236,0.291459327593498,0.266978899681735,0.0874553413164918,0.0688238775592765,-0.1457823893331,-0.122259569081863,-0.230838532340401,-0.296410517787143,-0.300419511730138,-0.30867132313166,-0.0152916362792193,-0.173145792359555,-0.026605067100696,-0.0766877576698396,0.260262070442302,0.0258590135385938,0.0884842363181642,-0.00930741657476744,0.291172516192033,0.031515772257174,-0.158855733476087,0.0918107659355308,-0.157484524011836,-0.124152547165826,0.320210085773957,0.0468987743390833,0.0267443518308482,0.209974797189532,0.237372323464036,1,0.408829584924893
"异父异母姐-异父异母弟",-0.179451476386923,-0.469955807636621,-0.283271247853942,-0.473504440479649,-0.232256264238314,0.317480354782646,0.18374264615523,0.31072726208467,0.241830592144037,0.358907967811846,0.113682548115347,0.0639844861581783,-0.0406401797450801,-0.0765905029586019,-0.146354485465055,-0.0133187789019357,-0.274963247776139,0.317884057420475,-0.0868998045604478,-0.00296277424346777,-0.0563102038164434,0.0111124929886113,0.00265785153381514,-0.195566654655918,0.0515654570683749,0.328695681737393,0.0632264971387051,0.058884361367567,0.224251112921044,0.170574795436867,0.237268631762584,0.404609263830079,0.0910912453034612,0.306677374796274,-0.149061664675205,-0.0548256100306855,-0.0855955303260816,-0.100606378095226,-0.44923141386804,-0.141222020239613,-0.457966816835284,-0.261232292235699,-0.387646761932827,-0.566660521412126,-0.500312139663588,-0.376804368971505,-0.365507110976117,-0.56157309136245,-0.460739540654909,-0.36566601300858,0.0870077041334113,-0.0545283527341969,-0.0943553130789719,0.0540124286040635,0.0286485945824175,0.154178058280804,0.225046331401764,0.349354142600621,0.0968573210122213,0.2211378415565,0.178332425142559,0.280359077232901,0.0648592193155488,0.0157551530483251,0.479093574409537,-0.195631771353397,0.00215902018222541,0.136583379903952,-0.417550897456837,-0.00317580496396348,-0.273177020505025,-0.388516583949735,-0.464390281102068,-0.573731012473674,-0.300061923757063,-0.450517825788868,-0.424192365280505,-0.354755782140649,-0.489404345412883,-0.472994556125508,0.512376635166199,0.274303369544589,0.440082970760372,0.431781153800609,0.335138024603143,-0.00575654042549544,0.322288004234227,0.542551947798132,0.085626298611478,0.393366319809074,-0.156975253515558,-0.236479350371589,-0.308979870503051,-0.505233582899024,0.0676386482877535,-0.344153231293826,-0.245240654346249,-0.113121437487108,0.165112142560153,-0.377906349935374,-0.394620267268802,-0.119695563810605,-0.0965205799622816,-0.33409816995043,-0.432972951397528,0.0649698314824477,0.340313363067348,0.141630520515004,0.315951043566796,0.342842818012587,0.216032035070937,0.0121980421215693,0.404333355049496,0.442697405286875,0.231637580124689,-0.419675849028184,-0.300052012826433,-0.365908917178263,0.230877056753408,0.00166229240218712,0.244622082661241,0.339234133887689,-0.0630538387950531,-0.0861160395185099,0.530829944800039,-0.159744966775322,0.286479189760064,0.189154106389834,0.108066761765523,0.17491977094301,0.0712808326192977,0.0854387156173337,-0.133673907354652,0.248609350538106,0.00877544256960937,0.471266424460999,0.193426561762139,0.224794509783803,0.401766056226014,0.212081702572061,0.408829584924893,1
