"","表嫂-表小叔","表叔-表侄","表兄-表弟","表兄-表妹","表姐-表弟","表姐-表妹","伯父-侄女","伯父-侄媳","伯父-侄女婿","伯父-侄子","伯母-侄女","伯母-侄子","曾祖父-曾孙女","曾祖父-曾孙子","曾祖母-曾孙女","曾祖母-曾孙子","从祖父-从孙女","从祖父-从孙子","从祖姑-从侄孙","从祖母-从孙女","从祖母-从孙子","兄-弟","同父异母兄-同父异母弟","母亲-亲生子女","母亲-非亲生子女","同父异母兄-同父异母弟","同父异母兄-同父异母妹","同父异母子女-同父异母子女","同父异母姐-同父异母弟","同父异母姐-同父异母妹","弟媳-伯","夫-妻","夫-妻","出轨者-第三者","夫-妻","父-女","父-子","高祖父-玄孙","高祖母-玄孙","公公-儿媳","姑表兄-姑表弟","姑表兄-姑表妹","姑表姐-姑表弟","姑表姐-姑表妹","姑母-侄女","姑母-侄子","姑-嫂","姑父-侄女","姑父-侄子","亲家-亲家","继父-继女","继父-继子","继母-继女","继母-继子","继外祖父-继外孙女","继外祖父-继外孙子","继外祖母-继外孙女","继外祖母-继外孙子","继兄-继弟","继兄-继妹","继姐-继弟","继姐-继妹","继祖父-继孙女","继祖父-继孙子","继祖母-继孙女","继祖母-继孙子","舅表兄-舅表弟","舅表兄-舅表妹","舅表姐-舅表弟","舅表姐-舅表妹","舅父-外甥女","舅父-甥媳","舅父-甥女婿","舅父-外甥","舅公-甥孙","舅母-外甥女","舅母-外甥","妹夫-妻兄","妹夫-妻姐","母-女","母-子","婆婆-儿媳","原配-第三者","三从兄-三从弟","叔父-侄女","叔父-侄子","叔母-侄女","叔母-侄子","叔-嫂","继母-继子女","继母-继子女","堂伯-堂侄","堂兄-堂弟","堂兄-堂妹","堂姐-堂弟","堂姐-堂妹","堂姐夫-堂内弟","堂祖父-堂侄孙","堂祖母-堂侄孙","外曾祖父-外曾孙","外曾祖母-外曾孙","外祖父-外孙女","外祖父-外孙子","外祖母-外孙女","外祖母-外孙子","兄-弟","兄-妹","兄妻-弟妻","养父-养女","养父-养子","养母-养女","养母-养子","姨表兄-姨表弟","姨表兄-姨表妹","姨表姐-姨表弟","姨表姐-姨表妹","姨母-外甥女","姨母-外甥","姨婆-姨甥孙","姨父-外甥女","姨父-外甥","义父-义女","义父-义子","义母-义女","义母-义子","姻伯叔-姻侄","原配-继室","岳父-女婿","岳母-女婿","再从兄-再从弟","姐-弟","姐-妹","姐夫-妹夫","姐夫-妻弟","兄-弟","族伯叔-族侄","族兄-族弟","族姐-族妹","祖父-孙女","祖父-孙子","祖母-孙女","祖母-孙子","祖先-后代"
"表嫂-表小叔",1,0.478672418293279,-0.210913138080484,-0.274116475106545,-0.080644345407317,0.0550615184427743,-0.444619783959488,0.181999362094324,0.41982994216582,-0.352971971631094,-0.306815828501233,-0.495190477597128,-0.23936390939419,-0.270334390014781,-0.29807373527792,-0.365130266741355,-0.127777164656601,0.10393284881027,-0.0986655081290239,-0.254491254081223,-0.220668306894335,0.148560756798177,0.108267013779756,-0.355124583194673,-0.330099129507603,0.296438448029751,-0.364437633986477,-0.118892299803141,-0.0164036572328835,-0.112391555756666,0.453596163115421,-0.165885716505276,-0.441737904735492,-0.438699299042621,-0.235955799681826,-0.233854087016836,-0.176526250075895,-0.202834682624564,-0.190859169181931,0.339275094993924,-0.0136576734772852,-0.141873061743354,-0.10555973113049,0.0155506152300615,-0.239919539754829,-0.343808871321479,0.17337429865022,-0.280593880531931,0.466367930577807,-0.20668885460392,-0.150044767014004,-0.381497884299514,-0.223283374348024,-0.373565899295893,-0.0711763060156411,-0.0836585453235686,-0.290059978874344,-0.189398637416629,0.0563626110932086,0.028763756906144,0.351232065193924,0.167979223826375,0.512462185703385,0.476530956043549,-0.395390116951495,0.218961283129338,-0.387798378019679,-0.134656603990176,-0.176057624053096,-0.0631202883143582,-0.312788294224056,0.279954928897827,0.529343364501059,-0.366590239767125,0.524511980562735,-0.273095074704544,-0.31172501881115,0.51273731609764,0.24941325409517,-0.30882026722978,-0.359669516313233,0.356698534754209,-0.323412991718218,-0.0148555992666681,0.280405033011099,0.289914911388964,0.277616854398261,0.162940646728721,0.163990829790563,-0.328976595471567,-0.179566230201154,0.151563664018159,-0.16012199366363,-0.128384189124394,-0.316648443929182,-0.14626286949038,0.626220461117668,0.334187091440701,0.389913831943646,0.0535092258574204,-0.134163020431647,0.319281333585902,0.269113457443887,-0.256851118943246,-0.295008755097659,-0.191315372430905,-0.114078854275584,-0.208107714903398,0.0457671516733286,0.0160291944197972,-0.161804472126455,-0.445355304149902,-0.100782475496663,0.00590864622050385,-0.0158076208368994,0.468546992177717,-0.267410704358363,-0.191311254273008,0.583101022239871,-0.346180976937444,-0.239444801916952,-0.110781934419949,-0.266090437293453,-0.269349304675953,-0.0460567772306941,0.296584086493204,-0.271798728614031,0.600656697856759,0.609486475421173,-0.126974491426113,-0.249571387736807,-0.0980610776939106,0.0334092741881872,0.398155188806619,0.325379536950328,0.514362744861196,0.333947530869993,0.534455712940123,0.247636962384738,-0.286200519755692,0.42870140253464,0.156135522537823,-0.28878952927621
"表叔-表侄",0.478672418293279,1,-0.32003106964495,-0.0903766278518126,-0.280315404149823,-0.361738721031054,-0.435954053781941,0.435370882613964,0.240745332925417,-0.297168644211211,-0.0932993478772648,-0.229683091961381,-0.211955343636834,-0.343298305042944,-0.290152499998626,-0.545562326315903,-0.141779005507635,0.111825222415131,-0.443285683420805,-0.622819674861237,-0.422429848486206,0.547230768921038,0.535349179295407,-0.314309926795745,-0.339804155327942,0.435826400015729,-0.300826592122883,0.228455374032223,-0.140930933843391,-0.0879535130590264,0.34163171231181,0.0235772752914587,-0.47352672222731,-0.630435628039106,-0.136378211811888,-0.0439150597590556,0.0259094948699722,-0.195998708322016,-0.164195831091106,0.496143847429573,-0.0212673822360306,0.302288097775026,-0.17402438840712,-0.510887561047127,-0.398999323274924,-0.35885300347171,0.622302668707201,-0.394551153975999,0.703732784082468,0.0731623741969337,-0.0726759238495032,-0.0488196361273184,-0.498430285724366,-0.107289886166781,-0.366739438729824,-0.352075901134288,-0.508881973943674,-0.4522665698839,0.229877372074907,0.190855953318177,0.119618543505088,0.282306293045386,0.419576344244071,0.185124981728014,-0.580680447019036,0.223089009264164,-0.216958819864025,-0.0373152032219837,-0.148316073158785,-0.328084996676614,-0.430861465891067,0.429064675609789,0.450813412846838,-0.361483806155381,0.526298352663026,-0.447477078145585,-0.470341160484775,0.613052764150922,0.380681377867561,-0.0698522270912223,-0.211376698103243,0.422090246975085,-0.201754696231285,-0.378981260822902,0.337224623595579,0.325042092872831,0.337515282329256,0.399330285665946,0.42203118268104,-0.294967971131924,-0.318840138845579,0.514363037038734,-0.00530701769938244,0.0865601715450387,-0.145762185452135,-0.184434334877488,0.621884864319264,0.560167383557699,0.285560501432176,0.0451665204318362,-0.264134151425072,0.538543653200446,0.378642391971749,-0.320512743316153,-0.293741451329311,-0.192929231868789,-0.0246506053960294,-0.04516445518594,0.163905136009281,0.158000639772501,-0.392484865005697,-0.372778915947317,-0.151388243108806,0.229446798403285,-0.106197058221612,0.452904123190406,-0.319890977944048,-0.0885124404532734,0.443680978786164,-0.412987125381916,-0.167900413177598,-0.455254898145949,-0.284879824380745,-0.596757314948988,-0.352873301533962,0.587285588341349,-0.0910203400318589,0.474862526575322,0.479548845355466,-0.405280632261714,-0.376566941847317,-0.107739257389982,-0.0747647227447921,0.422580116623358,0.457417228337554,0.290796853486537,0.501055951812153,0.535048051008304,0.171813373277053,-0.378303938270644,0.283820618381363,0.128202560188789,-0.462221687382631
"表兄-表弟",-0.210913138080484,-0.32003106964495,1,0.337891840034059,0.463847678180894,0.50975333190207,0.364518808585783,-0.48592008412104,-0.427939820807049,0.0949134519919371,0.304220636639494,-0.0224188657609715,0.287617530206655,0.138828413984803,0.171276804909554,0.366333032504322,0.387646454076044,0.180016376839331,0.143248238711194,0.277551193747293,0.246393485468323,-0.331752478247146,-0.270940811779725,0.139928938799067,0.291594191567213,-0.40595036695344,0.177604376175612,-0.0868622731349904,0.241956296885312,0.208067390616349,-0.312574390342276,0.085488592564339,0.228757563311226,0.261076527851841,-0.178754480173237,0.095522213295099,-0.214154828349369,0.284600160787254,0.260524896922953,-0.454841950345273,0.309473350035084,0.132878512793589,0.522233508398252,0.433060243836272,0.247170000250975,0.170887578385181,-0.300932699188187,0.193934758322924,-0.41478245753285,0.203432501747027,-0.092725814620612,0.0432029361449155,0.0537111053524643,0.0194422698178676,0.256652254479433,0.325050355462261,0.331009211329305,0.283888010520201,-0.153944076715161,-0.348246290403448,-0.565300037203357,-0.453217903889877,-0.415024318165555,-0.371594225705273,0.312668252368643,-0.338163245442931,0.494158965046914,0.388952453252291,0.535658940356691,0.708801568177521,0.331943274935458,-0.558476936671813,-0.401138204402238,0.0998250618033808,-0.392360991189922,0.319827087953269,0.121593341160783,-0.254771914007234,-0.179921901429449,0.135541442965874,0.0193990767714346,-0.393282841534477,-0.0538513619221218,0.230363126690897,-0.546264376759825,-0.419879304997592,-0.488059599340822,-0.385103195043515,-0.295229494859943,0.0558388820113327,0.223436717970504,-0.2979514158194,-0.112616687306975,0.131705221137461,0.218612584791163,0.259744395113324,-0.333273444708719,-0.333354740846895,-0.439907171072046,0.362956327846639,0.386422511555581,-0.530348573706092,-0.517328104802624,0.329766241755024,0.182757038555827,-0.138271927843596,-0.0458597745176679,0.289482763943192,-0.468876915067475,-0.381976739223395,0.300286100361697,0.421337067317134,0.595236958135396,0.203830277464986,0.371174388153097,-0.232118916798465,0.106112392585798,0.0105084491708851,-0.346259091761022,0.288200807207338,0.249702333952728,0.530330461867879,0.469121116942717,0.386966213313553,0.341209637043555,-0.424885066498651,0.251801029180251,-0.423542085320572,-0.46131092585485,0.153133613807392,0.0749727666105508,-0.0185190260961087,0.334744406805586,-0.372051912589417,-0.365992531823287,-0.217096021454814,-0.19229092978672,-0.327015294584429,-0.567870633409269,-0.0363889640324466,-0.533944317034943,-0.463312127092058,0.347343695112466
"表兄-表妹",-0.274116475106545,-0.0903766278518126,0.337891840034059,1,0.635642813562583,0.241685189892299,0.193249977124228,-0.295647599051959,-0.318075063108101,0.0201506311846313,0.252898704135788,0.0164165200460871,0.393759434862673,0.130359523829028,0.0489003183332704,0.257196022811656,0.362607339034636,-0.0429039813520031,-0.0872023302215486,-0.0127549670578918,-0.0945836324326718,-0.078654667666984,-0.116572303459228,0.208563129644571,0.223763766915119,-0.382978637068347,0.334724226017404,-0.0200040399922004,0.378538512360163,0.435770139261096,-0.193046651693801,0.294768055802499,0.225320711427497,-0.0318012760288022,0.0324669890752189,0.294368374978077,0.00645111969734783,0.239470216783313,0.217502819564632,-0.253014007864768,0.512023025339191,0.438119829630565,0.537117801799415,0.186943192936984,-0.0958377219807072,-0.167539396675119,0.00407590964136091,-0.186495393464553,-0.33884279720969,0.426649954640994,-0.00611786913849327,-0.0324221250637457,-0.0216609026956768,-0.00884494810921898,-0.0512828222105042,-0.180179704211748,0.0898244734481294,-0.141651352827366,-0.0390053854961735,-0.373485148817958,-0.379559888580556,-0.0196430311763551,-0.252801407163981,-0.266609912962029,-0.102840774497518,-0.175405499128996,0.302716665688279,0.483990707955329,0.331897555752738,0.301296891862209,0.0203094792847281,-0.426087971347919,-0.195999336006698,-0.0267195799580895,-0.371410755180477,-0.0924922043421343,-0.11880102211392,-0.11808107213949,-0.171056464085558,0.383844626950209,0.207981627253261,-0.0860094460542967,0.0253176723325536,0.146382379940165,-0.331445849055361,-0.432550110987786,-0.260530284944697,-0.236006687223809,-0.0835307378096703,-0.0281668052980143,-0.025151086746346,-0.423358616366616,-0.0286048402997704,0.210944801766426,0.223999113834672,0.298383190598095,-0.287496127218127,-0.455201224013003,-0.377634672573813,0.111432744801985,0.271422267168691,-0.343413962048988,-0.351067312393649,0.344250319535113,0.124262910320387,-0.103797326339923,0.0783253891133333,0.409305711246546,-0.0821100887000746,-0.233766747089651,0.227112090015812,0.281185702499126,0.343623528342,0.38369397359435,0.385347475428263,0.0427681109082179,0.00452442865708208,-0.118306447783722,-0.25019478066943,0.0584291344519153,-0.0901413167211873,0.240173950676264,0.198967001799035,0.139243321348037,0.297530212754659,-0.266454983713881,0.290632680466353,-0.239888045233037,-0.252308842491798,-0.0699337837887607,-0.128105906045139,0.129645366549838,0.390065264005828,-0.0653217073562671,-0.271648776537219,-0.35120796442833,-0.146629744889928,-0.220409452984953,-0.421805967678284,0.094933103472428,-0.317830706114237,-0.29538810049985,0.275479990316601
"表姐-表弟",-0.080644345407317,-0.280315404149823,0.463847678180894,0.635642813562583,1,0.553626037533287,0.332616937665652,-0.466721648009686,-0.253761634716188,0.103092177044177,0.151377990679704,-0.0476848748081229,0.508544930707848,0.199020764151138,0.0371907515250396,0.434734690766713,0.545034195302158,0.0864422983356814,0.16416356298403,0.205081458389465,0.115492183713744,-0.367155774552749,-0.251754341788934,0.108403286259723,0.293236564213289,-0.500339868111158,0.273465662824649,-0.226156332088346,0.559076723442824,0.575879663973959,-0.138747149855494,0.00481142402847,0.26029358106846,0.170906031594143,-0.183516072781512,0.27375720008797,-0.153971618354081,0.27950184135446,0.353946938494067,-0.392218808128138,0.513776127558686,0.194341951496582,0.647644691026491,0.417890220340111,0.106554866427528,-0.080810949876941,-0.303225747011988,-0.028183552210346,-0.403541142890553,0.206556080169437,-0.0636833842674871,-0.146494948501386,0.197832984209864,-0.131140960897382,0.285148771383902,0.0474628736466347,0.243141272285342,0.0637271969357644,-0.11098350728511,-0.606149435668939,-0.304038004168799,-0.270105023651617,-0.257642735590416,-0.22424911643547,-0.000807682858620123,-0.250576455650839,0.190152600552637,0.480658842899656,0.425079070193801,0.517567752028163,0.212695131583769,-0.605777192987818,-0.211301555772777,-0.0555768347269967,-0.429214420560057,0.125269942688909,0.0529041942909289,-0.26249175352067,-0.229107493492015,0.277414158543131,0.0907272345429491,-0.131129595544906,-0.0709688939041657,0.111551179976451,-0.315418488584484,-0.526657859666617,-0.385724020248469,-0.421687728534531,-0.265017587336396,0.141994432707275,0.154797689230095,-0.502510139134229,-0.241780856931425,-0.0810415896607763,0.208540787747811,0.1263346155607,-0.234211189353251,-0.49728981548442,-0.407981216315106,0.111001631015525,0.475737226129962,-0.445947393175495,-0.40674606148666,0.521413338065181,0.26243332500463,-0.280781297531522,-0.0924087282243129,0.16858239444899,-0.349284917312906,-0.523777328006828,0.298265164176634,0.14226642428257,0.450803815123292,0.248127401246356,0.621776455467964,-0.0631395677373811,0.0591216627426675,-0.0250867893404656,-0.236594653062468,0.215149460070245,0.147616992743032,0.423081186892352,0.189128270258326,0.24849516998163,0.472973245341994,-0.349094798472046,0.296438329972404,-0.17897157162683,-0.206776121766319,0.0810690268641966,0.0350002323432364,-0.133731387970267,0.366978498840727,-0.192268961491609,-0.410111869081646,-0.256816115418324,-0.355966221267012,-0.268467790963638,-0.378216764935297,0.00652303637044911,-0.392421754309106,-0.390011335842789,0.299282356110541
"表姐-表妹",0.0550615184427743,-0.361738721031054,0.50975333190207,0.241685189892299,0.553626037533287,1,0.303761098742631,-0.501985661263782,-0.226725676276315,-0.0758381701948847,0.224819323674705,0.0265884188890504,0.19899592268933,-0.0148197035812494,0.03983061706289,0.353466259567582,0.331647481308454,0.0344833324963004,0.349850352297163,0.415872656742353,0.26630036733744,-0.503575453111603,-0.355937539392206,0.00127462265124255,0.2852002206871,-0.522842110741637,0.00630434188962999,-0.226785208668316,0.361512956791414,0.385962562360101,-0.212538787219452,-0.176032960169666,0.301440606930348,0.245371397979275,-0.372842215556009,0.158264089222061,-0.403885918894325,0.263700499450576,0.237248760574703,-0.477448026101032,0.385989607387552,-0.188008048952863,0.624788478988042,0.650526997182782,0.280674554908366,0.0990007787740276,-0.390391489983738,0.287743301458354,-0.424661174624207,0.00158067180997901,-0.148975942863091,-0.304146999071215,0.468916122204547,-0.212116142744628,0.523672398251221,0.344016394274955,0.508378463292818,0.437282134984247,-0.230412030529907,-0.588931573797141,-0.305769591360412,-0.323230610325329,-0.165178412833652,-0.164516443806063,0.349332830400088,-0.217311965759569,0.186959158049183,0.336647491552207,0.247788681493188,0.621502581406404,0.416747075603666,-0.416065080118949,-0.215697786140332,-0.0669621512142905,-0.314227040963955,0.408706017775585,0.171721934124904,-0.268827575030603,-0.202207574811009,0.0695651048448354,-0.242837551083091,-0.141654212232196,-0.0774986118542867,0.322526300916893,-0.394681370942771,-0.510081265103506,-0.310903810025541,-0.582656604920126,-0.405673440076296,0.156455339412356,0.385646308718648,-0.530255913694564,-0.369407831495565,-0.287310457623129,-0.0299564265386289,0.19712621322228,-0.134940434714143,-0.373833681138144,-0.322181452799309,0.226271941644537,0.567333778887235,-0.393877403852018,-0.379915536020142,0.543627872983152,0.15084595723152,-0.383674221754074,-0.190107443987419,0.088516393726811,-0.393044705033606,-0.541196810852332,0.359292249595371,0.147602742283065,0.418860352800145,0.163033184495016,0.543161495088468,-0.123085976309286,-0.0256870012108276,0.00890016353376157,-0.131625593540027,0.455503050084265,0.203169338103229,0.600254236252562,0.275167795750032,0.366010448752653,0.438627347547335,-0.262081617839298,0.150645896863376,-0.228232578115595,-0.159078544432499,0.150933440715985,0.00691527863744324,-0.142682860747636,0.34823023489622,-0.305003683665674,-0.380844544741078,-0.226460679201059,-0.436074697090601,-0.219281229605342,-0.440641188987868,-0.144736438199016,-0.406153043317928,-0.523475403935214,0.260853618530238
"伯父-侄女",-0.444619783959488,-0.435954053781941,0.364518808585783,0.193249977124228,0.332616937665652,0.303761098742631,1,-0.384527853728615,-0.281738942509867,0.309702568269657,0.416009038814585,0.309656391163055,0.269784954355587,0.189200182040114,0.158101102660407,0.372545883821605,0.19581048277308,-0.101619029196548,0.382147353955076,0.454973222487176,0.430876518863853,-0.396571997990894,-0.201542311045058,0.214688441246177,0.415600064618423,-0.408737899706655,0.286901439742131,-0.0853665340054453,0.308115637360905,0.144303265707002,-0.419566117387633,-0.187674759504933,0.282303257057133,0.425156208818237,-0.148658910893749,0.103919564388109,-0.164808123670413,0.106757991235928,0.0572464348558829,-0.542958472817907,-0.0355173278577695,-0.226889484075444,0.194166958170905,0.197268933158143,0.395149274789429,0.385251120537339,-0.452600371270987,0.431816338902712,-0.423537700237611,-0.149221027916764,0.229123106260267,0.105577459435269,0.330641268896037,0.0038773290628863,0.313832573228421,0.294707826968643,0.315229690798535,0.281472766986905,-0.158547164718771,-0.188006741149333,-0.217919728099198,-0.327558923439151,-0.286090257156133,-0.296875418708019,0.436761928850341,-0.310077862975579,0.200756783880056,0.272958631768583,0.289452462862122,0.212280019503376,0.515723941814531,-0.379512931869344,-0.391678493487109,0.398852265294766,-0.411002606797903,0.513599488838807,0.344568382658371,-0.58702380087656,-0.260663458438453,0.00895982449453452,-0.00796372073804951,-0.479657311757974,0.0637686854327612,0.250126154850906,-0.175658038094181,-0.220673124969575,-0.218307576513373,-0.278564447963521,-0.259112262755919,0.27482679770442,0.123042323369342,-0.231962330444947,-0.264717500718222,-0.0191729785169734,0.0770321130257176,0.125528513506528,-0.493535002304611,-0.282612323032156,-0.479646534682611,-0.00462468510715742,0.115404280261443,-0.381049693476991,-0.199775995646942,0.33790225300635,0.144207991608755,-0.0735572902665458,0.271778659871648,-0.0760602518239466,-0.150863591608332,-0.266429720975714,0.384566503172601,0.345498544299868,0.0252091317387456,-0.287022821200249,0.103129460281638,-0.475708480909545,0.302834085084678,0.178924051510941,-0.46157697610507,0.487742763581708,0.270744911291643,0.480316587725722,0.315284499003071,0.492908142036724,0.160622273988103,-0.363535408429076,0.280372403933228,-0.529352951412515,-0.487018036394048,0.282286899754445,0.230720653648847,-0.0442609364135111,-0.104315035280448,-0.451086077465732,-0.428978147664408,-0.278737589385371,-0.363568891634124,-0.491413985713125,-0.14490474050639,0.0395273934436972,-0.34977368803791,-0.298544249052999,0.291856517913867
"伯父-侄媳",0.181999362094324,0.435370882613964,-0.48592008412104,-0.295647599051959,-0.466721648009686,-0.501985661263782,-0.384527853728615,1,0.506296150219591,-0.195591554080093,-0.0745064429267371,-0.0103029589598474,-0.264507554390754,-0.141098797345283,-0.146170597017127,-0.362753625297477,-0.269481348905145,-0.195049326841513,-0.327836019010878,-0.439516151290334,-0.41004593066639,0.486894504201121,0.349715147463142,-0.235072017863987,-0.545040114600636,0.468932775729988,-0.308353704626589,0.245302158714671,-0.318834753993125,-0.301927150070769,0.574847476065838,-0.0553896336934219,-0.413239145664762,-0.346651924211578,-0.0150075694335628,-0.0652640537049746,0.13032129633024,-0.180766596338902,-0.23095805703259,0.626824576950697,-0.309357118580577,0.0120614408644072,-0.425144470372991,-0.447003606238926,-0.264165117864074,-0.188364779036265,0.509594508334335,-0.35086750698072,0.516512092321611,-0.0398948887939019,-0.0250872352413928,-0.0156590215157638,-0.422661918234959,-0.00312536504320418,-0.42409432589128,-0.408296877302404,-0.29876187733639,-0.441534190458759,-0.0770603660444149,0.398236935377247,0.343401670004595,0.383937388135,0.372010127945089,0.0906724142928026,-0.405412802837854,0.228049187020704,-0.363886763735805,-0.404491933633011,-0.493690614438034,-0.507472101257209,-0.515490538914237,0.562680665710196,0.469038567230314,-0.209144707730354,0.352139878651586,-0.452073761303391,-0.38975577987269,0.430557822700547,0.446117217896018,-0.154291479571936,-0.00485450065789083,0.484283142051263,-0.159632896687889,-0.398360642112695,0.566473688724206,0.504860616674934,0.577443664449005,0.618978977628188,0.619647464213841,-0.333978208490572,-0.274397029356839,0.566506192724554,-0.0310727371650292,0.0820760463393343,-0.0295072583801478,-0.143639900859014,0.385514699976583,0.558824143087295,0.395748150861698,-0.208397458787289,-0.427796511265295,0.593337523563743,0.542351177311026,-0.344526577245475,-0.147302417355387,0.00155916265988138,-0.025324929085333,-0.195419931130822,0.391964375702452,0.367121645834959,-0.376143051421252,-0.399377477121912,-0.391188035325743,-0.0574017376440893,-0.374370937891066,0.279808697756931,-0.256187712950931,-0.324306466097613,0.279558699648038,-0.417758873844417,-0.385188666444131,-0.466672189733431,-0.275660607899743,-0.396251872560011,-0.382862849342004,0.519960866762797,-0.285219707091319,0.400181135780605,0.434799987898766,-0.380973397435491,-0.268571673335192,0.0547203818278035,-0.256293311259902,0.360893036243205,0.335857449142221,0.252337914108,0.471977537505705,0.456090855756169,0.527151590194348,-0.106874711894836,0.536298828102104,0.5007994486181,-0.267904364503669
"伯父-侄女婿",0.41982994216582,0.240745332925417,-0.427939820807049,-0.318075063108101,-0.253761634716188,-0.226725676276315,-0.281738942509867,0.506296150219591,1,-0.230932006889297,-0.00844993335318238,-0.140743985574737,-0.201522794152487,-0.194356782770733,-0.0694354330623246,-0.181676978234854,-0.187964837698316,-0.168692595377074,-0.198950522003118,-0.268755369307881,-0.324193868537756,0.272343314116283,0.215963858918049,-0.152408856387318,-0.422782459098771,0.458148756052931,-0.360429982290811,0.112916100576948,-0.244738767012189,-0.24577140078431,0.561154195635916,-0.258502694761837,-0.421223914978592,-0.324763409645776,-0.121436996988314,-0.435865218543783,-0.0206985395025623,-0.19634332191271,-0.256103498986659,0.439465428825874,-0.149950280140703,-0.228054715333418,-0.310636916461859,-0.332803399474038,-0.254861335853612,-0.322073229612584,0.0991917840228811,-0.234825733069155,0.438617664723375,-0.216810260077709,-0.184054057105923,-0.40472120153766,-0.287374100341863,-0.204602600844307,-0.300304307734874,-0.38665950459149,-0.177359101499329,-0.446561374874967,-0.199827552212529,0.133008062058948,0.610111513244215,0.250195786078183,0.546913722105708,0.464888010183001,-0.306987110924199,0.365574159953211,-0.261143319757283,-0.271740246826905,-0.514745317388205,-0.430249864793646,-0.325915402652811,0.407039629028747,0.740003717831033,-0.13625296485417,0.52383849551484,-0.30732122423946,-0.316798484930074,0.396644500522654,0.433748732967495,-0.266466851300441,-0.281224821502905,0.532487476234951,-0.272259707600607,-0.376386139061975,0.539121125479217,0.551944427249885,0.601106156405521,0.431657418634549,0.297853277003595,-0.288742611228655,-0.37549318684438,0.255115872018262,-0.285214528414573,-0.315962481353431,-0.344467898198145,-0.303430333826145,0.371601135043903,0.337502048452319,0.52314794277141,-0.188320735701305,-0.155754420210262,0.588509196003597,0.484589077984323,-0.312886100018102,-0.242467693815029,-0.0673361884998957,-0.200694802984353,-0.224060040128613,0.345983306262932,0.292401122229764,-0.359168631996797,-0.450440604189325,-0.371359075440315,-0.363022531559269,-0.312992778903902,0.287831474025615,-0.135998082913304,-0.34143735100546,0.537228266410465,-0.357997443380219,-0.257004115003097,-0.182425060541174,-0.392740260873436,-0.246633343554828,-0.220055428996524,0.509135870407686,-0.397123617253646,0.491752105617605,0.432387514459439,-0.290558790880121,-0.263302030308674,-0.268077434870972,-0.258928266752133,0.592601428341897,0.408034263819555,0.505342118670647,0.329096424834722,0.335839443541106,0.639028504542723,0.0688013708332814,0.609759556810029,0.40568869422503,-0.0974960390911941
"伯父-侄子",-0.352971971631094,-0.297168644211211,0.0949134519919371,0.0201506311846313,0.103092177044177,-0.0758381701948847,0.309702568269657,-0.195591554080093,-0.230932006889297,1,0.153457978821927,0.424332464707188,0.296647133903349,0.587256784513046,0.257441857951909,0.301124278719678,0.0599019525751473,0.153408021910016,0.300818639321889,0.235038040392124,0.330574579608271,-0.172979735426181,-0.128596751158469,0.34261293043375,0.0850793631956019,-0.18165564551119,0.241250210111727,-0.302634600880372,0.0606084718135846,-0.0166693430968411,-0.309588981374322,0.0861199496550035,0.214564991723128,0.200724927130884,0.244108601077015,0.110624850969898,0.341077455062904,0.17832284396793,0.202305486689135,-0.31615824867741,0.0629703718368658,-0.0237475579775711,-0.091766531929442,0.0556219046165045,0.322396973411079,0.353261092179435,-0.284385259612154,0.234094464755019,-0.171209627737,-0.00788573029043,0.111637785433905,0.212079957215684,0.07535409760299,0.229236504145933,0.179908775129207,0.193659016078571,0.148378721432095,0.168726905577283,0.0632551679930715,-0.125002838258413,-0.0591887993654455,-0.328459139886697,-0.354745531054855,-0.152643549945866,0.1795418861071,-0.389308775063578,0.227919356312399,0.182335315850168,0.135625860992251,0.0274941351452849,0.203465419089326,-0.232242509901272,-0.389197174806677,0.494910945383285,-0.398886927937261,0.134790181533325,0.349744262291776,-0.511047520885355,-0.546961819126086,0.0243834121143581,0.324990125016687,-0.471007960493386,0.390557796799986,0.130813127742258,-0.212995113829065,-0.195076966729015,-0.257090937230072,-0.175672631374663,-0.190738527291935,0.227511930464476,0.0243751851468462,-0.0232586469383425,0.131137397854527,-0.00351333983253315,0.144352216165765,0.0596764490643008,-0.452792023862899,-0.224920220580866,-0.291641193720921,0.131160604815451,0.0653105609312586,-0.307925268714752,-0.27021650945631,0.151885054278158,0.37381018242241,0.238646413260468,0.0482136102063741,-0.185720301020665,-0.100337300174253,-0.211279411713206,-0.113253638107591,0.116578153619291,-0.00670236467634463,-0.157643293161262,-0.0595267788044356,-0.437513117258218,0.271208116200517,0.272693570606385,-0.444906755453042,0.251968916871256,0.260996541005072,0.0710304783411201,0.131939438919857,0.201460156365357,0.0260339607039365,-0.391130084069222,0.298980842156974,-0.299176962763597,-0.422342277995571,0.246524777146205,0.429011554508974,0.0662127922851787,-0.14021571603044,-0.320748651528161,-0.217676811831044,-0.238088856277115,-0.429954055231961,-0.371471207725636,-0.19762420607505,0.289081151564763,-0.34386061973497,-0.0597716254269668,0.0689465247746617
"伯母-侄女",-0.306815828501233,-0.0932993478772648,0.304220636639494,0.252898704135788,0.151377990679704,0.224819323674705,0.416009038814585,-0.0745064429267371,-0.00844993335318238,0.153457978821927,1,0.36050815202447,0.289295909871488,0.18525723351361,0.358376743606325,0.290610604088548,0.376495970338669,0.109115505090162,0.175756576763449,0.154623883841241,0.0942858323491655,-0.0530020078951925,0.0363397722358032,0.187936322335373,0.106463515469059,-0.161699524471486,0.122030823650615,0.119112902822155,0.165946759521283,0.201155262301154,-0.12958454888203,0.0708478323805523,0.0105669325042069,-0.117009239824384,-0.180358642071706,0.151484781880439,0.0305135071868325,0.291169242273035,0.118597442659952,-0.260516884316277,0.226741701371461,0.0954519030263167,0.259509417079835,0.0130689982414055,0.116884991354311,-0.0342749128911286,-0.175058781140624,-0.0166330015974268,-0.20661520571583,0.123155663984648,0.0801787820388429,-0.241934881684958,-0.010706137611782,-0.0260170304314827,0.0671594672057523,-0.0310188730659211,0.323119472069289,-0.0357215585462043,-0.20726557496446,-0.351663218876121,-0.318388922969138,-0.27370588086429,-0.106667051221076,-0.231236113944658,0.142452697349663,-0.215872000551167,0.309237615007933,0.21806985526073,0.0696940017947368,0.157793259233593,0.0648158653260156,-0.205419561356828,-0.198925908163018,0.015474295853639,-0.153359452508336,0.14229720037359,-0.0873121033520231,-0.338686461858615,-0.172579242307491,0.285203269338657,-0.135745500077778,-0.0969544385826432,-0.055529879019344,-0.0825447563206867,-0.280437015339119,-0.23567709858288,-0.0133258575690652,-0.216550482756861,-0.0505103838301189,0.109347125421596,0.0196033766999715,-0.0183280721142895,-0.255570645956639,0.0571793942053125,0.153704376561627,0.239354935899819,-0.286615119797248,-0.0946649411129899,-0.270879858873682,0.174158261732849,0.292987696870082,0.0091366496945817,-0.200858567916648,0.293083990951207,-0.0600704252606361,-0.244049097217431,0.15040886427255,0.140373880815796,-0.158188543813851,-0.154280861593068,0.135144720867725,0.133152617767984,0.16061763412412,-0.0452886685270768,0.186433184749379,-0.300301781173529,-0.0160845730125291,-0.114080828683961,-0.215205336345592,0.241122955011994,0.0193949865937725,0.241685494656776,-0.00722591758524364,0.084312232578003,-0.0635966771847623,-0.0448138324531545,0.306398095948021,-0.379684718700179,-0.369188168039769,-0.0363274736392524,-0.0757937584215194,-0.202501195495202,-0.0684956665006091,-0.253038774532903,-0.0595209706663422,-0.073325897825487,-0.0893388979265319,-0.0154194230077125,-0.134584381257774,0.0732618550759563,-0.246159083077284,-0.353165462115807,0.393008101946859
"伯母-侄子",-0.495190477597128,-0.229683091961381,-0.0224188657609715,0.0164165200460871,-0.0476848748081229,0.0265884188890504,0.309656391163055,-0.0103029589598474,-0.140743985574737,0.424332464707188,0.36050815202447,1,0.0647827577269789,0.26470265108907,0.321869115397869,0.1881289928913,-0.0374709075909094,-0.174587166373362,0.210202334328253,0.150911648240201,0.191174632504435,-0.0608923243172514,-0.0410699823010193,0.313330066314744,0.0735538398837536,-0.137141068925076,0.254720802956539,-0.160480076128672,-0.117778999241825,0.0424799194669465,-0.334960787535144,0.0485000289623968,0.180586100660004,0.195625321615934,0.137430176657765,0.205290513843717,0.368369041366256,0.199465405509143,0.174779110114231,-0.214450599419505,-0.0209605546825746,-0.121266316169332,-0.025709842844854,0.0138543875976798,0.312268519710416,0.300674535310761,-0.142955510589431,0.317149232026235,-0.0970319181466668,-0.0779990973243872,0.128531814447633,-0.0495942064295615,0.0812360000035387,0.265054521592056,0.174591437401948,0.138584827713825,0.25297602225639,0.199053921096613,-0.0648652449448628,-0.0583961598049508,-0.0200851015181241,-0.23814171964867,-0.316092406476353,-0.371095798089433,0.234163196854325,-0.263773362215421,0.168514799561638,-0.00852961093224426,0.0485945665623041,-0.0822264776152655,0.217311212324608,0.095274932999152,-0.268567985745648,0.265054788816432,-0.364858643506904,0.24396447331286,0.350299276358932,-0.416667357266781,-0.258734296874965,0.0872954570463316,0.195604452926411,-0.283405149420876,0.326997931305219,0.0133785949389194,-0.109348762304092,-0.236110770840107,-0.105256417174566,0.00610420465311035,0.0668187047410553,0.363150276893548,0.268365788024011,0.0818672697153515,0.0581524269736261,-0.0270503590793077,0.140676844878216,0.00409265711525251,-0.41468462020358,-0.0628637761624641,-0.319547922529702,-0.0175294495698134,0.0861111675541568,-0.0345882880469284,-0.167678863139956,0.222775943027623,0.198782665262667,0.0135215419266016,0.122266484875931,-0.173160921798386,-0.0973208977319607,-0.085779757896718,-0.00991272366159211,-0.00720068590892709,-0.0518604280033162,-0.187963287152847,-0.080218384527485,-0.428865161526207,-0.00559430429023211,0.251223318636457,-0.372395126107712,0.410923740373168,0.309897874255742,-0.00630855567026247,-0.0749882041103904,0.0403744383532013,-0.0265231525898103,-0.135344351231867,0.184220215812277,-0.359360065414411,-0.389242335950161,0.0742232073210138,0.421366728116348,0.0271131519191399,-0.384228577126687,-0.408350890819864,-0.29174841581573,-0.346903474818131,-0.360032627463175,-0.176924233542933,-0.187108651644311,0.0856965448777842,-0.284826782945804,-0.0834575718421523,0.0541628523567326
"曾祖父-曾孙女",-0.23936390939419,-0.211955343636834,0.287617530206655,0.393759434862673,0.508544930707848,0.19899592268933,0.269784954355587,-0.264507554390754,-0.201522794152487,0.296647133903349,0.289295909871488,0.0647827577269789,1,0.475682404863032,0.527668639903068,0.635114526384091,0.395474315303091,0.188252690542585,0.103450289096307,0.0687384529462728,0.109707945537227,-0.0789131218000603,0.0190959012253581,0.0409482763869673,0.0293845729207928,-0.172601207261392,0.297274957824914,-0.0551761603833046,0.348364922078786,0.434802910787887,-0.273383497697613,0.117893173993626,0.218244408333312,0.0537187896517318,-0.182274517960133,0.155688830955879,-0.0589230282683231,0.415754143341788,0.449033685566371,-0.242109520473361,0.280055306612114,0.238675693247041,0.325328043291561,0.192688153382224,0.0857022634723033,-0.0945461146100816,-0.21731439861905,-0.248703247431922,-0.2639074635401,0.179810386621457,-0.0904950710655509,0.0897468108924425,-0.00862958257718846,0.0400036361316398,0.109786444171016,0.0385251460907005,0.351737859230642,0.0829936670376132,-0.212578575774141,-0.364156664901454,-0.223930096173531,-0.410744442326144,-0.153896199194497,-0.119187786745451,-0.0174048212773919,-0.194325108969384,0.337077313991054,0.251844190610085,0.437988349964273,0.231586229689332,-0.0588395868919874,-0.477402260469353,-0.273703867768342,-0.134508419419933,-0.248137675203481,-0.0854427994921668,-0.154118634533018,-0.405338257902078,-0.304238613170472,0.245172546324514,0.276804900744788,-0.0890668366198208,-0.0756629727537184,-0.0698774290019387,-0.262861934871395,-0.363120588837444,-0.226271946569032,-0.436993827158309,-0.134285012558835,-0.0182066121584469,0.00236930920463631,-0.206790916531917,-0.110363970597628,0.0200543245378918,0.151814434834563,-0.143074855489134,-0.423537175993099,-0.34065847721292,-0.367049975549165,0.197676663581662,0.503391990147741,-0.329211089115067,-0.261968824020183,0.60721842323354,0.355438376812279,-0.0866278172471498,-0.140258976497428,0.0604728914730065,-0.257295398156064,-0.313850276028873,0.186068962215586,0.262471899208841,0.329497347983472,0.173856078053279,0.226553961593368,-0.161074216231731,0.0519074658666402,-0.155319832122128,-0.257691709501266,0.0101542766998847,-0.0529588311864611,0.128506882529693,0.173738641139909,0.141254181158308,0.231911839335558,-0.327373315081146,0.204542191701453,-0.202221566696564,-0.199524566647624,-0.0257894523468364,0.0775459302817055,-0.250134138564659,0.0764184983557159,-0.157538457596281,-0.060107059456167,-0.103868612045978,-0.181597548430343,-0.227457177126676,-0.255626255158395,0.146108948602924,-0.285255008651988,-0.172647879246164,0.321978119401727
"曾祖父-曾孙子",-0.270334390014781,-0.343298305042944,0.138828413984803,0.130359523829028,0.199020764151138,-0.0148197035812494,0.189200182040114,-0.141098797345283,-0.194356782770733,0.587256784513046,0.18525723351361,0.26470265108907,0.475682404863032,1,0.635895613897992,0.562060750608976,0.193157091271619,0.289920354824128,0.312430028710038,0.24418629057989,0.325087340325468,-0.0420672500547043,0.0444910235361731,0.272905992637551,0.0369033501562342,-0.181178379094525,0.397654960669476,-0.152567271867766,0.136496849116236,0.0942071982883136,-0.304475155501209,0.174065701573631,0.0665364877360441,0.0405074858174417,0.249153563584271,0.0664509909908173,0.515443943343709,0.575083367326347,0.381184212672398,-0.25497444302843,0.159750440027865,0.0267231322559505,-0.128249491827323,0.171634760322717,0.188790087400556,0.0368706775011904,-0.277313241751642,-0.0189927801331527,-0.228222199596838,0.0920754460664531,-0.0240657896752396,0.162070290692501,0.0264264228204496,0.210651958258152,0.0158906216578568,0.122406192354572,0.195025358415347,0.066623801511574,0.067512675176025,-0.262640297156114,-0.0869603177157009,-0.345670756887624,-0.36323511211448,-0.188825762873236,0.084931634119466,-0.198442625482353,0.189484356706732,-0.00217667445502133,0.114231746485263,0.148048059535681,-0.155845442552843,-0.254977351608173,-0.355814046464793,0.242638200798584,-0.3614886793983,-0.140975073927248,0.208860335177316,-0.505498405635164,-0.385046376019617,0.0112514530174597,0.369800219134087,-0.385772065815015,0.0765144213384683,0.112747015559206,-0.383378497859507,-0.264489107612515,-0.264807907798846,-0.280156174823022,-0.0818733706485496,0.131899179883226,0.0110167942311208,0.0466397852001243,0.22231926206747,-0.0769784282274714,0.0594593440853977,0.00648119481016143,-0.470639888015397,-0.0932678474146564,-0.342038351833574,0.379091345422876,0.260793538603325,-0.240257335386822,-0.32284356625184,0.241518099618583,0.467617827866772,0.0677772461694438,-0.0638610712591018,-0.0819765621440256,-0.213912810534139,-0.152574869131217,-0.119900266706537,0.210390187398378,-0.00263927789525216,-0.186333980763625,-0.105253479875646,-0.365047050753049,0.0616859168523262,-0.0979684760921493,-0.430415850366415,-0.0142471498548692,-0.0199625541903974,-0.0541147400837457,0.0805427009967552,0.184019759932141,0.0840938486645784,-0.309844619270207,0.249055295876884,-0.297416114939626,-0.460578038089108,0.277069576242967,0.219108240863217,-0.0865456543163019,-0.135312957054158,-0.339997293591507,-0.0174162476559845,-0.123625224339599,-0.197078599181101,-0.28648275765353,-0.214643881228547,0.497200780769604,-0.244254892231618,-0.0686847417838658,0.50997374688952
"曾祖母-曾孙女",-0.29807373527792,-0.290152499998626,0.171276804909554,0.0489003183332704,0.0371907515250396,0.03983061706289,0.158101102660407,-0.146170597017127,-0.0694354330623246,0.257441857951909,0.358376743606325,0.321869115397869,0.527668639903068,0.635895613897992,1,0.588545268125053,0.123979327488349,0.153742623509317,0.2877702065034,0.119273970372305,0.226194662325171,-0.0210243431542032,0.0692805306125586,0.12263467860077,-0.0040753221322538,-0.0206306209505884,0.324125609328923,-0.0367369108470827,-0.0229717006038725,0.0483649997785926,-0.369203185423764,0.117889252535007,0.120783696443878,-0.0516476043425757,0.0340572938377265,-0.0649752043467137,0.18354349397961,0.586341409004439,0.304124006972523,-0.226161265952774,0.114289304408546,0.0411703118078528,-0.00233416185797388,0.0903690766274901,0.161392602847546,0.0228013102027617,-0.299577886939372,-0.0349120937823743,-0.157597128726803,-0.0194869407971948,-0.167743658428489,0.0225491014028562,0.0465354785238447,0.163923105259928,0.0909881583891061,0.147112077454397,0.338479960755955,0.17050897586047,-0.0953762361590902,-0.21417309050375,-0.0374780527391077,-0.384392276094935,-0.20043388358011,-0.0444245240241707,0.296601302834714,-0.0142070648005711,0.347598580038644,-0.0747854343368385,0.286175927576817,0.140330132077299,-0.0657019329118601,-0.146836375501335,-0.257561875610691,0.024414839034536,-0.0872094394037058,-0.029828479981895,0.155382410094337,-0.448445537728279,-0.303302620444919,0.133758508863462,0.176433113381857,-0.220414862708348,-0.00731047857529724,-0.0332661389026795,-0.327212367905415,-0.224994358643202,-0.176679625503973,-0.264396677054214,-0.184407377387466,0.103660317906416,0.0588515321834119,-0.00156780776436219,0.0612166705938678,-0.127053274894566,-0.0550181637637238,-0.185368304027553,-0.453918799782338,-0.0113977356231971,-0.226350223979482,0.393028176641968,0.45520399257324,-0.128949498002487,-0.271878480453614,0.326883173131364,0.295410883522611,-0.0425139451003288,-0.130707077447136,-0.0638803970505322,-0.249716738149001,-0.00475858811447544,-0.0821815042775932,0.249773300990609,0.0397849265687229,-0.200429292863991,-0.096473010955561,-0.329927196062401,-0.0544512070712936,-0.107646394500253,-0.20135330761702,0.0633824645866169,0.103397653077134,-0.0991235514491945,-0.0690227294808752,0.0964721202429478,-0.0456183351149317,-0.181471190504777,0.144276797683576,-0.199992741325396,-0.407236359592392,0.0823309553366154,0.150834235107685,-0.278501227882039,-0.259739017639806,-0.275031275886944,0.0952011197866168,0.00414486892266583,-0.169509731588153,-0.198560704249216,-0.263165727537388,0.351421926922197,-0.246303923473594,-0.109975789491212,0.437740382547042
"曾祖母-曾孙子",-0.365130266741355,-0.545562326315903,0.366333032504322,0.257196022811656,0.434734690766713,0.353466259567582,0.372545883821605,-0.362753625297477,-0.181676978234854,0.301124278719678,0.290610604088548,0.1881289928913,0.635114526384091,0.562060750608976,0.588545268125053,1,0.379975392251765,0.12154139886917,0.326114457714003,0.284122316341456,0.217861676469332,-0.239326767697588,-0.173710832422513,0.204808595339027,0.208871115490843,-0.294336904664861,0.411692797160125,-0.0896991682932326,0.322684037777356,0.333808687401823,-0.323210322306111,0.031910865255922,0.195741966375815,0.261643086379761,-0.0902444524599317,0.0372526352994264,0.00116223532658386,0.480711039725424,0.540640901665744,-0.484878770739341,0.347736288704957,0.0972476261075075,0.323344362557665,0.464478930063984,0.183700621216146,0.129044801422188,-0.318580981656573,0.016017961936722,-0.43179452402187,0.0956148150812665,-0.222346493111894,-0.0200700034619118,0.176929898330122,0.00864494454942592,0.15486921759459,0.114950164814568,0.422184789693745,0.237508852824515,-0.209903797497034,-0.386575389887317,-0.282607591669234,-0.386890920061009,-0.405368757653969,-0.154510694176162,0.312040682944006,-0.118712683105827,0.459660652349789,0.200355799664263,0.314660933995231,0.41877131877576,0.114711355096185,-0.488937906924303,-0.281276324501887,0.115197898528405,-0.342764000036512,0.0880025405676112,0.10960374926972,-0.537279920914331,-0.263183599909519,0.181316344297594,0.209703191927348,-0.231381834075275,-0.116493398945172,0.0496181641761242,-0.365463677945976,-0.374429933234591,-0.309303364636224,-0.44821554911888,-0.330723811948621,0.105851634431876,0.168080977359708,-0.400630274792954,-0.151905122095233,-0.16519882158817,0.00977678799380791,-0.0837787130061332,-0.511994136969968,-0.401329302311042,-0.328086078843928,0.334196718549099,0.596190410867924,-0.499137738088264,-0.327770402185005,0.594733540227352,0.462491867532448,-0.0688729091557396,-0.277409619823495,0.154657768975272,-0.316048438386385,-0.337814623232118,0.22089059058487,0.347906861538432,0.313403979212599,-0.001640685599048,0.174795502927429,-0.297096973135843,0.097459490898745,-0.195546130042325,-0.241923806003811,0.149359685032308,0.047609632271112,0.261188703323945,0.133032345068865,0.300666034545941,0.168966265927317,-0.452383918332631,0.132006274609062,-0.399679490536549,-0.437422549579608,0.125829892501856,0.107498672166958,-0.209011152962626,0.155951507622669,-0.305115900594375,-0.245527253543651,-0.19472667322826,-0.355093498822291,-0.414514752864231,-0.260461614045794,0.34876619486792,-0.375405872534376,-0.131289816350342,0.625305834970832
"从祖父-从孙女",-0.127777164656601,-0.141779005507635,0.387646454076044,0.362607339034636,0.545034195302158,0.331647481308454,0.19581048277308,-0.269481348905145,-0.187964837698316,0.0599019525751473,0.376495970338669,-0.0374709075909094,0.395474315303091,0.193157091271619,0.123979327488349,0.379975392251765,1,0.532154916725164,0.113929802010919,0.135562831674382,0.0228589244923373,-0.094157911441746,-0.054021280567243,0.0160813102542813,0.108064511946231,-0.291301590674596,0.170989228142702,0.101396185994339,0.386079988085991,0.526447063567372,-0.0921065597981858,0.224205422789457,0.0264804951691713,0.0719609003522955,-0.211177066426419,0.46540738416262,0.00715972841352404,0.256365356615814,0.256138632964973,-0.118531543625919,0.387272498267184,0.383527239299044,0.407185065528232,0.196887236929232,-0.125567625987221,-0.256344624335756,-0.0431543382163184,-0.267973737357575,-0.328554305095297,0.388864533997588,-0.132049499794725,-0.166415611508585,0.0248600180571892,-0.271290259188112,0.0649787123621614,-0.0913525159975849,0.0210140708054953,-0.0313753136844295,-0.129144196521657,-0.482254201425865,-0.414336422611326,-0.228045241999783,-0.163128608918907,-0.0535593033199144,-0.0222045261891263,-0.0761705234377252,0.179012687946001,0.392594145886495,0.185243955295114,0.330198242849486,-0.0990625157311277,-0.409718674024089,-0.13825395632043,-0.234254108605104,-0.223931003343407,-0.0898685312161816,-0.296011202455822,-0.106208208088759,-0.199127685991291,0.417668637441202,0.0943676218101915,0.0428666272643458,-0.0604169491468207,-0.087443135170469,-0.42868248557458,-0.40650693363316,-0.371011679337863,-0.433436877378819,-0.178416173145968,-0.00370294640951034,-0.0222956524360703,-0.146866482793829,-0.185782182608983,0.0911174759194089,0.212384401826583,0.186837880522316,-0.0770005407079679,-0.323754249628479,-0.317646937892036,0.207440753649244,0.287992608214981,-0.323253404513276,-0.331812998209937,0.347890138025256,-0.00957681442244047,-0.20276140680313,-0.0331015455578074,0.363175625750973,-0.323884514862085,-0.400348256289865,0.227308958436156,0.160333388467148,0.336201919640458,0.333695651151547,0.513757619643563,-0.159043258232877,-0.0376631685744951,-0.24968390087438,-0.118901268504042,-0.0262374717764916,-0.128474553523163,0.236371261054416,0.183393328384499,0.0391647638402797,0.145973551109925,-0.109797366649943,0.369201394021684,-0.0857995787192641,-0.0895676453586896,-0.054761415580636,-0.157607573878869,-0.108631857385879,0.409819031975363,-0.218841666087434,-0.0585589733253223,-0.0911636855290428,-0.148213832728839,-0.0947907924773995,-0.314783681472527,0.0768373028014808,-0.374130359923953,-0.327934370717497,0.404058581753344
"从祖父-从孙子",0.10393284881027,0.111825222415131,0.180016376839331,-0.0429039813520031,0.0864422983356814,0.0344833324963004,-0.101619029196548,-0.195049326841513,-0.168692595377074,0.153408021910016,0.109115505090162,-0.174587166373362,0.188252690542585,0.289920354824128,0.153742623509317,0.12154139886917,0.532154916725164,1,0.236787368867624,0.103227937770097,0.256855521285339,0.0812075974928837,0.161458071438137,-0.16900296176839,-0.0898175464213668,0.0125157633166344,-0.0894985741794302,0.079835710233263,0.0676770963975105,0.158395958141392,-0.123336129215357,0.120163070499592,-0.224319095043963,-0.109255454262153,-0.0946344753024943,0.150676642696287,0.09850301477288,0.255765835885951,0.132171950576494,-0.0432679067508646,0.177242809317655,0.284805984675955,0.0421828590935308,-0.0251390371966236,-0.125585342647911,-0.238524083079461,0.0473371459206071,-0.163186592202901,0.0330694224050051,0.258451287423923,-0.181680443375534,-0.0698990068092406,-0.112231116907609,-0.246098912368635,-0.0753968450564588,-0.0199219356272822,-0.195797371131261,0.00631314410763179,0.196022981109035,-0.283425950031577,-0.285102500571636,-0.229584914199484,-0.109490500199157,-0.00638350766307269,-0.118195188160289,0.00884749623125215,0.147743444350205,0.155380348343159,0.0907753147840009,0.139248953686151,-0.154931165232973,-0.164292176874353,-0.127053241096188,-0.149403419774981,0.0772793944254152,-0.0589408340068949,-0.160030649240062,0.0390641325838235,-0.166892073576537,0.142520966319447,-0.0951260634426439,-0.0625206222542707,-0.14960848630463,-0.0698025397114875,-0.356032963773294,-0.117185592194678,-0.215108902397432,-0.290258836370435,-0.185938199535169,-0.0396839139715523,-0.197038616471688,0.244605642532656,0.0707738014442295,0.0815772390444925,0.100976158809964,-0.00414550865155408,0.0692336438701713,0.0895189083606291,-0.0417138243529309,0.47976322092256,0.222794461064865,-0.151799536523099,-0.215559571093012,0.0983431625960298,0.0584908253927254,-0.171333660922479,-0.102373320822583,0.142586384186018,-0.251013151458617,-0.278416745460223,-0.11532438487772,-0.0596192658554211,0.185896942346245,0.265034939028793,0.255225037780735,-0.0687710746424558,0.0813405337186601,-0.0148064505843438,0.0323871936632835,-0.171380258802635,-0.0547657544992935,-0.0989094851484956,0.0403047956695579,-0.136953817773139,-0.0493966433865747,0.000923686645198182,0.220171680629774,0.051519535067362,-0.0410679113820495,0.115342788364214,-0.0751306498505307,-0.215547689907115,0.234277212337724,-0.124306828581176,0.256127104747476,0.207938885436253,0.0235127336272994,0.0791072770735387,-0.211786453290087,-0.0449749338874595,-0.28011885564297,-0.269092781612445,0.106062682583517
"从祖姑-从侄孙",-0.0986655081290239,-0.443285683420805,0.143248238711194,-0.0872023302215486,0.16416356298403,0.349850352297163,0.382147353955076,-0.327836019010878,-0.198950522003118,0.300818639321889,0.175756576763449,0.210202334328253,0.103450289096307,0.312430028710038,0.2877702065034,0.326114457714003,0.113929802010919,0.236787368867624,1,0.628758385908026,0.782506729301962,-0.490716562737299,-0.306384446004356,0.0492222625502828,0.0551029827741102,-0.326231176232551,0.0522029824325828,-0.400970930859336,0.104716024355615,-0.0234104577752291,-0.31173431939678,-0.228751586960475,0.151378160783527,0.307771655977247,-0.0193795974841186,-0.0255078264966646,-0.120438071911642,0.269073735211263,0.0874646566923566,-0.482508233905292,-0.0190356535027661,-0.378095027898468,0.0198466834588531,0.324150626483127,0.395986563906242,0.404268938585437,-0.491594413559544,0.461205833044893,-0.153028907405987,-0.316971406054545,0.0463215888053959,-0.0937634261446583,0.352938212119407,-0.0648956687418581,0.440556230555456,0.442966948952838,0.38921524093074,0.471781111989073,0.00273496230336615,-0.30594945059171,-0.0585818895952927,-0.350655041769019,-0.233832573787101,-0.0602695334775594,0.545435096365894,-0.199875409815734,0.0525717129787425,-0.00899102802051865,0.258284417085837,0.290725765666562,0.328187759849554,-0.184504545686241,-0.431382847683294,0.342842012638197,-0.344251775275721,0.403330677113717,0.44613731177262,-0.43221516304556,-0.44108465175639,-0.123945991470118,-0.118702846267928,-0.45978415338053,0.111895726540876,0.459132541338128,-0.256372720893894,-0.268345997130287,-0.225296239563724,-0.259616219252787,-0.384984328085503,0.243080019625278,0.138732721242212,-0.191914914727331,-0.06625223611129,-0.23919776097146,-0.115371375275272,0.00987607448055904,-0.361677820959682,-0.128992736514626,-0.263183159408583,0.234709812072699,0.386327131661961,-0.33568748112214,-0.242248887673875,0.293182552774052,0.308634242062209,-0.145427714086309,-0.0928316737879688,-0.240648613335712,-0.229300548033386,-0.321280709460497,0.0277317587334595,0.0798267422686592,-0.00662069524868574,-0.299754671741639,0.0944412267603504,-0.391878062853354,0.206389093485901,0.262871931006331,-0.22867608565926,0.413364418267996,0.322617012521331,0.232708681255292,0.102914535672728,0.392690367368638,0.137678004780756,-0.381602389299274,0.173399652973209,-0.21367329451459,-0.318012494701401,0.596875822856204,0.345902165740096,-0.101262384024826,-0.191694042049268,-0.36672836596298,-0.312758106731437,-0.0679577456162622,-0.477785806677396,-0.294386173159896,-0.25482580351346,-0.0143124018012724,-0.354896209419188,-0.293538556035674,0.206861928689538
"从祖母-从孙女",-0.254491254081223,-0.622819674861237,0.277551193747293,-0.0127549670578918,0.205081458389465,0.415872656742353,0.454973222487176,-0.439516151290334,-0.268755369307881,0.235038040392124,0.154623883841241,0.150911648240201,0.0687384529462728,0.24418629057989,0.119273970372305,0.284122316341456,0.135562831674382,0.103227937770097,0.628758385908026,1,0.645995889448051,-0.63369813734904,-0.404464715897589,0.174024888192421,0.369905321008119,-0.5447627204971,-0.0896078712614764,-0.388184731288163,0.0252721943706213,-0.0926813823618053,-0.323658528076314,-0.303841827226052,0.427313741753694,0.473388202727314,0.0288442975533558,-0.00539797420351555,-0.220043175892552,0.197022855987072,0.0602965779882045,-0.527615721776348,-0.204581628204988,-0.51372672891708,0.161596960379481,0.37304131716296,0.567859672169449,0.379661429418185,-0.667495825497885,0.661437913226174,-0.474421293494923,-0.312851750685865,0.238883306145188,-0.0512569252155621,0.607875824055909,-0.0727489281245631,0.532823981534063,0.497309326153987,0.502041902229971,0.505175208650865,-0.129309226650188,-0.231578101705578,-0.0852590846328611,-0.245203704785381,-0.356105164779523,-0.170309191204682,0.507444586825776,-0.249395200941549,0.108197644705794,0.00155167757490589,0.0721972646301143,0.195278241447786,0.505248736617462,-0.343918158276512,-0.507758142517598,0.262846474339611,-0.499105580904505,0.62140389932306,0.488517666383638,-0.52290372072317,-0.475519306604507,-0.0579160738002246,-0.0701468967081538,-0.525355496157044,0.00464415439272004,0.474572633883295,-0.313461697387463,-0.29267705646602,-0.164898759853914,-0.38046504493497,-0.472153981299919,0.310947963294689,0.268739421967413,-0.328903500587163,-0.147452553801682,-0.168504975125536,0.0745771995739404,0.15821406696944,-0.48076537901747,-0.415438179175349,-0.23405284279671,-0.0589092377413601,0.237473622243657,-0.327854204080338,-0.230774578603361,0.292371157145074,0.13181356503603,0.00585533564432218,0.0942539646027051,-0.198006103890776,-0.134337762125676,-0.147295642165869,0.273601123862705,0.289535013186099,0.0213264187421452,-0.371206085513849,0.152280249916888,-0.534459828145154,0.466304936681719,0.271371504111428,-0.414648948643317,0.559946748700983,0.29619171833537,0.472581852613686,0.302255542756644,0.599038643376966,0.310499959949837,-0.469638358730565,0.256261293694002,-0.386811652910491,-0.428213629747257,0.577723445001688,0.47472699540281,0.103173246226437,-0.0689711542952122,-0.452400370672763,-0.378675801268316,-0.191004850716124,-0.416410354447682,-0.37569211202746,-0.240558158260592,0.26256065016585,-0.27503682397824,-0.304207413831458,0.271995806482116
"从祖母-从孙子",-0.220668306894335,-0.422429848486206,0.246393485468323,-0.0945836324326718,0.115492183713744,0.26630036733744,0.430876518863853,-0.41004593066639,-0.324193868537756,0.330574579608271,0.0942858323491655,0.191174632504435,0.109707945537227,0.325087340325468,0.226194662325171,0.217861676469332,0.0228589244923373,0.256855521285339,0.782506729301962,0.645995889448051,1,-0.496724266648014,-0.237146713387502,0.168616423991772,0.232650333734389,-0.345123208497278,0.154581725410585,-0.284815191938249,0.0974525153698727,-0.100493278145657,-0.345520991380398,-0.267364336734075,0.313722599594786,0.439920147937752,0.000892176076398719,-0.102233286171968,-0.0744117755998922,0.189630704497073,0.0745379406066456,-0.481491459797655,-0.124957958875586,-0.402899014966562,-0.000903057720908169,0.232030919299703,0.462884910467103,0.407886294829749,-0.49259648655112,0.543895359073015,-0.256698197125923,-0.328293200968566,0.0455043026395886,0.0798994057262359,0.280124565951318,0.0851275521729592,0.409374331815903,0.464711156925743,0.353120425187752,0.467086718039944,0.070077230793688,-0.247926538158364,-0.10776888639745,-0.457886622493735,-0.303167012896509,-0.179587932201308,0.533740344740362,-0.234109303997486,0.0587554265766838,-0.00152889389570506,0.277988733545529,0.190908935353211,0.468800433974864,-0.189228043455563,-0.497555714619444,0.393648992344981,-0.392397688593856,0.532438895979339,0.572540218919674,-0.41315742837163,-0.388354651270064,-0.221248238107932,-0.14460479796653,-0.510850110579634,0.140025051810834,0.486400667000895,-0.297529329743345,-0.218308715184059,-0.270341960897752,-0.337669682772573,-0.277077600270245,0.45124665893759,0.246446458565502,-0.108450233086262,0.0148560506638002,-0.18991219007463,-0.0813197558192355,-0.0627568779963721,-0.371215657241544,-0.0946566483294139,-0.306482756719284,0.194331374907943,0.309807834171925,-0.31610630176094,-0.301108153557654,0.220393751128657,0.258468626883349,-0.0523379577828672,-0.00406907840336858,-0.230301961460413,-0.348003877059329,-0.344880723865834,0.00215887809753021,0.144549214114222,-0.0278506922765305,-0.337547089403321,-0.0181047465975125,-0.425846802309372,0.313144807577968,0.376995255401522,-0.42148980905573,0.447874243217812,0.403804483176334,0.158909111754283,0.144159625909587,0.372113571181614,0.172065448927162,-0.354303744083237,0.222703935521854,-0.333065379154162,-0.347745077474442,0.632459398659275,0.402726404716577,-0.126634115267628,-0.190302160949673,-0.397334304327749,-0.322757994079615,-0.0650053551392304,-0.394883157463586,-0.392135114768443,-0.274137398644982,-0.0290274870875973,-0.39825495454174,-0.323949197062856,0.162805578394154
"兄-弟",0.148560756798177,0.547230768921038,-0.331752478247146,-0.078654667666984,-0.367155774552749,-0.503575453111603,-0.396571997990894,0.486894504201121,0.272343314116283,-0.172979735426181,-0.0530020078951925,-0.0608923243172514,-0.0789131218000603,-0.0420672500547043,-0.0210243431542032,-0.239326767697588,-0.094157911441746,0.0812075974928837,-0.490716562737299,-0.63369813734904,-0.496724266648014,1,0.769355480339047,-0.0487070084625587,-0.267175936411664,0.609485364210876,0.12227995327058,0.575936541844593,-0.00365250826335886,0.00784715691804392,0.222332268522682,0.247026950734685,-0.367327521254414,-0.4473110933367,0.113819919640332,-0.0804876827387434,0.261044628353727,-0.0173265100292829,-0.000995038934114538,0.529327928404696,0.0112114178448964,0.375823495760385,-0.300597116740121,-0.396202936942903,-0.46691304255505,-0.422035106376877,0.533951041412936,-0.474207364166355,0.459097880337074,0.117665507963953,-0.209278939555398,0.00829778454672847,-0.503507854784345,-0.0461174048689412,-0.588838985244815,-0.512484220651997,-0.46053575246845,-0.465263354369388,0.208603480487535,0.348924836952133,0.100468890889811,0.262451484354533,0.238840200349596,0.135462557445657,-0.518685057588117,0.358978172071373,-0.078173067943386,-0.142635289951852,-0.247212665856942,-0.322518301068256,-0.582269514278247,0.360000476533014,0.390756159077797,-0.274669458157499,0.423234389195394,-0.594997369503421,-0.453327658066173,0.47862534822414,0.338321561588702,-0.0738489533728015,0.0196108993028215,0.353731761484967,-0.0538837631107573,-0.460048660973179,0.13335830992481,0.325840064078597,0.223618557700417,0.368461676561125,0.450212245844983,-0.206065317182131,-0.30073998950431,0.58286390908354,0.17010025910963,0.128674079096347,-0.183253057873739,-0.251404476717854,0.306203006987098,0.489733683111258,0.15048514369912,0.0274487328278961,-0.332593707746033,0.373936318666509,0.282569392805202,-0.285155361714596,-0.170709023371747,-0.0327960067208482,-0.057274133263737,0.0876209768050029,0.117217733119777,0.263714338611111,-0.366996100910393,-0.270214990252439,-0.227724192670952,0.0786812791054066,-0.278981013168148,0.319323005145939,-0.403246915278863,-0.333177378817041,0.264355851083612,-0.557879405656344,-0.373182510065243,-0.518410408310126,-0.306338958184756,-0.557641437963976,-0.495870572555601,0.444491800486076,-0.0605178933088257,0.243280017036396,0.25616762203787,-0.4454368047438,-0.428537980945924,-0.131558785923295,-0.0994951299029973,0.264928383632194,0.679676553750256,0.306469379108458,0.52357361300207,0.419883365590394,0.175628684745758,-0.137215039821279,0.286010984288578,0.229224161688531,-0.139121757048854
"同父异母兄-同父异母弟",0.108267013779756,0.535349179295407,-0.270940811779725,-0.116572303459228,-0.251754341788934,-0.355937539392206,-0.201542311045058,0.349715147463142,0.215963858918049,-0.128596751158469,0.0363397722358032,-0.0410699823010193,0.0190959012253581,0.0444910235361731,0.0692805306125586,-0.173710832422513,-0.054021280567243,0.161458071438137,-0.306384446004356,-0.404464715897589,-0.237146713387502,0.769355480339047,1,-0.116646489629575,-0.141859969632071,0.487530273495525,0.0829182345413459,0.56694117624414,0.0481803981281139,0.0305839181668961,0.12457546879066,0.0210197295703639,-0.295629171882764,-0.399399225440584,-0.0908894968792417,-0.105864725691368,0.063366523944258,0.13002307307768,0.0564982681163673,0.4029684594927,-0.0457081226061068,0.318207473500604,-0.269288530342582,-0.467997536021486,-0.244342908436144,-0.343706997426842,0.372281056446573,-0.257948167604107,0.506835210939359,-0.0132800280043961,-0.233477345206842,0.00304961343078459,-0.313821602953868,-0.0156955748009584,-0.41561897731134,-0.40654362476233,-0.279344529542178,-0.403883303429749,0.244788295769333,0.17573745992269,0.0681148053257241,0.130950800060625,0.252152595011521,0.0839136851103197,-0.475132624160409,0.344653947927675,-0.0338072157295045,-0.118115774575583,-0.160174679348084,-0.283364560203307,-0.450760589013314,0.256814240053261,0.268266969575074,-0.247136404140945,0.368018976444077,-0.40182559827157,-0.297661360697411,0.325005845476281,0.262213793424732,-0.158346511731811,-0.056027139433303,0.242355781914092,-0.185517546226861,-0.485113046798079,0.111817426323549,0.180520987394333,0.30815980957992,0.232648538200195,0.327612298057258,-0.0499194880285695,-0.252143903427569,0.621311770312073,0.0205630989850108,-0.0266519361507909,-0.237439630039309,-0.345206943731471,0.24664791321304,0.437873755697889,-0.0101040474131171,0.0764165242634625,-0.195835464492355,0.364800827515379,0.260506944174575,-0.106208247105413,-0.0972401674646987,-0.236505253315939,-0.0905480845311986,-0.0700579562155807,0.0239008639282477,0.115936854534244,-0.421557353518456,-0.286093587043377,-0.251148298094218,0.0137725771382117,-0.13898120911277,0.257508528216666,-0.259669755335605,-0.123718590421425,0.151004727493114,-0.277603968368842,-0.120452590046591,-0.515998386931908,-0.364120986321032,-0.60879522478365,-0.512240339115573,0.477094169754626,0.0557986337007801,0.18519613625274,0.200320281172525,-0.365294010713681,-0.328467573008133,-0.257408507014461,-0.121160491807673,0.181367916250504,0.591626410129338,0.234723572922704,0.443876478867462,0.272112974263184,0.155364113136367,-0.176727027910759,0.191625599751177,0.0796299453854753,-0.148173475898301
"母亲-亲生子女",-0.355124583194673,-0.314309926795745,0.139928938799067,0.208563129644571,0.108403286259723,0.00127462265124255,0.214688441246177,-0.235072017863987,-0.152408856387318,0.34261293043375,0.187936322335373,0.313330066314744,0.0409482763869673,0.272905992637551,0.12263467860077,0.204808595339027,0.0160813102542813,-0.16900296176839,0.0492222625502828,0.174024888192421,0.168616423991772,-0.0487070084625587,-0.116646489629575,1,0.375802286608701,-0.230862122971327,0.503823430103165,-0.0329981056050358,0.257846695279965,0.0438611812252006,-0.171140286456796,0.0862374979960377,0.44368369479463,0.380345335850395,0.492723957470075,-0.00269928942723812,0.293164591684326,0.109763237385158,0.194536597493448,-0.322765379006036,0.18800695216167,-0.0813297289619713,0.0509807819248937,0.246115834962748,0.0957128947741295,0.236297852990574,-0.280645429060288,0.23043153077503,-0.327623874257805,-0.00153058428201285,0.0828609332552617,0.0682490709474479,0.0648031609030388,0.160283512225527,0.145666793957408,0.162776343837131,0.0562955536675407,0.122820619937777,-0.207383578186481,-0.281013249442654,-0.0598313576992124,-0.280532390992864,-0.421606984854663,-0.162867867858791,0.22018816636103,-0.281030934052538,0.253039389786768,0.333420295246392,0.0309520683723969,0.0722548136673454,0.219540080276032,-0.285405674288499,-0.3101346470879,0.468746490977072,-0.364993706739415,0.235901089414825,0.321424827018777,-0.325106815437273,-0.278889046380254,0.0267940176901389,0.0962136128396867,-0.295493155916921,0.496159639379507,0.0912541082877395,-0.290509366915338,-0.303235785869595,-0.379356077807861,-0.180556844122433,-0.126759628079603,0.526561599721004,0.323670041353337,-0.259774869823799,-0.00669674522122995,-0.144751661704175,-0.111223567594534,0.116125681611104,-0.422128713077165,-0.365376654427513,-0.267730083192285,-0.0953141950205987,-0.000217346898445588,-0.247492202809672,-0.323755902443106,0.00572912685262104,0.0279670440819191,0.154799661336483,-0.0235471036429773,-0.050168791232572,-0.252485506809884,0.00706578947640512,0.125924541971334,0.380153290128098,-0.0480890362861081,-0.279217732261274,-0.0966108484974612,-0.32568446355104,0.193519504831003,0.137412336165717,-0.386326118306601,0.281985749048272,0.25485948267361,0.234106935212155,0.064708845800887,0.242213235689878,0.0580058094097499,-0.371582612641548,0.46941746339651,-0.438153557184023,-0.481704162146217,0.149420435911879,0.242434339427136,0.114084316117765,-0.0833560271557862,-0.370180768654024,-0.13809192552113,-0.346604932354222,-0.319777288450653,-0.428614071004099,-0.298425292033396,0.299055116576486,-0.215121914779498,-0.0618642042881087,0.407969190426688
"母亲-非亲生子女",-0.330099129507603,-0.339804155327942,0.291594191567213,0.223763766915119,0.293236564213289,0.2852002206871,0.415600064618423,-0.545040114600636,-0.422782459098771,0.0850793631956019,0.106463515469059,0.0735538398837536,0.0293845729207928,0.0369033501562342,-0.0040753221322538,0.208871115490843,0.108064511946231,-0.0898175464213668,0.0551029827741102,0.369905321008119,0.232650333734389,-0.267175936411664,-0.141859969632071,0.375802286608701,1,-0.424612432030385,0.313462220197406,0.191840917479606,0.387257294294579,0.132066893782949,-0.338683643385806,-0.0999418506070836,0.462902349340873,0.309450359865434,-0.0286871554453323,0.0290132110070532,-0.132358757915753,0.0105996965295948,0.12406454539698,-0.431118383911277,0.107717830405881,-0.0580022968094919,0.331815063038789,0.274412814155308,0.338301330297233,0.318064248217605,-0.339155422570016,0.440463565871141,-0.443949977008084,-0.176665093770615,0.0929375833967827,0.0672286154841124,0.371971140301369,0.0482850079991545,0.29837796484426,0.312347762433645,0.1684368763463,0.383089472424514,-0.0155913568113156,-0.131960550082656,-0.439473047867136,-0.223302765197498,-0.406141133714217,-0.2767350282156,0.38016047068611,-0.207008688031833,0.232915924614184,0.293893666826384,0.264682575893622,0.275257410552514,0.579784222540395,-0.342529596101007,-0.449868894904248,0.249336211928123,-0.381680212901599,0.54625782429949,0.397290346757963,-0.373681984214359,-0.269395385793941,0.132297082479327,0.000723629165708877,-0.389211882687621,0.0428100987324056,0.172561197382981,-0.347797453944816,-0.405825809898245,-0.385019693831621,-0.356342242751739,-0.39001834493863,0.623787574228058,0.491189476521515,-0.364545626835583,0.0552461675387053,0.0788301966418104,0.0975733254739262,0.124761451704277,-0.386641921113416,-0.397012434735774,-0.235625460956377,-0.112552834853314,0.161473628432023,-0.48128188044004,-0.394072152003064,0.21704727007142,-0.0173351559272462,0.00822909022904705,0.0989804236036037,0.0822609730482222,-0.282847643254457,-0.216685054380217,0.424340416778091,0.374437554067047,0.192986003431622,-0.0579874388196267,0.146375773556125,-0.265043959108248,0.275932550156202,0.367811448475536,-0.417697907882965,0.438391687868535,0.309200609893532,0.303494218936684,0.185360293684383,0.291285701703219,0.291202683734447,-0.395564550917756,0.237995266800865,-0.458914173337565,-0.403667677446129,0.237624446573506,0.101244250636665,-0.0424519346795863,0.058420889317532,-0.455936398564088,-0.280702057357082,-0.289703166506765,-0.317931732153589,-0.402482402734477,-0.320262268943804,0.0334311270749704,-0.454723973023199,-0.403687258268477,0.18848644414783
"同父异母兄-同父异母弟",0.296438448029751,0.435826400015729,-0.40595036695344,-0.382978637068347,-0.500339868111158,-0.522842110741637,-0.408737899706655,0.468932775729988,0.458148756052931,-0.18165564551119,-0.161699524471486,-0.137141068925076,-0.172601207261392,-0.181178379094525,-0.0206306209505884,-0.294336904664861,-0.291301590674596,0.0125157633166344,-0.326231176232551,-0.5447627204971,-0.345123208497278,0.609485364210876,0.487530273495525,-0.230862122971327,-0.424612432030385,1,-0.00590584904390255,0.365197247816873,-0.151472511959447,-0.16606651568678,0.384114070113097,0.100646499066699,-0.519950400522853,-0.411730541671493,0.126156832766029,-0.254623395495261,0.121941568470052,-0.204254233217988,-0.307083952229349,0.609069087902243,-0.21947258137832,0.0648201058631311,-0.409188045472971,-0.341763247395497,-0.534182598195096,-0.373514388975187,0.356582368040212,-0.39545352734739,0.527281962288998,-0.0607343236012912,-0.135149611726859,-0.118967773442022,-0.429131722796177,-0.145164336579005,-0.535502074795759,-0.437655152539754,-0.532732542076029,-0.502602440503678,0.180189230587355,0.467844726325673,0.313123131261401,0.221715420928916,0.45646615663314,0.401991414286919,-0.314784484576149,0.451328786708997,-0.131346748771971,-0.439845191239836,-0.294438405490335,-0.375653211757665,-0.480831228592544,0.491570449110477,0.490344128688185,-0.251169969669698,0.59106022782828,-0.497823985114112,-0.332193578654068,0.485034715761915,0.436884544401966,-0.250783345553559,-0.12520848376376,0.409090601296505,-0.0656653303004175,-0.37032992382553,0.364065662116136,0.593478828819317,0.322349789633417,0.445001852654021,0.328442423285139,-0.273662609401293,-0.37745299481351,0.562599140955942,0.105144603253539,-0.0301561473787274,-0.287387602964431,-0.38188350923883,0.419473150747398,0.48416518999678,0.381465133377683,-0.120047155554194,-0.361696238316204,0.395287391572333,0.354530911468298,-0.471180111808162,-0.316397042705261,0.137263134920099,-0.063696741412302,0.0703232314698186,0.252755616492528,0.390569275089878,-0.455400969414602,-0.280859509673503,-0.296826071893164,-0.0915137722848419,-0.327636390929958,0.321149546951922,-0.334621683132618,-0.252886433575163,0.481817397358866,-0.509836446975307,-0.260648374879868,-0.53130922363773,-0.379170931637576,-0.578554783405677,-0.5365066590074,0.40096298030877,-0.34548693604294,0.392923210150422,0.434464158075718,-0.214830920811828,-0.325336074325361,-0.191905823026753,-0.167655187889536,0.433685290343336,0.638221069732633,0.568103434720477,0.556649196223862,0.475536211353785,0.412343399898178,-0.156913781612779,0.47343224157474,0.396669207999352,-0.271440103515347
"同父异母兄-同父异母妹",-0.364437633986477,-0.300826592122883,0.177604376175612,0.334724226017404,0.273465662824649,0.00630434188962999,0.286901439742131,-0.308353704626589,-0.360429982290811,0.241250210111727,0.122030823650615,0.254720802956539,0.297274957824914,0.397654960669476,0.324125609328923,0.411692797160125,0.170989228142702,-0.0894985741794302,0.0522029824325828,-0.0896078712614764,0.154581725410585,0.12227995327058,0.0829182345413459,0.503823430103165,0.313462220197406,-0.00590584904390255,1,0.205439074301152,0.537656997262995,0.362139959689483,-0.312498923622605,0.258418516284983,0.23248944605108,0.186671422162648,0.221148300903106,0.182789370098488,0.355328471937197,0.287307685696296,0.245565297828149,-0.241972170850838,0.377720161355733,0.278433314033859,0.0482280099421629,0.245410663254903,-0.104527167402226,0.105144261545885,-0.144119484868862,-0.0581814060898182,-0.363170328764212,0.12246761108313,-0.0159499281117901,0.134351062067927,-0.0298634961191062,0.204518486935102,-0.0599630962874171,0.0370435770046776,0.0187979055635868,-0.0007438811014872,0.0943163298871217,-0.105754850203146,-0.265678444653802,-0.309007628194475,-0.358085417868283,-0.194772372220861,0.140062765788767,-0.144174177511847,0.2196244185103,0.139887553834125,0.329270006628474,0.25178835196766,0.013846870298269,-0.229505477766271,-0.328802505842984,0.255910999415771,-0.312600826373255,-0.0698664205079798,0.221161151535331,-0.34483789728635,-0.154995523144321,0.0596370848015465,0.286217921192712,-0.256127539959815,0.363863985842671,0.128304608899316,-0.320147897035249,-0.273421132368483,-0.463681395567291,-0.24200925080134,-0.0156987576454847,0.369656135613272,0.15293172135443,-0.129052234365092,0.13912554087901,0.0034730050587455,-0.138941070100926,-0.0888413729966552,-0.334452716916614,-0.204990590987865,-0.524342040471948,0.0733252228675935,0.0603171221410304,-0.430377041749734,-0.343582337011721,0.176273305677533,0.207149411239243,0.108472560280838,0.0555350506650252,0.209616076423552,-0.332637938350634,-0.172784724303975,0.0907344226839033,0.328143587222249,0.0773095158445284,-0.0154848577934419,0.00982182680901901,-0.148698376062255,-0.120583842078309,-0.0362292439589817,-0.372574790307008,0.0458442440687609,0.0787508773833031,0.00658216376423014,0.0631982922761112,-0.0109232286158464,-0.0511565437087136,-0.328176861397949,0.271140780418915,-0.459040615228063,-0.403389553849647,0.174754365300925,0.0250198219248142,-0.0776245558935982,0.0273559212254851,-0.393984387534397,-0.101371384265799,-0.247599840765783,-0.199845035361928,-0.371368005986812,-0.31063251783496,0.207259087472257,-0.348878567688359,-0.128376606117774,0.442718003645256
"同父异母子女-同父异母子女",-0.118892299803141,0.228455374032223,-0.0868622731349904,-0.0200040399922004,-0.226156332088346,-0.226785208668316,-0.0853665340054453,0.245302158714671,0.112916100576948,-0.302634600880372,0.119112902822155,-0.160480076128672,-0.0551761603833046,-0.152567271867766,-0.0367369108470827,-0.0896991682932326,0.101396185994339,0.079835710233263,-0.400970930859336,-0.388184731288163,-0.284815191938249,0.575936541844593,0.56694117624414,-0.0329981056050358,0.191840917479606,0.365197247816873,0.205439074301152,1,0.0998321939095844,0.0670583464463068,0.2040057366439,0.0805732605438376,-0.170222736352737,-0.168265090167412,-0.163474165193181,-0.0567622743868945,-0.0310882036388851,-0.112934303507186,-0.128782835151293,0.346892568481431,0.0220342026909547,0.33226288802098,-0.116146585951902,-0.316638999904055,-0.335482448146173,-0.303824962688192,0.297160785773901,-0.244257676688303,0.0445850587761603,0.149286726667424,-0.263960653613895,-0.0320264912018067,-0.223264435063082,-0.128249156379017,-0.392058390084454,-0.401177959649386,-0.293808966701179,-0.288079893307018,-0.00325658086088882,0.216881972013799,-0.201210480467175,0.14149913656735,0.186947015574755,0.0576329066997923,-0.178894751895111,0.337515675223612,0.0437461404504344,-0.0460701546590158,-0.194729221879378,-0.137197054258704,-0.235551408454635,0.163197421394784,0.174592649680347,-0.204514519885645,0.334692601131071,-0.229687013486203,-0.311475127282954,0.315264285654086,0.375000632341585,-0.00845655241218244,-0.0928722686446458,0.325911048938335,-0.114947132759523,-0.402758473991297,0.0474066873491977,0.171616470518502,0.081195600187194,0.0690432033785563,0.203153797515713,0.0894935255914368,-0.142314209979083,0.407734333685389,0.0379596782758374,0.190538046465535,-0.0198657786063301,-0.0537468586547935,0.176977810192797,0.236161543115985,0.0804900618725087,-0.12872739506591,-0.237634658170149,0.0965047449931671,0.109780347329461,-0.180362777645809,-0.279961407979804,-0.0219496201228256,-0.0793007872225266,0.304737088940607,-0.00235120430861075,0.0865387684549496,-0.0108657949523173,-0.027571070893926,-0.112621843964275,0.153327332393821,-0.082652071614359,0.256194308456995,-0.18576880684179,-0.228278110844508,0.120017863007336,-0.243117289605253,-0.296058741828934,-0.244698589944386,-0.112820739375985,-0.36626981613847,-0.326317075279494,0.364012598288334,-0.0535186540495578,-0.047241107389573,0.168593370564769,-0.319272649418256,-0.580087516537459,-0.230699149538981,0.109049208958171,0.0848359326930215,0.500949408826944,0.204978704996785,0.397285946623168,0.129253647384465,0.198316391644572,-0.200099947133048,0.0532323860787848,0.0012623452785992,0.0586317137275693
"同父异母姐-同父异母弟",-0.0164036572328835,-0.140930933843391,0.241956296885312,0.378538512360163,0.559076723442824,0.361512956791414,0.308115637360905,-0.318834753993125,-0.244738767012189,0.0606084718135846,0.165946759521283,-0.117778999241825,0.348364922078786,0.136496849116236,-0.0229717006038725,0.322684037777356,0.386079988085991,0.0676770963975105,0.104716024355615,0.0252721943706213,0.0974525153698727,-0.00365250826335886,0.0481803981281139,0.257846695279965,0.387257294294579,-0.151472511959447,0.537656997262995,0.0998321939095844,1,0.53833259525943,-0.0561332749723794,-0.00952451709627808,0.225878429845615,0.0429625396728961,-0.0767321699882109,0.183372358653461,-0.123913158230202,0.207402501038368,0.288767182896438,-0.274973917629357,0.462176318880729,0.221605568339282,0.355877915691968,0.413396787178781,-0.0639163644542268,0.0043460019943215,-0.141568704158619,-0.0932270299356168,-0.327651524596065,0.0500030374428395,-0.023296963475874,-0.137677548260872,0.0903140289112798,-0.175243417098631,0.150242796324355,0.00452471688896378,0.0483802572697302,0.105559489707328,-0.0345949700783822,-0.336894889096675,-0.344838212659078,-0.249550593418538,-0.120753249770526,-0.0478759099677569,0.0647625317758253,-0.105875427020613,0.0662217678065302,0.270563776841719,0.372352300198521,0.404292326666164,0.0863615153955068,-0.359200188595171,-0.232436839361005,-0.0661551828038969,-0.288677154720551,0.0166458941299285,0.020331858961364,-0.167912858080844,-0.152377311917262,0.0272316283522058,-0.0275876222350569,-0.059918149288924,0.0781047664448985,0.0322173919971511,-0.271619620724617,-0.411977061976579,-0.341190277123927,-0.384413087228077,-0.169906645219552,0.281822145383397,0.223606931712639,-0.325034833732413,-0.164268809999574,-0.0922871293463157,-0.143833452511099,-0.0220249622233169,-0.119810361303852,-0.349857595530325,-0.358681759887663,0.00661534667562128,0.240031711428445,-0.406852061697681,-0.323999828129241,0.339064571530668,0.0724139224166117,-0.222281378706561,-0.131045773332307,0.180004560729928,-0.400473255832331,-0.418520480904495,0.15969870598462,0.123635938424667,0.258468455755414,0.170082191574927,0.424054292710819,0.0054512520463361,-0.10561230299623,-0.0407739540777157,-0.148899131584968,0.0821289756994806,0.0601172031356988,0.275510840994143,0.0580181748491972,0.0315161140557717,0.159310268321241,-0.251444904410899,0.282515704694052,-0.174283108000963,-0.0964691379275508,0.0601863097852072,-0.117725043495856,-0.28000176091713,0.243460839219332,-0.219359037013671,-0.15984836723646,-0.127225433395147,-0.168475226962672,-0.134391595422665,-0.289298409635708,-0.123630877069467,-0.290431493597545,-0.302037047303164,0.250373483499051
"同父异母姐-同父异母妹",-0.112391555756666,-0.0879535130590264,0.208067390616349,0.435770139261096,0.575879663973959,0.385962562360101,0.144303265707002,-0.301927150070769,-0.24577140078431,-0.0166693430968411,0.201155262301154,0.0424799194669465,0.434802910787887,0.0942071982883136,0.0483649997785926,0.333808687401823,0.526447063567372,0.158395958141392,-0.0234104577752291,-0.0926813823618053,-0.100493278145657,0.00784715691804392,0.0305839181668961,0.0438611812252006,0.132066893782949,-0.16606651568678,0.362139959689483,0.0670583464463068,0.53833259525943,1,-0.136701043864031,0.341829221972617,0.134186996925943,0.0343684557008064,-0.110803014749511,0.482078406941049,-0.00356335304569142,0.273012554546195,0.387139818752691,-0.117181963668199,0.634578348083407,0.343993070739443,0.571368706508724,0.273872820738589,-0.135980265356198,-0.296122268365559,-0.0299504046233209,-0.306429072783978,-0.26149128343762,0.342674363635782,-0.221940426082122,-0.115287601962456,0.0778983283911477,-0.105502399108025,-0.0631630528912474,-0.233802845656605,0.102180963764245,-0.134828469012679,-0.0161246167780665,-0.486060444349588,-0.360790154046338,-0.134247181800017,-0.0782377364769363,-0.158596453271409,-0.157293437574505,-0.0484560877236286,0.164355068978708,0.303095828450036,0.285792407564611,0.369424465987739,-0.0809888981144388,-0.454824575776027,-0.221619923996885,-0.287710896814007,-0.261849849773488,-0.147706722788909,-0.265841647985172,-0.154542417457444,-0.138932678954735,0.462027246287312,0.159797743142676,0.156208335803952,0.0645432564576932,-0.0507424375475689,-0.349351639531837,-0.44267775105509,-0.359397756489267,-0.3890569698763,-0.0757965278369632,0.0796582257390585,0.0675742858123158,-0.286396294118982,-0.136069033929118,-0.0170996133756903,0.14071358449889,0.0651581246382776,-0.0836380734553909,-0.364271226924802,-0.444734020709082,0.128220304455799,0.367203129009191,-0.300531083133478,-0.375082116032189,0.421185551841104,0.0993338475814258,-0.282500362454881,-0.111598816473669,0.344241687249396,-0.364770695654499,-0.385084719354464,0.237748682642694,0.187467171420102,0.425697290411001,0.424790239634896,0.59602263344244,0.0627970788431675,-0.222934967931428,-0.198511574586182,-0.0781741294653587,-0.000338672409053191,-0.0953414293577507,0.151476556976882,0.141179334903154,-0.0729840468416997,0.212723426013196,-0.168814602093561,0.264872869889189,-0.13769982817652,-0.0767382377605092,0.0113831375263337,-0.0756306844985474,-0.167079975923129,0.476062694335375,-0.119215860595212,-0.11676330921154,-0.150815974700034,-0.121623534535363,-0.0959767005870701,-0.385556989471291,-0.0648944975253726,-0.302890286055034,-0.350565564994677,0.306941069058165
"弟媳-伯",0.453596163115421,0.34163171231181,-0.312574390342276,-0.193046651693801,-0.138747149855494,-0.212538787219452,-0.419566117387633,0.574847476065838,0.561154195635916,-0.309588981374322,-0.12958454888203,-0.334960787535144,-0.273383497697613,-0.304475155501209,-0.369203185423764,-0.323210322306111,-0.0921065597981858,-0.123336129215357,-0.31173431939678,-0.323658528076314,-0.345520991380398,0.222332268522682,0.12457546879066,-0.171140286456796,-0.338683643385806,0.384114070113097,-0.312498923622605,0.2040057366439,-0.0561332749723794,-0.136701043864031,1,-0.150228481073072,-0.375002988741165,-0.279870271087788,-0.0917594610738261,-0.167879612018145,-0.0646644917216464,-0.3242386926907,-0.328939780873808,0.547417667326231,-0.137822217298833,-0.035783759067319,-0.191177124057694,-0.171723896308576,-0.371438011238708,-0.416881277413822,0.374186047196075,-0.364425648728906,0.272484757899672,-0.03732813621169,-0.137615832382432,-0.282308283188893,-0.320216795932436,-0.299612489015086,-0.289680978831664,-0.475477486241398,-0.342231481373135,-0.489650834269084,-0.126514538771981,0.175336633295221,0.357127495946195,0.437152893930336,0.546187009915803,0.39850079654325,-0.416059235768233,0.427458774375104,-0.441115860315774,-0.319877793571021,-0.508160281640654,-0.2481507648604,-0.434697103551605,0.364089265918503,0.606143949332325,-0.379409554754612,0.412942309172966,-0.379561023391206,-0.380743471886107,0.581839015417524,0.548532555222616,-0.17548577312614,-0.308969828014416,0.54643307334623,-0.342954222427028,-0.293480309520733,0.502850416027605,0.407320848354451,0.449692744258807,0.383513957350786,0.474938694977563,-0.253764815677306,-0.177999462036518,0.246451194783507,-0.183429266713871,-0.0215671334893723,-0.0951010196890119,-0.0583197480309555,0.560316973850617,0.276175898084849,0.560983630438664,-0.273926414802865,-0.303655830555899,0.465346287373923,0.359654991971347,-0.441521032940353,-0.379136783606508,-0.0415698021648856,-0.144230340345888,-0.0971504066370693,0.2662898165196,0.17258156520161,-0.277088826723982,-0.453412203856456,-0.296724368704785,-0.0170648800799328,-0.0658282800249686,0.473550452646548,-0.220084332448376,-0.353395872317942,0.480302170078114,-0.401305729150964,-0.404354651497564,-0.22468379898572,-0.342449287652986,-0.360463328829792,-0.212721038378724,0.426814346165132,-0.336486133837467,0.446057048772978,0.598659804650305,-0.32314359090878,-0.37180372115992,-0.0833128313791452,0.0445112594086183,0.556275046671871,0.292492631331143,0.415092624895667,0.498810441607046,0.54318420523109,0.50410411558828,-0.190679388896418,0.583078264633329,0.375749258099493,-0.219472984926631
"夫-妻",-0.165885716505276,0.0235772752914587,0.085488592564339,0.294768055802499,0.00481142402847,-0.176032960169666,-0.187674759504933,-0.0553896336934219,-0.258502694761837,0.0861199496550035,0.0708478323805523,0.0485000289623968,0.117893173993626,0.174065701573631,0.117889252535007,0.031910865255922,0.224205422789457,0.120163070499592,-0.228751586960475,-0.303841827226052,-0.267364336734075,0.247026950734685,0.0210197295703639,0.0862374979960377,-0.0999418506070836,0.100646499066699,0.258418516284983,0.0805732605438376,-0.00952451709627808,0.341829221972617,-0.150228481073072,1,-0.0578988547677569,-0.0928640433993148,0.342864472183041,0.424344706401972,0.510370648942849,0.110169147607649,0.139185215923255,0.210462231740266,0.316051752816849,0.47271132961519,0.102888832086979,0.0521972202025736,-0.277790693120715,-0.300135445541392,0.307746701698009,-0.461067606757336,-0.0899501608628267,0.540104717745079,-0.107336762135096,0.073418961319569,-0.220789384836236,0.131208711871997,-0.400559804429099,-0.344198925107464,-0.144931710476109,-0.263379720912693,0.0763851439919384,-0.054651889421682,-0.295620061808965,0.0385207011341291,-0.139189959438108,-0.0779155916290787,-0.122448958333092,0.0014209387451626,0.217552022645731,0.0951081551581434,0.0930867901436492,0.216240169071973,-0.334284028619918,-0.0730085854881785,-0.137997707976731,-0.163635953731541,-0.12153072221229,-0.462548529791566,-0.317903987152021,0.0092403266082487,-0.0141479439936909,0.481117486167596,0.456763566553195,0.131199031413839,0.200163805952259,-0.0306871009668001,-0.431117592178159,-0.159307089693786,-0.312459364333679,-0.0614814502129211,0.102185629265465,-0.204628623615179,-0.259316679442775,0.0272391051869873,0.402450495728877,0.327571470689562,0.214554227501596,0.281058468537109,-0.0190989542071577,-0.0929309451337422,-0.175033042118718,0.119185653181644,-0.054477561253398,-0.23639050909508,-0.39492551746035,-0.0124355747134772,0.00643268784902272,0.140202764310805,0.0863477872454066,0.615096265675239,-0.0338616546042995,0.0089171648092301,0.00359729114665327,0.237651824673995,0.244622853323043,0.38390887756179,0.131998640904897,0.0887075439972756,-0.331406025017444,-0.295973594380744,-0.0599860100168013,-0.316776719369699,-0.27888451965898,-0.261304883839655,0.0634703436127649,-0.197751027733598,-0.168003897876803,-0.0528860811091227,0.0410179810143717,0.0399356419439064,-0.0773949652583487,-0.0280085317744357,-0.00845976654877669,0.209814428486263,0.333777605507581,0.0643531894014302,0.0847221428274263,-0.152866307682286,0.0897465814116517,-0.033430732848576,-0.328594342646573,0.152956085701929,-0.133556773460964,-0.132494232335892,0.26065333554984
"夫-妻",-0.441737904735492,-0.47352672222731,0.228757563311226,0.225320711427497,0.26029358106846,0.301440606930348,0.282303257057133,-0.413239145664762,-0.421223914978592,0.214564991723128,0.0105669325042069,0.180586100660004,0.218244408333312,0.0665364877360441,0.120783696443878,0.195741966375815,0.0264804951691713,-0.224319095043963,0.151378160783527,0.427313741753694,0.313722599594786,-0.367327521254414,-0.295629171882764,0.44368369479463,0.462902349340873,-0.519950400522853,0.23248944605108,-0.170222736352737,0.225878429845615,0.134186996925943,-0.375002988741165,-0.0578988547677569,1,0.52610915264147,0.123431663164716,0.116642806310436,-0.155967353680503,0.153906511527302,0.239825777700568,-0.452024746585945,0.0652142467288518,-0.134159726585036,0.31850627457656,0.285326278885727,0.349690247134856,0.333013225336823,-0.395269255952531,0.386526384490293,-0.504167143281938,-0.0725333468230664,0.0887324201502038,0.159142179309652,0.475540218408633,0.168568802505542,0.48999834478799,0.392496746529122,0.451181611127653,0.483511748637654,-0.158360174034006,-0.239779494131215,-0.160029570467682,-0.287726545026264,-0.293788699313486,-0.123026426597215,0.511622415099909,-0.210654033514959,0.11201659032775,0.291834605482392,0.266752548504178,0.167997801163845,0.44980566989965,-0.335527567721524,-0.489592435303342,0.137519027042041,-0.539160416075034,0.499256438636328,0.479642517083108,-0.384062016632433,-0.45725734930528,0.123234304331977,0.112219168487186,-0.308454891610699,0.431978679546498,0.244985541892828,-0.340754898985381,-0.490227829237154,-0.375323528646312,-0.405980569934013,-0.394070194848716,0.530945596621618,0.472050906729792,-0.498292720709811,-0.0825449880244525,-0.167277375252833,0.0332357727855608,0.0609856932568802,-0.398863871216523,-0.526583261334764,-0.297953178038571,-0.260425416013518,0.20192848738643,-0.458592563933205,-0.373942623248421,0.305635210845138,0.133977875654642,0.0112855604583642,-0.0642937754546314,-0.0842126692694449,-0.322956403334482,-0.142653927413114,0.319103609416943,0.391595825732206,0.0422450345351502,-0.0774764336804961,0.200447281225987,-0.405600739168054,0.164292497518977,0.277689021624183,-0.46276409412106,0.433397725085828,0.377129235554657,0.349660715787843,0.25188815702755,0.465666150421447,0.379380954684811,-0.348281357698633,0.501545925715903,-0.279817954720505,-0.32688244053391,0.185206700124519,0.384738901668197,0.0470082605741116,-0.00713335324192509,-0.419697206847359,-0.360333171492469,-0.439482262275389,-0.518768000916098,-0.459442317678049,-0.426644440381248,0.15395445608691,-0.469884893892876,-0.288543072844379,0.194464221654543
"出轨者-第三者",-0.438699299042621,-0.630435628039106,0.261076527851841,-0.0318012760288022,0.170906031594143,0.245371397979275,0.425156208818237,-0.346651924211578,-0.324763409645776,0.200724927130884,-0.117009239824384,0.195625321615934,0.0537187896517318,0.0405074858174417,-0.0516476043425757,0.261643086379761,0.0719609003522955,-0.109255454262153,0.307771655977247,0.473388202727314,0.439920147937752,-0.4473110933367,-0.399399225440584,0.380345335850395,0.309450359865434,-0.411730541671493,0.186671422162648,-0.168265090167412,0.0429625396728961,0.0343684557008064,-0.279870271087788,-0.0928640433993148,0.52610915264147,1,0.187104134106701,0.0586794379261851,-0.0776820032410436,-0.0550147102276684,0.0583445410338549,-0.423868675971258,-0.162591015163624,-0.290207598508674,0.110979097988928,0.357738307098942,0.317332076062044,0.362488008286414,-0.400346909044971,0.450167106847493,-0.403932778555146,-0.130664475130684,0.0684791287784694,0.218960248344329,0.393359440192774,0.111027958006938,0.280112490808283,0.340006432077074,0.272771993452993,0.368177961855898,-0.160434368671989,-0.0917597790110522,-0.0636053191705454,-0.185717518865181,-0.388870076850015,-0.204987329970681,0.410195890705247,-0.261954431251007,0.0717190055316671,0.170660405428755,0.0459673994638979,0.228170694025795,0.469526087893195,-0.395837038884497,-0.402875736119422,0.349644874908385,-0.487894671759109,0.474395689447253,0.411545929319009,-0.386285659323585,-0.247697226715438,0.0210376537598989,0.125925205057543,-0.369563898661582,0.37456671733927,0.279815956091882,-0.185626718669667,-0.226093380069902,-0.366145166949023,-0.293236181484493,-0.299325016004391,0.400258884294332,0.413226959757308,-0.366303167116383,-0.0788652436148454,-0.130735717721715,0.0509348700472016,0.0266762708196905,-0.383665391782606,-0.438430025564384,-0.280417945818117,-0.148974826290327,0.0455668614129286,-0.471595369162315,-0.188077054267849,0.176419025719856,0.166941803237981,0.22687002469146,0.0596423093646643,-0.0338908413874371,-0.160658445712323,-0.123397800128559,0.352421658368671,0.388912477196485,0.0178573068637311,-0.161724037681954,0.0281642590336373,-0.412817830789095,0.31927363138371,0.146919502445249,-0.462802553302605,0.387627022501006,0.30323043692675,0.344234441379277,0.307256664108722,0.512229347716704,0.278242303681873,-0.413256081279031,0.224131347196477,-0.375570986361235,-0.318523615895345,0.327020052948125,0.416706037957976,0.23510181010144,0.085961668461366,-0.35990359201236,-0.417810718158431,-0.341332233862617,-0.438113754476544,-0.576920350247373,-0.207124540704923,0.146005199728294,-0.242298579449606,-0.141612304270026,0.251378078445807
"夫-妻",-0.235955799681826,-0.136378211811888,-0.178754480173237,0.0324669890752189,-0.183516072781512,-0.372842215556009,-0.148658910893749,-0.0150075694335628,-0.121436996988314,0.244108601077015,-0.180358642071706,0.137430176657765,-0.182274517960133,0.249153563584271,0.0340572938377265,-0.0902444524599317,-0.211177066426419,-0.0946344753024943,-0.0193795974841186,0.0288442975533558,0.000892176076398719,0.113819919640332,-0.0908894968792417,0.492723957470075,-0.0286871554453323,0.126156832766029,0.221148300903106,-0.163474165193181,-0.0767321699882109,-0.110803014749511,-0.0917594610738261,0.342864472183041,0.123431663164716,0.187104134106701,1,-0.0203293448128821,0.473892559639537,-0.0991262295916575,-0.096254154675681,0.028702985333628,-0.129408527437676,-0.00225104667082487,-0.281308290964292,0.103011532332111,-0.0359124815607598,0.0373965768995825,-0.030350639997133,0.0244298679168448,-0.0428456185924048,0.103786183469103,0.298385892252022,0.284989850399055,0.00334662944898141,0.191148055340024,-0.159612066881211,-0.0465912266150743,-0.304736362948121,-0.0670325959883098,0.108685557202307,0.0704976158687002,0.109351036943052,0.0535863990909035,-0.228126968793621,-0.00453267055560308,-0.00584922636169237,-0.0336491411535662,0.020862638256665,-0.0596661659887634,-0.152964864132383,-0.108610953650537,-0.149391160493115,-0.063163440157968,-0.143963115152469,0.236802578826244,-0.204695978938005,-0.178365641559381,0.167966786861124,-0.0647026697494362,-0.19636110973674,0.0427506588496984,0.382899956349622,-0.173934629437811,0.505330120508768,0.00458440881551511,-0.22147716030692,0.0212058048320412,-0.284744664966366,-0.00863670796179197,-0.025918723138376,0.131695937967828,0.122329622277305,0.00015353068881227,0.425519334688482,-0.0201122285598664,-0.073686253813291,0.107155898551684,-0.195839026515028,-0.143660319480752,0.00799571954490006,-0.0626517450093288,-0.289949331443515,-0.0611465454053949,-0.148932155620494,-0.331700714260815,0.0357351350599583,0.417928702045781,0.0601095492869728,0.125154619757865,0.101731525129991,0.293460963656479,-0.138749625073426,0.250184543787594,-0.138124832012345,-0.156842677960902,-0.267172832465443,-0.16647301075424,0.118546308041701,0.0887554529570719,-0.182796410930201,-0.0809098811638151,0.110636373324163,-0.115500262257193,0.0408020108889471,0.0802664168402073,-0.0488592868987171,-0.187626647544298,0.205054332138192,-0.108053175736403,-0.232312724743366,0.14602824354888,0.224478962369182,0.240267016037309,-0.0251868281080748,-0.0398839764079615,0.0494665630636797,-0.210949115661311,-0.104589460617824,-0.106104901183486,-0.14653618822307,0.317903729045095,0.0789843306839369,0.169445058635367,0.121081345943403
"父-女",-0.233854087016836,-0.0439150597590556,0.095522213295099,0.294368374978077,0.27375720008797,0.158264089222061,0.103919564388109,-0.0652640537049746,-0.435865218543783,0.110624850969898,0.151484781880439,0.205290513843717,0.155688830955879,0.0664509909908173,-0.0649752043467137,0.0372526352994264,0.46540738416262,0.150676642696287,-0.0255078264966646,-0.00539797420351555,-0.102233286171968,-0.0804876827387434,-0.105864725691368,-0.00269928942723812,0.0290132110070532,-0.254623395495261,0.182789370098488,-0.0567622743868945,0.183372358653461,0.482078406941049,-0.167879612018145,0.424344706401972,0.116642806310436,0.0586794379261851,-0.0203293448128821,1,0.195045142891936,0.141808401852387,0.173786382328383,-0.0227292585908111,0.250884753340875,0.278624312467929,0.284758023807668,0.0766069126043582,-0.169570005190261,-0.0980526510753089,0.178811703455255,-0.240663863793262,-0.26914132887117,0.400746434554684,0.0800878039142607,0.0486813392078204,0.196600972179523,0.0826096025035655,0.0170352415138615,-0.0999419181241555,0.0539049674168233,-0.0233470432742126,-0.0417532901099508,-0.199998073587725,-0.368216075220877,0.0695767439827479,-0.162343002653482,-0.261739488777698,-0.0147626625101447,-0.160944038902025,0.00815855275614613,0.188576533113877,0.135692237775515,0.134293738462876,-0.0866990236715437,-0.223763132776404,-0.325541194319635,-0.217133499975436,-0.344411793892628,-0.0752416250788539,-0.218900702416547,-0.167084909544049,-0.197388345287529,0.597771284892,0.36209764349203,0.0149464367553577,0.165634236841146,0.0506070051559733,-0.230710856880417,-0.337376540599491,-0.211299164301817,-0.225569390015672,0.091937344259432,-0.00591014490491727,0.0417014735275629,-0.119898166266751,-0.0381134282668358,0.231778056158676,0.339168002948215,0.235695034303348,-0.0943884796342656,-0.225995381361581,-0.356070597099452,-0.0958402645826697,-0.0129131094386938,-0.24687328371798,-0.209045192660992,0.25987713164259,0.0877604902443011,-0.153431824318977,0.215748659554792,0.2301334232792,-0.0437528043141025,-0.0798091509107508,0.274202632496327,0.208331743502431,0.165455292194436,0.445080407012522,0.45328929070796,-0.092245456043933,-0.203277307532811,-0.115213510654718,-0.245473326631668,-0.0115361019490653,-0.204966322122464,0.0402808603539072,0.20888092292304,-0.0928571451187638,0.0432373473982542,-0.161920908744829,0.278900953437804,-0.115451551996088,-0.139040732212042,-0.0277375186459412,0.144190899417871,0.233726278535173,0.268680564871153,-0.344411528891489,-0.197676005861199,-0.368130861525855,-0.150082209504607,0.00376410717607733,-0.306457976789775,-0.0186748722133396,-0.220678095500248,-0.165453617603706,0.127974893356469
"父-子",-0.176526250075895,0.0259094948699722,-0.214154828349369,0.00645111969734783,-0.153971618354081,-0.403885918894325,-0.164808123670413,0.13032129633024,-0.0206985395025623,0.341077455062904,0.0305135071868325,0.368369041366256,-0.0589230282683231,0.515443943343709,0.18354349397961,0.00116223532658386,0.00715972841352404,0.09850301477288,-0.120438071911642,-0.220043175892552,-0.0744117755998922,0.261044628353727,0.063366523944258,0.293164591684326,-0.132358757915753,0.121941568470052,0.355328471937197,-0.0310882036388851,-0.123913158230202,-0.00356335304569142,-0.0646644917216464,0.510370648942849,-0.155967353680503,-0.0776820032410436,0.473892559639537,0.195045142891936,1,0.156520767406141,0.0814716988676945,0.156960909668532,0.0984549666228502,0.152299161543307,-0.349700859918117,-0.104930864005214,-0.166503030165232,-0.118453608882832,0.202594685677095,-0.235863235362465,0.0290204108356155,0.23005047622989,0.067245921137462,0.148705780289331,-0.272591393203393,0.303823314848022,-0.359545280691319,-0.164620991587481,-0.205463379432384,-0.251431812021433,0.212689223993579,0.0341874120676266,0.0296991023528995,-0.0108436707011815,-0.231845031116831,-0.148035242190585,-0.166230377670895,-0.0779257010796692,-0.0595232064564945,-0.105820713793371,-0.231206635095686,-0.15523649034435,-0.36015347169704,0.173594551353266,-0.0519448542974676,0.208193668144346,-0.126895952117097,-0.397774454759013,-0.0103378019692939,-0.126436593113081,-0.0281621723773819,0.137011866473877,0.451967002834646,-0.0572311113561033,0.248094510909243,-0.00108186367168707,-0.149587162167367,0.0663067657155421,-0.161577854433831,0.172554066811415,0.286460818745577,0.0353775052339447,-0.183308304997296,0.241293703724993,0.459426238257735,0.122965755996779,0.121540402608673,0.0544156420415639,-0.0787140624364637,0.158412590478422,-0.134095433150738,0.122132893332891,-0.192348871366134,0.051556571829308,-0.137196487994955,-0.202862543506029,0.137763570199139,0.302713965508864,0.14304796690299,0.0881574712076039,0.0711369255644641,0.11902691243731,-0.242499685797373,0.0802540599850833,-0.14781649928148,-0.0972194921753936,-0.307915827190461,-0.122963880452941,-0.172882824781681,-0.162216057897504,-0.216916557679037,-0.31389950578779,-0.197967832947813,-0.414351275638263,-0.103683924017418,-0.200044334374411,-0.186887465402827,0.00562406650518643,0.0567055984917215,-0.06341364105202,-0.210770145482215,0.119529541511326,0.156330491845247,0.129740951630762,-0.202158054949327,-0.014679591052611,0.117079607641291,-0.0996572464138962,0.0366184038738597,-0.0415866149408186,-0.00779273893708972,0.454069704886873,-0.00234875096458235,0.137205447664886,0.26069136580956
"高祖父-玄孙",-0.202834682624564,-0.195998708322016,0.284600160787254,0.239470216783313,0.27950184135446,0.263700499450576,0.106757991235928,-0.180766596338902,-0.19634332191271,0.17832284396793,0.291169242273035,0.199465405509143,0.415754143341788,0.575083367326347,0.586341409004439,0.480711039725424,0.256365356615814,0.255765835885951,0.269073735211263,0.197022855987072,0.189630704497073,-0.0173265100292829,0.13002307307768,0.109763237385158,0.0105996965295948,-0.204254233217988,0.287307685696296,-0.112934303507186,0.207402501038368,0.273012554546195,-0.3242386926907,0.110169147607649,0.153906511527302,-0.0550147102276684,-0.0991262295916575,0.141808401852387,0.156520767406141,1,0.555855264367095,-0.296710670995948,0.385342608808868,0.166837169891469,0.226888160648792,0.135668577416729,0.049032638751874,-0.0854186915257016,-0.211670748155287,0.00650298460702774,-0.149200998042912,0.128381648894881,-0.204201210516135,-0.0836606065628391,0.121906055636755,0.169972549887784,0.138385071109504,0.114009453723366,0.400577202713481,0.0709205932345182,0.0575652719260504,-0.384484122396116,-0.199582641886852,-0.308573574495105,-0.229033171665865,-0.162519542622204,0.113110572492131,-0.0549361470289978,0.267753543787258,0.0839844586742527,0.253412140664371,0.303929283866703,-0.0649745358754014,-0.281817780389539,-0.297939163452632,-0.0283067787861887,-0.254189314299751,-0.0625280861000977,0.0775989736753211,-0.36640513295106,-0.229712218371875,0.111893258513375,0.122130668673475,-0.191600443654691,-0.062793117261689,0.137986594503573,-0.341237957261093,-0.385157664878493,-0.229575234660192,-0.303047974943179,-0.148216119383613,0.0715443010855214,0.00792032511501977,-0.0587077397470055,-0.0876654062093878,-0.237227606898326,-0.0880378344264405,-0.0833458111560015,-0.283341458288627,-0.0295492757665578,-0.423731198447722,0.427210359589807,0.517411817662599,-0.168529783593144,-0.331395073370707,0.437888128704132,0.371175270187434,-0.326387314462657,-0.17710336113399,-0.011592966497058,-0.290528026846442,-0.12659462687691,-0.132121352997022,0.172824612609704,0.163494397663168,0.0372413270703379,0.225933524225808,-0.277454086527505,-0.250687151064704,-0.210627222206115,-0.199785151455334,0.0737854428519397,0.0158041945166477,0.0413424158913312,-0.00971425981010258,0.00469644448058234,-0.0258915841503937,-0.141674731455587,0.285249452196889,-0.133510237985817,-0.38090510834368,0.201862441897023,0.0947017386098697,-0.187549008886195,-0.00675085243214196,-0.376135644871563,-0.0139578109630403,-0.162011662421268,-0.171516400665586,-0.301190694693413,-0.403724266755941,0.246720097589012,-0.31988752704572,-0.252650759545266,0.435181478617857
"高祖母-玄孙",-0.190859169181931,-0.164195831091106,0.260524896922953,0.217502819564632,0.353946938494067,0.237248760574703,0.0572464348558829,-0.23095805703259,-0.256103498986659,0.202305486689135,0.118597442659952,0.174779110114231,0.449033685566371,0.381184212672398,0.304124006972523,0.540640901665744,0.256138632964973,0.132171950576494,0.0874646566923566,0.0602965779882045,0.0745379406066456,-0.000995038934114538,0.0564982681163673,0.194536597493448,0.12406454539698,-0.307083952229349,0.245565297828149,-0.128782835151293,0.288767182896438,0.387139818752691,-0.328939780873808,0.139185215923255,0.239825777700568,0.0583445410338549,-0.096254154675681,0.173786382328383,0.0814716988676945,0.555855264367095,1,-0.254025272987508,0.479692985137146,0.241125166769466,0.35021875756687,0.23939861125296,0.122863792767078,0.0209421673374064,-0.0547927626533026,-0.115675879111693,-0.16524045682392,0.11253270470239,-0.306151178990328,-0.0918609321104071,0.0087360636971988,0.115829402260509,0.0541003301066761,0.0728294399390638,0.297913928928398,0.223009460019091,-0.193370620389345,-0.433759502490242,-0.297064254924562,-0.31721805746563,-0.304620943400452,-0.233054299046443,0.0768001362377087,-0.128488390718704,0.294525002631818,0.290618038998049,0.347660772280029,0.333971939548512,0.0335198309553014,-0.364373227418916,-0.27797992916775,0.00449404270501533,-0.277279024439641,0.01462234220947,0.00499800891623058,-0.273732007166296,-0.240954605936573,0.211975702080595,0.240201027830471,-0.0468605726663188,-0.042002351048602,-0.047964621656402,-0.285423084301182,-0.41013461337695,-0.280813263206811,-0.250481052313257,-0.078824320300228,0.111776121237879,0.159020100753126,-0.227442347503385,-0.123325676688088,-0.206027093004636,0.0379590989396808,-0.106700603884666,-0.267699902947239,-0.18709461462127,-0.352036528310043,0.267143446696138,0.559359457981657,-0.286615316381582,-0.30594356112764,0.567328203469961,0.482649271302734,-0.386608199182521,-0.352435032990077,0.0171347164375879,-0.360332868392573,-0.309381724605473,0.0587440496357579,0.177667193329258,0.377618461431935,0.179699370211576,0.260586869268457,-0.131667212360116,-0.103346397359019,-0.0443723552857855,-0.125331856440978,0.0384333689082154,0.0913850272664456,0.0941526515463296,0.00768850167753528,0.0447944903267309,0.164824264090755,-0.255725323942649,0.247732868059727,-0.130952827693487,-0.260943246303608,-0.0213485304443252,0.131213079386514,-0.248828712028512,0.0770472977975042,-0.270750789482088,-0.123288838616973,-0.248257554813961,-0.251079606171702,-0.273017949321514,-0.284619125315474,0.0436965117694343,-0.332416240360127,-0.16299054673733,0.358833284326445
"公公-儿媳",0.339275094993924,0.496143847429573,-0.454841950345273,-0.253014007864768,-0.392218808128138,-0.477448026101032,-0.542958472817907,0.626824576950697,0.439465428825874,-0.31615824867741,-0.260516884316277,-0.214450599419505,-0.242109520473361,-0.25497444302843,-0.226161265952774,-0.484878770739341,-0.118531543625919,-0.0432679067508646,-0.482508233905292,-0.527615721776348,-0.481491459797655,0.529327928404696,0.4029684594927,-0.322765379006036,-0.431118383911277,0.609069087902243,-0.241972170850838,0.346892568481431,-0.274973917629357,-0.117181963668199,0.547417667326231,0.210462231740266,-0.452024746585945,-0.423868675971258,0.028702985333628,-0.0227292585908111,0.156960909668532,-0.296710670995948,-0.254025272987508,1,-0.23172578088222,0.157599965610938,-0.374174900776536,-0.429248039131734,-0.404534177777091,-0.479553274971155,0.553866646801876,-0.522466388841936,0.470439909357751,0.0368299141799663,-0.109940374351178,-0.0948766778208019,-0.422673243906164,-0.156439740284091,-0.52539634662247,-0.570292613366105,-0.461553989333299,-0.530798407861731,-0.0884037054278466,0.375297033459242,0.3211193600593,0.335628284235512,0.498038317704129,0.303084834942163,-0.469713082796496,0.384929070210014,-0.352908286997895,-0.369245547985231,-0.357403152111341,-0.440046851251015,-0.570890186710072,0.475233931903997,0.495330037059496,-0.458760686399963,0.540449113310935,-0.530315276986298,-0.485050937395046,0.629154846609191,0.411552140128905,2.50758200620988e-05,0.0398055051088032,0.634608383195358,-0.177124482779855,-0.45607208030718,0.373003107448029,0.46683187427509,0.428656269082345,0.486070432989879,0.477585363555404,-0.381048669466171,-0.371620598235839,0.574915932867369,0.134683313693681,0.0953623607941677,-0.0670176131483067,-0.22874671470813,0.470401734547959,0.383199477923571,0.414952341739004,-0.261507169708436,-0.445429209829811,0.48229015585212,0.362183598465894,-0.384506347750164,-0.328814151289304,0.0583276591887236,-0.124767331894547,0.0785680754526688,0.326010410574735,0.369699775245216,-0.282607164695287,-0.269099010870928,-0.300516851684442,0.0645966433798548,-0.183464128205551,0.378996707816502,-0.302051891459071,-0.321855832172287,0.411976324485308,-0.585269710722643,-0.483609450495726,-0.500131538002349,-0.26660939707099,-0.471821067830447,-0.25606755925454,0.555794695568774,-0.375917043798072,0.593850988277611,0.647149675209558,-0.462618765041612,-0.279950443652572,-0.0738507865870302,-0.109029199606682,0.547759235124887,0.575400669389433,0.330227602441934,0.531168652407975,0.504831140830594,0.436624214147722,-0.176185470218856,0.558460819419649,0.444811468596578,-0.323924574913923
"姑表兄-姑表弟",-0.0136576734772852,-0.0212673822360306,0.309473350035084,0.512023025339191,0.513776127558686,0.385989607387552,-0.0355173278577695,-0.309357118580577,-0.149950280140703,0.0629703718368658,0.226741701371461,-0.0209605546825746,0.280055306612114,0.159750440027865,0.114289304408546,0.347736288704957,0.387272498267184,0.177242809317655,-0.0190356535027661,-0.204581628204988,-0.124957958875586,0.0112114178448964,-0.0457081226061068,0.18800695216167,0.107717830405881,-0.21947258137832,0.377720161355733,0.0220342026909547,0.462176318880729,0.634578348083407,-0.137822217298833,0.316051752816849,0.0652142467288518,-0.162591015163624,-0.129408527437676,0.250884753340875,0.0984549666228502,0.385342608808868,0.479692985137146,-0.23172578088222,1,0.497810215415962,0.519675325500738,0.236132729841613,-0.246442492204298,-0.186405161022652,0.00252712400989373,-0.252658108394368,-0.181670476562121,0.418290707897708,-0.383461762046614,-0.246720553818683,-0.12763085925716,-0.000500859261923742,-0.0534324502042391,-0.132361142309693,0.126544706802497,-0.115862168630152,0.017788851292451,-0.580768485210801,-0.370875197933563,-0.223042872476742,-0.178906842069642,-0.154365677376287,-0.0790798418942807,-0.126467839269913,0.282023747276001,0.51529442168015,0.298105267676889,0.491379590359783,-0.0262635400211445,-0.328350461168001,-0.081695855461545,0.0138107231720615,-0.163086384823748,-0.159603497027178,-0.122903561782477,-0.093974108081839,-0.057864652135246,0.266637015347143,-0.000193098094221476,0.0844071491170994,0.0416583808371606,0.0265847701185603,-0.325911078699057,-0.376199730728587,-0.37439680533235,-0.269068190548676,-0.084402629515349,0.0844102799459895,-0.062753242074133,-0.345265789421894,-0.137979234542054,-0.140106335303771,0.00343649277278776,0.0956020151347023,-0.0193264034781523,-0.20780970603199,-0.318944514886607,0.33995330650632,0.481424827504653,-0.31539792943232,-0.42596627831909,0.325062811468332,0.284305226094694,-0.367440121248768,-0.261887389061455,0.31080553247164,-0.339803333490881,-0.440799166380725,-0.0145287824996928,0.0928412837903946,0.453009973961335,0.414757743473422,0.483040273481734,0.160322497582068,-0.23415715253808,-0.176025166544208,0.0617809278072005,-0.048767345260046,0.0150618401624553,0.206789206663747,0.051648354530831,-0.071547149795837,0.144001508358026,-0.101727544109967,0.230671992603836,-0.0886681214102934,-0.168045310064549,-0.0176048517783494,-0.220735060615326,-0.247153900048114,0.423951077519825,-0.0882076301654724,-0.0941286763432391,-0.209152653956324,-0.202601848487431,-0.186110908710845,-0.40825485262396,0.0190907203725494,-0.39874165812603,-0.37068012873679,0.364221961258318
"姑表兄-姑表妹",-0.141873061743354,0.302288097775026,0.132878512793589,0.438119829630565,0.194341951496582,-0.188008048952863,-0.226889484075444,0.0120614408644072,-0.228054715333418,-0.0237475579775711,0.0954519030263167,-0.121266316169332,0.238675693247041,0.0267231322559505,0.0411703118078528,0.0972476261075075,0.383527239299044,0.284805984675955,-0.378095027898468,-0.51372672891708,-0.402899014966562,0.375823495760385,0.318207473500604,-0.0813297289619713,-0.0580022968094919,0.0648201058631311,0.278433314033859,0.33226288802098,0.221605568339282,0.343993070739443,-0.035783759067319,0.47271132961519,-0.134159726585036,-0.290207598508674,-0.00225104667082487,0.278624312467929,0.152299161543307,0.166837169891469,0.241125166769466,0.157599965610938,0.497810215415962,1,0.139311152671719,-0.149780385115397,-0.298362981930479,-0.235857483673374,0.472719201642532,-0.486524677798234,0.0944031351642094,0.598161350049262,-0.124725302459294,0.138214278107289,-0.364760770438594,0.0529277132457484,-0.339765083204909,-0.36207615628798,-0.249894283910415,-0.321413328588716,0.146166328328438,-0.0877351881786962,-0.423058954080826,-0.00455699530521098,-0.10175149882839,-0.150611275346944,-0.378765659116769,-0.0207858728341354,0.248575282124508,0.327176013588026,0.247778023942411,0.199005159385907,-0.330295776205454,-0.162933978119653,0.022120410109884,-0.215925309783491,0.0266160221281853,-0.432903288389797,-0.369999005296168,0.153792399251309,0.0837260442794052,0.351048323159477,0.28704641807552,0.145148805813828,-0.0142496698587591,-0.377087258855842,-0.203010294553863,-0.211019089388362,-0.200364968683556,-0.0851588943236906,0.117658068715076,-0.16413841505309,-0.194416350944591,0.109167408664824,0.206539515846237,0.312512097441997,0.146059185059308,0.0794573235144916,0.122551083641524,-0.0470762665787666,-0.140623287687343,0.292393759908821,0.0584700260699636,-0.138818162497312,-0.153305694302474,0.122647666308913,0.164152169773468,-0.0853664073006954,-0.0490659629362228,0.462550290111678,-0.0933086015443298,-0.201862136866081,-0.104043302314747,-0.0484118967213337,0.312275249480408,0.661681829451356,0.282633789344298,0.226098504875769,-0.125748328415806,-0.123016057937982,0.0274684860732342,-0.294718965851447,-0.0943843261841269,-0.220991397320816,-0.0180563640619772,-0.369629907643626,-0.150221512141528,0.150919858933585,0.118940055572994,0.0370540793621572,0.0197721255635316,-0.43445570134647,-0.270215663428756,-0.0467610753366171,0.425629307025142,0.079223489993084,0.112922386447348,-0.245692455674729,0.0514911627460728,0.024817630024009,-0.190438082050289,-0.0751263033416042,-0.224286204562588,-0.11092523737895,0.00977293108787528
"姑表姐-姑表弟",-0.10555973113049,-0.17402438840712,0.522233508398252,0.537117801799415,0.647644691026491,0.624788478988042,0.194166958170905,-0.425144470372991,-0.310636916461859,-0.091766531929442,0.259509417079835,-0.025709842844854,0.325328043291561,-0.128249491827323,-0.00233416185797388,0.323344362557665,0.407185065528232,0.0421828590935308,0.0198466834588531,0.161596960379481,-0.000903057720908169,-0.300597116740121,-0.269288530342582,0.0509807819248937,0.331815063038789,-0.409188045472971,0.0482280099421629,-0.116146585951902,0.355877915691968,0.571368706508724,-0.191177124057694,0.102888832086979,0.31850627457656,0.110979097988928,-0.281308290964292,0.284758023807668,-0.349700859918117,0.226888160648792,0.35021875756687,-0.374174900776536,0.519675325500738,0.139311152671719,1,0.432828708547269,0.100464935906735,-0.0614936252013923,-0.191707384532679,-0.000216527018945946,-0.378898409370334,0.189424743715696,-0.230725022371489,-0.212013835771579,0.176688539440759,-0.194656092752922,0.242476755418851,0.0282752758037813,0.302550531137954,0.150206345050524,-0.151866778876976,-0.538466313480006,-0.420832909427212,-0.216856795098242,-0.26012223663017,-0.254600482328835,0.111252501733179,-0.207489022998567,0.38889895212485,0.547924894323973,0.394044666199025,0.497528707245866,0.352426925188724,-0.556422109203598,-0.257137863506537,-0.181477303957843,-0.28105912819388,0.24099803563025,-0.0609145728974312,-0.175834638924464,-0.208335954473361,0.448861711649618,-0.0677891000655202,-0.0186549338628444,-0.0788285891808247,0.142378239763955,-0.399084171213327,-0.474344225614174,-0.346614095668245,-0.42008759128966,-0.30189483835442,0.0895138329386093,0.269028388419439,-0.579401341623563,-0.293534372179495,-0.0248675161585405,0.263291968895568,0.194120287384769,-0.197674741895978,-0.46945369452768,-0.324703024500848,0.12280448026269,0.542821084912583,-0.368741415285295,-0.409350063261164,0.496653761248827,0.0245575337952556,-0.323765509127191,-0.0713178464369837,0.328038917314383,-0.384237581415567,-0.390744685337239,0.370188981781767,0.273951906030263,0.591302374679932,0.39894897333051,0.644680105717005,-0.0262693926480762,-0.0160426358751862,-0.0381550637414911,-0.0761235007092701,0.312750506680662,0.122818184089432,0.40367793319364,0.189092305017367,0.189093534523588,0.373445747694187,-0.32028339517498,0.259170302979871,-0.191012928268605,-0.174305727544817,0.0536533457910729,-0.00469507245502018,-0.0313248949900258,0.488482781069116,-0.192418985938795,-0.330655564328027,-0.245959776271483,-0.267182027004718,-0.191715311247523,-0.515974719019281,-0.12356899951413,-0.421701893259233,-0.441918793475118,0.236208198667615
"姑表姐-姑表妹",0.0155506152300615,-0.510887561047127,0.433060243836272,0.186943192936984,0.417890220340111,0.650526997182782,0.197268933158143,-0.447003606238926,-0.332803399474038,0.0556219046165045,0.0130689982414055,0.0138543875976798,0.192688153382224,0.171634760322717,0.0903690766274901,0.464478930063984,0.196887236929232,-0.0251390371966236,0.324150626483127,0.37304131716296,0.232030919299703,-0.396202936942903,-0.467997536021486,0.246115834962748,0.274412814155308,-0.341763247395497,0.245410663254903,-0.316638999904055,0.413396787178781,0.273872820738589,-0.171723896308576,0.0521972202025736,0.285326278885727,0.357738307098942,0.103011532332111,0.0766069126043582,-0.104930864005214,0.135668577416729,0.23939861125296,-0.429248039131734,0.236132729841613,-0.149780385115397,0.432828708547269,1,0.286155017987537,0.218213099934432,-0.325176936568748,0.167101915852355,-0.469503663350612,-0.0543650394881429,-0.0369040128894077,-0.11455482667144,0.321590936046195,-0.254450558919362,0.323168681217514,0.335280471061405,0.262857225726724,0.478277609977949,-0.213513366640086,-0.358865225765274,-0.283989048844394,-0.362196839259282,-0.392934736136091,-0.157347420555801,0.371582017540598,-0.243888391303351,0.208085160746441,0.194985438203181,0.248528314939144,0.613617569858148,0.271440747509733,-0.435152433281946,-0.289081495827177,0.0410430331401436,-0.410616246079498,0.246992247056452,0.248823105608079,-0.338228046984313,-0.295716920663297,0.0169435944200664,0.0546000842903051,-0.317373697395712,0.0611216362885239,0.336824233001829,-0.496837071382509,-0.43964355489233,-0.457503352200643,-0.498741952472289,-0.401436016999907,0.140563229411722,0.48996626163273,-0.538757403799574,-0.00666249029348673,-0.0696009182806325,-0.000939540400642421,0.229316624181586,-0.249980968984562,-0.446720511017554,-0.198330526132954,0.215220728477786,0.341844963730286,-0.551440302230304,-0.395964963328377,0.39005990094482,0.108819616039876,-0.010223018143551,-0.0816004577992258,0.129458797823853,-0.365661705585669,-0.360646286506519,0.329478297355987,0.258440172944056,0.429687687189028,0.0741922577341169,0.278181987080581,-0.148823976316688,0.0793316490586013,0.00298484761862575,-0.236263966653818,0.290893180009672,0.146699633413588,0.404614653248823,0.266312365362368,0.374228241517642,0.357767995523888,-0.536784072557812,0.0887766355727948,-0.298136474475218,-0.237426303574725,0.227046862752705,0.176054313756772,0.0887469834331813,0.340445097509148,-0.31419541820351,-0.395142970072294,-0.232380368961669,-0.422509375831893,-0.198601640619002,-0.428218762045454,0.0708372392742009,-0.320580183667104,-0.235502723351784,0.362046522117281
"姑母-侄女",-0.239919539754829,-0.398999323274924,0.247170000250975,-0.0958377219807072,0.106554866427528,0.280674554908366,0.395149274789429,-0.264165117864074,-0.254861335853612,0.322396973411079,0.116884991354311,0.312268519710416,0.0857022634723033,0.188790087400556,0.161392602847546,0.183700621216146,-0.125567625987221,-0.125585342647911,0.395986563906242,0.567859672169449,0.462884910467103,-0.46691304255505,-0.244342908436144,0.0957128947741295,0.338301330297233,-0.534182598195096,-0.104527167402226,-0.335482448146173,-0.0639163644542268,-0.135980265356198,-0.371438011238708,-0.277790693120715,0.349690247134856,0.317332076062044,-0.0359124815607598,-0.169570005190261,-0.166503030165232,0.049032638751874,0.122863792767078,-0.404534177777091,-0.246442492204298,-0.298362981930479,0.100464935906735,0.286155017987537,1,0.660204367688132,-0.458789002584442,0.578503211758483,-0.219468750711489,-0.390056432411687,0.281085670814527,0.20456931952237,0.352642353860791,0.148470316926103,0.465130602917683,0.465967724810126,0.479752335779385,0.556312155118851,-0.219114741610215,-0.113689357134688,-0.105982991179505,-0.395109785538019,-0.35868876277563,-0.376344032242291,0.340418630837571,-0.470123011219669,0.179873253184282,0.0310956521798643,0.265507039208338,0.174602838914657,0.546220933002307,-0.281715388113998,-0.442921199234144,0.33199408888776,-0.414100263469005,0.564611143392944,0.486358899942096,-0.566089193273688,-0.467090809524529,-0.0540419143578582,0.179836614134645,-0.502506604139867,0.077757381962711,0.160227725997566,-0.2800328659836,-0.368033222256696,-0.0663072751204044,-0.275674025993029,-0.357838254788453,0.276766250565823,0.429765049967226,-0.199552303831959,0.130964954084139,0.0588977527056172,0.23376037700672,0.137813701391836,-0.494232145757501,-0.290202920235137,-0.286080551882272,0.113637493639989,0.206625034536052,-0.190238419125786,-0.164635968776562,0.395014144925913,0.238101228238496,0.0354798634207978,0.0744227626820754,-0.31558755408055,-0.278332321190092,-0.285557863391961,0.249631263453025,0.0836344636943939,0.19304644792448,-0.202534543053165,-0.0241468541400871,-0.417102574603564,0.52139420245974,0.520695490651934,-0.467337461430643,0.679044978358146,0.513918962980129,0.278236767755993,0.182749903317518,0.472947289624489,0.322525031775231,-0.366379552266671,0.0904464269526633,-0.403458387240105,-0.31614787678322,0.231065703648706,0.580166888048872,0.0735272878897289,-0.20373834901371,-0.291148217494692,-0.542568463708434,-0.372522242879278,-0.510772784742909,-0.358964079273739,-0.178445940848736,0.0676062271649923,-0.282549405687048,-0.187356840653773,-0.00622542594122992
"姑母-侄子",-0.343808871321479,-0.35885300347171,0.170887578385181,-0.167539396675119,-0.080810949876941,0.0990007787740276,0.385251120537339,-0.188364779036265,-0.322073229612584,0.353261092179435,-0.0342749128911286,0.300674535310761,-0.0945461146100816,0.0368706775011904,0.0228013102027617,0.129044801422188,-0.256344624335756,-0.238524083079461,0.404268938585437,0.379661429418185,0.407886294829749,-0.422035106376877,-0.343706997426842,0.236297852990574,0.318064248217605,-0.373514388975187,0.105144261545885,-0.303824962688192,0.0043460019943215,-0.296122268365559,-0.416881277413822,-0.300135445541392,0.333013225336823,0.362488008286414,0.0373965768995825,-0.0980526510753089,-0.118453608882832,-0.0854186915257016,0.0209421673374064,-0.479553274971155,-0.186405161022652,-0.235857483673374,-0.0614936252013923,0.218213099934432,0.660204367688132,1,-0.324413976612204,0.620335203450929,-0.178400024445769,-0.369245464795462,0.372803143812141,0.355896294078536,0.284708251371854,0.249652741056569,0.463790059475899,0.650280635043669,0.328831714218246,0.631543099973611,-0.10240255393451,0.0798612067398902,-0.182384213389933,-0.319878297566643,-0.452718635055036,-0.367006096819003,0.532249406247078,-0.507922417490269,0.198402902185875,0.0745206446834448,0.333337659019634,0.151339520003116,0.631852459684726,-0.103243167710244,-0.469143566924378,0.683154345267191,-0.410739778262717,0.573883906951459,0.574558037749203,-0.524322685006454,-0.341313177622265,-0.165225670092864,0.187525524224838,-0.57736411536037,0.282239996119355,0.265384588458209,-0.0941582143123443,-0.227234536963981,-0.161831192458062,-0.0240741269814043,-0.346396205389938,0.276975529968697,0.386044179163834,-0.251943945487741,0.156188280261405,0.0731428032619591,0.0927644684210882,0.0937170231149958,-0.443150578890867,-0.217251388188644,-0.215843955664113,0.00340686486480104,0.0269526860000285,-0.346317231157197,-0.0708166044952518,0.190777740195159,0.295049903698349,0.197095468084603,0.101034353469043,-0.332897819940286,-0.181231920853375,-0.209741361010724,0.211583495686848,0.157712440880379,0.103488205441316,-0.19250966033387,-0.185640435687808,-0.396186712637894,0.537683816356704,0.60134998557259,-0.436029065868618,0.589989579317008,0.563835487969453,0.258711837964163,0.249267173953918,0.437214223971524,0.175349453967402,-0.456866521847927,0.0315898191462569,-0.442524710595785,-0.429683004663542,0.280095360166534,0.486947127052855,0.213547210965638,-0.292400977891862,-0.430350574160815,-0.59342279661355,-0.449354561133487,-0.535955856077074,-0.44701985382706,-0.153770718311466,0.0213053512824664,-0.375501677749175,-0.0569354558214852,-0.0799757874222011
"姑-嫂",0.17337429865022,0.622302668707201,-0.300932699188187,0.00407590964136091,-0.303225747011988,-0.390391489983738,-0.452600371270987,0.509594508334335,0.0991917840228811,-0.284385259612154,-0.175058781140624,-0.142955510589431,-0.21731439861905,-0.277313241751642,-0.299577886939372,-0.318580981656573,-0.0431543382163184,0.0473371459206071,-0.491594413559544,-0.667495825497885,-0.49259648655112,0.533951041412936,0.372281056446573,-0.280645429060288,-0.339155422570016,0.356582368040212,-0.144119484868862,0.297160785773901,-0.141568704158619,-0.0299504046233209,0.374186047196075,0.307746701698009,-0.395269255952531,-0.400346909044971,-0.030350639997133,0.178811703455255,0.202594685677095,-0.211670748155287,-0.0547927626533026,0.553866646801876,0.00252712400989373,0.472719201642532,-0.191707384532679,-0.325176936568748,-0.458789002584442,-0.324413976612204,1,-0.517114347864809,0.391191439581692,0.347311373358003,-0.132385029187845,0.0576963724009504,-0.477009987586191,-0.0187133996519117,-0.533654617977591,-0.463092944506159,-0.479917388886897,-0.400937515129697,0.111062842187998,0.267159413018573,-0.0849364132379362,0.405914996908179,0.21982147609992,0.0190646468337223,-0.454811124025561,0.255721184740208,-0.186796853136984,-0.116830640636075,-0.261194287837153,-0.261587652497477,-0.526464365279229,0.402668738305772,0.411782654617051,-0.350785206605734,0.33761570841786,-0.512988531876956,-0.533297892695859,0.549695837765934,0.542305269826965,0.134675572302786,0.0646128378573634,0.523182893906853,-0.218009041741797,-0.326216367085824,0.21866570676965,0.250316009584437,0.263680353092506,0.398585030153808,0.578056994970653,-0.361506972531364,-0.251821414589922,0.414902904226513,0.109673883871242,0.249289120465009,-0.0334653090879673,-0.0652677059305343,0.542690284251378,0.439176367043928,0.294797319701596,0.0235715473959469,-0.265949018219063,0.301682254253281,0.211403985098966,-0.249605205540764,-0.155933940351227,-0.0520828143954553,-0.122334239546188,0.213051661857495,0.281036208767277,0.0950514984408543,-0.283388202822004,-0.288037127651495,-0.0879273524191359,0.406923672460457,-0.149411080411657,0.423831583527132,-0.393205956856964,-0.219230202192074,0.324348468285962,-0.528480485510614,-0.38910869067314,-0.510668048357202,-0.158537594132857,-0.548432921169409,-0.335671018273237,0.495340156934237,-0.244030407208128,0.370411756904247,0.421119918673798,-0.464927695378981,-0.341329939617367,0.0670288785457042,0.134108512195888,0.414087383002632,0.263783108564467,0.0490402642277527,0.453896401059653,0.440273570301647,0.225464540133071,-0.256950425972047,0.263346898451035,0.235936938291236,-0.333601600709158
"姑父-侄女",-0.280593880531931,-0.394551153975999,0.193934758322924,-0.186495393464553,-0.028183552210346,0.287743301458354,0.431816338902712,-0.35086750698072,-0.234825733069155,0.234094464755019,-0.0166330015974268,0.317149232026235,-0.248703247431922,-0.0189927801331527,-0.0349120937823743,0.016017961936722,-0.267973737357575,-0.163186592202901,0.461205833044893,0.661437913226174,0.543895359073015,-0.474207364166355,-0.257948167604107,0.23043153077503,0.440463565871141,-0.39545352734739,-0.0581814060898182,-0.244257676688303,-0.0932270299356168,-0.306429072783978,-0.364425648728906,-0.461067606757336,0.386526384490293,0.450167106847493,0.0244298679168448,-0.240663863793262,-0.235863235362465,0.00650298460702774,-0.115675879111693,-0.522466388841936,-0.252658108394368,-0.486524677798234,-0.000216527018945946,0.167101915852355,0.578503211758483,0.620335203450929,-0.517114347864809,1,-0.200617546128503,-0.352581802700116,0.230828415879936,0.133268257690329,0.482491158144987,0.140430984414127,0.582732346887655,0.598361573441468,0.358082103894347,0.54260691080731,0.128227484835418,-0.0171610992281779,-0.0302555312537329,-0.289666672549401,-0.360380939244212,-0.266402244679229,0.525106531011191,-0.29329113284053,0.0727190536591853,0.0322503402715886,0.113988223087073,0.0937104965858965,0.722984369925874,-0.0825334270224594,-0.392674061644069,0.536022768467424,-0.39551662938285,0.77488229279839,0.712165776150043,-0.379577773419431,-0.254575393581659,-0.374266078695497,-0.211182563926267,-0.573868692817285,0.165950118716786,0.410655797181323,-0.0882209174355383,-0.182614048733707,-0.212335969343129,-0.156268131466614,-0.372267825466855,0.494812464580585,0.356566906181512,-0.162901153729024,-0.0706525431145666,-0.195426418044494,-0.0522894870527414,0.0204150412292631,-0.345077282657558,-0.146097180290475,-0.172644467150635,-0.0641496588953837,0.0272156355305466,-0.20938537903577,-0.140109120846953,0.0444744387667342,0.105597080206086,0.0834860832323126,0.0701205286204792,-0.311446225171333,-0.094958650592441,-0.123842970732973,0.0882371457619302,0.100913674764342,-0.0800427860766713,-0.408328408210129,-0.0914287453280678,-0.444548771474235,0.397587402499865,0.564607411412035,-0.408878145133,0.709325873130039,0.62131168335952,0.401545825437691,0.244833709362167,0.451829840475245,0.181869890255072,-0.241428730948447,0.13635576112014,-0.374457275735661,-0.425152030761963,0.483637075046241,0.385634414903334,0.102571306438585,-0.223037040097299,-0.430375588373817,-0.408992054803047,-0.29011813560908,-0.444661685568693,-0.43861516088336,-0.209050866703942,0.00777874288886093,-0.352530051359288,-0.306294700645854,-0.0964792747775822
"姑父-侄子",0.466367930577807,0.703732784082468,-0.41478245753285,-0.33884279720969,-0.403541142890553,-0.424661174624207,-0.423537700237611,0.516512092321611,0.438617664723375,-0.171209627737,-0.20661520571583,-0.0970319181466668,-0.2639074635401,-0.228222199596838,-0.157597128726803,-0.43179452402187,-0.328554305095297,0.0330694224050051,-0.153028907405987,-0.474421293494923,-0.256698197125923,0.459097880337074,0.506835210939359,-0.327623874257805,-0.443949977008084,0.527281962288998,-0.363170328764212,0.0445850587761603,-0.327651524596065,-0.26149128343762,0.272484757899672,-0.0899501608628267,-0.504167143281938,-0.403932778555146,-0.0428456185924048,-0.26914132887117,0.0290204108356155,-0.149200998042912,-0.16524045682392,0.470439909357751,-0.181670476562121,0.0944031351642094,-0.378898409370334,-0.469503663350612,-0.219468750711489,-0.178400024445769,0.391191439581692,-0.200617546128503,1,-0.178948865899762,-0.0752857009019675,-0.00838049448228078,-0.430467737180973,0.0422721950917834,-0.344495904336347,-0.233326063205808,-0.348159063711308,-0.379543812404807,0.244230097600161,0.269864540223849,0.357079022612412,0.173857679227591,0.363388457806429,0.187919803160462,-0.478783797674706,0.163867003982294,-0.252342557595587,-0.177074949922191,-0.188519249872297,-0.374711557315727,-0.385985832350139,0.444384222287647,0.45598357898361,-0.155332313681722,0.468265984799919,-0.361182946877279,-0.286563610622665,0.498864543205201,0.295295859390002,-0.255916340598085,-0.114512774496957,0.297886163751752,-0.123936718562041,-0.340880301807591,0.433955469409414,0.429103103909598,0.421755485137129,0.529971535553188,0.333070984746114,-0.222769104867615,-0.267044517243298,0.525100807628949,0.00564933799528151,-0.091627269426128,-0.279128235210707,-0.432148550613427,0.485213765593812,0.603529823947869,0.309683805955539,0.0832912245340352,-0.23142379310684,0.537758992555483,0.507123032892528,-0.293216775148825,-0.0934780768594687,-0.149315269625651,-0.107217570159217,-0.271051493339644,0.247111333802804,0.239682710864983,-0.513657270723574,-0.436035225036071,-0.242385223758667,-0.0591218719984416,-0.320539946286751,0.270126470630569,-0.225072398463514,-0.0522510701939341,0.383779948992825,-0.322788421487175,-0.0323360802434347,-0.493155409924711,-0.376524434857345,-0.477550041179495,-0.368993928324038,0.479755835313802,-0.19875211813438,0.540372352128263,0.438441883959564,-0.260580485664316,-0.163162211564979,-0.0911003730292694,-0.287174951416117,0.399423409095846,0.406939215103979,0.281717026641656,0.310272598122138,0.365858096050003,0.295711589522615,-0.269177848300145,0.364143379079353,0.300784455423767,-0.430817083764925
"亲家-亲家",-0.20668885460392,0.0731623741969337,0.203432501747027,0.426649954640994,0.206556080169437,0.00158067180997901,-0.149221027916764,-0.0398948887939019,-0.216810260077709,-0.00788573029043,0.123155663984648,-0.0779990973243872,0.179810386621457,0.0920754460664531,-0.0194869407971948,0.0956148150812665,0.388864533997588,0.258451287423923,-0.316971406054545,-0.312851750685865,-0.328293200968566,0.117665507963953,-0.0132800280043961,-0.00153058428201285,-0.176665093770615,-0.0607343236012912,0.12246761108313,0.149286726667424,0.0500030374428395,0.342674363635782,-0.03732813621169,0.540104717745079,-0.0725333468230664,-0.130664475130684,0.103786183469103,0.400746434554684,0.23005047622989,0.128381648894881,0.11253270470239,0.0368299141799663,0.418290707897708,0.598161350049262,0.189424743715696,-0.0543650394881429,-0.390056432411687,-0.369245464795462,0.347311373358003,-0.352581802700116,-0.178948865899762,1,-0.120694770461976,0.143671702665597,-0.175128542201164,0.139801928397273,-0.230073443981049,-0.287221323932105,-0.13780285720245,-0.274846562544956,0.0691514751529347,-0.235776052588081,-0.404415967847905,-0.0168838521994147,-0.127918194918919,-0.203965066224623,-0.205516753315011,-0.0946691242753711,0.166191807799002,0.253115566835629,0.0566566755371697,0.195043173926218,-0.282661586420699,-0.20523531575931,-0.0485397349303098,-0.200242117392023,-0.108695840718681,-0.322085079915701,-0.359503464446469,0.119163771043398,0.181084465621236,0.353771810658634,0.20914467903849,0.188848365913477,0.0950901913640268,-0.0688754134289923,-0.265196738279803,-0.170782379185337,-0.284332247305684,-0.162290645072016,0.117394716654411,-0.19731882696905,-0.261905455695503,-0.0336996110279087,0.0490752621943826,0.198785012576182,0.257181439899471,0.276082324538751,0.0685132254308478,-0.120399089343065,-0.120732437511262,0.193891782154379,0.0362265838363909,-0.110367436073208,-0.294285865763511,-0.00493199732244752,0.131925934669558,0.0107372713448211,-0.0839153930229676,0.621761104088287,0.0682728080453937,-0.111427591343444,0.0284496498416333,0.119615963442201,0.285999734941628,0.614873484911826,0.295363939277408,0.103995579439526,-0.233045455204007,-0.289959410021795,-0.0749974394147132,-0.234171330368867,-0.224627478019869,0.0624754240982213,0.268387888265453,-0.0675382798788624,0.00513461242254078,0.13690988824268,0.106338943644708,-0.00995537502515745,-0.106831723246197,-0.181570149356615,-0.261883340088045,0.0908161108831724,0.58911374526406,0.0572088313830447,-0.00141403631123764,-0.277437554043492,0.0440130927697012,-0.0116647032104579,-0.188492911086975,0.0894639402715617,-0.166786198697991,-0.192728867936468,0.119425881707328
"继父-继女",-0.150044767014004,-0.0726759238495032,-0.092725814620612,-0.00611786913849327,-0.0636833842674871,-0.148975942863091,0.229123106260267,-0.0250872352413928,-0.184054057105923,0.111637785433905,0.0801787820388429,0.128531814447633,-0.0904950710655509,-0.0240657896752396,-0.167743658428489,-0.222346493111894,-0.132049499794725,-0.181680443375534,0.0463215888053959,0.238883306145188,0.0455043026395886,-0.209278939555398,-0.233477345206842,0.0828609332552617,0.0929375833967827,-0.135149611726859,-0.0159499281117901,-0.263960653613895,-0.023296963475874,-0.221940426082122,-0.137615832382432,-0.107336762135096,0.0887324201502038,0.0684791287784694,0.298385892252022,0.0800878039142607,0.067245921137462,-0.204201210516135,-0.306151178990328,-0.109940374351178,-0.383461762046614,-0.124725302459294,-0.230725022371489,-0.0369040128894077,0.281085670814527,0.372803143812141,-0.132385029187845,0.230828415879936,-0.0752857009019675,-0.120694770461976,1,0.374888819727496,0.350244845953964,0.297773128768561,0.262887066626096,0.278549327283862,0.0252955886664868,0.143086341806502,0.0582925861422307,0.221772964742834,-0.000156523374460012,0.0379197328697526,-0.194602526360533,-0.218963460209584,0.0196951397815996,-0.372205552674781,-0.160309301189634,-0.124131415374506,-0.011273337204533,-0.183488746185,0.0634588470820589,-0.0847032186368783,-0.265040869450822,0.203910133264277,-0.333021994305535,0.157867013450479,0.116036556784248,-0.288399989366215,-0.264910527425076,0.00270496776274734,0.238156415235496,-0.253144566909683,0.170558220513448,0.187638310887266,0.0392011480874541,-0.081210879821818,-0.0171131530792864,0.00472533347201699,-0.0206995736954153,0.0667099941066331,0.207034220960005,-0.017171178151595,0.21231004988539,0.28321280934179,0.139175804433787,0.206961574245,-0.185005947008687,-0.135573530509873,-0.114922637576694,-0.198062701902768,-0.32409950043634,0.0285802096068352,0.110484381882069,-0.0864169511731309,-0.0764421800510852,0.379562466685825,0.439659131196047,-0.144442621870538,0.242804907515752,0.0898764581066177,0.270910521128456,0.104773202676318,-0.135196163666949,-0.163899241683073,-0.173441495809013,-0.356485961387514,0.315430708381887,0.280199815366885,-0.365334531889395,0.177643326098261,0.0716943493833976,0.167060551074786,0.246085507175411,0.296354222631116,0.231651413007931,-0.174410939318523,0.121185619085343,-0.225004617511899,-0.193920853736246,0.151459104665938,0.266284229945607,0.347608365021684,-0.242310439416401,-0.236449539418394,-0.254777251474284,-0.269334498950984,-0.223960794174855,-0.0879725348569295,0.0275944037520001,0.108160834973874,0.0521629689666164,0.0737411759524775,-0.129263004119281
"继父-继子",-0.381497884299514,-0.0488196361273184,0.0432029361449155,-0.0324221250637457,-0.146494948501386,-0.304146999071215,0.105577459435269,-0.0156590215157638,-0.40472120153766,0.212079957215684,-0.241934881684958,-0.0495942064295615,0.0897468108924425,0.162070290692501,0.0225491014028562,-0.0200700034619118,-0.166415611508585,-0.0698990068092406,-0.0937634261446583,-0.0512569252155621,0.0798994057262359,0.00829778454672847,0.00304961343078459,0.0682490709474479,0.0672286154841124,-0.118967773442022,0.134351062067927,-0.0320264912018067,-0.137677548260872,-0.115287601962456,-0.282308283188893,0.073418961319569,0.159142179309652,0.218960248344329,0.284989850399055,0.0486813392078204,0.148705780289331,-0.0836606065628391,-0.0918609321104071,-0.0948766778208019,-0.246720553818683,0.138214278107289,-0.212013835771579,-0.11455482667144,0.20456931952237,0.355896294078536,0.0576963724009504,0.133268257690329,-0.00838049448228078,0.143671702665597,0.374888819727496,1,0.0825782105281932,0.523008573913376,0.0367812531196278,0.263150897994833,0.0137627688695829,0.146023874855971,0.268847724075303,0.264880994537245,-0.136003329550276,-0.045384348095441,-0.317528814739485,-0.33228349157744,0.0206129479424105,-0.278077177954827,-0.0718299298827626,0.00200771237626802,0.167762721141263,-0.0940325508680276,0.0327400630214603,-0.201661988882859,-0.351530620976559,0.315626293688571,-0.276087174125525,-0.00460534706878753,0.0733226433450322,-0.238221954490979,-0.156246006476411,0.019395603541779,0.410236112152535,-0.34788919190302,0.226842445238694,0.0919696037099888,-0.0611336544435092,-0.0317863248057882,-0.237893768248097,0.00112230717449567,0.0123233258088066,0.0135506265760286,0.14866438571227,0.0573317274039246,0.375349674446242,0.248105495504909,0.202486206577342,-0.0171884598937689,-0.229872861589198,0.00328077678848077,-0.205439348907927,0.120737732184675,-0.210655746753005,-0.0859866840185541,-0.000570588629946262,-0.119633732870157,0.279356282284697,0.419031231406945,0.210712508061403,-0.0633598746862875,0.0520369925383692,0.0682861333532492,0.058114429401188,0.297797797686751,-0.0295476272312585,0.0384461599562396,-0.310282504167036,-0.233625559425653,0.308850666413069,0.171411848572964,-0.500292775205595,-0.000759291285679703,0.0823422164596036,-0.126341614622947,0.381579555114271,0.210916732161274,0.0712434475089594,-0.149255438548731,0.0819336995512078,-0.276523510500654,-0.285968637735415,0.068658949002089,0.185411402773681,0.376643631434094,0.00662075845643958,-0.174092513305572,-0.14502575912469,-0.390941395787313,-0.111332360744147,-0.294570791722088,-0.101236560197072,0.1926316514133,-0.106312339132323,0.114835704423209,-0.0961736718601528
"继母-继女",-0.223283374348024,-0.498430285724366,0.0537111053524643,-0.0216609026956768,0.197832984209864,0.468916122204547,0.330641268896037,-0.422661918234959,-0.287374100341863,0.07535409760299,-0.010706137611782,0.0812360000035387,-0.00862958257718846,0.0264264228204496,0.0465354785238447,0.176929898330122,0.0248600180571892,-0.112231116907609,0.352938212119407,0.607875824055909,0.280124565951318,-0.503507854784345,-0.313821602953868,0.0648031609030388,0.371971140301369,-0.429131722796177,-0.0298634961191062,-0.223264435063082,0.0903140289112798,0.0778983283911477,-0.320216795932436,-0.220789384836236,0.475540218408633,0.393359440192774,0.00334662944898141,0.196600972179523,-0.272591393203393,0.121906055636755,0.0087360636971988,-0.422673243906164,-0.12763085925716,-0.364760770438594,0.176688539440759,0.321590936046195,0.352642353860791,0.284708251371854,-0.477009987586191,0.482491158144987,-0.430467737180973,-0.175128542201164,0.350244845953964,0.0825782105281932,1,0.109004900511634,0.58352429732745,0.370175858177792,0.4501846391376,0.459751368927164,-0.0188206739431181,-0.145660510967113,-0.0893678639407823,-0.0045286588921711,-0.230051724246692,-0.0687125260572085,0.455100741597903,-0.120885920345482,-0.0202669052413188,-0.00362664254109843,0.0332445424444154,0.183655929074355,0.385578640113989,-0.333504535048605,-0.421015879732938,0.0903398112641928,-0.425738512331358,0.435953135495652,0.329647581273551,-0.452011253862168,-0.411142200749963,0.110921168169745,0.0622124321731638,-0.253118354344003,0.10809482816905,0.384464252144662,-0.218842446018018,-0.355945214850721,-0.182037527378697,-0.410394262160308,-0.482365077301083,0.2620081798341,0.352673412660608,-0.416969250008278,-0.114923853205588,-0.166830488999974,0.0427671788872481,0.186565356889449,-0.288646694756807,-0.397181961066613,-0.243977388013745,-0.224619648613515,0.0978953380195147,-0.319143817794741,-0.158869325081316,0.283061663712936,0.0357916494199256,0.0563768312630416,0.026193599059757,-0.0923740112784323,0.00961339105482519,-0.0898908238785986,0.395422127240584,0.258113687256976,-0.0532308358511809,-0.141282090330592,0.247502127237985,-0.400774866754473,0.21474088125208,0.184867669856352,-0.317004497939116,0.413683383600435,0.165471410496117,0.409085172550305,0.267464299330288,0.442361666127327,0.303151839545362,-0.295267470619463,0.204244053489403,-0.239903163941171,-0.29874709815961,0.334725288691828,0.281422657103614,0.184895600018672,0.0605909195008855,-0.409797554994699,-0.295474731662665,-0.298627828347555,-0.498968020725812,-0.371986529592869,-0.216069528284437,0.146388573293093,-0.173117673537838,-0.23881749980896,0.148028010203114
"继母-继子",-0.373565899295893,-0.107289886166781,0.0194422698178676,-0.00884494810921898,-0.131140960897382,-0.212116142744628,0.0038773290628863,-0.00312536504320418,-0.204602600844307,0.229236504145933,-0.0260170304314827,0.265054521592056,0.0400036361316398,0.210651958258152,0.163923105259928,0.00864494454942592,-0.271290259188112,-0.246098912368635,-0.0648956687418581,-0.0727489281245631,0.0851275521729592,-0.0461174048689412,-0.0156955748009584,0.160283512225527,0.0482850079991545,-0.145164336579005,0.204518486935102,-0.128249156379017,-0.175243417098631,-0.105502399108025,-0.299612489015086,0.131208711871997,0.168568802505542,0.111027958006938,0.191148055340024,0.0826096025035655,0.303823314848022,0.169972549887784,0.115829402260509,-0.156439740284091,-0.000500859261923742,0.0529277132457484,-0.194656092752922,-0.254450558919362,0.148470316926103,0.249652741056569,-0.0187133996519117,0.140430984414127,0.0422721950917834,0.139801928397273,0.297773128768561,0.523008573913376,0.109004900511634,1,0.0575623563949765,0.160127817711982,0.296416426583412,0.0341796457659572,0.224613105194332,0.0943434179283339,-0.0893328346131841,-0.0599289288396843,-0.271810641912875,-0.375784028217854,0.0532632775844725,-0.289832206535232,0.0632073072969263,-0.111948271221598,0.125518534724454,-0.0846294943037201,-0.0216354940064116,-0.0772846453469451,-0.316099981353484,0.286022886264057,-0.315655874145451,-0.00492649422694727,0.128073858831389,-0.292264895834697,-0.0914357969229345,0.0772336383287408,0.421643961957477,-0.133964202915696,0.246413036521867,0.150304801212966,-0.0483096753491039,-0.111020885993303,-0.073925752544261,0.065931477141489,0.192036139073356,0.214411991993739,0.11820965906453,-0.000417949228475316,0.168118335077724,0.0261637346818127,0.0411192924969943,-0.128301702546967,-0.26912778546676,0.0693076752856538,-0.31730623926296,0.0331247507013101,0.0312080714597114,0.064535047649565,-0.0822194638880682,0.0294791704269104,0.371927455699413,0.202669777650568,0.0440753127077483,-0.0595131875093107,0.138236709165878,0.106196369416356,-0.0887440408003091,0.174339526794083,0.045868118023456,-0.0141871217385857,-0.262860748254483,-0.209949618328347,-0.0480790923046105,0.151372739320142,-0.384207838270853,0.0704758585573561,0.132931931496677,-0.0986064479320621,0.195032344056133,0.0577265011229408,0.0343018972862961,-0.0927272970445737,0.0598571897709025,-0.249139013792584,-0.339892487341851,0.125613002917883,0.241125952589291,0.149415825823572,-0.173355099475559,-0.185199676429617,-0.22252467253923,-0.407985879652413,-0.168004881821091,-0.332964583851456,-0.125889123913601,0.232950038658567,-0.0775395614068836,0.0726867221474199,0.00182353396622422
"继外祖父-继外孙女",-0.0711763060156411,-0.366739438729824,0.256652254479433,-0.0512828222105042,0.285148771383902,0.523672398251221,0.313832573228421,-0.42409432589128,-0.300304307734874,0.179908775129207,0.0671594672057523,0.174591437401948,0.109786444171016,0.0158906216578568,0.0909881583891061,0.15486921759459,0.0649787123621614,-0.0753968450564588,0.440556230555456,0.532823981534063,0.409374331815903,-0.588838985244815,-0.41561897731134,0.145666793957408,0.29837796484426,-0.535502074795759,-0.0599630962874171,-0.392058390084454,0.150242796324355,-0.0631630528912474,-0.289680978831664,-0.400559804429099,0.48999834478799,0.280112490808283,-0.159612066881211,0.0170352415138615,-0.359545280691319,0.138385071109504,0.0541003301066761,-0.52539634662247,-0.0534324502042391,-0.339765083204909,0.242476755418851,0.323168681217514,0.465130602917683,0.463790059475899,-0.533654617977591,0.582732346887655,-0.344495904336347,-0.230073443981049,0.262887066626096,0.0367812531196278,0.58352429732745,0.0575623563949765,1,0.669205992760832,0.50951436207625,0.719323816317681,-0.104440926689051,-0.277550182916233,-0.0825546724485955,-0.35182651003593,-0.227112159721387,-0.0787766145742415,0.528898781030984,-0.280064603775365,0.022681572510175,0.222004732504206,0.361512514472024,0.276306929597645,0.576746099587901,-0.23084939213161,-0.37910207880571,0.161131673459036,-0.407934675113682,0.593493455514164,0.46808962668843,-0.372115798803181,-0.451979255634073,-0.131102089571325,-0.154625971929029,-0.377916448276987,0.167354171569447,0.338539358827,-0.171367566258222,-0.503575575830655,-0.332160873332698,-0.428710275677457,-0.450559253702511,0.333816658571861,0.499022369572226,-0.398464436547722,-0.197915275397668,-0.199165751198311,0.00960412241100297,0.129023374015977,-0.280021316773806,-0.353155079930296,-0.201209218052771,-0.0520939854537363,0.282275624013361,-0.257463575115336,-0.256326247039001,0.353755796603422,0.134336333525741,-0.140332055307546,-0.0856506448388802,-0.293027505891008,-0.331302446513572,-0.345220775427833,0.29121218741516,0.0875755642706304,0.127839740542812,-0.0936365503848344,0.293452417719332,-0.315313067711822,0.234825612513419,0.387271556047721,-0.282069127408147,0.586351000286752,0.449007196145005,0.509821586368444,0.178313936079965,0.465673534675892,0.357894795823857,-0.309839066139702,0.238987011939858,-0.175819709828405,-0.20892146791824,0.249004249481061,0.330988756937662,0.0163212574607625,-0.100685459287822,-0.503555039580236,-0.450013207144071,-0.27126300265136,-0.579619625155384,-0.285688988108614,-0.346480292086594,-0.128887670908061,-0.417527545224206,-0.358844108342958,-0.0390478969899713
"继外祖父-继外孙子",-0.0836585453235686,-0.352075901134288,0.325050355462261,-0.180179704211748,0.0474628736466347,0.344016394274955,0.294707826968643,-0.408296877302404,-0.38665950459149,0.193659016078571,-0.0310188730659211,0.138584827713825,0.0385251460907005,0.122406192354572,0.147112077454397,0.114950164814568,-0.0913525159975849,-0.0199219356272822,0.442966948952838,0.497309326153987,0.464711156925743,-0.512484220651997,-0.40654362476233,0.162776343837131,0.312347762433645,-0.437655152539754,0.0370435770046776,-0.401177959649386,0.00452471688896378,-0.233802845656605,-0.475477486241398,-0.344198925107464,0.392496746529122,0.340006432077074,-0.0465912266150743,-0.0999419181241555,-0.164620991587481,0.114009453723366,0.0728294399390638,-0.570292613366105,-0.132361142309693,-0.36207615628798,0.0282752758037813,0.335280471061405,0.465967724810126,0.650280635043669,-0.463092944506159,0.598361573441468,-0.233326063205808,-0.287221323932105,0.278549327283862,0.263150897994833,0.370175858177792,0.160127817711982,0.669205992760832,1,0.438056170599246,0.769563265744373,-0.0492917593917473,-0.128242982373094,-0.180909560994176,-0.475605091170316,-0.36117744692361,-0.256579562508004,0.527128727732212,-0.465784714944074,0.0467627535496706,0.11830395895114,0.386730059617867,0.264217579512738,0.555369612081837,-0.153877863701506,-0.482804820925263,0.432114799411515,-0.376640086694514,0.616013613207615,0.513795815063751,-0.473749727389489,-0.365130862134925,-0.251095681116805,-0.0279237726533151,-0.590717811944674,0.19406067748626,0.485462245144056,-0.218069537492261,-0.323522804434478,-0.397943746996939,-0.28617589526211,-0.410677065687251,0.281316297968409,0.463816485733993,-0.2748358215483,0.0234543165428267,-0.0993088150188485,-0.0165284774263429,0.0673185934193913,-0.321186903667854,-0.130519756006849,-0.240120958604246,0.150705947157713,0.210254192910957,-0.317900668364982,-0.207520029859539,0.19540391187425,0.273788462392504,0.0258092000517418,0.0673673026209001,-0.369985888146847,-0.299483608253495,-0.208017183014771,0.241030318166346,0.232866592938983,0.147394479943107,-0.199220146752008,-0.103469996467908,-0.411887494245236,0.333305039310583,0.465795312903368,-0.411282518232784,0.497284712995352,0.481145249483627,0.405133813834865,0.380955461189201,0.503268203571382,0.378444431823668,-0.421612787418468,0.150486421762414,-0.320635436300551,-0.399710557288959,0.425601093557038,0.373005464678102,0.120643407413707,-0.22326794185737,-0.582181631966551,-0.423078435010451,-0.270667492438262,-0.433739421519393,-0.318351619948379,-0.282874228928606,0.0135135149897536,-0.441343560082704,-0.296455384726322,-0.00119374635016972
"继外祖母-继外孙女",-0.290059978874344,-0.508881973943674,0.331009211329305,0.0898244734481294,0.243141272285342,0.508378463292818,0.315229690798535,-0.29876187733639,-0.177359101499329,0.148378721432095,0.323119472069289,0.25297602225639,0.351737859230642,0.195025358415347,0.338479960755955,0.422184789693745,0.0210140708054953,-0.195797371131261,0.38921524093074,0.502041902229971,0.353120425187752,-0.46053575246845,-0.279344529542178,0.0562955536675407,0.1684368763463,-0.532732542076029,0.0187979055635868,-0.293808966701179,0.0483802572697302,0.102180963764245,-0.342231481373135,-0.144931710476109,0.451181611127653,0.272771993452993,-0.304736362948121,0.0539049674168233,-0.205463379432384,0.400577202713481,0.297913928928398,-0.461553989333299,0.126544706802497,-0.249894283910415,0.302550531137954,0.262857225726724,0.479752335779385,0.328831714218246,-0.479917388886897,0.358082103894347,-0.348159063711308,-0.13780285720245,0.0252955886664868,0.0137627688695829,0.4501846391376,0.296416426583412,0.50951436207625,0.438056170599246,1,0.460942040394193,-0.270289018230334,-0.280933737877573,-0.143700169415269,-0.357028075483698,-0.238070478457059,-0.253368595866611,0.436334394911447,-0.325673887898124,0.210057272868397,0.0380970820921861,0.30703672938811,0.293210975504586,0.340568713254457,-0.30544685345402,-0.461043791666754,0.107295680330732,-0.43899374482012,0.408452079066867,0.251046517956596,-0.548515642403376,-0.323801270613918,0.102437277751599,0.0537279409354375,-0.24761691196113,-0.0106857228930682,0.337159479395237,-0.258756874889709,-0.410576037118235,-0.0623503895798113,-0.355068025150809,-0.291095753791347,0.181427275197756,0.260245396383353,-0.424730035617233,-0.167558644008381,-0.172623061918929,0.0818958446670272,0.0324525743126353,-0.478984826329804,-0.316361226202997,-0.398947669778207,0.0611815245626529,0.518964372474325,-0.201821146858944,-0.181181501026036,0.612705648794913,0.380962909813107,-0.155687411147689,-0.124546636497791,-0.150048393009408,-0.200471415865135,-0.231884995296533,0.231603809645701,0.256242758658352,0.24092440127362,-0.0998794151072493,0.214153847030141,-0.390144636238811,0.106512631870771,0.0340794090956102,-0.420971928050377,0.43128536580122,0.164938597160437,0.3718952377222,0.233684448814999,0.430646379025317,0.314102293369652,-0.305580378476478,0.0825722222930963,-0.278638938675758,-0.374524762718832,0.236836241271285,0.377866021063861,0.0218062936594758,-0.11749224830969,-0.344417416087716,-0.406154965979653,-0.343131587558929,-0.407596357661996,-0.376932250024433,-0.263954438135125,0.143643741987604,-0.302447271358039,-0.30458010446831,0.287733819334514
"继外祖母-继外孙子",-0.189398637416629,-0.4522665698839,0.283888010520201,-0.141651352827366,0.0637271969357644,0.437282134984247,0.281472766986905,-0.441534190458759,-0.446561374874967,0.168726905577283,-0.0357215585462043,0.199053921096613,0.0829936670376132,0.066623801511574,0.17050897586047,0.237508852824515,-0.0313753136844295,0.00631314410763179,0.471781111989073,0.505175208650865,0.467086718039944,-0.465263354369388,-0.403883303429749,0.122820619937777,0.383089472424514,-0.502602440503678,-0.0007438811014872,-0.288079893307018,0.105559489707328,-0.134828469012679,-0.489650834269084,-0.263379720912693,0.483511748637654,0.368177961855898,-0.0670325959883098,-0.0233470432742126,-0.251431812021433,0.0709205932345182,0.223009460019091,-0.530798407861731,-0.115862168630152,-0.321413328588716,0.150206345050524,0.478277609977949,0.556312155118851,0.631543099973611,-0.400937515129697,0.54260691080731,-0.379543812404807,-0.274846562544956,0.143086341806502,0.146023874855971,0.459751368927164,0.0341796457659572,0.719323816317681,0.769563265744373,0.460942040394193,1,-0.200765286914374,-0.133972791386565,-0.285400989988555,-0.417584559733416,-0.389802485634072,-0.193221677365185,0.688596339972107,-0.275009307359168,0.1232557265234,0.116870835929914,0.41946574732628,0.294103812259593,0.585574134393738,-0.192378343817409,-0.50318528799278,0.271921599085292,-0.426524450204321,0.617406114958592,0.49419917084748,-0.419764666553218,-0.474766062566277,-0.0772113050965556,0.0388208655520695,-0.464525612802329,0.18660763301003,0.344347765100939,-0.318358590163442,-0.458226468920006,-0.390024749153159,-0.387740304971444,-0.50364499774921,0.299281921203345,0.571111010007776,-0.371219063450593,0.0695066409883418,-0.0309390499485322,0.0681476188446009,0.090521132378479,-0.380814443557599,-0.285813919069286,-0.166451320835141,0.107988750113157,0.324943098994354,-0.414858354304179,-0.288526756708538,0.421614082601271,0.285950007119721,-0.065301781673656,-0.0849063231906104,-0.241136922403125,-0.356121538453224,-0.3000857018134,0.367178309510643,0.236922871778008,0.254898913504727,-0.0350855890725246,0.053338531066442,-0.33774949609989,0.28837393740595,0.453732710770809,-0.360164879185767,0.515018815816629,0.41165925178875,0.344783291678325,0.268374428277738,0.476934740823605,0.350362762114794,-0.450791785617361,0.0945029869303837,-0.293059857396746,-0.325376889754603,0.267221645276974,0.340959164090047,0.0292760868046867,-0.12611114096365,-0.562677390534902,-0.447749206876639,-0.271279612686596,-0.541694314446458,-0.314939168865648,-0.353734980967271,-0.123277312424587,-0.509865644013396,-0.305763984453381,0.0302862223356181
"继兄-继弟",0.0563626110932086,0.229877372074907,-0.153944076715161,-0.0390053854961735,-0.11098350728511,-0.230412030529907,-0.158547164718771,-0.0770603660444149,-0.199827552212529,0.0632551679930715,-0.20726557496446,-0.0648652449448628,-0.212578575774141,0.067512675176025,-0.0953762361590902,-0.209903797497034,-0.129144196521657,0.196022981109035,0.00273496230336615,-0.129309226650188,0.070077230793688,0.208603480487535,0.244788295769333,-0.207383578186481,-0.0155913568113156,0.180189230587355,0.0943163298871217,-0.00325658086088882,-0.0345949700783822,-0.0161246167780665,-0.126514538771981,0.0763851439919384,-0.158360174034006,-0.160434368671989,0.108685557202307,-0.0417532901099508,0.212689223993579,0.0575652719260504,-0.193370620389345,-0.0884037054278466,0.017788851292451,0.146166328328438,-0.151866778876976,-0.213513366640086,-0.219114741610215,-0.10240255393451,0.111062842187998,0.128227484835418,0.244230097600161,0.0691514751529347,0.0582925861422307,0.268847724075303,-0.0188206739431181,0.224613105194332,-0.104440926689051,-0.0492917593917473,-0.270289018230334,-0.200765286914374,1,0.226292789316333,0.017062784941581,0.212213794667726,-0.0613403980336674,0.00238532304230072,-0.203551254553949,0.113358383865161,-0.163474373897589,-0.0924724195907981,-0.0692568217542818,-0.0946324130667039,-0.110342503573061,0.163109203330543,0.0118319527019417,0.103761562421897,-0.00123682789162715,-0.189440610850925,0.120117696639685,0.0907197203812157,-0.00688317234010278,-0.196686135758385,-0.0689945751797034,-0.220206920193745,0.0236782665224978,0.180229101493162,0.0353511340157134,0.154929463758939,-0.124175652667824,0.125651237887828,0.0609282700189261,0.0778306519526222,-0.13958360723741,0.191310998272222,0.301989059666587,0.108910460402561,-0.0570689977771649,-0.0248629026784449,0.232566176360664,0.314667518053057,-0.0181903101565956,0.206862642550931,-0.200602552765659,0.0241571744333234,-0.00203886297386372,-0.352717522460653,-0.0704316043381956,0.231152101054177,0.274188016780513,0.0508349483859534,0.147465909750231,0.0113297840032712,-0.366098516367115,-0.243004897279324,-0.124897529662285,-0.00997877579696349,-0.114080782219888,0.0797888353356414,-0.139455534962219,0.14832331631682,-0.0336865353582626,-0.112634986054481,0.0898612334731608,-0.31967833136854,-0.115307397121921,-0.300572431628973,-0.23743604756465,0.0935487822578089,0.0416939722260188,0.0230298717373793,-0.0557613892741551,0.242105664697739,-0.154769492978803,0.192938762969047,0.0923667710558417,-0.00963980663026325,0.125500646930875,0.119647805198182,0.0933383057090911,0.0419262129675677,-0.12163524286634,0.046852650163459,-0.115463556386652,-0.0903088010962189,-0.200135927051036
"继兄-继妹",0.028763756906144,0.190855953318177,-0.348246290403448,-0.373485148817958,-0.606149435668939,-0.588931573797141,-0.188006741149333,0.398236935377247,0.133008062058948,-0.125002838258413,-0.351663218876121,-0.0583961598049508,-0.364156664901454,-0.262640297156114,-0.21417309050375,-0.386575389887317,-0.482254201425865,-0.283425950031577,-0.30594945059171,-0.231578101705578,-0.247926538158364,0.348924836952133,0.17573745992269,-0.281013249442654,-0.131960550082656,0.467844726325673,-0.105754850203146,0.216881972013799,-0.336894889096675,-0.486060444349588,0.175336633295221,-0.054651889421682,-0.239779494131215,-0.0917597790110522,0.0704976158687002,-0.199998073587725,0.0341874120676266,-0.384484122396116,-0.433759502490242,0.375297033459242,-0.580768485210801,-0.0877351881786962,-0.538466313480006,-0.358865225765274,-0.113689357134688,0.0798612067398902,0.267159413018573,-0.0171610992281779,0.269864540223849,-0.235776052588081,0.221772964742834,0.264880994537245,-0.145660510967113,0.0943434179283339,-0.277550182916233,-0.128242982373094,-0.280933737877573,-0.133972791386565,0.226292789316333,1,0.279452036720978,0.452959163997835,0.273682527661043,0.216376036741013,-0.090699272932565,0.268588455040175,-0.294032782176805,-0.52501211952296,-0.224854004768983,-0.46276214315035,-0.168987410138978,0.484003152983587,0.187910944481481,-0.0273424403376077,0.246018538350165,-0.179188781140776,-0.0699626057905906,0.232361487389357,0.213141836206636,-0.250303456220917,0.0759448126950074,-0.00978359309793553,0.0114914572939459,-0.0958694581544326,0.474472546697036,0.535407047725651,0.393568874484395,0.508325775437321,0.257438605984135,-0.198523412961434,-0.177340189185327,0.414894687399725,0.305798463068337,0.292036184493809,-0.0566647286636011,-0.156057020111102,0.177367139022235,0.34881167022464,0.334596647110084,-0.346683174397498,-0.590727629923089,0.275480199219542,0.438082534280739,-0.473460453167703,-0.216891397056771,0.416248122754357,0.276951356664662,-0.10279059408773,0.454360640475584,0.502940135689258,-0.175124979204865,-0.149433914694148,-0.386082104570158,-0.146226994298697,-0.484295060912459,0.166839506795924,-0.021650098694532,0.0214445070644115,0.0965394862519798,-0.287575019765182,-0.223535385703579,-0.388247687313659,-0.0908181669280108,-0.187436809580481,-0.320590757974485,0.19256905007814,-0.457119365360632,0.121902739991258,0.24045294163921,-0.111263392905926,-0.0150758214348231,0.271793243065951,-0.263649532593406,0.190076098944687,0.201788917931121,0.282852018607993,0.404608433259487,0.247872208488852,0.40389208085034,-0.0785298463785234,0.414694524986421,0.420532582308222,-0.433777787099197
"继姐-继弟",0.351232065193924,0.119618543505088,-0.565300037203357,-0.379559888580556,-0.304038004168799,-0.305769591360412,-0.217919728099198,0.343401670004595,0.610111513244215,-0.0591887993654455,-0.318388922969138,-0.0200851015181241,-0.223930096173531,-0.0869603177157009,-0.0374780527391077,-0.282607591669234,-0.414336422611326,-0.285102500571636,-0.0585818895952927,-0.0852590846328611,-0.10776888639745,0.100468890889811,0.0681148053257241,-0.0598313576992124,-0.439473047867136,0.313123131261401,-0.265678444653802,-0.201210480467175,-0.344838212659078,-0.360790154046338,0.357127495946195,-0.295620061808965,-0.160029570467682,-0.0636053191705454,0.109351036943052,-0.368216075220877,0.0296991023528995,-0.199582641886852,-0.297064254924562,0.3211193600593,-0.370875197933563,-0.423058954080826,-0.420832909427212,-0.283989048844394,-0.105982991179505,-0.182384213389933,-0.0849364132379362,-0.0302555312537329,0.357079022612412,-0.404415967847905,-0.000156523374460012,-0.136003329550276,-0.0893678639407823,-0.0893328346131841,-0.0825546724485955,-0.180909560994176,-0.143700169415269,-0.285400989988555,0.017062784941581,0.279452036720978,1,0.321032807413586,0.484067207715309,0.538212828982198,-0.239119626611237,0.330768729851155,-0.470053544426823,-0.357092074591133,-0.419719308604827,-0.590603964183866,-0.210299127844162,0.402184506308703,0.497826607894825,-0.0512641304351904,0.406116261423564,-0.177710618427643,0.0592767206687171,0.230442195336553,0.152922134722311,-0.366500501111382,-0.21296608536683,0.20716213491172,0.0221381720951592,-0.147442641016439,0.570095166004405,0.514929305258815,0.496985331094238,0.326621405039908,0.206665263598622,-0.116384581368876,-0.209296913475228,0.16633804624507,-0.150811511095179,-0.344632090152377,-0.303154755264291,-0.323950785624703,0.250746080434873,0.240905356067805,0.392704548334846,-0.276395735311214,-0.259483859782065,0.55182041598138,0.522640972119385,-0.392399698663001,-0.217288707501286,0.155655241477547,0.0255798132304251,-0.495562924553285,0.362480567490271,0.444123946868081,-0.380159588645284,-0.397683409208157,-0.61640791765313,-0.528456019463857,-0.341629869690383,0.108985944907645,-0.0225524585562217,-0.0853618720723383,0.363253745788521,-0.165995179574313,-0.0664365201320263,-0.209791781634801,-0.376285244887451,-0.0957346619099131,-0.168586212543262,0.303985549580035,-0.243732636411675,0.447194184087442,0.426561983620214,-0.128412803390499,0.110726377221817,0.0346713597813273,-0.422442753343159,0.41713125818763,0.26921799172594,0.320253966912908,0.160161459752497,0.200419569473932,0.464856596681058,0.135787242237525,0.610835413496386,0.532383652586197,-0.278253982682514
"继姐-继妹",0.167979223826375,0.282306293045386,-0.453217903889877,-0.0196430311763551,-0.270105023651617,-0.323230610325329,-0.327558923439151,0.383937388135,0.250195786078183,-0.328459139886697,-0.27370588086429,-0.23814171964867,-0.410744442326144,-0.345670756887624,-0.384392276094935,-0.386890920061009,-0.228045241999783,-0.229584914199484,-0.350655041769019,-0.245203704785381,-0.457886622493735,0.262451484354533,0.130950800060625,-0.280532390992864,-0.223302765197498,0.221715420928916,-0.309007628194475,0.14149913656735,-0.249550593418538,-0.134247181800017,0.437152893930336,0.0385207011341291,-0.287726545026264,-0.185717518865181,0.0535863990909035,0.0695767439827479,-0.0108436707011815,-0.308573574495105,-0.31721805746563,0.335628284235512,-0.223042872476742,-0.00455699530521098,-0.216856795098242,-0.362196839259282,-0.395109785538019,-0.319878297566643,0.405914996908179,-0.289666672549401,0.173857679227591,-0.0168838521994147,0.0379197328697526,-0.045384348095441,-0.0045286588921711,-0.0599289288396843,-0.35182651003593,-0.475605091170316,-0.357028075483698,-0.417584559733416,0.212213794667726,0.452959163997835,0.321032807413586,1,0.384346796746877,0.312700917733266,-0.352362730121506,0.483083900102431,-0.350386999010562,-0.281084414965853,-0.553116831618686,-0.360704095737376,-0.377712333097723,0.294928799460853,0.421056838754463,-0.230094356708347,0.320272038573588,-0.412959927239554,-0.328476278281108,0.415729593686368,0.325860540014176,0.099351557204664,-0.0657914741555636,0.315297460789459,-0.210177841731818,-0.12884850111383,0.49473729560825,0.37660824930217,0.496501617486735,0.45986866899527,0.344271070026447,-0.352921656997522,-0.267627943239461,0.119494077650794,0.0150861374492229,0.0902071792003402,-0.0373381635313062,0.126434723087699,0.420513597723858,0.192291111607725,0.428527495094198,-0.335336846865782,-0.388412683247293,0.346106848193667,0.380695599440643,-0.4451541742319,-0.273673554333853,0.145956299036825,0.196530939636366,0.00994954382021929,0.546354194333515,0.424753325069163,-0.134729662562579,-0.249014118061096,-0.356229480525875,0.0315027575961161,-0.0911042935382227,0.409682894370649,-0.165718697071863,-0.220945821457894,0.431289999452058,-0.378379676726251,-0.429321919498184,-0.326285998213227,-0.282916898412916,-0.314567787148995,-0.305375607007217,0.263558955711605,-0.288352833919955,0.249508845458271,0.322360559484262,-0.261065260814046,-0.244618352569366,0.329812344527476,0.0852434533312388,0.404954215698005,0.222074283958227,0.248149888224902,0.478746667959728,0.377270242729942,0.37833335554894,-0.0154604076590016,0.599337979326776,0.399062331498046,-0.241490095122213
"继祖父-继孙女",0.512462185703385,0.419576344244071,-0.415024318165555,-0.252801407163981,-0.257642735590416,-0.165178412833652,-0.286090257156133,0.372010127945089,0.546913722105708,-0.354745531054855,-0.106667051221076,-0.316092406476353,-0.153896199194497,-0.36323511211448,-0.20043388358011,-0.405368757653969,-0.163128608918907,-0.109490500199157,-0.233832573787101,-0.356105164779523,-0.303167012896509,0.238840200349596,0.252152595011521,-0.421606984854663,-0.406141133714217,0.45646615663314,-0.358085417868283,0.186947015574755,-0.120753249770526,-0.0782377364769363,0.546187009915803,-0.139189959438108,-0.293788699313486,-0.388870076850015,-0.228126968793621,-0.162343002653482,-0.231845031116831,-0.229033171665865,-0.304620943400452,0.498038317704129,-0.178906842069642,-0.10175149882839,-0.26012223663017,-0.392934736136091,-0.35868876277563,-0.452718635055036,0.21982147609992,-0.360380939244212,0.363388457806429,-0.127918194918919,-0.194602526360533,-0.317528814739485,-0.230051724246692,-0.271810641912875,-0.227112159721387,-0.36117744692361,-0.238070478457059,-0.389802485634072,-0.0613403980336674,0.273682527661043,0.484067207715309,0.384346796746877,1,0.725503933575756,-0.273675879567308,0.596807879820096,-0.474313166989224,-0.364330498636777,-0.311691641354269,-0.362693752311188,-0.366899815228724,0.444611572398381,0.582659619319242,-0.477827060633828,0.624651889512729,-0.341195276493034,-0.391039632384838,0.492384338261395,0.371477643975074,-0.209145395337851,-0.310222270761336,0.516193479464688,-0.196695343095998,-0.293235084917402,0.506914575440172,0.46374035704343,0.536100698867371,0.227628705925638,0.295081739862264,-0.328528574794093,-0.336363174561343,0.286927801126346,-0.220760806540106,-0.197255342915667,-0.318861090482926,-0.225960960276908,0.521340575483494,0.314662409067133,0.439021156440549,-0.301925388457092,-0.226313137718533,0.484406411453368,0.38933101918445,-0.343664254049348,-0.364123463738139,-0.17595929299386,-0.117419245874691,-0.119037132475985,0.254968260356543,0.300121552075504,-0.24364637153348,-0.417429737353316,-0.340414654615867,-0.0597402419814547,-0.0660484719809638,0.401647260825634,-0.36886701848645,-0.241890624699813,0.633386492798363,-0.356142040185979,-0.325405959284889,-0.19650989286252,-0.356033554608102,-0.366141720951519,-0.24488180551295,0.51620486788348,-0.320486805532476,0.549714469722816,0.697322509212817,-0.336847509777343,-0.346113462784309,-0.254238249294775,-0.0815450976437203,0.503880660679876,0.415119185556271,0.474361520126347,0.489478126751368,0.512028709582978,0.505135768333241,-0.317268737838012,0.531108564927688,0.309327425402128,-0.323910731947655
"继祖父-继孙子",0.476530956043549,0.185124981728014,-0.371594225705273,-0.266609912962029,-0.22424911643547,-0.164516443806063,-0.296875418708019,0.0906724142928026,0.464888010183001,-0.152643549945866,-0.231236113944658,-0.371095798089433,-0.119187786745451,-0.188825762873236,-0.0444245240241707,-0.154510694176162,-0.0535593033199144,-0.00638350766307269,-0.0602695334775594,-0.170309191204682,-0.179587932201308,0.135462557445657,0.0839136851103197,-0.162867867858791,-0.2767350282156,0.401991414286919,-0.194772372220861,0.0576329066997923,-0.0478759099677569,-0.158596453271409,0.39850079654325,-0.0779155916290787,-0.123026426597215,-0.204987329970681,-0.00453267055560308,-0.261739488777698,-0.148035242190585,-0.162519542622204,-0.233054299046443,0.303084834942163,-0.154365677376287,-0.150611275346944,-0.254600482328835,-0.157347420555801,-0.376344032242291,-0.367006096819003,0.0190646468337223,-0.266402244679229,0.187919803160462,-0.203965066224623,-0.218963460209584,-0.33228349157744,-0.0687125260572085,-0.375784028217854,-0.0787766145742415,-0.256579562508004,-0.253368595866611,-0.193221677365185,0.00238532304230072,0.216376036741013,0.538212828982198,0.312700917733266,0.725503933575756,1,-0.0273295620276145,0.694949087057272,-0.334324957619926,-0.26086377958451,-0.261348594013604,-0.284369858319961,-0.295503349661386,0.315147828338341,0.50655247712073,-0.314658406107848,0.508651437124726,-0.327419365989361,-0.210680969351855,0.394750804491804,0.113931196506207,-0.191538006609759,-0.255158953020707,0.354812732553584,-0.0446917945716555,-0.17565753491911,0.317451521141141,0.349646204808944,0.257242934168684,0.0583497291561766,-0.0486418622637943,-0.236378157205436,-0.268580337828591,0.0272413094679406,-0.126652572440713,-0.27093679313614,-0.442581241160731,-0.210789387593235,0.412865426099604,0.0640330228583254,0.48464567730607,-0.233169828048622,-0.141223535908673,0.217884363140779,0.273085829086913,-0.340261186887031,-0.404322372532516,0.0704481867377629,-0.156131977077355,-0.0824053570156852,0.181085790927565,0.299133687373572,-0.244949649871314,-0.228359480498883,-0.403542354557059,-0.211037540550672,-0.0883981521270125,0.235512713253387,-0.261224547905375,-0.23399246219384,0.599324946580399,-0.330093205585247,-0.227020198134324,-0.171101910344354,-0.398811942375196,-0.257128543377738,-0.284962700977247,0.255032066645182,-0.195078878501159,0.562168319316961,0.538617671626775,-0.186554771670637,-0.243641059499753,-0.116961031915472,-0.0470669364856597,0.398112811420295,0.430875052562587,0.50487087021419,0.245677798587118,0.266001123471605,0.299668103380508,-0.0355506185450071,0.377058175311006,0.335585012761287,-0.102221336856642
"继祖母-继孙女",-0.395390116951495,-0.580680447019036,0.312668252368643,-0.102840774497518,-0.000807682858620123,0.349332830400088,0.436761928850341,-0.405412802837854,-0.306987110924199,0.1795418861071,0.142452697349663,0.234163196854325,-0.0174048212773919,0.084931634119466,0.296601302834714,0.312040682944006,-0.0222045261891263,-0.118195188160289,0.545435096365894,0.507444586825776,0.533740344740362,-0.518685057588117,-0.475132624160409,0.22018816636103,0.38016047068611,-0.314784484576149,0.140062765788767,-0.178894751895111,0.0647625317758253,-0.157293437574505,-0.416059235768233,-0.122448958333092,0.511622415099909,0.410195890705247,-0.00584922636169237,-0.0147626625101447,-0.166230377670895,0.113110572492131,0.0768001362377087,-0.469713082796496,-0.0790798418942807,-0.378765659116769,0.111252501733179,0.371582017540598,0.340418630837571,0.532249406247078,-0.454811124025561,0.525106531011191,-0.478783797674706,-0.205516753315011,0.0196951397815996,0.0206129479424105,0.455100741597903,0.0532632775844725,0.528898781030984,0.527128727732212,0.436334394911447,0.688596339972107,-0.203551254553949,-0.090699272932565,-0.239119626611237,-0.352362730121506,-0.273675879567308,-0.0273295620276145,1,-0.0967090788254306,0.183442755141733,0.00787564865564353,0.346126639022539,0.297650875586356,0.576461935133195,-0.119518709554643,-0.46490351665667,0.334956703526871,-0.356595321843811,0.579898527867886,0.552069136595755,-0.413074092202321,-0.328435686541321,-0.0406617849898573,-0.0737818754837177,-0.432683269382675,0.23714155824183,0.383702218204521,-0.303402518836006,-0.27375492867256,-0.342788301781168,-0.26849181423113,-0.520019720302324,0.318124078112472,0.310795824004191,-0.365673415710889,-0.0223410080027027,-0.186029071266043,-0.0802078572173092,0.0863829620521495,-0.432423508984385,-0.275587643353491,-0.10556494486595,-0.0440859511787878,0.287899906783551,-0.469049528766143,-0.351064029040853,0.203470877590662,0.154076981028972,0.0375766070668336,-0.0809325129205268,-0.0204752469316169,-0.242327888644617,-0.0839647519370696,0.264363021684989,0.415705781303179,0.019786676916248,-0.262063997936788,0.0233470791887804,-0.466238717260256,0.12073189377068,0.270196177162198,-0.304479378765452,0.44070162612939,0.358786623306634,0.344906775739333,0.228989358909268,0.526910733542782,0.173468030963091,-0.396036473856907,0.0824773766676311,-0.303144775158337,-0.420706724123219,0.371668261348014,0.31009474118046,-0.0528476375109878,-0.167817981549267,-0.466294515840972,-0.342328144738739,-0.205780106617093,-0.48215221752827,-0.390174224650587,-0.291044052825917,0.0331689822120032,-0.46175220591242,-0.251980787145315,0.243606955550954
"继祖母-继孙子",0.218961283129338,0.223089009264164,-0.338163245442931,-0.175405499128996,-0.250576455650839,-0.217311965759569,-0.310077862975579,0.228049187020704,0.365574159953211,-0.389308775063578,-0.215872000551167,-0.263773362215421,-0.194325108969384,-0.198442625482353,-0.0142070648005711,-0.118712683105827,-0.0761705234377252,0.00884749623125215,-0.199875409815734,-0.249395200941549,-0.234109303997486,0.358978172071373,0.344653947927675,-0.281030934052538,-0.207008688031833,0.451328786708997,-0.144174177511847,0.337515675223612,-0.105875427020613,-0.0484560877236286,0.427458774375104,0.0014209387451626,-0.210654033514959,-0.261954431251007,-0.0336491411535662,-0.160944038902025,-0.0779257010796692,-0.0549361470289978,-0.128488390718704,0.384929070210014,-0.126467839269913,-0.0207858728341354,-0.207489022998567,-0.243888391303351,-0.470123011219669,-0.507922417490269,0.255721184740208,-0.29329113284053,0.163867003982294,-0.0946691242753711,-0.372205552674781,-0.278077177954827,-0.120885920345482,-0.289832206535232,-0.280064603775365,-0.465784714944074,-0.325673887898124,-0.275009307359168,0.113358383865161,0.268588455040175,0.330768729851155,0.483083900102431,0.596807879820096,0.694949087057272,-0.0967090788254306,1,-0.257763567886428,-0.347653419287529,-0.327968328831354,-0.266074991952576,-0.38476705949836,0.386225449947676,0.525969489321169,-0.43012522545681,0.472193497296326,-0.379079791535896,-0.235683351587989,0.530070007328109,0.370135594754731,-0.108204513772264,-0.225637767369356,0.420286382143222,-0.302050702131508,-0.283071191664167,0.297401153033095,0.333731496675744,0.312655838455118,0.195161188771355,0.170082597363844,-0.238227350733534,-0.252989901919153,0.195527803880582,-0.0803482592121233,-0.183514130668956,-0.289102513115876,-0.235457919451,0.412154639942294,0.250574251003613,0.450484445679574,-0.156990711388426,-0.1101402964259,0.304717307318017,0.25628294558579,-0.305890627397819,-0.320369117995043,-0.157516285404342,-0.153576234677762,0.0637049641819134,0.177315784869891,0.3316581641141,-0.306636183277129,-0.220039499485414,-0.357532159573247,-0.0805772528207788,-0.048493198248252,0.408063558969727,-0.391508906336299,-0.303698071271249,0.568993133115999,-0.413595064215914,-0.319668684151677,-0.405179295620596,-0.455623224441122,-0.472262252333133,-0.450695572411957,0.377869745830995,-0.258718380947967,0.427213930221667,0.436903493830537,-0.280164464163353,-0.422660783945081,-0.214864145776752,0.0201035744012229,0.3970557726331,0.475810557686404,0.512396165484205,0.488467231761949,0.363912267662717,0.274843268668192,-0.10652351518087,0.355162710010133,0.278822661374898,-0.071720595469917
"舅表兄-舅表弟",-0.387798378019679,-0.216958819864025,0.494158965046914,0.302716665688279,0.190152600552637,0.186959158049183,0.200756783880056,-0.363886763735805,-0.261143319757283,0.227919356312399,0.309237615007933,0.168514799561638,0.337077313991054,0.189484356706732,0.347598580038644,0.459660652349789,0.179012687946001,0.147743444350205,0.0525717129787425,0.108197644705794,0.0587554265766838,-0.078173067943386,-0.0338072157295045,0.253039389786768,0.232915924614184,-0.131346748771971,0.2196244185103,0.0437461404504344,0.0662217678065302,0.164355068978708,-0.441115860315774,0.217552022645731,0.11201659032775,0.0717190055316671,0.020862638256665,0.00815855275614613,-0.0595232064564945,0.267753543787258,0.294525002631818,-0.352908286997895,0.282023747276001,0.248575282124508,0.38889895212485,0.208085160746441,0.179873253184282,0.198402902185875,-0.186796853136984,0.0727190536591853,-0.252342557595587,0.166191807799002,-0.160309301189634,-0.0718299298827626,-0.0202669052413188,0.0632073072969263,0.022681572510175,0.0467627535496706,0.210057272868397,0.1232557265234,-0.163474373897589,-0.294032782176805,-0.470053544426823,-0.350386999010562,-0.474313166989224,-0.334324957619926,0.183442755141733,-0.257763567886428,1,0.371468134318422,0.395305653748663,0.428891579313237,0.26466844874259,-0.399263031130973,-0.317924437724985,0.220923649022074,-0.13957647552796,0.179793168558996,0.110692748485626,-0.320201551239814,-0.185174292358704,0.291614016312245,0.186647475891404,-0.25588260134575,0.0747522825694245,-0.0120766076519284,-0.538914186404623,-0.384804143574755,-0.262927867285847,-0.325062399110027,-0.339874317974739,0.0382008425149789,0.0320728585860505,-0.253224271830347,0.0832319878075026,0.163827835359039,0.167956547261125,0.18198446374177,-0.529674130974932,-0.37513263308495,-0.358193265326394,0.320905815271553,0.374775745842284,-0.417301218142604,-0.351573259390459,0.451558548931693,0.156097840207792,-0.0439968873756182,-0.108515470119863,0.371533006026765,-0.293359661710175,-0.185920307666357,0.219399425121331,0.393388250334809,0.572596800371511,0.216953753292184,0.224205947431843,-0.150779283483881,0.234352467474351,0.135919061780634,-0.156643113596758,0.287613401469047,0.250834452429654,0.20878816999774,0.192322301346983,0.0929478007618748,0.000465997637590672,-0.449856893592454,0.19855914383061,-0.443537459441536,-0.483542150718846,0.0490672642711747,0.0966138894391859,-0.0972248277403831,0.203513472584213,-0.192760089316021,-0.155244117138132,-0.190578812185476,-0.202870406611298,-0.330731941355018,-0.439536250945941,0.0909733932126528,-0.428198744117587,-0.273409188459248,0.31460313227134
"舅表兄-舅表妹",-0.134656603990176,-0.0373152032219837,0.388952453252291,0.483990707955329,0.480658842899656,0.336647491552207,0.272958631768583,-0.404491933633011,-0.271740246826905,0.182335315850168,0.21806985526073,-0.00852961093224426,0.251844190610085,-0.00217667445502133,-0.0747854343368385,0.200355799664263,0.392594145886495,0.155380348343159,-0.00899102802051865,0.00155167757490589,-0.00152889389570506,-0.142635289951852,-0.118115774575583,0.333420295246392,0.293893666826384,-0.439845191239836,0.139887553834125,-0.0460701546590158,0.270563776841719,0.303095828450036,-0.319877793571021,0.0951081551581434,0.291834605482392,0.170660405428755,-0.0596661659887634,0.188576533113877,-0.105820713793371,0.0839844586742527,0.290618038998049,-0.369245547985231,0.51529442168015,0.327176013588026,0.547924894323973,0.194985438203181,0.0310956521798643,0.0745206446834448,-0.116830640636075,0.0322503402715886,-0.177074949922191,0.253115566835629,-0.124131415374506,0.00200771237626802,-0.00362664254109843,-0.111948271221598,0.222004732504206,0.11830395895114,0.0380970820921861,0.116870835929914,-0.0924724195907981,-0.52501211952296,-0.357092074591133,-0.281084414965853,-0.364330498636777,-0.26086377958451,0.00787564865564353,-0.347653419287529,0.371468134318422,1,0.283574816648218,0.341754602481054,0.336746103839127,-0.530566928131511,-0.14152967933272,0.235886708506707,-0.234082552813854,0.212827261884579,0.0353973432103456,-0.168162133077592,-0.276937630432941,0.281493082550568,0.0106646877296285,-0.216692730989979,0.190511733110868,0.0235231642381812,-0.322453351121978,-0.396043804020422,-0.402324320582395,-0.347681106866464,-0.265191506791915,0.194927874236964,0.137048887884283,-0.390653534292473,-0.246870250579942,-0.0787852302253965,0.0831476800135958,0.206504298162471,-0.176612388590493,-0.384922355050956,-0.294158336739212,0.195999783449829,0.238880513628577,-0.389643531445777,-0.302821777974543,0.302632558146727,0.176914820521595,-0.266574793836159,0.024120471685498,0.168401590975419,-0.294619599774914,-0.387503112565568,0.24346513551047,0.237638796457325,0.35985380320353,0.309229408077168,0.39797947512463,-0.0760020184732343,0.211497124645036,0.112472728391911,-0.149233820380161,0.230184204813648,0.244049544855668,0.376404490497809,0.185047922591866,0.204301418940165,0.224589238464747,-0.221745573128547,0.468312665223467,-0.224976150042317,-0.256457989294144,-0.107321515259611,-0.0440839735520395,-0.0118715021435701,0.328296588981898,-0.23330769946347,-0.177399416417345,-0.359632301928725,-0.412834995094348,-0.347450399015466,-0.398331124791894,-0.0669768554815791,-0.428239396627298,-0.395745435302056,0.20290234490782
"舅表姐-舅表弟",-0.176057624053096,-0.148316073158785,0.535658940356691,0.331897555752738,0.425079070193801,0.247788681493188,0.289452462862122,-0.493690614438034,-0.514745317388205,0.135625860992251,0.0696940017947368,0.0485945665623041,0.437988349964273,0.114231746485263,0.286175927576817,0.314660933995231,0.185243955295114,0.0907753147840009,0.258284417085837,0.0721972646301143,0.277988733545529,-0.247212665856942,-0.160174679348084,0.0309520683723969,0.264682575893622,-0.294438405490335,0.329270006628474,-0.194729221879378,0.372352300198521,0.285792407564611,-0.508160281640654,0.0930867901436492,0.266752548504178,0.0459673994638979,-0.152964864132383,0.135692237775515,-0.231206635095686,0.253412140664371,0.347660772280029,-0.357403152111341,0.298105267676889,0.247778023942411,0.394044666199025,0.248528314939144,0.265507039208338,0.333337659019634,-0.261194287837153,0.113988223087073,-0.188519249872297,0.0566566755371697,-0.011273337204533,0.167762721141263,0.0332445424444154,0.125518534724454,0.361512514472024,0.386730059617867,0.30703672938811,0.41946574732628,-0.0692568217542818,-0.224854004768983,-0.419719308604827,-0.553116831618686,-0.311691641354269,-0.261348594013604,0.346126639022539,-0.327968328831354,0.395305653748663,0.283574816648218,1,0.467816845211992,0.381993003096927,-0.356674945117093,-0.518641299486541,0.069408279687988,-0.311268349367155,0.29703761337967,0.228350320681784,-0.302769788630387,-0.356129715116161,0.144265065982865,0.163295583944599,-0.364238353223086,0.154957180383443,0.141244870954902,-0.404879179245809,-0.506528564479153,-0.470695911254561,-0.352139020840201,-0.379957100421475,0.114050150455881,0.198461658149309,-0.304437238148381,0.0841729095602198,0.121884698105555,0.0989029899202358,-0.0608012283458495,-0.420217498399543,-0.307129038804833,-0.450363113908769,0.240007772835589,0.431173020549031,-0.469233395364535,-0.393221388127749,0.489807084417016,0.292578521312129,-0.190151801402489,-0.115046015041429,0.104563372608166,-0.504186786481264,-0.315574058622852,0.22022846313615,0.294940022506584,0.491215399581431,0.269539504689102,0.347974760159575,-0.165806427616684,0.0848451343017918,0.317297885830927,-0.294435742703278,0.295852507650615,0.380463843883023,0.288750099652429,0.296860277483604,0.242593206810539,0.327404721365276,-0.446082718882865,0.14655362801028,-0.194741687087601,-0.276171453557471,0.127020468694794,0.253773877959718,-0.15209300602796,0.0477847746501536,-0.364666924499215,-0.373577077841634,-0.292954129186611,-0.35426716092735,-0.285485164004969,-0.558841865406591,-0.250963286717428,-0.583980693868039,-0.357763059590217,0.0348648137342568
"舅表姐-舅表妹",-0.0631202883143582,-0.328084996676614,0.708801568177521,0.301296891862209,0.517567752028163,0.621502581406404,0.212280019503376,-0.507472101257209,-0.430249864793646,0.0274941351452849,0.157793259233593,-0.0822264776152655,0.231586229689332,0.148048059535681,0.140330132077299,0.41877131877576,0.330198242849486,0.139248953686151,0.290725765666562,0.195278241447786,0.190908935353211,-0.322518301068256,-0.283364560203307,0.0722548136673454,0.275257410552514,-0.375653211757665,0.25178835196766,-0.137197054258704,0.404292326666164,0.369424465987739,-0.2481507648604,0.216240169071973,0.167997801163845,0.228170694025795,-0.108610953650537,0.134293738462876,-0.15523649034435,0.303929283866703,0.333971939548512,-0.440046851251015,0.491379590359783,0.199005159385907,0.497528707245866,0.613617569858148,0.174602838914657,0.151339520003116,-0.261587652497477,0.0937104965858965,-0.374711557315727,0.195043173926218,-0.183488746185,-0.0940325508680276,0.183655929074355,-0.0846294943037201,0.276306929597645,0.264217579512738,0.293210975504586,0.294103812259593,-0.0946324130667039,-0.46276214315035,-0.590603964183866,-0.360704095737376,-0.362693752311188,-0.284369858319961,0.297650875586356,-0.266074991952576,0.428891579313237,0.341754602481054,0.467816845211992,1,0.259079876806303,-0.472922114788807,-0.360573358739025,0.0487924695873761,-0.373028975416338,0.153427919475452,0.13430215483341,-0.24700502607544,-0.139293523485356,0.131548317519659,0.010446430306948,-0.283799469141024,-0.0618251027392384,0.286538208986959,-0.570725005516757,-0.524166145378267,-0.571883351972334,-0.423322512633254,-0.33876157929247,0.0358014902837306,0.224987441377385,-0.40753290284369,0.0330351367533124,0.0378420253435154,0.116269117991718,0.337719102987365,-0.217142619955579,-0.340996711500016,-0.394378128153529,0.396225649314255,0.438195753973321,-0.65373246345958,-0.599318263953299,0.398740244578123,0.273221991666854,-0.23044240964656,-0.194880250402032,0.368114501195466,-0.50422342796537,-0.561304010174206,0.30211233560824,0.298805263712159,0.618183203687081,0.319821744820335,0.499246032989498,-0.00565810311007294,-0.0305716858704584,-0.062739222867837,-0.187746858139347,0.200425104935896,0.219591632815114,0.421806464502655,0.277570934303313,0.280888877610784,0.27100801001959,-0.381371093741105,0.165868142266631,-0.270675725417759,-0.351377002679129,0.228824414395599,0.0187102213158664,-0.0957050664041241,0.419564752430379,-0.273739910852013,-0.351567460285373,-0.205583253962783,-0.282949991645329,-0.248927377405641,-0.543482073175678,-0.0977693380387585,-0.510430560997721,-0.568551704582579,0.377652732878947
"舅父-外甥女",-0.312788294224056,-0.430861465891067,0.331943274935458,0.0203094792847281,0.212695131583769,0.416747075603666,0.515723941814531,-0.515490538914237,-0.325915402652811,0.203465419089326,0.0648158653260156,0.217311212324608,-0.0588395868919874,-0.155845442552843,-0.0657019329118601,0.114711355096185,-0.0990625157311277,-0.154931165232973,0.328187759849554,0.505248736617462,0.468800433974864,-0.582269514278247,-0.450760589013314,0.219540080276032,0.579784222540395,-0.480831228592544,0.013846870298269,-0.235551408454635,0.0863615153955068,-0.0809888981144388,-0.434697103551605,-0.334284028619918,0.44980566989965,0.469526087893195,-0.149391160493115,-0.0866990236715437,-0.36015347169704,-0.0649745358754014,0.0335198309553014,-0.570890186710072,-0.0262635400211445,-0.330295776205454,0.352426925188724,0.271440747509733,0.546220933002307,0.631852459684726,-0.526464365279229,0.722984369925874,-0.385985832350139,-0.282661586420699,0.0634588470820589,0.0327400630214603,0.385578640113989,-0.0216354940064116,0.576746099587901,0.555369612081837,0.340568713254457,0.585574134393738,-0.110342503573061,-0.168987410138978,-0.210299127844162,-0.377712333097723,-0.366899815228724,-0.295503349661386,0.576461935133195,-0.38476705949836,0.26466844874259,0.336746103839127,0.381993003096927,0.259079876806303,1,-0.261157476346126,-0.403282805646657,0.501307962271977,-0.328015447192296,0.850007685269235,0.643436270151717,-0.428675300844324,-0.309433889592171,-0.0679234441529302,-0.199411228520482,-0.509907977351399,0.20811541728961,0.317386466037775,-0.152347758623467,-0.251270714537214,-0.29449503117778,-0.281040655767566,-0.520051780615396,0.419873448515042,0.407360696487298,-0.439017281006502,-0.125204903383254,-0.0950105428548433,0.141980549724871,0.105964736088254,-0.406753969712114,-0.376421093039814,-0.19067206400724,-0.064163223065085,0.217099080489313,-0.380454119658988,-0.258297631814344,0.249829611268972,0.0985757219015163,-0.0565595835254518,0.116560152669496,-0.140799649977825,-0.301078724240893,-0.250955762813713,0.346927213539899,0.182666444259414,0.201111886139341,-0.13219628631079,0.163874802741983,-0.351222623734295,0.488007751742109,0.560328115220842,-0.334225348049513,0.720757742586973,0.612426610430967,0.517534974613977,0.218537174150439,0.495855688633446,0.325033899607666,-0.395751639094352,0.110060385195257,-0.403820306434286,-0.365817506281344,0.334341973783927,0.366465026454458,-0.00716998058200057,-0.0704526144422967,-0.409693877877828,-0.546003919709319,-0.30660341758045,-0.541550144018171,-0.45977416089911,-0.2371059735545,-0.114569584704197,-0.472992723090313,-0.390256812532204,-0.0774838203388758
"舅父-甥媳",0.279954928897827,0.429064675609789,-0.558476936671813,-0.426087971347919,-0.605777192987818,-0.416065080118949,-0.379512931869344,0.562680665710196,0.407039629028747,-0.232242509901272,-0.205419561356828,0.095274932999152,-0.477402260469353,-0.254977351608173,-0.146836375501335,-0.488937906924303,-0.409718674024089,-0.164292176874353,-0.184504545686241,-0.343918158276512,-0.189228043455563,0.360000476533014,0.256814240053261,-0.285405674288499,-0.342529596101007,0.491570449110477,-0.229505477766271,0.163197421394784,-0.359200188595171,-0.454824575776027,0.364089265918503,-0.0730085854881785,-0.335527567721524,-0.395837038884497,-0.063163440157968,-0.223763132776404,0.173594551353266,-0.281817780389539,-0.364373227418916,0.475233931903997,-0.328350461168001,-0.162933978119653,-0.556422109203598,-0.435152433281946,-0.281715388113998,-0.103243167710244,0.402668738305772,-0.0825334270224594,0.444384222287647,-0.20523531575931,-0.0847032186368783,-0.201661988882859,-0.333504535048605,-0.0772846453469451,-0.23084939213161,-0.153877863701506,-0.30544685345402,-0.192378343817409,0.163109203330543,0.484003152983587,0.402184506308703,0.294928799460853,0.444611572398381,0.315147828338341,-0.119518709554643,0.386225449947676,-0.399263031130973,-0.530566928131511,-0.356674945117093,-0.472922114788807,-0.261157476346126,1,0.494934111346637,-0.127656268820504,0.459793712387683,-0.230452073830422,-0.0321198320930967,0.474467760556922,0.46666432393167,-0.413910590979038,-0.271866086725912,0.354839350632941,-0.107646376556932,-0.196968247590875,0.485886039446946,0.513413929115797,0.449846810482652,0.571328772460179,0.422595362924791,-0.153123913523679,-0.263522553385736,0.523375172008941,0.168593664879213,0.031971529760436,-0.216654812431894,-0.159605093330272,0.484749754284906,0.622970137956553,0.491883829215453,-0.240431014988792,-0.388665181014535,0.4993490611567,0.371383916530854,-0.443205520730001,-0.307169157113639,0.0141197025012521,-0.0203746963954269,-0.206542867006458,0.282078022015492,0.27907181930649,-0.454078049903804,-0.518177486374236,-0.465838179615428,-0.207951418271768,-0.432824134086078,0.315040125471453,-0.313454788072271,-0.0110589752135944,0.410778600543419,-0.283085874733901,-0.111439107740703,-0.460981048921983,-0.386392486315672,-0.444552945383492,-0.418611228721093,0.537835653152557,-0.411707972586708,0.457892138412156,0.491160487481459,-0.183157884003046,-0.216410486309757,-0.0978337975861986,-0.443482221141479,0.333471376891605,0.289989636161115,0.3984681536244,0.433461106395776,0.50047301374986,0.425720892543715,-0.208992440186029,0.305970678137165,0.29687919926154,-0.432303331644048
"舅父-甥女婿",0.529343364501059,0.450813412846838,-0.401138204402238,-0.195999336006698,-0.211301555772777,-0.215697786140332,-0.391678493487109,0.469038567230314,0.740003717831033,-0.389197174806677,-0.198925908163018,-0.268567985745648,-0.273703867768342,-0.355814046464793,-0.257561875610691,-0.281276324501887,-0.13825395632043,-0.127053241096188,-0.431382847683294,-0.507758142517598,-0.497555714619444,0.390756159077797,0.268266969575074,-0.3101346470879,-0.449868894904248,0.490344128688185,-0.328802505842984,0.174592649680347,-0.232436839361005,-0.221619923996885,0.606143949332325,-0.137997707976731,-0.489592435303342,-0.402875736119422,-0.143963115152469,-0.325541194319635,-0.0519448542974676,-0.297939163452632,-0.27797992916775,0.495330037059496,-0.081695855461545,0.022120410109884,-0.257137863506537,-0.289081495827177,-0.442921199234144,-0.469143566924378,0.411782654617051,-0.392674061644069,0.45598357898361,-0.0485397349303098,-0.265040869450822,-0.351530620976559,-0.421015879732938,-0.316099981353484,-0.37910207880571,-0.482804820925263,-0.461043791666754,-0.50318528799278,0.0118319527019417,0.187910944481481,0.497826607894825,0.421056838754463,0.582659619319242,0.50655247712073,-0.46490351665667,0.525969489321169,-0.317924437724985,-0.14152967933272,-0.518641299486541,-0.360573358739025,-0.403282805646657,0.494934111346637,1,-0.291236491762513,0.661227358881086,-0.454061552563572,-0.363591809531147,0.654646238374979,0.60730237661178,-0.284544935468646,-0.335895399676509,0.577448066559632,-0.339515863725915,-0.419597226192064,0.561891344165214,0.559399707378678,0.520788078721043,0.439293697963707,0.393962220245256,-0.394319799410358,-0.354596174017966,0.256209270304832,-0.210194126341025,-0.180901133591109,-0.324412083105662,-0.219313944775297,0.658188785806234,0.42375265944771,0.597822915332397,-0.0799825418941781,-0.281401274900039,0.533733446632636,0.5104742134195,-0.40666108741206,-0.321448746208789,-0.0990385155105699,-0.0712688904669764,-0.0678444902230246,0.310248203661596,0.21585970665019,-0.346360414652773,-0.572980622337678,-0.317783988915332,-0.0978404725475286,-0.235856198422054,0.52334782258005,-0.302838850888154,-0.359335744153498,0.702329391474098,-0.451532366704878,-0.293532979744864,-0.276544298852502,-0.502487086498962,-0.4596262290336,-0.33105388318883,0.588521539572892,-0.401804733220579,0.551153009112588,0.621227943740636,-0.514617561753545,-0.50424196110207,-0.16148207719238,-0.0289168351568534,0.645564305533887,0.420281272215645,0.489949665095963,0.449609303525546,0.495944653324863,0.568929445009999,-0.0783901316320243,0.576442677056498,0.447081186773757,-0.233839208099438
"舅父-外甥",-0.366590239767125,-0.361483806155381,0.0998250618033808,-0.0267195799580895,-0.0555768347269967,-0.0669621512142905,0.398852265294766,-0.209144707730354,-0.13625296485417,0.494910945383285,0.015474295853639,0.265054788816432,-0.134508419419933,0.242638200798584,0.024414839034536,0.115197898528405,-0.234254108605104,-0.149403419774981,0.342842012638197,0.262846474339611,0.393648992344981,-0.274669458157499,-0.247136404140945,0.468746490977072,0.249336211928123,-0.251169969669698,0.255910999415771,-0.204514519885645,-0.0661551828038969,-0.287710896814007,-0.379409554754612,-0.163635953731541,0.137519027042041,0.349644874908385,0.236802578826244,-0.217133499975436,0.208193668144346,-0.0283067787861887,0.00449404270501533,-0.458760686399963,0.0138107231720615,-0.215925309783491,-0.181477303957843,0.0410430331401436,0.33199408888776,0.683154345267191,-0.350785206605734,0.536022768467424,-0.155332313681722,-0.200242117392023,0.203910133264277,0.315626293688571,0.0903398112641928,0.286022886264057,0.161131673459036,0.432114799411515,0.107295680330732,0.271921599085292,0.103761562421897,-0.0273424403376077,-0.0512641304351904,-0.230094356708347,-0.477827060633828,-0.314658406107848,0.334956703526871,-0.43012522545681,0.220923649022074,0.235886708506707,0.069408279687988,0.0487924695873761,0.501307962271977,-0.127656268820504,-0.291236491762513,1,-0.320958519465217,0.377302947744751,0.544812073780674,-0.470178412531883,-0.224408526187958,-0.250937016122689,0.116747552489898,-0.5803062895573,0.345683785514136,0.338936507372365,-0.0248320054692138,-0.0102079617441103,-0.228169762484364,0.0827139470206734,-0.191788501097907,0.254743337066406,0.054610112940773,-0.173417456391885,0.175971568594294,-0.0192609484041702,0.0242159606201544,0.144430117696419,-0.413038876574203,-0.0967804425206213,-0.240553658321733,0.110263479896591,-0.0694793122455503,-0.285552796133768,-0.113316234328234,-0.0731686491355055,0.295919389469984,0.288221411960852,0.208504258570822,-0.266980371541766,0.00111548395295167,-0.120664749465676,0.0237364003657132,0.177814052426745,-0.0630094478708206,-0.382375222230856,-0.369619662835612,-0.333930751428375,0.526519200222298,0.413934024157834,-0.401678733807238,0.381722703321224,0.403047222718073,0.201498078432828,0.201531829492847,0.356272466857658,0.0397046626498925,-0.391202241542714,0.0967485014272196,-0.480453736440885,-0.557985410776542,0.406258301266348,0.247411789901293,0.206941387322255,-0.253275525987901,-0.299884479115085,-0.367695325407749,-0.292261811223808,-0.40252582886529,-0.590019437901514,-0.040170795137818,0.27103486869869,-0.270359453504359,-0.0153631344861935,0.145412168615405
"舅公-甥孙",0.524511980562735,0.526298352663026,-0.392360991189922,-0.371410755180477,-0.429214420560057,-0.314227040963955,-0.411002606797903,0.352139878651586,0.52383849551484,-0.398886927937261,-0.153359452508336,-0.364858643506904,-0.248137675203481,-0.3614886793983,-0.0872094394037058,-0.342764000036512,-0.223931003343407,0.0772793944254152,-0.344251775275721,-0.499105580904505,-0.392397688593856,0.423234389195394,0.368018976444077,-0.364993706739415,-0.381680212901599,0.59106022782828,-0.312600826373255,0.334692601131071,-0.288677154720551,-0.261849849773488,0.412942309172966,-0.12153072221229,-0.539160416075034,-0.487894671759109,-0.204695978938005,-0.344411793892628,-0.126895952117097,-0.254189314299751,-0.277279024439641,0.540449113310935,-0.163086384823748,0.0266160221281853,-0.28105912819388,-0.410616246079498,-0.414100263469005,-0.410739778262717,0.33761570841786,-0.39551662938285,0.468265984799919,-0.108695840718681,-0.333021994305535,-0.276087174125525,-0.425738512331358,-0.315655874145451,-0.407934675113682,-0.376640086694514,-0.43899374482012,-0.426524450204321,-0.00123682789162715,0.246018538350165,0.406116261423564,0.320272038573588,0.624651889512729,0.508651437124726,-0.356595321843811,0.472193497296326,-0.13957647552796,-0.234082552813854,-0.311268349367155,-0.373028975416338,-0.328015447192296,0.459793712387683,0.661227358881086,-0.320958519465217,1,-0.329281855064347,-0.307415994453208,0.582154200025138,0.485473184835177,-0.187208173514628,-0.386691407692216,0.475372283833466,-0.316223172056996,-0.407453885752374,0.431970580988142,0.584923984751187,0.517209316563018,0.349394510773094,0.222274951670257,-0.37329822411478,-0.404844917275285,0.382624474239884,-0.101010768385586,-0.12916218202072,-0.278867603868575,-0.29431148627081,0.48300948571294,0.470943676663105,0.534942424887996,-0.0188070577347889,-0.19800883222801,0.534970379967856,0.485882884554068,-0.397656488970925,-0.356540435592262,-0.0635253678914501,-0.104486013977852,-0.0321339441702892,0.208965466372143,0.384208167980969,-0.287482737177932,-0.362411715660139,-0.264820717329226,-0.0600862019459137,-0.20968780782724,0.418909323398197,-0.215295009450017,-0.177004393300047,0.744603538748034,-0.378822466902376,-0.247423922677936,-0.360115614292331,-0.452010769793055,-0.47082764353551,-0.427611564088466,0.498834939014611,-0.361090388387984,0.44661106959159,0.561074040140464,-0.433234020464259,-0.423867240937837,-0.286240044873001,-0.100843819714467,0.536642111498869,0.640170010235785,0.521779330875902,0.55859939360632,0.537627181625445,0.505939301614217,-0.195588524289905,0.531230989239995,0.433646259076674,-0.312792994632854
"舅母-外甥女",-0.273095074704544,-0.447477078145585,0.319827087953269,-0.0924922043421343,0.125269942688909,0.408706017775585,0.513599488838807,-0.452073761303391,-0.30732122423946,0.134790181533325,0.14229720037359,0.24396447331286,-0.0854427994921668,-0.140975073927248,-0.029828479981895,0.0880025405676112,-0.0898685312161816,-0.0589408340068949,0.403330677113717,0.62140389932306,0.532438895979339,-0.594997369503421,-0.40182559827157,0.235901089414825,0.54625782429949,-0.497823985114112,-0.0698664205079798,-0.229687013486203,0.0166458941299285,-0.147706722788909,-0.379561023391206,-0.462548529791566,0.499256438636328,0.474395689447253,-0.178365641559381,-0.0752416250788539,-0.397774454759013,-0.0625280861000977,0.01462234220947,-0.530315276986298,-0.159603497027178,-0.432903288389797,0.24099803563025,0.246992247056452,0.564611143392944,0.573883906951459,-0.512988531876956,0.77488229279839,-0.361182946877279,-0.322085079915701,0.157867013450479,-0.00460534706878753,0.435953135495652,-0.00492649422694727,0.593493455514164,0.616013613207615,0.408452079066867,0.617406114958592,-0.189440610850925,-0.179188781140776,-0.177710618427643,-0.412959927239554,-0.341195276493034,-0.327419365989361,0.579898527867886,-0.379079791535896,0.179793168558996,0.212827261884579,0.29703761337967,0.153427919475452,0.850007685269235,-0.230452073830422,-0.454061552563572,0.377302947744751,-0.329281855064347,1,0.649302793010266,-0.412845398198914,-0.320473199373568,-0.0745156928283396,-0.292740815811187,-0.47168312932091,0.129923021682497,0.278202081368653,-0.154667408323359,-0.296260897083793,-0.191669514968078,-0.285380992289304,-0.467318792781814,0.529792633663416,0.468846457902567,-0.31345828352433,-0.230989953454212,-0.123758639760786,0.0995166345690913,0.0374676433086202,-0.403856655233028,-0.31210198532232,-0.165417594920689,-0.106658679779083,0.215419042838106,-0.304001256619674,-0.212086326178563,0.261029622287205,0.0467641965502004,-0.142051697607984,0.0522133195775712,-0.276218749708437,-0.277731771220805,-0.194455641043069,0.392967309300804,0.185792658764419,0.122597245198074,-0.228275467139104,0.151292161798895,-0.434685098793084,0.478679077980736,0.609934827399661,-0.361326900801316,0.728805808466903,0.581979470912201,0.551808229248426,0.273807588374937,0.534028033861974,0.404479030597209,-0.361176815058071,0.217317305970851,-0.402803733165567,-0.357811087854167,0.319364467933633,0.421944749569436,-0.0473650735413825,-0.172330989574586,-0.491404848526103,-0.477679874716932,-0.278554140595581,-0.48534899835044,-0.344303108923718,-0.194179777720038,-0.139413483472762,-0.418299630686093,-0.353932036314642,-0.0529885645195501
"舅母-外甥",-0.31172501881115,-0.470341160484775,0.121593341160783,-0.11880102211392,0.0529041942909289,0.171721934124904,0.344568382658371,-0.38975577987269,-0.316798484930074,0.349744262291776,-0.0873121033520231,0.350299276358932,-0.154118634533018,0.208860335177316,0.155382410094337,0.10960374926972,-0.296011202455822,-0.160030649240062,0.44613731177262,0.488517666383638,0.572540218919674,-0.453327658066173,-0.297661360697411,0.321424827018777,0.397290346757963,-0.332193578654068,0.221161151535331,-0.311475127282954,0.020331858961364,-0.265841647985172,-0.380743471886107,-0.317903987152021,0.479642517083108,0.411545929319009,0.167966786861124,-0.218900702416547,-0.0103378019692939,0.0775989736753211,0.00499800891623058,-0.485050937395046,-0.122903561782477,-0.369999005296168,-0.0609145728974312,0.248823105608079,0.486358899942096,0.574558037749203,-0.533297892695859,0.712165776150043,-0.286563610622665,-0.359503464446469,0.116036556784248,0.0733226433450322,0.329647581273551,0.128073858831389,0.46808962668843,0.513795815063751,0.251046517956596,0.49419917084748,0.120117696639685,-0.0699626057905906,0.0592767206687171,-0.328476278281108,-0.391039632384838,-0.210680969351855,0.552069136595755,-0.235683351587989,0.110692748485626,0.0353973432103456,0.228350320681784,0.13430215483341,0.643436270151717,-0.0321198320930967,-0.363591809531147,0.544812073780674,-0.307415994453208,0.649302793010266,1,-0.371010105187772,-0.345668775815831,-0.336031684351853,-0.143661656180364,-0.631305107786511,0.3413932504197,0.312202705682109,-0.137441090041362,-0.227911789218497,-0.254009498448483,-0.145266021873914,-0.41575330213712,0.562349454220698,0.370293132049407,-0.245716714392411,0.131024157867461,-0.236114849830888,-0.0347337359661355,0.0166894190556409,-0.377006681710108,-0.174524047292865,-0.147592550585417,0.0078000555945102,0.0991421122740924,-0.284783125740966,-0.208426079206816,0.0394584490528878,0.218190865082951,0.0705882255587789,0.125982383990538,-0.307633888441935,-0.280856168053729,-0.108572986895371,-0.00426480774353622,0.0593278500733214,-0.113561867157813,-0.383599120584321,-0.0467876434816455,-0.353527836428763,0.346217508405922,0.603960147576035,-0.393964033037854,0.614884875155212,0.681096957295052,0.196013151417464,-0.00302145846111575,0.354359969876736,0.172080217584103,-0.32601964980742,0.192494677115372,-0.349520390781947,-0.401284624844771,0.389181484431666,0.411822943987398,-0.0284130605323899,-0.306010034962781,-0.406062892096341,-0.401863084497492,-0.235812095893543,-0.485085610862926,-0.374941519277174,-0.233663049458344,0.126895355046144,-0.397303645459977,-0.162258584834964,0.000250865943174403
"妹夫-妻兄",0.51273731609764,0.613052764150922,-0.254771914007234,-0.11808107213949,-0.26249175352067,-0.268827575030603,-0.58702380087656,0.430557822700547,0.396644500522654,-0.511047520885355,-0.338686461858615,-0.416667357266781,-0.405338257902078,-0.505498405635164,-0.448445537728279,-0.537279920914331,-0.106208208088759,0.0390641325838235,-0.43221516304556,-0.52290372072317,-0.41315742837163,0.47862534822414,0.325005845476281,-0.325106815437273,-0.373681984214359,0.485034715761915,-0.34483789728635,0.315264285654086,-0.167912858080844,-0.154542417457444,0.581839015417524,0.0092403266082487,-0.384062016632433,-0.386285659323585,-0.0647026697494362,-0.167084909544049,-0.126436593113081,-0.36640513295106,-0.273732007166296,0.629154846609191,-0.093974108081839,0.153792399251309,-0.175834638924464,-0.338228046984313,-0.566089193273688,-0.524322685006454,0.549695837765934,-0.379577773419431,0.498864543205201,0.119163771043398,-0.288399989366215,-0.238221954490979,-0.452011253862168,-0.292264895834697,-0.372115798803181,-0.473749727389489,-0.548515642403376,-0.419764666553218,0.0907197203812157,0.232361487389357,0.230442195336553,0.415729593686368,0.492384338261395,0.394750804491804,-0.413074092202321,0.530070007328109,-0.320201551239814,-0.168162133077592,-0.302769788630387,-0.24700502607544,-0.428675300844324,0.474467760556922,0.654646238374979,-0.470178412531883,0.582154200025138,-0.412845398198914,-0.371010105187772,1,0.577266002056719,-0.177963976911313,-0.354300038414972,0.593344301696248,-0.210337248991073,-0.347927577395704,0.371620257970873,0.399239090281607,0.296126904554774,0.451477989618859,0.362893567904506,-0.338306993103918,-0.29165853849991,0.348958638796651,-0.0765987440347139,-0.031881321418466,-0.213209952144429,-0.164070827871904,0.720742263764638,0.408867527111532,0.550569285182784,-0.128740310790396,-0.299234466093604,0.457718642510717,0.348148317104052,-0.49007508211964,-0.372151491739862,-0.13534620733795,-0.180452294183853,0.145476970659042,0.182256357371364,0.214042267269336,-0.323409347766732,-0.405244642089155,-0.211440818146034,0.172305837202392,-0.0414063821041355,0.596097625587393,-0.383083259364479,-0.275676914323103,0.573561123312287,-0.518280515359528,-0.291336355019268,-0.348111741083043,-0.344581787888879,-0.466780552479727,-0.263625580190932,0.604068532861515,-0.262501275017563,0.620859635905253,0.645281683506083,-0.451986839375387,-0.529194081523293,-0.0859759461289895,0.125147149482764,0.559562482027987,0.498822016840941,0.446736850900318,0.572812405619165,0.587947782326858,0.276676822971939,-0.355832573677873,0.39021581083218,0.248264195643985,-0.397091128204435
"妹夫-妻姐",0.24941325409517,0.380681377867561,-0.179921901429449,-0.171056464085558,-0.229107493492015,-0.202207574811009,-0.260663458438453,0.446117217896018,0.433748732967495,-0.546961819126086,-0.172579242307491,-0.258734296874965,-0.304238613170472,-0.385046376019617,-0.303302620444919,-0.263183599909519,-0.199127685991291,-0.166892073576537,-0.44108465175639,-0.475519306604507,-0.388354651270064,0.338321561588702,0.262213793424732,-0.278889046380254,-0.269395385793941,0.436884544401966,-0.154995523144321,0.375000632341585,-0.152377311917262,-0.138932678954735,0.548532555222616,-0.0141479439936909,-0.45725734930528,-0.247697226715438,-0.19636110973674,-0.197388345287529,-0.0281621723773819,-0.229712218371875,-0.240954605936573,0.411552140128905,-0.057864652135246,0.0837260442794052,-0.208335954473361,-0.295716920663297,-0.467090809524529,-0.341313177622265,0.542305269826965,-0.254575393581659,0.295295859390002,0.181084465621236,-0.264910527425076,-0.156246006476411,-0.411142200749963,-0.0914357969229345,-0.451979255634073,-0.365130862134925,-0.323801270613918,-0.474766062566277,-0.00688317234010278,0.213141836206636,0.152922134722311,0.325860540014176,0.371477643975074,0.113931196506207,-0.328435686541321,0.370135594754731,-0.185174292358704,-0.276937630432941,-0.356129715116161,-0.139293523485356,-0.309433889592171,0.46666432393167,0.60730237661178,-0.224408526187958,0.485473184835177,-0.320473199373568,-0.345668775815831,0.577266002056719,1,-0.224482613719966,-0.297874028832785,0.537242901680259,-0.403718468444858,-0.256947358376171,0.401504212697914,0.466517804493898,0.361928740237687,0.446549480407837,0.536031446316929,-0.307528766078889,-0.32918249006557,0.307073593294199,-0.149908708303158,-0.0298920765007016,-0.191248773890691,-0.159440103283635,0.548182826418066,0.478554440444895,0.392261936917935,-0.107854697127179,-0.232176109611291,0.393415081140794,0.297111861998173,-0.380998199104775,-0.229175818664127,-0.102514314541505,-0.155270616425815,0.137529981479243,0.291183375630205,0.154743831715112,-0.25948614852475,-0.329231723062387,-0.162430404906232,0.0324014811468928,-0.200989693142766,0.490218171778626,-0.342899920137961,-0.339348580077611,0.449713787751611,-0.40618276599679,-0.267575367333443,-0.225651669090666,-0.177677004152415,-0.386414582693923,-0.318413585848433,0.569712646868011,-0.47581724782626,0.315125091014979,0.392483791632932,-0.277720338498902,-0.44938476180601,-0.161709556270579,0.0467163831895813,0.519570838199969,0.253549412336176,0.266154115508753,0.595060299246471,0.35628299449112,0.442166572166147,-0.182450902470324,0.420923697234369,0.22276509447206,-0.191506153620399
"母-女",-0.30882026722978,-0.0698522270912223,0.135541442965874,0.383844626950209,0.277414158543131,0.0695651048448354,0.00895982449453452,-0.154291479571936,-0.266466851300441,0.0243834121143581,0.285203269338657,0.0872954570463316,0.245172546324514,0.0112514530174597,0.133758508863462,0.181316344297594,0.417668637441202,0.142520966319447,-0.123945991470118,-0.0579160738002246,-0.221248238107932,-0.0738489533728015,-0.158346511731811,0.0267940176901389,0.132297082479327,-0.250783345553559,0.0596370848015465,-0.00845655241218244,0.0272316283522058,0.462027246287312,-0.17548577312614,0.481117486167596,0.123234304331977,0.0210376537598989,0.0427506588496984,0.597771284892,0.137011866473877,0.111893258513375,0.211975702080595,2.50758200620988e-05,0.266637015347143,0.351048323159477,0.448861711649618,0.0169435944200664,-0.0540419143578582,-0.165225670092864,0.134675572302786,-0.374266078695497,-0.255916340598085,0.353771810658634,0.00270496776274734,0.019395603541779,0.110921168169745,0.0772336383287408,-0.131102089571325,-0.251095681116805,0.102437277751599,-0.0772113050965556,-0.196686135758385,-0.250303456220917,-0.366500501111382,0.099351557204664,-0.209145395337851,-0.191538006609759,-0.0406617849898573,-0.108204513772264,0.291614016312245,0.281493082550568,0.144265065982865,0.131548317519659,-0.0679234441529302,-0.413910590979038,-0.284544935468646,-0.250937016122689,-0.187208173514628,-0.0745156928283396,-0.336031684351853,-0.177963976911313,-0.224482613719966,1,0.392053030862395,0.162187565685178,0.0535794348114668,-0.171194028577346,-0.349223535673564,-0.327454914547285,-0.127782551650306,-0.188378754290501,-0.103603366809765,-0.0920595486859937,0.030168826198331,-0.27147365940272,0.019007246638741,0.244370148770701,0.370323483349156,0.206348258347977,-0.211938212985522,-0.375257382501546,-0.18886177407367,0.01369984870673,0.262946307423255,-0.20230249471651,-0.265298950065206,0.351894937571207,0.0470022537769,-0.0598979018629169,0.0374529938788444,0.384665515393903,-0.0146590558708039,-0.015420727866015,0.355300740842594,0.360764215708628,0.363644862040155,0.433163799116887,0.415484629562066,-0.106003947085822,-0.0359782555431764,-0.129843543815301,-0.091062335921236,-0.0793551658062179,-0.203959633148968,0.00812103921911947,0.139798540398911,0.0168654513115114,0.156980562910303,-0.211597596712282,0.189350475783262,-0.122086110311982,-0.205647550785729,-0.164871077445744,0.142547297081605,0.139698892984153,0.291787909537065,-0.0953597638873639,-0.115769641987707,-0.288235837362051,-0.171583409714378,-0.093668500324751,-0.288524311134994,0.12586348455747,-0.157608976705692,-0.166989556138138,0.245312906563363
"母-子",-0.359669516313233,-0.211376698103243,0.0193990767714346,0.207981627253261,0.0907272345429491,-0.242837551083091,-0.00796372073804951,-0.00485450065789083,-0.281224821502905,0.324990125016687,-0.135745500077778,0.195604452926411,0.276804900744788,0.369800219134087,0.176433113381857,0.209703191927348,0.0943676218101915,-0.0951260634426439,-0.118702846267928,-0.0701468967081538,-0.14460479796653,0.0196108993028215,-0.056027139433303,0.0962136128396867,0.000723629165708877,-0.12520848376376,0.286217921192712,-0.0928722686446458,-0.0275876222350569,0.159797743142676,-0.308969828014416,0.456763566553195,0.112219168487186,0.125925205057543,0.382899956349622,0.36209764349203,0.451967002834646,0.122130668673475,0.240201027830471,0.0398055051088032,-0.000193098094221476,0.28704641807552,-0.0677891000655202,0.0546000842903051,0.179836614134645,0.187525524224838,0.0646128378573634,-0.211182563926267,-0.114512774496957,0.20914467903849,0.238156415235496,0.410236112152535,0.0622124321731638,0.421643961957477,-0.154625971929029,-0.0279237726533151,0.0537279409354375,0.0388208655520695,-0.0689945751797034,0.0759448126950074,-0.21296608536683,-0.0657914741555636,-0.310222270761336,-0.255158953020707,-0.0737818754837177,-0.225637767369356,0.186647475891404,0.0106646877296285,0.163295583944599,0.010446430306948,-0.199411228520482,-0.271866086725912,-0.335895399676509,0.116747552489898,-0.386691407692216,-0.292740815811187,-0.143661656180364,-0.354300038414972,-0.297874028832785,0.392053030862395,1,-0.0994651808310898,0.263327716379278,-0.0246308085721635,-0.260921251420645,-0.220804391910229,-0.194845162919389,-0.0703856910573911,0.00433603169304033,-0.124301928678322,0.0399716902807024,-0.0803152364545955,0.403490133031239,0.310295048514475,0.331261702748059,0.0947315724460665,-0.381819578573522,-0.284694064543088,-0.362165075464462,-0.016791175629411,-0.0720029745389349,-0.26640500718672,-0.140120928365523,0.238171672415576,0.352670382500476,0.330489692066992,0.0470913988843232,0.170791790214304,0.0816397670343894,0.036736677198022,0.185118715643162,0.347005715817711,0.227888916977557,0.222841062092358,-0.113989654579136,-0.176686816641914,0.0944931165273741,-0.00434415645753326,-0.360184679684482,-0.0655986830764361,-0.119626414882072,-0.15828839653741,0.252335556686145,0.0664239374082858,0.0890633661486169,-0.359733585729935,0.0383071014183218,-0.186097816549742,-0.23668865390474,0.00106585319147611,0.318024060281553,0.28503407762851,0.0654383098017433,-0.119771968776297,-0.2428038463121,-0.441970834950117,-0.213323455290306,-0.320452314086156,-0.151009629277504,0.323383399502176,-0.0974433851676884,0.191060248432266,0.169940790138335
"婆婆-儿媳",0.356698534754209,0.422090246975085,-0.393282841534477,-0.0860094460542967,-0.131129595544906,-0.141654212232196,-0.479657311757974,0.484283142051263,0.532487476234951,-0.471007960493386,-0.0969544385826432,-0.283405149420876,-0.0890668366198208,-0.385772065815015,-0.220414862708348,-0.231381834075275,0.0428666272643458,-0.0625206222542707,-0.45978415338053,-0.525355496157044,-0.510850110579634,0.353731761484967,0.242355781914092,-0.295493155916921,-0.389211882687621,0.409090601296505,-0.256127539959815,0.325911048938335,-0.059918149288924,0.156208335803952,0.54643307334623,0.131199031413839,-0.308454891610699,-0.369563898661582,-0.173934629437811,0.0149464367553577,-0.0572311113561033,-0.191600443654691,-0.0468605726663188,0.634608383195358,0.0844071491170994,0.145148805813828,-0.0186549338628444,-0.317373697395712,-0.502506604139867,-0.57736411536037,0.523182893906853,-0.573868692817285,0.297886163751752,0.188848365913477,-0.253144566909683,-0.34788919190302,-0.253118354344003,-0.133964202915696,-0.377916448276987,-0.590717811944674,-0.24761691196113,-0.464525612802329,-0.220206920193745,-0.00978359309793553,0.20716213491172,0.315297460789459,0.516193479464688,0.354812732553584,-0.432683269382675,0.420286382143222,-0.25588260134575,-0.216692730989979,-0.364238353223086,-0.283799469141024,-0.509907977351399,0.354839350632941,0.577448066559632,-0.5803062895573,0.475372283833466,-0.47168312932091,-0.631305107786511,0.593344301696248,0.537242901680259,0.162187565685178,-0.0994651808310898,1,-0.267570755003598,-0.431450078498303,0.319172806914382,0.286654933332779,0.374637927098672,0.254731321489535,0.412219045052635,-0.320390330125379,-0.275661397549286,0.20796166468607,-0.230588971779333,-0.0956368686014067,-0.139614155408349,-0.217324721739581,0.563402776574075,0.248864293395989,0.350167821454975,-0.254921931475713,-0.0718248579849883,0.441835687373896,0.261654542377533,-0.0931343378839809,-0.318838930176362,-0.181143514595307,-0.387834610731618,0.220365097583446,0.20578362486842,0.108961448432174,-0.139321512385652,-0.279546103364889,-0.0672330130914726,0.235424036202497,0.045518746452407,0.462095990762144,-0.472732198584702,-0.472876480321433,0.599606412030094,-0.501512675377877,-0.473428495487909,-0.253691702525638,-0.273818609585128,-0.450084198041426,-0.149818664284718,0.585243928875476,-0.25729981744404,0.601433892470809,0.65690029030274,-0.440019346904492,-0.458362504126323,-0.242760762569804,0.103003657832357,0.57447655493103,0.384252225637464,0.311224472256549,0.418284551764307,0.387781310974694,0.366820822327007,-0.193401138698509,0.429522464247986,0.267527834860023,-0.117934667459758
"原配-第三者",-0.323412991718218,-0.201754696231285,-0.0538513619221218,0.0253176723325536,-0.0709688939041657,-0.0774986118542867,0.0637686854327612,-0.159632896687889,-0.272259707600607,0.390557796799986,-0.055529879019344,0.326997931305219,-0.0756629727537184,0.0765144213384683,-0.00731047857529724,-0.116493398945172,-0.0604169491468207,-0.14960848630463,0.111895726540876,0.00464415439272004,0.140025051810834,-0.0538837631107573,-0.185517546226861,0.496159639379507,0.0428100987324056,-0.0656653303004175,0.363863985842671,-0.114947132759523,0.0781047664448985,0.0645432564576932,-0.342954222427028,0.200163805952259,0.431978679546498,0.37456671733927,0.505330120508768,0.165634236841146,0.248094510909243,-0.062793117261689,-0.042002351048602,-0.177124482779855,0.0416583808371606,-0.0142496698587591,-0.0788285891808247,0.0611216362885239,0.077757381962711,0.282239996119355,-0.218009041741797,0.165950118716786,-0.123936718562041,0.0950901913640268,0.170558220513448,0.226842445238694,0.10809482816905,0.246413036521867,0.167354171569447,0.19406067748626,-0.0106857228930682,0.18660763301003,0.0236782665224978,0.0114914572939459,0.0221381720951592,-0.210177841731818,-0.196695343095998,-0.0446917945716555,0.23714155824183,-0.302050702131508,0.0747522825694245,0.190511733110868,0.154957180383443,-0.0618251027392384,0.20811541728961,-0.107646376556932,-0.339515863725915,0.345683785514136,-0.316223172056996,0.129923021682497,0.3413932504197,-0.210337248991073,-0.403718468444858,0.0535794348114668,0.263327716379278,-0.267570755003598,1,0.0898412721892277,-0.220673951299955,-0.233127682127696,-0.381657908558661,-0.173060358868066,-0.234169776377816,0.384828883108775,0.210726937566854,-0.148237962343884,0.18096262327873,-0.100339311830899,-0.045981304556292,0.0639070580434754,-0.245426411605055,-0.278800675246227,-0.322976532318664,-0.170267536359814,-0.153747663844148,-0.20517815998917,-0.187706258062128,-0.0791239002516697,0.045947953893261,0.223234285198566,0.0736251092941252,0.019036938460739,-0.168379827971295,0.0588031667042011,0.00883334588261477,0.20416251414512,-0.041949794622866,-0.0119553284287563,-0.0227999316122309,-0.286127825034992,0.0646012754432351,0.300400974821834,-0.316548670960789,0.268436618545435,0.339091740819325,0.12134776395633,0.150055647851218,0.183737249418162,0.0625870085599076,-0.23064384313035,0.383543217940303,-0.191557170561795,-0.17928414659173,0.178181784229701,0.314602619638406,0.181687946370751,-0.0503873659846698,-0.293534654775057,-0.182279166841913,-0.355523400408328,-0.432162413932011,-0.326033952411689,-0.300849165246178,0.0967721580702961,-0.278426896993064,-0.0698347705374278,0.00574533525376036
"三从兄-三从弟",-0.0148555992666681,-0.378981260822902,0.230363126690897,0.146382379940165,0.111551179976451,0.322526300916893,0.250126154850906,-0.398360642112695,-0.376386139061975,0.130813127742258,-0.0825447563206867,0.0133785949389194,-0.0698774290019387,0.112747015559206,-0.0332661389026795,0.0496181641761242,-0.087443135170469,-0.0698025397114875,0.459132541338128,0.474572633883295,0.486400667000895,-0.460048660973179,-0.485113046798079,0.0912541082877395,0.172561197382981,-0.37032992382553,0.128304608899316,-0.402758473991297,0.0322173919971511,-0.0507424375475689,-0.293480309520733,-0.0306871009668001,0.244985541892828,0.279815956091882,0.00458440881551511,0.0506070051559733,-0.00108186367168707,0.137986594503573,-0.047964621656402,-0.45607208030718,0.0265847701185603,-0.377087258855842,0.142378239763955,0.336824233001829,0.160227725997566,0.265384588458209,-0.326216367085824,0.410655797181323,-0.340880301807591,-0.0688754134289923,0.187638310887266,0.0919696037099888,0.384464252144662,0.150304801212966,0.338539358827,0.485462245144056,0.337159479395237,0.344347765100939,0.180229101493162,-0.0958694581544326,-0.147442641016439,-0.12884850111383,-0.293235084917402,-0.17565753491911,0.383702218204521,-0.283071191664167,-0.0120766076519284,0.0235231642381812,0.141244870954902,0.286538208986959,0.317386466037775,-0.196968247590875,-0.419597226192064,0.338936507372365,-0.407453885752374,0.278202081368653,0.312202705682109,-0.347927577395704,-0.256947358376171,-0.171194028577346,-0.0246308085721635,-0.431450078498303,0.0898412721892277,1,-0.228094665748946,-0.129698180477931,-0.325460127699323,-0.203529921344089,-0.132600910329942,0.106300232091035,0.095390703781754,-0.374741462349617,0.0635074516334031,0.0328888664338181,0.00950819516516573,0.247557149535985,-0.250986734346524,-0.116605271661055,-0.333897939787965,0.0777964694915868,0.0431723544909322,-0.344585512329293,-0.243917505621086,0.0381596768680513,0.114551276304975,0.172229163454525,0.234977370035916,0.00235096507097838,-0.0225197708995107,-0.120730111604769,0.240648274680164,0.334719984528847,0.0331851192083647,-0.138714064170525,-0.0460423161664328,-0.257111722648065,0.0345674232604197,0.0250371828523469,-0.335091185925879,0.216355924525623,-0.0350722612614113,0.310436825843612,0.386547948637797,0.430498947367442,0.24032384877716,-0.397082723960111,0.103369854220679,-0.264477899892821,-0.368248623307268,0.745203915168617,0.198192636025012,0.313499137347854,0.034494774688398,-0.292995752778541,-0.344264300036492,-0.0969714079933096,-0.222225708361519,-0.319752071644987,-0.292592741379603,0.145589069429796,-0.221503867871753,-0.294209933303904,0.16770510822814
"叔父-侄女",0.280405033011099,0.337224623595579,-0.546264376759825,-0.331445849055361,-0.315418488584484,-0.394681370942771,-0.175658038094181,0.566473688724206,0.539121125479217,-0.212995113829065,-0.280437015339119,-0.109348762304092,-0.262861934871395,-0.383378497859507,-0.327212367905415,-0.365463677945976,-0.42868248557458,-0.356032963773294,-0.256372720893894,-0.313461697387463,-0.297529329743345,0.13335830992481,0.111817426323549,-0.290509366915338,-0.347797453944816,0.364065662116136,-0.320147897035249,0.0474066873491977,-0.271619620724617,-0.349351639531837,0.502850416027605,-0.431117592178159,-0.340754898985381,-0.185626718669667,-0.22147716030692,-0.230710856880417,-0.149587162167367,-0.341237957261093,-0.285423084301182,0.373003107448029,-0.325911078699057,-0.203010294553863,-0.399084171213327,-0.496837071382509,-0.2800328659836,-0.0941582143123443,0.21866570676965,-0.0882209174355383,0.433955469409414,-0.265196738279803,0.0392011480874541,-0.0611336544435092,-0.218842446018018,-0.0483096753491039,-0.171367566258222,-0.218069537492261,-0.258756874889709,-0.318358590163442,0.0353511340157134,0.474472546697036,0.570095166004405,0.49473729560825,0.506914575440172,0.317451521141141,-0.303402518836006,0.297401153033095,-0.538914186404623,-0.322453351121978,-0.404879179245809,-0.570725005516757,-0.152347758623467,0.485886039446946,0.561891344165214,-0.0248320054692138,0.431970580988142,-0.154667408323359,-0.137441090041362,0.371620257970873,0.401504212697914,-0.349223535673564,-0.260921251420645,0.319172806914382,-0.220673951299955,-0.228094665748946,1,0.632948357026134,0.612687641030287,0.621491020657707,0.435538216218035,-0.217363973853746,-0.263683396741406,0.264276678857306,-0.236846295701653,-0.133091908155618,-0.168949730145038,-0.31043499098362,0.442628750458959,0.406396669566574,0.502756082300638,-0.39399073734206,-0.369745781307186,0.541915284860552,0.667516235637437,-0.400946001151312,-0.11698712960963,0.0530221444952762,0.102161067953604,-0.425905807072384,0.513646954130661,0.3786996097903,-0.256828628840298,-0.442610752178046,-0.507631446929954,-0.226832977999115,-0.325002241088554,0.335754451401859,-0.0632025893576975,-0.0844837866150151,0.416807643145541,-0.24871648371143,-0.193531395423271,-0.253642471244056,-0.360899964155613,-0.28022490705144,-0.233171526194102,0.404106755617714,-0.451009607333829,0.370428170345467,0.457721996285018,-0.250060773343105,-0.196078034145454,0.00325265115991873,-0.324389817405392,0.385047928311226,0.175077671055829,0.34744754548001,0.355949138308545,0.284803208633305,0.720370839549798,-0.149932726034386,0.606390450060661,0.549594811848396,-0.442715303050548
"叔父-侄子",0.289914911388964,0.325042092872831,-0.419879304997592,-0.432550110987786,-0.526657859666617,-0.510081265103506,-0.220673124969575,0.504860616674934,0.551944427249885,-0.195076966729015,-0.23567709858288,-0.236110770840107,-0.363120588837444,-0.264489107612515,-0.224994358643202,-0.374429933234591,-0.40650693363316,-0.117185592194678,-0.268345997130287,-0.29267705646602,-0.218308715184059,0.325840064078597,0.180520987394333,-0.303235785869595,-0.405825809898245,0.593478828819317,-0.273421132368483,0.171616470518502,-0.411977061976579,-0.44267775105509,0.407320848354451,-0.159307089693786,-0.490227829237154,-0.226093380069902,0.0212058048320412,-0.337376540599491,0.0663067657155421,-0.385157664878493,-0.41013461337695,0.46683187427509,-0.376199730728587,-0.211019089388362,-0.474344225614174,-0.43964355489233,-0.368033222256696,-0.227234536963981,0.250316009584437,-0.182614048733707,0.429103103909598,-0.170782379185337,-0.081210879821818,-0.0317863248057882,-0.355945214850721,-0.111020885993303,-0.503575575830655,-0.323522804434478,-0.410576037118235,-0.458226468920006,0.154929463758939,0.535407047725651,0.514929305258815,0.37660824930217,0.46374035704343,0.349646204808944,-0.27375492867256,0.333731496675744,-0.384804143574755,-0.396043804020422,-0.506528564479153,-0.524166145378267,-0.251270714537214,0.513413929115797,0.559399707378678,-0.0102079617441103,0.584923984751187,-0.296260897083793,-0.227911789218497,0.399239090281607,0.466517804493898,-0.327454914547285,-0.220804391910229,0.286654933332779,-0.233127682127696,-0.129698180477931,0.632948357026134,1,0.540765572324229,0.593865185582448,0.425019419219899,-0.328329362918021,-0.467431110188534,0.441328818711558,-0.058561400103369,-0.0381292601974965,-0.214225840820596,-0.301686057450912,0.424626071548334,0.561248013744465,0.511535136855353,-0.21559864728073,-0.488814070525108,0.498022316255628,0.590320167130229,-0.592475930368992,-0.232531742066092,0.248664921254146,0.129868979807037,-0.138791750986064,0.541547304993262,0.494630674014174,-0.361658637427493,-0.282370501113111,-0.480993044529179,-0.324078478883859,-0.515617451723184,0.214209646407108,-0.0656393770467131,-0.278776845793186,0.426165645865246,-0.476724834277615,-0.321014764687622,-0.335450499897746,-0.217206213426439,-0.253574699168579,-0.412612751714405,0.420832117840859,-0.443043671863968,0.327393211165813,0.350622819120884,-0.114375312581226,-0.264851607408428,-0.0314896493329123,-0.266959597964259,0.474850207942665,0.449427260605274,0.496104902479224,0.490097782643427,0.324536187266536,0.671558501896548,0.0234192642113638,0.610515896217591,0.491579027482831,-0.272596501199111
"叔母-侄女",0.277616854398261,0.337515282329256,-0.488059599340822,-0.260530284944697,-0.385724020248469,-0.310903810025541,-0.218307576513373,0.577443664449005,0.601106156405521,-0.257090937230072,-0.0133258575690652,-0.105256417174566,-0.226271946569032,-0.264807907798846,-0.176679625503973,-0.309303364636224,-0.371011679337863,-0.215108902397432,-0.225296239563724,-0.164898759853914,-0.270341960897752,0.223618557700417,0.30815980957992,-0.379356077807861,-0.385019693831621,0.322349789633417,-0.463681395567291,0.081195600187194,-0.341190277123927,-0.359397756489267,0.449692744258807,-0.312459364333679,-0.375323528646312,-0.366145166949023,-0.284744664966366,-0.211299164301817,-0.161577854433831,-0.229575234660192,-0.280813263206811,0.428656269082345,-0.37439680533235,-0.200364968683556,-0.346614095668245,-0.457503352200643,-0.0663072751204044,-0.161831192458062,0.263680353092506,-0.212335969343129,0.421755485137129,-0.284332247305684,-0.0171131530792864,-0.237893768248097,-0.182037527378697,-0.073925752544261,-0.332160873332698,-0.397943746996939,-0.0623503895798113,-0.390024749153159,-0.124175652667824,0.393568874484395,0.496985331094238,0.496501617486735,0.536100698867371,0.257242934168684,-0.342788301781168,0.312655838455118,-0.262927867285847,-0.402324320582395,-0.470695911254561,-0.571883351972334,-0.29449503117778,0.449846810482652,0.520788078721043,-0.228169762484364,0.517209316563018,-0.191669514968078,-0.254009498448483,0.296126904554774,0.361928740237687,-0.127782551650306,-0.194845162919389,0.374637927098672,-0.381657908558661,-0.325460127699323,0.612687641030287,0.540765572324229,1,0.51444131313704,0.369790758521585,-0.327765280046951,-0.337674532066703,0.309660428097004,-0.223036672395258,-0.0678633333335721,-0.142012621408513,-0.245890311159653,0.275214030721934,0.339325570813744,0.462275178610104,-0.309774180411089,-0.245509861646975,0.649691473109558,0.686815617274606,-0.167086066191164,-0.209247817197792,-0.112437468367847,0.0373919127177191,-0.308691414199417,0.489249812771001,0.437723538799017,-0.275806510972589,-0.435257968533068,-0.371761115500839,-0.193811406447568,-0.236721507837082,0.26722977183165,-0.0337179108151312,-0.118876913648065,0.420707464467154,-0.207589468389797,-0.287615029615046,-0.298398966812212,-0.384852151467347,-0.302627216268408,-0.320522857922493,0.402171651335475,-0.408607621077499,0.295215211934826,0.426083771658955,-0.37987025958391,-0.0961082470782579,-0.0528339499497714,-0.30048393622374,0.503378293953487,0.239636707234037,0.321914781253739,0.446255468983818,0.440767963462612,0.660598536026248,-0.0516155714610717,0.701168540605866,0.510633167403784,-0.31961736782669
"叔母-侄子",0.162940646728721,0.399330285665946,-0.385103195043515,-0.236006687223809,-0.421687728534531,-0.582656604920126,-0.278564447963521,0.618978977628188,0.431657418634549,-0.175672631374663,-0.216550482756861,0.00610420465311035,-0.436993827158309,-0.280156174823022,-0.264396677054214,-0.44821554911888,-0.433436877378819,-0.290258836370435,-0.259616219252787,-0.38046504493497,-0.337669682772573,0.368461676561125,0.232648538200195,-0.180556844122433,-0.356342242751739,0.445001852654021,-0.24200925080134,0.0690432033785563,-0.384413087228077,-0.3890569698763,0.383513957350786,-0.0614814502129211,-0.405980569934013,-0.293236181484493,-0.00863670796179197,-0.225569390015672,0.172554066811415,-0.303047974943179,-0.250481052313257,0.486070432989879,-0.269068190548676,-0.0851588943236906,-0.42008759128966,-0.498741952472289,-0.275674025993029,-0.0240741269814043,0.398585030153808,-0.156268131466614,0.529971535553188,-0.162290645072016,0.00472533347201699,0.00112230717449567,-0.410394262160308,0.065931477141489,-0.428710275677457,-0.28617589526211,-0.355068025150809,-0.387740304971444,0.125651237887828,0.508325775437321,0.326621405039908,0.45986866899527,0.227628705925638,0.0583497291561766,-0.26849181423113,0.195161188771355,-0.325062399110027,-0.347681106866464,-0.352139020840201,-0.423322512633254,-0.281040655767566,0.571328772460179,0.439293697963707,0.0827139470206734,0.349394510773094,-0.285380992289304,-0.145266021873914,0.451477989618859,0.446549480407837,-0.188378754290501,-0.0703856910573911,0.254731321489535,-0.173060358868066,-0.203529921344089,0.621491020657707,0.593865185582448,0.51444131313704,1,0.456620182843924,-0.298233633687375,-0.397823698688484,0.422910799372829,0.0590868816828172,0.0909393072155638,-0.0196705230867766,-0.164218257688981,0.353834315673754,0.517290391555087,0.410170389011888,-0.248164566539822,-0.435961552764798,0.469670027150316,0.422546931393977,-0.509082569106116,-0.128409811297645,0.107955631404468,0.0745929027989548,-0.235030943924829,0.440025288248939,0.362897759667045,-0.360223268949517,-0.308560950234582,-0.365395097956909,-0.247788635055284,-0.425366409706204,0.307099127406284,-0.111544375323809,-0.1075910889872,0.29740522172429,-0.365769590065271,-0.178490640807872,-0.429077522119067,-0.300300880719413,-0.279381869540459,-0.3152553207322,0.366062680592522,-0.396979273170281,0.332109241710378,0.238349276518619,-0.185695914890875,-0.120820308365912,0.106766642936898,-0.37949008239751,0.413599341510512,0.204990915625483,0.294124516648147,0.460630371149474,0.335559257196198,0.487600619856052,-0.0128998779311356,0.451436776336175,0.454486348439561,-0.351833272275643
"叔-嫂",0.163990829790563,0.42203118268104,-0.295229494859943,-0.0835307378096703,-0.265017587336396,-0.405673440076296,-0.259112262755919,0.619647464213841,0.297853277003595,-0.190738527291935,-0.0505103838301189,0.0668187047410553,-0.134285012558835,-0.0818733706485496,-0.184407377387466,-0.330723811948621,-0.178416173145968,-0.185938199535169,-0.384984328085503,-0.472153981299919,-0.277077600270245,0.450212245844983,0.327612298057258,-0.126759628079603,-0.39001834493863,0.328442423285139,-0.0156987576454847,0.203153797515713,-0.169906645219552,-0.0757965278369632,0.474938694977563,0.102185629265465,-0.394070194848716,-0.299325016004391,-0.025918723138376,0.091937344259432,0.286460818745577,-0.148216119383613,-0.078824320300228,0.477585363555404,-0.084402629515349,0.117658068715076,-0.30189483835442,-0.401436016999907,-0.357838254788453,-0.346396205389938,0.578056994970653,-0.372267825466855,0.333070984746114,0.117394716654411,-0.0206995736954153,0.0123233258088066,-0.482365077301083,0.192036139073356,-0.450559253702511,-0.410677065687251,-0.291095753791347,-0.50364499774921,0.0609282700189261,0.257438605984135,0.206665263598622,0.344271070026447,0.295081739862264,-0.0486418622637943,-0.520019720302324,0.170082597363844,-0.339874317974739,-0.265191506791915,-0.379957100421475,-0.33876157929247,-0.520051780615396,0.422595362924791,0.393962220245256,-0.191788501097907,0.222274951670257,-0.467318792781814,-0.41575330213712,0.362893567904506,0.536031446316929,-0.103603366809765,0.00433603169304033,0.412219045052635,-0.234169776377816,-0.132600910329942,0.435538216218035,0.425019419219899,0.369790758521585,0.456620182843924,1,-0.191556375618133,-0.220085036478166,0.476071281389689,-0.0469383732969829,0.125181026067085,-0.104830720994097,-0.167225744267876,0.345202373508114,0.526350986475729,0.130389471871588,-0.147356239443725,-0.357729844767162,0.479317313994382,0.295415732564958,-0.31663476872669,-0.0803607079433089,-0.0417280298383376,0.0638758512362979,-0.10420519579179,0.331293289793138,0.19174342224742,-0.291560408451554,-0.332569540777683,-0.271828896145008,-0.00710190642093555,-0.324724747028798,0.314405501653865,-0.384765226013646,-0.320612021425598,0.196055149706519,-0.475636046629656,-0.424589262465708,-0.386346693916298,-0.165325403072093,-0.431185707663024,-0.292791237097668,0.431580026786232,-0.217439893773307,0.201631540202823,0.288789790410002,-0.236635198189804,-0.256489430424265,-0.013146019603844,-0.169730885675972,0.286725500941867,0.241849404210217,0.158837584247154,0.514840651004151,0.380377497487297,0.382582998176504,-0.145960758300618,0.474697572997288,0.325486922459165,-0.176681257513972
"继母-继子女",-0.328976595471567,-0.294967971131924,0.0558388820113327,-0.0281668052980143,0.141994432707275,0.156455339412356,0.27482679770442,-0.333978208490572,-0.288742611228655,0.227511930464476,0.109347125421596,0.363150276893548,-0.0182066121584469,0.131899179883226,0.103660317906416,0.105851634431876,-0.00370294640951034,-0.0396839139715523,0.243080019625278,0.310947963294689,0.45124665893759,-0.206065317182131,-0.0499194880285695,0.526561599721004,0.623787574228058,-0.273662609401293,0.369656135613272,0.0894935255914368,0.281822145383397,0.0796582257390585,-0.253764815677306,-0.204628623615179,0.530945596621618,0.400258884294332,0.131695937967828,-0.00591014490491727,0.0353775052339447,0.0715443010855214,0.111776121237879,-0.381048669466171,0.0844102799459895,-0.16413841505309,0.0895138329386093,0.140563229411722,0.276766250565823,0.276975529968697,-0.361506972531364,0.494812464580585,-0.222769104867615,-0.19731882696905,0.0667099941066331,0.0135506265760286,0.2620081798341,0.214411991993739,0.333816658571861,0.281316297968409,0.181427275197756,0.299281921203345,0.0778306519526222,-0.198523412961434,-0.116384581368876,-0.352921656997522,-0.328528574794093,-0.236378157205436,0.318124078112472,-0.238227350733534,0.0382008425149789,0.194927874236964,0.114050150455881,0.0358014902837306,0.419873448515042,-0.153123913523679,-0.394319799410358,0.254743337066406,-0.37329822411478,0.529792633663416,0.562349454220698,-0.338306993103918,-0.307528766078889,-0.0920595486859937,-0.124301928678322,-0.320390330125379,0.384828883108775,0.106300232091035,-0.217363973853746,-0.328329362918021,-0.327765280046951,-0.298233633687375,-0.191556375618133,1,0.525011113946488,-0.136979265216883,-0.0718700232216031,-0.235537818976738,-0.121063666342776,-0.142109017721327,-0.293591672883104,-0.189185212714553,-0.258541140545605,-0.133498956665079,0.132045574537474,-0.241808371085418,-0.295631441215843,0.09424857770701,0.052373335217504,-0.0516949667689662,-0.0298878187638166,-0.161230833584134,-0.339697949174886,-0.204503484566365,0.0486559953300322,0.115153935956044,-0.0259682232119106,-0.211212920912631,0.0976544732490443,-0.360558520234198,0.133362685800354,0.450311935541556,-0.420927123851459,0.502154674847308,0.514667435081894,0.133652987108602,-0.0293122533508039,0.124972118477545,0.150455549215343,-0.199554686006249,0.456051927191717,-0.350710731373869,-0.294891508230414,0.294733049061436,0.241494173410481,-0.178656403785511,-0.15972641741432,-0.488605708992292,-0.183661847656175,-0.257002115912552,-0.421060400775156,-0.342944626692186,-0.287377463934996,-0.0172445759888279,-0.405394954432813,-0.316879152125102,0.117867010585129
"继母-继子女",-0.179566230201154,-0.318840138845579,0.223436717970504,-0.025151086746346,0.154797689230095,0.385646308718648,0.123042323369342,-0.274397029356839,-0.37549318684438,0.0243751851468462,0.0196033766999715,0.268365788024011,0.00236930920463631,0.0110167942311208,0.0588515321834119,0.168080977359708,-0.0222956524360703,-0.197038616471688,0.138732721242212,0.268739421967413,0.246446458565502,-0.30073998950431,-0.252143903427569,0.323670041353337,0.491189476521515,-0.37745299481351,0.15293172135443,-0.142314209979083,0.223606931712639,0.0675742858123158,-0.177999462036518,-0.259316679442775,0.472050906729792,0.413226959757308,0.122329622277305,0.0417014735275629,-0.183308304997296,0.00792032511501977,0.159020100753126,-0.371620598235839,-0.062753242074133,-0.194416350944591,0.269028388419439,0.48996626163273,0.429765049967226,0.386044179163834,-0.251821414589922,0.356566906181512,-0.267044517243298,-0.261905455695503,0.207034220960005,0.14866438571227,0.352673412660608,0.11820965906453,0.499022369572226,0.463816485733993,0.260245396383353,0.571111010007776,-0.13958360723741,-0.177340189185327,-0.209296913475228,-0.267627943239461,-0.336363174561343,-0.268580337828591,0.310795824004191,-0.252989901919153,0.0320728585860505,0.137048887884283,0.198461658149309,0.224987441377385,0.407360696487298,-0.263522553385736,-0.354596174017966,0.054610112940773,-0.404844917275285,0.468846457902567,0.370293132049407,-0.29165853849991,-0.32918249006557,0.030168826198331,0.0399716902807024,-0.275661397549286,0.210726937566854,0.095390703781754,-0.263683396741406,-0.467431110188534,-0.337674532066703,-0.397823698688484,-0.220085036478166,0.525011113946488,1,-0.331395649277074,0.0130758863307908,-0.0573191068093287,0.0480876477707879,0.0256132358636485,-0.264263381825769,-0.320562454117031,-0.150807315270272,-0.0124452490064494,0.203859127128032,-0.232272599706333,-0.245991441096247,0.26853212463478,0.0699265176228113,-0.0497389280172685,-0.0344384382309523,-0.179541685748748,-0.420675255530445,-0.199609971809487,0.347299161432095,0.141861505593841,0.228944704193321,-0.00145927790090689,0.0882553825599291,-0.323291246652984,0.144564935673347,0.349732452977142,-0.357399034998753,0.491548957084243,0.375017875335049,0.271600467572854,0.0770646934659682,0.28234875909933,0.403450394347214,-0.342290889618436,0.250621771339142,-0.343796613007042,-0.19628659079326,0.0417400713683353,0.247825853258151,0.0515552702220308,-0.017964540483318,-0.520936832473617,-0.383385112571353,-0.370527184789729,-0.425034284382693,-0.151585734613393,-0.320742848081816,-0.129433348379493,-0.309064039439302,-0.13498818348336,0.0426872611469245
"堂伯-堂侄",0.151563664018159,0.514363037038734,-0.2979514158194,-0.423358616366616,-0.502510139134229,-0.530255913694564,-0.231962330444947,0.566506192724554,0.255115872018262,-0.0232586469383425,-0.0183280721142895,0.0818672697153515,-0.206790916531917,0.0466397852001243,-0.00156780776436219,-0.400630274792954,-0.146866482793829,0.244605642532656,-0.191914914727331,-0.328903500587163,-0.108450233086262,0.58286390908354,0.621311770312073,-0.259774869823799,-0.364545626835583,0.562599140955942,-0.129052234365092,0.407734333685389,-0.325034833732413,-0.286396294118982,0.246451194783507,0.0272391051869873,-0.498292720709811,-0.366303167116383,0.00015353068881227,-0.119898166266751,0.241293703724993,-0.0587077397470055,-0.227442347503385,0.574915932867369,-0.345265789421894,0.109167408664824,-0.579401341623563,-0.538757403799574,-0.199552303831959,-0.251943945487741,0.414902904226513,-0.162901153729024,0.525100807628949,-0.0336996110279087,-0.017171178151595,0.0573317274039246,-0.416969250008278,-0.000417949228475316,-0.398464436547722,-0.2748358215483,-0.424730035617233,-0.371219063450593,0.191310998272222,0.414894687399725,0.16633804624507,0.119494077650794,0.286927801126346,0.0272413094679406,-0.365673415710889,0.195527803880582,-0.253224271830347,-0.390653534292473,-0.304437238148381,-0.40753290284369,-0.439017281006502,0.523375172008941,0.256209270304832,-0.173417456391885,0.382624474239884,-0.31345828352433,-0.245716714392411,0.348958638796651,0.307073593294199,-0.27147365940272,-0.0803152364545955,0.20796166468607,-0.148237962343884,-0.374741462349617,0.264276678857306,0.441328818711558,0.309660428097004,0.422910799372829,0.476071281389689,-0.136979265216883,-0.331395649277074,1,0.161595299890328,0.128644240051076,-0.0745283475260064,-0.216605038595589,0.364837226995721,0.708264706629035,0.209799634602932,-0.00873082233107497,-0.424187991931467,0.452208854869985,0.249317428918196,-0.378075426525342,-0.144285908298948,-0.0284275584879508,-0.0050751790789394,-0.154463957810573,0.158290625284558,0.199121915592867,-0.450954347463809,-0.384323291129285,-0.349750863060554,-0.113414173307569,-0.363025586986318,0.119302631463856,-0.208444638446107,-0.0708376882986173,0.167206975364478,-0.358221738244669,-0.179678528864555,-0.505286934526593,-0.175931830632866,-0.446348461826542,-0.445673069395305,0.563495940941025,-0.146936363655328,0.243672145286675,0.280650511208596,-0.18287832975778,-0.180906847620676,-0.176963603725025,-0.320510407523659,0.14130736682253,0.521570389865194,0.349772727469617,0.496745654578073,0.410296639107915,0.344996326949559,-0.246963790242366,0.278107017234855,0.17868728746245,-0.32422935567393
"堂兄-堂弟",-0.16012199366363,-0.00530701769938244,-0.112616687306975,-0.0286048402997704,-0.241780856931425,-0.369407831495565,-0.264717500718222,-0.0310727371650292,-0.285214528414573,0.131137397854527,-0.255570645956639,0.0581524269736261,-0.110363970597628,0.22231926206747,0.0612166705938678,-0.151905122095233,-0.185782182608983,0.0707738014442295,-0.06625223611129,-0.147452553801682,0.0148560506638002,0.17010025910963,0.0205630989850108,-0.00669674522122995,0.0552461675387053,0.105144603253539,0.13912554087901,0.0379596782758374,-0.164268809999574,-0.136069033929118,-0.183429266713871,0.402450495728877,-0.0825449880244525,-0.0788652436148454,0.425519334688482,-0.0381134282668358,0.459426238257735,-0.0876654062093878,-0.123325676688088,0.134683313693681,-0.137979234542054,0.206539515846237,-0.293534372179495,-0.00666249029348673,0.130964954084139,0.156188280261405,0.109673883871242,-0.0706525431145666,0.00564933799528151,0.0490752621943826,0.21231004988539,0.375349674446242,-0.114923853205588,0.168118335077724,-0.197915275397668,0.0234543165428267,-0.167558644008381,0.0695066409883418,0.301989059666587,0.305798463068337,-0.150811511095179,0.0150861374492229,-0.220760806540106,-0.126652572440713,-0.0223410080027027,-0.0803482592121233,0.0832319878075026,-0.246870250579942,0.0841729095602198,0.0330351367533124,-0.125204903383254,0.168593664879213,-0.210194126341025,0.175971568594294,-0.101010768385586,-0.230989953454212,0.131024157867461,-0.0765987440347139,-0.149908708303158,0.019007246638741,0.403490133031239,-0.230588971779333,0.18096262327873,0.0635074516334031,-0.236846295701653,-0.058561400103369,-0.223036672395258,0.0590868816828172,-0.0469383732969829,-0.0718700232216031,0.0130758863307908,0.161595299890328,1,0.524922934837563,0.30776644925035,0.296681843678647,-0.134760729605705,0.0611895546360756,-0.0141351960817859,0.1572079090134,-0.22793646126243,-0.162375432900247,-0.187930534449223,-0.15659412521227,0.0377547201427208,0.472922375654628,0.218640320605247,0.183813372972133,-0.0433258030422803,0.0226696238487486,-0.0268284386568872,0.0551906303344108,0.0845635744969437,0.0975036567759615,-0.286709209333758,0.000366417026375294,0.12245155532539,0.183853083777988,-0.216933120615979,-0.142153854114535,-0.0259425908363442,-0.378097949263952,0.000523484693483275,-0.111255022681716,-0.00221021428954177,-0.136091111068158,-0.162255912247024,-0.0712290313048672,-0.111798331253117,0.136288767538976,0.126329885428978,0.264646342929723,-0.0699607693240377,0.0122484441545717,-0.0120449212238559,-0.0438287571313119,0.0246611382872378,-0.0207416869789779,-0.128905955081433,0.117137140436016,-0.144484706850767,0.0708908031303342,-0.0498713791835561
"堂兄-堂妹",-0.128384189124394,0.0865601715450387,0.131705221137461,0.210944801766426,-0.0810415896607763,-0.287310457623129,-0.0191729785169734,0.0820760463393343,-0.315962481353431,-0.00351333983253315,0.0571793942053125,-0.0270503590793077,0.0200543245378918,-0.0769784282274714,-0.127053274894566,-0.16519882158817,0.0911174759194089,0.0815772390444925,-0.23919776097146,-0.168504975125536,-0.18991219007463,0.128674079096347,-0.0266519361507909,-0.144751661704175,0.0788301966418104,-0.0301561473787274,0.0034730050587455,0.190538046465535,-0.0922871293463157,-0.0170996133756903,-0.0215671334893723,0.327571470689562,-0.167277375252833,-0.130735717721715,-0.0201122285598664,0.231778056158676,0.122965755996779,-0.237227606898326,-0.206027093004636,0.0953623607941677,-0.140106335303771,0.312512097441997,-0.0248675161585405,-0.0696009182806325,0.0588977527056172,0.0731428032619591,0.249289120465009,-0.195426418044494,-0.091627269426128,0.198785012576182,0.28321280934179,0.248105495504909,-0.166830488999974,0.0261637346818127,-0.199165751198311,-0.0993088150188485,-0.172623061918929,-0.0309390499485322,0.108910460402561,0.292036184493809,-0.344632090152377,0.0902071792003402,-0.197255342915667,-0.27093679313614,-0.186029071266043,-0.183514130668956,0.163827835359039,-0.0787852302253965,0.121884698105555,0.0378420253435154,-0.0950105428548433,0.031971529760436,-0.180901133591109,-0.0192609484041702,-0.12916218202072,-0.123758639760786,-0.236114849830888,-0.031881321418466,-0.0298920765007016,0.244370148770701,0.310295048514475,-0.0956368686014067,-0.100339311830899,0.0328888664338181,-0.133091908155618,-0.0381292601974965,-0.0678633333335721,0.0909393072155638,0.125181026067085,-0.235537818976738,-0.0573191068093287,0.128644240051076,0.524922934837563,1,0.642492010931965,0.486638316458591,-0.090298170575878,-0.0408554694182872,-0.0701219052003004,0.0643265162890441,-0.309275272112765,-0.146485781139404,-0.0717654795916471,-0.0318082129603238,-0.214333397975875,0.346664289181701,0.422079650408368,0.238891760520577,0.116884134118977,-0.0421455337133432,0.340428619010029,0.048727927922716,0.234829635854901,0.319392307751126,-0.0717376753387958,0.103292608687241,0.168730246488123,0.0264181987951974,-0.223847159898912,-0.105833090494675,-0.264249576227648,-0.118475618053036,0.197273956665355,-0.0740327371342625,0.0260331022471719,-0.163167890142808,-0.0997969325702113,-0.174284106002494,-0.0748097562055213,-0.0508302568437979,-0.0700557765269245,0.392490112186742,0.118054845840126,-0.0160823977274585,-0.14770304401084,-0.00294597133179739,0.174231101229586,0.110523410473547,-0.0499575424201674,-0.0558267433540325,-0.116797744574382,-0.0176305641124385,-0.134241550607507
"堂姐-堂弟",-0.316648443929182,-0.145762185452135,0.218612584791163,0.223999113834672,0.208540787747811,-0.0299564265386289,0.0770321130257176,-0.0295072583801478,-0.344467898198145,0.144352216165765,0.153704376561627,0.140676844878216,0.151814434834563,0.0594593440853977,-0.0550181637637238,0.00977678799380791,0.212384401826583,0.100976158809964,-0.115371375275272,0.0745771995739404,-0.0813197558192355,-0.183253057873739,-0.237439630039309,-0.111223567594534,0.0975733254739262,-0.287387602964431,-0.138941070100926,-0.0198657786063301,-0.143833452511099,0.14071358449889,-0.0951010196890119,0.214554227501596,0.0332357727855608,0.0509348700472016,-0.073686253813291,0.339168002948215,0.121540402608673,-0.0880378344264405,0.0379590989396808,-0.0670176131483067,0.00343649277278776,0.146059185059308,0.263291968895568,-0.000939540400642421,0.23376037700672,0.0927644684210882,-0.0334653090879673,-0.0522894870527414,-0.279128235210707,0.257181439899471,0.139175804433787,0.202486206577342,0.0427671788872481,0.0411192924969943,0.00960412241100297,-0.0165284774263429,0.0818958446670272,0.0681476188446009,-0.0570689977771649,-0.0566647286636011,-0.303154755264291,-0.0373381635313062,-0.318861090482926,-0.442581241160731,-0.0802078572173092,-0.289102513115876,0.167956547261125,0.0831476800135958,0.0989029899202358,0.116269117991718,0.141980549724871,-0.216654812431894,-0.324412083105662,0.0242159606201544,-0.278867603868575,0.0995166345690913,-0.0347337359661355,-0.213209952144429,-0.191248773890691,0.370323483349156,0.331261702748059,-0.139614155408349,-0.045981304556292,0.00950819516516573,-0.168949730145038,-0.214225840820596,-0.142012621408513,-0.0196705230867766,-0.104830720994097,-0.121063666342776,0.0480876477707879,-0.0745283475260064,0.30776644925035,0.642492010931965,1,0.51598235666851,-0.247883081275205,-0.230899389757575,-0.191113890572678,0.00664531625822833,-0.0108398428009613,-0.137666504095447,-0.203290201263785,0.147052916293404,0.0372636733005385,0.133834394210898,0.283311500897653,0.17632426514175,-0.0763073832214361,-0.158661096356285,0.368095293150039,0.13278671674372,0.35046672451558,0.315586177561944,0.2133695469513,-0.0495631425334234,0.31481490088494,0.0927228554240419,-0.308192898498537,0.171003888512572,-0.0527655104572543,0.0481696648955319,0.184861477328653,0.134418884664448,0.229221712869205,-0.230398212593214,0.048573625569053,-0.255878498195969,-0.181411675263435,0.0439696160847313,0.152250965698707,0.260626560880964,0.159781094477795,-0.0783619137720061,-0.337326069698695,-0.175129710072888,-0.030100311535485,-0.0123827947332219,-0.0809774698904133,0.0848232974846997,-0.224445267596584,-0.119823509337197,-0.0299035992166576
"堂姐-堂妹",-0.14626286949038,-0.184434334877488,0.259744395113324,0.298383190598095,0.1263346155607,0.19712621322228,0.125528513506528,-0.143639900859014,-0.303430333826145,0.0596764490643008,0.239354935899819,0.00409265711525251,-0.143074855489134,0.00648119481016143,-0.185368304027553,-0.0837787130061332,0.186837880522316,-0.00414550865155408,0.00987607448055904,0.15821406696944,-0.0627568779963721,-0.251404476717854,-0.345206943731471,0.116125681611104,0.124761451704277,-0.38188350923883,-0.0888413729966552,-0.0537468586547935,-0.0220249622233169,0.0651581246382776,-0.0583197480309555,0.281058468537109,0.0609856932568802,0.0266762708196905,0.107155898551684,0.235695034303348,0.0544156420415639,-0.0833458111560015,-0.106700603884666,-0.22874671470813,0.0956020151347023,0.0794573235144916,0.194120287384769,0.229316624181586,0.137813701391836,0.0937170231149958,-0.0652677059305343,0.0204150412292631,-0.432148550613427,0.276082324538751,0.206961574245,-0.0171884598937689,0.186565356889449,-0.128301702546967,0.129023374015977,0.0673185934193913,0.0324525743126353,0.090521132378479,-0.0248629026784449,-0.156057020111102,-0.323950785624703,0.126434723087699,-0.225960960276908,-0.210789387593235,0.0863829620521495,-0.235457919451,0.18198446374177,0.206504298162471,-0.0608012283458495,0.337719102987365,0.105964736088254,-0.159605093330272,-0.219313944775297,0.144430117696419,-0.29431148627081,0.0374676433086202,0.0166894190556409,-0.164070827871904,-0.159440103283635,0.206348258347977,0.0947315724460665,-0.217324721739581,0.0639070580434754,0.247557149535985,-0.31043499098362,-0.301686057450912,-0.245890311159653,-0.164218257688981,-0.167225744267876,-0.142109017721327,0.0256132358636485,-0.216605038595589,0.296681843678647,0.486638316458591,0.51598235666851,1,-0.0662866185777315,-0.25017082388504,-0.0960710261527383,0.0583068779991766,-0.106062491397119,-0.257467741232879,-0.3445530909954,-0.0408273558040468,-0.156396890144576,0.170455078286834,0.347206519271439,0.318956478804815,-0.0122791768107456,-0.20360486928719,0.344746285144777,0.0947080674612272,0.245161449032191,0.213371522621319,0.227930290651844,0.0225337617436274,0.198665920889242,0.0461942296920619,-0.189985456424246,0.200668192719889,-0.069007274483634,0.276435235921865,0.220577781738095,0.204789497949379,0.144628545229517,-0.205650153219987,0.104749919093627,-0.272212874311222,-0.22824915512399,0.107622096463087,-0.0497450811027673,0.438997674472255,0.369166605326232,-0.121951638264615,-0.321491842314938,-0.176112731644917,-0.0952230542131492,-0.0515697320250077,-0.186709197489612,0.0599576617811041,-0.199167820730603,-0.269867468119099,0.139328509108402
"堂姐夫-堂内弟",0.626220461117668,0.621884864319264,-0.333273444708719,-0.287496127218127,-0.234211189353251,-0.134940434714143,-0.493535002304611,0.385514699976583,0.371601135043903,-0.452792023862899,-0.286615119797248,-0.41468462020358,-0.423537175993099,-0.470639888015397,-0.453918799782338,-0.511994136969968,-0.0770005407079679,0.0692336438701713,-0.361677820959682,-0.48076537901747,-0.371215657241544,0.306203006987098,0.24664791321304,-0.422128713077165,-0.386641921113416,0.419473150747398,-0.334452716916614,0.176977810192797,-0.119810361303852,-0.0836380734553909,0.560316973850617,-0.0190989542071577,-0.398863871216523,-0.383665391782606,-0.195839026515028,-0.0943884796342656,-0.0787140624364637,-0.283341458288627,-0.267699902947239,0.470401734547959,-0.0193264034781523,0.122551083641524,-0.197674741895978,-0.249980968984562,-0.494232145757501,-0.443150578890867,0.542690284251378,-0.345077282657558,0.485213765593812,0.0685132254308478,-0.185005947008687,-0.229872861589198,-0.288646694756807,-0.26912778546676,-0.280021316773806,-0.321186903667854,-0.478984826329804,-0.380814443557599,0.232566176360664,0.177367139022235,0.250746080434873,0.420513597723858,0.521340575483494,0.412865426099604,-0.432423508984385,0.412154639942294,-0.529674130974932,-0.176612388590493,-0.420217498399543,-0.217142619955579,-0.406753969712114,0.484749754284906,0.658188785806234,-0.413038876574203,0.48300948571294,-0.403856655233028,-0.377006681710108,0.720742263764638,0.548182826418066,-0.211938212985522,-0.381819578573522,0.563402776574075,-0.245426411605055,-0.250986734346524,0.442628750458959,0.424626071548334,0.275214030721934,0.353834315673754,0.345202373508114,-0.293591672883104,-0.264263381825769,0.364837226995721,-0.134760729605705,-0.090298170575878,-0.247883081275205,-0.0662866185777315,1,0.552524451015707,0.527826572124816,-0.065082512108011,-0.288236595126693,0.431613849835476,0.309873817739726,-0.472134181367017,-0.370418928249462,-0.142453905345838,-0.0512769224491465,-0.00390958542589359,0.188985062543259,0.026923676364778,-0.376749222116411,-0.570533156086684,-0.226393969701113,0.147767970040381,-0.0272801103452767,0.554859593209939,-0.403683265631188,-0.265479902286573,0.588106885324139,-0.45361225666088,-0.243539918979747,-0.345251238090662,-0.353258797976001,-0.531220034369709,-0.324227112482081,0.678653895916276,-0.27738690112253,0.614577959996923,0.6593378737313,-0.297060093234407,-0.46480374533949,-0.0267508393630895,0.144212876349055,0.487193731437182,0.337657367240274,0.424077180988331,0.441380300740395,0.501460267343628,0.35643786938655,-0.300020982252965,0.38083098914983,0.160989500040456,-0.359229312561849
"堂祖父-堂侄孙",0.334187091440701,0.560167383557699,-0.333354740846895,-0.455201224013003,-0.49728981548442,-0.373833681138144,-0.282612323032156,0.558824143087295,0.337502048452319,-0.224920220580866,-0.0946649411129899,-0.0628637761624641,-0.34065847721292,-0.0932678474146564,-0.0113977356231971,-0.401329302311042,-0.323754249628479,0.0895189083606291,-0.128992736514626,-0.415438179175349,-0.0946566483294139,0.489733683111258,0.437873755697889,-0.365376654427513,-0.397012434735774,0.48416518999678,-0.204990590987865,0.236161543115985,-0.349857595530325,-0.364271226924802,0.276175898084849,-0.0929309451337422,-0.526583261334764,-0.438430025564384,-0.143660319480752,-0.225995381361581,0.158412590478422,-0.0295492757665578,-0.18709461462127,0.383199477923571,-0.20780970603199,-0.0470762665787666,-0.46945369452768,-0.446720511017554,-0.290202920235137,-0.217251388188644,0.439176367043928,-0.146097180290475,0.603529823947869,-0.120399089343065,-0.135573530509873,0.00328077678848077,-0.397181961066613,0.0693076752856538,-0.353155079930296,-0.130519756006849,-0.316361226202997,-0.285813919069286,0.314667518053057,0.34881167022464,0.240905356067805,0.192291111607725,0.314662409067133,0.0640330228583254,-0.275587643353491,0.250574251003613,-0.37513263308495,-0.384922355050956,-0.307129038804833,-0.340996711500016,-0.376421093039814,0.622970137956553,0.42375265944771,-0.0967804425206213,0.470943676663105,-0.31210198532232,-0.174524047292865,0.408867527111532,0.478554440444895,-0.375257382501546,-0.284694064543088,0.248864293395989,-0.278800675246227,-0.116605271661055,0.406396669566574,0.561248013744465,0.339325570813744,0.517290391555087,0.526350986475729,-0.189185212714553,-0.320562454117031,0.708264706629035,0.0611895546360756,-0.0408554694182872,-0.230899389757575,-0.25017082388504,0.552524451015707,1,0.335628351227731,0.142782675257263,-0.274712741918466,0.547767931869827,0.356803460348938,-0.421789555093247,-0.0961704793131749,-0.140181021162816,0.0152079793944873,-0.237364878534368,0.205727940999268,0.211122179900553,-0.54393452767968,-0.450087936709854,-0.352755769182033,-0.18604664991538,-0.475955944866952,0.270120649748356,-0.388688259547719,-0.169227114865201,0.3041582145542,-0.397262931319618,-0.196137358612665,-0.507038041033077,-0.265166851172079,-0.462432366829282,-0.473069469496186,0.598726019665944,-0.287407243465464,0.339096397635954,0.272441523504978,-0.071735101993056,-0.339854971378367,-0.184418091280712,-0.33717628874022,0.235205128296466,0.426304543934808,0.430912637229087,0.487440885121138,0.411244043969515,0.353740421516068,-0.228837366850766,0.304451679537085,0.187859303438922,-0.280704999982829
"堂祖母-堂侄孙",0.389913831943646,0.285560501432176,-0.439907171072046,-0.377634672573813,-0.407981216315106,-0.322181452799309,-0.479646534682611,0.395748150861698,0.52314794277141,-0.291641193720921,-0.270879858873682,-0.319547922529702,-0.367049975549165,-0.342038351833574,-0.226350223979482,-0.328086078843928,-0.317646937892036,-0.0417138243529309,-0.263183159408583,-0.23405284279671,-0.306482756719284,0.15048514369912,-0.0101040474131171,-0.267730083192285,-0.235625460956377,0.381465133377683,-0.524342040471948,0.0804900618725087,-0.358681759887663,-0.444734020709082,0.560983630438664,-0.175033042118718,-0.297953178038571,-0.280417945818117,0.00799571954490006,-0.356070597099452,-0.134095433150738,-0.423731198447722,-0.352036528310043,0.414952341739004,-0.318944514886607,-0.140623287687343,-0.324703024500848,-0.198330526132954,-0.286080551882272,-0.215843955664113,0.294797319701596,-0.172644467150635,0.309683805955539,-0.120732437511262,-0.114922637576694,-0.205439348907927,-0.243977388013745,-0.31730623926296,-0.201209218052771,-0.240120958604246,-0.398947669778207,-0.166451320835141,-0.0181903101565956,0.334596647110084,0.392704548334846,0.428527495094198,0.439021156440549,0.48464567730607,-0.10556494486595,0.450484445679574,-0.358193265326394,-0.294158336739212,-0.450363113908769,-0.394378128153529,-0.19067206400724,0.491883829215453,0.597822915332397,-0.240553658321733,0.534942424887996,-0.165417594920689,-0.147592550585417,0.550569285182784,0.392261936917935,-0.18886177407367,-0.362165075464462,0.350167821454975,-0.322976532318664,-0.333897939787965,0.502756082300638,0.511535136855353,0.462275178610104,0.410170389011888,0.130389471871588,-0.258541140545605,-0.150807315270272,0.209799634602932,-0.0141351960817859,-0.0701219052003004,-0.191113890572678,-0.0960710261527383,0.527826572124816,0.335628351227731,1,-0.212282897857633,-0.245286875389113,0.422929624034195,0.390882536734872,-0.514945880882047,-0.321242261827661,0.104514817863027,-0.0669389460101605,-0.133523955928001,0.374384828007054,0.373970760533613,-0.260642766360018,-0.445697474939859,-0.318444936474691,-0.132363242621842,-0.262004535035007,0.351052874356248,-0.0404564975942016,-0.0908626371464428,0.537738827615135,-0.344247744213063,-0.206051176165304,-0.280770666386484,-0.40042073518481,-0.22058573126779,-0.211688292934742,0.398317618946137,-0.485152362432588,0.482016061165705,0.471194815375025,-0.352935743785924,-0.253712155156202,-0.0400875941112637,-0.0748695863802327,0.471856243758349,0.361924849362746,0.439388392005356,0.335580718929665,0.525176218240473,0.538369773289771,-0.0919493259928878,0.498580044811135,0.421872459428546,-0.345925817460716
"外曾祖父-外曾孙",0.0535092258574204,0.0451665204318362,0.362956327846639,0.111432744801985,0.111001631015525,0.226271941644537,-0.00462468510715742,-0.208397458787289,-0.188320735701305,0.131160604815451,0.174158261732849,-0.0175294495698134,0.197676663581662,0.379091345422876,0.393028176641968,0.334196718549099,0.207440753649244,0.47976322092256,0.234709812072699,-0.0589092377413601,0.194331374907943,0.0274487328278961,0.0764165242634625,-0.0953141950205987,-0.112552834853314,-0.120047155554194,0.0733252228675935,-0.12872739506591,0.00661534667562128,0.128220304455799,-0.273926414802865,0.119185653181644,-0.260425416013518,-0.148974826290327,-0.0626517450093288,-0.0958402645826697,0.122132893332891,0.427210359589807,0.267143446696138,-0.261507169708436,0.33995330650632,0.292393759908821,0.12280448026269,0.215220728477786,0.113637493639989,0.00340686486480104,0.0235715473959469,-0.0641496588953837,0.0832912245340352,0.193891782154379,-0.198062701902768,0.120737732184675,-0.224619648613515,0.0331247507013101,-0.0520939854537363,0.150705947157713,0.0611815245626529,0.107988750113157,0.206862642550931,-0.346683174397498,-0.276395735311214,-0.335336846865782,-0.301925388457092,-0.233169828048622,-0.0440859511787878,-0.156990711388426,0.320905815271553,0.195999783449829,0.240007772835589,0.396225649314255,-0.064163223065085,-0.240431014988792,-0.0799825418941781,0.110263479896591,-0.0188070577347889,-0.106658679779083,0.0078000555945102,-0.128740310790396,-0.107854697127179,0.01369984870673,-0.016791175629411,-0.254921931475713,-0.170267536359814,0.0777964694915868,-0.39399073734206,-0.21559864728073,-0.309774180411089,-0.248164566539822,-0.147356239443725,-0.133498956665079,-0.0124452490064494,-0.00873082233107497,0.1572079090134,0.0643265162890441,0.00664531625822833,0.0583068779991766,-0.065082512108011,0.142782675257263,-0.212282897857633,1,0.470695352568012,-0.106204949769192,-0.241787380725057,0.203773813069597,0.372635452995154,-0.143080496159796,-0.0278605377052481,0.0868439003576156,-0.27226683224726,-0.37155413163129,-0.153357497468554,0.0175428355382816,0.321680362519658,0.187567009110807,0.0271707431732459,-0.00165200583731221,0.0108071714044873,-0.0433913425958284,-0.113779043183966,0.00826019934786721,0.115099760547182,-0.104807432776428,0.0294681533100197,-0.0450426992648634,-0.00765670780846506,-0.0842532217917663,0.0863803961578442,-0.13194896663289,-0.280161635168958,0.0630774643353988,-0.0999777707410743,-0.0877592631287093,0.205587141535197,-0.0918310003592075,-0.0164049621525921,-0.0026668309597978,-0.113101059234498,-0.0820041898430918,-0.354110357807047,0.0861911474974541,-0.336596327275653,-0.270530241601008,0.176474597292073
"外曾祖母-外曾孙",-0.134163020431647,-0.264134151425072,0.386422511555581,0.271422267168691,0.475737226129962,0.567333778887235,0.115404280261443,-0.427796511265295,-0.155754420210262,0.0653105609312586,0.292987696870082,0.0861111675541568,0.503391990147741,0.260793538603325,0.45520399257324,0.596190410867924,0.287992608214981,0.222794461064865,0.386327131661961,0.237473622243657,0.309807834171925,-0.332593707746033,-0.195835464492355,-0.000217346898445588,0.161473628432023,-0.361696238316204,0.0603171221410304,-0.237634658170149,0.240031711428445,0.367203129009191,-0.303655830555899,-0.054477561253398,0.20192848738643,0.0455668614129286,-0.289949331443515,-0.0129131094386938,-0.192348871366134,0.517411817662599,0.559359457981657,-0.445429209829811,0.481424827504653,0.0584700260699636,0.542821084912583,0.341844963730286,0.206625034536052,0.0269526860000285,-0.265949018219063,0.0272156355305466,-0.23142379310684,0.0362265838363909,-0.32409950043634,-0.210655746753005,0.0978953380195147,0.0312080714597114,0.282275624013361,0.210254192910957,0.518964372474325,0.324943098994354,-0.200602552765659,-0.590727629923089,-0.259483859782065,-0.388412683247293,-0.226313137718533,-0.141223535908673,0.287899906783551,-0.1101402964259,0.374775745842284,0.238880513628577,0.431173020549031,0.438195753973321,0.217099080489313,-0.388665181014535,-0.281401274900039,-0.0694793122455503,-0.19800883222801,0.215419042838106,0.0991421122740924,-0.299234466093604,-0.232176109611291,0.262946307423255,-0.0720029745389349,-0.0718248579849883,-0.153747663844148,0.0431723544909322,-0.369745781307186,-0.488814070525108,-0.245509861646975,-0.435961552764798,-0.357729844767162,0.132045574537474,0.203859127128032,-0.424187991931467,-0.22793646126243,-0.309275272112765,-0.0108398428009613,-0.106062491397119,-0.288236595126693,-0.274712741918466,-0.245286875389113,0.470695352568012,1,-0.235948928643964,-0.394138756886087,0.643928028373061,0.445183925077728,-0.421516081174215,-0.411250263692875,0.040240530887793,-0.389014663659633,-0.453684387050108,0.0386700262989989,0.153054020438229,0.477155151542033,0.166384063722401,0.394868463414823,-0.109428675778194,-0.00193847956982692,0.0634755686254846,-0.0501530688283535,0.260058220601191,0.247857783514464,0.201292707384431,0.0495084142286784,0.190565472662627,0.303729197692586,-0.285199829969944,0.0981553236329411,-0.153811001122789,-0.229174121253171,0.101619697991607,0.115013907284444,-0.389004834372942,0.136518855944395,-0.147994037958522,-0.254023271510228,-0.132123135399884,-0.343248071009539,-0.232487718168434,-0.405102656119778,-0.0155426452511308,-0.436387493000345,-0.38668748287748,0.269731284831058
"外祖父-外孙女",0.319281333585902,0.538543653200446,-0.530348573706092,-0.343413962048988,-0.445947393175495,-0.393877403852018,-0.381049693476991,0.593337523563743,0.588509196003597,-0.307925268714752,0.0091366496945817,-0.0345882880469284,-0.329211089115067,-0.240257335386822,-0.128949498002487,-0.499137738088264,-0.323253404513276,-0.151799536523099,-0.33568748112214,-0.327854204080338,-0.31610630176094,0.373936318666509,0.364800827515379,-0.247492202809672,-0.48128188044004,0.395287391572333,-0.430377041749734,0.0965047449931671,-0.406852061697681,-0.300531083133478,0.465346287373923,-0.23639050909508,-0.458592563933205,-0.471595369162315,-0.0611465454053949,-0.24687328371798,0.051556571829308,-0.168529783593144,-0.286615316381582,0.48229015585212,-0.31539792943232,-0.138818162497312,-0.368741415285295,-0.551440302230304,-0.190238419125786,-0.346317231157197,0.301682254253281,-0.20938537903577,0.537758992555483,-0.110367436073208,0.0285802096068352,-0.0859866840185541,-0.319143817794741,0.064535047649565,-0.257463575115336,-0.317900668364982,-0.201821146858944,-0.414858354304179,0.0241571744333234,0.275480199219542,0.55182041598138,0.346106848193667,0.484406411453368,0.217884363140779,-0.469049528766143,0.304717307318017,-0.417301218142604,-0.389643531445777,-0.469233395364535,-0.65373246345958,-0.380454119658988,0.4993490611567,0.533733446632636,-0.285552796133768,0.534970379967856,-0.304001256619674,-0.284783125740966,0.457718642510717,0.393415081140794,-0.20230249471651,-0.26640500718672,0.441835687373896,-0.20517815998917,-0.344585512329293,0.541915284860552,0.498022316255628,0.649691473109558,0.469670027150316,0.479317313994382,-0.241808371085418,-0.232272599706333,0.452208854869985,-0.162375432900247,-0.146485781139404,-0.137666504095447,-0.257467741232879,0.431613849835476,0.547767931869827,0.422929624034195,-0.106204949769192,-0.235948928643964,1,0.626396608139792,-0.39089097231766,-0.249581376478219,-0.106067531239925,0.0791180806478254,-0.294994038041135,0.360611528782569,0.459032302739765,-0.463236852746053,-0.476326584353251,-0.413919974259327,-0.189015642697661,-0.311770139988739,0.271588757820101,-0.193777145009661,-0.146210527031799,0.372461616263157,-0.241165476692436,-0.214412013426373,-0.407036128154547,-0.420229653945382,-0.408744443782299,-0.355507616439884,0.63662322321306,-0.270921717448976,0.375068424273603,0.425464947483243,-0.346216052551602,-0.204713170803005,-0.0707182968184303,-0.305365313423524,0.456081058780377,0.393641361089672,0.329856425050901,0.483347690848417,0.524256904572073,0.53646476663048,-0.0498776309133559,0.647262455717845,0.39932077846458,-0.393407945330864
"外祖父-外孙子",0.269113457443887,0.378642391971749,-0.517328104802624,-0.351067312393649,-0.40674606148666,-0.379915536020142,-0.199775995646942,0.542351177311026,0.484589077984323,-0.27021650945631,-0.200858567916648,-0.167678863139956,-0.261968824020183,-0.32284356625184,-0.271878480453614,-0.327770402185005,-0.331812998209937,-0.215559571093012,-0.242248887673875,-0.230774578603361,-0.301108153557654,0.282569392805202,0.260506944174575,-0.323755902443106,-0.394072152003064,0.354530911468298,-0.343582337011721,0.109780347329461,-0.323999828129241,-0.375082116032189,0.359654991971347,-0.39492551746035,-0.373942623248421,-0.188077054267849,-0.148932155620494,-0.209045192660992,-0.137196487994955,-0.331395073370707,-0.30594356112764,0.362183598465894,-0.42596627831909,-0.153305694302474,-0.409350063261164,-0.395964963328377,-0.164635968776562,-0.0708166044952518,0.211403985098966,-0.140109120846953,0.507123032892528,-0.294285865763511,0.110484381882069,-0.000570588629946262,-0.158869325081316,-0.0822194638880682,-0.256326247039001,-0.207520029859539,-0.181181501026036,-0.288526756708538,-0.00203886297386372,0.438082534280739,0.522640972119385,0.380695599440643,0.38933101918445,0.273085829086913,-0.351064029040853,0.25628294558579,-0.351573259390459,-0.302821777974543,-0.393221388127749,-0.599318263953299,-0.258297631814344,0.371383916530854,0.5104742134195,-0.113316234328234,0.485882884554068,-0.212086326178563,-0.208426079206816,0.348148317104052,0.297111861998173,-0.265298950065206,-0.140120928365523,0.261654542377533,-0.187706258062128,-0.243917505621086,0.667516235637437,0.590320167130229,0.686815617274606,0.422546931393977,0.295415732564958,-0.295631441215843,-0.245991441096247,0.249317428918196,-0.187930534449223,-0.0717654795916471,-0.203290201263785,-0.3445530909954,0.309873817739726,0.356803460348938,0.390882536734872,-0.241787380725057,-0.394138756886087,0.626396608139792,1,-0.245206733889313,-0.192690417687806,0.0841453762115165,0.183943265092816,-0.328245843575862,0.499175847726412,0.511266799433409,-0.206295800104196,-0.339022492289478,-0.469260913701681,-0.179706026826072,-0.357850282162981,0.166951125394431,-0.020768516344084,-0.138184064142912,0.316144485495699,-0.242211708308624,-0.24941892422978,-0.273723034371075,-0.296482542107606,-0.259695509892157,-0.329327427547708,0.360576208073217,-0.280772091273018,0.297988078859494,0.394746378312609,-0.337533933356,-0.205964699580995,0.129151942810219,-0.301240627741039,0.34643847479497,0.320522000919234,0.260637528626965,0.314250641323626,0.318036291414032,0.63638085221262,-0.0493481160836198,0.631044016184897,0.564982154329556,-0.304825817162376
"外祖母-外孙女",-0.256851118943246,-0.320512743316153,0.329766241755024,0.344250319535113,0.521413338065181,0.543627872983152,0.33790225300635,-0.344526577245475,-0.312886100018102,0.151885054278158,0.293083990951207,0.222775943027623,0.60721842323354,0.241518099618583,0.326883173131364,0.594733540227352,0.347890138025256,0.0983431625960298,0.293182552774052,0.292371157145074,0.220393751128657,-0.285155361714596,-0.106208247105413,0.00572912685262104,0.21704727007142,-0.471180111808162,0.176273305677533,-0.180362777645809,0.339064571530668,0.421185551841104,-0.441521032940353,-0.0124355747134772,0.305635210845138,0.176419025719856,-0.331700714260815,0.25987713164259,-0.202862543506029,0.437888128704132,0.567328203469961,-0.384506347750164,0.325062811468332,0.122647666308913,0.496653761248827,0.39005990094482,0.395014144925913,0.190777740195159,-0.249605205540764,0.0444744387667342,-0.293216775148825,-0.00493199732244752,-0.0864169511731309,-0.119633732870157,0.283061663712936,0.0294791704269104,0.353755796603422,0.19540391187425,0.612705648794913,0.421614082601271,-0.352717522460653,-0.473460453167703,-0.392399698663001,-0.4451541742319,-0.343664254049348,-0.340261186887031,0.203470877590662,-0.305890627397819,0.451558548931693,0.302632558146727,0.489807084417016,0.398740244578123,0.249829611268972,-0.443205520730001,-0.40666108741206,-0.0731686491355055,-0.397656488970925,0.261029622287205,0.0394584490528878,-0.49007508211964,-0.380998199104775,0.351894937571207,0.238171672415576,-0.0931343378839809,-0.0791239002516697,0.0381596768680513,-0.400946001151312,-0.592475930368992,-0.167086066191164,-0.509082569106116,-0.31663476872669,0.09424857770701,0.26853212463478,-0.378075426525342,-0.15659412521227,-0.0318082129603238,0.147052916293404,-0.0408273558040468,-0.472134181367017,-0.421789555093247,-0.514945880882047,0.203773813069597,0.643928028373061,-0.39089097231766,-0.245206733889313,1,0.423596995177554,-0.389727676035765,-0.260069097587335,0.0513865779058114,-0.361124308341537,-0.458043442600788,0.346877015814868,0.250530407533174,0.518757386558029,0.286885583614155,0.427246990915386,-0.246086865710093,0.0796824718990294,0.0567558355915842,-0.269615527734166,0.322726549043297,0.136623218462245,0.29551098754704,0.214621193640045,0.21926051016576,0.312427993396771,-0.380093824432608,0.193545837839981,-0.241723551129712,-0.24131963329566,0.0103366370481209,0.230991959773401,-0.213139850987252,0.0951863937120013,-0.348365241237277,-0.387714949791075,-0.345545184812089,-0.460062854669543,-0.362098302646532,-0.37706636666257,-0.0822660063703816,-0.446912790079459,-0.342277285653001,0.301381985491151
"外祖母-外孙子",-0.295008755097659,-0.293741451329311,0.182757038555827,0.124262910320387,0.26243332500463,0.15084595723152,0.144207991608755,-0.147302417355387,-0.242467693815029,0.37381018242241,-0.0600704252606361,0.198782665262667,0.355438376812279,0.467617827866772,0.295410883522611,0.462491867532448,-0.00957681442244047,0.0584908253927254,0.308634242062209,0.13181356503603,0.258468626883349,-0.170709023371747,-0.0972401674646987,0.0279670440819191,-0.0173351559272462,-0.316397042705261,0.207149411239243,-0.279961407979804,0.0724139224166117,0.0993338475814258,-0.379136783606508,0.00643268784902272,0.133977875654642,0.166941803237981,0.0357351350599583,0.0877604902443011,0.137763570199139,0.371175270187434,0.482649271302734,-0.328814151289304,0.284305226094694,0.164152169773468,0.0245575337952556,0.108819616039876,0.238101228238496,0.295049903698349,-0.155933940351227,0.105597080206086,-0.0934780768594687,0.131925934669558,-0.0764421800510852,0.279356282284697,0.0357916494199256,0.371927455699413,0.134336333525741,0.273788462392504,0.380962909813107,0.285950007119721,-0.0704316043381956,-0.216891397056771,-0.217288707501286,-0.273673554333853,-0.364123463738139,-0.404322372532516,0.154076981028972,-0.320369117995043,0.156097840207792,0.176914820521595,0.292578521312129,0.273221991666854,0.0985757219015163,-0.307169157113639,-0.321448746208789,0.295919389469984,-0.356540435592262,0.0467641965502004,0.218190865082951,-0.372151491739862,-0.229175818664127,0.0470022537769,0.352670382500476,-0.318838930176362,0.045947953893261,0.114551276304975,-0.11698712960963,-0.232531742066092,-0.209247817197792,-0.128409811297645,-0.0803607079433089,0.052373335217504,0.0699265176228113,-0.144285908298948,0.0377547201427208,-0.214333397975875,0.0372636733005385,-0.156396890144576,-0.370418928249462,-0.0961704793131749,-0.321242261827661,0.372635452995154,0.445183925077728,-0.249581376478219,-0.192690417687806,0.423596995177554,1,-0.145211089165811,-0.213876595911204,-0.0989964784014328,-0.130939171318576,-0.31735095260237,-0.033706692554671,0.157628857630451,0.204802614904598,0.136197587717649,0.0225776487010507,-0.136740548497435,0.1357300577909,0.0800115950888143,-0.319816872151877,0.0734267061254685,0.188605661569282,0.0086832299351068,0.182870585020846,0.236840408752415,0.185212526008064,-0.241419879643445,0.00156823149094144,-0.264057028767102,-0.403822360430854,0.123900200296215,0.251074844664078,-0.131328398941673,-0.00689325648670577,-0.247293742034596,-0.268631559222439,-0.349393535527676,-0.335236890954269,-0.342131750457028,-0.133117686316665,0.127251084419954,-0.262057369955329,-0.119579231179307,0.141395585422277
"兄-弟",-0.191315372430905,-0.192929231868789,-0.138271927843596,-0.103797326339923,-0.280781297531522,-0.383674221754074,-0.0735572902665458,0.00155916265988138,-0.0673361884998957,0.238646413260468,-0.244049097217431,0.0135215419266016,-0.0866278172471498,0.0677772461694438,-0.0425139451003288,-0.0688729091557396,-0.20276140680313,-0.171333660922479,-0.145427714086309,0.00585533564432218,-0.0523379577828672,-0.0327960067208482,-0.236505253315939,0.154799661336483,0.00822909022904705,0.137263134920099,0.108472560280838,-0.0219496201228256,-0.222281378706561,-0.282500362454881,-0.0415698021648856,0.140202764310805,0.0112855604583642,0.22687002469146,0.417928702045781,-0.153431824318977,0.302713965508864,-0.326387314462657,-0.386608199182521,0.0583276591887236,-0.367440121248768,-0.0853664073006954,-0.323765509127191,-0.010223018143551,0.0354798634207978,0.197095468084603,-0.0520828143954553,0.0834860832323126,-0.149315269625651,0.0107372713448211,0.379562466685825,0.419031231406945,0.0563768312630416,0.202669777650568,-0.140332055307546,0.0258092000517418,-0.155687411147689,-0.065301781673656,0.231152101054177,0.416248122754357,0.155655241477547,0.145956299036825,-0.17595929299386,0.0704481867377629,0.0375766070668336,-0.157516285404342,-0.0439968873756182,-0.266574793836159,-0.190151801402489,-0.23044240964656,-0.0565595835254518,0.0141197025012521,-0.0990385155105699,0.288221411960852,-0.0635253678914501,-0.142051697607984,0.0705882255587789,-0.13534620733795,-0.102514314541505,-0.0598979018629169,0.330489692066992,-0.181143514595307,0.223234285198566,0.172229163454525,0.0530221444952762,0.248664921254146,-0.112437468367847,0.107955631404468,-0.0417280298383376,-0.0516949667689662,-0.0497389280172685,-0.0284275584879508,0.472922375654628,0.346664289181701,0.133834394210898,0.170455078286834,-0.142453905345838,-0.140181021162816,0.104514817863027,-0.143080496159796,-0.421516081174215,-0.106067531239925,0.0841453762115165,-0.389727676035765,-0.145211089165811,1,0.325190533144709,0.129942747256428,0.35117972165353,0.263193678475985,0.0779152047396742,0.18456131389697,-0.200529533551655,-0.196278661283287,-0.446476706427679,-0.214230041835429,0.24977198332129,0.0338053019828709,-0.235926757501098,-0.0790929437158485,-0.0994137429251133,-0.115555285903885,0.167109283310856,0.152887686777426,0.0138089188160723,-0.203617095972422,-0.176972877912154,-0.155506420783115,-0.152793706824482,0.147712535806772,0.148955555611074,0.531916419815072,-0.0161212869607072,0.066277640761999,0.0104309076028076,-0.0600865818825112,-0.0302001560262974,-0.202161052380098,0.102281335092778,0.423775858300111,0.13731175930492,0.347003988025375,-0.0381638024326396
"兄-妹",-0.114078854275584,-0.0246506053960294,-0.0458597745176679,0.0783253891133333,-0.0924087282243129,-0.190107443987419,0.271778659871648,-0.025324929085333,-0.200694802984353,0.0482136102063741,0.15040886427255,0.122266484875931,-0.140258976497428,-0.0638610712591018,-0.130707077447136,-0.277409619823495,-0.0331015455578074,-0.102373320822583,-0.0928316737879688,0.0942539646027051,-0.00406907840336858,-0.057274133263737,-0.0905480845311986,-0.0235471036429773,0.0989804236036037,-0.063696741412302,0.0555350506650252,-0.0793007872225266,-0.131045773332307,-0.111598816473669,-0.144230340345888,0.0863477872454066,-0.0642937754546314,0.0596423093646643,0.0601095492869728,0.215748659554792,0.14304796690299,-0.17710336113399,-0.352435032990077,-0.124767331894547,-0.261887389061455,-0.0490659629362228,-0.0713178464369837,-0.0816004577992258,0.0744227626820754,0.101034353469043,-0.122334239546188,0.0701205286204792,-0.107217570159217,-0.0839153930229676,0.439659131196047,0.210712508061403,0.026193599059757,0.0440753127077483,-0.0856506448388802,0.0673673026209001,-0.124546636497791,-0.0849063231906104,0.274188016780513,0.276951356664662,0.0255798132304251,0.196530939636366,-0.117419245874691,-0.156131977077355,-0.0809325129205268,-0.153576234677762,-0.108515470119863,0.024120471685498,-0.115046015041429,-0.194880250402032,0.116560152669496,-0.0203746963954269,-0.0712688904669764,0.208504258570822,-0.104486013977852,0.0522133195775712,0.125982383990538,-0.180452294183853,-0.155270616425815,0.0374529938788444,0.0470913988843232,-0.387834610731618,0.0736251092941252,0.234977370035916,0.102161067953604,0.129868979807037,0.0373919127177191,0.0745929027989548,0.0638758512362979,-0.0298878187638166,-0.0344384382309523,-0.0050751790789394,0.218640320605247,0.422079650408368,0.283311500897653,0.347206519271439,-0.0512769224491465,0.0152079793944873,-0.0669389460101605,-0.0278605377052481,-0.411250263692875,0.0791180806478254,0.183943265092816,-0.260069097587335,-0.213876595911204,0.325190533144709,1,-0.0576227592922807,0.199631160547171,0.229220638805741,0.1841531681772,0.0123986597102181,-0.194324426614298,-0.115710458723871,-0.139244473175308,-0.10610252032903,0.201524556412547,0.0923925298812179,-0.282633348978925,0.116824785110293,-0.0563489891366848,-0.107949122434045,-0.0333141882778477,-0.0315665537374787,-0.129603289635202,-0.124812357792425,0.0564703075321775,-0.28449176004722,-0.2178862268462,0.110392465377495,0.0678744944269093,0.504961901050487,-0.0647681925004918,-0.181567376152745,-0.0943996173663201,0.0171199758744047,0.0611324626878921,0.0399550472998381,0.0563188487008244,0.200341838996332,0.074535490647728,0.0325655880107247,-0.0455248466107201
"兄妻-弟妻",-0.208107714903398,-0.04516445518594,0.289482763943192,0.409305711246546,0.16858239444899,0.088516393726811,-0.0760602518239466,-0.195419931130822,-0.224060040128613,-0.185720301020665,0.140373880815796,-0.173160921798386,0.0604728914730065,-0.0819765621440256,-0.0638803970505322,0.154657768975272,0.363175625750973,0.142586384186018,-0.240648613335712,-0.198006103890776,-0.230301961460413,0.0876209768050029,-0.0700579562155807,-0.050168791232572,0.0822609730482222,0.0703232314698186,0.209616076423552,0.304737088940607,0.180004560729928,0.344241687249396,-0.0971504066370693,0.615096265675239,-0.0842126692694449,-0.0338908413874371,0.125154619757865,0.2301334232792,0.0881574712076039,-0.011592966497058,0.0171347164375879,0.0785680754526688,0.31080553247164,0.462550290111678,0.328038917314383,0.129458797823853,-0.31558755408055,-0.332897819940286,0.213051661857495,-0.311446225171333,-0.271051493339644,0.621761104088287,-0.144442621870538,-0.0633598746862875,-0.0923740112784323,-0.0595131875093107,-0.293027505891008,-0.369985888146847,-0.150048393009408,-0.241136922403125,0.0508349483859534,-0.10279059408773,-0.495562924553285,0.00994954382021929,-0.119037132475985,-0.0824053570156852,-0.0204752469316169,0.0637049641819134,0.371533006026765,0.168401590975419,0.104563372608166,0.368114501195466,-0.140799649977825,-0.206542867006458,-0.0678444902230246,-0.266980371541766,-0.0321339441702892,-0.276218749708437,-0.307633888441935,0.145476970659042,0.137529981479243,0.384665515393903,0.170791790214304,0.220365097583446,0.019036938460739,0.00235096507097838,-0.425905807072384,-0.138791750986064,-0.308691414199417,-0.235030943924829,-0.10420519579179,-0.161230833584134,-0.179541685748748,-0.154463957810573,0.183813372972133,0.238891760520577,0.17632426514175,0.318956478804815,-0.00390958542589359,-0.237364878534368,-0.133523955928001,0.0868439003576156,0.040240530887793,-0.294994038041135,-0.328245843575862,0.0513865779058114,-0.0989964784014328,0.129942747256428,-0.0576227592922807,1,-0.0552969408974067,-0.0919290321355484,0.177137253219864,0.324968472845274,0.432257811905653,0.516330117492957,0.323645384326464,0.133874750032522,-0.25484221261951,-0.321735724729179,0.0491160072189861,-0.183916092764604,-0.238799260550365,0.048412732170834,0.163448850663433,-0.082015999960787,-0.0386682235376025,0.0022723394752341,-0.00479320093522638,-0.103148877103137,-0.048784998592749,-0.0388380594307244,-0.326564396973336,0.0402800461105522,0.632367728010661,0.134606568186262,0.0472441378567035,-0.0815591488242251,0.112657604937717,-0.0689935129593916,-0.248558747318863,0.0222954512257091,-0.186825059579318,-0.261629724224693,0.281190339609088
"养父-养女",0.0457671516733286,0.163905136009281,-0.468876915067475,-0.0821100887000746,-0.349284917312906,-0.393044705033606,-0.150863591608332,0.391964375702452,0.345983306262932,-0.100337300174253,-0.158188543813851,-0.0973208977319607,-0.257295398156064,-0.213912810534139,-0.249716738149001,-0.316048438386385,-0.323884514862085,-0.251013151458617,-0.229300548033386,-0.134337762125676,-0.348003877059329,0.117217733119777,0.0239008639282477,-0.252485506809884,-0.282847643254457,0.252755616492528,-0.332637938350634,-0.00235120430861075,-0.400473255832331,-0.364770695654499,0.2662898165196,-0.0338616546042995,-0.322956403334482,-0.160658445712323,0.101731525129991,-0.0437528043141025,0.0711369255644641,-0.290528026846442,-0.360332868392573,0.326010410574735,-0.339803333490881,-0.0933086015443298,-0.384237581415567,-0.365661705585669,-0.278332321190092,-0.181231920853375,0.281036208767277,-0.094958650592441,0.247111333802804,0.0682728080453937,0.242804907515752,0.0520369925383692,0.00961339105482519,0.138236709165878,-0.331302446513572,-0.299483608253495,-0.200471415865135,-0.356121538453224,0.147465909750231,0.454360640475584,0.362480567490271,0.546354194333515,0.254968260356543,0.181085790927565,-0.242327888644617,0.177315784869891,-0.293359661710175,-0.294619599774914,-0.504186786481264,-0.50422342796537,-0.301078724240893,0.282078022015492,0.310248203661596,0.00111548395295167,0.208965466372143,-0.277731771220805,-0.280856168053729,0.182256357371364,0.291183375630205,-0.0146590558708039,0.0816397670343894,0.20578362486842,-0.168379827971295,-0.0225197708995107,0.513646954130661,0.541547304993262,0.489249812771001,0.440025288248939,0.331293289793138,-0.339697949174886,-0.420675255530445,0.158290625284558,-0.0433258030422803,0.116884134118977,-0.0763073832214361,-0.0122791768107456,0.188985062543259,0.205727940999268,0.374384828007054,-0.27226683224726,-0.389014663659633,0.360611528782569,0.499175847726412,-0.361124308341537,-0.130939171318576,0.35117972165353,0.199631160547171,-0.0552969408974067,1,0.512275226194017,-0.169173469695633,-0.140119327574905,-0.42850435216191,-0.152759708974484,-0.367586662349039,0.109872339661993,-0.0274741067034704,-0.149052087587373,0.17791137517203,-0.329722891365479,-0.370843713984967,-0.185950111066295,0.0301075798742219,-0.0848514885613019,-0.185461964124371,0.265509092620843,-0.380234840594087,0.255921584023348,0.160214679554265,-0.140975199655922,-0.143796264943309,0.303138076033882,-0.0832357490412267,0.36968326511379,0.209504908422493,0.0596580067583011,0.211925898590774,0.113380575017331,0.495806271927959,0.163543335413855,0.555247305868593,0.416057521312184,-0.305722306472448
"养父-养子",0.0160291944197972,0.158000639772501,-0.381976739223395,-0.233766747089651,-0.523777328006828,-0.541196810852332,-0.266429720975714,0.367121645834959,0.292401122229764,-0.211279411713206,-0.154280861593068,-0.085779757896718,-0.313850276028873,-0.152574869131217,-0.00475858811447544,-0.337814623232118,-0.400348256289865,-0.278416745460223,-0.321280709460497,-0.147295642165869,-0.344880723865834,0.263714338611111,0.115936854534244,0.00706578947640512,-0.216685054380217,0.390569275089878,-0.172784724303975,0.0865387684549496,-0.418520480904495,-0.385084719354464,0.17258156520161,0.0089171648092301,-0.142653927413114,-0.123397800128559,0.293460963656479,-0.0798091509107508,0.11902691243731,-0.12659462687691,-0.309381724605473,0.369699775245216,-0.440799166380725,-0.201862136866081,-0.390744685337239,-0.360646286506519,-0.285557863391961,-0.209741361010724,0.0950514984408543,-0.123842970732973,0.239682710864983,-0.111427591343444,0.0898764581066177,0.0682861333532492,-0.0898908238785986,0.106196369416356,-0.345220775427833,-0.208017183014771,-0.231884995296533,-0.3000857018134,0.0113297840032712,0.502940135689258,0.444123946868081,0.424753325069163,0.300121552075504,0.299133687373572,-0.0839647519370696,0.3316581641141,-0.185920307666357,-0.387503112565568,-0.315574058622852,-0.561304010174206,-0.250955762813713,0.27907181930649,0.21585970665019,-0.120664749465676,0.384208167980969,-0.194455641043069,-0.108572986895371,0.214042267269336,0.154743831715112,-0.015420727866015,0.036736677198022,0.108961448432174,0.0588031667042011,-0.120730111604769,0.3786996097903,0.494630674014174,0.437723538799017,0.362897759667045,0.19174342224742,-0.204503484566365,-0.199609971809487,0.199121915592867,0.0226696238487486,-0.0421455337133432,-0.158661096356285,-0.20360486928719,0.026923676364778,0.211122179900553,0.373970760533613,-0.37155413163129,-0.453684387050108,0.459032302739765,0.511266799433409,-0.458043442600788,-0.31735095260237,0.263193678475985,0.229220638805741,-0.0919290321355484,0.512275226194017,1,-0.158329448836884,0.101430960672742,-0.456712838597876,-0.293775507256956,-0.398964801811851,-0.0591632506443966,-0.175580049053028,-0.158432961347916,0.218152652185228,-0.273749213405946,-0.274343949433444,-0.234219774019594,-0.138700951480455,-0.125618080908453,-0.29475393908235,0.155904739809627,-0.171449433203536,0.187888235846928,0.0922550158894171,-0.146216202742795,6.92691960538632e-05,0.200126999716068,-0.282367607144598,0.165149354192494,0.422807794585589,0.169113160067726,0.379387633775835,0.227264654962045,0.352509566495088,0.226778463000653,0.579808241084859,0.552082681348832,-0.10861298679603
"养母-养女",-0.161804472126455,-0.392484865005697,0.300286100361697,0.227112090015812,0.298265164176634,0.359292249595371,0.384566503172601,-0.376143051421252,-0.359168631996797,-0.113253638107591,0.135144720867725,-0.00991272366159211,0.186068962215586,-0.119900266706537,-0.0821815042775932,0.22089059058487,0.227308958436156,-0.11532438487772,0.0277317587334595,0.273601123862705,0.00215887809753021,-0.366996100910393,-0.421557353518456,0.125924541971334,0.424340416778091,-0.455400969414602,0.0907344226839033,-0.0108657949523173,0.15969870598462,0.237748682642694,-0.277088826723982,0.00359729114665327,0.319103609416943,0.352421658368671,-0.138749625073426,0.274202632496327,-0.242499685797373,-0.132121352997022,0.0587440496357579,-0.282607164695287,-0.0145287824996928,-0.104043302314747,0.370188981781767,0.329478297355987,0.249631263453025,0.211583495686848,-0.283388202822004,0.0882371457619302,-0.513657270723574,0.0284496498416333,0.270910521128456,0.058114429401188,0.395422127240584,-0.0887440408003091,0.29121218741516,0.241030318166346,0.231603809645701,0.367178309510643,-0.366098516367115,-0.175124979204865,-0.380159588645284,-0.134729662562579,-0.24364637153348,-0.244949649871314,0.264363021684989,-0.306636183277129,0.219399425121331,0.24346513551047,0.22022846313615,0.30211233560824,0.346927213539899,-0.454078049903804,-0.346360414652773,0.0237364003657132,-0.287482737177932,0.392967309300804,-0.00426480774353622,-0.323409347766732,-0.25948614852475,0.355300740842594,0.185118715643162,-0.139321512385652,0.00883334588261477,0.240648274680164,-0.256828628840298,-0.361658637427493,-0.275806510972589,-0.360223268949517,-0.291560408451554,0.0486559953300322,0.347299161432095,-0.450954347463809,-0.0268284386568872,0.340428619010029,0.368095293150039,0.344746285144777,-0.376749222116411,-0.54393452767968,-0.260642766360018,-0.153357497468554,0.0386700262989989,-0.463236852746053,-0.206295800104196,0.346877015814868,-0.033706692554671,0.0779152047396742,0.1841531681772,0.177137253219864,-0.169173469695633,-0.158329448836884,1,0.461860522242195,0.31912282227712,0.147130713885068,0.221482564096774,-0.220101621321139,0.238986377981692,0.0171753332496396,-0.256024516979563,0.244071625965639,-0.12831639787719,0.525921397527551,0.375845932323047,0.52416689461054,0.512543690856706,-0.458028559080956,0.167652693217989,-0.394254468679556,-0.242735915857196,0.0903338000321888,0.0949026170848898,0.18907873106752,0.169775339561433,-0.362021496453569,-0.330381119830277,-0.248358125928209,-0.270075877318258,-0.219301546134118,-0.133749846763638,-0.00299074096794003,-0.210242971069704,-0.163882571017687,0.279088907212888
"养母-养子",-0.445355304149902,-0.372778915947317,0.421337067317134,0.281185702499126,0.14226642428257,0.147602742283065,0.345498544299868,-0.399377477121912,-0.450440604189325,0.116578153619291,0.133152617767984,-0.00720068590892709,0.262471899208841,0.210390187398378,0.249773300990609,0.347906861538432,0.160333388467148,-0.0596192658554211,0.0798267422686592,0.289535013186099,0.144549214114222,-0.270214990252439,-0.286093587043377,0.380153290128098,0.374437554067047,-0.280859509673503,0.328143587222249,-0.027571070893926,0.123635938424667,0.187467171420102,-0.453412203856456,0.237651824673995,0.391595825732206,0.388912477196485,0.250184543787594,0.208331743502431,0.0802540599850833,0.172824612609704,0.177667193329258,-0.269099010870928,0.0928412837903946,-0.0484118967213337,0.273951906030263,0.258440172944056,0.0836344636943939,0.157712440880379,-0.288037127651495,0.100913674764342,-0.436035225036071,0.119615963442201,0.104773202676318,0.297797797686751,0.258113687256976,0.174339526794083,0.0875755642706304,0.232866592938983,0.256242758658352,0.236922871778008,-0.243004897279324,-0.149433914694148,-0.397683409208157,-0.249014118061096,-0.417429737353316,-0.228359480498883,0.415705781303179,-0.220039499485414,0.393388250334809,0.237638796457325,0.294940022506584,0.298805263712159,0.182666444259414,-0.518177486374236,-0.572980622337678,0.177814052426745,-0.362411715660139,0.185792658764419,0.0593278500733214,-0.405244642089155,-0.329231723062387,0.360764215708628,0.347005715817711,-0.279546103364889,0.20416251414512,0.334719984528847,-0.442610752178046,-0.282370501113111,-0.435257968533068,-0.308560950234582,-0.332569540777683,0.115153935956044,0.141861505593841,-0.384323291129285,0.0551906303344108,0.048727927922716,0.13278671674372,0.0947080674612272,-0.570533156086684,-0.450087936709854,-0.445697474939859,0.0175428355382816,0.153054020438229,-0.476326584353251,-0.339022492289478,0.250530407533174,0.157628857630451,0.18456131389697,0.0123986597102181,0.324968472845274,-0.140119327574905,0.101430960672742,0.461860522242195,1,0.231329590437451,0.00880559128181715,0.0611579690839987,-0.365479727843853,0.134359459155634,-0.111446148606537,-0.42382871952978,0.10359120981547,-0.0318156362813455,0.279767603810325,0.494867901372637,0.450288118593708,0.247918105863234,-0.497461929471498,0.3033218802683,-0.413980696359157,-0.52828462718045,0.317871933768365,0.202618556863261,0.132814798041544,0.114385286521098,-0.337578313083636,-0.124225541834918,-0.30705715310343,-0.168113525409096,-0.492098927459337,-0.426074015211476,0.330294019318187,-0.292861546685909,-0.2010393952162,0.520958386107221
"姨表兄-姨表弟",-0.100782475496663,-0.151388243108806,0.595236958135396,0.343623528342,0.450803815123292,0.418860352800145,0.0252091317387456,-0.391188035325743,-0.371359075440315,-0.00670236467634463,0.16061763412412,-0.0518604280033162,0.329497347983472,-0.00263927789525216,0.0397849265687229,0.313403979212599,0.336201919640458,0.185896942346245,-0.00662069524868574,0.0213264187421452,-0.0278506922765305,-0.227724192670952,-0.251148298094218,-0.0480890362861081,0.192986003431622,-0.296826071893164,0.0773095158445284,-0.112621843964275,0.258468455755414,0.425697290411001,-0.296724368704785,0.244622853323043,0.0422450345351502,0.0178573068637311,-0.138124832012345,0.165455292194436,-0.14781649928148,0.163494397663168,0.377618461431935,-0.300516851684442,0.453009973961335,0.312275249480408,0.591302374679932,0.429687687189028,0.19304644792448,0.103488205441316,-0.0879273524191359,-0.0800427860766713,-0.242385223758667,0.285999734941628,-0.135196163666949,-0.0295476272312585,-0.0532308358511809,0.045868118023456,0.127839740542812,0.147394479943107,0.24092440127362,0.254898913504727,-0.124897529662285,-0.386082104570158,-0.61640791765313,-0.356229480525875,-0.340414654615867,-0.403542354557059,0.019786676916248,-0.357532159573247,0.572596800371511,0.35985380320353,0.491215399581431,0.618183203687081,0.201111886139341,-0.465838179615428,-0.317783988915332,-0.0630094478708206,-0.264820717329226,0.122597245198074,-0.113561867157813,-0.211440818146034,-0.162430404906232,0.363644862040155,0.227888916977557,-0.0672330130914726,-0.041949794622866,0.0331851192083647,-0.507631446929954,-0.480993044529179,-0.371761115500839,-0.365395097956909,-0.271828896145008,-0.0259682232119106,0.228944704193321,-0.349750863060554,0.0845635744969437,0.234829635854901,0.35046672451558,0.245161449032191,-0.226393969701113,-0.352755769182033,-0.318444936474691,0.321680362519658,0.477155151542033,-0.413919974259327,-0.469260913701681,0.518757386558029,0.204802614904598,-0.200529533551655,-0.194324426614298,0.432257811905653,-0.42850435216191,-0.456712838597876,0.31912282227712,0.231329590437451,1,0.555679553438795,0.478752099147059,0.065480701025368,0.0886347958646088,0.0933906668567379,-0.0960635850535297,0.222959284152703,0.14956405600474,0.322801515185599,0.286808286946212,0.0946159239002113,0.318862505938447,-0.41047755190986,0.0780324834737907,-0.289206303990064,-0.198126936000375,0.0427551395229947,0.0139455904722465,-0.0816247922071192,0.463040291350936,-0.151697983422804,-0.39138382973304,-0.238178359301329,-0.192505355550987,-0.162169089032749,-0.437845296041198,-0.146596010142124,-0.456443529099042,-0.368745694802668,0.19697115852869
"姨表兄-姨表妹",0.00590864622050385,0.229446798403285,0.203830277464986,0.38369397359435,0.248127401246356,0.163033184495016,-0.287022821200249,-0.0574017376440893,-0.363022531559269,-0.157643293161262,-0.0452886685270768,-0.187963287152847,0.173856078053279,-0.186333980763625,-0.200429292863991,-0.001640685599048,0.333695651151547,0.265034939028793,-0.299754671741639,-0.371206085513849,-0.337547089403321,0.0786812791054066,0.0137725771382117,-0.279217732261274,-0.0579874388196267,-0.0915137722848419,-0.0154848577934419,0.153327332393821,0.170082191574927,0.424790239634896,-0.0170648800799328,0.38390887756179,-0.0774764336804961,-0.161724037681954,-0.156842677960902,0.445080407012522,-0.0972194921753936,0.0372413270703379,0.179699370211576,0.0645966433798548,0.414757743473422,0.661681829451356,0.39894897333051,0.0741922577341169,-0.202534543053165,-0.19250966033387,0.406923672460457,-0.408328408210129,-0.0591218719984416,0.614873484911826,-0.163899241683073,0.0384461599562396,-0.141282090330592,-0.0141871217385857,-0.0936365503848344,-0.199220146752008,-0.0998794151072493,-0.0350855890725246,-0.00997877579696349,-0.146226994298697,-0.528456019463857,0.0315027575961161,-0.0597402419814547,-0.211037540550672,-0.262063997936788,-0.0805772528207788,0.216953753292184,0.309229408077168,0.269539504689102,0.319821744820335,-0.13219628631079,-0.207951418271768,-0.0978404725475286,-0.382375222230856,-0.0600862019459137,-0.228275467139104,-0.383599120584321,0.172305837202392,0.0324014811468928,0.433163799116887,0.222841062092358,0.235424036202497,-0.0119553284287563,-0.138714064170525,-0.226832977999115,-0.324078478883859,-0.193811406447568,-0.247788635055284,-0.00710190642093555,-0.211212920912631,-0.00145927790090689,-0.113414173307569,0.0975036567759615,0.319392307751126,0.315586177561944,0.213371522621319,0.147767970040381,-0.18604664991538,-0.132363242621842,0.187567009110807,0.166384063722401,-0.189015642697661,-0.179706026826072,0.286885583614155,0.136197587717649,-0.196278661283287,-0.115710458723871,0.516330117492957,-0.152759708974484,-0.293775507256956,0.147130713885068,0.00880559128181715,0.555679553438795,1,0.524544432546517,0.375251060030408,-0.163900438555359,-0.0699099424762658,0.0753267196624954,-0.133961081794091,-0.137287062404494,-0.0272949596016454,0.164191637827289,-0.256464364788284,0.0831203982706756,0.0218095035775513,0.00720522423283712,0.0549354046725706,0.165100064038077,-0.301495941996204,-0.242015737440903,0.0575104460567497,0.624654688451583,0.0496365102954345,-0.125318524043024,-0.194343448815134,0.0270755397669351,0.113281523110021,-0.270760576332917,-0.348797125959895,-0.222720565849384,-0.259697628456164,-0.137699334102109
"姨表姐-姨表弟",-0.0158076208368994,-0.106197058221612,0.371174388153097,0.385347475428263,0.621776455467964,0.543161495088468,0.103129460281638,-0.374370937891066,-0.312992778903902,-0.0595267788044356,0.186433184749379,-0.080218384527485,0.226553961593368,-0.105253479875646,-0.096473010955561,0.174795502927429,0.513757619643563,0.255225037780735,0.0944412267603504,0.152280249916888,-0.0181047465975125,-0.278981013168148,-0.13898120911277,-0.0966108484974612,0.146375773556125,-0.327636390929958,0.00982182680901901,-0.082652071614359,0.424054292710819,0.59602263344244,-0.0658282800249686,0.131998640904897,0.200447281225987,0.0281642590336373,-0.267172832465443,0.45328929070796,-0.307915827190461,0.225933524225808,0.260586869268457,-0.183464128205551,0.483040273481734,0.282633789344298,0.644680105717005,0.278181987080581,-0.0241468541400871,-0.185640435687808,-0.149411080411657,-0.0914287453280678,-0.320539946286751,0.295363939277408,-0.173441495809013,-0.310282504167036,0.247502127237985,-0.262860748254483,0.293452417719332,-0.103469996467908,0.214153847030141,0.053338531066442,-0.114080782219888,-0.484295060912459,-0.341629869690383,-0.0911042935382227,-0.0660484719809638,-0.0883981521270125,0.0233470791887804,-0.048493198248252,0.224205947431843,0.39797947512463,0.347974760159575,0.499246032989498,0.163874802741983,-0.432824134086078,-0.235856198422054,-0.369619662835612,-0.20968780782724,0.151292161798895,-0.0467876434816455,-0.0414063821041355,-0.200989693142766,0.415484629562066,-0.113989654579136,0.045518746452407,-0.0227999316122309,-0.0460423161664328,-0.325002241088554,-0.515617451723184,-0.236721507837082,-0.425366409706204,-0.324724747028798,0.0976544732490443,0.0882553825599291,-0.363025586986318,-0.286709209333758,-0.0717376753387958,0.2133695469513,0.227930290651844,-0.0272801103452767,-0.475955944866952,-0.262004535035007,0.0271707431732459,0.394868463414823,-0.311770139988739,-0.357850282162981,0.427246990915386,0.0225776487010507,-0.446476706427679,-0.139244473175308,0.323645384326464,-0.367586662349039,-0.398964801811851,0.221482564096774,0.0611579690839987,0.478752099147059,0.524544432546517,1,0.07939411554843,-0.050690759353705,0.00262307306437473,0.0124757123537936,0.208428352646267,0.110389283893337,0.338577479940915,0.0452438231439108,0.0081616799085972,0.240099856902083,-0.140443184762977,0.301291325546752,-0.00840162085860683,0.00923995918116469,-0.0675919641195087,0.0462464194873595,-0.135418039807632,0.501566505356519,-0.149440404760566,-0.203047791810044,-0.172349806712519,-0.222920023562796,-0.0158490170516718,-0.417574884366907,-0.242407377476905,-0.332118051198121,-0.479196575694436,0.091270979450614
"姨表姐-姨表妹",0.468546992177717,0.452904123190406,-0.232118916798465,0.0427681109082179,-0.0631395677373811,-0.123085976309286,-0.475708480909545,0.279808697756931,0.287831474025615,-0.437513117258218,-0.300301781173529,-0.428865161526207,-0.161074216231731,-0.365047050753049,-0.329927196062401,-0.297096973135843,-0.159043258232877,-0.0687710746424558,-0.391878062853354,-0.534459828145154,-0.425846802309372,0.319323005145939,0.257508528216666,-0.32568446355104,-0.265043959108248,0.321149546951922,-0.148698376062255,0.256194308456995,0.0054512520463361,0.0627970788431675,0.473550452646548,0.0887075439972756,-0.405600739168054,-0.412817830789095,-0.16647301075424,-0.092245456043933,-0.122963880452941,-0.277454086527505,-0.131667212360116,0.378996707816502,0.160322497582068,0.226098504875769,-0.0262693926480762,-0.148823976316688,-0.417102574603564,-0.396186712637894,0.423831583527132,-0.444548771474235,0.270126470630569,0.103995579439526,-0.356485961387514,-0.233625559425653,-0.400774866754473,-0.209949618328347,-0.315313067711822,-0.411887494245236,-0.390144636238811,-0.33774949609989,0.0797888353356414,0.166839506795924,0.108985944907645,0.409682894370649,0.401647260825634,0.235512713253387,-0.466238717260256,0.408063558969727,-0.150779283483881,-0.0760020184732343,-0.165806427616684,-0.00565810311007294,-0.351222623734295,0.315040125471453,0.52334782258005,-0.333930751428375,0.418909323398197,-0.434685098793084,-0.353527836428763,0.596097625587393,0.490218171778626,-0.106003947085822,-0.176686816641914,0.462095990762144,-0.286127825034992,-0.257111722648065,0.335754451401859,0.214209646407108,0.26722977183165,0.307099127406284,0.314405501653865,-0.360558520234198,-0.323291246652984,0.119302631463856,0.000366417026375294,0.103292608687241,-0.0495631425334234,0.0225337617436274,0.554859593209939,0.270120649748356,0.351052874356248,-0.00165200583731221,-0.109428675778194,0.271588757820101,0.166951125394431,-0.246086865710093,-0.136740548497435,-0.214230041835429,-0.10610252032903,0.133874750032522,0.109872339661993,-0.0591632506443966,-0.220101621321139,-0.365479727843853,0.065480701025368,0.375251060030408,0.07939411554843,1,-0.222195831850774,-0.188885598293769,0.528964762540684,-0.39094296034964,-0.251585402879645,-0.354394723037052,-0.342432245912034,-0.543519727381302,-0.250461025716847,0.358244419909285,-0.427158458360955,0.352998162230523,0.536746759016604,-0.326467212810743,-0.478500922028524,-0.100942522549968,0.28097671227396,0.602323258226199,0.197457716697733,0.434762190102692,0.527306651462284,0.471455670037109,0.253485175065951,-0.298931367909212,0.347582194624557,0.0791670688307797,-0.28587072392331
"姨母-外甥女",-0.267410704358363,-0.319890977944048,0.106112392585798,0.00452442865708208,0.0591216627426675,-0.0256870012108276,0.302834085084678,-0.256187712950931,-0.135998082913304,0.271208116200517,-0.0160845730125291,-0.00559430429023211,0.0519074658666402,0.0616859168523262,-0.0544512070712936,0.097459490898745,-0.0376631685744951,0.0813405337186601,0.206389093485901,0.466304936681719,0.313144807577968,-0.403246915278863,-0.259669755335605,0.193519504831003,0.275932550156202,-0.334621683132618,-0.120583842078309,-0.18576880684179,-0.10561230299623,-0.222934967931428,-0.220084332448376,-0.331406025017444,0.164292497518977,0.31927363138371,0.118546308041701,-0.203277307532811,-0.172882824781681,-0.250687151064704,-0.103346397359019,-0.302051891459071,-0.23415715253808,-0.125748328415806,-0.0160426358751862,0.0793316490586013,0.52139420245974,0.537683816356704,-0.393205956856964,0.397587402499865,-0.225072398463514,-0.233045455204007,0.315430708381887,0.308850666413069,0.21474088125208,-0.0480790923046105,0.234825612513419,0.333305039310583,0.106512631870771,0.28837393740595,-0.139455534962219,-0.021650098694532,-0.0225524585562217,-0.165718697071863,-0.36886701848645,-0.261224547905375,0.12073189377068,-0.391508906336299,0.234352467474351,0.211497124645036,0.0848451343017918,-0.0305716858704584,0.488007751742109,-0.313454788072271,-0.302838850888154,0.526519200222298,-0.215295009450017,0.478679077980736,0.346217508405922,-0.383083259364479,-0.342899920137961,-0.0359782555431764,0.0944931165273741,-0.472732198584702,0.0646012754432351,0.0345674232604197,-0.0632025893576975,-0.0656393770467131,-0.0337179108151312,-0.111544375323809,-0.384765226013646,0.133362685800354,0.144564935673347,-0.208444638446107,0.12245155532539,0.168730246488123,0.31481490088494,0.198665920889242,-0.403683265631188,-0.388688259547719,-0.0404564975942016,0.0108071714044873,-0.00193847956982692,-0.193777145009661,-0.020768516344084,0.0796824718990294,0.1357300577909,0.24977198332129,0.201524556412547,-0.25484221261951,-0.0274741067034704,-0.175580049053028,0.238986377981692,0.134359459155634,0.0886347958646088,-0.163900438555359,-0.050690759353705,-0.222195831850774,1,0.483123337955521,-0.344221393996806,0.406554240354624,0.362824364058987,0.244312939155069,0.228445509675846,0.425120078355603,0.26531996991504,-0.384971219787581,0.0548580996138747,-0.390358475623566,-0.291215859756327,0.135592013840947,0.36721592908564,0.182428561554454,-0.0470153937457285,-0.110280978723677,-0.332213122483876,-0.215825076699149,-0.32184329376569,-0.315658641817304,0.0551305507211122,0.196622721565902,-0.121229821913814,-0.0177225676880867,-0.0477824808338519
"姨母-外甥",-0.191311254273008,-0.0885124404532734,0.0105084491708851,-0.118306447783722,-0.0250867893404656,0.00890016353376157,0.178924051510941,-0.324306466097613,-0.34143735100546,0.272693570606385,-0.114080828683961,0.251223318636457,-0.155319832122128,-0.0979684760921493,-0.107646394500253,-0.195546130042325,-0.24968390087438,-0.0148064505843438,0.262871931006331,0.271371504111428,0.376995255401522,-0.333177378817041,-0.123718590421425,0.137412336165717,0.367811448475536,-0.252886433575163,-0.0362292439589817,-0.228278110844508,-0.0407739540777157,-0.198511574586182,-0.353395872317942,-0.295973594380744,0.277689021624183,0.146919502445249,0.0887554529570719,-0.115213510654718,-0.162216057897504,-0.210627222206115,-0.0443723552857855,-0.321855832172287,-0.176025166544208,-0.123016057937982,-0.0381550637414911,0.00298484761862575,0.520695490651934,0.60134998557259,-0.219230202192074,0.564607411412035,-0.0522510701939341,-0.289959410021795,0.280199815366885,0.171411848572964,0.184867669856352,0.151372739320142,0.387271556047721,0.465795312903368,0.0340794090956102,0.453732710770809,0.14832331631682,0.0214445070644115,-0.0853618720723383,-0.220945821457894,-0.241890624699813,-0.23399246219384,0.270196177162198,-0.303698071271249,0.135919061780634,0.112472728391911,0.317297885830927,-0.062739222867837,0.560328115220842,-0.0110589752135944,-0.359335744153498,0.413934024157834,-0.177004393300047,0.609934827399661,0.603960147576035,-0.275676914323103,-0.339348580077611,-0.129843543815301,-0.00434415645753326,-0.472876480321433,0.300400974821834,0.0250371828523469,-0.0844837866150151,-0.278776845793186,-0.118876913648065,-0.1075910889872,-0.320612021425598,0.450311935541556,0.349732452977142,-0.0708376882986173,0.183853083777988,0.0264181987951974,0.0927228554240419,0.0461942296920619,-0.265479902286573,-0.169227114865201,-0.0908626371464428,-0.0433913425958284,0.0634755686254846,-0.146210527031799,-0.138184064142912,0.0567558355915842,0.0800115950888143,0.0338053019828709,0.0923925298812179,-0.321735724729179,-0.149052087587373,-0.158432961347916,0.0171753332496396,-0.111446148606537,0.0933906668567379,-0.0699099424762658,0.00262307306437473,-0.188885598293769,0.483123337955521,1,-0.212730819985346,0.652983722438102,0.757178852759965,0.0986910619129154,0.0692305087756373,0.123555564220326,0.198010712874926,-0.306269349449519,0.125093502300376,-0.277058740255984,-0.167081177084402,0.149696634283131,0.415977038134371,0.00701249036423103,-0.181596564843056,-0.290717026407104,-0.391930484510926,-0.307526214902282,-0.409966492373335,-0.168124800179751,-0.16874494677015,-0.250810344673439,-0.343483239996455,-0.137926973489974,-0.427820074242414
"姨婆-姨甥孙",0.583101022239871,0.443680978786164,-0.346259091761022,-0.25019478066943,-0.236594653062468,-0.131625593540027,-0.46157697610507,0.279558699648038,0.537228266410465,-0.444906755453042,-0.215205336345592,-0.372395126107712,-0.257691709501266,-0.430415850366415,-0.20135330761702,-0.241923806003811,-0.118901268504042,0.0323871936632835,-0.22867608565926,-0.414648948643317,-0.42148980905573,0.264355851083612,0.151004727493114,-0.386326118306601,-0.417697907882965,0.481817397358866,-0.372574790307008,0.120017863007336,-0.148899131584968,-0.0781741294653587,0.480302170078114,-0.0599860100168013,-0.46276409412106,-0.462802553302605,-0.182796410930201,-0.245473326631668,-0.216916557679037,-0.199785151455334,-0.125331856440978,0.411976324485308,0.0617809278072005,0.0274684860732342,-0.0761235007092701,-0.236263966653818,-0.467337461430643,-0.436029065868618,0.324348468285962,-0.408878145133,0.383779948992825,-0.0749974394147132,-0.365334531889395,-0.500292775205595,-0.317004497939116,-0.384207838270853,-0.282069127408147,-0.411282518232784,-0.420971928050377,-0.360164879185767,-0.0336865353582626,0.0965394862519798,0.363253745788521,0.431289999452058,0.633386492798363,0.599324946580399,-0.304479378765452,0.568993133115999,-0.156643113596758,-0.149233820380161,-0.294435742703278,-0.187746858139347,-0.334225348049513,0.410778600543419,0.702329391474098,-0.401678733807238,0.744603538748034,-0.361326900801316,-0.393964033037854,0.573561123312287,0.449713787751611,-0.091062335921236,-0.360184679684482,0.599606412030094,-0.316548670960789,-0.335091185925879,0.416807643145541,0.426165645865246,0.420707464467154,0.29740522172429,0.196055149706519,-0.420927123851459,-0.357399034998753,0.167206975364478,-0.216933120615979,-0.223847159898912,-0.308192898498537,-0.189985456424246,0.588106885324139,0.3041582145542,0.537738827615135,-0.113779043183966,-0.0501530688283535,0.372461616263157,0.316144485495699,-0.269615527734166,-0.319816872151877,-0.235926757501098,-0.282633348978925,0.0491160072189861,0.17791137517203,0.218152652185228,-0.256024516979563,-0.42382871952978,-0.0960635850535297,0.0753267196624954,0.0124757123537936,0.528964762540684,-0.344221393996806,-0.212730819985346,1,-0.380578907884867,-0.226650361221041,-0.169629790585535,-0.425034423679554,-0.429957253462378,-0.307942037975255,0.395526618413482,-0.359505534974287,0.538941512556046,0.631702677981148,-0.335034368998692,-0.397847654628415,-0.30812331654504,0.0594952660866204,0.561461698123412,0.419734678115042,0.50550967990076,0.427281607052473,0.492070275733301,0.394841611691474,-0.278416520551789,0.477754048779637,0.336196904191106,-0.230969806111467
"姨父-外甥女",-0.346180976937444,-0.412987125381916,0.288200807207338,0.0584291344519153,0.215149460070245,0.455503050084265,0.487742763581708,-0.417758873844417,-0.357997443380219,0.251968916871256,0.241122955011994,0.410923740373168,0.0101542766998847,-0.0142471498548692,0.0633824645866169,0.149359685032308,-0.0262374717764916,-0.171380258802635,0.413364418267996,0.559946748700983,0.447874243217812,-0.557879405656344,-0.277603968368842,0.281985749048272,0.438391687868535,-0.509836446975307,0.0458442440687609,-0.243117289605253,0.0821289756994806,-0.000338672409053191,-0.401305729150964,-0.316776719369699,0.433397725085828,0.387627022501006,-0.0809098811638151,-0.0115361019490653,-0.31389950578779,0.0737854428519397,0.0384333689082154,-0.585269710722643,-0.048767345260046,-0.294718965851447,0.312750506680662,0.290893180009672,0.679044978358146,0.589989579317008,-0.528480485510614,0.709325873130039,-0.322788421487175,-0.234171330368867,0.177643326098261,-0.000759291285679703,0.413683383600435,0.0704758585573561,0.586351000286752,0.497284712995352,0.43128536580122,0.515018815816629,-0.112634986054481,-0.287575019765182,-0.165995179574313,-0.378379676726251,-0.356142040185979,-0.330093205585247,0.44070162612939,-0.413595064215914,0.287613401469047,0.230184204813648,0.295852507650615,0.200425104935896,0.720757742586973,-0.283085874733901,-0.451532366704878,0.381722703321224,-0.378822466902376,0.728805808466903,0.614884875155212,-0.518280515359528,-0.40618276599679,-0.0793551658062179,-0.0655986830764361,-0.501512675377877,0.268436618545435,0.216355924525623,-0.24871648371143,-0.476724834277615,-0.207589468389797,-0.365769590065271,-0.475636046629656,0.502154674847308,0.491548957084243,-0.358221738244669,-0.142153854114535,-0.105833090494675,0.171003888512572,0.200668192719889,-0.45361225666088,-0.397262931319618,-0.344247744213063,0.00826019934786721,0.260058220601191,-0.241165476692436,-0.242211708308624,0.322726549043297,0.0734267061254685,-0.0790929437158485,0.116824785110293,-0.183916092764604,-0.329722891365479,-0.273749213405946,0.244071625965639,0.10359120981547,0.222959284152703,-0.133961081794091,0.208428352646267,-0.39094296034964,0.406554240354624,0.652983722438102,-0.380578907884867,1,0.704637616684433,0.438171436405119,0.0985261236280213,0.343068367766237,0.198174323172078,-0.422873464536894,0.296745791697465,-0.509784344542817,-0.349881734762393,0.27129189225546,0.40435054117513,0.0693070330124788,-0.0314112077300139,-0.461046606155281,-0.596324025963533,-0.457733482566731,-0.558814006592985,-0.395253959464459,-0.32255833058728,-0.0623743127762138,-0.447019150974296,-0.290436622526979,-0.0106178476996426
"姨父-外甥",-0.239444801916952,-0.167900413177598,0.249702333952728,-0.0901413167211873,0.147616992743032,0.203169338103229,0.270744911291643,-0.385188666444131,-0.257004115003097,0.260996541005072,0.0193949865937725,0.309897874255742,-0.0529588311864611,-0.0199625541903974,0.103397653077134,0.047609632271112,-0.128474553523163,-0.0547657544992935,0.322617012521331,0.29619171833537,0.403804483176334,-0.373182510065243,-0.120452590046591,0.25485948267361,0.309200609893532,-0.260648374879868,0.0787508773833031,-0.296058741828934,0.0601172031356988,-0.0953414293577507,-0.404354651497564,-0.27888451965898,0.377129235554657,0.30323043692675,0.110636373324163,-0.204966322122464,-0.197967832947813,0.0158041945166477,0.0913850272664456,-0.483609450495726,0.0150618401624553,-0.0943843261841269,0.122818184089432,0.146699633413588,0.513918962980129,0.563835487969453,-0.38910869067314,0.62131168335952,-0.0323360802434347,-0.224627478019869,0.0716943493833976,0.0823422164596036,0.165471410496117,0.132931931496677,0.449007196145005,0.481145249483627,0.164938597160437,0.41165925178875,0.0898612334731608,-0.223535385703579,-0.0664365201320263,-0.429321919498184,-0.325405959284889,-0.227020198134324,0.358786623306634,-0.319668684151677,0.250834452429654,0.244049544855668,0.380463843883023,0.219591632815114,0.612426610430967,-0.111439107740703,-0.293532979744864,0.403047222718073,-0.247423922677936,0.581979470912201,0.681096957295052,-0.291336355019268,-0.267575367333443,-0.203959633148968,-0.119626414882072,-0.473428495487909,0.339091740819325,-0.0350722612614113,-0.193531395423271,-0.321014764687622,-0.287615029615046,-0.178490640807872,-0.424589262465708,0.514667435081894,0.375017875335049,-0.179678528864555,-0.0259425908363442,-0.264249576227648,-0.0527655104572543,-0.069007274483634,-0.243539918979747,-0.196137358612665,-0.206051176165304,0.115099760547182,0.247857783514464,-0.214412013426373,-0.24941892422978,0.136623218462245,0.188605661569282,-0.0994137429251133,-0.0563489891366848,-0.238799260550365,-0.370843713984967,-0.274343949433444,-0.12831639787719,-0.0318156362813455,0.14956405600474,-0.137287062404494,0.110389283893337,-0.251585402879645,0.362824364058987,0.757178852759965,-0.226650361221041,0.704637616684433,1,0.210391697167721,0.0018575051646166,0.170508050663644,0.114099521607543,-0.220509583445598,0.252134802473942,-0.245540791398932,-0.2911362686391,0.150165122005887,0.410172825293379,-0.132660246667202,-0.13609297468114,-0.299897621651974,-0.421529488831283,-0.327830930226647,-0.492973295838416,-0.310365835283215,-0.340942192985057,-0.116358746637333,-0.468061691341469,-0.306327221684073,-0.179651224148686
"义父-义女",-0.110781934419949,-0.455254898145949,0.530330461867879,0.240173950676264,0.423081186892352,0.600254236252562,0.480316587725722,-0.466672189733431,-0.182425060541174,0.0710304783411201,0.241685494656776,-0.00630855567026247,0.128506882529693,-0.0541147400837457,-0.0991235514491945,0.261188703323945,0.236371261054416,-0.0989094851484956,0.232708681255292,0.472581852613686,0.158909111754283,-0.518410408310126,-0.515998386931908,0.234106935212155,0.303494218936684,-0.53130922363773,0.00658216376423014,-0.244698589944386,0.275510840994143,0.151476556976882,-0.22468379898572,-0.261304883839655,0.349660715787843,0.344234441379277,-0.115500262257193,0.0402808603539072,-0.414351275638263,0.0413424158913312,0.0941526515463296,-0.500131538002349,0.206789206663747,-0.220991397320816,0.40367793319364,0.404614653248823,0.278236767755993,0.258711837964163,-0.510668048357202,0.401545825437691,-0.493155409924711,0.0624754240982213,0.167060551074786,-0.126341614622947,0.409085172550305,-0.0986064479320621,0.509821586368444,0.405133813834865,0.3718952377222,0.344783291678325,-0.31967833136854,-0.388247687313659,-0.209791781634801,-0.326285998213227,-0.19650989286252,-0.171101910344354,0.344906775739333,-0.405179295620596,0.20878816999774,0.376404490497809,0.288750099652429,0.421806464502655,0.517534974613977,-0.460981048921983,-0.276544298852502,0.201498078432828,-0.360115614292331,0.551808229248426,0.196013151417464,-0.348111741083043,-0.225651669090666,0.00812103921911947,-0.15828839653741,-0.253691702525638,0.12134776395633,0.310436825843612,-0.253642471244056,-0.335450499897746,-0.298398966812212,-0.429077522119067,-0.386346693916298,0.133652987108602,0.271600467572854,-0.505286934526593,-0.378097949263952,-0.118475618053036,0.0481696648955319,0.276435235921865,-0.345251238090662,-0.507038041033077,-0.280770666386484,-0.104807432776428,0.201292707384431,-0.407036128154547,-0.273723034371075,0.29551098754704,0.0086832299351068,-0.115555285903885,-0.107949122434045,0.048412732170834,-0.185950111066295,-0.234219774019594,0.525921397527551,0.279767603810325,0.322801515185599,-0.0272949596016454,0.338577479940915,-0.354394723037052,0.244312939155069,0.0986910619129154,-0.169629790585535,0.438171436405119,0.210391697167721,1,0.550581962604465,0.709226674861588,0.585067891351892,-0.378861571749171,0.246222478507721,-0.339869961161092,-0.289734729249934,0.19091811774244,0.10938239484799,-0.0326759454612807,0.184794724433956,-0.34655270290892,-0.426433722967191,-0.332634910969749,-0.422213026138543,-0.352101858279836,-0.236949020521577,-0.0151706091615946,-0.298523102813685,-0.317578767589137,0.235009629850978
"义父-义子",-0.266090437293453,-0.284879824380745,0.469121116942717,0.198967001799035,0.189128270258326,0.275167795750032,0.315284499003071,-0.275660607899743,-0.392740260873436,0.131939438919857,-0.00722591758524364,-0.0749882041103904,0.173738641139909,0.0805427009967552,-0.0690227294808752,0.133032345068865,0.183393328384499,0.0403047956695579,0.102914535672728,0.302255542756644,0.144159625909587,-0.306338958184756,-0.364120986321032,0.064708845800887,0.185360293684383,-0.379170931637576,0.0631982922761112,-0.112820739375985,0.0580181748491972,0.141179334903154,-0.342449287652986,0.0634703436127649,0.25188815702755,0.307256664108722,0.0408020108889471,0.20888092292304,-0.103683924017418,-0.00971425981010258,0.00768850167753528,-0.26660939707099,0.051648354530831,-0.0180563640619772,0.189092305017367,0.266312365362368,0.182749903317518,0.249267173953918,-0.158537594132857,0.244833709362167,-0.376524434857345,0.268387888265453,0.246085507175411,0.381579555114271,0.267464299330288,0.195032344056133,0.178313936079965,0.380955461189201,0.233684448814999,0.268374428277738,-0.115307397121921,-0.0908181669280108,-0.376285244887451,-0.282916898412916,-0.356033554608102,-0.398811942375196,0.228989358909268,-0.455623224441122,0.192322301346983,0.185047922591866,0.296860277483604,0.277570934303313,0.218537174150439,-0.386392486315672,-0.502487086498962,0.201531829492847,-0.452010769793055,0.273807588374937,-0.00302145846111575,-0.344581787888879,-0.177677004152415,0.139798540398911,0.252335556686145,-0.273818609585128,0.150055647851218,0.386547948637797,-0.360899964155613,-0.217206213426439,-0.384852151467347,-0.300300880719413,-0.165325403072093,-0.0293122533508039,0.0770646934659682,-0.175931830632866,0.000523484693483275,0.197273956665355,0.184861477328653,0.220577781738095,-0.353258797976001,-0.265166851172079,-0.40042073518481,0.0294681533100197,0.0495084142286784,-0.420229653945382,-0.296482542107606,0.214621193640045,0.182870585020846,0.167109283310856,-0.0333141882778477,0.163448850663433,0.0301075798742219,-0.138700951480455,0.375845932323047,0.494867901372637,0.286808286946212,0.164191637827289,0.0452438231439108,-0.342432245912034,0.228445509675846,0.0692305087756373,-0.425034423679554,0.0985261236280213,0.0018575051646166,0.550581962604465,1,0.602730102314658,0.513298541008994,-0.328918663775151,0.113613641638333,-0.326230931349916,-0.368317692368171,0.289037916276604,0.131505165031978,0.168057503847393,0.238650362799423,-0.303837767198137,-0.308427991868204,-0.374632820082019,-0.240727005895142,-0.378741619942629,-0.338192312814613,0.0544677887628776,-0.332210554852632,-0.294646073418181,0.0959872945944663
"义母-义女",-0.269349304675953,-0.596757314948988,0.386966213313553,0.139243321348037,0.24849516998163,0.366010448752653,0.492908142036724,-0.396251872560011,-0.246633343554828,0.201460156365357,0.084312232578003,0.0403744383532013,0.141254181158308,0.184019759932141,0.0964721202429478,0.300666034545941,0.0391647638402797,-0.136953817773139,0.392690367368638,0.599038643376966,0.372113571181614,-0.557641437963976,-0.60879522478365,0.242213235689878,0.291285701703219,-0.578554783405677,-0.0109232286158464,-0.36626981613847,0.0315161140557717,-0.0729840468416997,-0.360463328829792,-0.197751027733598,0.465666150421447,0.512229347716704,0.0802664168402073,-0.0928571451187638,-0.200044334374411,0.00469644448058234,0.0447944903267309,-0.471821067830447,-0.071547149795837,-0.369629907643626,0.189093534523588,0.374228241517642,0.472947289624489,0.437214223971524,-0.548432921169409,0.451829840475245,-0.477550041179495,-0.0675382798788624,0.296354222631116,0.210916732161274,0.442361666127327,0.0577265011229408,0.465673534675892,0.503268203571382,0.430646379025317,0.476934740823605,-0.300572431628973,-0.187436809580481,-0.0957346619099131,-0.314567787148995,-0.366141720951519,-0.257128543377738,0.526910733542782,-0.472262252333133,0.0929478007618748,0.204301418940165,0.242593206810539,0.280888877610784,0.495855688633446,-0.444552945383492,-0.4596262290336,0.356272466857658,-0.47082764353551,0.534028033861974,0.354359969876736,-0.466780552479727,-0.386414582693923,0.0168654513115114,0.0664239374082858,-0.450084198041426,0.183737249418162,0.430498947367442,-0.28022490705144,-0.253574699168579,-0.302627216268408,-0.279381869540459,-0.431185707663024,0.124972118477545,0.28234875909933,-0.446348461826542,-0.111255022681716,-0.0740327371342625,0.134418884664448,0.204789497949379,-0.531220034369709,-0.462432366829282,-0.22058573126779,-0.0450426992648634,0.190565472662627,-0.408744443782299,-0.259695509892157,0.21926051016576,0.236840408752415,0.152887686777426,-0.0315665537374787,-0.082015999960787,-0.0848514885613019,-0.125618080908453,0.52416689461054,0.450288118593708,0.0946159239002113,-0.256464364788284,0.0081616799085972,-0.543519727381302,0.425120078355603,0.123555564220326,-0.429957253462378,0.343068367766237,0.170508050663644,0.709226674861588,0.602730102314658,1,0.647485482454419,-0.454085180048974,0.166520907994508,-0.355405333719537,-0.425896173619164,0.343136190695067,0.383643044707903,0.127665400137101,-0.0465957306452145,-0.344126668861494,-0.424307107956212,-0.364629023054682,-0.499537206681473,-0.454080907369099,-0.202435170702989,0.221114442190446,-0.258367595600568,-0.218314160563035,0.25035447070401
"义母-义子",-0.0460567772306941,-0.352873301533962,0.341209637043555,0.297530212754659,0.472973245341994,0.438627347547335,0.160622273988103,-0.382862849342004,-0.220055428996524,0.0260339607039365,-0.0635966771847623,-0.0265231525898103,0.231911839335558,0.0840938486645784,-0.0456183351149317,0.168966265927317,0.145973551109925,-0.0493966433865747,0.137678004780756,0.310499959949837,0.172065448927162,-0.495870572555601,-0.512240339115573,0.0580058094097499,0.291202683734447,-0.5365066590074,-0.0511565437087136,-0.326317075279494,0.159310268321241,0.212723426013196,-0.212721038378724,-0.168003897876803,0.379380954684811,0.278242303681873,-0.0488592868987171,0.0432373473982542,-0.186887465402827,-0.0258915841503937,0.164824264090755,-0.25606755925454,0.144001508358026,-0.150221512141528,0.373445747694187,0.357767995523888,0.322525031775231,0.175349453967402,-0.335671018273237,0.181869890255072,-0.368993928324038,0.00513461242254078,0.231651413007931,0.0712434475089594,0.303151839545362,0.0343018972862961,0.357894795823857,0.378444431823668,0.314102293369652,0.350362762114794,-0.23743604756465,-0.320590757974485,-0.168586212543262,-0.305375607007217,-0.24488180551295,-0.284962700977247,0.173468030963091,-0.450695572411957,0.000465997637590672,0.224589238464747,0.327404721365276,0.27100801001959,0.325033899607666,-0.418611228721093,-0.33105388318883,0.0397046626498925,-0.427611564088466,0.404479030597209,0.172080217584103,-0.263625580190932,-0.318413585848433,0.156980562910303,0.0890633661486169,-0.149818664284718,0.0625870085599076,0.24032384877716,-0.233171526194102,-0.412612751714405,-0.320522857922493,-0.3152553207322,-0.292791237097668,0.150455549215343,0.403450394347214,-0.445673069395305,-0.00221021428954177,0.0260331022471719,0.229221712869205,0.144628545229517,-0.324227112482081,-0.473069469496186,-0.211688292934742,-0.00765670780846506,0.303729197692586,-0.355507616439884,-0.329327427547708,0.312427993396771,0.185212526008064,0.0138089188160723,-0.129603289635202,-0.0386682235376025,-0.185461964124371,-0.29475393908235,0.512543690856706,0.247918105863234,0.318862505938447,0.0831203982706756,0.240099856902083,-0.250461025716847,0.26531996991504,0.198010712874926,-0.307942037975255,0.198174323172078,0.114099521607543,0.585067891351892,0.513298541008994,0.647485482454419,1,-0.317144817735655,0.114197938333726,-0.133397387423294,-0.138091761686971,0.168094619014138,0.231150025489855,-0.00263660208115118,0.103413191418597,-0.220235071804004,-0.388092536914673,-0.28819060262285,-0.406739322244824,-0.234270369281156,-0.255166490193751,0.0289393019278966,-0.29817496814997,-0.235758996759261,0.0807260923509185
"姻伯叔-姻侄",0.296584086493204,0.587285588341349,-0.424885066498651,-0.266454983713881,-0.349094798472046,-0.262081617839298,-0.363535408429076,0.519960866762797,0.509135870407686,-0.391130084069222,-0.0448138324531545,-0.135344351231867,-0.327373315081146,-0.309844619270207,-0.181471190504777,-0.452383918332631,-0.109797366649943,0.000923686645198182,-0.381602389299274,-0.469638358730565,-0.354303744083237,0.444491800486076,0.477094169754626,-0.371582612641548,-0.395564550917756,0.40096298030877,-0.328176861397949,0.364012598288334,-0.251444904410899,-0.168814602093561,0.426814346165132,-0.0528860811091227,-0.348281357698633,-0.413256081279031,-0.187626647544298,-0.161920908744829,0.00562406650518643,-0.141674731455587,-0.255725323942649,0.555794695568774,-0.101727544109967,0.150919858933585,-0.32028339517498,-0.536784072557812,-0.366379552266671,-0.456866521847927,0.495340156934237,-0.241428730948447,0.479755835313802,0.13690988824268,-0.174410939318523,-0.149255438548731,-0.295267470619463,-0.0927272970445737,-0.309839066139702,-0.421612787418468,-0.305580378476478,-0.450791785617361,0.0935487822578089,0.19256905007814,0.303985549580035,0.263558955711605,0.51620486788348,0.255032066645182,-0.396036473856907,0.377869745830995,-0.449856893592454,-0.221745573128547,-0.446082718882865,-0.381371093741105,-0.395751639094352,0.537835653152557,0.588521539572892,-0.391202241542714,0.498834939014611,-0.361176815058071,-0.32601964980742,0.604068532861515,0.569712646868011,-0.211597596712282,-0.359733585729935,0.585243928875476,-0.23064384313035,-0.397082723960111,0.404106755617714,0.420832117840859,0.402171651335475,0.366062680592522,0.431580026786232,-0.199554686006249,-0.342290889618436,0.563495940941025,-0.136091111068158,-0.163167890142808,-0.230398212593214,-0.205650153219987,0.678653895916276,0.598726019665944,0.398317618946137,-0.0842532217917663,-0.285199829969944,0.63662322321306,0.360576208073217,-0.380093824432608,-0.241419879643445,-0.203617095972422,-0.124812357792425,0.0022723394752341,0.265509092620843,0.155904739809627,-0.458028559080956,-0.497461929471498,-0.41047755190986,0.0218095035775513,-0.140443184762977,0.358244419909285,-0.384971219787581,-0.306269349449519,0.395526618413482,-0.422873464536894,-0.220509583445598,-0.378861571749171,-0.328918663775151,-0.454085180048974,-0.317144817735655,1,-0.199642720519588,0.56939041723153,0.52631444492431,-0.383224086381311,-0.427707632673259,-0.234722043608319,-0.0858849499096999,0.484628727990853,0.479246607644734,0.295353577419914,0.446945289984001,0.415645449010163,0.421268094566844,-0.167658099028957,0.371644307356322,0.0954363865581975,-0.331145882898997
"原配-继室",-0.271798728614031,-0.0910203400318589,0.251801029180251,0.290632680466353,0.296438329972404,0.150645896863376,0.280372403933228,-0.285219707091319,-0.397123617253646,0.298980842156974,0.306398095948021,0.184220215812277,0.204542191701453,0.249055295876884,0.144276797683576,0.132006274609062,0.369201394021684,0.220171680629774,0.173399652973209,0.256261293694002,0.222703935521854,-0.0605178933088257,0.0557986337007801,0.46941746339651,0.237995266800865,-0.34548693604294,0.271140780418915,-0.0535186540495578,0.282515704694052,0.264872869889189,-0.336486133837467,0.0410179810143717,0.501545925715903,0.224131347196477,0.205054332138192,0.278900953437804,0.0567055984917215,0.285249452196889,0.247732868059727,-0.375917043798072,0.230671992603836,0.118940055572994,0.259170302979871,0.0887766355727948,0.0904464269526633,0.0315898191462569,-0.244030407208128,0.13635576112014,-0.19875211813438,0.106338943644708,0.121185619085343,0.0819336995512078,0.204244053489403,0.0598571897709025,0.238987011939858,0.150486421762414,0.0825722222930963,0.0945029869303837,0.0416939722260188,-0.457119365360632,-0.243732636411675,-0.288352833919955,-0.320486805532476,-0.195078878501159,0.0824773766676311,-0.258718380947967,0.19855914383061,0.468312665223467,0.14655362801028,0.165868142266631,0.110060385195257,-0.411707972586708,-0.401804733220579,0.0967485014272196,-0.361090388387984,0.217317305970851,0.192494677115372,-0.262501275017563,-0.47581724782626,0.189350475783262,0.0383071014183218,-0.25729981744404,0.383543217940303,0.103369854220679,-0.451009607333829,-0.443043671863968,-0.408607621077499,-0.396979273170281,-0.217439893773307,0.456051927191717,0.250621771339142,-0.146936363655328,-0.162255912247024,-0.0997969325702113,0.048573625569053,0.104749919093627,-0.27738690112253,-0.287407243465464,-0.485152362432588,0.0863803961578442,0.0981553236329411,-0.270921717448976,-0.280772091273018,0.193545837839981,0.00156823149094144,-0.176972877912154,0.0564703075321775,-0.00479320093522638,-0.380234840594087,-0.171449433203536,0.167652693217989,0.3033218802683,0.0780324834737907,0.00720522423283712,0.301291325546752,-0.427158458360955,0.0548580996138747,0.125093502300376,-0.359505534974287,0.296745791697465,0.252134802473942,0.246222478507721,0.113613641638333,0.166520907994508,0.114197938333726,-0.199642720519588,1,-0.268360745818175,-0.333794481357744,0.174385600350164,0.12303803789314,-0.0122828498777502,0.0470048380587695,-0.480116959380719,-0.0655266206180816,-0.307478785172003,-0.333629326239347,-0.264327112466357,-0.481933326784537,0.137083939920701,-0.453766568381484,-0.323008010883443,0.332037948009894
"岳父-女婿",0.600656697856759,0.474862526575322,-0.423542085320572,-0.239888045233037,-0.17897157162683,-0.228232578115595,-0.529352951412515,0.400181135780605,0.491752105617605,-0.299176962763597,-0.379684718700179,-0.359360065414411,-0.202221566696564,-0.297416114939626,-0.199992741325396,-0.399679490536549,-0.0857995787192641,0.051519535067362,-0.21367329451459,-0.386811652910491,-0.333065379154162,0.243280017036396,0.18519613625274,-0.438153557184023,-0.458914173337565,0.392923210150422,-0.459040615228063,-0.047241107389573,-0.174283108000963,-0.13769982817652,0.446057048772978,0.0399356419439064,-0.279817954720505,-0.375570986361235,-0.108053175736403,-0.115451551996088,-0.06341364105202,-0.133510237985817,-0.130952827693487,0.593850988277611,-0.0886681214102934,0.0370540793621572,-0.191012928268605,-0.298136474475218,-0.403458387240105,-0.442524710595785,0.370411756904247,-0.374457275735661,0.540372352128263,-0.00995537502515745,-0.225004617511899,-0.276523510500654,-0.239903163941171,-0.249139013792584,-0.175819709828405,-0.320635436300551,-0.278638938675758,-0.293059857396746,0.0230298717373793,0.121902739991258,0.447194184087442,0.249508845458271,0.549714469722816,0.562168319316961,-0.303144775158337,0.427213930221667,-0.443537459441536,-0.224976150042317,-0.194741687087601,-0.270675725417759,-0.403820306434286,0.457892138412156,0.551153009112588,-0.480453736440885,0.44661106959159,-0.402803733165567,-0.349520390781947,0.620859635905253,0.315125091014979,-0.122086110311982,-0.186097816549742,0.601433892470809,-0.191557170561795,-0.264477899892821,0.370428170345467,0.327393211165813,0.295215211934826,0.332109241710378,0.201631540202823,-0.350710731373869,-0.343796613007042,0.243672145286675,-0.0712290313048672,-0.174284106002494,-0.255878498195969,-0.272212874311222,0.614577959996923,0.339096397635954,0.482016061165705,-0.13194896663289,-0.153811001122789,0.375068424273603,0.297988078859494,-0.241723551129712,-0.264057028767102,-0.155506420783115,-0.28449176004722,-0.103148877103137,0.255921584023348,0.187888235846928,-0.394254468679556,-0.413980696359157,-0.289206303990064,0.0549354046725706,-0.00840162085860683,0.352998162230523,-0.390358475623566,-0.277058740255984,0.538941512556046,-0.509784344542817,-0.245540791398932,-0.339869961161092,-0.326230931349916,-0.355405333719537,-0.133397387423294,0.56939041723153,-0.268360745818175,1,0.715675335701087,-0.283144155496503,-0.187859014633839,-0.117686122439016,-0.0813002360303878,0.530977857930966,0.397243591730406,0.376669258201805,0.284380084015319,0.415749421661483,0.273587972496324,-0.209834853613501,0.379944550395987,0.24484905269946,-0.395823130869759
"岳母-女婿",0.609486475421173,0.479548845355466,-0.46131092585485,-0.252308842491798,-0.206776121766319,-0.159078544432499,-0.487018036394048,0.434799987898766,0.432387514459439,-0.422342277995571,-0.369188168039769,-0.389242335950161,-0.199524566647624,-0.460578038089108,-0.407236359592392,-0.437422549579608,-0.0895676453586896,-0.0410679113820495,-0.318012494701401,-0.428213629747257,-0.347745077474442,0.25616762203787,0.200320281172525,-0.481704162146217,-0.403667677446129,0.434464158075718,-0.403389553849647,0.168593370564769,-0.0964691379275508,-0.0767382377605092,0.598659804650305,-0.0773949652583487,-0.32688244053391,-0.318523615895345,-0.232312724743366,-0.139040732212042,-0.210770145482215,-0.38090510834368,-0.260943246303608,0.647149675209558,-0.168045310064549,0.0197721255635316,-0.174305727544817,-0.237426303574725,-0.31614787678322,-0.429683004663542,0.421119918673798,-0.425152030761963,0.438441883959564,-0.106831723246197,-0.193920853736246,-0.285968637735415,-0.29874709815961,-0.339892487341851,-0.20892146791824,-0.399710557288959,-0.374524762718832,-0.325376889754603,-0.0557613892741551,0.24045294163921,0.426561983620214,0.322360559484262,0.697322509212817,0.538617671626775,-0.420706724123219,0.436903493830537,-0.483542150718846,-0.256457989294144,-0.276171453557471,-0.351377002679129,-0.365817506281344,0.491160487481459,0.621227943740636,-0.557985410776542,0.561074040140464,-0.357811087854167,-0.401284624844771,0.645281683506083,0.392483791632932,-0.205647550785729,-0.23668865390474,0.65690029030274,-0.17928414659173,-0.368248623307268,0.457721996285018,0.350622819120884,0.426083771658955,0.238349276518619,0.288789790410002,-0.294891508230414,-0.19628659079326,0.280650511208596,-0.111798331253117,-0.0748097562055213,-0.181411675263435,-0.22824915512399,0.6593378737313,0.272441523504978,0.471194815375025,-0.280161635168958,-0.229174121253171,0.425464947483243,0.394746378312609,-0.24131963329566,-0.403822360430854,-0.152793706824482,-0.2178862268462,-0.048784998592749,0.160214679554265,0.0922550158894171,-0.242735915857196,-0.52828462718045,-0.198126936000375,0.165100064038077,0.00923995918116469,0.536746759016604,-0.291215859756327,-0.167081177084402,0.631702677981148,-0.349881734762393,-0.2911362686391,-0.289734729249934,-0.368317692368171,-0.425896173619164,-0.138091761686971,0.52631444492431,-0.333794481357744,0.715675335701087,1,-0.388996876272093,-0.313630397019718,-0.162704659444041,0.0355477870017562,0.59766530651491,0.316393431394753,0.398992613023399,0.384099577527938,0.540477591407941,0.435561451937424,-0.409992658917764,0.474226627451057,0.343673761795098,-0.462973817907293
"再从兄-再从弟",-0.126974491426113,-0.405280632261714,0.153133613807392,-0.0699337837887607,0.0810690268641966,0.150933440715985,0.282286899754445,-0.380973397435491,-0.290558790880121,0.246524777146205,-0.0363274736392524,0.0742232073210138,-0.0257894523468364,0.277069576242967,0.0823309553366154,0.125829892501856,-0.054761415580636,0.115342788364214,0.596875822856204,0.577723445001688,0.632459398659275,-0.4454368047438,-0.365294010713681,0.149420435911879,0.237624446573506,-0.214830920811828,0.174754365300925,-0.319272649418256,0.0601863097852072,0.0113831375263337,-0.32314359090878,-0.0280085317744357,0.185206700124519,0.327020052948125,0.14602824354888,-0.0277375186459412,0.119529541511326,0.201862441897023,-0.0213485304443252,-0.462618765041612,-0.0176048517783494,-0.43445570134647,0.0536533457910729,0.227046862752705,0.231065703648706,0.280095360166534,-0.464927695378981,0.483637075046241,-0.260580485664316,-0.181570149356615,0.151459104665938,0.068658949002089,0.334725288691828,0.125613002917883,0.249004249481061,0.425601093557038,0.236836241271285,0.267221645276974,0.242105664697739,-0.111263392905926,-0.128412803390499,-0.261065260814046,-0.336847509777343,-0.186554771670637,0.371668261348014,-0.280164464163353,0.0490672642711747,-0.107321515259611,0.127020468694794,0.228824414395599,0.334341973783927,-0.183157884003046,-0.514617561753545,0.406258301266348,-0.433234020464259,0.319364467933633,0.389181484431666,-0.451986839375387,-0.277720338498902,-0.164871077445744,0.00106585319147611,-0.440019346904492,0.178181784229701,0.745203915168617,-0.250060773343105,-0.114375312581226,-0.37987025958391,-0.185695914890875,-0.236635198189804,0.294733049061436,0.0417400713683353,-0.18287832975778,0.136288767538976,-0.0508302568437979,0.0439696160847313,0.107622096463087,-0.297060093234407,-0.071735101993056,-0.352935743785924,0.0630774643353988,0.101619697991607,-0.346216052551602,-0.337533933356,0.0103366370481209,0.123900200296215,0.147712535806772,0.110392465377495,-0.0388380594307244,-0.140975199655922,-0.146216202742795,0.0903338000321888,0.317871933768365,0.0427551395229947,-0.301495941996204,-0.0675919641195087,-0.326467212810743,0.135592013840947,0.149696634283131,-0.335034368998692,0.27129189225546,0.150165122005887,0.19091811774244,0.289037916276604,0.343136190695067,0.168094619014138,-0.383224086381311,0.174385600350164,-0.283144155496503,-0.388996876272093,1,0.324579162781943,0.0771633160580309,-0.0908825354688373,-0.311848936189076,-0.291322421730306,0.028024389044058,-0.21138102859369,-0.398283280505458,-0.244762485073591,0.230423966278542,-0.289415475682547,-0.345324980217501,0.260440325024726
"姐-弟",-0.249571387736807,-0.376566941847317,0.0749727666105508,-0.128105906045139,0.0350002323432364,0.00691527863744324,0.230720653648847,-0.268571673335192,-0.263302030308674,0.429011554508974,-0.0757937584215194,0.421366728116348,0.0775459302817055,0.219108240863217,0.150834235107685,0.107498672166958,-0.157607573878869,-0.0751306498505307,0.345902165740096,0.47472699540281,0.402726404716577,-0.428537980945924,-0.328467573008133,0.242434339427136,0.101244250636665,-0.325336074325361,0.0250198219248142,-0.580087516537459,-0.117725043495856,-0.0756306844985474,-0.37180372115992,-0.00845976654877669,0.384738901668197,0.416706037957976,0.224478962369182,0.144190899417871,0.156330491845247,0.0947017386098697,0.131213079386514,-0.279950443652572,-0.220735060615326,-0.270215663428756,-0.00469507245502018,0.176054313756772,0.580166888048872,0.486947127052855,-0.341329939617367,0.385634414903334,-0.163162211564979,-0.261883340088045,0.266284229945607,0.185411402773681,0.281422657103614,0.241125952589291,0.330988756937662,0.373005464678102,0.377866021063861,0.340959164090047,-0.154769492978803,-0.0150758214348231,0.110726377221817,-0.244618352569366,-0.346113462784309,-0.243641059499753,0.31009474118046,-0.422660783945081,0.0966138894391859,-0.0440839735520395,0.253773877959718,0.0187102213158664,0.366465026454458,-0.216410486309757,-0.50424196110207,0.247411789901293,-0.423867240937837,0.421944749569436,0.411822943987398,-0.529194081523293,-0.44938476180601,0.142547297081605,0.318024060281553,-0.458362504126323,0.314602619638406,0.198192636025012,-0.196078034145454,-0.264851607408428,-0.0961082470782579,-0.120820308365912,-0.256489430424265,0.241494173410481,0.247825853258151,-0.180906847620676,0.126329885428978,-0.0700557765269245,0.152250965698707,-0.0497450811027673,-0.46480374533949,-0.339854971378367,-0.253712155156202,-0.0999777707410743,0.115013907284444,-0.204713170803005,-0.205964699580995,0.230991959773401,0.251074844664078,0.148955555611074,0.0678744944269093,-0.326564396973336,-0.143796264943309,6.92691960538632e-05,0.0949026170848898,0.202618556863261,0.0139455904722465,-0.242015737440903,0.0462464194873595,-0.478500922028524,0.36721592908564,0.415977038134371,-0.397847654628415,0.40435054117513,0.410172825293379,0.10938239484799,0.131505165031978,0.383643044707903,0.231150025489855,-0.427707632673259,0.12303803789314,-0.187859014633839,-0.313630397019718,0.324579162781943,1,0.200432063842247,-0.290041212071753,-0.26441598652662,-0.444239018976244,-0.39682305290896,-0.455127245500632,-0.291908089989679,-0.219321094436189,0.214820148309624,-0.138291659170283,-0.0218075782413695,-0.0585413875593972
"姐-妹",-0.0980610776939106,-0.107739257389982,-0.0185190260961087,0.129645366549838,-0.133731387970267,-0.142682860747636,-0.0442609364135111,0.0547203818278035,-0.268077434870972,0.0662127922851787,-0.202501195495202,0.0271131519191399,-0.250134138564659,-0.0865456543163019,-0.278501227882039,-0.209011152962626,-0.108631857385879,-0.215547689907115,-0.101262384024826,0.103173246226437,-0.126634115267628,-0.131558785923295,-0.257408507014461,0.114084316117765,-0.0424519346795863,-0.191905823026753,-0.0776245558935982,-0.230699149538981,-0.28000176091713,-0.167079975923129,-0.0833128313791452,0.209814428486263,0.0470082605741116,0.23510181010144,0.240267016037309,0.233726278535173,0.129740951630762,-0.187549008886195,-0.248828712028512,-0.0738507865870302,-0.247153900048114,-0.0467610753366171,-0.0313248949900258,0.0887469834331813,0.0735272878897289,0.213547210965638,0.0670288785457042,0.102571306438585,-0.0911003730292694,0.0908161108831724,0.347608365021684,0.376643631434094,0.184895600018672,0.149415825823572,0.0163212574607625,0.120643407413707,0.0218062936594758,0.0292760868046867,0.192938762969047,0.271793243065951,0.0346713597813273,0.329812344527476,-0.254238249294775,-0.116961031915472,-0.0528476375109878,-0.214864145776752,-0.0972248277403831,-0.0118715021435701,-0.15209300602796,-0.0957050664041241,-0.00716998058200057,-0.0978337975861986,-0.16148207719238,0.206941387322255,-0.286240044873001,-0.0473650735413825,-0.0284130605323899,-0.0859759461289895,-0.161709556270579,0.139698892984153,0.28503407762851,-0.242760762569804,0.181687946370751,0.313499137347854,0.00325265115991873,-0.0314896493329123,-0.0528339499497714,0.106766642936898,-0.013146019603844,-0.178656403785511,0.0515552702220308,-0.176963603725025,0.264646342929723,0.392490112186742,0.260626560880964,0.438997674472255,-0.0267508393630895,-0.184418091280712,-0.0400875941112637,-0.0877592631287093,-0.389004834372942,-0.0707182968184303,0.129151942810219,-0.213139850987252,-0.131328398941673,0.531916419815072,0.504961901050487,0.0402800461105522,0.303138076033882,0.200126999716068,0.18907873106752,0.132814798041544,-0.0816247922071192,0.0575104460567497,-0.135418039807632,-0.100942522549968,0.182428561554454,0.00701249036423103,-0.30812331654504,0.0693070330124788,-0.132660246667202,-0.0326759454612807,0.168057503847393,0.127665400137101,-0.00263660208115118,-0.234722043608319,-0.0122828498777502,-0.117686122439016,-0.162704659444041,0.0771633160580309,0.200432063842247,1,0.181913438445665,-0.134303839070211,-0.254101217814326,-0.290625882770935,-0.0668331589438245,-0.14278688936793,-0.0891233536089041,0.234686887902544,0.111682612454287,0.17667001779364,-0.0444710301803559
"姐夫-妹夫",0.0334092741881872,-0.0747647227447921,0.334744406805586,0.390065264005828,0.366978498840727,0.34823023489622,-0.104315035280448,-0.256293311259902,-0.258928266752133,-0.14021571603044,-0.0684956665006091,-0.384228577126687,0.0764184983557159,-0.135312957054158,-0.259739017639806,0.155951507622669,0.409819031975363,0.234277212337724,-0.191694042049268,-0.0689711542952122,-0.190302160949673,-0.0994951299029973,-0.121160491807673,-0.0833560271557862,0.058420889317532,-0.167655187889536,0.0273559212254851,0.109049208958171,0.243460839219332,0.476062694335375,0.0445112594086183,0.333777605507581,-0.00713335324192509,0.085961668461366,-0.0251868281080748,0.268680564871153,-0.202158054949327,-0.00675085243214196,0.0770472977975042,-0.109029199606682,0.423951077519825,0.425629307025142,0.488482781069116,0.340445097509148,-0.20373834901371,-0.292400977891862,0.134108512195888,-0.223037040097299,-0.287174951416117,0.58911374526406,-0.242310439416401,0.00662075845643958,0.0605909195008855,-0.173355099475559,-0.100685459287822,-0.22326794185737,-0.11749224830969,-0.12611114096365,0.0923667710558417,-0.263649532593406,-0.422442753343159,0.0852434533312388,-0.0815450976437203,-0.0470669364856597,-0.167817981549267,0.0201035744012229,0.203513472584213,0.328296588981898,0.0477847746501536,0.419564752430379,-0.0704526144422967,-0.443482221141479,-0.0289168351568534,-0.253275525987901,-0.100843819714467,-0.172330989574586,-0.306010034962781,0.125147149482764,0.0467163831895813,0.291787909537065,0.0654383098017433,0.103003657832357,-0.0503873659846698,0.034494774688398,-0.324389817405392,-0.266959597964259,-0.30048393622374,-0.37949008239751,-0.169730885675972,-0.15972641741432,-0.017964540483318,-0.320510407523659,-0.0699607693240377,0.118054845840126,0.159781094477795,0.369166605326232,0.144212876349055,-0.33717628874022,-0.0748695863802327,0.205587141535197,0.136518855944395,-0.305365313423524,-0.301240627741039,0.0951863937120013,-0.00689325648670577,-0.0161212869607072,-0.0647681925004918,0.632367728010661,-0.0832357490412267,-0.282367607144598,0.169775339561433,0.114385286521098,0.463040291350936,0.624654688451583,0.501566505356519,0.28097671227396,-0.0470153937457285,-0.181596564843056,0.0594952660866204,-0.0314112077300139,-0.13609297468114,0.184794724433956,0.238650362799423,-0.0465957306452145,0.103413191418597,-0.0858849499096999,0.0470048380587695,-0.0813002360303878,0.0355477870017562,-0.0908825354688373,-0.290041212071753,0.181913438445665,1,0.0659222720432741,-0.12381086442564,-0.156126695336679,-0.0024441032147769,-0.0643622522520482,-0.277395048023871,-0.0527949867842757,-0.14959314220535,-0.226760536126362,0.127749223026776
"姐夫-妻弟",0.398155188806619,0.422580116623358,-0.372051912589417,-0.0653217073562671,-0.192268961491609,-0.305003683665674,-0.451086077465732,0.360893036243205,0.592601428341897,-0.320748651528161,-0.253038774532903,-0.408350890819864,-0.157538457596281,-0.339997293591507,-0.275031275886944,-0.305115900594375,-0.218841666087434,-0.124306828581176,-0.36672836596298,-0.452400370672763,-0.397334304327749,0.264928383632194,0.181367916250504,-0.370180768654024,-0.455936398564088,0.433685290343336,-0.393984387534397,0.0848359326930215,-0.219359037013671,-0.119215860595212,0.556275046671871,0.0643531894014302,-0.419697206847359,-0.35990359201236,-0.0398839764079615,-0.344411528891489,-0.014679591052611,-0.376135644871563,-0.270750789482088,0.547759235124887,-0.0882076301654724,0.079223489993084,-0.192418985938795,-0.31419541820351,-0.291148217494692,-0.430350574160815,0.414087383002632,-0.430375588373817,0.399423409095846,0.0572088313830447,-0.236449539418394,-0.174092513305572,-0.409797554994699,-0.185199676429617,-0.503555039580236,-0.582181631966551,-0.344417416087716,-0.562677390534902,-0.00963980663026325,0.190076098944687,0.41713125818763,0.404954215698005,0.503880660679876,0.398112811420295,-0.466294515840972,0.3970557726331,-0.192760089316021,-0.23330769946347,-0.364666924499215,-0.273739910852013,-0.409693877877828,0.333471376891605,0.645564305533887,-0.299884479115085,0.536642111498869,-0.491404848526103,-0.406062892096341,0.559562482027987,0.519570838199969,-0.0953597638873639,-0.119771968776297,0.57447655493103,-0.293534654775057,-0.292995752778541,0.385047928311226,0.474850207942665,0.503378293953487,0.413599341510512,0.286725500941867,-0.488605708992292,-0.520936832473617,0.14130736682253,0.0122484441545717,-0.0160823977274585,-0.0783619137720061,-0.121951638264615,0.487193731437182,0.235205128296466,0.471856243758349,-0.0918310003592075,-0.147994037958522,0.456081058780377,0.34643847479497,-0.348365241237277,-0.247293742034596,0.066277640761999,-0.181567376152745,0.134606568186262,0.36968326511379,0.165149354192494,-0.362021496453569,-0.337578313083636,-0.151697983422804,0.0496365102954345,-0.149440404760566,0.602323258226199,-0.110280978723677,-0.290717026407104,0.561461698123412,-0.461046606155281,-0.299897621651974,-0.34655270290892,-0.303837767198137,-0.344126668861494,-0.220235071804004,0.484628727990853,-0.480116959380719,0.530977857930966,0.59766530651491,-0.311848936189076,-0.26441598652662,-0.134303839070211,0.0659222720432741,1,0.29061125517853,0.413518196685635,0.480057836793973,0.384489299139834,0.475724540788749,-0.00629870310268723,0.581546062806578,0.307571614399229,-0.311297799295412
"兄-弟",0.325379536950328,0.457417228337554,-0.365992531823287,-0.271648776537219,-0.410111869081646,-0.380844544741078,-0.428978147664408,0.335857449142221,0.408034263819555,-0.217676811831044,-0.0595209706663422,-0.29174841581573,-0.060107059456167,-0.0174162476559845,0.0952011197866168,-0.245527253543651,-0.0585589733253223,0.256127104747476,-0.312758106731437,-0.378675801268316,-0.322757994079615,0.679676553750256,0.591626410129338,-0.13809192552113,-0.280702057357082,0.638221069732633,-0.101371384265799,0.500949408826944,-0.15984836723646,-0.11676330921154,0.292492631331143,0.0847221428274263,-0.360333171492469,-0.417810718158431,0.0494665630636797,-0.197676005861199,0.117079607641291,-0.0139578109630403,-0.123288838616973,0.575400669389433,-0.0941286763432391,0.112922386447348,-0.330655564328027,-0.395142970072294,-0.542568463708434,-0.59342279661355,0.263783108564467,-0.408992054803047,0.406939215103979,-0.00141403631123764,-0.254777251474284,-0.14502575912469,-0.295474731662665,-0.22252467253923,-0.450013207144071,-0.423078435010451,-0.406154965979653,-0.447749206876639,0.125500646930875,0.201788917931121,0.26921799172594,0.222074283958227,0.415119185556271,0.430875052562587,-0.342328144738739,0.475810557686404,-0.155244117138132,-0.177399416417345,-0.373577077841634,-0.351567460285373,-0.546003919709319,0.289989636161115,0.420281272215645,-0.367695325407749,0.640170010235785,-0.477679874716932,-0.401863084497492,0.498822016840941,0.253549412336176,-0.115769641987707,-0.2428038463121,0.384252225637464,-0.182279166841913,-0.344264300036492,0.175077671055829,0.449427260605274,0.239636707234037,0.204990915625483,0.241849404210217,-0.183661847656175,-0.383385112571353,0.521570389865194,-0.0120449212238559,-0.14770304401084,-0.337326069698695,-0.321491842314938,0.337657367240274,0.426304543934808,0.361924849362746,-0.0164049621525921,-0.254023271510228,0.393641361089672,0.320522000919234,-0.387714949791075,-0.268631559222439,0.0104309076028076,-0.0943996173663201,0.0472441378567035,0.209504908422493,0.422807794585589,-0.330381119830277,-0.124225541834918,-0.39138382973304,-0.125318524043024,-0.203047791810044,0.197457716697733,-0.332213122483876,-0.391930484510926,0.419734678115042,-0.596324025963533,-0.421529488831283,-0.426433722967191,-0.308427991868204,-0.424307107956212,-0.388092536914673,0.479246607644734,-0.0655266206180816,0.397243591730406,0.316393431394753,-0.291322421730306,-0.444239018976244,-0.254101217814326,-0.12381086442564,0.29061125517853,1,0.524023562709879,0.506639359059256,0.416558004086629,0.275991177869517,-0.0118277969211228,0.406686767901128,0.214434064462451,-0.0305262614884487
"族伯叔-族侄",0.514362744861196,0.290796853486537,-0.217096021454814,-0.35120796442833,-0.256816115418324,-0.226460679201059,-0.278737589385371,0.252337914108,0.505342118670647,-0.238088856277115,-0.073325897825487,-0.346903474818131,-0.103868612045978,-0.123625224339599,0.00414486892266583,-0.19472667322826,-0.0911636855290428,0.207938885436253,-0.0679577456162622,-0.191004850716124,-0.0650053551392304,0.306469379108458,0.234723572922704,-0.346604932354222,-0.289703166506765,0.568103434720477,-0.247599840765783,0.204978704996785,-0.127225433395147,-0.150815974700034,0.415092624895667,-0.152866307682286,-0.439482262275389,-0.341332233862617,-0.210949115661311,-0.368130861525855,-0.0996572464138962,-0.162011662421268,-0.248257554813961,0.330227602441934,-0.209152653956324,-0.245692455674729,-0.245959776271483,-0.232380368961669,-0.372522242879278,-0.449354561133487,0.0490402642277527,-0.29011813560908,0.281717026641656,-0.277437554043492,-0.269334498950984,-0.390941395787313,-0.298627828347555,-0.407985879652413,-0.27126300265136,-0.270667492438262,-0.343131587558929,-0.271279612686596,0.119647805198182,0.282852018607993,0.320253966912908,0.248149888224902,0.474361520126347,0.50487087021419,-0.205780106617093,0.512396165484205,-0.190578812185476,-0.359632301928725,-0.292954129186611,-0.205583253962783,-0.30660341758045,0.3984681536244,0.489949665095963,-0.292261811223808,0.521779330875902,-0.278554140595581,-0.235812095893543,0.446736850900318,0.266154115508753,-0.288235837362051,-0.441970834950117,0.311224472256549,-0.355523400408328,-0.0969714079933096,0.34744754548001,0.496104902479224,0.321914781253739,0.294124516648147,0.158837584247154,-0.257002115912552,-0.370527184789729,0.349772727469617,-0.0438287571313119,-0.00294597133179739,-0.175129710072888,-0.176112731644917,0.424077180988331,0.430912637229087,0.439388392005356,-0.0026668309597978,-0.132123135399884,0.329856425050901,0.260637528626965,-0.345545184812089,-0.349393535527676,-0.0600865818825112,0.0171199758744047,-0.0815591488242251,0.0596580067583011,0.169113160067726,-0.248358125928209,-0.30705715310343,-0.238178359301329,-0.194343448815134,-0.172349806712519,0.434762190102692,-0.215825076699149,-0.307526214902282,0.50550967990076,-0.457733482566731,-0.327830930226647,-0.332634910969749,-0.374632820082019,-0.364629023054682,-0.28819060262285,0.295353577419914,-0.307478785172003,0.376669258201805,0.398992613023399,0.028024389044058,-0.39682305290896,-0.290625882770935,-0.156126695336679,0.413518196685635,0.524023562709879,1,0.609447939990204,0.515096250591439,0.374502279080074,-0.146660150889776,0.387604501157332,0.0938484646559612,-0.100473317021012
"族兄-族弟",0.333947530869993,0.501055951812153,-0.19229092978672,-0.146629744889928,-0.355966221267012,-0.436074697090601,-0.363568891634124,0.471977537505705,0.329096424834722,-0.429954055231961,-0.0893388979265319,-0.360032627463175,-0.181597548430343,-0.197078599181101,-0.169509731588153,-0.355093498822291,-0.148213832728839,0.0235127336272994,-0.477785806677396,-0.416410354447682,-0.394883157463586,0.52357361300207,0.443876478867462,-0.319777288450653,-0.317931732153589,0.556649196223862,-0.199845035361928,0.397285946623168,-0.168475226962672,-0.121623534535363,0.498810441607046,0.0897465814116517,-0.518768000916098,-0.438113754476544,-0.104589460617824,-0.150082209504607,0.0366184038738597,-0.171516400665586,-0.251079606171702,0.531168652407975,-0.202601848487431,0.0514911627460728,-0.267182027004718,-0.422509375831893,-0.510772784742909,-0.535955856077074,0.453896401059653,-0.444661685568693,0.310272598122138,0.0440130927697012,-0.223960794174855,-0.111332360744147,-0.498968020725812,-0.168004881821091,-0.579619625155384,-0.433739421519393,-0.407596357661996,-0.541694314446458,0.0933383057090911,0.404608433259487,0.160161459752497,0.478746667959728,0.489478126751368,0.245677798587118,-0.48215221752827,0.488467231761949,-0.202870406611298,-0.412834995094348,-0.35426716092735,-0.282949991645329,-0.541550144018171,0.433461106395776,0.449609303525546,-0.40252582886529,0.55859939360632,-0.48534899835044,-0.485085610862926,0.572812405619165,0.595060299246471,-0.171583409714378,-0.213323455290306,0.418284551764307,-0.432162413932011,-0.222225708361519,0.355949138308545,0.490097782643427,0.446255468983818,0.460630371149474,0.514840651004151,-0.421060400775156,-0.425034284382693,0.496745654578073,0.0246611382872378,0.174231101229586,-0.030100311535485,-0.0952230542131492,0.441380300740395,0.487440885121138,0.335580718929665,-0.113101059234498,-0.343248071009539,0.483347690848417,0.314250641323626,-0.460062854669543,-0.335236890954269,-0.0302001560262974,0.0611324626878921,0.112657604937717,0.211925898590774,0.379387633775835,-0.270075877318258,-0.168113525409096,-0.192505355550987,0.0270755397669351,-0.222920023562796,0.527306651462284,-0.32184329376569,-0.409966492373335,0.427281607052473,-0.558814006592985,-0.492973295838416,-0.422213026138543,-0.240727005895142,-0.499537206681473,-0.406739322244824,0.446945289984001,-0.333629326239347,0.284380084015319,0.384099577527938,-0.21138102859369,-0.455127245500632,-0.0668331589438245,-0.0024441032147769,0.480057836793973,0.506639359059256,0.609447939990204,1,0.601608240636477,0.40468456565186,-0.114212377861604,0.54162843436556,0.262152507006251,-0.157111276091794
"族姐-族妹",0.534455712940123,0.535048051008304,-0.327015294584429,-0.220409452984953,-0.268467790963638,-0.219281229605342,-0.491413985713125,0.456090855756169,0.335839443541106,-0.371471207725636,-0.0154194230077125,-0.176924233542933,-0.227457177126676,-0.28648275765353,-0.198560704249216,-0.414514752864231,-0.0947907924773995,0.0791072770735387,-0.294386173159896,-0.37569211202746,-0.392135114768443,0.419883365590394,0.272112974263184,-0.428614071004099,-0.402482402734477,0.475536211353785,-0.371368005986812,0.129253647384465,-0.134391595422665,-0.0959767005870701,0.54318420523109,-0.033430732848576,-0.459442317678049,-0.576920350247373,-0.106104901183486,0.00376410717607733,-0.0415866149408186,-0.301190694693413,-0.273017949321514,0.504831140830594,-0.186110908710845,0.024817630024009,-0.191715311247523,-0.198601640619002,-0.358964079273739,-0.44701985382706,0.440273570301647,-0.43861516088336,0.365858096050003,-0.0116647032104579,-0.0879725348569295,-0.294570791722088,-0.371986529592869,-0.332964583851456,-0.285688988108614,-0.318351619948379,-0.376932250024433,-0.314939168865648,0.0419262129675677,0.247872208488852,0.200419569473932,0.377270242729942,0.512028709582978,0.266001123471605,-0.390174224650587,0.363912267662717,-0.330731941355018,-0.347450399015466,-0.285485164004969,-0.248927377405641,-0.45977416089911,0.50047301374986,0.495944653324863,-0.590019437901514,0.537627181625445,-0.344303108923718,-0.374941519277174,0.587947782326858,0.35628299449112,-0.093668500324751,-0.320452314086156,0.387781310974694,-0.326033952411689,-0.319752071644987,0.284803208633305,0.324536187266536,0.440767963462612,0.335559257196198,0.380377497487297,-0.342944626692186,-0.151585734613393,0.410296639107915,-0.0207416869789779,0.110523410473547,-0.0123827947332219,-0.0515697320250077,0.501460267343628,0.411244043969515,0.525176218240473,-0.0820041898430918,-0.232487718168434,0.524256904572073,0.318036291414032,-0.362098302646532,-0.342131750457028,-0.202161052380098,0.0399550472998381,-0.0689935129593916,0.113380575017331,0.227264654962045,-0.219301546134118,-0.492098927459337,-0.162169089032749,0.113281523110021,-0.0158490170516718,0.471455670037109,-0.315658641817304,-0.168124800179751,0.492070275733301,-0.395253959464459,-0.310365835283215,-0.352101858279836,-0.378741619942629,-0.454080907369099,-0.234270369281156,0.415645449010163,-0.264327112466357,0.415749421661483,0.540477591407941,-0.398283280505458,-0.291908089989679,-0.14278688936793,-0.0643622522520482,0.384489299139834,0.416558004086629,0.515096250591439,0.601608240636477,1,0.362494815570908,-0.319992002012969,0.458432910713279,0.213023664638003,-0.407689592407908
"祖父-孙女",0.247636962384738,0.171813373277053,-0.567870633409269,-0.421805967678284,-0.378216764935297,-0.440641188987868,-0.14490474050639,0.527151590194348,0.639028504542723,-0.19762420607505,-0.134584381257774,-0.187108651644311,-0.255626255158395,-0.214643881228547,-0.263165727537388,-0.260461614045794,-0.314783681472527,-0.211786453290087,-0.25482580351346,-0.240558158260592,-0.274137398644982,0.175628684745758,0.155364113136367,-0.298425292033396,-0.320262268943804,0.412343399898178,-0.31063251783496,0.198316391644572,-0.289298409635708,-0.385556989471291,0.50410411558828,-0.328594342646573,-0.426644440381248,-0.207124540704923,-0.14653618822307,-0.306457976789775,-0.00779273893708972,-0.403724266755941,-0.284619125315474,0.436624214147722,-0.40825485262396,-0.190438082050289,-0.515974719019281,-0.428218762045454,-0.178445940848736,-0.153770718311466,0.225464540133071,-0.209050866703942,0.295711589522615,-0.188492911086975,0.0275944037520001,-0.101236560197072,-0.216069528284437,-0.125889123913601,-0.346480292086594,-0.282874228928606,-0.263954438135125,-0.353734980967271,-0.12163524286634,0.40389208085034,0.464856596681058,0.37833335554894,0.505135768333241,0.299668103380508,-0.291044052825917,0.274843268668192,-0.439536250945941,-0.398331124791894,-0.558841865406591,-0.543482073175678,-0.2371059735545,0.425720892543715,0.568929445009999,-0.040170795137818,0.505939301614217,-0.194179777720038,-0.233663049458344,0.276676822971939,0.442166572166147,-0.288524311134994,-0.151009629277504,0.366820822327007,-0.300849165246178,-0.292592741379603,0.720370839549798,0.671558501896548,0.660598536026248,0.487600619856052,0.382582998176504,-0.287377463934996,-0.320742848081816,0.344996326949559,-0.128905955081433,-0.0499575424201674,-0.0809774698904133,-0.186709197489612,0.35643786938655,0.353740421516068,0.538369773289771,-0.354110357807047,-0.405102656119778,0.53646476663048,0.63638085221262,-0.37706636666257,-0.133117686316665,0.102281335092778,0.0563188487008244,-0.248558747318863,0.495806271927959,0.352509566495088,-0.133749846763638,-0.426074015211476,-0.437845296041198,-0.270760576332917,-0.417574884366907,0.253485175065951,0.0551305507211122,-0.16874494677015,0.394841611691474,-0.32255833058728,-0.340942192985057,-0.236949020521577,-0.338192312814613,-0.202435170702989,-0.255166490193751,0.421268094566844,-0.481933326784537,0.273587972496324,0.435561451937424,-0.244762485073591,-0.219321094436189,-0.0891233536089041,-0.277395048023871,0.475724540788749,0.275991177869517,0.374502279080074,0.40468456565186,0.362494815570908,1,0.00965072470122448,0.705910633408029,0.559599447255992,-0.245205038076323
"祖父-孙子",-0.286200519755692,-0.378303938270644,-0.0363889640324466,0.094933103472428,0.00652303637044911,-0.144736438199016,0.0395273934436972,-0.106874711894836,0.0688013708332814,0.289081151564763,0.0732618550759563,0.0856965448777842,0.146108948602924,0.497200780769604,0.351421926922197,0.34876619486792,0.0768373028014808,-0.0449749338874595,-0.0143124018012724,0.26256065016585,-0.0290274870875973,-0.137215039821279,-0.176727027910759,0.299055116576486,0.0334311270749704,-0.156913781612779,0.207259087472257,-0.200099947133048,-0.123630877069467,-0.0648944975253726,-0.190679388896418,0.152956085701929,0.15395445608691,0.146005199728294,0.317903729045095,-0.0186748722133396,0.454069704886873,0.246720097589012,0.0436965117694343,-0.176185470218856,0.0190907203725494,-0.0751263033416042,-0.12356899951413,0.0708372392742009,0.0676062271649923,0.0213053512824664,-0.256950425972047,0.00777874288886093,-0.269177848300145,0.0894639402715617,0.108160834973874,0.1926316514133,0.146388573293093,0.232950038658567,-0.128887670908061,0.0135135149897536,0.143643741987604,-0.123277312424587,0.046852650163459,-0.0785298463785234,0.135787242237525,-0.0154604076590016,-0.317268737838012,-0.0355506185450071,0.0331689822120032,-0.10652351518087,0.0909733932126528,-0.0669768554815791,-0.250963286717428,-0.0977693380387585,-0.114569584704197,-0.208992440186029,-0.0783901316320243,0.27103486869869,-0.195588524289905,-0.139413483472762,0.126895355046144,-0.355832573677873,-0.182450902470324,0.12586348455747,0.323383399502176,-0.193401138698509,0.0967721580702961,0.145589069429796,-0.149932726034386,0.0234192642113638,-0.0516155714610717,-0.0128998779311356,-0.145960758300618,-0.0172445759888279,-0.129433348379493,-0.246963790242366,0.117137140436016,-0.0558267433540325,0.0848232974846997,0.0599576617811041,-0.300020982252965,-0.228837366850766,-0.0919493259928878,0.0861911474974541,-0.0155426452511308,-0.0498776309133559,-0.0493481160836198,-0.0822660063703816,0.127251084419954,0.423775858300111,0.200341838996332,0.0222954512257091,0.163543335413855,0.226778463000653,-0.00299074096794003,0.330294019318187,-0.146596010142124,-0.348797125959895,-0.242407377476905,-0.298931367909212,0.196622721565902,-0.250810344673439,-0.278416520551789,-0.0623743127762138,-0.116358746637333,-0.0151706091615946,0.0544677887628776,0.221114442190446,0.0289393019278966,-0.167658099028957,0.137083939920701,-0.209834853613501,-0.409992658917764,0.230423966278542,0.214820148309624,0.234686887902544,-0.0527949867842757,-0.00629870310268723,-0.0118277969211228,-0.146660150889776,-0.114212377861604,-0.319992002012969,0.00965072470122448,1,0.0326358628685068,0.194701811214351,0.488792845867947
"祖母-孙女",0.42870140253464,0.283820618381363,-0.533944317034943,-0.317830706114237,-0.392421754309106,-0.406153043317928,-0.34977368803791,0.536298828102104,0.609759556810029,-0.34386061973497,-0.246159083077284,-0.284826782945804,-0.285255008651988,-0.244254892231618,-0.246303923473594,-0.375405872534376,-0.374130359923953,-0.28011885564297,-0.354896209419188,-0.27503682397824,-0.39825495454174,0.286010984288578,0.191625599751177,-0.215121914779498,-0.454723973023199,0.47343224157474,-0.348878567688359,0.0532323860787848,-0.290431493597545,-0.302890286055034,0.583078264633329,-0.133556773460964,-0.469884893892876,-0.242298579449606,0.0789843306839369,-0.220678095500248,-0.00234875096458235,-0.31988752704572,-0.332416240360127,0.558460819419649,-0.39874165812603,-0.224286204562588,-0.421701893259233,-0.320580183667104,-0.282549405687048,-0.375501677749175,0.263346898451035,-0.352530051359288,0.364143379079353,-0.166786198697991,0.0521629689666164,-0.106312339132323,-0.173117673537838,-0.0775395614068836,-0.417527545224206,-0.441343560082704,-0.302447271358039,-0.509865644013396,-0.115463556386652,0.414694524986421,0.610835413496386,0.599337979326776,0.531108564927688,0.377058175311006,-0.46175220591242,0.355162710010133,-0.428198744117587,-0.428239396627298,-0.583980693868039,-0.510430560997721,-0.472992723090313,0.305970678137165,0.576442677056498,-0.270359453504359,0.531230989239995,-0.418299630686093,-0.397303645459977,0.39021581083218,0.420923697234369,-0.157608976705692,-0.0974433851676884,0.429522464247986,-0.278426896993064,-0.221503867871753,0.606390450060661,0.610515896217591,0.701168540605866,0.451436776336175,0.474697572997288,-0.405394954432813,-0.309064039439302,0.278107017234855,-0.144484706850767,-0.116797744574382,-0.224445267596584,-0.199167820730603,0.38083098914983,0.304451679537085,0.498580044811135,-0.336596327275653,-0.436387493000345,0.647262455717845,0.631044016184897,-0.446912790079459,-0.262057369955329,0.13731175930492,0.074535490647728,-0.186825059579318,0.555247305868593,0.579808241084859,-0.210242971069704,-0.292861546685909,-0.456443529099042,-0.222720565849384,-0.332118051198121,0.347582194624557,-0.121229821913814,-0.343483239996455,0.477754048779637,-0.447019150974296,-0.468061691341469,-0.298523102813685,-0.332210554852632,-0.258367595600568,-0.29817496814997,0.371644307356322,-0.453766568381484,0.379944550395987,0.474226627451057,-0.289415475682547,-0.138291659170283,0.111682612454287,-0.14959314220535,0.581546062806578,0.406686767901128,0.387604501157332,0.54162843436556,0.458432910713279,0.705910633408029,0.0326358628685068,1,0.614178670969647,-0.233288803092014
"祖母-孙子",0.156135522537823,0.128202560188789,-0.463312127092058,-0.29538810049985,-0.390011335842789,-0.523475403935214,-0.298544249052999,0.5007994486181,0.40568869422503,-0.0597716254269668,-0.353165462115807,-0.0834575718421523,-0.172647879246164,-0.0686847417838658,-0.109975789491212,-0.131289816350342,-0.327934370717497,-0.269092781612445,-0.293538556035674,-0.304207413831458,-0.323949197062856,0.229224161688531,0.0796299453854753,-0.0618642042881087,-0.403687258268477,0.396669207999352,-0.128376606117774,0.0012623452785992,-0.302037047303164,-0.350565564994677,0.375749258099493,-0.132494232335892,-0.288543072844379,-0.141612304270026,0.169445058635367,-0.165453617603706,0.137205447664886,-0.252650759545266,-0.16299054673733,0.444811468596578,-0.37068012873679,-0.11092523737895,-0.441918793475118,-0.235502723351784,-0.187356840653773,-0.0569354558214852,0.235936938291236,-0.306294700645854,0.300784455423767,-0.192728867936468,0.0737411759524775,0.114835704423209,-0.23881749980896,0.0726867221474199,-0.358844108342958,-0.296455384726322,-0.30458010446831,-0.305763984453381,-0.0903088010962189,0.420532582308222,0.532383652586197,0.399062331498046,0.309327425402128,0.335585012761287,-0.251980787145315,0.278822661374898,-0.273409188459248,-0.395745435302056,-0.357763059590217,-0.568551704582579,-0.390256812532204,0.29687919926154,0.447081186773757,-0.0153631344861935,0.433646259076674,-0.353932036314642,-0.162258584834964,0.248264195643985,0.22276509447206,-0.166989556138138,0.191060248432266,0.267527834860023,-0.0698347705374278,-0.294209933303904,0.549594811848396,0.491579027482831,0.510633167403784,0.454486348439561,0.325486922459165,-0.316879152125102,-0.13498818348336,0.17868728746245,0.0708908031303342,-0.0176305641124385,-0.119823509337197,-0.269867468119099,0.160989500040456,0.187859303438922,0.421872459428546,-0.270530241601008,-0.38668748287748,0.39932077846458,0.564982154329556,-0.342277285653001,-0.119579231179307,0.347003988025375,0.0325655880107247,-0.261629724224693,0.416057521312184,0.552082681348832,-0.163882571017687,-0.2010393952162,-0.368745694802668,-0.259697628456164,-0.479196575694436,0.0791670688307797,-0.0177225676880867,-0.137926973489974,0.336196904191106,-0.290436622526979,-0.306327221684073,-0.317578767589137,-0.294646073418181,-0.218314160563035,-0.235758996759261,0.0954363865581975,-0.323008010883443,0.24484905269946,0.343673761795098,-0.345324980217501,-0.0218075782413695,0.17667001779364,-0.226760536126362,0.307571614399229,0.214434064462451,0.0938484646559612,0.262152507006251,0.213023664638003,0.559599447255992,0.194701811214351,0.614178670969647,1,-0.150451847900944
"祖先-后代",-0.28878952927621,-0.462221687382631,0.347343695112466,0.275479990316601,0.299282356110541,0.260853618530238,0.291856517913867,-0.267904364503669,-0.0974960390911941,0.0689465247746617,0.393008101946859,0.0541628523567326,0.321978119401727,0.50997374688952,0.437740382547042,0.625305834970832,0.404058581753344,0.106062682583517,0.206861928689538,0.271995806482116,0.162805578394154,-0.139121757048854,-0.148173475898301,0.407969190426688,0.18848644414783,-0.271440103515347,0.442718003645256,0.0586317137275693,0.250373483499051,0.306941069058165,-0.219472984926631,0.26065333554984,0.194464221654543,0.251378078445807,0.121081345943403,0.127974893356469,0.26069136580956,0.435181478617857,0.358833284326445,-0.323924574913923,0.364221961258318,0.00977293108787528,0.236208198667615,0.362046522117281,-0.00622542594122992,-0.0799757874222011,-0.333601600709158,-0.0964792747775822,-0.430817083764925,0.119425881707328,-0.129263004119281,-0.0961736718601528,0.148028010203114,0.00182353396622422,-0.0390478969899713,-0.00119374635016972,0.287733819334514,0.0302862223356181,-0.200135927051036,-0.433777787099197,-0.278253982682514,-0.241490095122213,-0.323910731947655,-0.102221336856642,0.243606955550954,-0.071720595469917,0.31460313227134,0.20290234490782,0.0348648137342568,0.377652732878947,-0.0774838203388758,-0.432303331644048,-0.233839208099438,0.145412168615405,-0.312792994632854,-0.0529885645195501,0.000250865943174403,-0.397091128204435,-0.191506153620399,0.245312906563363,0.169940790138335,-0.117934667459758,0.00574533525376036,0.16770510822814,-0.442715303050548,-0.272596501199111,-0.31961736782669,-0.351833272275643,-0.176681257513972,0.117867010585129,0.0426872611469245,-0.32422935567393,-0.0498713791835561,-0.134241550607507,-0.0299035992166576,0.139328509108402,-0.359229312561849,-0.280704999982829,-0.345925817460716,0.176474597292073,0.269731284831058,-0.393407945330864,-0.304825817162376,0.301381985491151,0.141395585422277,-0.0381638024326396,-0.0455248466107201,0.281190339609088,-0.305722306472448,-0.10861298679603,0.279088907212888,0.520958386107221,0.19697115852869,-0.137699334102109,0.091270979450614,-0.28587072392331,-0.0477824808338519,-0.427820074242414,-0.230969806111467,-0.0106178476996426,-0.179651224148686,0.235009629850978,0.0959872945944663,0.25035447070401,0.0807260923509185,-0.331145882898997,0.332037948009894,-0.395823130869759,-0.462973817907293,0.260440325024726,-0.0585413875593972,-0.0444710301803559,0.127749223026776,-0.311297799295412,-0.0305262614884487,-0.100473317021012,-0.157111276091794,-0.407689592407908,-0.245205038076323,0.488792845867947,-0.233288803092014,-0.150451847900944,1
