"","表嫂-表小叔","表叔-表侄","表兄-表弟","表兄-表妹","表姐-表弟","表姐-表妹","伯父-侄女","伯父-侄媳","伯父-侄女婿","伯父-侄子","伯母-侄女","伯母-侄子","曾祖父-曾孙女","曾祖父-曾孙子","曾祖母-曾孙女","曾祖母-曾孙子","从祖父-从孙女","从祖父-从孙子","从祖姑-从侄孙","从祖母-从孙女","从祖母-从孙子","兄-弟","同父异母兄-同父异母弟","母亲-亲生子女","母亲-非亲生子女","同父异母兄-同父异母弟","同父异母兄-同父异母妹","同父异母子女-同父异母子女","同父异母姐-同父异母弟","同父异母姐-同父异母妹","弟媳-伯","夫-妻","夫-妻","出轨者-第三者","夫-妻","父-女","父-子","高祖父-玄孙","高祖母-玄孙","公公-儿媳","姑表兄-姑表弟","姑表兄-姑表妹","姑表姐-姑表弟","姑表姐-姑表妹","姑母-侄女","姑母-侄子","姑-嫂","姑父-侄女","姑父-侄子","亲家-亲家","继父-继女","继父-继子","继母-继女","继母-继子","继外祖父-继外孙女","继外祖父-继外孙子","继外祖母-继外孙女","继外祖母-继外孙子","继兄-继弟","继兄-继妹","继姐-继弟","继姐-继妹","继祖父-继孙女","继祖父-继孙子","继祖母-继孙女","继祖母-继孙子","舅表兄-舅表弟","舅表兄-舅表妹","舅表姐-舅表弟","舅表姐-舅表妹","舅父-外甥女","舅父-甥媳","舅父-甥女婿","舅父-外甥","舅公-甥孙","舅母-外甥女","舅母-外甥","妹夫-妻兄","妹夫-妻姐","母-女","母-子","婆婆-儿媳","原配-第三者","三从兄-三从弟","叔父-侄女","叔父-侄子","叔母-侄女","叔母-侄子","叔-嫂","继母-继子女","继母-继子女","堂伯-堂侄","堂兄-堂弟","堂兄-堂妹","堂姐-堂弟","堂姐-堂妹","堂姐夫-堂内弟","堂祖父-堂侄孙","堂祖母-堂侄孙","外曾祖父-外曾孙","外曾祖母-外曾孙","外祖父-外孙女","外祖父-外孙子","外祖母-外孙女","外祖母-外孙子","兄-弟","兄-妹","兄妻-弟妻","养父-养女","养父-养子","养母-养女","养母-养子","姨表兄-姨表弟","姨表兄-姨表妹","姨表姐-姨表弟","姨表姐-姨表妹","姨母-外甥女","姨母-外甥","姨婆-姨甥孙","姨父-外甥女","姨父-外甥","义父-义女","义父-义子","义母-义女","义母-义子","姻伯叔-姻侄","原配-继室","岳父-女婿","岳母-女婿","再从兄-再从弟","姐-弟","姐-妹","姐夫-妹夫","姐夫-妻弟","兄-弟","族伯叔-族侄","族兄-族弟","族姐-族妹","祖父-孙女","祖父-孙子","祖母-孙女","祖母-孙子","祖先-后代"
"表嫂-表小叔",1,0.181933470735639,0.265716357665477,-0.0912101479745165,-0.131455495116849,0.0126021352123674,-0.234983281475674,-0.0901429425249696,-0.0167999301912081,0.170969298523145,-0.0390443530526898,-0.162319159623505,-0.159326043709926,0.201385139435321,0.120099651460674,-0.0120385118839203,-0.193046243948254,-0.0852407438212046,0.309209317221277,0.0667052467593248,-0.108754364209524,0.00439624167033437,-0.0990849462704379,-0.129452441671293,0.0685764286766967,0.301965631423946,-0.0102874282885776,-0.164071008360815,-0.21301069665029,-0.231038663458155,0.216592065758546,0.0538786829467082,-0.244017301704077,-0.228869333993367,0.252690316173448,-0.0127475386652265,0.171373713996916,0.0291371291565839,0.065968621210992,-0.0620790550228609,-0.387542900656727,-0.218134000826937,0.0176402575752481,-0.0664847902041978,-0.220326856647188,-0.106034618087997,0.471493501871733,0.0234031208257577,0.173577698782975,-0.247703246371102,-0.0784307989946704,-0.138557075132036,-0.169913066432954,-0.163909846398031,-0.0138372348053047,-0.242938770232942,-0.171581979245207,-0.215364597523612,-0.0819943739787458,-0.0801658644988632,0.116553095447346,-0.116922815765861,0.0962371773069206,0.345620802567991,0.129849636310439,-0.0955505120411042,0.431083808394361,0.356586137219541,-0.423666611292079,-0.0254648277147972,-0.175590970097855,0.262917597666775,0.162295867742936,0.0375529355693292,0.497717178817339,0.116530978704266,0.122732226117497,0.213375384075062,0.238217975825106,0.22121509213959,0.0445976072353349,-0.353899573387001,0.099720443767467,0.0255852527792159,0.0370183783726031,-0.0169810701977817,-0.358989759939597,-0.10668442812845,0.00329276266966577,0.0830763945730254,-0.0864862679276363,0.444121163761055,-0.454797685431172,-0.270043766722437,-0.186388594047783,-0.0254376270758939,0.324747302813223,0.370874609883143,0.360476189490638,0.0180155160900864,-0.259585579787019,0.0348399495005244,-0.283450290965154,0.026012763882536,0.285416710186839,0.100615333251502,0.161401311872704,-0.305627608336444,-0.114729778975413,0.0321498139137315,-0.122853473800111,-0.176774833991449,-0.012643641383765,-0.0239420812396692,-0.237861923798951,-0.197062238378457,-0.108378004641309,0.0120902351508959,0.647778042552867,0.118590777749329,-0.173798855292867,0.166747760545246,0.297203828990845,-0.256231608089907,-0.036929981656215,0.472782913878898,0.119689235743408,-0.0870497432717369,-0.219580001126567,0.0864094178559686,0.105558790130225,0.168663961428374,-0.201438869190665,0.243755201414899,0.349460344353603,0.548935036547331,0.211411076552364,0.0509894113143273,-0.0291332118799458,-0.186232170828418,0.0188746370050221,0.1023907622455,0.0778787506035649
"表叔-表侄",0.181933470735639,1,0.454974191834828,0.536009158321027,0.305136986633823,0.551680662581023,-0.0337558383358686,0.284745485900642,0.127036022216304,0.0373774559641829,0.446854531381583,0.184402297518284,0.0913835902196291,0.147360060786052,-0.27769358044567,0.189506864028056,0.119134243966893,-0.226639558838243,-0.263880135939609,-0.376437990723652,0.210902289405203,0.229984593035264,0.40254757894542,-0.227289160477856,-0.159103863445447,-0.208318131837479,0.327095475107112,0.28344641689539,-0.0890451044847122,-0.0596471036113702,0.149237973332391,-0.534757182990161,0.172902104494836,-0.32366094386447,-0.274381990028024,-0.0332817940317201,-0.148225985785115,0.133947107746309,-0.0348337461689337,0.0559648326392667,0.156248880474343,-0.0646189520825362,0.418325117536553,0.562055989434354,-0.26128881795516,-0.268139208795222,0.33256478032261,-0.410631797316638,0.0518228450757972,0.0695924669369822,-0.420674705150709,0.0811535386539255,-0.0350882562564377,-0.300839133713956,-0.294866243146566,0.054416225831064,-0.0661560388822226,0.1698251825384,0.0376209571734041,-0.264323119430077,-0.39718237694736,-0.16897500088804,0.287635337029612,0.118995897711139,0.0806645787358343,0.282979352449513,0.324717239621031,0.113237616847099,0.216901323814799,-0.216486810650517,-0.300954836534282,-0.0449117756597022,0.125073359388318,-0.45543665602262,-0.110557885475588,-0.422753596648759,-0.385073492078916,0.200986446995672,0.248133022628527,-0.359128480207979,-0.0267403737927108,-0.234988760189433,0.091032702013354,-0.135878574125533,-0.448368166946446,-0.280787820092668,0.412952908465975,-0.324213399491228,0.169930596490999,-0.101126139215069,0.0682486034946869,0.615253203412706,0.138460190846812,0.106294438201014,-0.245481762251813,0.146312704583027,0.331464381116461,0.183534546965429,0.338138303498983,0.507510732603916,0.102003120379912,0.0532660617334094,-0.114254705921457,0.449817007909966,-0.113995619427053,-0.413097511368319,-0.383823368797599,-0.0962156179459516,-0.331917914024126,-0.378317754394399,0.208131174892628,0.38346610291035,-0.254350984474856,0.0280845675121804,0.153088596670542,0.39366485312747,-0.282504468633408,-0.424861436605331,0.154814343380917,-0.435284013773017,-0.27054224187881,0.264355273437479,0.377124863824743,0.304636665915045,0.449963022992235,0.12425126671828,0.37781963300103,0.288492504385933,0.498403369756437,-0.17733183439306,-0.388382217493479,-0.352492779878032,-0.144933406172429,0.2579384561391,0.149219316015791,0.165496299973709,0.495355233866002,0.486295261114092,-0.0207517231425479,-0.236415104755604,-0.3721200390904,-0.391624515131572,0.0941765580645449
"表兄-表弟",0.265716357665477,0.454974191834828,1,0.423767657738799,0.344175140325396,0.628295268509247,-0.225055359840352,-0.183050863883555,-0.156167070659915,0.28264236779977,0.315960168822288,-0.110121242399444,0.258719364753758,0.0447896941308681,0.218554469592482,0.165743437456381,0.265705652718617,-0.0225830855226912,-0.12701399759336,-0.200950923117413,-0.148834893769047,0.189363428540714,0.332344172797573,-0.231485479853631,-0.120063768817102,0.190928560117104,0.547719369359894,0.218461642983165,0.280381389022927,0.0939124051912138,0.00664714588039779,-0.0823474509628327,-0.0431203794738049,-0.230252663592146,-0.139238003025232,0.157461292471139,-0.0528184677655775,0.227119648003859,0.272061032248579,0.00518747804420127,0.0885534255143544,-0.175257418909145,0.622694878848017,0.372415676365574,-0.190870056786947,-0.256702400018734,0.0891044499106277,-0.342014748038311,-0.0773049710684306,0.00497441965173717,-0.296527543999586,-0.124050258939629,0.175281300019141,-0.0978043421348383,-0.0909486771791606,0.0698109698124535,-0.152352793248231,-0.122291637812076,-0.223741634182284,-0.263960356720427,-0.299667392264284,-0.247072872932439,0.135014584520603,0.0577844285831289,-0.131490328280145,0.329208047264783,0.311935665511099,0.271368968313097,0.0937957989253137,0.230878251891653,-0.189328071302412,-0.232873458942896,-0.0202050923337455,-0.300682126321292,0.0520102166912827,-0.24739749989027,-0.201007496066198,0.393786291341594,0.141208856918698,0.14016770602117,0.189599079964416,-0.272279965579872,0.0236571387528217,-0.181130317665004,-0.2865376753234,-0.206801767586945,0.0358001070350364,-0.220670836409926,-0.0438305501256378,-0.10619424671652,-0.128234203288901,0.581812733652765,-0.127529691848572,-0.210047052027067,-0.131589939156215,-0.00412700497105371,0.242128952492893,0.109692513628774,0.0338730152080267,0.541958376493317,0.147085968436183,-0.126938464666771,-0.104114024839483,0.331059901635746,0.436909169331202,-0.267023296632591,-0.206754129146102,0.0685592251067277,-0.36263265424856,-0.296787024726822,-0.0380820646569235,0.292585968607984,0.086549474228022,-0.138322518578157,0.000712941738208703,0.295131957337145,-0.269965202904387,-0.23460135939118,0.264604203035258,-0.207251778227396,-0.153571290376295,0.0231854512502284,0.340835558508064,-0.0191863931077237,0.0788971258492212,0.13526641649858,0.225637448977978,0.127400241859636,0.214613879319543,-0.247261235230564,-0.243589856490476,-0.212832058271177,0.122117591689486,0.00949728342045471,0.384312512511268,0.100047464991184,0.353795640599312,0.24368965595354,-0.341027760860343,-0.186379313185268,-0.273246193579348,-0.250285545031619,0.118949867666924
"表兄-表妹",-0.0912101479745165,0.536009158321027,0.423767657738799,1,0.528779014703553,0.569567822561545,-0.0371835115193824,0.18283699087561,0.17220488472552,0.123240342520179,0.288546301170662,0.0584601741642236,0.452847854762732,0.148140585150194,0.0031272251932144,0.493200353843533,0.248557147743988,-0.217041909629127,-0.4413238667375,-0.513523452766538,0.0983444232135393,0.228334442232397,0.53714239177142,-0.163323231261289,-0.34699605884234,-0.267126592070181,0.661448499650464,0.392054430491175,0.051726655581076,0.0867240262793436,0.17042844991933,-0.396881631540827,0.0554110441370844,-0.23736251135106,-0.418218431203832,0.280047904912004,-0.152569572941702,0.336122196680551,0.149431935571508,0.246082198581795,0.441093962339055,0.103458417980337,0.57679008148763,0.598526793092828,-0.209603536925413,-0.246066088864767,0.0280154200461085,-0.574312224950269,-0.268158023075566,0.100183997069216,-0.505227670083971,0.0390711293511483,0.0550675393643522,-0.0685548862536553,-0.30188567564696,0.14255506834885,0.108369654646497,0.0985697041880854,-0.100657279935479,-0.451306507364985,-0.546554862010522,-0.366536371410391,0.243781205603365,-0.00729809760365878,-0.234504536114577,0.553283034599163,0.23207981917989,0.322864037166315,0.402695027058154,0.103158432095538,-0.224890267702073,-0.267931970387979,0.0793518668486623,-0.60222543657535,-0.19631571855699,-0.569176471908634,-0.560279003208535,0.464785401540361,0.16448509090233,-0.254313491113094,0.0984597686119789,-0.0080222495159148,-0.149558388004172,-0.290179854464555,-0.58883557408597,-0.260276282042051,0.325308452488575,-0.274872314949474,0.317831183429553,-0.244170370675253,0.0121864731332645,0.208923444825828,0.293717588683918,0.102218379064276,-0.0671608030847792,0.0915203837145891,0.0641036165403652,-0.263482065117909,-0.0122818952423803,0.678508710246428,0.523621909768215,-0.144380444461037,0.122236281626495,0.578263991185003,-0.0146534750308859,-0.560435127246614,-0.560754428704331,0.251236009277154,-0.470392330305185,-0.555943685453537,0.121454711298434,0.362235246850656,0.085416947353612,0.165132842769951,0.327357017807866,0.529152770546241,-0.248166083424854,-0.564380701677088,0.00379344834513563,-0.562841337916246,-0.222752443617133,-0.0280148066474042,0.28295823475961,0.203368898906911,0.461437407262549,-0.0065696481629692,0.155116052806079,0.299913868961789,0.482606587268083,-0.328465529033643,-0.516825769519706,-0.492274466931638,0.162260363576113,0.313003134186575,0.167648209305258,-0.00738961111835127,0.234311816038958,0.513103187484697,-0.047085964198832,0.0117752882039901,-0.533828510781918,-0.568327050434063,0.303152959454937
"表姐-表弟",-0.131455495116849,0.305136986633823,0.344175140325396,0.528779014703553,1,0.417990636678495,-0.302521518603035,-0.0971897883381568,-0.0931864576483154,0.0750262279883802,0.0556153455830129,-0.0599238631555204,0.252435918794954,-0.243320612556929,-0.129870435336419,0.378839876673971,0.501554000506248,0.119044646186275,-0.620177786007657,-0.446147406184076,0.0299941348453416,-0.0808355314165048,0.262310713411398,0.0341326560369746,-0.459628120788172,-0.277410241051769,0.354737133584723,0.24811703906996,0.450416224039999,0.351393417329969,0.0310328199500568,-0.242045422810643,0.0168019733326013,0.0288205735384794,-0.5518600416075,-0.0325977192473016,-0.265416528502057,0.276535312511109,-0.00720268452604731,0.465416456246723,0.638798339974304,0.51669277478463,0.504139648346836,0.323047300949587,0.0332640681493817,-0.0804159736310959,-0.232365765756619,-0.576430325278819,-0.342317108217574,0.215034205273108,-0.39328437997905,-0.0001653769306303,0.387462466856499,0.208546351529498,-0.154643852738633,0.404624639075601,0.0821318965223789,-0.107913725006918,-0.251478690164192,-0.482345849625025,-0.587062271511873,-0.397631495915769,0.187335256821326,-0.228593499163497,-0.420168649175497,0.267244613289916,0.0808908160536091,-0.0577570835054115,0.524605705994528,0.42753412398392,0.0370731384686129,-0.388348550695121,-0.140666457595911,-0.462595931714193,-0.43224491110774,-0.537540124581013,-0.479263086715676,0.189294871145131,-0.169275222745401,-0.348533004448209,-0.175834891407851,0.275532331001679,-0.213308003291963,-0.319142297377186,-0.438764419799366,-0.107501566093311,0.331508784742842,-0.107290605601125,0.0657124347983042,-0.313205214060209,0.0125131834856661,0.107641257562135,0.337556083689705,-0.0409353669419781,0.257223518678571,0.1167320487539,0.0635995849017557,-0.341817528628988,-0.256911057395871,0.50361049646107,0.600721250552589,-0.140840176600765,0.284068915262146,0.431077579821908,-0.165493906036047,-0.526080839794807,-0.490280820446254,0.596660322881617,-0.475615651665353,-0.470540181171073,-0.096902427713656,0.196854420632979,0.456358567298548,0.333067688013155,0.637082822813596,0.360876805563654,-0.0847397739057594,-0.453041242656015,-0.0573687028517257,-0.444786617087129,0.0696189360475194,-0.31449787483487,-0.0272649795469524,0.00101694398564376,0.342897313143782,-0.0557693464010199,0.0507483516697663,0.335676156339659,0.614405647000635,-0.410395281597282,-0.530698115774355,-0.516415809809008,0.441328216720783,0.174586347309329,-0.00954820441138969,-0.029205577623533,-0.176471890710874,0.252407864215576,-0.115324669842622,0.27825236372205,-0.30723173375657,-0.474961873244655,0.155771445976066
"表姐-表妹",0.0126021352123674,0.551680662581023,0.628295268509247,0.569567822561545,0.417990636678495,1,-0.104339030967726,0.0131114229572256,-0.0722898669297149,-0.0323119426947006,0.312330846554735,-0.0247445072844536,0.259279429562922,0.0370889198430039,0.0649870714201786,0.0562509147311044,0.379019555842327,-0.0954593837760634,-0.34965088364757,-0.19713698953902,-0.154972540531568,0.248503740357848,0.375542896294462,-0.275774059109331,-0.178967301444342,0.0772625996172233,0.4870428335829,0.309184842713386,0.233546475507954,0.134117477960105,0.00388463850443922,-0.215458102928098,0.156682580037801,-0.212200292790866,-0.313220297579821,0.114601909547168,-0.22103903693675,0.385712519540068,0.260836130223615,0.244534093170867,0.232473869441748,-0.111078113993726,0.614289547128262,0.445833132382951,-0.18798081014617,-0.238067026130079,0.0915910633332444,-0.335490800597953,-0.139971163616311,0.17669595044406,-0.240082849657432,-0.0517112363109991,0.125380948286136,-0.171893228506566,-0.122771636691412,0.167818190311024,-0.0743358154912133,0.117379523287009,-0.128220857904041,-0.150162582563585,-0.34989094462609,-0.0505274737074265,0.114100441235496,0.0261983200560146,-0.0927273222249225,0.391125054275065,0.147038199511415,0.14892147292544,0.261385934257233,0.229109925510483,-0.254527856363156,-0.271905346303874,-0.117283943583318,-0.339692417221316,-0.112116415025463,-0.31359977232854,-0.288201699793503,0.367693079838752,0.151918820985611,-0.0116397923831889,0.126588007350872,-0.135139892828746,-0.0230439138224531,-0.308136518850641,-0.304891582441037,-0.285611386587251,0.303914730488954,-0.190363176031742,0.0796049023570698,-0.181034635645875,0.0210194919696521,0.422011104343825,0.113158937046474,-0.0882797957564382,-0.172375770055302,-0.0406853162957648,-0.0103078811748418,-0.0814280946929002,-0.00897072455143904,0.434553717994598,0.28619270349536,-0.0989651950231701,-0.0106734455795105,0.340805327574897,0.202703540917263,-0.298345046327882,-0.315269832611263,-0.0032786057386354,-0.274825933605794,-0.348022065484138,0.101100627425309,0.156574702454347,0.0501257324298735,-0.171258362910637,0.150795756704505,0.471569169131633,-0.250979875670552,-0.244764772685455,0.0712484153564808,-0.281277708029545,-0.242397702830403,0.0529537364775818,0.325343892752656,0.238776861001752,0.166712307062385,-0.0163487122791029,0.122524326055467,0.467878893527757,0.551444001196269,-0.310974105808834,-0.315370719998231,-0.294139798783325,0.0411522308063043,0.0260958602959749,0.227940077509575,-0.02461519023543,0.34430769595354,0.250717095032345,-0.180593271718452,-0.241021640863679,-0.307397275689004,-0.284649331467058,-0.0628097594594599
"伯父-侄女",-0.234983281475674,-0.0337558383358686,-0.225055359840352,-0.0371835115193824,-0.302521518603035,-0.104339030967726,1,0.290809160410877,0.40835268847519,0.0763336183448354,0.274742184283938,0.754803571084196,0.229808242074058,0.305872206805117,0.0376939906773688,0.0559476762527283,-0.33248837038459,-0.191016784252695,0.106545551504836,-0.271369653123902,0.0904480285020286,0.232318058199659,0.16190697890893,-0.138764079843039,0.21053157902895,-0.109074927107672,-0.00207947270300042,0.216328203367729,-0.169978024909028,-0.0419495162183457,0.172521092623021,-0.219324383007442,0.339413305167345,0.0994006873451576,0.0249468222698535,0.0359309810037934,0.281402310962314,-0.143142586022837,-0.0481780430266566,-0.1737627156812,-0.0341422001155829,-0.175151362651994,-0.0447110866844017,0.173549706118355,-0.10905467232106,-0.189392960590759,0.040944515209123,-0.0180431397572485,0.22759460934297,-0.121914651982437,-0.195856482990069,0.172497627626482,-0.160980144335925,-0.182514663857172,0.0164190019423404,-0.166986694963124,0.304721155812545,0.237727454670738,0.21528823393424,-0.00616292076111709,-0.17429010532621,-0.0216404927957776,0.22221079812823,0.217399276247969,0.309623797445325,-0.063227893217485,-0.0495963222331607,0.108174588164542,-0.074080270031583,-0.272041371587482,-0.145287131982684,0.185827005346602,0.302560686762082,-0.161108628724259,0.00806201467768881,-0.187947809456902,-0.248073377028973,-0.225867531624136,0.28260947413064,-0.0385401336876218,0.279847407206701,0.0423906724281133,-0.00519714212749547,-0.0107327125340903,-0.234001206130818,0.0553800581259156,-0.00680227714553862,0.128641807224293,0.301732895503652,0.0641001819889418,0.147009528639446,-0.0127755030390985,0.104621067938691,0.354193263097143,-0.196063943176912,0.141952078776855,0.0170533793074456,0.0262720491825732,0.125875072818178,-0.0958531453253431,-0.170098055113736,0.226654140990151,-0.106609930214467,0.0477667663174689,0.0015492612734057,-0.189719452513978,-0.259894872794354,-0.148048413625073,-0.026947570925611,-0.22383792902921,0.427107731977744,0.192073828351952,-0.137017709953957,-0.248015016540705,-0.246536172742388,0.0943888148439487,-0.185923050280221,-0.191024645689669,-0.187174919927849,-0.284650660655941,-0.142418641385597,0.197589657861316,0.202123816579392,0.195898212423445,0.0296537714812786,-0.0498316521695484,0.244856748774201,-0.0368383867982863,-0.139977723659604,0.202884395644938,-0.21192131067354,-0.229691573040277,-0.217943723701185,0.0742163743666334,-0.104210163427041,-0.101605969579256,0.243015224545014,0.119216816266,0.236609582793387,-0.0624787948579368,-0.0513721798228762,-0.257405872758053,0.180915564204454
"伯父-侄媳",-0.0901429425249696,0.284745485900642,-0.183050863883555,0.18283699087561,-0.0971897883381568,0.0131114229572256,0.290809160410877,1,0.535368657107019,-0.0863894010390975,0.213840576306884,0.295243253255568,0.108695484131376,0.312125062205055,-0.104827323372367,0.105677811070664,-0.15241401130426,-0.148615461135353,-0.061701204584124,-0.294445396516397,0.201501619322834,0.232895343692507,0.159824593067007,-0.0612065096012821,0.123162135525014,-0.0915119715190189,0.119452490977252,0.21558248871766,-0.222872074276401,-0.0865641873762775,0.229991622089925,-0.311028230789031,0.245438139332997,-0.093350792210856,-0.040131678012114,-0.00269800087372529,0.0543744438458951,0.00499151540518113,-0.105279483300675,-0.0022910098424002,-0.0358864923924344,-0.132601044583182,-0.038192096475293,0.26404406927502,-0.316675795580005,-0.150461161199571,0.252163850794865,-0.168720993978254,0.164673216972491,0.124422684187405,-0.244918767748986,0.29846793689621,-0.230783105197383,-0.283987689405827,-0.253173950651306,-0.0715195974927169,0.153476907661277,0.426051279476724,0.215097464511199,-0.164368035397813,-0.240504863079957,-0.142188115902222,0.142459543027795,0.20594621372064,0.176376771068063,0.234594109499691,0.241497234154675,0.0429480120940165,0.154916954710983,-0.295651112035346,-0.338593393556241,0.176475561766832,0.307655947190367,-0.318701166307041,0.0159380870385987,-0.304905912701154,-0.351047925661577,-0.00555020702288061,0.135292829390764,-0.281779440620132,-0.00102227858496889,-0.0783675586391391,0.0900978057744163,0.0745655804165435,-0.341600510700111,-0.0677951690352758,0.318974400345191,-0.000117742430832946,0.341603823050515,0.0619914143662338,0.156329410077395,-0.000567041931504706,0.261352232798072,0.390962056938387,-0.271817165086254,0.217577260590531,-0.0949807015560927,-0.0782167541407835,0.293459468992466,0.0663908349493232,0.0372994994550133,0.0701688315711129,-0.116318926434024,0.212670843808188,-0.253678370009174,-0.321986940405146,-0.362596624117598,-0.16960719091122,-0.0969685814889776,-0.243730643432667,0.268667721628816,0.267062189930967,-0.30191169936852,-0.067523274583527,-0.135991791771537,0.242044044516399,-0.141739123936135,-0.355165872568762,0.0702203614324064,-0.402024480347359,-0.351086996798138,0.236348947245635,0.224119396942525,0.423566365090664,0.30604388407591,-0.0885484696144423,0.179134055949744,0.191309442927076,0.129421355439589,0.00621000957004526,-0.311401570802604,-0.31761501829796,-0.160450079035423,0.168489272107799,-0.140513764437313,0.0401226463894205,0.306851269882825,0.289807150749909,0.351641405779388,-0.217592575338345,-0.173403642806362,-0.324601761023723,0.168400762347203
"伯父-侄女婿",-0.0167999301912081,0.127036022216304,-0.156167070659915,0.17220488472552,-0.0931864576483154,-0.0722898669297149,0.40835268847519,0.535368657107019,1,0.130287073872216,0.280602126356902,0.34859010577841,0.391714293864395,0.292728029178714,0.133557553521177,0.355282257179358,-0.17867692485674,-0.21722149830986,-0.115905023222765,-0.476719947627263,0.0457457574796664,0.307039000655868,0.337079442860402,-0.11785210621199,0.03690758579562,-0.14745642787024,0.182492440274108,0.437772187208501,-0.0768691460945467,0.0259414711319488,0.420125082299085,-0.297270950749656,0.310463000047987,0.0467915852219516,-0.154810140950758,-0.103209678029674,0.27004804018227,-0.0814008445066768,-0.0670131182038191,-0.00645315229858197,0.019898453350263,-0.135154928158591,-0.0216973903718122,0.308352739326189,-0.219728369985211,-0.258252459437502,0.0611564230753875,-0.271168859750828,0.145034280951119,-0.0458827971339682,-0.348043589024455,0.146989181991245,-0.242530438183401,-0.169499120066598,-0.290978589910001,-0.142732193611416,0.371004438849847,0.271455012028872,0.019410935010119,-0.230638718205676,-0.304482045388731,-0.306139787049439,0.45374352953827,0.289398967730753,0.0672669843160961,0.258973422358515,0.364194680639225,0.283806764831982,0.0471509821850751,-0.144490965646307,-0.261827130144612,0.124225141831128,0.574027978375514,-0.378635214453703,0.0468456870610639,-0.417865419359717,-0.488484623487589,0.0126231385047263,0.240003236299982,-0.144055520326238,0.196254627820036,0.103970656764441,-0.0615716820484667,-0.103202051257993,-0.430476350073945,-0.0753274217863022,0.162544420607176,-0.0148222930377973,0.471051075464667,-0.120320538350286,0.0413332532309331,-0.0484916119466825,0.0759101341279591,0.334435506904301,-0.214988651647473,0.105094742541868,0.0364215147832007,-0.175383200262736,0.173766779306066,0.155821171761812,-0.0102244859895112,0.20587891103352,-0.0275521138835409,0.424740043420151,-0.065126859395005,-0.398135403105076,-0.47173401502306,0.0065400321067656,-0.191322341882072,-0.369651322688492,0.395147231156946,0.398166097652262,-0.0887236356722372,-0.115309996045225,-0.16815864612336,0.305023234993564,-0.228551278006195,-0.416317005545099,0.178057989604495,-0.472808992384173,-0.265881656900811,0.067682428930778,0.292682800601825,0.245899983935224,0.223791054865595,0.014580519859837,0.23331644491995,0.1564655917473,0.0119165444408314,-0.0837788847111916,-0.403015824294513,-0.381029819928512,-0.130505021369586,0.206528301737961,0.0197192244568031,-0.0394546559167969,0.230399403266585,0.283879032194574,0.327948152034751,-0.124862904809157,-0.249645098067664,-0.450482124583235,0.491140600976049
"伯父-侄子",0.170969298523145,0.0373774559641829,0.28264236779977,0.123240342520179,0.0750262279883802,-0.0323119426947006,0.0763336183448354,-0.0863894010390975,0.130287073872216,1,0.330260089635505,0.156553870416376,0.258159548485736,0.105475899108896,0.181142351796188,0.44483209105696,-0.0188477441131031,0.000319135065980524,0.0716109738723354,-0.286347492510154,-0.207992320852582,-0.0905876616058792,-0.0324352938134249,0.00336851058597907,-0.184140047596092,-0.0906003115965427,0.200177834532546,-0.0989805429106127,-0.00920884531197362,-0.14654035667449,0.170007769992539,-0.177770501691345,-0.25053974787274,-0.152731119266053,0.115494164846603,0.0521650577746672,0.207880844153508,-0.187232755187677,0.170145503659579,-0.245775045300817,-0.0561186924960373,0.0471545439509241,0.234195451216774,0.303261683410979,0.161959110502962,-0.0652978807451406,-0.067737477294538,-0.257465063035205,0.106927549108419,-0.189331357755244,-0.385731697576483,-0.264685011690133,0.141618954390174,0.0726462246599232,0.0908035655213269,-0.0170187690251866,0.259087220073239,-0.229713768736433,-0.22900656651039,-0.351297471803168,-0.167973912143996,-0.399567117177547,0.119458052334193,0.118923008614071,-0.106695347514992,0.0329791996477455,0.251643614481921,0.401723752411514,-0.298771303325047,-0.0915884468332488,0.228233887144193,-0.00766202765634974,0.252999404742539,-0.260756167686922,0.275932902683963,-0.209220945550065,-0.179547496423837,0.110320619629891,0.18871436572149,0.151789765896943,0.100151157976209,0.0190529615541067,-0.102858664736994,-0.111164095653617,-0.254176157974781,-0.162073368045007,-0.333598867816394,-0.167580571605958,0.0717813194171052,-0.0503034936118492,-0.143074151057188,0.224184376939064,-0.365996545084926,-0.347947267061752,0.198789200391973,-0.0511903276749952,0.487410983881609,0.0813161176698633,-0.000744733973743056,0.228068274426929,0.00383097719567406,-0.198356108588719,-0.036099633388805,0.292196768634137,0.349091581978958,-0.191336027586347,-0.170429717574439,0.170192014141005,-0.33478634971342,-0.265443886585397,-0.124725656808513,0.323289379999109,0.0796561550207569,0.0607892057748825,-0.106408183144619,-0.108591817969815,-0.0336944350142652,-0.331447536004447,0.261425783559346,-0.181989336857593,0.297476137474696,0.021484818365297,0.209249654456003,-0.30488636643567,0.0611347267269137,0.273564790707451,0.172581287541907,-0.290156069347818,-0.189691047481031,0.00805249928154685,-0.15420615073832,-0.0995748204709196,0.0335205354615186,0.1645491851006,0.247841452596559,0.104470900737536,0.0529848953643017,0.243358595446085,-0.226670582008621,0.222149190526056,-0.143704288367039,-0.206295060514258,0.296558580662715
"伯母-侄女",-0.0390443530526898,0.446854531381583,0.315960168822288,0.288546301170662,0.0556153455830129,0.312330846554735,0.274742184283938,0.213840576306884,0.280602126356902,0.330260089635505,1,0.433461796152685,0.342179767770116,0.39357692156503,0.10638454552245,0.360506736112713,0.0435280974814472,-0.253075456179972,-0.143548571715967,-0.274527002927238,-0.034510078454364,0.207211826346435,0.233172203041428,-0.19348100590483,-0.0887824394878978,-0.0615754650412928,0.353610820472906,0.260175243146119,-0.119118351470089,-0.052494369719017,0.0447019198012207,-0.264270930967338,0.0615283132407593,-0.256635085457195,-0.0510126304490589,0.0273502452300306,0.139694118668212,-0.0130488616411091,0.195661094454208,-0.166628678387746,0.0772288532919707,-0.22736240297291,0.390636614294899,0.480434473288847,-0.144891149848015,-0.335034529543183,0.0625910345864295,-0.273846916991555,0.0687918289387547,0.115085567985573,-0.381303088462309,-0.129995118146187,-0.107110894126893,-0.24774766249986,-0.000469621685642283,-0.0769875021350456,0.14534971267914,0.082892087103894,-0.124944900657121,-0.261856273244481,-0.260518853218451,-0.204283130151891,0.198160391901097,0.127419667174714,0.0369575893268382,0.0856515049985211,0.432354171284484,0.146172782493789,0.0207655626868265,-0.241040501000125,-0.217143804567886,-0.240918104752709,0.267482838605811,-0.373661073551826,0.116914393670674,-0.355298971833927,-0.266495910230903,-0.0274794716078082,0.0954938657587561,0.0447697434327534,0.275055280069292,-0.0754027685929459,0.214540590725542,-0.163521505692497,-0.340067810647438,-0.249056435044021,0.125992690005785,-0.236857517949372,0.213373175633531,-0.060616795377045,-0.0777455694397499,0.330683851715072,-0.0177716289147284,-0.0183267178451946,-0.205000081051112,-0.00305096107971001,0.415540001935433,0.224855473090999,0.0707436866240752,0.319698756711789,0.0931163822705389,-0.00186521327434378,-0.0784456502704083,0.411388253423115,0.220369565635561,-0.299595880118856,-0.308285587698684,-0.0127535879323058,-0.237284985841744,-0.343124926527627,0.188103514374169,0.465187145163406,-0.231115797592603,-0.222433751934204,-0.116243618206069,0.224232653306599,-0.32478864699973,-0.335523976906132,0.164082993293016,-0.310431808565637,-0.130687805858483,0.336115446121629,0.372931029249085,0.0996919951910768,0.138286859036673,0.200172906743943,0.193031744094674,0.0883338861873542,0.142550155144038,-0.0237572115739525,-0.304777230443066,-0.253122916046644,-0.153693027814105,0.109105870499758,0.358989296106328,-0.157299367062751,0.280184549124237,0.373221840254943,-0.0378720102899345,-0.147623837874274,-0.26084102910334,-0.268801877559495,0.425613488474332
"伯母-侄子",-0.162319159623505,0.184402297518284,-0.110121242399444,0.0584601741642236,-0.0599238631555204,-0.0247445072844536,0.754803571084196,0.295243253255568,0.34859010577841,0.156553870416376,0.433461796152685,1,0.222673511880331,0.27653996111311,-0.12824757268486,0.131080686613416,-0.224766182857253,-0.300278611104028,-0.0768068766089508,-0.332284889418236,0.145089252764291,0.186746251401266,0.133522848537618,-0.0958299864328671,-0.0436135630607594,-0.213490816855478,0.0140670657508166,0.220180050152973,-0.186221761783633,-0.084624589242183,0.187705059460053,-0.316449332499358,0.276762276878215,0.0394619886800951,-0.0522080430867555,0.0416180362848517,0.242331707781369,-0.190100326166826,-0.0412920667907074,-0.0868833701717187,0.0595099061856907,-0.0987345422815207,0.120740104565805,0.341382234138609,-0.109173983823961,-0.174608749438174,0.0258985195357137,-0.136492791881245,0.240512900617925,-0.0500054307509759,-0.312790860071145,0.00319182465252967,-0.174844861201786,-0.214063236786023,-0.0674408147327863,-0.0307661380364881,0.242829563752785,0.217766676746665,0.214986457128792,-0.149716524372564,-0.270221189572607,-0.127704899083307,0.249914988105797,0.232426498730445,0.269730609723909,-0.0589564197094178,0.164571727918082,0.0371164330037298,-0.00204154757560211,-0.287413989189858,-0.155470929642936,0.0917585473680794,0.216927388074371,-0.268167035348307,-0.034125728865445,-0.318679862937603,-0.304819211883601,-0.185995594402778,0.2149723971584,-0.140175524460945,0.263060045531909,-0.0136929965999582,0.0464695563407341,-0.0569796525837413,-0.309716016090577,-0.0541515572440721,0.0882791879629335,-0.0276958268140333,0.277039523533035,-0.0109365454590779,0.137936875512219,0.117272713624271,0.134372992072549,0.236090036287429,-0.148173017672343,0.166178153832587,0.176696300790178,0.127090027374088,0.153336914112165,0.0429131439565783,-0.0915734210553351,0.106982248881997,-0.0567771219723557,0.211689308329425,-0.0435289712560289,-0.288277056310507,-0.334805011968842,-0.151623093613906,-0.137314136046242,-0.311524217865192,0.374507214604539,0.272226940779668,-0.191431227194318,-0.0939922364832583,-0.0880545773663538,0.133750643033308,-0.174063438151063,-0.301999675148751,-0.0603752254382363,-0.369521804031463,-0.120310516928571,0.257003345110038,0.189632852182453,0.131827303196854,0.203917366840613,0.0712759462961342,0.257121378303718,-0.0228485530080252,0.0251211285575809,0.196623664567237,-0.282452946920868,-0.295540452629166,-0.236126842039375,0.223701599755292,0.00449248278320126,-0.0694424643060891,0.235146389929797,0.274814411392857,0.180661125109886,-0.101051231860125,-0.146847577776826,-0.327011781296438,0.281983381472621
"曾祖父-曾孙女",-0.159326043709926,0.0913835902196291,0.258719364753758,0.452847854762732,0.252435918794954,0.259279429562922,0.229808242074058,0.108695484131376,0.391714293864395,0.258159548485736,0.342179767770116,0.222673511880331,1,0.33592516912757,0.50153109031279,0.545152826382742,-0.00327416179874848,-0.326650938488624,-0.379241322935457,-0.488952019181232,-0.257422805625393,0.27981939374155,0.568554268414295,-0.19530297770518,-0.250760028369947,-0.0720635873787153,0.478818787458514,0.587756773710866,0.114574669051325,0.22715521674981,0.318834219809089,-0.174402954464092,0.0491837918787023,-0.00301818413825462,-0.344190354023728,0.347460274016146,0.341132916562502,0.195973675313614,0.295535189506332,0.0585366240807684,0.274189571518009,-0.103973509073826,0.4430102208602,0.452912551655808,-0.139846742080349,-0.256728708790157,-0.1728881934659,-0.399739521598948,-0.211006668107953,-0.0150859381861982,-0.427982667235009,-0.187970202505913,-0.105285320761771,0.00513816675717664,-0.24259208917933,-0.0394511509771222,0.256038761226221,0.0595680754116363,-0.218660228429254,-0.263959957235952,-0.426089556949013,-0.298248298436926,0.493586943607709,0.132838685607369,-0.26079683340209,0.297914579038247,0.288802035430571,0.361987158592946,0.305974525759629,0.0994127926131269,-0.179286272196165,-0.326752685716473,0.264079741170796,-0.414405546248591,-0.0932383532519269,-0.452568546947832,-0.477919320540489,0.210749997401224,0.0491289184046393,0.117269371582581,0.53306098559956,0.191254714944548,-0.40952008188685,-0.355900174107297,-0.459257337699542,-0.1985180029956,0.102058919806174,-0.00444996905052719,0.494504129747347,-0.278546305578332,-0.175882803495839,-0.0508415973560042,0.0465787941030738,0.137235728929294,-0.0261992445672186,-0.162718518386663,0.0873266055324299,-0.387791373306797,-0.322910946644476,0.495190074196733,0.335489972912035,-0.0892422465659835,0.154292479202266,0.504012499301065,0.283741001575913,-0.428100588037356,-0.488276143397508,0.284892212764395,-0.263958763715433,-0.455186372120523,0.410823851616806,0.378709844013993,0.228586955833144,-0.135006891184945,-0.000517485946347482,0.591859308806877,-0.244673278184684,-0.360513217815139,-0.045241886845922,-0.46267515122578,-0.162472561635679,-0.0872540852806109,0.28578837852598,0.0653826032272753,0.106032872082136,-0.0266022046903883,0.0441777697049044,0.31077380977596,0.239170517314253,-0.339317850842796,-0.428586431395208,-0.441592095313855,0.0368659284199229,0.341036609310529,0.170639104985519,-0.225832440186041,0.103574364504451,0.470283383693682,-0.0692212875659333,-0.0245672767654511,-0.386522415807493,-0.46123822293304,0.419343164262986
"曾祖父-曾孙子",0.201385139435321,0.147360060786052,0.0447896941308681,0.148140585150194,-0.243320612556929,0.0370889198430039,0.305872206805117,0.312125062205055,0.292728029178714,0.105475899108896,0.39357692156503,0.27653996111311,0.33592516912757,1,0.403984595488703,0.247174287620885,-0.331318682051765,-0.310031695261366,0.147212776180632,-0.110269826030968,-0.0473857195839648,0.198301627628906,0.169222508698933,-0.174334543567195,0.254396542901508,0.220044107763132,0.220561028631094,0.14290317191702,-0.44691985047181,-0.262567956578168,0.197036125041978,0.0735299966923776,-0.0212670306498733,-0.243989696869937,0.254402362046008,0.362916077619966,0.569981539027613,0.26057876142168,0.346458220547723,-0.183398237267836,-0.253406751958114,-0.444215943736369,0.121641499708278,0.135055011335379,-0.42442827977338,-0.35368702096174,0.313881893353486,-0.0197095657179872,0.0488592491967038,-0.0903898813636392,-0.287067915134674,0.0236948075336523,-0.442879876872767,-0.417440180118079,-0.00861425245463968,-0.361924638652991,-0.0481482927107365,0.0515476877639671,0.0687433731776843,-0.116544339997762,-0.0609737684492291,-0.13602794315447,0.181788939495794,0.467784722918749,0.210340175821756,-0.0214898704080062,0.381529327463183,0.385196867854912,-0.208883340232143,-0.278908796388206,-0.454011783816851,0.068505742781342,0.318751959782312,-0.16897036189362,0.404081510276978,-0.116746413798639,-0.105183340326835,0.105898788069679,0.239563385163922,0.296544140333572,0.488158483658897,-0.136659825310993,0.0441956253238843,-0.0481504176982002,-0.194794795953794,-0.043496705680339,-0.189213139034655,-0.102648629741956,0.410574232670465,0.156996822094732,-0.00253655870353636,0.198846416716942,-0.139497237311267,0.192296768809794,-0.447604693514962,0.0530593782202054,0.243697021368767,0.168992079631278,0.201065294224662,0.110672225240596,-0.0362936838725915,0.171833128306253,-0.360428995063037,0.0403740689480896,0.320489213290798,-0.0907698870598077,-0.130857585921439,-0.282790411182867,-0.0477239915565994,-0.151807370606415,0.258258749567064,0.166577941841226,-0.294329271254701,-0.280070741670058,-0.412158667419405,0.0429520879051564,-0.341601224530383,-0.161244951964881,0.328867515153209,-0.167440888432491,-0.417509242908744,0.342166973479677,0.444684246167192,0.0545323022914877,0.0328589800575873,0.230511490810863,0.181134659830722,0.0338734747415837,-0.181871177205172,0.210456263726261,-0.132035119761759,-0.108165998642242,-0.411987801493493,0.372445395700593,0.237990850560804,-0.0511688958453058,0.36186136710967,0.339147502861576,0.12193942472207,-0.216744778810418,-0.134547296382458,-0.103682695262153,0.448309642468853
"曾祖母-曾孙女",0.120099651460674,-0.27769358044567,0.218554469592482,0.0031272251932144,-0.129870435336419,0.0649870714201786,0.0376939906773688,-0.104827323372367,0.133557553521177,0.181142351796188,0.10638454552245,-0.12824757268486,0.50153109031279,0.403984595488703,1,0.227028275775441,-0.100064110755561,-0.0730262136302554,0.0834615143107894,-0.0523526188931284,-0.344102776807564,0.1836758058949,0.16654165156354,-0.01589585825969,-0.00419977508705844,0.476240326287405,0.252823483328173,0.201881640872171,0.0383607624928035,0.17362725937227,0.170732691754336,0.369347624330467,-0.240771495641734,-0.00123468978212569,0.0676005133340109,0.3890194322822,0.496343936807491,0.369294493702761,0.536969674392486,-0.026340346647611,-0.101022013781825,-0.259499161734464,0.220961734117452,-0.0766750817690401,-0.197284309285167,-0.210037414307673,0.071540692919244,-0.0784331546267388,-0.14573637692261,0.0272577492897422,-0.101528307746486,-0.262090578559573,-0.146426621912797,-0.0618619544120954,-0.0338238521022532,-0.258621870246739,-0.0796007548743589,-0.25459314368188,-0.267233761926781,-0.0158238399647177,-0.0177966690880031,-0.100618558695563,0.186416439138936,0.290741280045869,-0.0785644917277618,0.0662866195961217,0.162622230504892,0.382395276731031,-0.105114052468191,0.198023790523424,-0.235515338944227,-0.159204464516623,0.0846424881046374,-0.0057676485550163,0.36281720279863,0.0159438744789296,-0.0407369516739517,0.197348192661337,0.0519296506337972,0.661329487366005,0.50570689529763,0.0381389935130447,-0.25005823945179,-0.160363316202444,-0.0255126392046571,0.0925390648549853,-0.289892927206244,0.136613447451412,0.233374731890254,-0.105599233975773,-0.257539517692631,-0.0552848443183272,-0.255168575946455,-0.10620813060348,-0.144305476889792,-0.31565471384288,0.035227589669246,-0.171828676406996,-0.260941181502559,0.134605631578369,0.0469855728982236,0.033779293030085,-0.12205009836776,-0.0264869596661933,0.609397981437812,0.0378114194620818,-0.0213260873488211,0.0461180704079901,0.0266275444569817,-0.0612912194779664,-0.00660032776342549,-0.00146680466392083,0.206797880317583,-0.328382417012907,-0.296433329345709,0.137528110938171,-0.179546357111993,0.0138655259767448,0.238217088877389,-0.0124194334724376,-0.213390402580191,-0.136900496664618,0.195436972860886,-0.270790746137785,-0.378771881415263,0.136421346120493,-0.205858149376544,0.174043956678879,-0.178294683039136,-0.108767352780025,-0.00141307763719543,-0.0329383810824163,-0.0158505577790749,0.0786327782900704,0.315667564236404,-0.145163999076112,0.0581600354167455,0.0324135834927306,-0.0659576026502125,-0.0639187825230523,0.0963438982853177,-0.00179254560820508,0.272003795148979
"曾祖母-曾孙子",-0.0120385118839203,0.189506864028056,0.165743437456381,0.493200353843533,0.378839876673971,0.0562509147311044,0.0559476762527283,0.105677811070664,0.355282257179358,0.44483209105696,0.360506736112713,0.131080686613416,0.545152826382742,0.247174287620885,0.227028275775441,1,0.0183141143180341,-0.228321559179057,-0.311697218787451,-0.492215607817979,-0.0259475751397216,-0.033890867901866,0.351142591542922,-0.000440442377044874,-0.327562412777838,-0.316650843191962,0.380211131418991,0.285034443948998,-0.0443855113895049,0.0731072409614102,0.280529873193454,-0.34295805020916,-0.0206996692083078,-0.12906054559763,-0.311520465258138,0.0693678381987753,0.167547090858451,0.169531735184588,0.134706464689427,0.0426764650501338,0.273510025416149,0.165381924154264,0.412432966909924,0.482172640625249,-0.0450329214193976,-0.182712393727804,-0.113709484833103,-0.524602135252205,-0.275649619799192,-0.0244725559781674,-0.522468125318688,-0.0858419593889425,0.0595690147873639,0.059908307792647,-0.294900783558554,0.00259456154551931,0.285785614415334,-0.147094273842582,-0.217214959736477,-0.510217914816544,-0.462904811542671,-0.485848882138904,0.469223401427619,0.0229070207683957,-0.234535053304161,0.157311671739743,0.377603647223907,0.422773643326047,0.123024114287307,-0.00207724760629481,-0.0463806231183823,-0.169451057790756,0.323982080913621,-0.488292712994562,-0.0559517355502305,-0.512764013227094,-0.501986835376913,0.102561379515611,0.0830566634607951,-0.15016593059356,0.156993696285516,0.196877950358602,-0.281025328724671,-0.224254167831019,-0.492929399881677,-0.17166350166482,0.04052604708845,-0.175749462731267,0.302237384391271,-0.233882658381252,-0.0773086940497435,0.0355017363498226,-0.0223436117724899,-0.00298611200188136,0.122187605316789,-0.0371707255488416,0.31010458430064,-0.282914680030068,-0.0887191056007688,0.542654835504913,0.411480025695523,-0.12360602037898,0.101439015082151,0.597432230284871,0.0556658666964921,-0.486863190813743,-0.492602967912925,0.458452329902318,-0.439872150244893,-0.491060610270761,0.0662638428136069,0.434559599294561,0.175411729889394,0.281348770173509,0.270721104791233,0.240564452883598,-0.158039706591884,-0.519241706243213,0.0889638174454433,-0.490445657619221,0.00935145688745264,-0.0264305613926011,0.254293936919781,-0.0153197895608317,0.306292858570291,0.100518468300364,0.123910770816476,-0.00505804823153706,0.136865569873821,-0.243942889509478,-0.465384133611374,-0.456299875343933,0.0721831666729617,0.442977017816331,0.0971128179401005,-0.0713249645028307,0.00743118972379928,0.496558202133787,0.0276212877226022,0.293324281769186,-0.389088459410332,-0.477368825023281,0.63989725537857
"从祖父-从孙女",-0.193046243948254,0.119134243966893,0.265705652718617,0.248557147743988,0.501554000506248,0.379019555842327,-0.33248837038459,-0.15241401130426,-0.17867692485674,-0.0188477441131031,0.0435280974814472,-0.224766182857253,-0.00327416179874848,-0.331318682051765,-0.100064110755561,0.0183141143180341,1,0.500043325128059,-0.297061048864214,-0.141276019344162,-0.00553544445348768,-0.087216634011624,0.0792672887755486,0.0399768335848647,-0.111588114723681,-0.0538922128914248,0.180653393955007,-0.00769158059998355,0.631096684941514,0.387707249111208,-0.229226487316985,0.0873792150551439,0.123942264228806,0.113118092132197,-0.17197962785967,-0.151069576104958,-0.412806361663511,0.213503180621288,0.092937581856733,0.342226679849955,0.43122025062111,0.30469014309238,0.189640851521214,0.108224636691296,0.111604287765722,-0.158474536491969,-0.300414332017062,-0.315553109973757,-0.205106540927374,0.455601269705613,-0.117692206989044,0.0667205384249154,0.457597345848162,0.182505402690095,0.299754146191275,0.359805561162325,-0.0709703663942226,-0.0600677983171503,-0.105993873914762,-0.325661999843486,-0.297194320510089,-0.203197625798735,-0.160143464391545,-0.285863593364265,-0.327045737336697,0.158509169518809,-0.0990191318305459,-0.1774260681416,0.465926716312397,0.429722482560972,0.081274472215658,-0.408733025503789,-0.242704977487013,-0.30752744654009,-0.346283969203264,-0.301742164494154,-0.255581479515561,0.0729118815600749,-0.39525527822058,-0.122179126943233,-0.273122456520721,0.239114966316518,0.0537745465722445,-0.187824238434992,-0.200434702408936,0.0798785774758589,0.354684791641008,-0.0857221257796569,-0.220281407570695,-0.0106563940584,0.171935460842939,-0.00240798740379739,0.261833729562905,-0.0610240087045749,0.157993783078499,-0.00897989919001877,-0.0917953511464821,-0.151622990994008,-0.155675368315807,0.204761741508814,0.407771855867752,-0.0247184940880062,0.242728695950812,0.156112983730142,-0.0126821013444504,-0.306276574945048,-0.288192956730118,0.447245844099521,-0.356126574624921,-0.282704200319186,-0.246379612186365,0.00738948645241279,0.209352771928507,0.151752475598659,0.377296315190256,0.090857595988953,-0.154897353195685,-0.196877276266605,-0.0744670975647561,-0.15742893010248,0.103019684682387,-0.186572594771512,-0.13658009711908,0.0908131115294122,0.0697423824177829,-0.193079641039371,-0.0683726457505498,0.277928672333062,0.401945196012058,-0.195839248825118,-0.313061647131435,-0.235632698769044,0.537153361802455,-0.199810609146098,0.170467061438183,-0.273885609839634,-0.197601453791589,-0.122447551430724,-0.055371282464065,0.0570116929582208,-0.0283545119984691,-0.241797496823054,-0.111578686058813
"从祖父-从孙子",-0.0852407438212046,-0.226639558838243,-0.0225830855226912,-0.217041909629127,0.119044646186275,-0.0954593837760634,-0.191016784252695,-0.148615461135353,-0.21722149830986,0.000319135065980524,-0.253075456179972,-0.300278611104028,-0.326650938488624,-0.310031695261366,-0.0730262136302554,-0.228321559179057,0.500043325128059,1,0.0742089358377576,0.00372485377806724,-0.0105740584665528,-0.289751499232054,-0.294756647401969,0.262509193931369,0.122500932506483,0.0326368878854229,-0.0890806885903987,-0.334743133741551,0.462283785685433,0.222770426797097,-0.300513988969126,0.241613573815281,-0.0468025926660258,0.30399221045083,0.0574956637282873,-0.284380565826959,-0.32335252036611,0.00266271234837113,-0.061434738881343,0.0448468588787245,0.138440309871063,0.323659291848834,-0.210822330126515,-0.197071219459966,0.136715636979111,-0.000665043180461299,-0.318180227842487,-0.0464153101438882,-0.015165494916185,0.361426954914247,0.0273623715292319,0.33369193702938,0.407425435844123,0.253000732748731,0.424585095755847,0.214122642719895,0.0153936375883914,-0.0659099242185303,-0.065971911762263,-0.136776097903812,-0.0740119320860404,-0.146647739639739,-0.280676232691723,-0.280643488004747,-0.189664906324544,-0.0122398869546924,-0.270882430866379,-0.173680444485003,0.0882692789063512,0.362405270287881,0.1656842716901,-0.122334233812685,-0.143399739369449,-0.0146176834568274,-0.1147030356199,0.0123922905526313,0.00726207549667948,-0.142772373837163,-0.251227212368485,-0.103630147740976,-0.539100222621771,0.322297662919541,0.043228252006332,0.0231258170012075,0.0167245307913887,0.337461593020357,0.0749022075757621,0.195929091244337,-0.316507806879116,0.24467737570476,0.219331598259958,-0.140382189058293,0.112525885877754,-0.0635409427380152,0.202225122437503,0.0415910673569183,-0.0789133849948439,0.0301848666082991,-0.0924313625597548,-0.237050650902163,0.162849986305139,0.0242301445329168,0.144471915603653,-0.161815925014323,-0.170711670675388,-0.0394726604925164,-0.00286118514410132,0.29211241555126,-0.137599872630539,0.00629666297651278,-0.378256745837482,-0.11518738106789,0.296632751728256,0.219011560670986,0.188761224788002,-0.284128534432894,0.0148209868124751,-0.0139182467033128,-0.00989739942236532,0.0517791638858033,0.14074927971321,-0.286899336273604,-0.17025410455961,0.0171260714710789,-0.128465124629872,-0.30139957184022,-0.0485839859682212,-0.0764379813576434,-0.0651985255458274,-0.0748194701694836,-0.0718309047985713,-0.0521427010285663,0.455893902323696,-0.344399154253088,-0.152293920460533,-0.0142847573603027,-0.284335464126795,-0.255289818809951,0.0100041202692332,0.167849815372731,0.221862251622181,0.00816256238276567,-0.215593251738987
"从祖姑-从侄孙",0.309209317221277,-0.263880135939609,-0.12701399759336,-0.4413238667375,-0.620177786007657,-0.34965088364757,0.106545551504836,-0.061701204584124,-0.115905023222765,0.0716109738723354,-0.143548571715967,-0.0768068766089508,-0.379241322935457,0.147212776180632,0.0834615143107894,-0.311697218787451,-0.297061048864214,0.0742089358377576,1,0.359680948227805,0.0594103154724558,-0.133664441671959,-0.401578719248353,0.0605911760218456,0.528585231649202,0.212750216754362,-0.362376762019476,-0.445549422505372,-0.298920967136109,-0.296069035287922,-0.129046213609666,0.316928556405642,-0.0152319977551953,-0.113965998628776,0.712919067477925,-0.0195802721635104,0.122296743647123,-0.215716822153936,-0.0559513527871069,-0.403517872033025,-0.494622888918906,-0.391515510460904,-0.34146310400222,-0.296431945766582,-0.140713735874553,-0.0343881145560734,0.191651001782965,0.414229095270434,0.399002018273534,-0.180258423349591,0.210007035730044,0.103712062290378,-0.173316330997965,-0.26280300778014,0.260159262368919,-0.312009306014257,-0.0924489925670058,0.0315657448383149,0.270174078694775,0.13861607492679,0.451322717909133,0.0746493595816268,-0.258988072977671,0.127884840179819,0.421961147924912,-0.378151001907612,-0.0382024953081483,0.169361476876076,-0.474469184583433,-0.219235676090197,-0.105411030291197,0.369022246709169,0.0873848372046229,0.290705190733235,0.465150786761915,0.396844044627345,0.389715865028093,-0.0898132119316778,0.112769077020402,0.342281448385115,0.0217209915305062,-0.325023851997304,0.315140342251035,0.413265826694065,0.300871533689512,0.161848224014544,-0.414252090695291,0.120643074446283,-0.275520197580178,0.455522731053853,0.109216259923591,0.0256722270562428,-0.410567836388917,-0.0514211983085336,-0.25835166862547,0.100026466363377,0.0245383645155656,0.465138737900825,0.323264323287978,-0.326816162492897,-0.569565519940809,0.266556666129733,-0.428188015681226,-0.381913595298006,0.250706064010096,0.386975211127445,0.426595603906642,-0.406962508797994,0.138675252325589,0.285657447892629,-0.0769555898121161,-0.249187903937832,-0.367471777424137,-0.148004684125863,-0.491443997391917,-0.531495506335205,-0.027480399277811,0.278275294192473,0.126334971112912,0.422700202873857,-0.109778752038225,0.300814732608042,0.0157918494676063,-0.092867349399588,-0.197612967323844,0.235484386446041,0.0783804681919743,-0.456641186439953,-0.647867628586163,0.63384614781709,0.412113974669475,0.48459858724162,-0.180599853702229,-0.126598222888115,0.0403318102693856,0.13248703153322,0.0321386745653074,-0.251909645906169,0.176733967021176,-0.12902866546601,0.42592535160417,0.334851624759566,-0.191241029454382
"从祖母-从孙女",0.0667052467593248,-0.376437990723652,-0.200950923117413,-0.513523452766538,-0.446147406184076,-0.19713698953902,-0.271369653123902,-0.294445396516397,-0.476719947627263,-0.286347492510154,-0.274527002927238,-0.332284889418236,-0.488952019181232,-0.110269826030968,-0.0523526188931284,-0.492215607817979,-0.141276019344162,0.00372485377806724,0.359680948227805,1,-0.107249613401726,-0.185895649331182,-0.470204659674055,-0.0604126252762232,0.284835518211975,0.303288398739093,-0.408635946032909,-0.440233785718244,-0.282203070239452,-0.304871029824555,-0.355336705440664,0.444152077557864,-0.2798900724078,-0.153041649204631,0.415956534894244,-0.0583063796464706,-0.0884837350227217,-0.060399796378546,0.0293676999726551,-0.237081544255037,-0.451909459022484,-0.290390081550886,-0.349007127393932,-0.528986116482794,0.220794506782846,0.188736698864258,0.0503785963421227,0.788376381775225,-0.0699490117655613,-0.126866520564,0.826985611111456,-0.222756720242926,-0.223637982019509,-0.0415448504994937,0.257691595400655,-0.266094957020243,-0.435977412314948,-0.215740968229282,0.0402775782657053,0.684674753023545,0.825933854138366,0.697188254037228,-0.4830011301536,-0.079321308557985,0.157202888482405,-0.382275936129989,-0.264834963837646,-0.245234210700097,-0.363101375632749,-0.119810741860165,0.208871172103506,0.08577069363151,-0.301405251313422,0.83088349094219,0.188500013317045,0.872118358183575,0.905799881417557,-0.222402857228431,-0.228136066695224,0.316157619182328,-0.0463928868340496,-0.298572398320194,0.187668480940191,0.184094811209173,0.888377639023425,-0.0191018738169221,-0.324581925609318,-0.0393782247065127,-0.460458205612193,0.217906795440573,-0.112052682481766,-0.117724856387602,-0.325690028410012,-0.287625241607033,-0.0568150115346615,-0.206680383731397,-0.193609598019156,0.293216261688378,-0.0429527710289854,-0.47514004954379,-0.336823877469031,-0.0856366943326186,-0.169368197128635,-0.543935257674515,0.131490454086477,0.842187314414059,0.860087731691424,-0.418370907460284,0.665708293024211,0.806750760396812,-0.310464098771081,-0.494312427888749,-0.280812284009613,-0.159135053106044,-0.234384097507587,-0.459511734089917,0.17605594129806,0.869557582807479,-0.00836482185658692,0.914829820953026,0.188755921972489,0.120934198135442,-0.309721626231185,-0.232482244353944,-0.396679820294695,0.0425283440168844,-0.312445629908497,-0.232122132792206,-0.304153518881799,0.264165852291082,0.806914822006262,0.808887663825385,-0.258475491913473,-0.343783438602345,-0.0143999688675548,-0.0789019695810936,-0.223791024230617,-0.517847505781308,-0.191728841018751,-0.165589417730238,0.374902344718066,0.879489434812051,-0.427751945245635
"从祖母-从孙子",-0.108754364209524,0.210902289405203,-0.148834893769047,0.0983444232135393,0.0299941348453416,-0.154972540531568,0.0904480285020286,0.201501619322834,0.0457457574796664,-0.207992320852582,-0.034510078454364,0.145089252764291,-0.257422805625393,-0.0473857195839648,-0.344102776807564,-0.0259475751397216,-0.00553544445348768,-0.0105740584665528,0.0594103154724558,-0.107249613401726,1,-0.01190135778458,0.00646135911014513,0.0939896110036455,0.105761752317226,-0.265446739755161,-0.0638825244917752,-0.0387122444885008,-0.0878144259295714,-0.0144002123958426,-0.0927201668848554,-0.16316914074969,0.281022137987215,-0.0544726220434089,0.0113209772618073,-0.0703754422609548,-0.134853133276411,-0.132353658457237,-0.325099519247864,0.015929645417395,0.0515119577522639,0.129798409885611,-0.064663664500166,0.0563586328723229,-0.110096048234119,0.0051037661276,0.0348414545374734,-0.157200572042594,0.152756464509673,0.155578416347321,-0.134495782960734,0.339167303784926,0.0088172075852907,-0.0895881273498637,-0.0588948766234152,0.046730214440946,-0.00793335732143876,0.197661941425342,0.455435878844814,-0.220883282567361,-0.200838282959859,-0.178361185607887,-0.0612845571813411,-0.203608821624521,0.149896564743459,-0.035764519909598,0.0394706216619123,-0.205906835165736,0.156527923302556,-0.176434779439423,-0.11606644546024,0.00982273763056004,-0.077998070061173,-0.205700377824076,-0.220693218711412,-0.205632709128066,-0.180236216371013,-0.100926334602243,-0.124686401698356,-0.369407872185882,-0.271646567242277,-0.114988350400365,0.261497357012278,0.172865283590297,-0.169541865482188,0.066676739781338,0.273394240675892,-0.14984465359876,-0.0615793870850707,0.271306482787248,0.282883334757921,0.0279084325081467,0.30253633210884,0.368651694090497,-0.0770138338246526,0.304405308664281,-0.0459275114678184,0.113558202521888,0.349072130962008,0.0643476280662157,-0.0543077909805072,0.119054410418735,-0.0515041395771599,0.0169694289259335,-0.354718163159913,-0.256167392833953,-0.199250499209063,-0.0215103449312037,-0.197020133103024,-0.127225118697098,-0.00326572617721937,0.168166722066499,-0.197741798622719,0.174984795667011,0.14553062493104,-0.131151270921151,0.00377751917658533,-0.206453022405953,-0.159143673450768,-0.150468536541261,-0.100320136559276,0.158450718124565,-0.0393205494911766,0.278174523448035,0.233654192829431,0.0560640470659484,0.181924961308539,-0.14744230226536,-0.0330796892362844,0.355959361598445,-0.225221098509624,-0.203140631221916,0.113472176884318,0.136877083385772,-0.0162386422646686,0.0526232819708316,0.0139216648196263,0.0153286397805729,0.295969805204814,0.00480566988488718,-0.0961829667725166,-0.199774639439285,-0.0092995734063946
"兄-弟",0.00439624167033437,0.229984593035264,0.189363428540714,0.228334442232397,-0.0808355314165048,0.248503740357848,0.232318058199659,0.232895343692507,0.307039000655868,-0.0905876616058792,0.207211826346435,0.186746251401266,0.27981939374155,0.198301627628906,0.1836758058949,-0.033890867901866,-0.087216634011624,-0.289751499232054,-0.133664441671959,-0.185895649331182,-0.01190135778458,1,0.580678572432679,-0.275676263230106,0.183160538266206,0.258831603472619,0.393034047935406,0.532696692133023,-0.0242395811976991,0.0094362648803394,0.435857941596034,-0.0936352978407534,0.152624997371919,-0.131347188784128,-0.104846274436934,0.262138732357585,0.251199021107415,0.0658819035288401,0.0240215703403814,0.138748064718696,-0.0796344156752543,-0.328147486293865,0.150988571409401,0.0989084440135436,-0.297777075413097,-0.296657165131344,0.270050753317911,-0.0286250067428636,0.0696699034160725,-0.103762663304162,-0.0786550983280365,0.0124622330144182,-0.310022112380456,-0.361325254598146,-0.269073245853145,-0.182671098076468,-0.13456877741713,0.112908635778318,0.156847915175635,0.136198442610186,-0.0959251050252227,0.074597134190922,0.354634881985018,0.404022227061965,0.143679760287661,0.398599789926325,0.127576974977324,0.158177210179026,0.136819113273567,-0.060567277623083,-0.378780634801193,0.0021499645670879,0.149116831600639,-0.120991830590137,-0.0333970318162445,-0.152562557496056,-0.22256718464568,0.33291777458451,0.243212647726692,0.0795769451141586,0.338271223077813,-0.258340301457145,-0.000692186314071382,-0.0436207103112342,-0.17234669322603,-0.219765116264405,0.146331029071717,-0.154401064760099,0.244506381188212,-0.107168343036477,0.035927310239381,0.224920222249984,0.0629013332588063,0.277694185572414,-0.439875195576216,-0.0906426475613141,-0.124290186817297,0.00704563997038985,0.111486879103884,0.262895871025781,-0.0105693182956916,0.0961283315767962,-0.191524275539854,0.104132967790059,0.202403413914854,-0.16794255818686,-0.222101002482696,-0.230461971405254,0.0173920670473416,-0.128075984552405,0.329971415905504,0.26112722272666,-0.064404415716321,-0.425273034714687,-0.276141783463199,0.391315323233017,-0.294298495534326,-0.134651196262538,0.0228784618939173,-0.274010724995899,-0.385500976392536,0.0879256607865841,0.18360755577756,0.204372893545182,-0.109247415983554,0.0739816602084231,0.168721634379386,0.393176513765754,0.149877971605588,-0.0576909999856038,-0.172016809710976,-0.173848483928925,-0.223789723571881,0.0453008888664017,0.314134008479693,-0.007223406443423,0.508531317870372,0.165041991231305,0.132493474137639,-0.436556929714296,-0.261112661244023,-0.224613940004976,0.0714458046310054
"同父异母兄-同父异母弟",-0.0990849462704379,0.40254757894542,0.332344172797573,0.53714239177142,0.262310713411398,0.375542896294462,0.16190697890893,0.159824593067007,0.337079442860402,-0.0324352938134249,0.233172203041428,0.133522848537618,0.568554268414295,0.169222508698933,0.16654165156354,0.351142591542922,0.0792672887755486,-0.294756647401969,-0.401578719248353,-0.470204659674055,0.00646135911014513,0.580678572432679,1,-0.334591564832119,-0.0762274041548756,-0.027651391404048,0.592777861816403,0.754561078051219,0.13490272514982,0.194728382410055,0.359626417344231,-0.295304593287437,0.179339511898826,-0.102174456443968,-0.376009198711219,0.243102897815001,0.185355835032049,0.150297599908282,0.0357537240559928,0.144356900117021,0.314280466649292,-0.117782217194325,0.332450043617863,0.428357665002699,-0.241998101566569,-0.324930628855076,0.0502612767095157,-0.439426786543288,-0.19498720368388,-0.0940598633383101,-0.368829596480476,0.0216643225990923,-0.1621531253719,-0.114488867259091,-0.365264681129567,-0.00905780002629846,-4.24636457942119e-05,0.0818286126404301,-0.0032728311895734,-0.177603663937425,-0.428535451176918,-0.187673187480624,0.553769159674395,0.194877306255642,-0.20934006887238,0.530988372428196,0.132544897028,0.197705065032579,0.423461761676841,0.0291108470399298,-0.324101101617676,-0.182074431724522,0.133456355738288,-0.43361345771322,-0.240427068688339,-0.455028750087885,-0.493385355492521,0.318882778890685,0.159000302450914,-0.124033088745477,0.317608953028098,-0.0386104489782324,-0.24779197395346,-0.202874985902868,-0.436723093505917,-0.221846908416246,0.329359163484902,-0.193365667710506,0.401011924411398,-0.239656303405575,0.00814576273982611,0.222441883081088,0.186708928412309,0.352120105904101,-0.218537398131741,-0.056846817892367,-0.0173113602683095,-0.265200496566638,-0.127283070765989,0.567540326785203,0.249523657453634,0.107172544110977,0.127151115878306,0.406645566618052,0.0744056419667973,-0.438374932497024,-0.467759870812768,0.163779197185069,-0.255685527104266,-0.372251254252084,0.460747196882752,0.454254717736735,0.0759764689918706,-0.216056818825779,0.0775712384619353,0.714735992579398,-0.325088540591762,-0.375773192967369,-0.104155062881316,-0.510707411983071,-0.320148938515925,-0.10161277726636,0.219941723725261,0.291289091131683,0.172952068998031,-0.115473468166338,0.21454897224479,0.403698748070482,0.392119822349197,-0.306469970058715,-0.43912943908286,-0.448133607088594,-0.0342127303234661,0.243799498228827,0.220720898450385,-0.143034338688378,0.353110190588198,0.436016902602846,-0.0374464281797878,-0.187740234296527,-0.52615935970491,-0.458653763007784,0.310601845104661
"母亲-亲生子女",-0.129452441671293,-0.227289160477856,-0.231485479853631,-0.163323231261289,0.0341326560369746,-0.275774059109331,-0.138764079843039,-0.0612065096012821,-0.11785210621199,0.00336851058597907,-0.19348100590483,-0.0958299864328671,-0.19530297770518,-0.174334543567195,-0.01589585825969,-0.000440442377044874,0.0399768335848647,0.262509193931369,0.0605911760218456,-0.0604126252762232,0.0939896110036455,-0.275676263230106,-0.334591564832119,1,-0.141810541029166,-0.102141367090041,-0.194779573990679,-0.248077645426545,0.0563767853088847,0.106804807006809,-0.173177067165017,0.0661815779362545,-0.123036854151259,0.273092951062483,-0.00215441424433253,-0.0901778543068507,-0.169662268362812,-0.0163943992768248,-0.123988975204024,0.049964168715053,0.0363164350339976,0.349335209580951,-0.127368858939225,-0.161140153010738,0.00596090501441089,0.224126210691767,-0.190527658930239,-0.0596801776492195,0.0281360516591887,0.170365741921928,-0.0540409428127742,0.0583487585248011,0.221467920552521,0.131296944135588,0.107914417303442,0.171137459804954,0.0303426399891523,-0.0904078306072498,0.00488948640895401,-0.140861124705051,-0.0609389796468915,-0.154598134445043,-0.17465732326988,-0.287631221612564,-0.0151942171963425,-0.232694410374527,-0.169104471796194,-0.181526622400947,0.00502839678214812,0.0880869368438329,0.0567243918496375,-0.0626776549665808,-0.140140097915971,-0.038666562892417,-0.0298463156837805,-0.0348624510875095,-0.0505965310167326,-0.03602015020543,-0.138819600259137,-0.0559935862631866,-0.342933880109085,0.256087071804311,-0.0351045363669623,-0.000919707606647076,-0.0436968220390734,0.331704154177129,0.0331620612298294,0.381932347936503,-0.15787247429013,0.0286069187585114,-0.0189496926661639,-0.273376777462526,0.148359174876402,-0.0682721383701475,0.222643782368398,0.000662665991745523,-0.0499583463935906,-0.133604087822374,-0.0697660874645315,-0.127245953675756,0.0268817382521962,-0.00810469696964652,0.0140912211934367,-0.0884031228021259,-0.242330018317908,-0.0446021164987488,-0.0380017055857173,0.186181433453376,-0.110555636640199,-0.0765681954527556,-0.257799361698503,-0.117487173272384,0.183484468823322,0.341286002934525,0.24601808342033,-0.277002301841665,0.244927337398786,-0.0893576152090061,-0.102621693599295,-0.00585120435628253,0.0639207238903255,-0.161761226077811,-0.160846263862645,-0.0858556351064031,0.00140358996358496,-0.0631437540278457,-0.136790904121986,-0.0673539666728169,-0.203583007981361,0.0625823868590613,-0.0187955464229947,-0.0539464532340021,0.165394688693296,0.0262975770356992,-0.159754779421956,0.0653590515003971,-0.239439197278837,-0.000967305837600392,0.294502203919696,0.293457188765509,0.337134103068205,-0.0474011190690518,-0.0369355201014478
"母亲-非亲生子女",0.0685764286766967,-0.159103863445447,-0.120063768817102,-0.34699605884234,-0.459628120788172,-0.178967301444342,0.21053157902895,0.123162135525014,0.03690758579562,-0.184140047596092,-0.0887824394878978,-0.0436135630607594,-0.250760028369947,0.254396542901508,-0.00419977508705844,-0.327562412777838,-0.111588114723681,0.122500932506483,0.528585231649202,0.284835518211975,0.105761752317226,0.183160538266206,-0.0762274041548756,-0.141810541029166,1,0.222509442622761,-0.149489524332055,-0.101931770269044,-0.114476910755663,-0.195220225004364,-0.0254477302781479,0.288667771270121,0.264556734233604,-0.0510124598757164,0.567751547939019,-0.0393974276619452,0.154733533317378,-0.074449918804053,-0.1340990119906,-0.288789362833244,-0.418536405170462,-0.385043140008537,-0.383870354865873,-0.276558590301238,-0.236341667332753,-0.180839821611894,0.138155727707354,0.377095674753314,0.172462096213426,-0.0980284705710714,0.196889436213909,0.499810690912522,-0.183137006491539,-0.35440169422676,0.303689522301246,-0.281199718895977,-0.19910358949475,0.0852107800828366,0.303975719507371,0.14625889133354,0.251153167548897,0.106817648606485,-0.104526081794445,0.141866772685153,0.377292129661704,-0.194335426538421,-0.126545873403432,0.0402660899605676,-0.209696442208045,-0.122636916318597,-0.247248834788873,0.234255881716135,0.110893713610743,0.177124250633772,0.153307836509882,0.24452354107937,0.214025633358965,-0.164807970784825,-0.0170130004672544,0.153144634817127,0.0305726900785001,-0.246362077379858,0.445623984027752,0.269960133030671,0.20235642032245,0.119077117076818,-0.171918620764754,0.0293531306732169,-0.210030414536953,0.672567564612286,0.538958620985131,0.046795127457332,-0.154415119399524,0.43144150417585,-0.431844368152932,0.205301700597391,-0.162398241641487,0.341172682989358,0.214162305514767,-0.289068060538664,-0.356232723777372,0.492815478634545,-0.391277449280065,-0.328375827667463,0.100303898638094,0.206305656267144,0.192630179065254,-0.356340701819533,0.105128809434276,0.20718677606704,0.12817653056525,-0.0660845138224886,-0.347808485569912,-0.309384488205563,-0.391595989235377,-0.308383386840769,-0.17216283499679,0.197060695641577,0.0228093004421105,0.235837434116972,-0.272992657162665,0.280990477128394,0.0278174171832791,0.190073492303533,-0.191638027193841,-0.0159579835998668,0.222098466734173,-0.175574911554673,-0.380032214277556,0.437506285095962,0.148300152283643,0.218683061119487,-0.251028037983771,-0.272571592483796,-0.00882711926613836,-0.110289625033549,0.14266817670051,-0.207757922198339,0.210285927022571,-0.273496801766356,0.212254554424216,0.190965078713031,-0.169673846308441
"同父异母兄-同父异母弟",0.301965631423946,-0.208318131837479,0.190928560117104,-0.267126592070181,-0.277410241051769,0.0772625996172233,-0.109074927107672,-0.0915119715190189,-0.14745642787024,-0.0906003115965427,-0.0615754650412928,-0.213490816855478,-0.0720635873787153,0.220044107763132,0.476240326287405,-0.316650843191962,-0.0538922128914248,0.0326368878854229,0.212750216754362,0.303288398739093,-0.265446739755161,0.258831603472619,-0.027651391404048,-0.102141367090041,0.222509442622761,1,0.0741631282224684,-0.05984480978967,-0.016318640793481,-0.0500825642737738,0.0387688357165831,0.566602846322114,-0.240529875372213,-0.0256648676642065,0.279486014950834,0.233707344627744,0.290183608098281,0.289544514985875,0.425684659698488,0.134898358025089,-0.387096229164687,-0.406467125650464,0.0286229000061193,-0.36692367859544,-0.28133974360336,-0.159467085302786,0.337068036132167,0.249452166528543,0.0824177232070768,-0.0152017365227771,0.269629679520245,-0.188839858534564,-0.21760016357724,-0.206739069634399,0.125289913419246,-0.222320149753964,-0.390748964367569,-0.257939921130039,-0.129431091853966,0.273777844807688,0.321653085183765,0.22319079767994,-0.145514745544916,0.394501715859265,0.146040355946461,0.0367533417218433,0.0690164856634562,0.0546057212000379,-0.282514195657346,0.0740307703978147,-0.266087547517332,0.0761501650058531,-0.148435726730445,0.319558447292791,0.511554123385886,0.369318348515088,0.332537707140312,0.214244583049836,0.0954592268278553,0.701810424346982,0.307312310707977,-0.288780488548887,0.0426532680537208,0.00665922169076429,0.346534119350824,0.166425862473402,-0.323570697493429,0.0121345121282163,-0.0308670756916939,0.0160370829930221,-0.156865054990182,0.136238421313002,-0.297139187465216,-0.203835273271826,-0.32725072850295,-0.288303684311997,-0.123666100313245,0.12915957749816,0.000237320850282316,-0.193631051162611,-0.210104299150008,0.0119801636084075,-0.301571526470106,-0.38169900848598,0.565192604803485,0.379684110678647,0.359300948743691,-0.295160681093001,0.272581092302632,0.284357846118066,-0.244367691611828,-0.23964604805038,-0.0749789828689373,-0.49828377818417,-0.497154419441937,-0.0821342271610926,-0.160851118641107,0.327613428275632,0.431357409401933,0.319789804478452,-0.27500450355165,-0.00740152954288855,0.110689175718578,-0.26063894544799,-0.464391846330384,0.155718953024655,-0.235638170483396,0.204160799268637,-0.147529155557067,0.0301062142713008,0.327720823076877,0.297062031625888,-0.171617444551255,-0.189017162231764,0.433959686764572,0.0686038785620693,0.166521511026158,-0.245547485850631,-0.0752485622938225,-0.298952886705922,0.286415015862683,0.367991867589679,-0.0724936635055762
"同父异母兄-同父异母妹",-0.0102874282885776,0.327095475107112,0.547719369359894,0.661448499650464,0.354737133584723,0.4870428335829,-0.00207947270300042,0.119452490977252,0.182492440274108,0.200177834532546,0.353610820472906,0.0140670657508166,0.478818787458514,0.220561028631094,0.252823483328173,0.380211131418991,0.180653393955007,-0.0890806885903987,-0.362376762019476,-0.408635946032909,-0.0638825244917752,0.393034047935406,0.592777861816403,-0.194779573990679,-0.149489524332055,0.0741631282224684,1,0.464062079792784,0.175968501826504,0.120285539968793,0.194179559277469,-0.217881267314182,-0.0470944005113915,-0.144204616456661,-0.235935568389327,0.318808002419467,0.0542553168123828,0.276220682434346,0.257348122353925,0.151105171666865,0.205030568367177,-0.0674681974979847,0.575652420195678,0.424897432473623,-0.246787839855587,-0.259185374906942,0.0714166634034177,-0.453346196690746,-0.245963842554642,-0.0277290079771431,-0.39108411511163,0.0282239137013693,-0.0405914528507018,-0.0944685699526855,-0.211841229863055,0.0656880187916228,0.00999106851056109,0.0134580892119612,-0.228020536311522,-0.323232934072444,-0.411553713349734,-0.278348116053623,0.219453474057007,0.133103494719968,-0.240757302978201,0.655299780877788,0.301947266299229,0.311666304581115,0.240885842581681,0.132254111280104,-0.266488608509914,-0.277397395902813,0.107877571814213,-0.446395770729292,-0.0506533170442738,-0.411659045511159,-0.412495331997782,0.442907669881315,0.131370872194441,-0.00819264410006757,0.191326811449363,-0.0397403519792094,-0.0727605791329462,-0.238710919563513,-0.452788418658154,-0.282964446277683,0.116501098187263,-0.235093060867636,0.253777079067641,-0.136255041101345,-0.0555977762359796,0.270362953516344,0.118201486369516,0.0230603844017507,-0.16179065248078,-0.0674074459693204,0.0597759984597432,-0.195757797799284,-0.16585351701164,0.536728120609741,0.40027687095204,-0.174999012486456,0.0617133828597905,0.467932205423184,0.2307140986434,-0.425483656826297,-0.416837740500346,0.177001081581446,-0.354452263432021,-0.415629986748676,0.0848907708917935,0.460378613365874,0.163945087809347,-0.152508129655736,0.0582957338660796,0.505415840808129,-0.255176192342281,-0.437724168928605,0.13160692266774,-0.462746769736391,-0.266684254129145,-0.0742771448786324,0.331159521883999,0.114266954785846,0.130881291673034,-0.0454886040286933,0.0754597854868241,0.265503074095676,0.309688833123505,-0.367131259930451,-0.402806716184897,-0.40349145207688,0.119724355594237,0.148259245938099,0.330120341594267,-0.0216206829080408,0.267534785130553,0.33156311826629,-0.186474247625758,-0.156300412600152,-0.512242437728924,-0.419055788884105,0.427134521949053
"同父异母子女-同父异母子女",-0.164071008360815,0.28344641689539,0.218461642983165,0.392054430491175,0.24811703906996,0.309184842713386,0.216328203367729,0.21558248871766,0.437772187208501,-0.0989805429106127,0.260175243146119,0.220180050152973,0.587756773710866,0.14290317191702,0.201881640872171,0.285034443948998,-0.00769158059998355,-0.334743133741551,-0.445549422505372,-0.440233785718244,-0.0387122444885008,0.532696692133023,0.754561078051219,-0.248077645426545,-0.101931770269044,-0.05984480978967,0.464062079792784,1,0.188867291740774,0.384939284205923,0.276659556608572,-0.262648221710302,0.234894079535471,0.0472260732583142,-0.410765852841397,0.122983037909159,0.162838494173414,0.0655903359445885,0.0381916287297343,0.109328491947187,0.298793774969574,-0.102573291733096,0.35056205414131,0.324173671008054,-0.20099222611147,-0.267219962129483,-0.0755809362616631,-0.358695162995537,-0.141922624924131,-0.023938223920617,-0.32267211988729,-0.0185853637730199,-0.121015793893155,-0.0777818615823871,-0.353459965261937,0.0946333263305817,0.176399438017721,0.157601354231197,-0.0840078710774185,-0.102693014046108,-0.413812805332688,-0.144268249634946,0.494332732194088,0.118306933127831,-0.202926441603005,0.432316209812672,0.198342391329883,0.0889034363284523,0.399678041743622,0.0237873574685546,-0.317813935271085,-0.258550757687813,0.184014589974318,-0.372812673077618,-0.262037027910902,-0.433924437132209,-0.482680494164284,0.17193555512598,0.0898835441466549,-0.122684433041861,0.383127984733514,0.052943821479182,-0.191099595253288,-0.234486363092171,-0.425819569666985,-0.176480527122577,0.318826086873232,-0.0515822234202095,0.413724956616339,-0.320969225724659,-0.0545624983927449,0.113322398746751,0.273123562619027,0.405060670892923,-0.164402548001309,0.0413707526775215,-0.0937008371580368,-0.333593480728303,-0.222042817969493,0.350670142784994,0.188090549446631,0.121169963010386,0.146076656228651,0.430946527522018,0.0255365987876897,-0.39831034215753,-0.464088035594786,0.149509385403394,-0.175749578347664,-0.381001701835559,0.538871012684622,0.383507616048917,0.121461730669845,-0.260210753453676,0.0438324044718763,0.759795061437281,-0.265219477208691,-0.327600479084761,-0.157025198310592,-0.484468006088467,-0.30779876490301,-0.102303269547005,0.160108832790686,0.26263722067702,0.145890681213483,-0.152345973669459,0.0410838074285228,0.406770973920753,0.382271811518381,-0.326088831421649,-0.419493047321843,-0.438838229594653,-0.0852865572798908,0.132978083014888,0.102681740525612,-0.155320437752901,0.220520513498106,0.346693297850267,0.0733663448413616,-0.164452147989792,-0.432491110609318,-0.455455412688942,0.302409834067832
"同父异母姐-同父异母弟",-0.21301069665029,-0.0890451044847122,0.280381389022927,0.051726655581076,0.450416224039999,0.233546475507954,-0.169978024909028,-0.222872074276401,-0.0768691460945467,-0.00920884531197362,-0.119118351470089,-0.186221761783633,0.114574669051325,-0.44691985047181,0.0383607624928035,-0.0443855113895049,0.631096684941514,0.462283785685433,-0.298920967136109,-0.282203070239452,-0.0878144259295714,-0.0242395811976991,0.13490272514982,0.0563767853088847,-0.114476910755663,-0.016318640793481,0.175968501826504,0.188867291740774,1,0.554564574714163,-0.145128974404141,0.0755175218271015,0.232233615488284,0.374125925811604,-0.254353675332381,-0.199309751798814,-0.294230751309188,0.0176876156418472,-0.0679929279402406,0.248786649997921,0.471308266037619,0.356162634009616,0.154655614846627,0.0486010273610289,0.114968782997023,-0.0369213411376103,-0.38231864310862,-0.33621715682116,-0.0700879956470997,0.225559749426179,-0.158002564310178,0.112182153777185,0.55021483908095,0.345112867605619,0.184175753064149,0.429328529275097,0.126289545520439,-0.0110845746620578,-0.225665215253973,-0.280584311888216,-0.365208847759051,-0.278598155382964,-0.0168805475494361,-0.382386892222222,-0.366143073538849,0.157966090477958,-0.0998209175391448,-0.171267365577569,0.448728022526855,0.553987428175153,0.0977277134424362,-0.335069013735683,-0.162168096796249,-0.289068873319364,-0.408701292931581,-0.331190717068784,-0.328521548077917,0.0151408563550233,-0.279769147117084,-0.105565678021621,-0.175364961810424,0.314383339115947,-0.0736095887134512,-0.152267763926565,-0.268581163268817,0.161870608259283,0.277146689437654,0.186161115900547,-0.158922449440061,-0.129781494145796,0.098654073685022,-0.0963172767564047,0.289767100594156,0.0364614362380526,0.257890465945123,0.0782362135012192,-0.160972916210128,-0.287573629084777,-0.281359009644824,0.111452249157659,0.231037043129241,0.0112897361497969,0.322931228887919,0.137032956675001,0.00660842196250708,-0.353334815727563,-0.325518747293348,0.543323787995212,-0.366557116003872,-0.343378265245948,-0.0957398200186599,0.104755115230488,0.444382567817712,0.0535021665999542,0.299588645361297,0.229189317605271,-0.0313560290525018,-0.226814445765979,-0.17687268509064,-0.246800413598909,0.104127007171822,-0.448721402517164,-0.244420182147839,0.0325357729267436,-0.0303438935480386,-0.268431521829936,-0.0036614947572234,0.165601019946903,0.273348301447625,-0.30378616603768,-0.338330714809689,-0.335815757795935,0.538645706376489,-0.26792512756167,-0.0370143805798016,-0.20080314427655,-0.206334016894923,-0.165503099239754,-0.084811447376335,0.189169673381102,0.000123190722621591,-0.331656929527705,-0.0532286717094662
"同父异母姐-同父异母妹",-0.231038663458155,-0.0596471036113702,0.0939124051912138,0.0867240262793436,0.351393417329969,0.134117477960105,-0.0419495162183457,-0.0865641873762775,0.0259414711319488,-0.14654035667449,-0.052494369719017,-0.084624589242183,0.22715521674981,-0.262567956578168,0.17362725937227,0.0731072409614102,0.387707249111208,0.222770426797097,-0.296069035287922,-0.304871029824555,-0.0144002123958426,0.0094362648803394,0.194728382410055,0.106804807006809,-0.195220225004364,-0.0500825642737738,0.120285539968793,0.384939284205923,0.554564574714163,1,-0.0731475157526993,0.0626400509900861,0.0910024358331357,0.4038883836834,-0.356575362472649,-0.115470256946775,-0.169541462365468,0.131562955740808,-0.0093345692861618,0.228051733660039,0.468661617130582,0.314061279995873,0.214947997027579,0.0861940440046817,0.0468231882307493,-0.118218905763783,-0.313877483685825,-0.297727977452375,-0.201938622299854,0.437176601731669,-0.183080370529208,0.0745775985408584,0.370221267721301,0.251497730743366,0.0588475176564972,0.253072519674625,0.12363495809439,-0.0309605562776624,-0.142423511519998,-0.18796627424407,-0.375481957129246,-0.159794798796155,0.0615926941018796,-0.250186421457669,-0.247303305205827,0.0669461488438185,-0.109100325708361,-0.20362441743304,0.484760612172472,0.376666286862592,-0.0358257978375054,-0.277899706941897,-0.140574493241683,-0.307458312700842,-0.352272125301973,-0.31291694836108,-0.37305554008164,-0.0611099844378612,-0.28678273445837,-0.0460443415986973,-0.0425309061950442,0.371013622476416,-0.190384005494283,-0.182182980898217,-0.303792955701582,0.238347389937833,0.28577301248396,0.305988189510924,0.0302190697358318,-0.208467810881491,0.00905596364646806,-0.171015515358525,0.391173796722216,0.211563191479288,0.185111945378451,0.00738917576479739,-0.153840262603335,-0.381522443267747,-0.334725379000207,0.0479328751073982,0.22561162214238,0.0408667696192904,0.267517645572135,0.106942140382918,-0.0644460526972637,-0.310319959965406,-0.350944371339545,0.501711557715002,-0.226660005647451,-0.324782938792836,0.119794916795016,0.0847789300646413,0.359785489926856,-0.00186213244462104,0.299764469783058,0.319502806195902,-0.110014951985472,-0.256501974219041,-0.291158286428496,-0.307552090754166,-0.0452574609901056,-0.238579072395206,-0.0896619373324576,0.00851492553463765,-0.0200522520903272,-0.281277300510547,-0.137753364623736,0.288709488233336,0.298606575502037,-0.287157617890373,-0.330112629586364,-0.34762601459556,0.443359166058814,-0.158586491046332,-0.0445266124246079,-0.177619369224251,-0.229535831161989,0.00312194772605668,0.0628231670720374,0.138940026372879,0.0560825576933722,-0.3500740692813,-0.0189867732387151
"弟媳-伯",0.216592065758546,0.149237973332391,0.00664714588039779,0.17042844991933,0.0310328199500568,0.00388463850443922,0.172521092623021,0.229991622089925,0.420125082299085,0.170007769992539,0.0447019198012207,0.187705059460053,0.318834219809089,0.197036125041978,0.170732691754336,0.280529873193454,-0.229226487316985,-0.300513988969126,-0.129046213609666,-0.355336705440664,-0.0927201668848554,0.435857941596034,0.359626417344231,-0.173177067165017,-0.0254477302781479,0.0387688357165831,0.194179559277469,0.276659556608572,-0.145128974404141,-0.0731475157526993,1,-0.200616527218758,-0.00523851515549175,-0.154363943759111,-0.152533228356916,0.250796998549654,0.407979883392944,0.0249394656801468,-0.0357579607474128,0.225345958632102,-0.124704784258321,-0.0762359122741632,0.120566457268671,0.211446408047076,-0.194704353373181,-0.155818039272945,0.336371490324729,-0.225503695063516,-0.164252238997491,-0.25481321472896,-0.297822349278578,-0.00219489286574972,-0.248067210402569,-0.230462721029271,-0.324233192186006,-0.222282485793127,-0.0109212464426926,-0.172781829412619,-0.0201115404940624,-0.142629375812157,-0.231526080841923,-0.206339398443187,0.613558694643496,0.458680722057745,0.12749123904732,0.263255127631795,0.257994434514854,0.358839652936112,0.0376407263248532,-0.0313886117735547,-0.186337496902548,0.209946181175213,0.323071037380931,-0.250245976798848,0.040653553708594,-0.285143162003535,-0.301635042228938,0.289248191076762,0.38601252713863,0.00158385254293884,0.241873416766002,-0.026159019923499,-0.234039696655192,-0.0463825826780296,-0.300220171726777,-0.156886959018355,-0.0327762920141038,-0.0550594409713956,0.43397522282173,-0.145419156237348,0.0588341842609332,0.159126886568173,-0.0545612727401439,0.184920354303855,-0.180176575641534,-0.04530823975656,0.0913362243488822,-0.11573964047097,0.0949685513099351,0.22177483472773,0.0345008024995942,0.0544578866748207,-0.104195354665809,0.190262326172135,0.0354427810264335,-0.264795357634365,-0.268449747031931,-0.0371659748276765,-0.18842039008837,-0.225572305248264,0.247994254074097,0.226748520245797,0.136640190393113,-0.123061040939453,-0.0877388626326812,0.240300695326995,-0.132245535523966,-0.327134920106461,0.226265484455313,-0.349494136137858,-0.20789832264062,0.0593058480128824,0.261629815540751,-0.103659787990525,0.0635513145393501,0.181137417649551,0.267820440415519,0.304065479465232,0.213737518446517,-0.135043855414531,-0.261125112068501,-0.265519156101521,-0.203329446295789,0.295440941347787,0.0792268455473171,0.133280808246882,0.333336019888187,0.325733874756693,0.0848672108255809,-0.182710488657987,-0.211777346285083,-0.291462515196458,0.253655127438333
"夫-妻",0.0538786829467082,-0.534757182990161,-0.0823474509628327,-0.396881631540827,-0.242045422810643,-0.215458102928098,-0.219324383007442,-0.311028230789031,-0.297270950749656,-0.177770501691345,-0.264270930967338,-0.316449332499358,-0.174402954464092,0.0735299966923776,0.369347624330467,-0.34295805020916,0.0873792150551439,0.241613573815281,0.316928556405642,0.444152077557864,-0.16316914074969,-0.0936352978407534,-0.295304593287437,0.0661815779362545,0.288667771270121,0.566602846322114,-0.217881267314182,-0.262648221710302,0.0755175218271015,0.0626400509900861,-0.200616527218758,1,-0.221105011323541,0.07678143737789,0.414586249784723,0.191293081464436,0.228246059068385,0.184751212045517,0.299351109275948,0.0700263023293704,-0.193570021521839,-0.22870442158729,-0.198815664379052,-0.536789881429304,-0.0282028725390732,-0.0420562614083225,-0.0283511772147192,0.350652894042982,-0.0812935637538692,0.117524199522416,0.342954263718272,-0.146723840108535,-0.100128857845461,-0.089169000615516,0.400527996937486,-0.240269924050152,-0.363372765551216,-0.315243178765749,-0.0846689061222509,0.182045040728915,0.392504592171731,0.139396248288083,-0.357039823021234,0.0531835244191532,-0.0371100641745746,-0.250275747725401,-0.182849091622629,0.0129469129304499,-0.171823065971074,0.385169594439875,-0.0220838111921448,-0.0531373036765008,-0.189053998399392,0.408971375630296,0.26403782406193,0.394494602483069,0.43385790618593,-0.0075042723800765,-0.265027298526016,0.662248511848929,0.213420369702356,-0.0416841786224865,0.116930256329435,0.0563620194496375,0.487139258118576,0.358908220110209,-0.331564009530419,0.122158686400126,-0.287212063074354,0.231998223445738,-0.0915637740804748,-0.253271396527198,-0.150802262989488,-0.083547740893799,-0.173540970389716,-0.0828960255546435,-0.133596039412695,0.0916135602054327,-0.180007382478024,-0.332700050223967,-0.175297500418658,0.161297228804863,-0.230421611734087,-0.519667182303651,0.405794780655345,0.448914195531179,0.439170143232563,-0.00591731183867978,0.26117848224846,0.376410269353868,-0.29938548557804,-0.44562909330786,0.0404528400510397,-0.276979220768035,-0.316907021825997,-0.339641951527966,-0.0377822283118581,0.48381301996801,0.179243216232916,0.542130887310526,-0.0245492695310885,-0.0485334477793082,-0.229977512739217,-0.316275534837826,-0.496883386285987,0.126563950405581,-0.346328770125877,-0.0715118251595074,-0.283905809213377,0.237944021133173,0.380217146161912,0.431125706426659,0.131501087045465,-0.280629995805978,0.241607644937045,-0.248337119075221,-0.27184346157712,-0.464819862275052,-0.00306604070015315,-0.0498905939081715,0.473322527443817,0.474854375143384,-0.132290245113892
"夫-妻",-0.244017301704077,0.172902104494836,-0.0431203794738049,0.0554110441370844,0.0168019733326013,0.156682580037801,0.339413305167345,0.245438139332997,0.310463000047987,-0.25053974787274,0.0615283132407593,0.276762276878215,0.0491837918787023,-0.0212670306498733,-0.240771495641734,-0.0206996692083078,0.123942264228806,-0.0468025926660258,-0.0152319977551953,-0.2798900724078,0.281022137987215,0.152624997371919,0.179339511898826,-0.123036854151259,0.264556734233604,-0.240529875372213,-0.0470944005113915,0.234894079535471,0.232233615488284,0.0910024358331357,-0.00523851515549175,-0.221105011323541,1,0.213617435126318,-0.107625584271738,-0.196406528557417,-0.102308312848426,-0.047359673770527,-0.257803147799936,0.099077135990514,0.123478521056064,-0.039163240496134,-0.0610583394037651,0.176723942310322,-0.242208334351909,-0.197659894752374,-0.0860634173058457,-0.179119596375405,0.211386674907307,0.0352513551882301,-0.171011334378843,0.407805601331112,0.118842286992852,-0.132041703133683,-0.0813933167429598,0.260300885218818,0.288300383715546,0.502681016274558,0.31543368261621,-0.168562829691155,-0.289793021057729,-0.140885510626667,0.186515224066854,-0.030742189481682,0.205021745572959,0.0285811184501377,0.00843581257162504,-0.0869364953833129,0.235794477859096,-0.0241635167828669,-0.278397879736086,0.0355914449159385,0.133442615425111,-0.309894005766128,-0.281953005218167,-0.360593557990467,-0.371976588030091,-0.180897397765969,-0.0135818439891439,-0.35409667696536,-0.0131678759715916,-0.00139886480876382,0.153318564060351,0.0544992691882187,-0.306784996645786,0.0126996420572903,0.426269548254717,0.0276366471074025,0.0356574077912361,0.104573554029205,0.42805659257715,-0.0191518464539016,0.28854328978257,0.478469956722043,-0.216825087102781,0.374869847407175,-0.304980873630527,-0.115115125203069,0.213940425785475,0.0544390902202294,-0.0812559904817934,0.301034701303271,-0.0418959627322435,0.211521350363744,-0.229811942205519,-0.35079664124863,-0.384215963663226,-0.0215209958336648,-0.223928350615218,-0.288917176149648,0.389620604069693,0.216428952308929,-0.122393721272221,-0.0121771471228334,0.0610147388119083,0.166463869524526,-0.207651773525648,-0.24482751365247,-0.282817359364675,-0.32141733782797,-0.285069616811788,0.156720082586469,0.0459813077707013,0.5998227661518,0.342692121702023,-0.203518783994378,0.302430183302697,0.0569082443037525,0.100571800486408,0.112690792788208,-0.34865785167368,-0.331311102974728,0.0310930220127401,-0.0637174225923525,-0.21428079546525,-0.179324429788571,0.15103099550239,0.0547270214442508,0.378822662535167,-0.133238971719982,-0.114044296406878,-0.362190306387237,0.0312756678178895
"出轨者-第三者",-0.228869333993367,-0.32366094386447,-0.230252663592146,-0.23736251135106,0.0288205735384794,-0.212200292790866,0.0994006873451576,-0.093350792210856,0.0467915852219516,-0.152731119266053,-0.256635085457195,0.0394619886800951,-0.00301818413825462,-0.243989696869937,-0.00123468978212569,-0.12906054559763,0.113118092132197,0.30399221045083,-0.113965998628776,-0.153041649204631,-0.0544726220434089,-0.131347188784128,-0.102174456443968,0.273092951062483,-0.0510124598757164,-0.0256648676642065,-0.144204616456661,0.0472260732583142,0.374125925811604,0.4038883836834,-0.154363943759111,0.07678143737789,0.213617435126318,1,-0.15065767023255,-0.27040393751932,-0.0447049720069831,-0.129752536218263,-0.108012519523787,0.100156752153359,0.16090584156403,0.256399311107099,-0.226580628006254,-0.0969448488589342,-0.00676093801267953,0.022205122797896,-0.28126396966366,0.0386579801504941,0.0991055612806131,0.104201219122158,0.00209050231125192,0.0922460482331911,0.285413680965816,0.266639722843521,0.162782703160687,0.327374681702748,0.262080467570829,0.125551568720965,-0.035980874181757,0.00716893248255078,-0.069020834804953,-0.0372311491296073,-0.0888833794912903,-0.0911693492536972,-0.046122531606536,-0.05286096067024,-0.202545919727007,-0.250634999452617,0.0898731153404849,0.161031740975504,0.00295244244143147,0.0713109925678661,-0.144199434126547,-0.0178402997194206,-0.165186976289683,-0.0077963419930805,-0.121273589429456,-0.268615492965332,-0.240681590696802,-0.0907292765803714,-0.153862500906825,0.284739625133451,-0.155644609759105,6.77855377813975e-05,-0.0671042134179688,0.320818905809275,0.108741082614838,0.347963105741521,-0.0256463435785302,-0.128126163980406,0.0993214053215772,-0.336578977397595,0.198902055132183,0.085752462628542,0.191132596286324,0.0178984918546641,-0.21529140249186,-0.261617295312529,-0.155566528983408,-0.298748107916242,-0.0658669087684636,0.0171365385414163,0.197637008577647,-0.0304843672333768,-0.106983103797716,-0.0354475128400215,-0.0913387203781864,0.17147699904559,0.0496376162408168,-0.0386790194978548,0.0177423794791203,0.0301576093118799,0.251059118211129,0.100617044490285,0.124738273898573,0.0182278617801042,0.0196385779942018,-0.072987805755958,-0.199674716001379,-0.125247234880134,-0.0177457684405635,-0.292685073288505,-0.129401897560389,0.00884007924286326,0.0104403898673001,-0.391591817848829,-0.0776932899520852,-0.0681736247655072,-0.0459607192872165,-0.147399955960514,-0.0291998492869704,-0.0846806714633003,0.205973210335547,-0.225165644665863,-0.283993909340048,-0.0578674743590286,-0.272009110006263,-0.191947256890439,0.123099465061387,0.157924586070049,0.235718309255268,-0.103273446542183,0.0333518290423408
"夫-妻",0.252690316173448,-0.274381990028024,-0.139238003025232,-0.418218431203832,-0.5518600416075,-0.313220297579821,0.0249468222698535,-0.040131678012114,-0.154810140950758,0.115494164846603,-0.0510126304490589,-0.0522080430867555,-0.344190354023728,0.254402362046008,0.0676005133340109,-0.311520465258138,-0.17197962785967,0.0574956637282873,0.712919067477925,0.415956534894244,0.0113209772618073,-0.104846274436934,-0.376009198711219,-0.00215441424433253,0.567751547939019,0.279486014950834,-0.235935568389327,-0.410765852841397,-0.254353675332381,-0.356575362472649,-0.152533228356916,0.414586249784723,-0.107625584271738,-0.15065767023255,1,0.106106169484421,0.202862078929218,-0.167882871911746,0.0975495468923492,-0.394855919493383,-0.466172476696012,-0.372865042701976,-0.356311913092449,-0.308849737834059,-0.134258002992878,-0.0594297564173148,0.222651289939086,0.434301233317244,0.326141417834457,-0.179396911953425,0.150320414844823,0.0327696885590672,-0.235422087213076,-0.31333230349244,0.434894758543503,-0.266509807262432,-0.208176668379114,-0.0704496622983086,0.183650932604408,0.0537182721591854,0.46944788686776,0.0644121808399378,-0.363952387061473,0.15102790176578,0.360839467095695,-0.303503957583997,-0.0282283562019542,0.131368011662458,-0.4455319707711,-0.186876175117546,-0.12209867752724,0.25737343233077,0.028065947512094,0.261465743707813,0.50523093514818,0.390877495313143,0.460749640934112,-0.102193634313248,0.0059149707863284,0.413319694342531,0.0468307902976171,-0.290693352469407,0.452768734645434,0.367129112767136,0.312743450777141,0.0603055721093931,-0.365759571358068,-0.0137501870309224,-0.299527568154199,0.604498860975756,0.152211025638479,0.0233839707618356,-0.362162018587292,-0.102852155654268,-0.293255194017113,0.0849713470728556,0.0985565504623611,0.492245408986112,0.260662863456724,-0.353989568458677,-0.441074150963639,0.210261981380097,-0.413762814126137,-0.394010341232219,0.321329404671584,0.400558831496669,0.441301347397861,-0.385928937147578,0.111362378951652,0.305424124174097,-0.157553801724907,-0.214176040672205,-0.367763436305756,-0.207961707852169,-0.491780210195104,-0.526837090891474,-0.0485104294423258,0.26749923906757,0.244408009331804,0.44771254344407,-0.0963850586041728,0.336846471330063,-0.0233759225083427,-0.11576396413652,-0.242586233415397,0.208994421248174,-0.0112172770555452,-0.450960078375294,-0.593707559050327,0.571914741290851,0.403716588776335,0.490946875333463,-0.246689138137657,-0.156705363287234,0.18091366744235,-0.000830880039389162,0.0332539175217748,-0.291212565635938,0.0897718072101541,-0.195023406039833,0.356915579523086,0.403473217482615,-0.14569259809976
"父-女",-0.0127475386652265,-0.0332817940317201,0.157461292471139,0.280047904912004,-0.0325977192473016,0.114601909547168,0.0359309810037934,-0.00269800087372529,-0.103209678029674,0.0521650577746672,0.0273502452300306,0.0416180362848517,0.347460274016146,0.362916077619966,0.3890194322822,0.0693678381987753,-0.151069576104958,-0.284380565826959,-0.0195802721635104,-0.0583063796464706,-0.0703754422609548,0.262138732357585,0.243102897815001,-0.0901778543068507,-0.0393974276619452,0.233707344627744,0.318808002419467,0.122983037909159,-0.199309751798814,-0.115470256946775,0.250796998549654,0.191293081464436,-0.196406528557417,-0.27040393751932,0.106106169484421,1,0.417622861951931,0.316932305061746,0.387696704498648,0.0667023769097414,-0.0387693511166136,-0.230213370648367,0.270439136486092,0.00363033945640825,-0.240981078704319,-0.108613594964427,0.219090253752777,-0.0416115778399248,-0.13408320675762,-0.0811867053120488,-0.144843831535487,-0.145570098205955,-0.30494284489604,-0.276316698526049,-0.178966528191044,-0.153116053587791,-0.219718988020142,-0.0593178162238349,0.0855859678830298,-0.0546474795656138,-0.0133838793497307,-0.0207524478593303,0.0539052262445617,0.246664021438705,0.0197695462433326,0.203841446746921,0.0310480807769277,0.230880408540269,0.0992515384286738,0.0213956406156939,-0.238873553589253,0.0313141928905198,-0.0465706146283467,-0.0644439752113964,0.130293694688555,-0.0440596348298588,-0.00362728970426302,0.398828099250977,0.179283576575547,0.350196181816347,0.482829849814065,-0.126571486142901,-0.089616157205172,0.048725639707284,-0.0932942467343253,-0.129367526460087,-0.139119476886302,-0.12280059139739,0.185145512439668,-0.000341967445241426,-0.0714605131641687,0.00924537241200841,-0.0397524169785394,0.00757196257084945,-0.259052366806173,-0.13356838688322,-0.0683930615995296,-0.0877103420307653,-0.162608454243024,0.283989094055187,0.139176460625246,-0.0548579979787959,-0.208009704967209,-0.0573429366587619,0.359753163459392,-0.0182621144066432,-0.0261314733700423,-0.0784783510595517,0.0153006919449335,-0.0313305698609828,0.0967378946928548,-0.0252250266963795,0.00693854652595881,-0.205136371141835,-0.188668383304654,0.177785987812288,-0.121128254633577,-0.0386762097669761,0.0334762350794466,-0.0847382181116908,-0.252525166287262,0.166029826868618,0.0608803313591253,-0.0370877037244367,-0.132827678571379,0.109907050667184,-0.106752516534016,0.106427228783811,0.0112437684096811,0.0457130654389318,0.0203124707273752,-0.0244687549323993,-0.127191208318804,0.218220482485284,0.219391907686505,-0.0676688133707332,0.176411823109491,0.162710296189469,-0.0857156339197302,-0.15235052303883,-0.149891396566856,-0.0336684854969732,0.0663830145841952
"父-子",0.171373713996916,-0.148225985785115,-0.0528184677655775,-0.152569572941702,-0.265416528502057,-0.22103903693675,0.281402310962314,0.0543744438458951,0.27004804018227,0.207880844153508,0.139694118668212,0.242331707781369,0.341132916562502,0.569981539027613,0.496343936807491,0.167547090858451,-0.412806361663511,-0.32335252036611,0.122296743647123,-0.0884837350227217,-0.134853133276411,0.251199021107415,0.185355835032049,-0.169662268362812,0.154733533317378,0.290183608098281,0.0542553168123828,0.162838494173414,-0.294230751309188,-0.169541462365468,0.407979883392944,0.228246059068385,-0.102308312848426,-0.0447049720069831,0.202862078929218,0.417622861951931,1,0.0705764020144351,0.211329022444539,-0.0820929545213,-0.300513793609569,-0.31921209790496,-0.0207202959444884,-0.0629951965026078,-0.215715981655732,-0.189619302584822,0.264194332044858,0.0991157138091422,-0.000334931464841913,-0.271141931920446,-0.155758779513322,-0.191712793082723,-0.449850913041018,-0.280278453865144,-0.119613763323183,-0.3754017032989,-0.0862256083926497,-0.163706880705991,0.0207877619413539,-0.000474174934997109,0.0556139067796098,-0.0998091511217404,0.290867501111578,0.488480052186293,0.183022826743371,-0.0663823957471918,0.237076791755104,0.375111138196878,-0.220383748593834,-0.133774582773009,-0.211159624414498,0.219958838754674,0.219529137394193,0.0648964138345332,0.30701648914203,0.0342135072387489,0.00746930172026067,-0.00421131799542679,0.180130712431646,0.446588648799356,0.589275544092631,-0.0906192795392643,-0.140931082053536,0.0791182021250247,-0.0260570896392458,-0.00577794433246064,-0.3310920245817,-0.0694593438695832,0.311046256889836,0.0404006615522708,-0.131063967626044,0.0233851912890356,-0.24710157465761,0.111986549287629,-0.295392535560533,-0.157316196558409,0.171188289234034,-0.00597403212470836,0.00566583128078422,-0.00224199818846918,-0.205844490132717,0.140228510721321,-0.298880923956771,-0.106169803901009,0.427431870874742,0.0768762128842976,0.0195480774154609,-0.154137965187055,0.0998439602120913,0.0376917126581332,0.265956716644259,0.162734775094964,-0.0350302182292786,-0.308646600111407,-0.432927654740173,-0.0167586133881641,-0.167243100092058,0.0071281039948386,0.23109721428022,-0.0499548604233216,-0.178842614750943,0.191886078494417,0.301555456092867,-0.170484948370071,-0.240341465041439,0.256687718275177,0.068700191029384,-0.0298836294912595,-0.249170191671803,0.160990733046742,0.0228455108860439,0.00847552865666053,-0.342507080340663,0.282144920171549,0.200626857686291,-0.0978755345251384,0.209553684920754,0.0536990450049843,-0.0209237474669072,-0.166678471151929,-0.0230599398580874,0.0200711064026889,0.380484433691154
"高祖父-玄孙",0.0291371291565839,0.133947107746309,0.227119648003859,0.336122196680551,0.276535312511109,0.385712519540068,-0.143142586022837,0.00499151540518113,-0.0814008445066768,-0.187232755187677,-0.0130488616411091,-0.190100326166826,0.195973675313614,0.26057876142168,0.369294493702761,0.169531735184588,0.213503180621288,0.00266271234837113,-0.215716822153936,-0.060399796378546,-0.132353658457237,0.0658819035288401,0.150297599908282,-0.0163943992768248,-0.074449918804053,0.289544514985875,0.276220682434346,0.0655903359445885,0.0176876156418472,0.131562955740808,0.0249394656801468,0.184751212045517,-0.047359673770527,-0.129752536218263,-0.167882871911746,0.316932305061746,0.0705764020144351,1,0.4883311319008,0.347138182150395,0.0969615874794985,0.00417715544199711,0.311049430462248,0.0352959749838175,-0.256704463160861,-0.21388208749839,0.264135207004164,-0.212910709857069,-0.341957522641439,0.269959655596647,-0.112351791756348,-0.00989348620639442,-0.0407365806423701,-0.117405098763958,-0.0954235292743412,-0.0505241803517907,-0.164138947524442,-0.114443978671624,-0.153501982516797,-0.106574594940896,-0.215562006973753,0.00543050076788398,0.0307917998904708,0.233129566909388,-0.0094636876610416,0.208964617513725,0.0435675610737161,0.171599678245003,0.158915624999197,0.279237884989868,-0.282071401553262,-0.1869623269826,-0.181647169332469,-0.162633987310323,0.0665086215889878,-0.159687306377857,-0.134858009604327,0.197521691837685,0.0162663485375851,0.189024700642176,0.166344999704417,0.0350248600959502,-0.191238755516968,-0.199536585333977,-0.136858994710546,0.0212837016491688,0.124360992802658,-0.00354437536374885,0.172147161837007,-0.0447296469145389,-0.0498667617125519,0.08487295645898,0.0668114313307342,-0.0363407270366876,-0.183456734849697,-0.181524775247448,-0.123208942462338,-0.201430151469042,-0.0929998681294347,0.270107936371945,0.423037771687532,-0.0142689881635949,-0.122675408786346,-0.0126205994135616,0.172097763325631,-0.130373454147383,-0.149278746603906,0.124878226722515,-0.0664574982410762,-0.141555605728718,-0.0829203085246788,-0.13152928371975,0.1586570457607,-0.0739076622889723,0.107281234545371,0.181312614737943,-0.226386193878063,-0.0793115863899258,0.175641335979637,-0.13593249986766,-0.264639298099439,0.00437199644522858,0.194471449416271,0.0485509539259519,-0.0805548807986168,-0.0156417513945182,-0.152232588387465,0.425110921944677,0.306496194558201,-0.185993926017313,-0.193749742982949,-0.216918374841834,0.0924174261812174,0.0786072914350513,0.10129374698218,-0.11439884341458,0.119271897126725,0.0501026609343354,-0.0348404221870761,-0.0575355268215246,-0.010658745465363,-0.10535605143464,0.0816913489382015
"高祖母-玄孙",0.065968621210992,-0.0348337461689337,0.272061032248579,0.149431935571508,-0.00720268452604731,0.260836130223615,-0.0481780430266566,-0.105279483300675,-0.0670131182038191,0.170145503659579,0.195661094454208,-0.0412920667907074,0.295535189506332,0.346458220547723,0.536969674392486,0.134706464689427,0.092937581856733,-0.061434738881343,-0.0559513527871069,0.0293676999726551,-0.325099519247864,0.0240215703403814,0.0357537240559928,-0.123988975204024,-0.1340990119906,0.425684659698488,0.257348122353925,0.0381916287297343,-0.0679929279402406,-0.0093345692861618,-0.0357579607474128,0.299351109275948,-0.257803147799936,-0.108012519523787,0.0975495468923492,0.387696704498648,0.211329022444539,0.4883311319008,1,0.0765560517673956,-0.0509736082263266,-0.252696298325232,0.360007581007639,0.0501958947213351,-0.151458546910282,-0.23721647891579,0.167195536891702,-0.04011882754721,-0.0528193969384035,0.115344768168759,-0.0796515228736284,-0.338550478813329,-0.164643508532478,-0.161757362830131,0.0858882903749866,-0.10845862378968,-0.0813251120218931,-0.1241621413438,-0.254015336406622,0.00278753261727601,0.0300778469156087,0.0624134485334536,-0.1019014162831,0.370444290840827,-0.059991359110937,0.174395736891413,0.187856669783398,0.233046390362028,-0.14535029434279,0.109138249864055,-0.187593603071853,-0.129066524515585,-0.104071680666907,0.0103593657481321,0.405535165398632,0.0352759177472067,0.0633441175802115,0.226030725942823,0.13715158900914,0.542754364156787,0.373330195593566,0.0406943788098538,-0.146897269703486,-0.18172952666848,0.0338951085404011,-0.0546509050468675,-0.208340281843662,-0.184084906399975,0.114098390423416,-0.103362822242904,-0.222366851075843,0.0661519198093854,-0.257194027193269,-0.324384195452954,-0.225241877875639,-0.22311894859685,0.115934562176476,-0.0705592117641137,-0.182578245646123,0.125992466327332,0.274029089848034,-0.0849312559409726,-0.166106902791928,-0.00813279767328264,0.596445552444005,0.0864566897064935,0.0476437421033984,-0.0154758781846375,0.0988640683885609,-0.00982329091291827,-0.153558668966827,-0.136683662483999,0.014830377286751,-0.284916931989346,-0.25743841244182,0.173801938642646,-0.24608245703113,0.0645365443501404,0.327616160587092,0.0360621232061841,-0.142712747432501,0.0686616464145621,0.139887664674814,-0.240728298832586,-0.211322045907593,0.0816620607255969,-0.291199163386985,0.14904629453727,0.0769461913321124,-0.0977545921530982,0.0654302214979061,0.0652058063640405,0.0471614232114911,0.0217563023517589,0.348703692229761,-0.135015366481058,0.0534395449734778,-0.0122407549224795,-0.161374315786115,-0.164179033784886,0.0358597202865233,0.117095778168246,0.117954827791426
"公公-儿媳",-0.0620790550228609,0.0559648326392667,0.00518747804420127,0.246082198581795,0.465416456246723,0.244534093170867,-0.1737627156812,-0.0022910098424002,-0.00645315229858197,-0.245775045300817,-0.166628678387746,-0.0868833701717187,0.0585366240807684,-0.183398237267836,-0.026340346647611,0.0426764650501338,0.342226679849955,0.0448468588787245,-0.403517872033025,-0.237081544255037,0.015929645417395,0.138748064718696,0.144356900117021,0.049964168715053,-0.288789362833244,0.134898358025089,0.151105171666865,0.109328491947187,0.248786649997921,0.228051733660039,0.225345958632102,0.0700263023293704,0.099077135990514,0.100156752153359,-0.394855919493383,0.0667023769097414,-0.0820929545213,0.347138182150395,0.0765560517673956,1,0.208647119788763,0.234699821396928,0.163952928409567,-0.00300582493438474,-0.142619457669018,-0.0726318941364164,0.119764479863136,-0.280690471280046,-0.211059634660561,0.274947739150266,-0.0514612442195349,-0.0340383579045161,0.0939794320797115,0.0392441771552744,-0.139763851451229,0.169588532021286,-0.0831627497184038,-0.0429802570634652,-0.0501017988968434,-0.167619961289065,-0.292470560081549,-0.0819862807592158,0.0956935412570181,0.107331798637099,-0.111913865936667,0.262015567363745,0.0562480904390417,-0.0625153761674235,0.366878097456657,0.3936114222144,-0.102130316533165,0.00982307032775478,-0.201362736066644,-0.198743428557259,-0.183876124899121,-0.28015562474808,-0.294751091231037,0.274287951070883,0.0442235681455232,-0.069122513214268,-0.0133371703182276,0.224842674741257,-0.194188734656841,-0.155784600339855,-0.157614183632999,0.0344246720001984,0.242461530037835,0.00572193318193571,0.168045630653876,-0.318864642609547,0.0281759296483788,-0.105539316139057,0.277278199626351,0.00681697539128598,-0.0238280531436544,-0.0651850681754011,-0.288107831293349,-0.378934480300947,-0.111034518406032,0.0946520813708428,0.34861806800693,-0.12503133987376,0.122393854611928,0.0942471165206124,-0.0961312184068198,-0.268161572214262,-0.280033895362548,0.23062873409173,-0.143896215917897,-0.20004274942621,-0.0973469587659132,-0.115311572300482,0.314346893501013,0.105584695809866,0.251791643465599,0.265178260724819,-0.0805209316776689,-0.203870088502673,0.0704475709230317,-0.252286732813081,-0.138617237307694,-0.191493631093642,-0.0120618464669401,-0.0214159202060227,0.0759971952183293,-0.0642175412802032,-0.237220182843705,0.549915266145445,0.529563279369587,-0.263827357020738,-0.294001695508739,-0.299018648046021,0.254648028472292,0.0948746196978341,0.097168819290776,-0.00965727711956536,-0.0392192218458242,-0.0720686756903573,0.165940012964668,-0.02391267827353,-0.0144065102187273,-0.233746941990557,0.0377687171214032
"姑表兄-姑表弟",-0.387542900656727,0.156248880474343,0.0885534255143544,0.441093962339055,0.638798339974304,0.232473869441748,-0.0341422001155829,-0.0358864923924344,0.019898453350263,-0.0561186924960373,0.0772288532919707,0.0595099061856907,0.274189571518009,-0.253406751958114,-0.101022013781825,0.273510025416149,0.43122025062111,0.138440309871063,-0.494622888918906,-0.451909459022484,0.0515119577522639,-0.0796344156752543,0.314280466649292,0.0363164350339976,-0.418536405170462,-0.387096229164687,0.205030568367177,0.298793774969574,0.471308266037619,0.468661617130582,-0.124704784258321,-0.193570021521839,0.123478521056064,0.16090584156403,-0.466172476696012,-0.0387693511166136,-0.300513793609569,0.0969615874794985,-0.0509736082263266,0.208647119788763,1,0.499669073840395,0.283867114982466,0.31737552466089,0.120521863542542,-0.0365326742908923,-0.405500678170701,-0.489550867390464,-0.218877381138998,0.288691309377241,-0.377707121627133,0.00917574207179442,0.31173975840591,0.261983460809351,-0.0737521182456966,0.374223390331704,0.248817987014049,0.0779121062066445,-0.112535677032307,-0.392805217313783,-0.506861470654145,-0.327507071044382,0.0666366657937011,-0.391908240083078,-0.410289518945145,0.209388209515183,-0.153218422456125,-0.188636523675443,0.633290241201434,0.294298361014013,0.0662340672511805,-0.414935407874809,-0.0772155193581235,-0.443830321993784,-0.493245156930777,-0.502483806540044,-0.461244312283811,0.026882478846523,-0.221459529312979,-0.356411747982468,-0.158115182968818,0.442172669467099,-0.238582248499153,-0.261612202402946,-0.424139819166711,0.0274867155826882,0.447602937703483,0.0824944860531142,0.108136814384199,-0.262059099115214,-0.0292987388166821,-0.131773275151752,0.49266902633131,0.107666569860745,0.288338400089089,0.194519542652692,-0.0178512901450842,-0.368213957116243,-0.32426573599265,0.372494113886488,0.510424317226011,-0.0354953300189754,0.402497758500954,0.344436597124404,-0.264989537392668,-0.474668085719975,-0.483610941965819,0.596728211525404,-0.373305223163628,-0.451514029903632,0.0208612625667619,0.137970997130834,0.301022606133621,0.213435474854621,0.577787019622703,0.427686591975455,-0.0408183153243717,-0.382796726300005,-0.354957026109364,-0.430806677113397,0.103782906804243,-0.341499010095398,-0.221375199986921,0.117806958071926,0.292629182912017,-0.238173905151229,-0.000568773501427247,0.232799822412038,0.466389117037713,-0.294222982878639,-0.460185256119179,-0.47985615619364,0.450981526131858,0.0236745856010592,-0.122049537741179,-0.237728488319355,-0.227727920757601,0.205759699028703,-0.0228307571208565,0.307159848957354,-0.220170417378618,-0.460658820464247,0.054434391081145
"姑表兄-姑表妹",-0.218134000826937,-0.0646189520825362,-0.175257418909145,0.103458417980337,0.51669277478463,-0.111078113993726,-0.175151362651994,-0.132601044583182,-0.135154928158591,0.0471545439509241,-0.22736240297291,-0.0987345422815207,-0.103973509073826,-0.444215943736369,-0.259499161734464,0.165381924154264,0.30469014309238,0.323659291848834,-0.391515510460904,-0.290390081550886,0.129798409885611,-0.328147486293865,-0.117782217194325,0.349335209580951,-0.385043140008537,-0.406467125650464,-0.0674681974979847,-0.102573291733096,0.356162634009616,0.314061279995873,-0.0762359122741632,-0.22870442158729,-0.039163240496134,0.256399311107099,-0.372865042701976,-0.230213370648367,-0.31921209790496,0.00417715544199711,-0.252696298325232,0.234699821396928,0.499669073840395,1,0.0263090877266462,0.0209391787338447,0.261413261549904,0.304906806886419,-0.323468864615935,-0.341665794520637,-0.207085048328169,0.162159551110297,-0.227035694457865,0.0595048134799773,0.442017943519315,0.400311396846882,0.0765362175658823,0.349064375020387,0.235560867736596,-0.145957210085313,-0.126766757333301,-0.313097531100243,-0.349572388848641,-0.280817857249645,-0.0229718991728633,-0.391101566240523,-0.296178329579739,-0.0251040846017399,-0.190035208552013,-0.220293688964658,0.277553311032015,0.232573380312907,0.313196400716699,-0.216847897409752,-0.206388032437763,-0.256433431201923,-0.366380092019725,-0.294022840147705,-0.285222568562786,-0.183153534482162,-0.236068635895203,-0.419889455613674,-0.481662800005964,0.566025339677257,-0.174485788441126,-0.145548864098111,-0.253965085859686,0.134712774802214,0.233322608617578,0.168271315493795,0.00712648053142858,-0.169822657086385,0.0340272367691925,-0.235318380249443,0.322970928085125,-0.0626718743575268,0.547976782591837,0.037042504853883,-0.0473657014475969,-0.351341147773388,-0.208862866624634,0.0328649102141252,0.378029951534616,-0.202356313770504,0.355636259206237,0.0648317891117919,-0.448763644425702,-0.30146380724711,-0.267544519595928,0.558887090561267,-0.308439164387836,-0.273278361867041,-0.216606114749551,-0.0321428913323992,0.521073892469594,0.549478819435507,0.715522822166868,-0.0498224828196157,0.314395336566248,-0.297576748515008,-0.236993067744998,-0.23842164768066,0.340012247846176,-0.360176939811538,-0.292897197141128,-0.10483567432508,0.124732508193264,-0.163480125452391,-0.0689896276303411,0.00797287727734704,0.21740981770918,-0.228287914366382,-0.294028349218864,-0.303220251166284,0.380126504101226,0.0633807249931687,-0.265310288860006,0.0422231190621965,-0.399860781602372,-0.0692110527145231,-0.0521054936174247,0.554925045859116,-0.0354616486509487,-0.281913105073231,-0.0445386831331613
"姑表姐-姑表弟",0.0176402575752481,0.418325117536553,0.622694878848017,0.57679008148763,0.504139648346836,0.614289547128262,-0.0447110866844017,-0.038192096475293,-0.0216973903718122,0.234195451216774,0.390636614294899,0.120740104565805,0.4430102208602,0.121641499708278,0.220961734117452,0.412432966909924,0.189640851521214,-0.210822330126515,-0.34146310400222,-0.349007127393932,-0.064663664500166,0.150988571409401,0.332450043617863,-0.127368858939225,-0.383870354865873,0.0286229000061193,0.575652420195678,0.35056205414131,0.154655614846627,0.214947997027579,0.120566457268671,-0.198815664379052,-0.0610583394037651,-0.226580628006254,-0.356311913092449,0.270439136486092,-0.0207202959444884,0.311049430462248,0.360007581007639,0.163952928409567,0.283867114982466,0.0263090877266462,1,0.449894093448922,-0.128457868241815,-0.21713677890132,0.00412463393864881,-0.460247575400918,-0.147329296122496,0.123371067646414,-0.411780991181778,-0.189203166104995,0.103754907511018,-0.0939344720171751,-0.230504857546532,0.07145264150386,0.00317502842168906,-0.104109706914152,-0.230950886450539,-0.310151286361561,-0.432813898062205,-0.246474278100397,0.181794251189564,0.00880399400675709,-0.20071409782191,0.301764351415822,0.352642912839836,0.228611415552869,0.213706663660638,0.126334498633231,-0.169702652398773,-0.327979238296376,-0.0147803047358542,-0.402366072830362,-0.0435756238689251,-0.416332991922611,-0.375891011828078,0.359951772328217,0.169359402707945,0.074844496693761,0.282250437011432,0.0242392824159662,-0.114425995418294,-0.323967101001928,-0.409874354771147,-0.189211268319199,0.0493834095521083,-0.212993279156402,0.1550375791969,-0.280964013346814,-0.142357132617321,0.364636220725323,0.0564677646172474,-0.141078329640493,-0.0325763872499,-0.0550582185533376,0.241770984834461,-0.159632633353536,-0.126214171749274,0.534624836621564,0.335387542901256,-0.184359608483037,-0.0100004537417897,0.377953835987854,0.293702964636384,-0.393075460384209,-0.397441708182145,0.244424242893946,-0.374061298926838,-0.470819374445556,-0.03493154921089,0.256974440525174,0.117134251974862,0.00401433525352324,0.170308819349176,0.408995510509191,-0.225199514592863,-0.370343297086308,0.121346300066758,-0.367791953238435,-0.121636340653545,0.0294546554960328,0.229494813749656,-0.0533797651395744,0.12682381398268,0.207815775514537,0.0648666116944708,0.243579228698183,0.412138041857539,-0.2729306412735,-0.366415052772519,-0.368804425587985,0.100244326916809,0.304867780103978,0.301377162823666,-0.019635430313854,0.136949277666138,0.360558466413801,-0.188375571602964,-0.0348096250800617,-0.319601328974925,-0.385979354693063,0.269541262682542
"姑表姐-姑表妹",-0.0664847902041978,0.562055989434354,0.372415676365574,0.598526793092828,0.323047300949587,0.445833132382951,0.173549706118355,0.26404406927502,0.308352739326189,0.303261683410979,0.480434473288847,0.341382234138609,0.452912551655808,0.135055011335379,-0.0766750817690401,0.482172640625249,0.108224636691296,-0.197071219459966,-0.296431945766582,-0.528986116482794,0.0563586328723229,0.0989084440135436,0.428357665002699,-0.161140153010738,-0.276558590301238,-0.36692367859544,0.424897432473623,0.324173671008054,0.0486010273610289,0.0861940440046817,0.211446408047076,-0.536789881429304,0.176723942310322,-0.0969448488589342,-0.308849737834059,0.00363033945640825,-0.0629951965026078,0.0352959749838175,0.0501958947213351,-0.00300582493438474,0.31737552466089,0.0209391787338447,0.449894093448922,1,-0.200486320013286,-0.250119194609133,0.0179953514071444,-0.498722687935671,-0.0310781448699619,0.0863158646692751,-0.573505188203422,-0.0212717589134043,-0.0161209717845027,-0.133744326635376,-0.239111827731895,0.066281220300162,0.291557624316268,0.210760730562433,-0.0628714358088852,-0.439223474245387,-0.505955730849935,-0.373367866240359,0.336516025669308,0.0398650935424739,0.0285843468910472,0.345022756401133,0.365396347425754,0.268357518238907,0.292454433865869,-0.0494044020425653,-0.240504867431129,-0.121859277398672,0.218847295742008,-0.617248715776778,-0.118330025821029,-0.544764047436749,-0.536793277156399,0.11544483196942,0.171548616517571,-0.290073823368112,0.0818031081526276,-0.0184078056773229,-0.15636872905501,-0.241546826672968,-0.599709177204726,-0.291318964127283,0.375409689629636,-0.167317033365752,0.291476601981009,-0.105367262221995,0.0576302684055464,0.235623918742452,0.161749337093392,0.10684963272049,-0.0917425060474298,0.172784590919537,0.262361280257669,-0.107476154849577,0.0965295485510575,0.490603140852309,0.192393559230354,-0.143928878373249,0.0541029064212752,0.642242695650864,-0.0442419285236762,-0.524252012986115,-0.519809241120688,0.100753387813822,-0.471068741432157,-0.568130802867901,0.289537696485665,0.578912939283844,-0.0548537220468665,0.0919357461078068,0.209107697722383,0.481153642353471,-0.245324787366449,-0.577184168277764,0.0324101313377254,-0.566152888270308,-0.217125877445931,0.136853991629353,0.438724369881471,0.2647808610675,0.53756102308841,-0.0920703416669733,0.348038802494584,0.105087797686502,0.367066560968139,-0.240504866037266,-0.476796466434922,-0.458477980198274,0.0449375593333481,0.306105906799865,-0.00388722611685088,-0.00939563417445416,0.311216073213106,0.612654123276716,-0.0143530464288251,-0.0987189662866687,-0.408059448449638,-0.539284046760702,0.284173471791176
"姑母-侄女",-0.220326856647188,-0.26128881795516,-0.190870056786947,-0.209603536925413,0.0332640681493817,-0.18798081014617,-0.10905467232106,-0.316675795580005,-0.219728369985211,0.161959110502962,-0.144891149848015,-0.109173983823961,-0.139846742080349,-0.42442827977338,-0.197284309285167,-0.0450329214193976,0.111604287765722,0.136715636979111,-0.140713735874553,0.220794506782846,-0.110096048234119,-0.297777075413097,-0.241998101566569,0.00596090501441089,-0.236341667332753,-0.28133974360336,-0.246787839855587,-0.20099222611147,0.114968782997023,0.0468231882307493,-0.194704353373181,-0.0282028725390732,-0.242208334351909,-0.00676093801267953,-0.134258002992878,-0.240981078704319,-0.215715981655732,-0.256704463160861,-0.151458546910282,-0.142619457669018,0.120521863542542,0.261413261549904,-0.128457868241815,-0.200486320013286,1,0.435009308487471,-0.387164077442157,0.0875312321942776,-0.217300205252759,-0.0557991882030679,0.327643761434577,-0.203966726503925,0.192059613096924,0.564657720066507,0.146688803763304,0.0628160417416385,0.070690305909701,-0.196953754291657,-0.183411362489845,0.210608203550486,0.0924651216274212,0.200574058132638,-0.218732344655316,-0.395954530132717,-0.334954415048763,-0.176451595618362,-0.304470950358982,-0.280030662459689,-0.0241016212893658,0.082599870793809,0.942540601444208,-0.184671461458852,-0.170678680933238,0.25394084255908,-0.305047626316848,0.167867138746222,0.17922318431713,-0.215483846457467,-0.258057286419309,-0.144694314946408,-0.207891873304993,0.206746859312332,-0.167312694656278,-0.0907187828797599,0.281262979823826,-0.0371383896902348,-0.144712165712148,-0.0173932146195801,-0.239833071668249,-0.159329958095773,-0.221303864792157,-0.183334459071291,-0.0880233630402898,-0.226280218639731,0.634730489748847,-0.104958039032962,0.105009981400402,-0.0740936110996996,-0.292713873849401,-0.141987715384758,0.0551226526809586,-0.265434921199586,0.482220532510485,-0.176058979005302,-0.189791029762784,0.155577948319904,0.150518962586996,0.246652809049473,0.15666651081237,0.203923955002772,-0.170124832833859,-0.18394380942425,0.225236494745685,0.0889140360132557,0.167612448543068,-0.187684227349054,0.435428646319783,0.263649180341786,-0.252688632888814,0.249668294536629,0.918291347761054,-0.248335250196785,-0.405326020538527,-0.242334580029274,-0.206751331395072,-0.102686649882678,-0.199685108322802,-0.177093401455243,-0.00790476047597211,-0.102512213622746,0.131989753142909,0.111953812820401,0.179497426644131,-0.172704124390465,-0.155132151563071,-0.108334531862172,-0.336369312959627,-0.268979785879806,-0.303253209927343,0.309869707981932,-0.0395764338572832,0.194689279986403,-0.18700890968894
"姑母-侄子",-0.106034618087997,-0.268139208795222,-0.256702400018734,-0.246066088864767,-0.0804159736310959,-0.238067026130079,-0.189392960590759,-0.150461161199571,-0.258252459437502,-0.0652978807451406,-0.335034529543183,-0.174608749438174,-0.256728708790157,-0.35368702096174,-0.210037414307673,-0.182712393727804,-0.158474536491969,-0.000665043180461299,-0.0343881145560734,0.188736698864258,0.0051037661276,-0.296657165131344,-0.324930628855076,0.224126210691767,-0.180839821611894,-0.159467085302786,-0.259185374906942,-0.267219962129483,-0.0369213411376103,-0.118218905763783,-0.155818039272945,-0.0420562614083225,-0.197659894752374,0.022205122797896,-0.0594297564173148,-0.108613594964427,-0.189619302584822,-0.21388208749839,-0.23721647891579,-0.0726318941364164,-0.0365326742908923,0.304906806886419,-0.21713677890132,-0.250119194609133,0.435009308487471,1,-0.141987385338473,0.0953671212172723,-0.0540774719473413,-0.122593312678766,0.270762520034147,-0.152119544041462,0.0548297060915249,0.307127372220792,-0.0918662686230738,0.0322928974884569,-0.00523712812724119,-0.0546728682362637,-0.0504787524549876,0.163290643412629,0.156600896343222,0.127960744021497,-0.188262079162289,-0.290621028960287,-0.0342524418446983,-0.187184534961546,-0.234836533320899,-0.260091113960538,-0.0840772369805475,-0.0495345932409483,0.520444065077809,0.041434941869349,-0.236428690922082,0.265879532021851,-0.131449610114113,0.214177714590073,0.208024851356867,-0.142012313390213,-0.0898981631022157,-0.133268911373836,-0.221343117265924,0.0978128392388785,-0.074258015840036,0.0815442965566565,0.249456793263164,-0.0425024797314032,-0.157423761329445,0.0659176944657305,-0.155775450984168,-0.116067145222513,-0.163655597994902,-0.262125814322545,-0.0639182951434336,-0.217488581117334,0.448848293469592,-0.127818913399027,-0.104073500874755,-0.0984443612830333,-0.142000811020765,-0.229404432462649,-0.0978065833622139,-0.250941400410879,0.1903469851483,-0.24196477912115,-0.254885852447652,0.192862237209109,0.215727475592467,-0.0210629200649307,0.161341925230194,0.2283975009443,-0.165083455658376,-0.242895504149669,0.105013514311754,0.189278223225237,0.204337949251366,-0.24079686353264,0.988400429210366,0.219573235701275,-0.217101616933949,0.232665578256482,0.503375086821164,-0.234411974546223,-0.300187034452417,-0.145468907000397,-0.154278019356602,-0.0356108446650375,-0.232059343976709,-0.192811420486576,-0.123921835246559,-0.0508461912308926,0.232722206082106,0.161391705140061,-0.0111825724652151,-0.13291800984785,-0.29643954318492,0.120381022221851,-0.303526187167863,-0.28558892568408,-0.223612637664352,0.245175675677719,0.0575960801736986,0.209558503511706,-0.251751144926603
"姑-嫂",0.471493501871733,0.33256478032261,0.0891044499106277,0.0280154200461085,-0.232365765756619,0.0915910633332444,0.040944515209123,0.252163850794865,0.0611564230753875,-0.067737477294538,0.0625910345864295,0.0258985195357137,-0.1728881934659,0.313881893353486,0.071540692919244,-0.113709484833103,-0.300414332017062,-0.318180227842487,0.191651001782965,0.0503785963421227,0.0348414545374734,0.270050753317911,0.0502612767095157,-0.190527658930239,0.138155727707354,0.337068036132167,0.0714166634034177,-0.0755809362616631,-0.38231864310862,-0.313877483685825,0.336371490324729,-0.0283511772147192,-0.0860634173058457,-0.28126396966366,0.222651289939086,0.219090253752777,0.264194332044858,0.264135207004164,0.167195536891702,0.119764479863136,-0.405500678170701,-0.323468864615935,0.00412463393864881,0.0179953514071444,-0.387164077442157,-0.141987385338473,1,0.0883412817418216,0.178559009876215,-0.161721964974334,-0.001989172072102,-0.0810225348474371,-0.41844768396038,-0.450427629400397,-0.200243754042252,-0.344539510089905,-0.269181431054779,-0.0473031920619469,0.0267910872438872,0.11690744875015,0.152402669429875,0.191477167103641,0.0661533373416053,0.564720214690095,0.462239596256782,0.0984785982109754,0.297391714937617,0.220628243569009,-0.28628200154956,-0.236667795334852,-0.369701880275638,0.428808545078028,0.0886425839249723,0.043787337901329,0.414541078369622,0.107816845474461,0.088223496182845,0.146437269575888,0.390886673215656,0.175355519236616,0.192963356260465,-0.434278814676832,0.147247660129941,0.196967721753169,0.0368338771055967,-0.133514658879065,-0.129194935291879,-0.171814813370864,0.147712039457875,0.0284903009892162,-0.0632252593920153,0.344096013962987,-0.238032076762449,-0.0869800497737365,-0.457601688595392,-0.0428804905848649,0.126864223433824,0.265935042496425,0.455011627333857,0.0233643849251867,-0.264365996204896,0.0826975291704701,-0.439664738240506,-0.120842575837982,0.19265123124598,0.118243136163148,0.127511829799396,-0.447878420352108,0.144825143157756,0.107857513397289,0.0318125170844266,-0.0441393795563486,-0.263021454742884,-0.244922167572591,-0.34977351343223,-0.0123980040025201,-0.154845308824773,0.0104376493741002,0.441512671302551,0.00310508545203089,-0.375163360295773,0.319941931666719,0.324925654513203,-0.096283372846403,-0.0233370926663327,0.371968104646752,0.0649958261055261,0.138504394573171,0.0207891297211029,0.102219406569331,0.125564913575011,0.145468906829919,-0.390747240386057,0.134958579846254,0.177788417616531,0.258407468010674,0.484821351005427,-0.0297376940566364,0.0520431868498468,-0.394469202168465,0.0691351593320926,0.117809963992034,0.000845395835066807
"姑父-侄女",0.0234031208257577,-0.410631797316638,-0.342014748038311,-0.574312224950269,-0.576430325278819,-0.335490800597953,-0.0180431397572485,-0.168720993978254,-0.271168859750828,-0.257465063035205,-0.273846916991555,-0.136492791881245,-0.399739521598948,-0.0197095657179872,-0.0784331546267388,-0.524602135252205,-0.315553109973757,-0.0464153101438882,0.414229095270434,0.788376381775225,-0.157200572042594,-0.0286250067428636,-0.439426786543288,-0.0596801776492195,0.377095674753314,0.249452166528543,-0.453346196690746,-0.358695162995537,-0.33621715682116,-0.297727977452375,-0.225503695063516,0.350652894042982,-0.179119596375405,0.0386579801504941,0.434301233317244,-0.0416115778399248,0.0991157138091422,-0.212910709857069,-0.04011882754721,-0.280690471280046,-0.489550867390464,-0.341665794520637,-0.460247575400918,-0.498722687935671,0.0875312321942776,0.0953671212172723,0.0883412817418216,1,0.136536994058743,-0.207444376995254,0.725532400127516,-0.143685102814918,-0.293246020584558,-0.188036982998961,0.228939736049695,-0.287734408699977,-0.288703002321209,-0.036633321154398,0.129223436866948,0.745079937259966,0.862296638635974,0.709618964531175,-0.36497905360268,0.0810174281832267,0.274089127717638,-0.373246712091151,-0.292174305883851,-0.169677886011816,-0.398256217683671,-0.221839367916579,0.0907985967638316,0.323599058920064,-0.144593703286382,0.810200338545372,0.197784626724247,0.856880481734646,0.801012579799183,-0.243799527109017,-0.0897249425017213,0.272369436231685,0.0252110196860426,-0.258889365295234,0.141551162430067,0.228610507502886,0.754436194677105,0.0299728376580241,-0.307075718054474,0.0575458030890304,-0.351362945168445,0.202043187023155,-0.0721487837964324,-0.185212605181155,-0.26704886942758,-0.149633493607992,-0.20485008716114,-0.160775092995353,-0.203607695943884,0.248752030119089,0.0186542822755894,-0.569508733561869,-0.447913867255205,0.0166595977191387,-0.300778290837786,-0.506133447868115,0.121849267902107,0.807997845604873,0.76958970948589,-0.506926669111564,0.74706339425895,0.74565279646026,-0.130972697296677,-0.421078027751968,-0.308583493053317,-0.193573748388137,-0.395483673101268,-0.437894150122087,0.0827432918987227,0.760978841911969,-0.0596003495869177,0.723707239369927,0.0410406249432723,0.171015338239888,-0.233711261230853,-0.171483295480188,-0.34685608644725,-0.029569870449611,-0.18837076417594,-0.266789988009621,-0.384030292326339,0.278267440397091,0.796414277250623,0.780938390590441,-0.339834833962032,-0.315383652390491,-0.11904379059417,-0.0551901199627469,-0.0807121160352914,-0.458671090604155,-0.0395291893814838,-0.185431754672662,0.399405435855847,0.755669176882111,-0.366534875655016
"姑父-侄子",0.173577698782975,0.0518228450757972,-0.0773049710684306,-0.268158023075566,-0.342317108217574,-0.139971163616311,0.22759460934297,0.164673216972491,0.145034280951119,0.106927549108419,0.0687918289387547,0.240512900617925,-0.211006668107953,0.0488592491967038,-0.14573637692261,-0.275649619799192,-0.205106540927374,-0.015165494916185,0.399002018273534,-0.0699490117655613,0.152756464509673,0.0696699034160725,-0.19498720368388,0.0281360516591887,0.172462096213426,0.0824177232070768,-0.245963842554642,-0.141922624924131,-0.0700879956470997,-0.201938622299854,-0.164252238997491,-0.0812935637538692,0.211386674907307,0.0991055612806131,0.326141417834457,-0.13408320675762,-0.000334931464841913,-0.341957522641439,-0.0528193969384035,-0.211059634660561,-0.218877381138998,-0.207085048328169,-0.147329296122496,-0.0310781448699619,-0.217300205252759,-0.0540774719473413,0.178559009876215,0.136536994058743,1,-0.0147938473527653,-0.0440612424041558,0.0517171697994812,-0.0515124615219402,-0.170564017456915,0.0158050218091496,0.006938102176016,0.144584093760954,0.379928239078253,0.31487669952666,0.0191926748502983,0.102298266603735,-0.0348047490833825,-0.18641954865631,0.110036401203015,0.33616785837403,-0.151367924013736,0.179386400011792,-0.0058715025542176,-0.28915717362716,-0.288391690783327,-0.213303231438725,0.321073492832449,0.119244594267298,0.0321324855246082,0.358169986155026,0.0349850617000728,-0.010099333745076,-0.046387126894647,0.271088493321433,0.0367819229916442,-0.0184800292854397,-0.221450306905569,0.249889899672346,0.201318586238821,-0.0013407314838736,0.0439090897413122,-0.133311811074476,-0.0331379419411473,-0.107461923148826,0.168353988663418,0.0821753967941666,0.100699538241982,-0.209983238919743,-0.0504713398783428,-0.166930919561379,0.186021617925827,0.0774927769214921,0.305088386057894,0.459730901159551,-0.196914158506615,-0.429979447593261,0.138337144221051,-0.193094918426555,-0.0783891035413632,0.120061809108122,-0.000662697695358404,-0.0135200592462009,-0.316129909650352,0.0257863907283799,-0.0350561615714872,0.0300431803914567,0.00237168190804493,-0.358124340903295,-0.0485585120326623,-0.366861430155397,-0.170498442767081,-0.0591405917963244,-0.0390986319573483,0.139773265791266,-0.0443807052484164,-0.182115420608347,0.1983001195996,0.102545501051315,0.150340884547431,0.0251564634660985,0.191245659835098,0.203971822662276,-0.31574097708266,-0.341474944424313,0.402714541130917,0.0599943792967674,0.0890856898044263,-0.130205266887092,0.0508100945285066,0.0661738134519124,0.22396011380951,0.162548225172933,-0.0740667565982515,0.269092757060939,-0.198925953157982,0.121859373584409,-0.0221305273686353,-0.122025558815025
"亲家-亲家",-0.247703246371102,0.0695924669369822,0.00497441965173717,0.100183997069216,0.215034205273108,0.17669595044406,-0.121914651982437,0.124422684187405,-0.0458827971339682,-0.189331357755244,0.115085567985573,-0.0500054307509759,-0.0150859381861982,-0.0903898813636392,0.0272577492897422,-0.0244725559781674,0.455601269705613,0.361426954914247,-0.180258423349591,-0.126866520564,0.155578416347321,-0.103762663304162,-0.0940598633383101,0.170365741921928,-0.0980284705710714,-0.0152017365227771,-0.0277290079771431,-0.023938223920617,0.225559749426179,0.437176601731669,-0.25481321472896,0.117524199522416,0.0352513551882301,0.104201219122158,-0.179396911953425,-0.0811867053120488,-0.271141931920446,0.269959655596647,0.115344768168759,0.274947739150266,0.288691309377241,0.162159551110297,0.123371067646414,0.0863158646692751,-0.0557991882030679,-0.122593312678766,-0.161721964974334,-0.207444376995254,-0.0147938473527653,1,-0.11593478302622,0.142782473010627,0.252788218654632,0.0746741378345969,0.129801970384357,0.18629664465257,-0.00537413743576975,0.114330616633694,0.118365000383704,-0.212459707522743,-0.293977573122101,-0.0969622089227422,-0.235081630176848,-0.233876273219176,-0.0560117329179739,0.0365642117159964,-0.00588818325340868,-0.281175198374927,0.369299095376524,0.230673251602061,-0.119387433918825,-0.282593230346432,-0.209323943231929,-0.260701870657528,-0.144614287024042,-0.256133393172319,-0.247146321359443,-0.0625084068843841,-0.210083482132088,-0.101981832916929,-0.205685706652959,0.295695138558615,0.0610478938535607,-0.0972305405971344,-0.187095549222336,0.204000835787383,0.380535663657123,0.142390811283625,-0.027911259848713,0.104984462512509,0.133386628939667,-0.164764082567943,0.349314299657455,0.0972940846693438,0.0506624074690695,-0.0352626126920873,-0.134019836795902,-0.092686905299647,-0.0205505510034489,-0.0228286230298237,0.316481973079789,-0.0336174146052727,0.164625042984311,-0.00371566287349204,-0.16322303661348,-0.25292416318365,-0.28103119860847,0.245565643505172,-0.180264800565154,-0.24607392040947,-0.165256585793361,-0.00829276180214508,-0.000542624270176106,0.136736951574402,0.184762388172362,0.0603996644560134,-0.121115510159151,-0.186549313996173,-0.129643494579179,-0.192697043256181,-0.0906144149445663,0.0184100412219136,0.0621430313561688,0.191172833906511,-0.0402718206938656,-0.183681344622415,-0.172366761334477,0.254183316489214,0.259977897803336,-0.00911634059490846,-0.284848554083593,-0.272810271546824,0.333851783194454,-0.117267088982888,0.0330594806494853,-0.168670703709218,-0.154821967643128,0.00549020547815888,0.191151633740494,-0.0291701797046171,0.144209529098523,-0.221029077119885,-0.165591834142898
"继父-继女",-0.0784307989946704,-0.420674705150709,-0.296527543999586,-0.505227670083971,-0.39328437997905,-0.240082849657432,-0.195856482990069,-0.244918767748986,-0.348043589024455,-0.385731697576483,-0.381303088462309,-0.312790860071145,-0.427982667235009,-0.287067915134674,-0.101528307746486,-0.522468125318688,-0.117692206989044,0.0273623715292319,0.210007035730044,0.826985611111456,-0.134495782960734,-0.0786550983280365,-0.368829596480476,-0.0540409428127742,0.196889436213909,0.269629679520245,-0.39108411511163,-0.32267211988729,-0.158002564310178,-0.183080370529208,-0.297822349278578,0.342954263718272,-0.171011334378843,0.00209050231125192,0.150320414844823,-0.144843831535487,-0.155758779513322,-0.112351791756348,-0.0796515228736284,-0.0514612442195349,-0.377707121627133,-0.227035694457865,-0.411780991181778,-0.573505188203422,0.327643761434577,0.270762520034147,-0.001989172072102,0.725532400127516,-0.0440612424041558,-0.11593478302622,1,-0.157511719628353,-0.179262080788488,0.116423730612314,0.0847254150214629,-0.202069017774908,-0.336553389456879,-0.0789305532654036,0.0479623415574731,0.808665658621594,0.750579163162016,0.767737584342316,-0.401963997780715,-0.106787152838959,0.0513495432568588,-0.275963052079253,-0.34417613397114,-0.331915765029374,-0.244890921823915,-0.0668768595989474,0.333273665244085,0.163610953892626,-0.311188602705613,0.866485271334771,0.0270537044573241,0.818500458012126,0.75736951574118,-0.196771342063611,-0.189745930246527,0.19231719400981,-0.0659003384914079,-0.216924697858154,0.0813819132131348,0.166674537740064,0.871241136320776,-0.01868794068192,-0.274322242361821,-0.0195370522224855,-0.369835487567187,-0.0123102137698213,-0.134850449786623,-0.260839085009734,-0.224826021927918,-0.196825355200539,0.0427378898369442,-0.258590369154864,-0.350460899203787,0.0836049904499713,-0.135665015507193,-0.468607762546764,-0.291419990047601,-0.125030723610949,0.00227707209948037,-0.522716026360668,0.00484516716404088,0.777043940796913,0.749986803440883,-0.344979674809914,0.774296044471598,0.80554683241236,-0.217216473046187,-0.490314271746013,-0.167262850066025,-0.160151325530491,-0.216758111309376,-0.310997544594865,0.251826298470458,0.86069889791231,-0.142284016204409,0.770947840153514,0.258353441504067,-0.0875898679364125,-0.36071216213422,-0.173222112725401,-0.397628090468277,-0.104661713447584,-0.379897556853448,-0.0780219620118677,-0.202535038691823,0.0762455285786797,0.74443732067822,0.699161714421518,-0.157759635763539,-0.407159195747913,-0.118292872898088,-0.0886497925748066,-0.241382346080869,-0.571423821388763,-0.158572734967143,-0.152352447246581,0.280577673642306,0.774787967080338,-0.430546896516779
"继父-继子",-0.138557075132036,0.0811535386539255,-0.124050258939629,0.0390711293511483,-0.0001653769306303,-0.0517112363109991,0.172497627626482,0.29846793689621,0.146989181991245,-0.264685011690133,-0.129995118146187,0.00319182465252967,-0.187970202505913,0.0236948075336523,-0.262090578559573,-0.0858419593889425,0.0667205384249154,0.33369193702938,0.103712062290378,-0.222756720242926,0.339167303784926,0.0124622330144182,0.0216643225990923,0.0583487585248011,0.499810690912522,-0.188839858534564,0.0282239137013693,-0.0185853637730199,0.112182153777185,0.0745775985408584,-0.00219489286574972,-0.146723840108535,0.407805601331112,0.0922460482331911,0.0327696885590672,-0.145570098205955,-0.191712793082723,-0.00989348620639442,-0.338550478813329,-0.0340383579045161,0.00917574207179442,0.0595048134799773,-0.189203166104995,-0.0212717589134043,-0.203966726503925,-0.152119544041462,-0.0810225348474371,-0.143685102814918,0.0517171697994812,0.142782473010627,-0.157511719628353,1,0.205693861560563,-0.0232196327725872,0.0440219672210547,0.14392659273877,0.109020961228028,0.339989574228535,0.352027220482602,-0.219303250180526,-0.294831244458463,-0.226779786456461,0.0299549629333212,-0.137553215878476,0.0751114993956883,0.10999239720432,-0.139211764636011,-0.123667608571251,0.13988857846065,0.0179842367547885,-0.200177696323393,0.105670177925652,0.111525986809805,-0.273620286461298,-0.251264150755493,-0.271101655204352,-0.266059463294488,-0.0858608072112542,-0.0240779327958133,-0.416644451975542,-0.317018189894479,0.046144652741777,0.282188982511168,0.234399390675694,-0.28649213000956,0.179902368375922,0.245250688564597,0.114474217048472,-0.022220625541439,0.45165776376385,0.620811968185679,-0.0385073542884908,0.354641271155287,0.616478845610452,-0.119635714160883,0.373414098378669,-0.226984447648557,0.0215378610902701,0.184533635328435,-0.0389232449274937,0.0919391042706329,0.312934584723907,-0.0020668623429638,-0.0047228181720163,-0.419486223735754,-0.327851529048574,-0.284965857392539,0.0397517621374964,-0.265012605577233,-0.197866226407114,0.146930600023232,0.142416144997419,-0.0374307600799449,0.0899500885713014,0.0678317224999826,-0.0302331933674409,-0.162211149027509,-0.277290845439501,-0.158141023682459,-0.282907736090784,-0.255262948879488,0.0371284318589865,0.0285668182623884,0.455932683976769,0.188938296819829,-0.309883864023368,0.326834326747073,-0.0336426997901491,-0.032696911532801,0.128879168533013,-0.342371609168046,-0.341555701209145,0.11020391777963,-0.102649775956187,-0.293415911407209,0.0674187597643785,0.123414407693207,0.0871852492079554,0.341237437583586,-0.025209436375083,-0.11557232692214,-0.304925830065749,-0.0621270409183013
"继母-继女",-0.169913066432954,-0.0350882562564377,0.175281300019141,0.0550675393643522,0.387462466856499,0.125380948286136,-0.160980144335925,-0.230783105197383,-0.242530438183401,0.141618954390174,-0.107110894126893,-0.174844861201786,-0.105285320761771,-0.442879876872767,-0.146426621912797,0.0595690147873639,0.457597345848162,0.407425435844123,-0.173316330997965,-0.223637982019509,0.0088172075852907,-0.310022112380456,-0.1621531253719,0.221467920552521,-0.183137006491539,-0.21760016357724,-0.0405914528507018,-0.121015793893155,0.55021483908095,0.370221267721301,-0.248067210402569,-0.100128857845461,0.118842286992852,0.285413680965816,-0.235422087213076,-0.30494284489604,-0.449850913041018,-0.0407365806423701,-0.164643508532478,0.0939794320797115,0.31173975840591,0.442017943519315,0.103754907511018,-0.0161209717845027,0.192059613096924,0.0548297060915249,-0.41844768396038,-0.293246020584558,-0.0515124615219402,0.252788218654632,-0.179262080788488,0.205693861560563,1,0.437882249897036,0.179254858178059,0.531153222354322,0.157196863291015,-0.10151284386642,-0.135577083619729,-0.277241965437313,-0.316861610504787,-0.261816096655351,-0.075881956235153,-0.495412933984119,-0.276855914027232,-0.0769114995072068,-0.270879848599652,-0.21653218970043,0.199537184868197,0.288665266691129,0.248460626616902,-0.22702264752174,-0.209522584535998,-0.254014932910183,-0.342447609800663,-0.25577288850549,-0.246504837963069,-0.0557036240111819,-0.254944371579607,-0.239076941336652,-0.378691369550551,0.318123486181781,0.00175451378149774,-0.0785447028142293,-0.239735650664438,0.262667289321477,0.191472213954695,0.2039044497669,-0.203763130825847,-0.0936170874221677,0.109296653591481,-0.00549508600471505,0.234574189221152,-0.0640713390230408,0.4514854754312,0.0725240171426739,-0.0392245536017326,-0.157871771473177,-0.156559385190315,0.0806598492452646,0.22774201261044,-0.0447718719116268,0.292288786384677,0.0909132484523075,-0.149884325455436,-0.279126736713419,-0.23480678030534,0.479021057401211,-0.341979951293466,-0.269908189008922,-0.281027108043507,0.00724799294795263,0.333036935375885,0.374564096320819,0.432887382588686,-0.0969532304582798,0.0561487123066403,-0.258851511406481,-0.223232840245206,-0.194631842011096,0.24088721115801,-0.321608748786423,-0.194214330691278,-0.0149286296728235,0.0351742768902527,-0.212305231892407,0.0426495548447162,-0.0832715166106655,0.126691078755745,-0.164827044353574,-0.255174794465011,-0.260075596077842,0.499654878387205,-0.178343491499655,-0.126177361458605,0.0206161163697143,-0.232115973358318,-0.0625464440725375,-0.110084222111731,0.468709701541648,0.074105229385598,-0.270919697158195,-0.120838126439999
"继母-继子",-0.163909846398031,-0.300839133713956,-0.0978043421348383,-0.0685548862536553,0.208546351529498,-0.171893228506566,-0.182514663857172,-0.283987689405827,-0.169499120066598,0.0726462246599232,-0.24774766249986,-0.214063236786023,0.00513816675717664,-0.417440180118079,-0.0618619544120954,0.059908307792647,0.182505402690095,0.253000732748731,-0.26280300778014,-0.0415448504994937,-0.0895881273498637,-0.361325254598146,-0.114488867259091,0.131296944135588,-0.35440169422676,-0.206739069634399,-0.0944685699526855,-0.0777818615823871,0.345112867605619,0.251497730743366,-0.230462721029271,-0.089169000615516,-0.132041703133683,0.266639722843521,-0.31333230349244,-0.276316698526049,-0.280278453865144,-0.117405098763958,-0.161757362830131,0.0392441771552744,0.261983460809351,0.400311396846882,-0.0939344720171751,-0.133744326635376,0.564657720066507,0.307127372220792,-0.450427629400397,-0.188036982998961,-0.170564017456915,0.0746741378345969,0.116423730612314,-0.0232196327725872,0.437882249897036,1,0.0654986551039834,0.386612691094675,0.268288849149785,-0.107229798851089,-0.256661657878181,0.00276439647989076,-0.125616210471862,-0.0542254536448119,-0.173434244543376,-0.466213913385802,-0.438894165994682,-0.00433431220772844,-0.167146155934718,-0.287701703730607,0.0822605194004075,0.15869356387273,0.565521455455722,-0.313237742032579,-0.234058003256761,0.0165303934309684,-0.240839140434985,-0.0298373461487009,-0.0547514536757564,-0.140956230676259,-0.290010911727938,-0.218408122687554,-0.263185555959844,0.306527911830014,-0.299413822121194,-0.142848596528157,0.013475626956813,0.0810434192118594,-0.0151897845927282,0.18755722354061,-0.00893501767355639,-0.239737766979999,-0.1637606999894,-0.315105954200805,0.053863193125999,-0.159879657353741,0.877547974915491,-0.161463117275474,-0.134240790996099,-0.327264022658894,-0.356990701541574,-0.0752768664248347,0.226151493709863,-0.354917034970683,0.839470727577967,0.00928962791744838,-0.269576825822566,-0.056051962214781,-0.0575891463045993,0.392570474091584,-0.0244084732412174,0.010071978406744,-0.17845937033277,-0.0438606354718121,0.407613294419875,0.296369705534944,0.314040221967498,0.0077772692823094,0.310627500953469,0.0346799954242813,-0.240644876676099,-0.000473176174896708,0.555950588880734,-0.453954408195052,-0.205062735129025,-0.131026436113651,-0.0802945006439025,-0.275957905216182,-0.243399443992563,-0.103961459225213,0.00445845871414878,-0.270507611285273,-0.0741204977982354,-0.134159352022775,0.333293608995346,-0.0790160256441576,-0.175303293462713,0.0439046971987055,-0.392760128403821,-0.126595869736896,-0.207710057827249,0.355393411547751,-0.102042122530754,-0.0402692495982087,-0.0599641774692518
"继外祖父-继外孙女",-0.0138372348053047,-0.294866243146566,-0.0909486771791606,-0.30188567564696,-0.154643852738633,-0.122771636691412,0.0164190019423404,-0.253173950651306,-0.290978589910001,0.0908035655213269,-0.000469621685642283,-0.0674408147327863,-0.24259208917933,-0.00861425245463968,-0.0338238521022532,-0.294900783558554,0.299754146191275,0.424585095755847,0.260159262368919,0.257691595400655,-0.0588948766234152,-0.269073245853145,-0.365264681129567,0.107914417303442,0.303689522301246,0.125289913419246,-0.211841229863055,-0.353459965261937,0.184175753064149,0.0588475176564972,-0.324233192186006,0.400527996937486,-0.0813933167429598,0.162782703160687,0.434894758543503,-0.178966528191044,-0.119613763323183,-0.0954235292743412,0.0858882903749866,-0.139763851451229,-0.0737521182456966,0.0765362175658823,-0.230504857546532,-0.239111827731895,0.146688803763304,-0.0918662686230738,-0.200243754042252,0.228939736049695,0.0158050218091496,0.129801970384357,0.0847254150214629,0.0440219672210547,0.179254858178059,0.0654986551039834,1,0.0336126770733977,-0.0607590400003018,-0.2384594419971,-0.114039417963191,-0.0408259632157391,0.187220131286995,-0.00642446509235592,-0.405702850305253,-0.125464073355246,-0.017376553372144,-0.298064903001616,-0.192426326198573,-0.075686653269921,-0.159428998710385,0.158734775660801,0.129804907962384,-0.212149513466352,-0.174004160118635,0.0737499627578926,0.173549492118481,0.178418135397333,0.244983951914227,-0.291923064689254,-0.284403385547079,0.238280422983922,-0.162022813027767,0.138489774397307,0.242824006115612,-0.0826602671049925,0.17703014574827,0.311141188322552,-0.12126661961939,0.180495943761093,-0.307575763941939,0.371202991651568,0.145816251898962,-0.0721324119518074,-0.0424533750448981,-0.111281746411044,0.0597550712784179,0.10246342223856,0.0721096837546473,0.238412801810097,-0.0189373660939613,-0.399738623331061,-0.0929574755523313,0.0808797302660612,-0.0110008024779505,-0.284003107769385,0.166755218461143,0.199130729191128,0.211840003741391,0.0303217376678707,-0.0650279387131906,0.0608482078832875,-0.227914262018729,-0.245501628591807,0.010004234620363,-0.0320655343699553,-0.0644970978787334,-0.418205299079259,-0.077781821249648,0.135417912317816,0.0782979268556284,0.329428700565922,0.155005013917276,0.0544009069541907,-0.119343947582125,-0.246054765286311,-0.190710665038487,-0.00147522788667704,-0.0385882113177477,-0.204783545423929,-0.229691427972474,0.27265886093442,0.130233055107477,0.259552141875778,0.141326596124403,-0.254812501827351,0.153761070410844,-0.166930666017773,-0.256850859229822,-0.32421819537677,-0.00976571463681884,0.0484328930904956,0.405183407714908,0.223592443187361,-0.199901063759643
"继外祖父-继外孙子",-0.242938770232942,0.054416225831064,0.0698109698124535,0.14255506834885,0.404624639075601,0.167818190311024,-0.166986694963124,-0.0715195974927169,-0.142732193611416,-0.0170187690251866,-0.0769875021350456,-0.0307661380364881,-0.0394511509771222,-0.361924638652991,-0.258621870246739,0.00259456154551931,0.359805561162325,0.214122642719895,-0.312009306014257,-0.266094957020243,0.046730214440946,-0.182671098076468,-0.00905780002629846,0.171137459804954,-0.281199718895977,-0.222320149753964,0.0656880187916228,0.0946333263305817,0.429328529275097,0.253072519674625,-0.222282485793127,-0.240269924050152,0.260300885218818,0.327374681702748,-0.266509807262432,-0.153116053587791,-0.3754017032989,-0.0505241803517907,-0.10845862378968,0.169588532021286,0.374223390331704,0.349064375020387,0.07145264150386,0.066281220300162,0.0628160417416385,0.0322928974884569,-0.344539510089905,-0.287734408699977,0.006938102176016,0.18629664465257,-0.202069017774908,0.14392659273877,0.531153222354322,0.386612691094675,0.0336126770733977,1,0.247414277631261,0.181949358423831,-0.0363056938578513,-0.25445340605955,-0.311047752765248,-0.20446979202728,-0.122693278081755,-0.325243815031567,-0.219718444537549,0.162168541546983,-0.143543618889637,-0.325978473922653,0.313463552553374,0.0696328640631612,0.071957105307453,-0.258846288353353,-0.221294856551093,-0.274072410366828,-0.311922057387975,-0.267862672291904,-0.261272618571648,-0.0302740148621613,-0.234065817184735,-0.341325875991414,-0.302945315123859,0.222785230383125,-0.0824816296984078,-0.0530400438193388,-0.284444378119641,0.03687186581004,0.372751798805924,0.0282505278846533,-0.0996863049507824,-0.168598122266601,0.101598425118049,-0.0799573064940993,0.312834027068245,-0.0439144705689332,0.404668917605866,0.118216318184437,-0.193078927868264,-0.241745069662468,-0.133737091698092,0.0636546115955577,0.263960680822234,-0.18134384600706,0.431761417979016,0.247066737534476,-0.26651772891261,-0.278501562890894,-0.271251947806533,0.277210196281826,-0.268946146237374,-0.272403918183553,-0.108282633378403,0.141491018869036,0.212297105691528,0.283099276507822,0.335103015563511,0.201361419527856,0.0214933844049424,-0.268719707756949,-0.273458458669986,-0.278348131622224,0.0792745966117442,-0.196240175025255,-0.130396632096148,0.211965810984768,0.304239273497034,-0.354458145958538,-0.0481668415931547,0.0716268544621187,0.240508619749415,-0.226016545539242,-0.246574800226348,-0.302399321400121,0.314850382566247,-0.0978830368596821,-0.19072672616435,-0.00806828701694269,-0.14957993479568,0.0731961367700612,-0.033815697512041,0.239678519563196,-0.142485576254774,-0.28971227929464,-0.0639059812913179
"继外祖母-继外孙女",-0.171581979245207,-0.0661560388822226,-0.152352793248231,0.108369654646497,0.0821318965223789,-0.0743358154912133,0.304721155812545,0.153476907661277,0.371004438849847,0.259087220073239,0.14534971267914,0.242829563752785,0.256038761226221,-0.0481482927107365,-0.0796007548743589,0.285785614415334,-0.0709703663942226,0.0153936375883914,-0.0924489925670058,-0.435977412314948,-0.00793335732143876,-0.13456877741713,-4.24636457942119e-05,0.0303426399891523,-0.19910358949475,-0.390748964367569,0.00999106851056109,0.176399438017721,0.126289545520439,0.12363495809439,-0.0109212464426926,-0.363372765551216,0.288300383715546,0.262080467570829,-0.208176668379114,-0.219718988020142,-0.0862256083926497,-0.164138947524442,-0.0813251120218931,-0.0831627497184038,0.248817987014049,0.235560867736596,0.00317502842168906,0.291557624316268,0.070690305909701,-0.00523712812724119,-0.269181431054779,-0.288703002321209,0.144584093760954,-0.00537413743576975,-0.336553389456879,0.109020961228028,0.157196863291015,0.268288849149785,-0.0607590400003018,0.247414277631261,1,0.44934672615248,0.0358671459576208,-0.253027367816395,-0.334190760525043,-0.296234996957708,0.143634879280871,-0.0934769694286244,-0.0597040513989658,0.156103311257697,0.116288964040366,0.071831978393596,-0.0160328169940009,-0.0295640224732835,0.0669697513387897,-0.0953292367425279,0.223705548079872,-0.35702634963182,-0.0830633558852114,-0.383571001260216,-0.393392610132809,-0.228521205731592,0.038592514156097,-0.314264769861578,-0.0965190197267306,0.295543416935888,-0.131307151308732,-0.0461788573659508,-0.423762221576491,-0.181059867141846,0.0987315193589407,0.154527212611704,0.294266933206055,-0.0862654034184736,0.0260843376914824,-0.19299087740456,0.123718197038066,0.0642248749651338,0.246938226335385,0.0971577424710203,-0.0101856938307504,-0.20570191153824,-0.0291355159281108,0.00260593975767385,0.202945661394717,-0.0872785894651864,0.24285616967438,0.40827466723683,-0.238847340336703,-0.355629848725638,-0.378751679244362,0.166593315647167,-0.255640753739309,-0.362466179019701,0.240874196405102,0.221327203711243,0.224407895014376,0.114510665796363,0.0899521520753122,0.201181211376476,-0.0091636322250111,-0.36801929062015,-0.196455038947888,-0.389242149830817,0.075402532219467,-0.049514814062835,0.0734118664240864,0.270164456284415,0.285769151548198,-0.149521677230269,0.0357780805178535,-0.145593039544624,-0.0169359839398699,-0.081484155738333,-0.348228774935566,-0.347518384245836,0.129405924141263,0.0135657152466928,-0.254887929742358,0.0260349049290271,-0.0997282900657121,0.145412257930305,0.110051176663194,0.262873183551997,-0.20088383823532,-0.408291471663387,0.173901767569925
"继外祖母-继外孙子",-0.215364597523612,0.1698251825384,-0.122291637812076,0.0985697041880854,-0.107913725006918,0.117379523287009,0.237727454670738,0.426051279476724,0.271455012028872,-0.229713768736433,0.082892087103894,0.217766676746665,0.0595680754116363,0.0515476877639671,-0.25459314368188,-0.147094273842582,-0.0600677983171503,-0.0659099242185303,0.0315657448383149,-0.215740968229282,0.197661941425342,0.112908635778318,0.0818286126404301,-0.0904078306072498,0.0852107800828366,-0.257939921130039,0.0134580892119612,0.157601354231197,-0.0110845746620578,-0.0309605562776624,-0.172781829412619,-0.315243178765749,0.502681016274558,0.125551568720965,-0.0704496622983086,-0.0593178162238349,-0.163706880705991,-0.114443978671624,-0.1241621413438,-0.0429802570634652,0.0779121062066445,-0.145957210085313,-0.104109706914152,0.210760730562433,-0.196953754291657,-0.0546728682362637,-0.0473031920619469,-0.036633321154398,0.379928239078253,0.114330616633694,-0.0789305532654036,0.339989574228535,-0.10151284386642,-0.107229798851089,-0.2384594419971,0.181949358423831,0.44934672615248,1,0.47182255017214,0.0142544205974354,-0.172248114917529,0.0191374051227996,-0.00426562961522953,-0.0261717862889024,0.143875760654571,0.229457735476988,0.0645221842759108,-0.098185620750684,0.165086205170733,-0.150716805568108,-0.228611566128682,0.125817580026103,0.0732995108796562,-0.189241964473508,-0.168256727118918,-0.227282404355606,-0.257986240770359,-0.045496756420496,0.0824303870205931,-0.371780635994718,-0.0528887421417736,-0.0678974225205088,0.0713585905040158,0.142873653633625,-0.25114646277299,-0.186805768699051,0.313607340566117,0.00486100356336908,0.185105707763591,0.118888975216247,0.153161973875782,-0.111863151028758,0.23729252665807,0.298186997631337,-0.195470205926385,0.206821996117811,-0.273485593157549,-0.0755938998015714,0.183938063609983,-0.00257492806058893,0.0220780136688724,-0.020511541846673,0.00453805265874286,0.174829241956562,-0.297033236472221,-0.264233928866964,-0.281404944952997,-0.217166414726108,0.0161245721743626,-0.138289707370388,0.426681422976318,0.160758796760797,-0.213639042933497,-0.0674341620979771,-0.137155156342607,0.296810911845376,-0.0861714521603587,-0.140365461995738,-0.248728219643558,-0.308532423848229,-0.238398984585862,0.177475097124412,0.0770147066188176,0.725380462344817,0.315724671499655,-0.286657246017483,0.0954222475297601,0.00573804669675886,0.0195741164825839,0.117652342535762,-0.224908506645172,-0.251865471572205,0.0385508888005109,0.0140600188721205,-0.264603040533588,0.00361053893895762,0.191834993832975,0.118648841070601,0.246934028189151,-0.199272292618939,-0.251134161795291,-0.290149122694598,-0.121639157854722
"继兄-继弟",-0.0819943739787458,0.0376209571734041,-0.223741634182284,-0.100657279935479,-0.251478690164192,-0.128220857904041,0.21528823393424,0.215097464511199,0.019410935010119,-0.22900656651039,-0.124944900657121,0.214986457128792,-0.218660228429254,0.0687433731776843,-0.267233761926781,-0.217214959736477,-0.105993873914762,-0.065971911762263,0.270174078694775,0.0402775782657053,0.455435878844814,0.156847915175635,-0.0032728311895734,0.00488948640895401,0.303975719507371,-0.129431091853966,-0.228020536311522,-0.0840078710774185,-0.225665215253973,-0.142423511519998,-0.0201115404940624,-0.0846689061222509,0.31543368261621,-0.035980874181757,0.183650932604408,0.0855859678830298,0.0207877619413539,-0.153501982516797,-0.254015336406622,-0.0501017988968434,-0.112535677032307,-0.126766757333301,-0.230950886450539,-0.0628714358088852,-0.183411362489845,-0.0504787524549876,0.0267910872438872,0.129223436866948,0.31487669952666,0.118365000383704,0.0479623415574731,0.352027220482602,-0.135577083619729,-0.256661657878181,-0.114039417963191,-0.0363056938578513,0.0358671459576208,0.47182255017214,1,0.0366564275985625,-0.00450098000166524,0.0514005593125936,-0.0927932425991469,0.00668336427272544,0.313305942698669,-0.0903031075534911,-0.102986605142056,-0.150601902891302,0.095507300167156,-0.194995941492438,-0.199200467413112,0.267756032852145,-0.0910086019735355,-0.0144758784600593,-0.13613175724823,-0.0425157782994886,-0.0287553430048104,-0.0646997500413914,0.0551527729608141,-0.224125489350234,-0.0703767671179327,-0.146149624446969,0.206955399322146,0.384574446336447,-0.029282368206808,-0.0318162598655813,0.14840939442708,-0.0256831643707008,-0.0260826496383182,0.378111109635345,0.333637993392581,-0.0204000332760159,0.131709511041508,0.387305810265721,-0.268155414695742,0.181629380797416,-0.258882190228494,0.19260412586324,0.360892811797215,-0.0892698309194837,-0.169670968661417,0.141635228870083,-0.21441945207161,-0.135885819892602,-0.243883923748503,-0.0716029938504085,-0.0457757529688908,-0.323040449673335,0.0340675231776036,0.0773844126835208,0.187109232038753,-0.0148357607255544,-0.340158082499331,-0.0596292235807147,-0.154706802513495,-0.0838381845241428,-0.0698927356774275,0.00956307810987494,-0.224868030999359,-0.0748021361429345,-0.206151490200237,0.30769188972557,-0.0484064300704429,0.488116871878261,0.0642970114996595,-0.100365610434977,0.167155868682043,-0.104820186847927,-0.159386303928391,0.523703642093933,-0.0449394415728932,-0.0360311609704945,-0.13593281804234,0.0119729516941529,-0.0883257280081737,0.00487680626666844,0.151681782722835,-0.0208279391737647,0.35111419095644,-0.227101019395975,-0.0385885267763798,-0.08523096211305,-0.236269420364266
"继兄-继妹",-0.0801658644988632,-0.264323119430077,-0.263960356720427,-0.451306507364985,-0.482345849625025,-0.150162582563585,-0.00616292076111709,-0.164368035397813,-0.230638718205676,-0.351297471803168,-0.261856273244481,-0.149716524372564,-0.263959957235952,-0.116544339997762,-0.0158238399647177,-0.510217914816544,-0.325661999843486,-0.136776097903812,0.13861607492679,0.684674753023545,-0.220883282567361,0.136198442610186,-0.177603663937425,-0.140861124705051,0.14625889133354,0.273777844807688,-0.323232934072444,-0.102693014046108,-0.280584311888216,-0.18796627424407,-0.142629375812157,0.182045040728915,-0.168562829691155,0.00716893248255078,0.0537182721591854,-0.0546474795656138,-0.000474174934997109,-0.106574594940896,0.00278753261727601,-0.167619961289065,-0.392805217313783,-0.313097531100243,-0.310151286361561,-0.439223474245387,0.210608203550486,0.163290643412629,0.11690744875015,0.745079937259966,0.0191926748502983,-0.212459707522743,0.808665658621594,-0.219303250180526,-0.277241965437313,0.00276439647989076,-0.0408259632157391,-0.25445340605955,-0.253027367816395,0.0142544205974354,0.0366564275985625,1,0.730595588524516,0.893536954361274,-0.21391215611534,0.104886892341989,0.128317119102401,-0.16770446132774,-0.324655152645256,-0.262580039246848,-0.297049168823294,-0.25924764278404,0.174928552610618,0.184024741639092,-0.26024993304566,0.809603947648361,0.0528752567427279,0.757526876672071,0.677199490373751,-0.151764061248325,-0.0235746669658803,0.199477026767871,0.0885317852506296,-0.219645004581719,-0.0555431021314861,0.115312523684753,0.746219517489908,-0.0694787539472394,-0.238327113567949,0.0094622442676833,-0.14348672236011,-0.133388849913697,-0.228744268120825,-0.138889329730161,-0.236223282521492,-0.134605043043955,-0.0724431047054461,-0.321423927746052,-0.264904425402433,0.0643644099432231,-0.128154113909183,-0.429615565738932,-0.344112572804888,-0.108274828071665,-0.0556824076878652,-0.48820040239762,0.0378262670335203,0.744136096736617,0.679561766062942,-0.459818682654703,0.897759708521698,0.783957293626157,0.0084699906087639,-0.351772664377646,-0.198037929305835,-0.293799797610581,-0.307038781660735,-0.109073811898433,0.142641195863916,0.793194595542088,-0.173134720368761,0.607669909310438,0.119984773391986,-0.0352224396357928,-0.233849684845448,-0.103948860241752,-0.377964052166871,-0.127161380076684,-0.285198165444986,0.0249207679858173,-0.144357810070581,0.0221933101224911,0.701201904416489,0.630034596835604,-0.322511703927038,-0.299832884319206,-0.131799009321231,-0.0592467859113062,-0.00413994813120732,-0.373660274266664,-0.197644773223308,-0.226509367584004,0.190036680649983,0.70665437104681,-0.403004073461227
"继姐-继弟",0.116553095447346,-0.39718237694736,-0.299667392264284,-0.546554862010522,-0.587062271511873,-0.34989094462609,-0.17429010532621,-0.240504863079957,-0.304482045388731,-0.167973912143996,-0.260518853218451,-0.270221189572607,-0.426089556949013,-0.0609737684492291,-0.0177966690880031,-0.462904811542671,-0.297194320510089,-0.0740119320860404,0.451322717909133,0.825933854138366,-0.200838282959859,-0.0959251050252227,-0.428535451176918,-0.0609389796468915,0.251153167548897,0.321653085183765,-0.411553713349734,-0.413812805332688,-0.365208847759051,-0.375481957129246,-0.231526080841923,0.392504592171731,-0.289793021057729,-0.069020834804953,0.46944788686776,-0.0133838793497307,0.0556139067796098,-0.215562006973753,0.0300778469156087,-0.292470560081549,-0.506861470654145,-0.349572388848641,-0.432813898062205,-0.505955730849935,0.0924651216274212,0.156600896343222,0.152402669429875,0.862296638635974,0.102298266603735,-0.293977573122101,0.750579163162016,-0.294831244458463,-0.316861610504787,-0.125616210471862,0.187220131286995,-0.311047752765248,-0.334190760525043,-0.172248114917529,-0.00450098000166524,0.730595588524516,1,0.705436344836986,-0.389887681987107,0.123208629505497,0.215616461362707,-0.353409478918784,-0.216287399590897,-0.117881045960218,-0.473054195298368,-0.281969927486758,0.120299762768264,0.279029567806315,-0.158064487865677,0.841909241736525,0.331497020588241,0.901118541263284,0.878634093604164,-0.184446129801441,-0.0882862645125667,0.38946641180156,0.0322290750272563,-0.300446025979051,0.139325012438701,0.247956667714463,0.85659174096497,-0.0212688460800898,-0.395494571684399,-0.0500620858231722,-0.378665242963239,0.106525249139911,-0.179503759425795,-0.19583780906827,-0.422221030793632,-0.338598512357354,-0.137559008677023,-0.254656306394832,-0.144561533788276,0.269185354728336,-0.018178896107502,-0.520561796742477,-0.48162951780708,-0.0318089654842231,-0.253743782754841,-0.492432764315605,0.20882656074327,0.913729417632424,0.889773733466099,-0.497254872614368,0.775022262315783,0.839302839823917,-0.261309381200994,-0.428445121216356,-0.345121908079097,-0.168968279639675,-0.370643162478268,-0.462943838463739,0.14916781160983,0.802189444300901,0.0337897652063019,0.832973899896181,0.09006640381713,0.134221193331236,-0.255024305250265,-0.289543930706219,-0.376359678397391,0.0803566263489405,-0.308890418481289,-0.293355033814931,-0.425997954874991,0.234327508972089,0.934677456107428,0.93057464532987,-0.327726474418589,-0.302431383563064,-0.0159525269612335,-0.0277955790185145,-0.168438253481292,-0.47583690555906,-0.129241623585439,-0.176457805029715,0.413568352597098,0.895798151063816,-0.323037889544666
"继姐-继妹",-0.116922815765861,-0.16897500088804,-0.247072872932439,-0.366536371410391,-0.397631495915769,-0.0505274737074265,-0.0216404927957776,-0.142188115902222,-0.306139787049439,-0.399567117177547,-0.204283130151891,-0.127704899083307,-0.298248298436926,-0.13602794315447,-0.100618558695563,-0.485848882138904,-0.203197625798735,-0.146647739639739,0.0746493595816268,0.697188254037228,-0.178361185607887,0.074597134190922,-0.187673187480624,-0.154598134445043,0.106817648606485,0.22319079767994,-0.278348116053623,-0.144268249634946,-0.278598155382964,-0.159794798796155,-0.206339398443187,0.139396248288083,-0.140885510626667,-0.0372311491296073,0.0644121808399378,-0.0207524478593303,-0.0998091511217404,0.00543050076788398,0.0624134485334536,-0.0819862807592158,-0.327507071044382,-0.280817857249645,-0.246474278100397,-0.373367866240359,0.200574058132638,0.127960744021497,0.191477167103641,0.709618964531175,-0.0348047490833825,-0.0969622089227422,0.767737584342316,-0.226779786456461,-0.261816096655351,-0.0542254536448119,-0.00642446509235592,-0.20446979202728,-0.296234996957708,0.0191374051227996,0.0514005593125936,0.893536954361274,0.705436344836986,1,-0.294149862506007,0.0964078155215671,0.153301456366154,-0.167677257279485,-0.311432044820907,-0.327328313493633,-0.21789857794336,-0.232249293843146,0.149781674416887,0.150969260987089,-0.305471211200139,0.732546848869574,-0.00440699453597517,0.702396490721065,0.661901010467275,-0.166933399502004,-0.0538737729237804,0.137615064158079,0.0367123289211167,-0.202849032107327,-0.00926569630448243,0.102843125408372,0.719909093908886,-0.134330941926958,-0.122694088623959,-0.0347470575645096,-0.189748607270744,-0.10453974390871,-0.181253233468036,-0.125243695702025,-0.173637344242519,-0.183246096338072,-0.11114270831717,-0.30788560963669,-0.274538719864533,0.0659794019982883,-0.103798910904001,-0.40725803074188,-0.256298531256965,-0.0814761121983309,-0.0693726984067349,-0.449750572945397,0.00746830079607518,0.703719588134069,0.642095612432901,-0.449956366162744,0.853481165384715,0.72584187708417,-0.0231822303453085,-0.393276894022911,-0.231750134949502,-0.252077884439465,-0.234325027237345,-0.0913455246026375,0.0983683973488854,0.755340260798374,-0.192867735662081,0.588507799954796,0.114115887428368,0.0873829506233107,-0.233149534887356,-0.0508119550629347,-0.299586658942725,-0.14691009322217,-0.333730074431159,0.0947141263208197,-0.0263550906267305,0.00844543745906378,0.673683708074726,0.621086348546601,-0.27769808322759,-0.300672479529254,-0.137423247677663,-0.124431602107364,-0.0113711236561936,-0.392717381884052,-0.158812850400606,-0.248804409357957,0.213498011373512,0.699978866520115,-0.434691463507859
"继祖父-继孙女",0.0962371773069206,0.287635337029612,0.135014584520603,0.243781205603365,0.187335256821326,0.114100441235496,0.22221079812823,0.142459543027795,0.45374352953827,0.119458052334193,0.198160391901097,0.249914988105797,0.493586943607709,0.181788939495794,0.186416439138936,0.469223401427619,-0.160143464391545,-0.280676232691723,-0.258988072977671,-0.4830011301536,-0.0612845571813411,0.354634881985018,0.553769159674395,-0.17465732326988,-0.104526081794445,-0.145514745544916,0.219453474057007,0.494332732194088,-0.0168805475494361,0.0615926941018796,0.613558694643496,-0.357039823021234,0.186515224066854,-0.0888833794912903,-0.363952387061473,0.0539052262445617,0.290867501111578,0.0307917998904708,-0.1019014162831,0.0956935412570181,0.0666366657937011,-0.0229718991728633,0.181794251189564,0.336516025669308,-0.218732344655316,-0.188262079162289,0.0661533373416053,-0.36497905360268,-0.18641954865631,-0.235081630176848,-0.401963997780715,0.0299549629333212,-0.075881956235153,-0.173434244543376,-0.405702850305253,-0.122693278081755,0.143634879280871,-0.00426562961522953,-0.0927932425991469,-0.21391215611534,-0.389887681987107,-0.294149862506007,1,0.332240223095735,-0.00464356436931396,0.206541282776844,0.209427914760915,0.341305675158997,0.130699274360983,-0.00488981999739187,-0.224642883745758,0.0142688998424688,0.371451146860112,-0.356274776757754,-0.147479606106139,-0.425306112389924,-0.456507460833509,0.157479684849481,0.270285663324727,-0.129770242576873,0.266638557946237,0.0382814078462198,-0.241839047848854,-0.177087589362542,-0.407026100820232,-0.141473906727732,0.152531702580753,-0.0359073168700183,0.412329146762666,-0.219876025839433,0.0130511755536969,0.211481348548631,0.00964362112462169,0.211484970449079,-0.16387415407473,-0.103988802943289,0.155778415972615,-0.183776388272077,-0.000331394536447475,0.428975724193014,0.134766048007776,0.171673854349112,-0.0584012026554593,0.417178377040893,-0.0188932540291522,-0.415299556492478,-0.420846217363557,0.123446139500282,-0.265623433553538,-0.361274299148454,0.414923987931572,0.379237177151007,0.165598727103508,0.0104500414768667,0.111694058133241,0.363259496668635,-0.171413249499856,-0.371410145552972,0.0552026665375588,-0.461186523113699,-0.223399192828756,-0.0633094729461358,0.248343926386896,0.12892951297281,0.158751538335412,0.0951933034315071,0.323871603317613,0.261858392722943,0.212796206321744,-0.261897613642848,-0.40944506654284,-0.432044825905039,-0.10862145997488,0.342789544986724,0.0437939950572431,0.0395946080580262,0.319246291779892,0.463712901467413,0.0494846998793232,-0.0177196138962244,-0.317468192437086,-0.436188041936207,0.385041914737323
"继祖父-继孙子",0.345620802567991,0.118995897711139,0.0577844285831289,-0.00729809760365878,-0.228593499163497,0.0261983200560146,0.217399276247969,0.20594621372064,0.289398967730753,0.118923008614071,0.127419667174714,0.232426498730445,0.132838685607369,0.467784722918749,0.290741280045869,0.0229070207683957,-0.285863593364265,-0.280643488004747,0.127884840179819,-0.079321308557985,-0.203608821624521,0.404022227061965,0.194877306255642,-0.287631221612564,0.141866772685153,0.394501715859265,0.133103494719968,0.118306933127831,-0.382386892222222,-0.250186421457669,0.458680722057745,0.0531835244191532,-0.030742189481682,-0.0911693492536972,0.15102790176578,0.246664021438705,0.488480052186293,0.233129566909388,0.370444290840827,0.107331798637099,-0.391908240083078,-0.391101566240523,0.00880399400675709,0.0398650935424739,-0.395954530132717,-0.290621028960287,0.564720214690095,0.0810174281832267,0.110036401203015,-0.233876273219176,-0.106787152838959,-0.137553215878476,-0.495412933984119,-0.466213913385802,-0.125464073355246,-0.325243815031567,-0.0934769694286244,-0.0261717862889024,0.00668336427272544,0.104886892341989,0.123208629505497,0.0964078155215671,0.332240223095735,1,0.359443223982882,0.187842597215576,0.327436439155753,0.378620552499023,-0.315423282910052,-0.191187432869399,-0.402368532871477,0.314833196683985,0.195964132075877,-0.014723649373995,0.48017395300717,0.0240952171830365,-0.0117831365218754,0.163209203378713,0.368656497413145,0.365681278566564,0.406461504069594,-0.249686430673404,-0.0918669057219737,0.035287935882836,-0.0101989721367536,-0.14893610314676,-0.202158478167416,-0.229053986292282,0.320981337755351,-0.0349237808249565,0.0106155184279951,0.228657144269608,-0.343243044646847,-0.0595241397975947,-0.497910264939536,-0.136075887620297,0.0946393631926163,0.113912652785508,0.214234279087689,0.0108766456694349,-0.125886974960205,0.136081153525238,-0.396428227830057,-0.0313901097814972,0.401845995412763,0.0750256677985503,0.0340733564866369,-0.413907912926577,0.159388338484308,0.057931775107778,0.209085580696112,0.0476471738363958,-0.159842457056181,-0.366076609996438,-0.427311187220842,0.111854474634687,-0.290633839347529,-0.0617391683283202,0.452951978376423,-0.0881699458352081,-0.388915511141488,0.268034504101716,0.364952571428903,-0.097866682413009,-0.0282926337836639,0.249673999568441,0.0529471490569208,0.185466419656908,-0.0115606270094803,0.0808490789256234,0.0481068427909373,0.0846339353182793,-0.36290723683636,0.15408484588345,0.262453715202559,0.107816043485799,0.402540314387912,0.105098275095355,0.0879516850422485,-0.420400347959613,-0.0358531057103123,0.0401435436966797,0.221978588367763
"继祖母-继孙女",0.129849636310439,0.0806645787358343,-0.131490328280145,-0.234504536114577,-0.420168649175497,-0.0927273222249225,0.309623797445325,0.176376771068063,0.0672669843160961,-0.106695347514992,0.0369575893268382,0.269730609723909,-0.26079683340209,0.210340175821756,-0.0785644917277618,-0.234535053304161,-0.327045737336697,-0.189664906324544,0.421961147924912,0.157202888482405,0.149896564743459,0.143679760287661,-0.20934006887238,-0.0151942171963425,0.377292129661704,0.146040355946461,-0.240757302978201,-0.202926441603005,-0.366143073538849,-0.247303305205827,0.12749123904732,-0.0371100641745746,0.205021745572959,-0.046122531606536,0.360839467095695,0.0197695462433326,0.183022826743371,-0.0094636876610416,-0.059991359110937,-0.111913865936667,-0.410289518945145,-0.296178329579739,-0.20071409782191,0.0285843468910472,-0.334954415048763,-0.0342524418446983,0.462239596256782,0.274089127717638,0.33616785837403,-0.0560117329179739,0.0513495432568588,0.0751114993956883,-0.276855914027232,-0.438894165994682,-0.017376553372144,-0.219718444537549,-0.0597040513989658,0.143875760654571,0.313305942698669,0.128317119102401,0.215616461362707,0.153301456366154,-0.00464356436931396,0.359443223982882,1,-0.190469821039015,0.0855019724629399,0.0572422542561116,-0.258078929360156,-0.301560023403112,-0.320361016262646,0.39113374010687,0.0717660839553828,0.100913976713807,0.29879564448833,0.198354875858958,0.146842936488444,-0.24131898524116,0.2244190445838,0.125424416405915,0.095098169567117,-0.299263548462855,0.232528834256562,0.217057535698935,0.0659639476727094,-0.0414055942947842,-0.0730065541484682,0.0616787908967132,-0.0567409698364273,0.287931414626255,0.261662061023399,0.143173322655936,-0.148818457674586,0.062215603674644,-0.394895420702114,0.0285034656564183,0.00303755961428568,0.39818307862328,0.48942132662526,-0.258172753877143,-0.453253791461595,0.180047047372844,-0.474671990455923,-0.15367228222938,0.0600267598645233,0.204716822356255,0.165888333646885,-0.56312096612185,0.103225249251158,0.0840940510996806,0.0825388509234775,0.0127788857449281,-0.427124866131678,-0.167946366775792,-0.256188483231289,-0.275840362062018,-0.0354356106385361,0.0708579336534993,0.0544505216689305,0.0912340360318199,-0.326556642704023,0.497626429840326,0.21776989205472,0.106479062367358,-0.0056417812777419,0.208594353618308,0.152068837778892,-0.131477386396995,-0.233538146877273,0.409402172584157,0.208743860888789,0.207076363665909,-0.432406342931912,-0.12511156860559,-0.0495770328625708,0.0987333214099848,0.276397218968139,-0.126731000939722,0.194058776906775,-0.338996894590538,0.341125640421799,0.112775692609708,-0.139672475566555
"继祖母-继孙子",-0.0955505120411042,0.282979352449513,0.329208047264783,0.553283034599163,0.267244613289916,0.391125054275065,-0.063227893217485,0.234594109499691,0.258973422358515,0.0329791996477455,0.0856515049985211,-0.0589564197094178,0.297914579038247,-0.0214898704080062,0.0662866195961217,0.157311671739743,0.158509169518809,-0.0122398869546924,-0.378151001907612,-0.382275936129989,-0.035764519909598,0.398599789926325,0.530988372428196,-0.232694410374527,-0.194335426538421,0.0367533417218433,0.655299780877788,0.432316209812672,0.157966090477958,0.0669461488438185,0.263255127631795,-0.250275747725401,0.0285811184501377,-0.05286096067024,-0.303503957583997,0.203841446746921,-0.0663823957471918,0.208964617513725,0.174395736891413,0.262015567363745,0.209388209515183,-0.0251040846017399,0.301764351415822,0.345022756401133,-0.176451595618362,-0.187184534961546,0.0984785982109754,-0.373246712091151,-0.151367924013736,0.0365642117159964,-0.275963052079253,0.10999239720432,-0.0769114995072068,-0.00433431220772844,-0.298064903001616,0.162168541546983,0.156103311257697,0.229457735476988,-0.0903031075534911,-0.16770446132774,-0.353409478918784,-0.167677257279485,0.206541282776844,0.187842597215576,-0.190469821039015,1,0.178591036176401,0.167883957470259,0.242112447964341,0.140044365897297,-0.207564230602557,-0.164312218293879,0.0714588609944044,-0.369628455928861,-0.0943407410469269,-0.354733221599285,-0.377727759537638,0.410887968800053,0.205755654199331,-0.167105493613671,0.0166871243869336,-0.0216361568292472,-0.194846667184121,-0.149948743421886,-0.378249751570098,-0.26021952111949,0.284954934482328,-0.213711580863961,0.277331884728166,-0.166044820799082,-0.0700889953393914,0.107719451257222,0.202089528867017,0.0861583454052527,-0.111546474429088,-0.0793444027425668,-0.188315575199305,-0.263568690862632,-0.0254964435073097,0.348181417966065,0.402122480639993,-0.20885065158027,0.188216388724791,0.324094481006639,-0.0357547873270897,-0.362992551722039,-0.363707553759081,0.093457866309747,-0.222529202389256,-0.285667911537661,0.141761922775924,0.372802557776244,0.148976386110179,-0.12509609324237,0.0360958204116189,0.570945375919957,-0.197562227189623,-0.352661477663553,0.0904015226613332,-0.42035887690677,-0.236262623740474,-0.105466664799754,0.273689540796103,0.252258272241096,0.172166818881005,-0.198474688430771,0.0336092302102334,0.285113124877476,0.375673292604587,-0.385183241531683,-0.357730685263123,-0.366230385517445,0.175000943794876,0.0570060737626637,0.0941433675177403,0.0562280157339557,0.321530051052212,0.241845248644242,-0.104309762888024,-0.200968863944162,-0.453906476907876,-0.364748760186119,0.139606539635153
"舅表兄-舅表弟",0.431083808394361,0.324717239621031,0.311935665511099,0.23207981917989,0.0808908160536091,0.147038199511415,-0.0495963222331607,0.241497234154675,0.364194680639225,0.251643614481921,0.432354171284484,0.164571727918082,0.288802035430571,0.381529327463183,0.162622230504892,0.377603647223907,-0.0990191318305459,-0.270882430866379,-0.0382024953081483,-0.264834963837646,0.0394706216619123,0.127576974977324,0.132544897028,-0.169104471796194,-0.126545873403432,0.0690164856634562,0.301947266299229,0.198342391329883,-0.0998209175391448,-0.109100325708361,0.257994434514854,-0.182849091622629,0.00843581257162504,-0.202545919727007,-0.0282283562019542,0.0310480807769277,0.237076791755104,0.0435675610737161,0.187856669783398,0.0562480904390417,-0.153218422456125,-0.190035208552013,0.352642912839836,0.365396347425754,-0.304470950358982,-0.234836533320899,0.297391714937617,-0.292174305883851,0.179386400011792,-0.00588818325340868,-0.34417613397114,-0.139211764636011,-0.270879848599652,-0.167146155934718,-0.192426326198573,-0.143543618889637,0.116288964040366,0.0645221842759108,-0.102986605142056,-0.324655152645256,-0.216287399590897,-0.311432044820907,0.209427914760915,0.327436439155753,0.0855019724629399,0.178591036176401,1,0.415737612011888,-0.128363826206596,-0.0476579573920262,-0.336664827715906,-0.0309893122699581,0.298763923562718,-0.324047484671602,0.343984886914305,-0.32458286731175,-0.294813849462494,0.115225921124002,0.219034749743099,0.0542272823702292,0.283266628953235,-0.186350463515115,0.0547734094765527,-0.105032596269572,-0.315741742295586,-0.284219885650058,-0.0653206567726312,-0.274256140780846,0.255771012449919,-0.0353572952274317,-0.0499660320083471,0.23412899155694,-0.255542833717057,-0.0832281380556849,-0.19286303091873,0.0701064201015053,0.235732605052952,0.0610950446332269,0.256429674825782,0.245230280884084,0.00831663676998966,-0.121680814969873,-0.124328689994062,0.418700522675462,0.229582807946281,-0.297904297193491,-0.281649538046945,-0.107881890280923,-0.285208028930656,-0.315911986441665,0.152968498599459,0.316027583490188,-0.0415318358580284,-0.0238422573426274,-0.184363176103367,0.187323760092517,-0.220505300562452,-0.326255590964985,0.52009251826627,-0.276391633686339,-0.283382029608248,0.31375348668258,0.473533945906786,-0.0219446378303032,0.237284299504625,0.348307790418147,0.127232230699945,-0.00780025536718992,0.000213732311216903,-0.00924125302788834,-0.274163414736236,-0.213595392225695,-0.153624646359284,0.402457200269221,0.365067104582572,0.180229803761691,0.184585154714053,0.267797790939248,0.101931726375521,-0.283264609900848,-0.295244379456842,-0.267996358532108,0.482233862554653
"舅表兄-舅表妹",0.356586137219541,0.113237616847099,0.271368968313097,0.322864037166315,-0.0577570835054115,0.14892147292544,0.108174588164542,0.0429480120940165,0.283806764831982,0.401723752411514,0.146172782493789,0.0371164330037298,0.361987158592946,0.385196867854912,0.382395276731031,0.422773643326047,-0.1774260681416,-0.173680444485003,0.169361476876076,-0.245234210700097,-0.205906835165736,0.158177210179026,0.197705065032579,-0.181526622400947,0.0402660899605676,0.0546057212000379,0.311666304581115,0.0889034363284523,-0.171267365577569,-0.20362441743304,0.358839652936112,0.0129469129304499,-0.0869364953833129,-0.250634999452617,0.131368011662458,0.230880408540269,0.375111138196878,0.171599678245003,0.233046390362028,-0.0625153761674235,-0.188636523675443,-0.220293688964658,0.228611415552869,0.268357518238907,-0.280030662459689,-0.260091113960538,0.220628243569009,-0.169677886011816,-0.0058715025542176,-0.281175198374927,-0.331915765029374,-0.123667608571251,-0.21653218970043,-0.287701703730607,-0.075686653269921,-0.325978473922653,0.071831978393596,-0.098185620750684,-0.150601902891302,-0.262580039246848,-0.117881045960218,-0.327328313493633,0.341305675158997,0.378620552499023,0.0572422542561116,0.167883957470259,0.415737612011888,1,-0.252064097878921,0.108903939555779,-0.259379228320708,0.101515565538556,0.413497430944651,-0.222314074744834,0.369411763921162,-0.194354360384516,-0.211676205678144,0.310624402731969,0.384916353933341,0.269698494142908,0.352643662108578,-0.190179678866602,-0.111934512586914,-0.152337172794148,-0.251420960565645,-0.1670187926071,-0.302027166288355,-0.112148599984197,0.207245071612714,0.0676918687920833,-0.039303180638963,0.181482603977096,-0.325971401965416,-0.0906245915834904,-0.261996369276474,0.00223711811565911,0.254674995621607,0.00546791714550583,0.130513064153305,0.304614474077547,0.00888608596229253,0.0496743007116089,-0.309864779753062,0.285035403053219,0.430039272243291,-0.186704281113274,-0.185474983586813,-0.0194296387216669,-0.263617678975489,-0.267665043454657,0.122706146338816,0.129303247409563,0.0662983588711217,-0.0209845403041521,-0.191182695045168,0.0534183012224942,-0.229073809293047,-0.23167005047988,0.418326590992668,-0.16950146014745,-0.250521608506623,0.168063122441371,0.389651086276271,-0.0988917001462117,0.0667960860432202,0.349870813005055,0.195708644638667,-0.0775066265606652,-0.159281438568948,-0.00142969498088571,-0.174189647052813,-0.089066612554884,-0.0965058865084744,0.371078435947441,0.271251610772755,0.081420894218956,0.213742737366225,0.238743620795323,-0.000548895047766791,-0.0736563552191201,-0.177818769871396,-0.217657072871626,0.382708074926055
"舅表姐-舅表弟",-0.423666611292079,0.216901323814799,0.0937957989253137,0.402695027058154,0.524605705994528,0.261385934257233,-0.074080270031583,0.154916954710983,0.0471509821850751,-0.298771303325047,0.0207655626868265,-0.00204154757560211,0.305974525759629,-0.208883340232143,-0.105114052468191,0.123024114287307,0.465926716312397,0.0882692789063512,-0.474469184583433,-0.363101375632749,0.156527923302556,0.136819113273567,0.423461761676841,0.00502839678214812,-0.209696442208045,-0.282514195657346,0.240885842581681,0.399678041743622,0.448728022526855,0.484760612172472,0.0376407263248532,-0.171823065971074,0.235794477859096,0.0898731153404849,-0.4455319707711,0.0992515384286738,-0.220383748593834,0.158915624999197,-0.14535029434279,0.366878097456657,0.633290241201434,0.277553311032015,0.213706663660638,0.292454433865869,-0.0241016212893658,-0.0840772369805475,-0.28628200154956,-0.398256217683671,-0.28915717362716,0.369299095376524,-0.244890921823915,0.13988857846065,0.199537184868197,0.0822605194004075,-0.159428998710385,0.313463552553374,-0.0160328169940009,0.165086205170733,0.095507300167156,-0.297049168823294,-0.473054195298368,-0.21789857794336,0.130699274360983,-0.315423282910052,-0.258078929360156,0.242112447964341,-0.128363826206596,-0.252064097878921,1,0.293653662540417,-0.0770219353892064,-0.311392217336616,-0.132638993493614,-0.433379895189153,-0.616126990728695,-0.464529110332337,-0.461988927848137,0.115360613498424,-0.259532637212952,-0.348989158438086,-0.0506829007350824,0.294082244548624,-0.216246928562836,-0.164555870921797,-0.414756816617898,0.0342308510398365,0.648650014758348,0.094733122867451,0.112328462870927,-0.184908579948906,0.110517765665731,-0.123069113581903,0.610205285021601,0.385085769166167,0.0580985594009057,0.107195942159617,-0.235457407454605,-0.383399408701887,-0.292971364177826,0.357285838304049,0.408018321744196,0.0333417844272122,0.28610695657039,0.278043328796906,-0.297030756141462,-0.48013994859693,-0.480469322165456,0.446704173425659,-0.31938494508815,-0.379981176666444,0.198359412681113,0.212627764580633,0.177004669372132,0.112071116574723,0.44554628738509,0.504498117114115,-0.0924318977586767,-0.341782776067314,-0.377555257576055,-0.429472015434849,-0.102364861622051,-0.183904066937466,-0.146689134563432,0.322968417188512,0.227851622701617,-0.377708499714365,-0.00903801127560407,0.455034395235328,0.574440807398256,-0.290598472697742,-0.451521163234935,-0.485303631752254,0.355692063324201,-0.0282460859436685,-0.163651976985683,-0.279768111088228,-0.0515719688382299,0.196239359253509,0.103967983338472,0.0346972446205313,-0.213182995271318,-0.45872681235442,-0.0528907567291608
"舅表姐-舅表妹",-0.0254648277147972,-0.216486810650517,0.230878251891653,0.103158432095538,0.42753412398392,0.229109925510483,-0.272041371587482,-0.295651112035346,-0.144490965646307,-0.0915884468332488,-0.241040501000125,-0.287413989189858,0.0994127926131269,-0.278908796388206,0.198023790523424,-0.00207724760629481,0.429722482560972,0.362405270287881,-0.219235676090197,-0.119810741860165,-0.176434779439423,-0.060567277623083,0.0291108470399298,0.0880869368438329,-0.122636916318597,0.0740307703978147,0.132254111280104,0.0237873574685546,0.553987428175153,0.376666286862592,-0.0313886117735547,0.385169594439875,-0.0241635167828669,0.161031740975504,-0.186876175117546,0.0213956406156939,-0.133774582773009,0.279237884989868,0.109138249864055,0.3936114222144,0.294298361014013,0.232573380312907,0.126334498633231,-0.0494044020425653,0.082599870793809,-0.0495345932409483,-0.236667795334852,-0.221839367916579,-0.288391690783327,0.230673251602061,-0.0668768595989474,0.0179842367547885,0.288665266691129,0.15869356387273,0.158734775660801,0.0696328640631612,-0.0295640224732835,-0.150716805568108,-0.194995941492438,-0.25924764278404,-0.281969927486758,-0.232249293843146,-0.00488981999739187,-0.191187432869399,-0.301560023403112,0.140044365897297,-0.0476579573920262,0.108903939555779,0.293653662540417,1,0.0688268869435001,-0.265318685766036,-0.127208847627042,-0.142494082924288,-0.235726631578369,-0.217036904853961,-0.181743463070012,0.179888026740842,-0.165947684988879,0.0757513180777312,-0.0589721163909163,0.212214292774421,-0.11991999381835,-0.260283814217897,-0.117363827088006,0.130132669402138,0.0834623552983881,0.247318594780862,-0.112573441879358,-0.0426187489860411,0.0026913782463966,-0.103293615176188,0.19588711404918,-0.0251697181604185,0.0778648025442766,0.0754418618910249,-0.135122012825768,-0.227302396526183,-0.254455600920056,0.124495387495963,0.349238843499845,0.0467777740144803,0.0979994123512134,0.0226265960169323,0.0689820302012079,-0.224391165475423,-0.186399727261183,0.430895798261961,-0.297634614389852,-0.215444650805968,-0.115454148263419,-0.240806647534768,0.596770458208315,0.0399089899783516,0.259846152286699,0.0897214473752656,-0.0495428689529481,-0.0574044730084307,0.0666985243778991,-0.0581985022494606,0.0444698153991067,-0.334208598428471,-0.128375298267375,-0.094139151426307,-0.122565872028572,-0.0781916771073781,-0.101696013045327,0.191234512376848,0.213244627921107,-0.245340218006655,-0.25455562536352,-0.225595870400398,0.51221386576864,-0.146942283616331,0.066989555511493,-0.092842659869127,-0.218347374735664,-0.165542911527015,-0.0321561762200435,0.125490340159747,0.0894784523666931,-0.186429692917901,-0.0667655104580741
"舅父-外甥女",-0.175590970097855,-0.300954836534282,-0.189328071302412,-0.224890267702073,0.0370731384686129,-0.254527856363156,-0.145287131982684,-0.338593393556241,-0.261827130144612,0.228233887144193,-0.217143804567886,-0.155470929642936,-0.179286272196165,-0.454011783816851,-0.235515338944227,-0.0463806231183823,0.081274472215658,0.1656842716901,-0.105411030291197,0.208871172103506,-0.11606644546024,-0.378780634801193,-0.324101101617676,0.0567243918496375,-0.247248834788873,-0.266087547517332,-0.266488608509914,-0.317813935271085,0.0977277134424362,-0.0358257978375054,-0.186337496902548,-0.0220838111921448,-0.278397879736086,0.00295244244143147,-0.12209867752724,-0.238873553589253,-0.211159624414498,-0.282071401553262,-0.187593603071853,-0.102130316533165,0.0662340672511805,0.313196400716699,-0.169702652398773,-0.240504867431129,0.942540601444208,0.520444065077809,-0.369701880275638,0.0907985967638316,-0.213303231438725,-0.119387433918825,0.333273665244085,-0.200177696323393,0.248460626616902,0.565521455455722,0.129804907962384,0.071957105307453,0.0669697513387897,-0.228611566128682,-0.199200467413112,0.174928552610618,0.120299762768264,0.149781674416887,-0.224642883745758,-0.402368532871477,-0.320361016262646,-0.207564230602557,-0.336664827715906,-0.259379228320708,-0.0770219353892064,0.0688268869435001,1,-0.0925858631992556,-0.160118727106466,0.286763123913757,-0.276275760630657,0.212163461396381,0.219234412850344,-0.186064745829299,-0.231634141259008,-0.132297920667085,-0.252740284322808,0.219764384823866,-0.160769118181123,-0.0662407495982669,0.294271031919348,-0.00333242117295153,-0.223959677125408,-0.0156450790646957,-0.236505609054714,-0.171455232448834,-0.231026762104506,-0.194891999277606,-0.123226205508089,-0.292891601826686,0.659073669108043,-0.125835562357178,0.113963914596367,-0.0663911964256051,-0.272013813559024,-0.163833510879876,0.0400084026130355,-0.29277789693911,0.415926885733608,-0.192700563786496,-0.198308280185408,0.180389470291656,0.201949523013149,0.239337933645427,0.143368727748071,0.229880971971902,-0.24891971828018,-0.209032185250209,0.238597352296057,0.171975230625393,0.177893661169075,-0.273519215702087,0.516396541744177,0.263255377620759,-0.222630845569062,0.276914620037958,0.957018190193055,-0.29783788563144,-0.405365473417387,-0.2996590730044,-0.196510035540536,-0.0728587679052199,-0.200138409730418,-0.222414395525422,-0.0538319681239792,-0.116028315526607,0.181657715706175,0.152188101346559,0.194615304387698,-0.181592252494471,-0.199092638060433,-0.0219220265300325,-0.370724077344072,-0.28664509031263,-0.355986784385203,0.404509358925904,-0.00106258131488371,0.215023634022702,-0.180585378901549
"舅父-甥媳",0.262917597666775,-0.0449117756597022,-0.232873458942896,-0.267931970387979,-0.388348550695121,-0.271905346303874,0.185827005346602,0.176475561766832,0.124225141831128,-0.00766202765634974,-0.240918104752709,0.0917585473680794,-0.326752685716473,0.068505742781342,-0.159204464516623,-0.169451057790756,-0.408733025503789,-0.122334233812685,0.369022246709169,0.08577069363151,0.00982273763056004,0.0021499645670879,-0.182074431724522,-0.0626776549665808,0.234255881716135,0.0761501650058531,-0.277397395902813,-0.258550757687813,-0.335069013735683,-0.277899706941897,0.209946181175213,-0.0531373036765008,0.0355914449159385,0.0713109925678661,0.25737343233077,0.0313141928905198,0.219958838754674,-0.1869623269826,-0.129066524515585,0.00982307032775478,-0.414935407874809,-0.216847897409752,-0.327979238296376,-0.121859277398672,-0.184671461458852,0.041434941869349,0.428808545078028,0.323599058920064,0.321073492832449,-0.282593230346432,0.163610953892626,0.105670177925652,-0.22702264752174,-0.313237742032579,-0.212149513466352,-0.258846288353353,-0.0953292367425279,0.125817580026103,0.267756032852145,0.184024741639092,0.279029567806315,0.150969260987089,0.0142688998424688,0.314833196683985,0.39113374010687,-0.164312218293879,-0.0309893122699581,0.101515565538556,-0.311392217336616,-0.265318685766036,-0.0925858631992556,1,0.136507296804507,0.238690902067989,0.229247758176464,0.270184643315667,0.176904322825443,0.00748549242158919,0.40695495890462,0.0107571675020639,0.0190342207957386,-0.266059921320302,0.115197534534333,0.378457904182403,0.155683749365923,0.0628955877646955,-0.268428272212089,-0.0250902185882598,-0.00938936735828204,0.0581365168248841,0.123482822371279,0.072210780370202,-0.189520705176073,0.0476251725041308,-0.288629780851407,0.115217902668338,0.000608477296113618,0.188353027369095,0.353777758013711,-0.264773816547295,-0.462492902824521,0.123581858902755,-0.406266151936488,-0.181364993913298,0.00252740748658805,0.226116490153101,0.218034700618092,-0.389953488196398,0.246346374734744,0.256108734240198,0.0422008286818726,-0.105653910771274,-0.277214288150445,-0.0414247638489588,-0.329306937306088,-0.238502892389552,0.0269544859912542,0.0854363230843675,0.14744644984806,0.0555246847096958,-0.166764449999479,0.189193682069247,0.0302529298672975,-0.0363495542169709,0.0141465523892319,0.0605771340994539,0.131123328347368,-0.21445632863432,-0.26728371210527,0.214867602515385,0.287685740275073,0.235824070917394,-0.320271233604927,0.00328686833356124,-0.183395726907607,0.283379313146765,0.215996342317696,-0.12073071632354,0.133636756021874,-0.12149898417548,0.151456710292102,0.17435212749992,-0.00501846259954368
"舅父-甥女婿",0.162295867742936,0.125073359388318,-0.0202050923337455,0.0793518668486623,-0.140666457595911,-0.117283943583318,0.302560686762082,0.307655947190367,0.574027978375514,0.252999404742539,0.267482838605811,0.216927388074371,0.264079741170796,0.318751959782312,0.0846424881046374,0.323982080913621,-0.242704977487013,-0.143399739369449,0.0873848372046229,-0.301405251313422,-0.077998070061173,0.149116831600639,0.133456355738288,-0.140140097915971,0.110893713610743,-0.148435726730445,0.107877571814213,0.184014589974318,-0.162168096796249,-0.140574493241683,0.323071037380931,-0.189053998399392,0.133442615425111,-0.144199434126547,0.028065947512094,-0.0465706146283467,0.219529137394193,-0.181647169332469,-0.104071680666907,-0.201362736066644,-0.0772155193581235,-0.206388032437763,-0.0147803047358542,0.218847295742008,-0.170678680933238,-0.236428690922082,0.0886425839249723,-0.144593703286382,0.119244594267298,-0.209323943231929,-0.311188602705613,0.111525986809805,-0.209522584535998,-0.234058003256761,-0.174004160118635,-0.221294856551093,0.223705548079872,0.0732995108796562,-0.0910086019735355,-0.26024993304566,-0.158064487865677,-0.305471211200139,0.371451146860112,0.195964132075877,0.0717660839553828,0.0714588609944044,0.298763923562718,0.413497430944651,-0.132638993493614,-0.127208847627042,-0.160118727106466,0.136507296804507,1,-0.226504322670998,0.119453293404255,-0.240075821107772,-0.256774677915621,-0.028076943510115,0.201026204062813,-0.0774049153760476,0.2023642972325,-0.00303452762031621,0.058027847788669,-0.0151643029237354,-0.280631692442006,-0.0740014140458846,-0.0740730954094705,0.018530591023121,0.237268939374063,0.00267074402859805,0.00579663038374132,0.0853375367198942,-0.0646505150903963,0.198446045487831,-0.202678731452256,0.201281760668835,0.324410757624729,0.132196124252836,0.245146666696334,0.145009087893343,-0.123550383016937,0.233290382376034,-0.179010511615467,0.322718218899335,-0.00320142711138514,-0.247378207426682,-0.266771005106121,-0.00540161812412115,-0.235320880018165,-0.284651878395146,0.279860202579256,0.234317671750359,-0.102290272394432,-0.0579565568497165,-0.207812884365803,0.0460739381847932,-0.219292339173677,-0.266482146402571,0.192842940035374,-0.245502565437585,-0.156880871602369,0.183946641409176,0.261434631664605,0.0520681516691434,0.226584472070125,0.232208413412293,0.310548337947297,-0.0563499572361512,-0.0920739909395654,-0.0425640984243165,-0.231992294609858,-0.201511071970202,-0.115126738473022,0.272347122348177,-0.0146811384562826,0.05977583099606,0.207263799195698,0.281224863006696,0.16529873180692,0.00178288370730778,-0.133988824974692,-0.268576503333949,0.407128843108512
"舅父-外甥",0.0375529355693292,-0.45543665602262,-0.300682126321292,-0.60222543657535,-0.462595931714193,-0.339692417221316,-0.161108628724259,-0.318701166307041,-0.378635214453703,-0.260756167686922,-0.373661073551826,-0.268167035348307,-0.414405546248591,-0.16897036189362,-0.0057676485550163,-0.488292712994562,-0.30752744654009,-0.0146176834568274,0.290705190733235,0.83088349094219,-0.205700377824076,-0.120991830590137,-0.43361345771322,-0.038666562892417,0.177124250633772,0.319558447292791,-0.446395770729292,-0.372812673077618,-0.289068873319364,-0.307458312700842,-0.250245976798848,0.408971375630296,-0.309894005766128,-0.0178402997194206,0.261465743707813,-0.0644439752113964,0.0648964138345332,-0.162633987310323,0.0103593657481321,-0.198743428557259,-0.443830321993784,-0.256433431201923,-0.402366072830362,-0.617248715776778,0.25394084255908,0.265879532021851,0.043787337901329,0.810200338545372,0.0321324855246082,-0.260701870657528,0.866485271334771,-0.273620286461298,-0.254014932910183,0.0165303934309684,0.0737499627578926,-0.274072410366828,-0.35702634963182,-0.189241964473508,-0.0144758784600593,0.809603947648361,0.841909241736525,0.732546848869574,-0.356274776757754,-0.014723649373995,0.100913976713807,-0.369628455928861,-0.324047484671602,-0.222314074744834,-0.433379895189153,-0.142494082924288,0.286763123913757,0.238690902067989,-0.226504322670998,1,0.16730147084551,0.91411450414154,0.883128366101615,-0.223826494607622,-0.10535290758603,0.320223444902037,0.00389682628631785,-0.238443840033179,0.0571988555871809,0.181652642784944,0.924800964278326,0.00253605539536755,-0.43884074242292,-0.0267831298265034,-0.372629357069981,0.00556125683676853,-0.23680683622153,-0.201357144050078,-0.349563402566633,-0.295026472216518,-0.00676075584455043,-0.29671121786994,-0.16018856713853,0.19004255570369,-0.104490558848348,-0.515283262221607,-0.373139362083257,-0.0756891310497464,-0.137384219778176,-0.548375287894416,0.108127414724424,0.888786773722778,0.86648475677565,-0.396302860064996,0.826154660181906,0.872904528843906,-0.268862689770296,-0.504063149284408,-0.169884415230676,-0.157373743590762,-0.286935049063168,-0.411397508149185,0.251515462026527,0.932559804055572,-0.0443527090641225,0.83977408776138,0.243391494546209,-0.0689839538907759,-0.33307924081283,-0.304939527319789,-0.465309098915557,0.038780223726149,-0.339239343904626,-0.210947545624655,-0.335307720560297,0.124870649520509,0.861167473236779,0.792105303526906,-0.263491768160374,-0.320979820463597,-0.108777475641055,-0.00393828180201221,-0.247378846357488,-0.532637206974824,-0.233938539856037,-0.104300899441936,0.339142839862793,0.885535753435583,-0.370441482249405
"舅公-甥孙",0.497717178817339,-0.110557885475588,0.0520102166912827,-0.19631571855699,-0.43224491110774,-0.112116415025463,0.00806201467768881,0.0159380870385987,0.0468456870610639,0.275932902683963,0.116914393670674,-0.034125728865445,-0.0932383532519269,0.404081510276978,0.36281720279863,-0.0559517355502305,-0.346283969203264,-0.1147030356199,0.465150786761915,0.188500013317045,-0.220693218711412,-0.0333970318162445,-0.240427068688339,-0.0298463156837805,0.153307836509882,0.511554123385886,-0.0506533170442738,-0.262037027910902,-0.408701292931581,-0.352272125301973,0.040653553708594,0.26403782406193,-0.281953005218167,-0.165186976289683,0.50523093514818,0.130293694688555,0.30701648914203,0.0665086215889878,0.405535165398632,-0.183876124899121,-0.493245156930777,-0.366380092019725,-0.0435756238689251,-0.118330025821029,-0.305047626316848,-0.131449610114113,0.414541078369622,0.197784626724247,0.358169986155026,-0.144614287024042,0.0270537044573241,-0.251264150755493,-0.342447609800663,-0.240839140434985,0.173549492118481,-0.311922057387975,-0.0830633558852114,-0.168256727118918,-0.13613175724823,0.0528752567427279,0.331497020588241,-0.00440699453597517,-0.147479606106139,0.48017395300717,0.29879564448833,-0.0943407410469269,0.343984886914305,0.369411763921162,-0.616126990728695,-0.235726631578369,-0.276275760630657,0.229247758176464,0.119453293404255,0.16730147084551,1,0.300283710758973,0.271560620718856,0.106598038324258,0.347748811026783,0.592935824467343,0.235606183053413,-0.256013285310054,0.0859960834712941,0.0526074103870255,0.198686120628459,0.026675398721199,-0.465218331797652,-0.0857488090234606,0.104607767283101,0.1838726231019,-0.14293129333746,0.153809581676465,-0.527718768474005,-0.350687830638629,-0.250465574846099,-0.145721910488719,0.187632687965471,0.284942636975411,0.25553268082262,-0.202273359475691,-0.313526716858123,-0.0411562746900592,-0.333338748354816,-0.196193343278294,0.499727636072302,0.332089019120162,0.310554483498427,-0.418315055972337,0.118997211370333,0.149318040798907,-0.155406965799368,-0.147834578063875,-0.240564255469317,-0.17132649124188,-0.498544480060455,-0.304534669789344,-0.111958080166167,0.118625746810658,0.594864292426556,0.26293829875037,-0.244871162972831,0.260206831154575,0.356876464850864,-0.31822640836582,-0.179077408706429,0.381204325916358,-0.0629247381668278,-0.215181384965162,-0.458110571210753,0.212927841981521,0.312204175738046,0.360931087038742,-0.348723383953794,0.117835953694382,0.369492425509833,0.214104105942578,0.149633851634118,-0.0224021194830945,0.0334698293794839,-0.216211989540878,0.244411776549738,0.294234138376382,0.0916219870765753
"舅母-外甥女",0.116530978704266,-0.422753596648759,-0.24739749989027,-0.569176471908634,-0.537540124581013,-0.31359977232854,-0.187947809456902,-0.304905912701154,-0.417865419359717,-0.209220945550065,-0.355298971833927,-0.318679862937603,-0.452568546947832,-0.116746413798639,0.0159438744789296,-0.512764013227094,-0.301742164494154,0.0123922905526313,0.396844044627345,0.872118358183575,-0.205632709128066,-0.152562557496056,-0.455028750087885,-0.0348624510875095,0.24452354107937,0.369318348515088,-0.411659045511159,-0.433924437132209,-0.331190717068784,-0.31291694836108,-0.285143162003535,0.394494602483069,-0.360593557990467,-0.0077963419930805,0.390877495313143,-0.0440596348298588,0.0342135072387489,-0.159687306377857,0.0352759177472067,-0.28015562474808,-0.502483806540044,-0.294022840147705,-0.416332991922611,-0.544764047436749,0.167867138746222,0.214177714590073,0.107816845474461,0.856880481734646,0.0349850617000728,-0.256133393172319,0.818500458012126,-0.271101655204352,-0.25577288850549,-0.0298373461487009,0.178418135397333,-0.267862672291904,-0.383571001260216,-0.227282404355606,-0.0425157782994886,0.757526876672071,0.901118541263284,0.702396490721065,-0.425306112389924,0.0240952171830365,0.198354875858958,-0.354733221599285,-0.32458286731175,-0.194354360384516,-0.464529110332337,-0.217036904853961,0.212163461396381,0.270184643315667,-0.240075821107772,0.91411450414154,0.300283710758973,1,0.92039908072071,-0.202215251563694,-0.106248777066895,0.386262512300955,-0.0366702136979238,-0.295519920967405,0.0709578710818368,0.201683570572078,0.885652871416613,0.0506904960769538,-0.438542928054743,-0.00591692972738581,-0.394459309844391,0.0969798575839447,-0.197116408657339,-0.148168329457204,-0.395098709300637,-0.334243786388426,-0.0467292847363788,-0.292913379270862,-0.141293469192948,0.256023175932459,-0.0494788654251462,-0.535367216615704,-0.433643173179282,-0.09898930535928,-0.193416083767711,-0.543512792906963,0.183747408914798,0.940377046793117,0.914778654166393,-0.475299194045698,0.775185764191313,0.862510481216903,-0.312284881035137,-0.454529858673388,-0.257419225920642,-0.155982145838467,-0.321075542011901,-0.464687023443917,0.206235304528346,0.859173457204507,0.015532623304298,0.866095503228995,0.157836315001388,0.0292320497385777,-0.250087587662458,-0.316108090791184,-0.433080257680419,0.00844228198992466,-0.318929649641455,-0.262823806697716,-0.403566929676008,0.1530735767929,0.924727885784436,0.872551458701392,-0.316628102718109,-0.349155841863092,-0.0807151993436486,0.0415780487925382,-0.181933455558625,-0.490265080295537,-0.233523514409877,-0.135351705972532,0.410040653651643,0.904327210809199,-0.399787301020403
"舅母-外甥",0.122732226117497,-0.385073492078916,-0.201007496066198,-0.560279003208535,-0.479263086715676,-0.288201699793503,-0.248073377028973,-0.351047925661577,-0.488484623487589,-0.179547496423837,-0.266495910230903,-0.304819211883601,-0.477919320540489,-0.105183340326835,-0.0407369516739517,-0.501986835376913,-0.255581479515561,0.00726207549667948,0.389715865028093,0.905799881417557,-0.180236216371013,-0.22256718464568,-0.493385355492521,-0.0505965310167326,0.214025633358965,0.332537707140312,-0.412495331997782,-0.482680494164284,-0.328521548077917,-0.37305554008164,-0.301635042228938,0.43385790618593,-0.371976588030091,-0.121273589429456,0.460749640934112,-0.00362728970426302,0.00746930172026067,-0.134858009604327,0.0633441175802115,-0.294751091231037,-0.461244312283811,-0.285222568562786,-0.375891011828078,-0.536793277156399,0.17922318431713,0.208024851356867,0.088223496182845,0.801012579799183,-0.010099333745076,-0.247146321359443,0.75736951574118,-0.266059463294488,-0.246504837963069,-0.0547514536757564,0.244983951914227,-0.261272618571648,-0.393392610132809,-0.257986240770359,-0.0287553430048104,0.677199490373751,0.878634093604164,0.661901010467275,-0.456507460833509,-0.0117831365218754,0.146842936488444,-0.377727759537638,-0.294813849462494,-0.211676205678144,-0.461988927848137,-0.181743463070012,0.219234412850344,0.176904322825443,-0.256774677915621,0.883128366101615,0.271560620718856,0.92039908072071,1,-0.209882532821652,-0.146894587991594,0.356351430935651,-0.0511035218014761,-0.294911227079622,0.166924693404284,0.253036496741547,0.878665897977488,-0.0296300712612665,-0.416791580919496,-0.0609555083609116,-0.422827850564737,0.170495592380376,-0.193624938574657,-0.103510692199078,-0.390008603066449,-0.378904762374696,-0.0571546060478956,-0.248173149224658,-0.0779374815301103,0.351725558423124,-0.0541791532172721,-0.497776359203389,-0.37358041558967,-0.0945773830835427,-0.20395433090501,-0.54479632425374,0.170665489723103,0.910288042046992,0.950429248022346,-0.439351973613134,0.706079659874564,0.863865399968701,-0.332048418664709,-0.476658193691864,-0.261495660550075,-0.164418315938948,-0.280237437261702,-0.481995012248276,0.189540731460197,0.873044525219205,0.0460424132286732,0.913388767270762,0.200836669268816,0.082948200319341,-0.282170432075218,-0.333401078434622,-0.410655378655259,0.0705038427858107,-0.298121425915598,-0.295047658243314,-0.359297716306109,0.222256354777783,0.89078875624047,0.871032130204183,-0.278654797148306,-0.350287459089373,-0.0444648685884964,0.0106689607343825,-0.215243062278744,-0.487657019168081,-0.290852488217633,-0.125814904504301,0.37708811372173,0.938177435109341,-0.402164252857839
"妹夫-妻兄",0.213375384075062,0.200986446995672,0.393786291341594,0.464785401540361,0.189294871145131,0.367693079838752,-0.225867531624136,-0.00555020702288061,0.0126231385047263,0.110320619629891,-0.0274794716078082,-0.185995594402778,0.210749997401224,0.105898788069679,0.197348192661337,0.102561379515611,0.0729118815600749,-0.142772373837163,-0.0898132119316778,-0.222402857228431,-0.100926334602243,0.33291777458451,0.318882778890685,-0.03602015020543,-0.164807970784825,0.214244583049836,0.442907669881315,0.17193555512598,0.0151408563550233,-0.0611099844378612,0.289248191076762,-0.0075042723800765,-0.180897397765969,-0.268615492965332,-0.102193634313248,0.398828099250977,-0.00421131799542679,0.197521691837685,0.226030725942823,0.274287951070883,0.026882478846523,-0.183153534482162,0.359951772328217,0.11544483196942,-0.215483846457467,-0.142012313390213,0.146437269575888,-0.243799527109017,-0.046387126894647,-0.0625084068843841,-0.196771342063611,-0.0858608072112542,-0.0557036240111819,-0.140956230676259,-0.291923064689254,-0.0302740148621613,-0.228521205731592,-0.045496756420496,-0.0646997500413914,-0.151764061248325,-0.184446129801441,-0.166933399502004,0.157479684849481,0.163209203378713,-0.24131898524116,0.410887968800053,0.115225921124002,0.310624402731969,0.115360613498424,0.179888026740842,-0.186064745829299,0.00748549242158919,-0.028076943510115,-0.223826494607622,0.106598038324258,-0.202215251563694,-0.209882532821652,1,0.397791060834782,0.143254503167709,0.126095876351428,-0.186547367719927,-0.122914599764333,-0.154860386147399,-0.203025628520389,-0.10224583021861,-0.0551314471539777,-0.132194829499513,0.150395208696325,-0.134602183262535,-0.110029225830861,0.268539004214832,-0.0035806815818333,-0.0998753443282482,-0.180602989729917,-0.0219425224414923,-0.0261221105853987,-0.127619967027199,-0.0340777657358959,0.40415305160378,0.219592508837327,-0.0575093617364757,-0.0485099749466528,0.123297964813974,0.244028355141434,-0.243730078090561,-0.211238003104203,0.0400908320767169,-0.19848000669144,-0.188956446025514,-0.0381507927239542,0.0421699017251223,0.0862959365784762,-0.0834723894358623,-0.0916488755493437,0.28250137356013,-0.140718831099366,-0.21502088041955,0.269834738689126,-0.222304676704692,-0.212412852669789,-0.147490812728537,0.162458968492226,0.00449315652480826,0.0744051862484678,0.0969103833299612,0.0722218440602736,0.301331539601911,0.175211839205688,-0.182493573306805,-0.183686011089915,-0.175824862848588,0.0871912128396272,0.214780736123052,0.318989759347772,0.205398638520023,0.352680337812191,0.357640574662909,0.0667548263928291,-0.164156596110248,-0.277634536266214,-0.221492401771435,0.068450429051339
"妹夫-妻姐",0.238217975825106,0.248133022628527,0.141208856918698,0.16448509090233,-0.169275222745401,0.151918820985611,0.28260947413064,0.135292829390764,0.240003236299982,0.18871436572149,0.0954938657587561,0.2149723971584,0.0491289184046393,0.239563385163922,0.0519296506337972,0.0830566634607951,-0.39525527822058,-0.251227212368485,0.112769077020402,-0.228136066695224,-0.124686401698356,0.243212647726692,0.159000302450914,-0.138819600259137,-0.0170130004672544,0.0954592268278553,0.131370872194441,0.0898835441466549,-0.279769147117084,-0.28678273445837,0.38601252713863,-0.265027298526016,-0.0135818439891439,-0.240681590696802,0.0059149707863284,0.179283576575547,0.180130712431646,0.0162663485375851,0.13715158900914,0.0442235681455232,-0.221459529312979,-0.236068635895203,0.169359402707945,0.171548616517571,-0.258057286419309,-0.0898981631022157,0.390886673215656,-0.0897249425017213,0.271088493321433,-0.210083482132088,-0.189745930246527,-0.0240779327958133,-0.254944371579607,-0.290010911727938,-0.284403385547079,-0.234065817184735,0.038592514156097,0.0824303870205931,0.0551527729608141,-0.0235746669658803,-0.0882862645125667,-0.0538737729237804,0.270285663324727,0.368656497413145,0.2244190445838,0.205755654199331,0.219034749743099,0.384916353933341,-0.259532637212952,-0.165947684988879,-0.231634141259008,0.40695495890462,0.201026204062813,-0.10535290758603,0.347748811026783,-0.106248777066895,-0.146894587991594,0.397791060834782,1,0.0401501215708581,0.201534898015516,-0.196310709761218,-0.0375991482819869,0.0302181925098516,-0.1748700578838,-0.133713812631991,-0.186591396265016,-0.0822626018705526,0.250045265816971,-0.0849338702560551,-0.0411072179953953,0.350521617284544,-0.186307735183349,-0.0618616621455266,-0.269594545540254,0.0277128765138821,0.135757485259277,0.112468612605431,0.268901580659722,0.0883615652664231,-0.108643642454708,0.0469537471549008,-0.241775636806964,0.0794478255976668,0.142943095374585,-0.109695519701917,-0.122726938087259,-0.259494340613954,-0.0583939588300343,-0.151932675044803,0.170171356307318,0.0938342433586315,-0.17779076991543,-0.0881905623252477,-0.253290427613226,0.150254346821787,-0.0927083781669493,-0.193545299818643,0.269243997693546,-0.2314724086489,-0.243087240379144,0.126750974421155,0.326421675215952,0.00713785997933681,0.0474538231833847,0.208207100922984,0.235590115879377,0.0408827847956314,-0.0480692592984709,-0.00218008916941927,-0.0666581224498495,-0.108244469681366,-0.347011295867503,0.219212516527172,0.0510757583410134,0.309902240724692,0.461046646574672,0.263586129661301,0.0910041838370599,-0.195602965988793,-0.116733541332551,-0.152526296225978,0.128689142970228
"母-女",0.22121509213959,-0.359128480207979,0.14016770602117,-0.254313491113094,-0.348533004448209,-0.0116397923831889,-0.0385401336876218,-0.281779440620132,-0.144055520326238,0.151789765896943,0.0447697434327534,-0.140175524460945,0.117269371582581,0.296544140333572,0.661329487366005,-0.15016593059356,-0.122179126943233,-0.103630147740976,0.342281448385115,0.316157619182328,-0.369407872185882,0.0795769451141586,-0.124033088745477,-0.0559935862631866,0.153144634817127,0.701810424346982,-0.00819264410006757,-0.122684433041861,-0.105565678021621,-0.0460443415986973,0.00158385254293884,0.662248511848929,-0.35409667696536,-0.0907292765803714,0.413319694342531,0.350196181816347,0.446588648799356,0.189024700642176,0.542754364156787,-0.069122513214268,-0.356411747982468,-0.419889455613674,0.074844496693761,-0.290073823368112,-0.144694314946408,-0.133268911373836,0.175355519236616,0.272369436231685,0.0367819229916442,-0.101981832916929,0.19231719400981,-0.416644451975542,-0.239076941336652,-0.218408122687554,0.238280422983922,-0.341325875991414,-0.314264769861578,-0.371780635994718,-0.224125489350234,0.199477026767871,0.38946641180156,0.137615064158079,-0.129770242576873,0.365681278566564,0.125424416405915,-0.167105493613671,0.0542272823702292,0.269698494142908,-0.348989158438086,0.0757513180777312,-0.132297920667085,0.0107571675020639,-0.0774049153760476,0.320223444902037,0.592935824467343,0.386262512300955,0.356351430935651,0.143254503167709,0.0401501215708581,1,0.527377646156169,-0.16897342587195,0.0195017925203718,-0.0495395932794083,0.372898998361097,0.149842604650348,-0.520349216066628,-0.0158473122123885,-0.0553312132324842,0.0409203244540783,-0.231162070703992,-0.0122465651235762,-0.449105223043058,-0.306404931972534,-0.244580126728258,-0.325771480230152,0.0975255498306826,0.12915352189524,-0.149206928738679,-0.147945778329477,-0.267865160532522,0.0613749418475226,-0.324725862791294,-0.34247538040004,0.776532818525659,0.447018154609732,0.397895418023682,-0.207072579047891,0.252221829476343,0.261926566785646,-0.186438616317346,-0.252912390300979,-0.0648830016177392,-0.421878164646377,-0.489693657315767,-0.190420811558407,-0.115402400063119,0.349658154537981,0.337781560948647,0.424818368104016,-0.114763375298412,0.0735561127121308,0.0735478300459468,-0.470707278118434,-0.514616785173435,0.321935368189646,-0.283542798921649,-0.00295489769457655,-0.32287951455543,0.160751024528712,0.413447913009222,0.43159421441492,-0.159468239387505,-0.101044213608178,0.472463672232829,-0.143095421081734,-0.0144387214438699,-0.248943012842694,-0.145922313697769,-0.177102860892829,0.376138221759902,0.408712588650012,0.0289336358975658
"母-子",0.0445976072353349,-0.0267403737927108,0.189599079964416,0.0984597686119789,-0.175834891407851,0.126588007350872,0.279847407206701,-0.00102227858496889,0.196254627820036,0.100151157976209,0.275055280069292,0.263060045531909,0.53306098559956,0.488158483658897,0.50570689529763,0.156993696285516,-0.273122456520721,-0.539100222621771,0.0217209915305062,-0.0463928868340496,-0.271646567242277,0.338271223077813,0.317608953028098,-0.342933880109085,0.0305726900785001,0.307312310707977,0.191326811449363,0.383127984733514,-0.175364961810424,-0.0425309061950442,0.241873416766002,0.213420369702356,-0.0131678759715916,-0.153862500906825,0.0468307902976171,0.482829849814065,0.589275544092631,0.166344999704417,0.373330195593566,-0.0133371703182276,-0.158115182968818,-0.481662800005964,0.282250437011432,0.0818031081526276,-0.207891873304993,-0.221343117265924,0.192963356260465,0.0252110196860426,-0.0184800292854397,-0.205685706652959,-0.0659003384914079,-0.317018189894479,-0.378691369550551,-0.263185555959844,-0.162022813027767,-0.302945315123859,-0.0965190197267306,-0.0528887421417736,-0.0703767671179327,0.0885317852506296,0.0322290750272563,0.0367123289211167,0.266638557946237,0.406461504069594,0.095098169567117,0.0166871243869336,0.283266628953235,0.352643662108578,-0.0506829007350824,-0.0589721163909163,-0.252740284322808,0.0190342207957386,0.2023642972325,0.00389682628631785,0.235606183053413,-0.0366702136979238,-0.0511035218014761,0.126095876351428,0.201534898015516,0.527377646156169,1,-0.183444554932819,-0.0999006027244714,-0.0462265754485255,-0.0400370763642459,-0.121246426197892,-0.223104910610453,-0.114827408050523,0.332737447384798,-0.215084551301954,-0.233685611833651,0.0530691293416188,-0.191122161680882,0.0644752576642358,-0.312576295237255,-0.144773127269329,0.0852326700695619,-0.0455459590984134,-0.132733915161967,0.189759473475543,-0.213195661752832,0.0713261914295636,-0.227307699364863,0.0288119657299901,0.575882653921561,0.0369508089278795,-0.0309828425583601,-0.165845970699426,0.104609834417993,-0.0772435913132848,0.391785269043175,0.0575188405968486,-0.151952496588582,-0.406655676700862,-0.446758073439955,0.305931554782296,-0.229335225344842,0.0648361578786571,0.140864941466074,-0.0424546574363711,-0.230437161770137,0.196028870150776,0.219785137188956,-0.146032345078785,-0.145026943723584,0.241793351971634,-0.059311243289963,0.134461474744632,-0.011274323857399,0.056799943143795,0.0331346894689,0.0186792477154318,-0.322281090713566,0.224478528433148,0.299204937952795,-0.180146669476246,0.21532215512807,0.0638902732315044,-0.0733154042914067,-0.248137520441225,-0.113353786127563,-0.0333500504876242,0.292698089992375
"婆婆-儿媳",-0.353899573387001,-0.234988760189433,-0.272279965579872,-0.0080222495159148,0.275532331001679,-0.135139892828746,0.0423906724281133,-0.0783675586391391,0.103970656764441,0.0190529615541067,-0.0754027685929459,-0.0136929965999582,0.191254714944548,-0.136659825310993,0.0381389935130447,0.196877950358602,0.239114966316518,0.322297662919541,-0.325023851997304,-0.298572398320194,-0.114988350400365,-0.258340301457145,-0.0386104489782324,0.256087071804311,-0.246362077379858,-0.288780488548887,-0.0397403519792094,0.052943821479182,0.314383339115947,0.371013622476416,-0.026159019923499,-0.0416841786224865,-0.00139886480876382,0.284739625133451,-0.290693352469407,-0.126571486142901,-0.0906192795392643,0.0350248600959502,0.0406943788098538,0.224842674741257,0.442172669467099,0.566025339677257,0.0242392824159662,-0.0184078056773229,0.206746859312332,0.0978128392388785,-0.434278814676832,-0.258889365295234,-0.221450306905569,0.295695138558615,-0.216924697858154,0.046144652741777,0.318123486181781,0.306527911830014,0.138489774397307,0.222785230383125,0.295543416935888,-0.0678974225205088,-0.146149624446969,-0.219645004581719,-0.300446025979051,-0.202849032107327,0.0382814078462198,-0.249686430673404,-0.299263548462855,-0.0216361568292472,-0.186350463515115,-0.190179678866602,0.294082244548624,0.212214292774421,0.219764384823866,-0.266059921320302,-0.00303452762031621,-0.238443840033179,-0.256013285310054,-0.295519920967405,-0.294911227079622,-0.186547367719927,-0.196310709761218,-0.16897342587195,-0.183444554932819,1,-0.27615735519433,-0.187972727566992,-0.231887309997342,0.163053940610083,0.190113634134428,0.262890876178473,0.176905498766964,-0.116761241614646,0.0181645369911091,-0.360042523772083,0.27660682332904,0.0596297079919753,0.337749346455226,-0.0375651290142634,-0.0454414526526735,-0.403966288413898,-0.343060667453697,-0.0872351773219918,0.412932805956584,-0.0299243568627377,0.327450630098505,0.0369065994399498,-0.284315418803663,-0.264514870649587,-0.296329406896505,0.527065906503742,-0.176551565194803,-0.265178347197636,-0.0243446383775862,-0.0186128719946387,0.405765734359165,0.267235881680302,0.3994399731636,0.0821666741127903,0.118619467620995,-0.235881301912381,-0.290054450258326,-0.245091512195751,0.234573700921391,-0.293950069706971,-0.187348352459976,-0.0946948404818033,-0.0346887055073637,-0.282116712445088,-0.190199408114067,0.165285330179412,0.21154313302744,-0.209150268455009,-0.299357866351774,-0.310631784777996,0.313425477119075,0.0200234494582105,-0.232964629252697,-0.252561509417526,-0.393833191844378,0.0180451288895516,0.00741476592189633,0.390075365818183,0.0425967807303383,-0.259596720171175,0.0731699244620951
"原配-第三者",0.099720443767467,0.091032702013354,0.0236571387528217,-0.149558388004172,-0.213308003291963,-0.0230439138224531,-0.00519714212749547,0.0900978057744163,-0.0615716820484667,-0.102858664736994,0.214540590725542,0.0464695563407341,-0.40952008188685,0.0441956253238843,-0.25005823945179,-0.281025328724671,0.0537745465722445,0.043228252006332,0.315140342251035,0.187668480940191,0.261497357012278,-0.000692186314071382,-0.24779197395346,-0.0351045363669623,0.445623984027752,0.0426532680537208,-0.0727605791329462,-0.191099595253288,-0.0736095887134512,-0.190384005494283,-0.234039696655192,0.116930256329435,0.153318564060351,-0.155644609759105,0.452768734645434,-0.089616157205172,-0.140931082053536,-0.191238755516968,-0.146897269703486,-0.194188734656841,-0.238582248499153,-0.174485788441126,-0.114425995418294,-0.15636872905501,-0.167312694656278,-0.074258015840036,0.147247660129941,0.141551162430067,0.249889899672346,0.0610478938535607,0.0813819132131348,0.282188982511168,0.00175451378149774,-0.299413822121194,0.242824006115612,-0.0824816296984078,-0.131307151308732,0.0713585905040158,0.206955399322146,-0.0555431021314861,0.139325012438701,-0.00926569630448243,-0.241839047848854,-0.0918669057219737,0.232528834256562,-0.194846667184121,0.0547734094765527,-0.111934512586914,-0.216246928562836,-0.11991999381835,-0.160769118181123,0.115197534534333,0.058027847788669,0.0571988555871809,0.0859960834712941,0.0709578710818368,0.166924693404284,-0.122914599764333,-0.0375991482819869,0.0195017925203718,-0.0999006027244714,-0.27615735519433,1,0.30943604821099,0.10777167320426,-0.0124519906712366,-0.102941985803659,-0.127084979404915,-0.307082218515552,0.451679434552566,0.337386951798846,0.172189491539317,-0.013753147212382,0.104948952830005,-0.282061965215896,0.209938731034461,0.119347378818669,0.497097373335553,0.316927466989528,-0.15718167162039,-0.262542308849253,0.282822831927792,-0.292366070422876,-0.125728947180911,0.0121438241905695,0.0802305802845796,0.133749877694898,-0.245558663970891,-0.0403114722921286,0.0846281663171928,-0.112214315102995,-0.05719914566448,-0.363929772765872,-0.0691195784138111,-0.169385121270566,-0.335331411800968,-0.0855233618290326,0.065873875827177,0.0960893292676796,0.166862821963184,-0.149984594400119,0.28114993511873,-0.0517536680930144,0.0652939626667629,-0.0682107502217189,0.232474310924803,0.0930994742311406,-0.24506914071653,-0.222262831258416,0.373984512172339,0.102976612985402,0.188402635146621,-0.1388549525846,-0.231998831804058,0.193681298843592,0.0343677219403961,0.028288293095631,-0.221002542599028,0.073893084555386,-0.183402032890298,0.127735227079001,0.126569368827997,-0.0248516794854689
"三从兄-三从弟",0.0255852527792159,-0.135878574125533,-0.181130317665004,-0.290179854464555,-0.319142297377186,-0.308136518850641,-0.0107327125340903,0.0745655804165435,-0.103202051257993,-0.111164095653617,-0.163521505692497,-0.0569796525837413,-0.355900174107297,-0.0481504176982002,-0.160363316202444,-0.224254167831019,-0.187824238434992,0.0231258170012075,0.413265826694065,0.184094811209173,0.172865283590297,-0.0436207103112342,-0.202874985902868,-0.000919707606647076,0.269960133030671,0.00665922169076429,-0.238710919563513,-0.234486363092171,-0.152267763926565,-0.182182980898217,-0.0463825826780296,0.0563620194496375,0.0544992691882187,6.77855377813975e-05,0.367129112767136,0.048725639707284,0.0791182021250247,-0.199536585333977,-0.18172952666848,-0.155784600339855,-0.261612202402946,-0.145548864098111,-0.323967101001928,-0.241546826672968,-0.0907187828797599,0.0815442965566565,0.196967721753169,0.228610507502886,0.201318586238821,-0.0972305405971344,0.166674537740064,0.234399390675694,-0.0785447028142293,-0.142848596528157,-0.0826602671049925,-0.0530400438193388,-0.0461788573659508,0.142873653633625,0.384574446336447,0.115312523684753,0.247956667714463,0.102843125408372,-0.177087589362542,0.035287935882836,0.217057535698935,-0.149948743421886,-0.105032596269572,-0.152337172794148,-0.164555870921797,-0.260283814217897,-0.0662407495982669,0.378457904182403,-0.0151643029237354,0.181652642784944,0.0526074103870255,0.201683570572078,0.253036496741547,-0.154860386147399,0.0302181925098516,-0.0495395932794083,-0.0462265754485255,-0.187972727566992,0.30943604821099,1,0.152994373318399,-0.0106045909086077,-0.125586437602799,-0.0622770647313425,-0.14701451997683,0.220140929965965,0.152812352147204,-0.0927042135747359,-0.127901486629793,0.0550938609112509,-0.160772226516445,0.0365861945005821,-0.114712230884897,0.260877372286424,0.155781465170638,-0.167062651286645,-0.303539773156688,0.0891443609091556,-0.208516440113426,-0.268325734964917,-0.0650814030871663,0.207753885599646,0.273556590552329,-0.205805130887099,0.202071675820581,0.312921940281136,0.0122843250077443,-0.0569123403898326,-0.260652710374374,-0.018650245294195,-0.237431825636995,-0.221164769678021,0.0560717230117776,0.122050428467315,-0.134190300529433,0.140090393514289,-0.0663931026989516,0.124988706823068,-0.169668615496907,0.0515871218468255,-0.106617543370776,-0.0142673142019128,-0.00656237779358907,-0.27425969349344,-0.264016608859035,0.377772256224727,0.239074366849558,0.239673229874787,-0.125077220872943,-0.167721858553308,-0.170493083343481,0.0759863563521234,0.0318285782069973,-0.25898202898307,0.0153832899377941,-0.0782147345286223,0.0825435088332358,0.200351554331074,-0.137637895586132
"叔父-侄女",0.0370183783726031,-0.448368166946446,-0.2865376753234,-0.58883557408597,-0.438764419799366,-0.304891582441037,-0.234001206130818,-0.341600510700111,-0.430476350073945,-0.254176157974781,-0.340067810647438,-0.309716016090577,-0.459257337699542,-0.194794795953794,-0.0255126392046571,-0.492929399881677,-0.200434702408936,0.0167245307913887,0.300871533689512,0.888377639023425,-0.169541865482188,-0.17234669322603,-0.436723093505917,-0.0436968220390734,0.20235642032245,0.346534119350824,-0.452788418658154,-0.425819569666985,-0.268581163268817,-0.303792955701582,-0.300220171726777,0.487139258118576,-0.306784996645786,-0.0671042134179688,0.312743450777141,-0.0932942467343253,-0.0260570896392458,-0.136858994710546,0.0338951085404011,-0.157614183632999,-0.424139819166711,-0.253965085859686,-0.409874354771147,-0.599709177204726,0.281262979823826,0.249456793263164,0.0368338771055967,0.754436194677105,-0.0013407314838736,-0.187095549222336,0.871241136320776,-0.28649213000956,-0.239735650664438,0.013475626956813,0.17703014574827,-0.284444378119641,-0.423762221576491,-0.25114646277299,-0.029282368206808,0.746219517489908,0.85659174096497,0.719909093908886,-0.407026100820232,-0.0101989721367536,0.0659639476727094,-0.378249751570098,-0.315741742295586,-0.251420960565645,-0.414756816617898,-0.117363827088006,0.294271031919348,0.155683749365923,-0.280631692442006,0.924800964278326,0.198686120628459,0.885652871416613,0.878665897977488,-0.203025628520389,-0.1748700578838,0.372898998361097,-0.0400370763642459,-0.231887309997342,0.10777167320426,0.152994373318399,1,0.0140348050065969,-0.412735471336171,-0.0682916325016998,-0.438605491226216,0.0879639780809691,-0.167648150984512,-0.219350779702446,-0.391058894229941,-0.316753155774342,-0.0102479051178235,-0.263077651565496,-0.171721430330178,0.215859308159167,-0.116890628721829,-0.509847609383527,-0.353170870262175,-0.0686313380699213,-0.104554674689113,-0.567678334002722,0.14057177058237,0.888111563357923,0.876446702238605,-0.364267591933243,0.777934972139582,0.875984182900915,-0.338961124496583,-0.521657590396891,-0.207290055069289,-0.171680949718475,-0.254598027402966,-0.441372968327253,0.240231756349973,0.913490596213141,-0.00348088847133197,0.909461781736688,0.26433013426558,-0.0295290766779067,-0.372630646074115,-0.316305411145358,-0.467844595269393,0.0658586972634951,-0.38780138090741,-0.203954924031219,-0.305741892522334,0.186696695140086,0.850585627577874,0.833445088430401,-0.19898090020734,-0.330207482420893,-0.0127496428323033,-0.0711942518811564,-0.288478233764311,-0.535041654317593,-0.197968777614457,-0.130345140229993,0.380172087342861,0.934491121975725,-0.392669545616173
"叔父-侄子",-0.0169810701977817,-0.280787820092668,-0.206801767586945,-0.260276282042051,-0.107501566093311,-0.285611386587251,0.0553800581259156,-0.0677951690352758,-0.0753274217863022,-0.162073368045007,-0.249056435044021,-0.0541515572440721,-0.1985180029956,-0.043496705680339,0.0925390648549853,-0.17166350166482,0.0798785774758589,0.337461593020357,0.161848224014544,-0.0191018738169221,0.066676739781338,-0.219765116264405,-0.221846908416246,0.331704154177129,0.119077117076818,0.166425862473402,-0.282964446277683,-0.176480527122577,0.161870608259283,0.238347389937833,-0.156886959018355,0.358908220110209,0.0126996420572903,0.320818905809275,0.0603055721093931,-0.129367526460087,-0.00577794433246064,0.0212837016491688,-0.0546509050468675,0.0344246720001984,0.0274867155826882,0.134712774802214,-0.189211268319199,-0.291318964127283,-0.0371383896902348,-0.0425024797314032,-0.133514658879065,0.0299728376580241,0.0439090897413122,0.204000835787383,-0.01868794068192,0.179902368375922,0.262667289321477,0.0810434192118594,0.311141188322552,0.03687186581004,-0.181059867141846,-0.186805768699051,-0.0318162598655813,-0.0694787539472394,-0.0212688460800898,-0.134330941926958,-0.141473906727732,-0.14893610314676,-0.0414055942947842,-0.26021952111949,-0.284219885650058,-0.1670187926071,0.0342308510398365,0.130132669402138,-0.00333242117295153,0.0628955877646955,-0.0740014140458846,0.00253605539536755,0.026675398721199,0.0506904960769538,-0.0296300712612665,-0.10224583021861,-0.133713812631991,0.149842604650348,-0.121246426197892,0.163053940610083,-0.0124519906712366,-0.0106045909086077,0.0140348050065969,1,-0.0169148029947211,0.395473233940931,-0.155331820003131,0.0509749672791606,0.036148630461838,-0.114297659285144,0.222214014313114,0.167397729972741,0.0323468658402756,0.137537118919967,-0.0503811376213185,0.0102812773957223,-0.0459743585447213,-0.283667732100591,-0.178307225103857,0.212690214717678,-0.0177846287474842,-0.353187542126991,-0.0495606989906225,0.0316053407071071,0.0134470262374958,0.219557518142298,-0.0544750857103571,-0.0412042938010333,-0.207366596849934,-0.18044454572941,0.0254612460985378,0.142057602127911,0.037358953397435,-0.300296161392328,-0.034824529564383,-0.010182676530349,0.00974534185835603,0.0248471215290374,-0.0428087412609819,-0.202292522975519,-0.165911442660814,-0.155832468597064,-0.143804187476339,-0.0239593031721034,-0.025721595107299,-0.123258795468021,-0.235140862164453,0.106995915694105,0.0145033113608982,-0.0294588126024071,0.239042736076242,-0.0733152156284952,-0.0642419635152017,-0.00451794677867943,-0.123392436804833,-0.158790122196724,0.24634068027472,0.262668139811205,0.490690740129613,-0.00785511119182203,-0.0301775764236566
"叔母-侄女",-0.358989759939597,0.412952908465975,0.0358001070350364,0.325308452488575,0.331508784742842,0.303914730488954,-0.00680227714553862,0.318974400345191,0.162544420607176,-0.333598867816394,0.125992690005785,0.0882791879629335,0.102058919806174,-0.189213139034655,-0.289892927206244,0.04052604708845,0.354684791641008,0.0749022075757621,-0.414252090695291,-0.324581925609318,0.273394240675892,0.146331029071717,0.329359163484902,0.0331620612298294,-0.171918620764754,-0.323570697493429,0.116501098187263,0.318826086873232,0.277146689437654,0.28577301248396,-0.0327762920141038,-0.331564009530419,0.426269548254717,0.108741082614838,-0.365759571358068,-0.139119476886302,-0.3310920245817,0.124360992802658,-0.208340281843662,0.242461530037835,0.447602937703483,0.233322608617578,0.0493834095521083,0.375409689629636,-0.144712165712148,-0.157423761329445,-0.129194935291879,-0.307075718054474,-0.133311811074476,0.380535663657123,-0.274322242361821,0.245250688564597,0.191472213954695,-0.0151897845927282,-0.12126661961939,0.372751798805924,0.0987315193589407,0.313607340566117,0.14840939442708,-0.238327113567949,-0.395494571684399,-0.122694088623959,0.152531702580753,-0.202158478167416,-0.0730065541484682,0.284954934482328,-0.0653206567726312,-0.302027166288355,0.648650014758348,0.0834623552983881,-0.223959677125408,-0.268428272212089,-0.0740730954094705,-0.43884074242292,-0.465218331797652,-0.438542928054743,-0.416791580919496,-0.0551314471539777,-0.186591396265016,-0.520349216066628,-0.223104910610453,0.190113634134428,-0.102941985803659,-0.125586437602799,-0.412735471336171,-0.0169148029947211,1,0.100888411479827,0.123497487734992,-0.0811083052136555,0.128248100673358,-0.0219916412169386,0.63242037778732,0.350663752752075,-0.0530954026956186,0.174542000006442,-0.269610750496032,-0.249078911880972,0.0139583897949294,0.228557691838537,0.289051187874411,0.0289380916768437,0.197331009259866,0.299446884622356,-0.453805766808983,-0.426780185724505,-0.418043089887756,0.176195292322183,-0.269891030145518,-0.345533466921018,0.222699283391019,0.278028785096939,0.0142701344839715,0.117266100544372,0.366972386954636,0.416651793652956,-0.167591262273512,-0.340673610518197,-0.277285259010018,-0.412965975417205,-0.218999720326429,-0.0267003970302698,0.0134628595694243,0.523520698434085,0.377985729032352,-0.414136204386811,0.171797264707164,0.369045791503743,0.510008869378218,-0.248663033229099,-0.420240624648076,-0.426782355862112,0.180752382000275,-0.02914781001692,-0.225493527850185,-0.211273582549641,0.201296004721337,0.231216898297268,0.268966230248751,-0.0691457581095381,-0.15286126923976,-0.407602689617798,-0.0987454647847224
"叔母-侄子",-0.10668442812845,-0.324213399491228,-0.220670836409926,-0.274872314949474,-0.107290605601125,-0.190363176031742,0.128641807224293,-0.000117742430832946,-0.0148222930377973,-0.167580571605958,-0.236857517949372,-0.0276958268140333,-0.00444996905052719,-0.102648629741956,0.136613447451412,-0.175749462731267,-0.0857221257796569,0.195929091244337,0.120643074446283,-0.0393782247065127,-0.14984465359876,-0.154401064760099,-0.193365667710506,0.381932347936503,0.0293531306732169,0.0121345121282163,-0.235093060867636,-0.0515822234202095,0.186161115900547,0.305988189510924,-0.0550594409713956,0.122158686400126,0.0276366471074025,0.347963105741521,-0.0137501870309224,-0.12280059139739,-0.0694593438695832,-0.00354437536374885,-0.184084906399975,0.00572193318193571,0.0824944860531142,0.168271315493795,-0.212993279156402,-0.167317033365752,-0.0173932146195801,0.0659176944657305,-0.171814813370864,0.0575458030890304,-0.0331379419411473,0.142390811283625,-0.0195370522224855,0.114474217048472,0.2039044497669,0.18755722354061,0.180495943761093,0.0282505278846533,0.154527212611704,0.00486100356336908,-0.0256831643707008,0.0094622442676833,-0.0500620858231722,-0.0347470575645096,-0.0359073168700183,-0.229053986292282,0.0616787908967132,-0.213711580863961,-0.274256140780846,-0.112148599984197,0.094733122867451,0.247318594780862,-0.0156450790646957,-0.0250902185882598,0.018530591023121,-0.0267831298265034,-0.0857488090234606,-0.00591692972738581,-0.0609555083609116,-0.132194829499513,-0.0822626018705526,-0.0158473122123885,-0.114827408050523,0.262890876178473,-0.127084979404915,-0.0622770647313425,-0.0682916325016998,0.395473233940931,0.100888411479827,1,0.00239720289198806,0.0105396246045039,-0.0572444832903698,-0.224688366737197,0.257709823101056,0.118624727523215,0.150268998892886,0.0823883384564333,-0.217732547656748,-0.156162148708731,-0.10426378098307,-0.275172245627937,-0.0588452695011484,0.104779327827758,0.0904999028227201,-0.181931408676482,-0.20770024633569,-0.032068655664269,-0.0384015371773153,0.155428648195324,-0.0453243710850978,-0.0875372767380875,0.0519578310873387,-0.190036383714785,0.235581357798252,0.0142241220449177,0.104449762501386,-0.0801519777052572,0.0782172379058767,-0.00252136219798935,-0.176693038905558,-0.0293980952362793,-0.0507540828137029,-0.152249219699267,-0.103849083248078,-0.0285583972181317,-0.150862044355832,-0.217744341516245,-0.0424278837890695,0.0522480905307689,-0.101746246315968,-0.0492457140622099,-0.0517258390891964,-0.089547644623175,0.0890051334196013,-0.132834485537765,-0.287320528302358,0.0216394378308746,-0.11832593927493,-0.0566130377280769,0.167276806727831,0.212516886097895,0.438608569004193,-0.082284503207253,-0.159214396957443
"叔-嫂",0.00329276266966577,0.169930596490999,-0.0438305501256378,0.317831183429553,0.0657124347983042,0.0796049023570698,0.301732895503652,0.341603823050515,0.471051075464667,0.0717813194171052,0.213373175633531,0.277039523533035,0.494504129747347,0.410574232670465,0.233374731890254,0.302237384391271,-0.220281407570695,-0.316507806879116,-0.275520197580178,-0.460458205612193,-0.0615793870850707,0.244506381188212,0.401011924411398,-0.15787247429013,-0.210030414536953,-0.0308670756916939,0.253777079067641,0.413724956616339,-0.158922449440061,0.0302190697358318,0.43397522282173,-0.287212063074354,0.0356574077912361,-0.0256463435785302,-0.299527568154199,0.185145512439668,0.311046256889836,0.172147161837007,0.114098390423416,0.168045630653876,0.108136814384199,0.00712648053142858,0.1550375791969,0.291476601981009,-0.239833071668249,-0.155775450984168,0.147712039457875,-0.351362945168445,-0.107461923148826,-0.027911259848713,-0.369835487567187,-0.022220625541439,-0.203763130825847,-0.00893501767355639,-0.307575763941939,-0.0996863049507824,0.294266933206055,0.185105707763591,-0.0260826496383182,-0.14348672236011,-0.378665242963239,-0.189748607270744,0.412329146762666,0.320981337755351,-0.0567409698364273,0.277331884728166,0.255771012449919,0.207245071612714,0.112328462870927,-0.112573441879358,-0.236505609054714,-0.00938936735828204,0.237268939374063,-0.372629357069981,0.104607767283101,-0.394459309844391,-0.422827850564737,0.150395208696325,0.250045265816971,-0.0553312132324842,0.332737447384798,0.176905498766964,-0.307082218515552,-0.14701451997683,-0.438605491226216,-0.155331820003131,0.123497487734992,0.00239720289198806,1,-0.278592078377849,-0.131640542179556,0.0226909650214911,0.144133885785999,0.242225917235067,-0.0687630173501381,-0.101800598320652,0.072494821186218,-0.259172055322248,-0.0715301501404605,0.242778513717529,0.202216360027679,-0.0564377547940062,0.0959967203479919,0.216893429473712,-0.0530459704279299,-0.372878028435593,-0.393031000982148,-0.0121051535423855,-0.142996852033509,-0.326305022678978,0.448533412422969,0.201082313170656,0.122645780628291,-0.131516801732613,-0.0942851159083621,0.461292457534437,-0.155730104593721,-0.369793338110768,0.0498503097908559,-0.459924869781939,-0.222592986984746,-0.0598261526828043,0.326762400261066,0.0783246661261277,0.178459545772312,-0.0208936261120482,0.111446264561838,0.347756014336018,0.20805397346719,-0.206503569115416,-0.39810369443363,-0.420755355967309,-0.160338575978115,0.354971490849817,0.0446841828288742,0.0403045541875881,0.269229799796182,0.378040377661751,0.0255210660790593,-0.0417045376135591,-0.319657626073967,-0.410034125239223,0.313198048515155
"继母-继子女",0.0830763945730254,-0.101126139215069,-0.10619424671652,-0.244170370675253,-0.313205214060209,-0.181034635645875,0.0641001819889418,0.0619914143662338,-0.120320538350286,-0.0503034936118492,-0.060616795377045,-0.0109365454590779,-0.278546305578332,0.156996822094732,-0.105599233975773,-0.233882658381252,-0.0106563940584,0.24467737570476,0.455522731053853,0.217906795440573,0.271306482787248,-0.107168343036477,-0.239656303405575,0.0286069187585114,0.672567564612286,0.0160370829930221,-0.136255041101345,-0.320969225724659,-0.129781494145796,-0.208467810881491,-0.145419156237348,0.231998223445738,0.104573554029205,-0.128126163980406,0.604498860975756,-0.000341967445241426,0.0404006615522708,-0.0447296469145389,-0.103362822242904,-0.318864642609547,-0.262059099115214,-0.169822657086385,-0.280964013346814,-0.105367262221995,-0.159329958095773,-0.116067145222513,0.0284903009892162,0.202043187023155,0.168353988663418,0.104984462512509,-0.0123102137698213,0.45165776376385,-0.0936170874221677,-0.239737766979999,0.371202991651568,-0.168598122266601,-0.0862654034184736,0.118888975216247,0.378111109635345,-0.133388849913697,0.106525249139911,-0.10453974390871,-0.219876025839433,-0.0349237808249565,0.287931414626255,-0.166044820799082,-0.0353572952274317,0.0676918687920833,-0.184908579948906,-0.0426187489860411,-0.171455232448834,0.0581365168248841,0.00267074402859805,0.00556125683676853,0.1838726231019,0.0969798575839447,0.170495592380376,-0.134602183262535,-0.0849338702560551,0.0409203244540783,-0.215084551301954,-0.116761241614646,0.451679434552566,0.220140929965965,0.0879639780809691,0.0509749672791606,-0.0811083052136555,0.0105396246045039,-0.278592078377849,1,0.542809351256014,-0.00449189107576913,-0.0958006450820865,0.246251229352155,-0.253780336189126,0.217389580877203,-0.0178013671994422,0.370139490303637,0.262016910030862,-0.213789433508909,-0.136498771559328,0.24972574457235,-0.258741806882741,-0.248232720119901,-0.0499584889952261,0.0633770235334149,0.115595103802919,-0.237535354269034,-0.1194333611204,0.0878604737747481,-0.0345135973916202,-0.0292214428812172,-0.245444011718473,-0.0356331341382015,-0.194760219338633,-0.424997819937757,-0.10239269818226,0.0547703683531653,0.056783788008392,0.189416187796368,-0.160331388976389,0.318710824241586,0.0623642048536546,0.217524041692687,-0.0822097629714036,0.0183408501357784,0.208868011542986,-0.32180098358124,-0.375247278535564,0.520566573711018,0.0314034279652157,0.116726859863647,-0.069943413886365,-0.113850776667359,0.0142248792687023,-0.0678646173027761,0.0214450885777111,-0.0656016321320905,0.184445286032715,-0.20044974855526,0.151313632638905,0.115197105062173,-0.195435572979593
"继母-继子女",-0.0864862679276363,0.0682486034946869,-0.128234203288901,0.0121864731332645,0.0125131834856661,0.0210194919696521,0.147009528639446,0.156329410077395,0.0413332532309331,-0.143074151057188,-0.0777455694397499,0.137936875512219,-0.175882803495839,-0.00253655870353636,-0.257539517692631,-0.0773086940497435,0.171935460842939,0.219331598259958,0.109216259923591,-0.112052682481766,0.282883334757921,0.035927310239381,0.00814576273982611,-0.0189496926661639,0.538958620985131,-0.156865054990182,-0.0555977762359796,-0.0545624983927449,0.098654073685022,0.00905596364646806,0.0588341842609332,-0.0915637740804748,0.42805659257715,0.0993214053215772,0.152211025638479,-0.0714605131641687,-0.131063967626044,-0.0498667617125519,-0.222366851075843,0.0281759296483788,-0.0292987388166821,0.0340272367691925,-0.142357132617321,0.0576302684055464,-0.221303864792157,-0.163655597994902,-0.0632252593920153,-0.0721487837964324,0.0821753967941666,0.133386628939667,-0.134850449786623,0.620811968185679,0.109296653591481,-0.1637606999894,0.145816251898962,0.101598425118049,0.0260843376914824,0.153161973875782,0.333637993392581,-0.228744268120825,-0.179503759425795,-0.181253233468036,0.0130511755536969,0.0106155184279951,0.261662061023399,-0.0700889953393914,-0.0499660320083471,-0.039303180638963,0.110517765665731,0.0026913782463966,-0.231026762104506,0.123482822371279,0.00579663038374132,-0.23680683622153,-0.14293129333746,-0.197116408657339,-0.193624938574657,-0.110029225830861,-0.0411072179953953,-0.231162070703992,-0.233685611833651,0.0181645369911091,0.337386951798846,0.152812352147204,-0.167648150984512,0.036148630461838,0.128248100673358,-0.0572444832903698,-0.131640542179556,0.542809351256014,1,-0.0464740154068942,0.134916823738236,0.458086552106456,-0.191638559354667,0.299747129949459,-0.165871129838564,0.0916467426662777,0.141464672370657,-0.0839306032947723,0.0153188896969446,0.394117983408501,-0.0858866263478841,0.0201688325254975,-0.211732753538997,-0.203018594265293,-0.210767532146652,-0.0912911063767187,-0.26471562552355,-0.175413018602426,0.0848871126775661,0.0871524857543081,-0.107816406497178,0.0991525067948401,0.129852989554608,-0.120359610523078,-0.155814194176581,-0.242013564416293,-0.140130785930638,-0.177776168801257,-0.253740351997889,0.178467712285374,-0.0140404925775305,0.288632808348797,0.221771871964596,-0.154263750584924,0.247771407307716,-0.0373045369038479,0.00423311769302211,0.250399183286075,-0.212485588579228,-0.17550301798405,-0.0282232052115295,-0.118231554895698,-0.111565140446438,-0.0598203935813493,-0.0361049772335311,0.0738026782040031,0.334351238180183,-0.128137390486455,-0.00823491757161855,-0.194195717423553,-0.086852530781442
"堂伯-堂侄",0.444121163761055,0.615253203412706,0.581812733652765,0.208923444825828,0.107641257562135,0.422011104343825,-0.0127755030390985,-0.000567041931504706,-0.0484916119466825,0.224184376939064,0.330683851715072,0.117272713624271,-0.0508415973560042,0.198846416716942,-0.0552848443183272,0.0355017363498226,-0.00240798740379739,-0.140382189058293,0.0256722270562428,-0.117724856387602,0.0279084325081467,0.224920222249984,0.222441883081088,-0.273376777462526,0.046795127457332,0.136238421313002,0.270362953516344,0.113322398746751,-0.0963172767564047,-0.171015515358525,0.159126886568173,-0.253271396527198,-0.0191518464539016,-0.336578977397595,0.0233839707618356,0.00924537241200841,0.0233851912890356,0.08487295645898,0.0661519198093854,-0.105539316139057,-0.131773275151752,-0.235318380249443,0.364636220725323,0.235623918742452,-0.183334459071291,-0.262125814322545,0.344096013962987,-0.185212605181155,0.100699538241982,-0.164764082567943,-0.260839085009734,-0.0385073542884908,-0.00549508600471505,-0.315105954200805,-0.0721324119518074,-0.0799573064940993,-0.19299087740456,-0.111863151028758,-0.0204000332760159,-0.138889329730161,-0.19583780906827,-0.125243695702025,0.211481348548631,0.228657144269608,0.143173322655936,0.107719451257222,0.23412899155694,0.181482603977096,-0.123069113581903,-0.103293615176188,-0.194891999277606,0.072210780370202,0.0853375367198942,-0.201357144050078,0.153809581676465,-0.148168329457204,-0.103510692199078,0.268539004214832,0.350521617284544,-0.0122465651235762,0.0530691293416188,-0.360042523772083,0.172189491539317,-0.0927042135747359,-0.219350779702446,-0.114297659285144,-0.0219916412169386,-0.224688366737197,0.0226909650214911,-0.00449189107576913,-0.0464740154068942,1,-0.136807665287506,-0.118603236039335,-0.285395774714585,0.0997472314571741,0.437517432784537,0.444715298369497,0.368096158858832,0.334061068346211,-0.0971751685285895,0.123870764714665,-0.29947866925591,0.174611254896663,0.213800909539236,-0.181781664202068,-0.116181794873751,-0.184703817430378,-0.264161421220027,-0.190464057386618,0.0426437308046811,0.201826116826806,-0.186046705078587,-0.160509829436514,-0.0998131265112102,0.0789531542575784,-0.2730128285868,-0.201347964517385,0.365348435999773,-0.178552644673279,-0.170526177717728,0.197432092471088,0.321354838032965,0.0083469937151451,0.111017436057232,0.332183665986046,0.42563647973781,0.0712558732471816,0.126481767878537,-0.0145206997951576,-0.171743763197031,-0.146371398782382,-0.219348989025753,0.0848739599198141,0.313599656727298,0.289452058109153,0.51560002488545,0.273859943966872,-0.198562816638029,-0.215059947637389,-0.14912308515099,-0.167014734687209,0.0832312796132538
"堂兄-堂弟",-0.454797685431172,0.138460190846812,-0.127529691848572,0.293717588683918,0.337556083689705,0.113158937046474,0.104621067938691,0.261352232798072,0.0759101341279591,-0.365996545084926,-0.0177716289147284,0.134372992072549,0.0465787941030738,-0.139497237311267,-0.255168575946455,-0.0223436117724899,0.261833729562905,0.112525885877754,-0.410567836388917,-0.325690028410012,0.30253633210884,0.0629013332588063,0.186708928412309,0.148359174876402,-0.154415119399524,-0.297139187465216,0.118201486369516,0.273123562619027,0.289767100594156,0.391173796722216,-0.0545612727401439,-0.150802262989488,0.28854328978257,0.198902055132183,-0.362162018587292,-0.0397524169785394,-0.24710157465761,0.0668114313307342,-0.257194027193269,0.277278199626351,0.49266902633131,0.322970928085125,0.0564677646172474,0.161749337093392,-0.0880233630402898,-0.0639182951434336,-0.238032076762449,-0.26704886942758,-0.209983238919743,0.349314299657455,-0.224826021927918,0.354641271155287,0.234574189221152,0.053863193125999,-0.0424533750448981,0.312834027068245,0.123718197038066,0.23729252665807,0.131709511041508,-0.236223282521492,-0.422221030793632,-0.173637344242519,0.00964362112462169,-0.343243044646847,-0.148818457674586,0.202089528867017,-0.255542833717057,-0.325971401965416,0.610205285021601,0.19588711404918,-0.123226205508089,-0.189520705176073,-0.0646505150903963,-0.349563402566633,-0.527718768474005,-0.395098709300637,-0.390008603066449,-0.0035806815818333,-0.186307735183349,-0.449105223043058,-0.191122161680882,0.27660682332904,-0.013753147212382,-0.127901486629793,-0.391058894229941,0.222214014313114,0.63242037778732,0.257709823101056,0.144133885785999,-0.0958006450820865,0.134916823738236,-0.136807665287506,1,0.500516996522912,0.0274250247036028,0.274859459444256,-0.207254474187081,-0.280096492032997,-0.0609582941760906,0.0597420737919727,0.303221297407408,0.108880711768358,0.200437129094242,0.102165413921463,-0.503290470521371,-0.4102216810046,-0.410079753151815,0.287688164368299,-0.266599815592894,-0.358597518739572,0.0998170172584944,0.13777716794852,0.0929690839338388,0.132431961454231,0.366080767067199,0.302323149962936,-0.0763379703779819,-0.316644043608954,-0.402693339324817,-0.39753092357722,-0.154022162747245,-0.188183773468306,-0.138208619975408,0.334341165675188,0.276244038737376,-0.330489485228046,0.0906832322249613,0.295386050438072,0.391526454285817,-0.187982229337498,-0.404115351900208,-0.461458583521228,0.241986915818327,-0.0623261437587024,-0.266066213410337,-0.198860727880666,-0.00511394141031535,0.143943521925041,0.229975127311102,0.150109150615965,-0.064340169572187,-0.411143763584864,-0.00399305544364594
"堂兄-堂妹",-0.270043766722437,0.106294438201014,-0.210047052027067,0.102218379064276,-0.0409353669419781,-0.0882797957564382,0.354193263097143,0.390962056938387,0.334435506904301,-0.347947267061752,-0.0183267178451946,0.236090036287429,0.137235728929294,0.192296768809794,-0.10620813060348,-0.00298611200188136,-0.0610240087045749,-0.0635409427380152,-0.0514211983085336,-0.287625241607033,0.368651694090497,0.277694185572414,0.352120105904101,-0.0682721383701475,0.43144150417585,-0.203835273271826,0.0230603844017507,0.405060670892923,0.0364614362380526,0.211563191479288,0.184920354303855,-0.083547740893799,0.478469956722043,0.085752462628542,-0.102852155654268,0.00757196257084945,0.111986549287629,-0.0363407270366876,-0.324384195452954,0.00681697539128598,0.107666569860745,-0.0626718743575268,-0.141078329640493,0.10684963272049,-0.226280218639731,-0.217488581117334,-0.0869800497737365,-0.149633493607992,-0.0504713398783428,0.0972940846693438,-0.196825355200539,0.616478845610452,-0.0640713390230408,-0.159879657353741,-0.111281746411044,-0.0439144705689332,0.0642248749651338,0.298186997631337,0.387305810265721,-0.134605043043955,-0.338598512357354,-0.183246096338072,0.211484970449079,-0.0595241397975947,0.062215603674644,0.0861583454052527,-0.0832281380556849,-0.0906245915834904,0.385085769166167,-0.0251697181604185,-0.292891601826686,0.0476251725041308,0.198446045487831,-0.295026472216518,-0.350687830638629,-0.334243786388426,-0.378904762374696,-0.0998753443282482,-0.0618616621455266,-0.306404931972534,0.0644752576642358,0.0596297079919753,0.104948952830005,0.0550938609112509,-0.316753155774342,0.167397729972741,0.350663752752075,0.118624727523215,0.242225917235067,0.246251229352155,0.458086552106456,-0.118603236039335,0.500516996522912,1,-0.239821734934986,0.415999937917115,-0.209659566764203,-0.119042719621782,0.060613845270443,0.0137757553260353,-0.00551009697055211,0.428671682489637,-0.0171811242326415,0.0373360769351001,-0.362714553683584,-0.347013657267794,-0.373188393111002,0.022226276440772,-0.180971733789895,-0.236779259983486,0.472115549613281,0.215108432405448,-0.115381756042133,-0.131341959486091,0.00500102180490996,0.268108074180257,-0.212758192159374,-0.258602520344611,-0.284218646024437,-0.358684232645445,-0.337107579670085,0.0684198046332457,0.00684492810747162,0.45622152762335,0.162036743693279,-0.269810862382131,0.269028202832077,0.152002005169361,0.105992693058131,0.112967453660097,-0.376361484918494,-0.386406708598017,-0.0706883476136688,0.0564790806664542,-0.23150298312629,-0.191327556859722,0.145513034092992,0.214227160831876,0.410128845993998,-0.108595094244628,-0.159254512003731,-0.367432507671699,0.0746151448425109
"堂姐-堂弟",-0.186388594047783,-0.245481762251813,-0.131589939156215,-0.0671608030847792,0.257223518678571,-0.172375770055302,-0.196063943176912,-0.271817165086254,-0.214988651647473,0.198789200391973,-0.205000081051112,-0.148173017672343,-0.0261992445672186,-0.447604693514962,-0.144305476889792,0.122187605316789,0.157993783078499,0.202225122437503,-0.25835166862547,-0.0568150115346615,-0.0770138338246526,-0.439875195576216,-0.218537398131741,0.222643782368398,-0.431844368152932,-0.32725072850295,-0.16179065248078,-0.164402548001309,0.257890465945123,0.185111945378451,-0.180176575641534,-0.173540970389716,-0.216825087102781,0.191132596286324,-0.293255194017113,-0.259052366806173,-0.295392535560533,-0.183456734849697,-0.225241877875639,-0.0238280531436544,0.288338400089089,0.547976782591837,-0.0325763872499,-0.0917425060474298,0.634730489748847,0.448848293469592,-0.457601688595392,-0.20485008716114,-0.166930919561379,0.0506624074690695,0.0427378898369442,-0.119635714160883,0.4514854754312,0.877547974915491,0.0597550712784179,0.404668917605866,0.246938226335385,-0.195470205926385,-0.268155414695742,-0.0724431047054461,-0.137559008677023,-0.11114270831717,-0.16387415407473,-0.497910264939536,-0.394895420702114,-0.111546474429088,-0.19286303091873,-0.261996369276474,0.0580985594009057,0.0778648025442766,0.659073669108043,-0.288629780851407,-0.202678731452256,-0.00676075584455043,-0.250465574846099,-0.0467292847363788,-0.0571546060478956,-0.180602989729917,-0.269594545540254,-0.244580126728258,-0.312576295237255,0.337749346455226,-0.282061965215896,-0.160772226516445,-0.0102479051178235,0.0323468658402756,-0.0530954026956186,0.150268998892886,-0.0687630173501381,-0.253780336189126,-0.191638559354667,-0.285395774714585,0.0274250247036028,-0.239821734934986,1,-0.120583008158396,-0.00806293668214151,-0.27306350745549,-0.308428659224432,-0.0691986865234615,0.199004998981134,-0.401168805842193,0.76985698383551,0.0218514800623725,-0.302982984391527,-0.0676137188807374,-0.0631878360557173,0.426211200589368,-0.0941777510450072,-0.0411386450065939,-0.243140704087645,-0.063009655200953,0.399891040691756,0.387081598800639,0.415188107945631,-0.0934870881977126,0.461884897405623,-0.0261011396103892,-0.24051394190451,-0.000925129678202714,0.672643306240332,-0.391828634620629,-0.226244447481311,-0.209743301038839,-0.0307636417885996,-0.163687115841935,-0.203800923649717,-0.150069104501943,0.0234919068379385,-0.23359819525108,-0.0623501930969595,-0.116766160149413,0.256062326897712,0.00356655152119557,-0.218309635702691,0.0579554416790116,-0.447920134939053,-0.0855995176377961,-0.253224585652592,0.469887253538502,-0.0830202968939605,-0.0526453593967398,-0.0813157629595293
"堂姐-堂妹",-0.0254376270758939,0.146312704583027,-0.00412700497105371,0.0915203837145891,0.1167320487539,-0.0406853162957648,0.141952078776855,0.217577260590531,0.105094742541868,-0.0511903276749952,-0.00305096107971001,0.166178153832587,-0.162718518386663,0.0530593782202054,-0.31565471384288,-0.0371707255488416,-0.00897989919001877,0.0415910673569183,0.100026466363377,-0.206680383731397,0.304405308664281,-0.0906426475613141,-0.056846817892367,0.000662665991745523,0.205301700597391,-0.288303684311997,-0.0674074459693204,0.0413707526775215,0.0782362135012192,0.00738917576479739,-0.04530823975656,-0.0828960255546435,0.374869847407175,0.0178984918546641,0.0849713470728556,-0.13356838688322,-0.157316196558409,-0.181524775247448,-0.22311894859685,-0.0651850681754011,0.194519542652692,0.037042504853883,-0.0550582185533376,0.172784590919537,-0.104958039032962,-0.127818913399027,-0.0428804905848649,-0.160775092995353,0.186021617925827,-0.0352626126920873,-0.258590369154864,0.373414098378669,0.0725240171426739,-0.161463117275474,0.10246342223856,0.118216318184437,0.0971577424710203,0.206821996117811,0.181629380797416,-0.321423927746052,-0.254656306394832,-0.30788560963669,-0.103988802943289,-0.136075887620297,0.0285034656564183,-0.0793444027425668,0.0701064201015053,0.00223711811565911,0.107195942159617,0.0754418618910249,-0.125835562357178,0.115217902668338,0.201281760668835,-0.29671121786994,-0.145721910488719,-0.292913379270862,-0.248173149224658,-0.0219425224414923,0.0277128765138821,-0.325771480230152,-0.144773127269329,-0.0375651290142634,0.209938731034461,0.0365861945005821,-0.263077651565496,0.137537118919967,0.174542000006442,0.0823883384564333,-0.101800598320652,0.217389580877203,0.299747129949459,0.0997472314571741,0.274859459444256,0.415999937917115,-0.120583008158396,1,0.0218617662317587,0.0562965616987593,0.268285627907967,-0.0202329865909022,-0.089741803884149,0.227612660686555,-0.0972236514792773,0.075055315843618,-0.250096676630933,-0.309402441837427,-0.25894205908769,0.0430726583991952,-0.32182740450644,-0.276316441782354,0.188395768304,0.0964069547130073,-0.085208933846861,0.00771758252840287,0.0508367520534242,0.0199187073239765,-0.125009211237154,-0.286696867406748,-0.0211633585036461,-0.216102688893373,-0.135560301139409,0.161384926702853,-0.059028861960376,0.17560586173052,0.467451996382779,-0.0668196218784693,0.402377239089556,-0.163433387350777,-0.00958641517850603,0.252724360251436,-0.28365719730484,-0.226852022908273,0.0849600911327533,0.0561619175182132,-0.226050130432039,0.0491912224387694,0.0473410296865215,0.165639849808487,0.337379047620939,0.0198543836770857,-0.0396234495277787,-0.274740210508689,0.0586845112689837
"堂姐夫-堂内弟",0.324747302813223,0.331464381116461,0.242128952492893,0.0641036165403652,0.0635995849017557,-0.0103078811748418,0.0170533793074456,-0.0949807015560927,0.0364215147832007,0.487410983881609,0.415540001935433,0.176696300790178,0.0873266055324299,0.243697021368767,0.035227589669246,0.31010458430064,-0.0917953511464821,-0.0789133849948439,0.0245383645155656,-0.193609598019156,-0.0459275114678184,-0.124290186817297,-0.0173113602683095,-0.0499583463935906,-0.162398241641487,-0.123666100313245,0.0597759984597432,-0.0937008371580368,-0.160972916210128,-0.153840262603335,0.0913362243488822,-0.133596039412695,-0.304980873630527,-0.21529140249186,0.0985565504623611,-0.0683930615995296,0.171188289234034,-0.123208942462338,0.115934562176476,-0.288107831293349,-0.0178512901450842,-0.0473657014475969,0.241770984834461,0.262361280257669,0.105009981400402,-0.104073500874755,0.126864223433824,-0.203607695943884,0.0774927769214921,-0.134019836795902,-0.350460899203787,-0.226984447648557,-0.0392245536017326,-0.134240790996099,0.0721096837546473,-0.193078927868264,-0.0101856938307504,-0.273485593157549,-0.258882190228494,-0.264904425402433,-0.144561533788276,-0.274538719864533,0.155778415972615,0.0946393631926163,0.00303755961428568,-0.188315575199305,0.235732605052952,0.254674995621607,-0.235457407454605,-0.135122012825768,0.113963914596367,0.000608477296113618,0.324410757624729,-0.16018856713853,0.187632687965471,-0.141293469192948,-0.0779374815301103,-0.0261221105853987,0.135757485259277,0.0975255498306826,0.0852326700695619,-0.0454414526526735,0.119347378818669,-0.114712230884897,-0.171721430330178,-0.0503811376213185,-0.269610750496032,-0.217732547656748,0.072494821186218,-0.0178013671994422,-0.165871129838564,0.437517432784537,-0.207254474187081,-0.209659566764203,-0.00806293668214151,0.0218617662317587,1,0.453478777909273,0.176399680646176,0.232421103475164,-0.0894126573113421,0.0864153975303258,-0.162053548699769,0.173991414070564,0.188753313653904,-0.117554463496688,-0.0817027293855005,0.0640603274727505,-0.244135374805093,-0.20719471559479,-0.0997914352341106,0.193605699204621,-0.118699051878959,0.0419795621399369,-0.0711612817555175,-0.140237030571197,-0.0955489700467266,-0.212389130387913,0.303472353323918,-0.099731264439019,0.186163240018666,0.0687039853794684,0.160006859528024,-0.333239134171131,0.0756394586615921,0.480775436850201,0.267541439596964,-0.175039915827371,-0.0608185416909209,0.0297636853576858,-0.108041051486958,-0.0650814314636468,-0.099848247341155,0.245365004113047,0.231083052004957,0.103117125513693,0.114253650461095,0.264995958150223,-0.242259483598123,0.12742937508575,-0.0443817856664425,-0.0911029374395656,0.331763733658208
"堂祖父-堂侄孙",0.370874609883143,0.183534546965429,0.109692513628774,-0.263482065117909,-0.341817528628988,-0.0814280946929002,0.0262720491825732,-0.0782167541407835,-0.175383200262736,0.0813161176698633,0.224855473090999,0.127090027374088,-0.387791373306797,0.168992079631278,-0.171828676406996,-0.282914680030068,-0.151622990994008,0.0301848666082991,0.465138737900825,0.293216261688378,0.113558202521888,0.00704563997038985,-0.265200496566638,-0.133604087822374,0.341172682989358,0.12915957749816,-0.195757797799284,-0.333593480728303,-0.287573629084777,-0.381522443267747,-0.11573964047097,0.0916135602054327,-0.115115125203069,-0.261617295312529,0.492245408986112,-0.0877103420307653,-0.00597403212470836,-0.201430151469042,-0.0705592117641137,-0.378934480300947,-0.368213957116243,-0.351341147773388,-0.159632633353536,-0.107476154849577,-0.0740936110996996,-0.0984443612830333,0.265935042496425,0.248752030119089,0.305088386057894,-0.092686905299647,0.0836049904499713,0.0215378610902701,-0.157871771473177,-0.327264022658894,0.238412801810097,-0.241745069662468,-0.20570191153824,-0.0755938998015714,0.19260412586324,0.0643644099432231,0.269185354728336,0.0659794019982883,-0.183776388272077,0.113912652785508,0.39818307862328,-0.263568690862632,0.0610950446332269,0.00546791714550583,-0.383399408701887,-0.227302396526183,-0.0663911964256051,0.188353027369095,0.132196124252836,0.19004255570369,0.284942636975411,0.256023175932459,0.351725558423124,-0.127619967027199,0.112468612605431,0.12915352189524,-0.0455459590984134,-0.403966288413898,0.497097373335553,0.260877372286424,0.215859308159167,0.0102812773957223,-0.249078911880972,-0.156162148708731,-0.259172055322248,0.370139490303637,0.0916467426662777,0.444715298369497,-0.280096492032997,-0.119042719621782,-0.27306350745549,0.0562965616987593,0.453478777909273,1,0.425813265920595,-0.147676942398007,-0.39379905204175,0.193110617874175,-0.356339286600332,-0.171848306947798,0.137599811124661,0.257990601200033,0.332287949485106,-0.434364695228582,0.0217032034769713,0.204882597877694,-0.163051191932914,-0.1138586672035,-0.420889664977776,-0.169109707157735,-0.313562945925758,-0.41555691179079,-0.112282841756243,0.180236893872132,0.280015967009631,0.301707069716021,-0.0439792773188565,0.299643439807038,0.0434401582299827,-0.090233959327451,-0.121133868065161,0.4450672782241,0.18669600269923,-0.337325614736318,-0.296381182653001,0.42374210157298,0.260307709193702,0.318420542691992,-0.298664979721373,-0.124030444138908,0.238294636770199,0.179397619748549,0.183302899100954,-0.1060319153635,-0.0693605195996052,-0.201918407632562,0.203970556560083,0.277850398859438,-0.110376448487065
"堂祖母-堂侄孙",0.360476189490638,0.338138303498983,0.0338730152080267,-0.0122818952423803,-0.256911057395871,-0.00897072455143904,0.125875072818178,0.293459468992466,0.173766779306066,-0.000744733973743056,0.0707436866240752,0.153336914112165,-0.322910946644476,0.201065294224662,-0.260941181502559,-0.0887191056007688,-0.155675368315807,-0.0924313625597548,0.323264323287978,-0.0429527710289854,0.349072130962008,0.111486879103884,-0.127283070765989,-0.0697660874645315,0.214162305514767,0.000237320850282316,-0.16585351701164,-0.222042817969493,-0.281359009644824,-0.334725379000207,0.0949685513099351,-0.180007382478024,0.213940425785475,-0.155566528983408,0.260662863456724,-0.162608454243024,0.00566583128078422,-0.0929998681294347,-0.182578245646123,-0.111034518406032,-0.32426573599265,-0.208862866624634,-0.126214171749274,0.0965295485510575,-0.292713873849401,-0.142000811020765,0.455011627333857,0.0186542822755894,0.459730901159551,-0.0205505510034489,-0.135665015507193,0.184533635328435,-0.156559385190315,-0.356990701541574,-0.0189373660939613,-0.133737091698092,-0.0291355159281108,0.183938063609983,0.360892811797215,-0.128154113909183,-0.018178896107502,-0.103798910904001,-0.000331394536447475,0.214234279087689,0.48942132662526,-0.0254964435073097,0.256429674825782,0.130513064153305,-0.292971364177826,-0.254455600920056,-0.272013813559024,0.353777758013711,0.245146666696334,-0.104490558848348,0.25553268082262,-0.0494788654251462,-0.0541791532172721,-0.0340777657358959,0.268901580659722,-0.149206928738679,-0.132733915161967,-0.343060667453697,0.316927466989528,0.155781465170638,-0.116890628721829,-0.0459743585447213,0.0139583897949294,-0.10426378098307,-0.0715301501404605,0.262016910030862,0.141464672370657,0.368096158858832,-0.0609582941760906,0.060613845270443,-0.308428659224432,0.268285627907967,0.176399680646176,0.425813265920595,1,-0.0401755106117803,-0.299655334726001,0.148498117207173,-0.373032693108237,-0.018424587258674,-0.0665637464121753,-0.0926210700117497,-0.051713776733743,-0.397575171763348,-0.165117153409216,-0.100350138255872,0.0117802887009821,0.117760941533096,-0.413649490568184,0.021215806334536,-0.234897568262983,-0.261099939557365,-0.144965542764559,-0.140402039827215,0.319055783445674,-0.0801461092400925,-0.259223270060464,0.413754653730442,0.320395067187964,0.199137416897891,0.199860590324967,0.28530619800876,0.425251825899923,-0.19276098685827,-0.20097351167249,0.323177150352745,-0.0708404327184661,-0.00827525673077051,-0.21943272524806,0.131675771917432,0.0583573716828061,0.306623823688148,0.40747970460304,0.0866252140510473,0.209940052922469,-0.246253590468204,0.0911881429643143,-0.0922270611021494,-0.0104572600288159
"外曾祖父-外曾孙",0.0180155160900864,0.507510732603916,0.541958376493317,0.678508710246428,0.50361049646107,0.434553717994598,-0.0958531453253431,0.0663908349493232,0.155821171761812,0.228068274426929,0.319698756711789,0.0429131439565783,0.495190074196733,0.110672225240596,0.134605631578369,0.542654835504913,0.204761741508814,-0.237050650902163,-0.326816162492897,-0.47514004954379,0.0643476280662157,0.262895871025781,0.567540326785203,-0.127245953675756,-0.289068060538664,-0.193631051162611,0.536728120609741,0.350670142784994,0.111452249157659,0.0479328751073982,0.22177483472773,-0.332700050223967,0.0544390902202294,-0.298748107916242,-0.353989568458677,0.283989094055187,-0.00224199818846918,0.270107936371945,0.125992466327332,0.0946520813708428,0.372494113886488,0.0328649102141252,0.534624836621564,0.490603140852309,-0.141987715384758,-0.229404432462649,0.0233643849251867,-0.569508733561869,-0.196914158506615,-0.0228286230298237,-0.468607762546764,-0.0389232449274937,0.0806598492452646,-0.0752768664248347,-0.399738623331061,0.0636546115955577,0.00260593975767385,-0.00257492806058893,-0.0892698309194837,-0.429615565738932,-0.520561796742477,-0.40725803074188,0.428975724193014,0.0108766456694349,-0.258172753877143,0.348181417966065,0.245230280884084,0.304614474077547,0.357285838304049,0.124495387495963,-0.163833510879876,-0.264773816547295,0.145009087893343,-0.515283262221607,-0.202273359475691,-0.535367216615704,-0.497776359203389,0.40415305160378,0.0883615652664231,-0.147945778329477,0.189759473475543,-0.0872351773219918,-0.15718167162039,-0.167062651286645,-0.509847609383527,-0.283667732100591,0.228557691838537,-0.275172245627937,0.242778513717529,-0.213789433508909,-0.0839306032947723,0.334061068346211,0.0597420737919727,0.0137757553260353,-0.0691986865234615,-0.0202329865909022,0.232421103475164,-0.147676942398007,-0.0401755106117803,1,0.399773475424061,-0.0617919760023225,0.0229315380776944,0.507543086712224,0.160417537198944,-0.549140757315906,-0.514670789039804,0.321600567143763,-0.446943501891675,-0.473104682679033,0.135122919518338,0.38823130491192,0.118057114351823,0.0860532611180775,0.240006135950564,0.437624368803108,-0.230484013462475,-0.472135029733436,0.0351070393850101,-0.490236346341295,-0.118547366296314,-0.0972116487890451,0.174733014906547,0.128956717825466,0.265525087496526,0.135135447264091,0.289446630999559,0.219531682168133,0.335513922506254,-0.252328195045693,-0.508525605727605,-0.487888425696983,0.203661783699026,0.338399270633061,0.28577172560714,-0.0211882341560006,0.296144372877599,0.503397379965229,-0.149706445318194,0.0112832920609969,-0.5151034659178,-0.517257076729585,0.31597689013077
"外曾祖母-外曾孙",-0.259585579787019,0.102003120379912,0.147085968436183,0.523621909768215,0.600721250552589,0.28619270349536,-0.170098055113736,0.0372994994550133,-0.0102244859895112,0.00383097719567406,0.0931163822705389,-0.0915734210553351,0.335489972912035,-0.0362936838725915,0.0469855728982236,0.411480025695523,0.407771855867752,0.162849986305139,-0.569565519940809,-0.336823877469031,-0.0543077909805072,-0.0105693182956916,0.249523657453634,0.0268817382521962,-0.356232723777372,-0.210104299150008,0.40027687095204,0.188090549446631,0.231037043129241,0.22561162214238,0.0345008024995942,-0.175297500418658,-0.0812559904817934,-0.0658669087684636,-0.441074150963639,0.139176460625246,-0.205844490132717,0.423037771687532,0.274029089848034,0.34861806800693,0.510424317226011,0.378029951534616,0.335387542901256,0.192393559230354,0.0551226526809586,-0.0978065833622139,-0.264365996204896,-0.447913867255205,-0.429979447593261,0.316481973079789,-0.291419990047601,0.0919391042706329,0.22774201261044,0.226151493709863,-0.0929574755523313,0.263960680822234,0.202945661394717,0.0220780136688724,-0.169670968661417,-0.344112572804888,-0.48162951780708,-0.256298531256965,0.134766048007776,-0.125886974960205,-0.453253791461595,0.402122480639993,0.00831663676998966,0.00888608596229253,0.408018321744196,0.349238843499845,0.0400084026130355,-0.462492902824521,-0.123550383016937,-0.373139362083257,-0.313526716858123,-0.433643173179282,-0.37358041558967,0.219592508837327,-0.108643642454708,-0.267865160532522,-0.213195661752832,0.412932805956584,-0.262542308849253,-0.303539773156688,-0.353170870262175,-0.178307225103857,0.289051187874411,-0.0588452695011484,0.202216360027679,-0.136498771559328,0.0153188896969446,-0.0971751685285895,0.303221297407408,-0.00551009697055211,0.199004998981134,-0.089741803884149,-0.0894126573113421,-0.39379905204175,-0.299655334726001,0.399773475424061,1,-0.189864961647686,0.328374821557553,0.350469775343619,-0.188749630977422,-0.449303258100916,-0.423336868055565,0.518420263462418,-0.303176239192122,-0.345847082389005,-0.0832417118263742,0.0689297224664373,0.448486531217103,0.217748650766773,0.465281721910102,0.366423014974807,-0.100377393844299,-0.336118248018711,-0.109540019685456,-0.378560247840586,0.0535917003756819,-0.245448405099335,-0.0383993133195586,0.143104560361211,0.108116662184253,-0.233740842884953,-0.108438230380252,0.331913769879075,0.479908985716033,-0.389921814714484,-0.474509410500065,-0.486438055659968,0.391210554789807,0.122836575291419,-9.59991470050445e-05,-0.139825855128975,-0.134686829271206,0.276320891137072,-0.0920681993416437,0.190761978848534,-0.348037971146576,-0.376240726114209,0.135675128772278
"外祖父-外孙女",0.0348399495005244,0.0532660617334094,-0.126938464666771,-0.144380444461037,-0.140840176600765,-0.0989651950231701,0.226654140990151,0.0701688315711129,0.20587891103352,-0.198356108588719,-0.00186521327434378,0.106982248881997,-0.0892422465659835,0.171833128306253,0.033779293030085,-0.12360602037898,-0.0247184940880062,0.0242301445329168,0.266556666129733,-0.0856366943326186,0.119054410418735,0.0961283315767962,0.107172544110977,-0.00810469696964652,0.492815478634545,0.0119801636084075,-0.174999012486456,0.121169963010386,0.0112897361497969,0.0408667696192904,0.0544578866748207,0.161297228804863,0.301034701303271,0.0171365385414163,0.210261981380097,-0.0548579979787959,0.140228510721321,-0.0142689881635949,-0.0849312559409726,-0.12503133987376,-0.0354953300189754,-0.202356313770504,-0.184359608483037,-0.143928878373249,-0.265434921199586,-0.250941400410879,0.0826975291704701,0.0166595977191387,0.138337144221051,-0.0336174146052727,-0.125030723610949,0.312934584723907,-0.0447718719116268,-0.354917034970683,0.0808797302660612,-0.18134384600706,-0.0872785894651864,-0.020511541846673,0.141635228870083,-0.108274828071665,-0.0318089654842231,-0.0814761121983309,0.171673854349112,0.136081153525238,0.180047047372844,-0.20885065158027,-0.121680814969873,0.0496743007116089,0.0333417844272122,0.0467777740144803,-0.29277789693911,0.123581858902755,0.233290382376034,-0.0756891310497464,-0.0411562746900592,-0.09898930535928,-0.0945773830835427,-0.0575093617364757,0.0469537471549008,0.0613749418475226,0.0713261914295636,-0.0299243568627377,0.282822831927792,0.0891443609091556,-0.0686313380699213,0.212690214717678,0.0289380916768437,0.104779327827758,-0.0564377547940062,0.24972574457235,0.394117983408501,0.123870764714665,0.108880711768358,0.428671682489637,-0.401168805842193,0.227612660686555,0.0864153975303258,0.193110617874175,0.148498117207173,-0.0617919760023225,-0.189864961647686,1,-0.331471796647785,-0.101721959153642,0.0274602401699089,-0.0604612421378747,-0.0781357210254991,-0.0455584660166306,-0.1023583617411,-0.0966823216795849,0.206380301002277,-0.0848691132141938,-0.181196606520835,-0.146801535960766,-0.111640089561511,-0.0742390952708083,-0.239448005591302,-0.0525459343617764,-0.027494123176235,-0.030683540068474,-0.296707845719502,0.0725140757995618,-0.0569078364346811,0.103206500380214,-0.0173943056148252,0.111308251899506,0.241871363498774,0.0299121949813938,-0.085808751124897,0.233063006034209,-0.0789008263097527,-0.0173173450030268,-0.0782115548270718,-0.149520354767058,-0.0534604199838961,-0.164512956338595,0.0588841897269917,0.00628029849566212,0.369387341904068,-0.055916135657992,0.260250611964664,-0.0602960175016294,0.00564800816370573
"外祖父-外孙子",-0.283450290965154,-0.114254705921457,-0.104114024839483,0.122236281626495,0.284068915262146,-0.0106734455795105,-0.106609930214467,-0.116318926434024,-0.0275521138835409,-0.036099633388805,-0.0784456502704083,-0.0567771219723557,0.154292479202266,-0.360428995063037,-0.12205009836776,0.101439015082151,0.242728695950812,0.144471915603653,-0.428188015681226,-0.169368197128635,-0.0515041395771599,-0.191524275539854,0.127151115878306,0.0140912211934367,-0.391277449280065,-0.301571526470106,0.0617133828597905,0.146076656228651,0.322931228887919,0.267517645572135,-0.104195354665809,-0.230421611734087,-0.0418959627322435,0.197637008577647,-0.413762814126137,-0.208009704967209,-0.298880923956771,-0.122675408786346,-0.166106902791928,0.122393854611928,0.402497758500954,0.355636259206237,-0.0100004537417897,0.0541029064212752,0.482220532510485,0.1903469851483,-0.439664738240506,-0.300778290837786,-0.193094918426555,0.164625042984311,0.00227707209948037,-0.0020668623429638,0.292288786384677,0.839470727577967,-0.0110008024779505,0.431761417979016,0.24285616967438,0.00453805265874286,-0.21441945207161,-0.0556824076878652,-0.253743782754841,-0.0693726984067349,-0.0584012026554593,-0.396428227830057,-0.474671990455923,0.188216388724791,-0.124328689994062,-0.309864779753062,0.28610695657039,0.0979994123512134,0.415926885733608,-0.406266151936488,-0.179010511615467,-0.137384219778176,-0.333338748354816,-0.193416083767711,-0.20395433090501,-0.0485099749466528,-0.241775636806964,-0.324725862791294,-0.227307699364863,0.327450630098505,-0.292366070422876,-0.208516440113426,-0.104554674689113,-0.0177846287474842,0.197331009259866,0.0904999028227201,0.0959967203479919,-0.258741806882741,-0.0858866263478841,-0.29947866925591,0.200437129094242,-0.0171811242326415,0.76985698383551,-0.0972236514792773,-0.162053548699769,-0.356339286600332,-0.373032693108237,0.0229315380776944,0.328374821557553,-0.331471796647785,1,0.157297581657468,-0.351185536930358,-0.203482965420468,-0.22321991825406,0.379801071992363,-0.0862951368125334,-0.114999532745194,-0.0210168704456173,0.0880446253992885,0.336135639567633,0.22341172107175,0.367714631121531,0.26109040425152,0.198474540506246,-0.0986587311734611,-0.280340527504943,-0.165697472878178,0.411953607423633,-0.383405896572521,-0.112588707457575,0.0227207611963329,0.0709093867033353,-0.352017815256047,-0.199564474866483,0.102224524847822,0.235089719891904,-0.326486297551867,-0.230811278431684,-0.276642695014023,0.282809913926348,0.00598169158627,-0.128542678212223,-0.0653841675167747,-0.288705397213447,0.0557330428520066,-0.115277139560335,0.183845382993278,-0.278038647804067,-0.168479686741274,-0.0240386443144826
"外祖母-外孙女",0.026012763882536,0.449817007909966,0.331059901635746,0.578263991185003,0.431077579821908,0.340805327574897,0.0477667663174689,0.212670843808188,0.424740043420151,0.292196768634137,0.411388253423115,0.211689308329425,0.504012499301065,0.0403740689480896,-0.0264869596661933,0.597432230284871,0.156112983730142,-0.161815925014323,-0.381913595298006,-0.543935257674515,0.0169694289259335,0.104132967790059,0.406645566618052,-0.0884031228021259,-0.328375827667463,-0.38169900848598,0.467932205423184,0.430946527522018,0.137032956675001,0.106942140382918,0.190262326172135,-0.519667182303651,0.211521350363744,-0.0304843672333768,-0.394010341232219,-0.0573429366587619,-0.106169803901009,-0.0126205994135616,-0.00813279767328264,0.0942471165206124,0.344436597124404,0.0648317891117919,0.377953835987854,0.642242695650864,-0.176058979005302,-0.24196477912115,-0.120842575837982,-0.506133447868115,-0.0783891035413632,-0.00371566287349204,-0.522716026360668,-0.0047228181720163,0.0909132484523075,0.00928962791744838,-0.284003107769385,0.247066737534476,0.40827466723683,0.174829241956562,-0.135885819892602,-0.48820040239762,-0.492432764315605,-0.449750572945397,0.417178377040893,-0.0313901097814972,-0.15367228222938,0.324094481006639,0.418700522675462,0.285035403053219,0.278043328796906,0.0226265960169323,-0.192700563786496,-0.181364993913298,0.322718218899335,-0.548375287894416,-0.196193343278294,-0.543512792906963,-0.54479632425374,0.123297964813974,0.0794478255976668,-0.34247538040004,0.0288119657299901,0.0369065994399498,-0.125728947180911,-0.268325734964917,-0.567678334002722,-0.353187542126991,0.299446884622356,-0.181931408676482,0.216893429473712,-0.248232720119901,0.0201688325254975,0.174611254896663,0.102165413921463,0.0373360769351001,0.0218514800623725,0.075055315843618,0.173991414070564,-0.171848306947798,-0.018424587258674,0.507543086712224,0.350469775343619,-0.101721959153642,0.157297581657468,1,-0.0547241177741922,-0.544665918997025,-0.554281783627748,0.211537841770482,-0.469267417535355,-0.541900738547857,0.187956690129613,0.489397786768549,0.120637794961275,0.184299974014766,0.259682793208214,0.481137378307335,-0.233980406790691,-0.547982296565032,0.0491938012967004,-0.549925828138771,-0.190437614429517,0.0273059127211163,0.290773330322233,0.261296633100503,0.513905416677693,-0.0205446530517704,0.16998439502316,0.152404547573662,0.35918989782655,-0.335560929304276,-0.496848729069267,-0.484524169253388,0.0777710851045086,0.231547947039605,0.0911860853176359,0.0480926005852166,0.0823444562583697,0.513704153593603,0.075544262256137,-0.013750691589582,-0.475249228968472,-0.553149170710385,0.436559485043259
"外祖母-外孙子",0.285416710186839,-0.113995619427053,0.436909169331202,-0.0146534750308859,-0.165493906036047,0.202703540917263,0.0015492612734057,-0.253678370009174,-0.065126859395005,0.349091581978958,0.220369565635561,-0.0435289712560289,0.283741001575913,0.320489213290798,0.609397981437812,0.0556658666964921,-0.0126821013444504,-0.170711670675388,0.250706064010096,0.131490454086477,-0.354718163159913,0.202403413914854,0.0744056419667973,-0.242330018317908,0.100303898638094,0.565192604803485,0.2307140986434,0.0255365987876897,0.00660842196250708,-0.0644460526972637,0.0354427810264335,0.405794780655345,-0.229811942205519,-0.106983103797716,0.321329404671584,0.359753163459392,0.427431870874742,0.172097763325631,0.596445552444005,-0.0961312184068198,-0.264989537392668,-0.448763644425702,0.293702964636384,-0.0442419285236762,-0.189791029762784,-0.254885852447652,0.19265123124598,0.121849267902107,0.120061809108122,-0.16322303661348,0.00484516716404088,-0.419486223735754,-0.149884325455436,-0.269576825822566,0.166755218461143,-0.26651772891261,-0.238847340336703,-0.297033236472221,-0.243883923748503,0.0378262670335203,0.20882656074327,0.00746830079607518,-0.0188932540291522,0.401845995412763,0.0600267598645233,-0.0357547873270897,0.229582807946281,0.430039272243291,-0.297030756141462,0.0689820302012079,-0.198308280185408,0.00252740748658805,-0.00320142711138514,0.108127414724424,0.499727636072302,0.183747408914798,0.170665489723103,0.244028355141434,0.142943095374585,0.776532818525659,0.575882653921561,-0.284315418803663,0.0121438241905695,-0.0650814030871663,0.14057177058237,-0.0495606989906225,-0.453805766808983,-0.20770024633569,-0.0530459704279299,-0.0499584889952261,-0.211732753538997,0.213800909539236,-0.503290470521371,-0.362714553683584,-0.302982984391527,-0.250096676630933,0.188753313653904,0.137599811124661,-0.0665637464121753,0.160417537198944,-0.188749630977422,0.0274602401699089,-0.351185536930358,-0.0547241177741922,1,0.209928572926401,0.176855887123645,-0.13862327139854,0.0606825430866493,0.044053250995097,-0.111853246919511,-0.0367285766244742,-0.0776323809117637,-0.382684299065612,-0.444008288538957,-0.0122273673831861,-0.247082919384801,0.130427688054182,0.413963104689578,0.193692722017323,-0.151756217861348,0.0990880212743343,0.187509262253318,-0.376226655252499,-0.336690370968578,0.355457445063767,-0.0866082441049938,-0.0564175794817881,-0.207191870778106,0.0926353035086226,0.204541104220737,0.270139869432332,-0.109073340558685,-0.0217104039662346,0.549468996766774,-0.0986247012136781,0.130864460791638,-0.116085702384646,-0.195264313137743,-0.21704288820002,0.117973326390538,0.17790862485272,0.150546326571481
"兄-弟",0.100615333251502,-0.413097511368319,-0.267023296632591,-0.560435127246614,-0.526080839794807,-0.298345046327882,-0.189719452513978,-0.321986940405146,-0.398135403105076,-0.191336027586347,-0.299595880118856,-0.288277056310507,-0.428100588037356,-0.0907698870598077,0.0378114194620818,-0.486863190813743,-0.306276574945048,-0.0394726604925164,0.386975211127445,0.842187314414059,-0.256167392833953,-0.16794255818686,-0.438374932497024,-0.0446021164987488,0.206305656267144,0.379684110678647,-0.425483656826297,-0.39831034215753,-0.353334815727563,-0.310319959965406,-0.264795357634365,0.448914195531179,-0.35079664124863,-0.0354475128400215,0.400558831496669,-0.0182621144066432,0.0768762128842976,-0.130373454147383,0.0864566897064935,-0.268161572214262,-0.474668085719975,-0.30146380724711,-0.393075460384209,-0.524252012986115,0.155577948319904,0.192862237209109,0.118243136163148,0.807997845604873,-0.000662697695358404,-0.25292416318365,0.777043940796913,-0.327851529048574,-0.279126736713419,-0.056051962214781,0.199130729191128,-0.278501562890894,-0.355629848725638,-0.264233928866964,-0.0716029938504085,0.744136096736617,0.913729417632424,0.703719588134069,-0.415299556492478,0.0750256677985503,0.204716822356255,-0.362992551722039,-0.297904297193491,-0.186704281113274,-0.48013994859693,-0.224391165475423,0.180389470291656,0.226116490153101,-0.247378207426682,0.888786773722778,0.332089019120162,0.940377046793117,0.910288042046992,-0.243730078090561,-0.109695519701917,0.447018154609732,0.0369508089278795,-0.264514870649587,0.0802305802845796,0.207753885599646,0.888111563357923,0.0316053407071071,-0.426780185724505,-0.032068655664269,-0.372878028435593,0.0633770235334149,-0.203018594265293,-0.181781664202068,-0.4102216810046,-0.347013657267794,-0.0676137188807374,-0.309402441837427,-0.117554463496688,0.257990601200033,-0.0926210700117497,-0.549140757315906,-0.449303258100916,-0.0604612421378747,-0.203482965420468,-0.544665918997025,0.209928572926401,1,0.94182360998983,-0.459868067177065,0.7882233511394,0.868719175576185,-0.296597518358126,-0.462179577652029,-0.26790140147266,-0.190060894485322,-0.318902071683025,-0.438690908139683,0.184657213418569,0.852061478624376,0.0189558458784874,0.866788102156982,0.143994238930543,0.0674386859334146,-0.244063827316746,-0.345498197375486,-0.442328935013552,0.0522065125773631,-0.386112845438301,-0.247291875527311,-0.370675864813482,0.168583638979033,0.950743963608323,0.923160990369155,-0.335309026021998,-0.34914524871575,-0.0474468157833389,-0.0252655634981034,-0.210881183026843,-0.491233796949375,-0.228247673900825,-0.127042126128798,0.444091427550877,0.938552184582511,-0.372620225225749
"兄-妹",0.161401311872704,-0.383823368797599,-0.206754129146102,-0.560754428704331,-0.490280820446254,-0.315269832611263,-0.259894872794354,-0.362596624117598,-0.47173401502306,-0.170429717574439,-0.308285587698684,-0.334805011968842,-0.488276143397508,-0.130857585921439,-0.0213260873488211,-0.492602967912925,-0.288192956730118,-0.00286118514410132,0.426595603906642,0.860087731691424,-0.199250499209063,-0.222101002482696,-0.467759870812768,-0.0380017055857173,0.192630179065254,0.359300948743691,-0.416837740500346,-0.464088035594786,-0.325518747293348,-0.350944371339545,-0.268449747031931,0.439170143232563,-0.384215963663226,-0.0913387203781864,0.441301347397861,-0.0261314733700423,0.0195480774154609,-0.149278746603906,0.0476437421033984,-0.280033895362548,-0.483610941965819,-0.267544519595928,-0.397441708182145,-0.519809241120688,0.150518962586996,0.215727475592467,0.127511829799396,0.76958970948589,-0.0135200592462009,-0.28103119860847,0.749986803440883,-0.284965857392539,-0.23480678030534,-0.0575891463045993,0.211840003741391,-0.271251947806533,-0.378751679244362,-0.281404944952997,-0.0457757529688908,0.679561766062942,0.889773733466099,0.642095612432901,-0.420846217363557,0.0340733564866369,0.165888333646885,-0.363707553759081,-0.281649538046945,-0.185474983586813,-0.480469322165456,-0.186399727261183,0.201949523013149,0.218034700618092,-0.266771005106121,0.86648475677565,0.310554483498427,0.914778654166393,0.950429248022346,-0.211238003104203,-0.122726938087259,0.397895418023682,-0.0309828425583601,-0.296329406896505,0.133749877694898,0.273556590552329,0.876446702238605,0.0134470262374958,-0.418043089887756,-0.0384015371773153,-0.393031000982148,0.115595103802919,-0.210767532146652,-0.116181794873751,-0.410079753151815,-0.373188393111002,-0.0631878360557173,-0.25894205908769,-0.0817027293855005,0.332287949485106,-0.051713776733743,-0.514670789039804,-0.423336868055565,-0.0781357210254991,-0.22321991825406,-0.554281783627748,0.176855887123645,0.94182360998983,1,-0.438586705548827,0.704430396636461,0.864386120758322,-0.340153221854434,-0.471816282336336,-0.231016450747661,-0.166011101142588,-0.296343314296513,-0.46400224213652,0.19867553593367,0.841258898406498,0.0673115955144564,0.892071515385827,0.169674700046339,0.0471838139246904,-0.276447254267521,-0.368987580017895,-0.41189586393153,0.0753702736513732,-0.324390551246543,-0.306218241696706,-0.371999926758031,0.202602150627175,0.932997511194479,0.916830664808011,-0.287870170872358,-0.341660852979863,-0.048600650499327,0.043413797936411,-0.206378096862914,-0.490613958427425,-0.278232870497922,-0.104401929175839,0.424617125531671,0.932866644925611,-0.385730770726446
"兄妻-弟妻",-0.305627608336444,-0.0962156179459516,0.0685592251067277,0.251236009277154,0.596660322881617,-0.0032786057386354,-0.148048413625073,-0.16960719091122,0.0065400321067656,0.170192014141005,-0.0127535879323058,-0.151623093613906,0.284892212764395,-0.282790411182867,0.0461180704079901,0.458452329902318,0.447245844099521,0.29211241555126,-0.406962508797994,-0.418370907460284,-0.0215103449312037,-0.230461971405254,0.163779197185069,0.186181433453376,-0.356340701819533,-0.295160681093001,0.177001081581446,0.149509385403394,0.543323787995212,0.501711557715002,-0.0371659748276765,-0.00591731183867978,-0.0215209958336648,0.17147699904559,-0.385928937147578,-0.0784783510595517,-0.154137965187055,0.124878226722515,-0.0154758781846375,0.23062873409173,0.596728211525404,0.558887090561267,0.244424242893946,0.100753387813822,0.246652809049473,-0.0210629200649307,-0.447878420352108,-0.506926669111564,-0.316129909650352,0.245565643505172,-0.344979674809914,0.0397517621374964,0.479021057401211,0.392570474091584,0.0303217376678707,0.277210196281826,0.166593315647167,-0.217166414726108,-0.323040449673335,-0.459818682654703,-0.497254872614368,-0.449956366162744,0.123446139500282,-0.413907912926577,-0.56312096612185,0.093457866309747,-0.107881890280923,-0.0194296387216669,0.446704173425659,0.430895798261961,0.239337933645427,-0.389953488196398,-0.00540161812412115,-0.396302860064996,-0.418315055972337,-0.475299194045698,-0.439351973613134,0.0400908320767169,-0.259494340613954,-0.207072579047891,-0.165845970699426,0.527065906503742,-0.245558663970891,-0.205805130887099,-0.364267591933243,0.219557518142298,0.176195292322183,0.155428648195324,-0.0121051535423855,-0.237535354269034,-0.0912911063767187,-0.184703817430378,0.287688164368299,0.022226276440772,0.426211200589368,0.0430726583991952,0.0640603274727505,-0.434364695228582,-0.397575171763348,0.321600567143763,0.518420263462418,-0.0455584660166306,0.379801071992363,0.211537841770482,-0.13862327139854,-0.459868067177065,-0.438586705548827,1,-0.419270785419992,-0.409793947936432,-0.108080003363015,0.166052964899967,0.516671968331066,0.315416374266187,0.512297100501408,0.166765401319178,-0.00313342301176017,-0.376142352254375,-0.218776630338766,-0.3500861598687,0.275220662963556,-0.387069859187338,-0.190158069510752,-0.0941614618975494,0.0309563230126355,-0.146809654417599,-0.0574361491684822,0.0674885897329796,0.281094237673665,-0.316146826467525,-0.467051893083348,-0.447618302739315,0.606687809396236,0.0874083581519231,-0.0770755052859058,-0.229835390089472,-0.370649528537309,0.0858125125771558,-0.044981178118049,0.547167197067881,-0.107696720281902,-0.412605734095998,0.226412176939745
"养父-养女",-0.114729778975413,-0.331917914024126,-0.36263265424856,-0.470392330305185,-0.475615651665353,-0.274825933605794,-0.026947570925611,-0.0969685814889776,-0.191322341882072,-0.33478634971342,-0.237284985841744,-0.137314136046242,-0.263958763715433,-0.0477239915565994,0.0266275444569817,-0.439872150244893,-0.356126574624921,-0.137599872630539,0.138675252325589,0.665708293024211,-0.197020133103024,0.0173920670473416,-0.255685527104266,-0.110555636640199,0.105128809434276,0.272581092302632,-0.354452263432021,-0.175749578347664,-0.366557116003872,-0.226660005647451,-0.18842039008837,0.26117848224846,-0.223928350615218,0.0496376162408168,0.111362378951652,0.0153006919449335,0.0998439602120913,-0.0664574982410762,0.0988640683885609,-0.143896215917897,-0.373305223163628,-0.308439164387836,-0.374061298926838,-0.471068741432157,0.15666651081237,0.161341925230194,0.144825143157756,0.74706339425895,0.0257863907283799,-0.180264800565154,0.774296044471598,-0.265012605577233,-0.341979951293466,-0.0244084732412174,-0.0650279387131906,-0.268946146237374,-0.255640753739309,0.0161245721743626,0.0340675231776036,0.897759708521698,0.775022262315783,0.853481165384715,-0.265623433553538,0.159388338484308,0.103225249251158,-0.222529202389256,-0.285208028930656,-0.263617678975489,-0.31938494508815,-0.297634614389852,0.143368727748071,0.246346374734744,-0.235320880018165,0.826154660181906,0.118997211370333,0.775185764191313,0.706079659874564,-0.19848000669144,-0.0583939588300343,0.252221829476343,0.104609834417993,-0.176551565194803,-0.0403114722921286,0.202071675820581,0.777934972139582,-0.0544750857103571,-0.269891030145518,-0.0453243710850978,-0.142996852033509,-0.1194333611204,-0.26471562552355,-0.264161421220027,-0.266599815592894,-0.180971733789895,-0.0941777510450072,-0.32182740450644,-0.244135374805093,0.0217032034769713,-0.165117153409216,-0.446943501891675,-0.303176239192122,-0.1023583617411,-0.0862951368125334,-0.469267417535355,0.0606825430866493,0.7882233511394,0.704430396636461,-0.419270785419992,1,0.866310815421893,-0.054955577312947,-0.350157922857377,-0.249739117813487,-0.258227475633152,-0.329124081968764,-0.160043978661003,0.147989164530576,0.785074040818385,-0.12861556233264,0.613247885372008,0.106232202743345,0.0102121061732532,-0.241427474782521,-0.134250939983143,-0.3681020773037,-0.123068398092346,-0.382587873822963,-0.021409581677381,-0.187938785555089,0.0491249996062176,0.748361893527181,0.672257932527579,-0.305399374503869,-0.269476517636289,-0.151772275241275,-0.117557351392416,-0.101390581179084,-0.389524611863521,-0.146299701955096,-0.193942643370642,0.222146788214758,0.766041728497657,-0.293984838102261
"养父-养子",0.0321498139137315,-0.378317754394399,-0.296787024726822,-0.555943685453537,-0.470540181171073,-0.348022065484138,-0.22383792902921,-0.243730643432667,-0.369651322688492,-0.265443886585397,-0.343124926527627,-0.311524217865192,-0.455186372120523,-0.151807370606415,-0.0612912194779664,-0.491060610270761,-0.282704200319186,0.00629666297651278,0.285657447892629,0.806750760396812,-0.127225118697098,-0.128075984552405,-0.372251254252084,-0.0765681954527556,0.20718677606704,0.284357846118066,-0.415629986748676,-0.381001701835559,-0.343378265245948,-0.324782938792836,-0.225572305248264,0.376410269353868,-0.288917176149648,-0.0386790194978548,0.305424124174097,-0.0313305698609828,0.0376917126581332,-0.141555605728718,-0.00982329091291827,-0.20004274942621,-0.451514029903632,-0.273278361867041,-0.470819374445556,-0.568130802867901,0.203923955002772,0.2283975009443,0.107857513397289,0.74565279646026,-0.0350561615714872,-0.24607392040947,0.80554683241236,-0.197866226407114,-0.269908189008922,0.010071978406744,0.0608482078832875,-0.272403918183553,-0.362466179019701,-0.138289707370388,0.0773844126835208,0.783957293626157,0.839302839823917,0.72584187708417,-0.361274299148454,0.057931775107778,0.0840940510996806,-0.285667911537661,-0.315911986441665,-0.267665043454657,-0.379981176666444,-0.215444650805968,0.229880971971902,0.256108734240198,-0.284651878395146,0.872904528843906,0.149318040798907,0.862510481216903,0.863865399968701,-0.188956446025514,-0.151932675044803,0.261926566785646,-0.0772435913132848,-0.265178347197636,0.0846281663171928,0.312921940281136,0.875984182900915,-0.0412042938010333,-0.345533466921018,-0.0875372767380875,-0.326305022678978,0.0878604737747481,-0.175413018602426,-0.190464057386618,-0.358597518739572,-0.236779259983486,-0.0411386450065939,-0.276316441782354,-0.20719471559479,0.204882597877694,-0.100350138255872,-0.473104682679033,-0.345847082389005,-0.0966823216795849,-0.114999532745194,-0.541900738547857,0.044053250995097,0.868719175576185,0.864386120758322,-0.409793947936432,0.866310815421893,1,-0.225093166718121,-0.402459092687532,-0.220329237082067,-0.200450797398404,-0.289363484886722,-0.381507465485313,0.214292935957361,0.839296627385351,-0.0350253174311768,0.793468189715956,0.18969275951966,0.0144502233469272,-0.300454045649485,-0.197187526654285,-0.407348063549684,-0.063810169408428,-0.339557006398206,-0.199311178416199,-0.301503571274529,0.141967913913986,0.827884219657706,0.793451901325257,-0.253754724161697,-0.347092093615736,-0.100154663124746,-0.0259289080683446,-0.175971840824146,-0.468479450748786,-0.2255270521506,-0.162716894701044,0.261489895772575,0.894777520724314,-0.370767553135845
"养母-养女",-0.122853473800111,0.208131174892628,-0.0380820646569235,0.121454711298434,-0.096902427713656,0.101100627425309,0.427107731977744,0.268667721628816,0.395147231156946,-0.124725656808513,0.188103514374169,0.374507214604539,0.410823851616806,0.258258749567064,-0.00660032776342549,0.0662638428136069,-0.246379612186365,-0.378256745837482,-0.0769555898121161,-0.310464098771081,-0.00326572617721937,0.329971415905504,0.460747196882752,-0.257799361698503,0.12817653056525,-0.244367691611828,0.0848907708917935,0.538871012684622,-0.0957398200186599,0.119794916795016,0.247994254074097,-0.29938548557804,0.389620604069693,0.0177423794791203,-0.157553801724907,0.0967378946928548,0.265956716644259,-0.0829203085246788,-0.153558668966827,-0.0973469587659132,0.0208612625667619,-0.216606114749551,-0.03493154921089,0.289537696485665,-0.170124832833859,-0.165083455658376,0.0318125170844266,-0.130972697296677,0.0300431803914567,-0.165256585793361,-0.217216473046187,0.146930600023232,-0.281027108043507,-0.17845937033277,-0.227914262018729,-0.108282633378403,0.240874196405102,0.426681422976318,0.187109232038753,0.0084699906087639,-0.261309381200994,-0.0231822303453085,0.414923987931572,0.209085580696112,0.0825388509234775,0.141761922775924,0.152968498599459,0.122706146338816,0.198359412681113,-0.115454148263419,-0.24891971828018,0.0422008286818726,0.279860202579256,-0.268862689770296,-0.155406965799368,-0.312284881035137,-0.332048418664709,-0.0381507927239542,0.170171356307318,-0.186438616317346,0.391785269043175,-0.0243446383775862,-0.112214315102995,0.0122843250077443,-0.338961124496583,-0.207366596849934,0.222699283391019,0.0519578310873387,0.448533412422969,-0.0345135973916202,0.0848871126775661,0.0426437308046811,0.0998170172584944,0.472115549613281,-0.243140704087645,0.188395768304,-0.0997914352341106,-0.163051191932914,0.0117802887009821,0.135122919518338,-0.0832417118263742,0.206380301002277,-0.0210168704456173,0.187956690129613,-0.111853246919511,-0.296597518358126,-0.340153221854434,-0.108080003363015,-0.054955577312947,-0.225093166718121,1,0.275147759312135,-0.0287714269884211,-0.238218191930108,-0.142832050572489,0.451282162750872,-0.176380366767353,-0.199372766613448,-0.227961956510326,-0.355975826546924,-0.259221752417268,0.2813963961341,0.286582163834397,0.386645711025338,0.272418032558591,-0.169176728861998,0.298325572412409,0.172875201283675,0.10343167612765,0.0102092773668936,-0.31576333130788,-0.312291868493213,-0.205958121397356,0.208975682227511,-0.171559594748836,-0.0785902224272774,0.291691990420763,0.293155216114876,0.139594333268555,-0.219086162801306,-0.337422126683873,-0.351881259310318,0.0820311741146972
"养母-养子",-0.176774833991449,0.38346610291035,0.292585968607984,0.362235246850656,0.196854420632979,0.156574702454347,0.192073828351952,0.267062189930967,0.398166097652262,0.323289379999109,0.465187145163406,0.272226940779668,0.378709844013993,0.166577941841226,-0.00146680466392083,0.434559599294561,0.00738948645241279,-0.11518738106789,-0.249187903937832,-0.494312427888749,0.168166722066499,0.26112722272666,0.454254717736735,-0.117487173272384,-0.0660845138224886,-0.23964604805038,0.460378613365874,0.383507616048917,0.104755115230488,0.0847789300646413,0.226748520245797,-0.44562909330786,0.216428952308929,0.0301576093118799,-0.214176040672205,-0.0252250266963795,0.162734775094964,-0.13152928371975,-0.136683662483999,-0.115311572300482,0.137970997130834,-0.0321428913323992,0.256974440525174,0.578912939283844,-0.18394380942425,-0.242895504149669,-0.0441393795563486,-0.421078027751968,0.00237168190804493,-0.00829276180214508,-0.490314271746013,0.142416144997419,0.00724799294795263,-0.0438606354718121,-0.245501628591807,0.141491018869036,0.221327203711243,0.160758796760797,-0.0148357607255544,-0.351772664377646,-0.428445121216356,-0.393276894022911,0.379237177151007,0.0476471738363958,0.0127788857449281,0.372802557776244,0.316027583490188,0.129303247409563,0.212627764580633,-0.240806647534768,-0.209032185250209,-0.105653910771274,0.234317671750359,-0.504063149284408,-0.147834578063875,-0.454529858673388,-0.476658193691864,0.0421699017251223,0.0938342433586315,-0.252912390300979,0.0575188405968486,-0.0186128719946387,-0.05719914566448,-0.0569123403898326,-0.521657590396891,-0.18044454572941,0.278028785096939,-0.190036383714785,0.201082313170656,-0.0292214428812172,0.0871524857543081,0.201826116826806,0.13777716794852,0.215108432405448,-0.063009655200953,0.0964069547130073,0.193605699204621,-0.1138586672035,0.117760941533096,0.38823130491192,0.0689297224664373,-0.0848691132141938,0.0880446253992885,0.489397786768549,-0.0367285766244742,-0.462179577652029,-0.471816282336336,0.166052964899967,-0.350157922857377,-0.402459092687532,0.275147759312135,1,-0.136982976040542,-0.0298483397328973,0.0175951194857468,0.337579496167924,-0.217590127867933,-0.547877818371289,-0.050210721035691,-0.542160485583422,-0.162985039458172,0.117785920962181,0.408873154822217,0.277443824734236,0.313710171701217,-0.130410093420631,0.407223025627686,0.0223921313132978,0.111092783532617,-0.141228620927845,-0.444929070439314,-0.452206843797066,-0.0119539200339131,0.121367099450817,0.00345801574486085,-0.0794997371559783,0.335439179199558,0.464047460454949,-0.0181836675439882,-0.058507328620276,-0.391199960763555,-0.483635609007853,0.456402461939566
"姨表兄-姨表弟",-0.012643641383765,-0.254350984474856,0.086549474228022,0.085416947353612,0.456358567298548,0.0501257324298735,-0.137017709953957,-0.30191169936852,-0.0887236356722372,0.0796561550207569,-0.231115797592603,-0.191431227194318,0.228586955833144,-0.294329271254701,0.206797880317583,0.175411729889394,0.209352771928507,0.296632751728256,-0.367471777424137,-0.280812284009613,-0.197741798622719,-0.064404415716321,0.0759764689918706,0.183484468823322,-0.347808485569912,-0.0749789828689373,0.163945087809347,0.121461730669845,0.444382567817712,0.359785489926856,0.136640190393113,0.0404528400510397,-0.122393721272221,0.251059118211129,-0.367763436305756,0.00693854652595881,-0.0350302182292786,0.1586570457607,0.014830377286751,0.314346893501013,0.301022606133621,0.521073892469594,0.117134251974862,-0.0548537220468665,0.225236494745685,0.105013514311754,-0.263021454742884,-0.308583493053317,-0.358124340903295,-0.000542624270176106,-0.167262850066025,-0.0374307600799449,0.333036935375885,0.407613294419875,0.010004234620363,0.212297105691528,0.224407895014376,-0.213639042933497,-0.340158082499331,-0.198037929305835,-0.345121908079097,-0.231750134949502,0.165598727103508,-0.159842457056181,-0.427124866131678,0.148976386110179,-0.0415318358580284,0.0662983588711217,0.177004669372132,0.596770458208315,0.238597352296057,-0.277214288150445,-0.102290272394432,-0.169884415230676,-0.240564255469317,-0.257419225920642,-0.261495660550075,0.0862959365784762,-0.17779076991543,-0.0648830016177392,-0.151952496588582,0.405765734359165,-0.363929772765872,-0.260652710374374,-0.207290055069289,0.0254612460985378,0.0142701344839715,0.235581357798252,0.122645780628291,-0.245444011718473,-0.107816406497178,-0.186046705078587,0.0929690839338388,-0.115381756042133,0.399891040691756,-0.085208933846861,-0.118699051878959,-0.420889664977776,-0.413649490568184,0.118057114351823,0.448486531217103,-0.181196606520835,0.336135639567633,0.120637794961275,-0.0776323809117637,-0.26790140147266,-0.231016450747661,0.516671968331066,-0.249739117813487,-0.220329237082067,-0.0287714269884211,-0.136982976040542,1,0.138209020294932,0.36818544825677,0.14787190472982,0.114187877616157,-0.169141750477107,-0.0595474539691191,-0.194416155286404,0.201602771591725,-0.445258388371112,-0.0978238574083391,-0.19171963896466,-0.0649287878587943,-0.161514277234412,-0.150900354536856,0.172239768297083,0.179493023232946,-0.392474036165131,-0.29800232880348,-0.317781065853343,0.417617135803982,0.0403292461977623,-0.0354306760462164,0.0550400716789733,-0.272924710436718,-0.0463269406454593,-0.119912625418951,0.337481559570434,-0.142041900163646,-0.251425099680348,0.0618052134567576
"姨表兄-姨表妹",-0.0239420812396692,0.0280845675121804,-0.138322518578157,0.165132842769951,0.333067688013155,-0.171258362910637,-0.248015016540705,-0.067523274583527,-0.115309996045225,0.0607892057748825,-0.222433751934204,-0.0939922364832583,-0.135006891184945,-0.280070741670058,-0.328382417012907,0.281348770173509,0.151752475598659,0.219011560670986,-0.148004684125863,-0.159135053106044,0.174984795667011,-0.425273034714687,-0.216056818825779,0.341286002934525,-0.309384488205563,-0.49828377818417,-0.152508129655736,-0.260210753453676,0.0535021665999542,-0.00186213244462104,-0.123061040939453,-0.276979220768035,-0.0121771471228334,0.100617044490285,-0.207961707852169,-0.205136371141835,-0.308646600111407,-0.0739076622889723,-0.284916931989346,0.105584695809866,0.213435474854621,0.549478819435507,0.00401433525352324,0.0919357461078068,0.0889140360132557,0.189278223225237,-0.244922167572591,-0.193573748388137,-0.0485585120326623,0.136736951574402,-0.160151325530491,0.0899500885713014,0.374564096320819,0.296369705534944,-0.0320655343699553,0.283099276507822,0.114510665796363,-0.0674341620979771,-0.0596292235807147,-0.293799797610581,-0.168968279639675,-0.252077884439465,0.0104500414768667,-0.366076609996438,-0.167946366775792,-0.12509609324237,-0.0238422573426274,-0.0209845403041521,0.112071116574723,0.0399089899783516,0.171975230625393,-0.0414247638489588,-0.0579565568497165,-0.157373743590762,-0.17132649124188,-0.155982145838467,-0.164418315938948,-0.0834723894358623,-0.0881905623252477,-0.421878164646377,-0.406655676700862,0.267235881680302,-0.0691195784138111,-0.018650245294195,-0.171680949718475,0.142057602127911,0.117266100544372,0.0142241220449177,-0.131516801732613,-0.0356331341382015,0.0991525067948401,-0.160509829436514,0.132431961454231,-0.131341959486091,0.387081598800639,0.00771758252840287,0.0419795621399369,-0.169109707157735,0.021215806334536,0.0860532611180775,0.217748650766773,-0.146801535960766,0.22341172107175,0.184299974014766,-0.382684299065612,-0.190060894485322,-0.166011101142588,0.315416374266187,-0.258227475633152,-0.200450797398404,-0.238218191930108,-0.0298483397328973,0.138209020294932,1,0.609898123991675,-0.231500383379511,0.189859451750996,-0.221317469182902,-0.099415782253889,-0.136260063133451,0.174691572964541,-0.134257616182435,-0.127293748535024,-0.0102805132342526,0.302865733708846,-0.0205032269940557,0.0178065132938728,-0.264535934463029,0.0017739237882671,-0.12321387487954,-0.127304643813227,-0.13861188717515,0.23845320118191,0.267426324603505,-0.26095978962967,0.156459505784975,-0.343052060538559,0.110017874170609,0.0590467028954291,0.397068483899526,-0.0336328043481476,-0.184314688335115,0.0214831445172296
"姨表姐-姨表弟",-0.237861923798951,0.153088596670542,0.000712941738208703,0.327357017807866,0.637082822813596,0.150795756704505,-0.246536172742388,-0.135991791771537,-0.16815864612336,-0.106408183144619,-0.116243618206069,-0.0880545773663538,-0.000517485946347482,-0.412158667419405,-0.296433329345709,0.270721104791233,0.377296315190256,0.188761224788002,-0.491443997391917,-0.234384097507587,0.14553062493104,-0.276141783463199,0.0775712384619353,0.24601808342033,-0.391595989235377,-0.497154419441937,0.0582957338660796,0.0438324044718763,0.299588645361297,0.299764469783058,-0.0877388626326812,-0.316907021825997,0.0610147388119083,0.124738273898573,-0.491780210195104,-0.188668383304654,-0.432927654740173,0.107281234545371,-0.25743841244182,0.251791643465599,0.577787019622703,0.715522822166868,0.170308819349176,0.209107697722383,0.167612448543068,0.204337949251366,-0.34977351343223,-0.395483673101268,-0.366861430155397,0.184762388172362,-0.216758111309376,0.0678317224999826,0.432887382588686,0.314040221967498,-0.0644970978787334,0.335103015563511,0.0899521520753122,-0.137155156342607,-0.154706802513495,-0.307038781660735,-0.370643162478268,-0.234325027237345,0.111694058133241,-0.427311187220842,-0.256188483231289,0.0360958204116189,-0.184363176103367,-0.191182695045168,0.44554628738509,0.259846152286699,0.177893661169075,-0.329306937306088,-0.207812884365803,-0.286935049063168,-0.498544480060455,-0.321075542011901,-0.280237437261702,-0.0916488755493437,-0.253290427613226,-0.489693657315767,-0.446758073439955,0.3994399731636,-0.169385121270566,-0.237431825636995,-0.254598027402966,0.037358953397435,0.366972386954636,0.104449762501386,-0.0942851159083621,-0.194760219338633,0.129852989554608,-0.0998131265112102,0.366080767067199,0.00500102180490996,0.415188107945631,0.0508367520534242,-0.0711612817555175,-0.313562945925758,-0.234897568262983,0.240006135950564,0.465281721910102,-0.111640089561511,0.367714631121531,0.259682793208214,-0.444008288538957,-0.318902071683025,-0.296343314296513,0.512297100501408,-0.329124081968764,-0.289363484886722,-0.142832050572489,0.0175951194857468,0.36818544825677,0.609898123991675,1,0.0903002127979659,0.208154415868707,-0.274139820447179,-0.301749871343773,-0.240843960571362,0.179127283536464,-0.269356266794391,-0.219579756378201,0.0248813235389965,0.233758888981909,-0.163959710639591,-0.0317219371908937,0.090690286883965,0.42131433879195,-0.31635571906702,-0.308430631140969,-0.33035500036171,0.340086188840864,0.0579625108477179,-0.254016088077813,-0.0508470486367604,-0.338751927890049,0.123556769489844,-0.0666129477715192,0.401173542685201,-0.125240168254494,-0.278656843888425,-0.029462923194362
"姨表姐-姨表妹",-0.197062238378457,0.39366485312747,0.295131957337145,0.529152770546241,0.360876805563654,0.471569169131633,0.0943888148439487,0.242044044516399,0.305023234993564,-0.108591817969815,0.224232653306599,0.133750643033308,0.591859308806877,0.0429520879051564,0.137528110938171,0.240564452883598,0.090857595988953,-0.284128534432894,-0.531495506335205,-0.459511734089917,-0.131151270921151,0.391315323233017,0.714735992579398,-0.277002301841665,-0.308383386840769,-0.0821342271610926,0.505415840808129,0.759795061437281,0.229189317605271,0.319502806195902,0.240300695326995,-0.339641951527966,0.166463869524526,0.0182278617801042,-0.526837090891474,0.177785987812288,-0.0167586133881641,0.181312614737943,0.173801938642646,0.265178260724819,0.427686591975455,-0.0498224828196157,0.408995510509191,0.481153642353471,-0.187684227349054,-0.24079686353264,-0.0123980040025201,-0.437894150122087,-0.170498442767081,0.0603996644560134,-0.310997544594865,-0.0302331933674409,-0.0969532304582798,0.0077772692823094,-0.418205299079259,0.201361419527856,0.201181211376476,0.296810911845376,-0.0838381845241428,-0.109073811898433,-0.462943838463739,-0.0913455246026375,0.363259496668635,0.111854474634687,-0.275840362062018,0.570945375919957,0.187323760092517,0.0534183012224942,0.504498117114115,0.0897214473752656,-0.273519215702087,-0.238502892389552,0.0460739381847932,-0.411397508149185,-0.304534669789344,-0.464687023443917,-0.481995012248276,0.28250137356013,0.150254346821787,-0.190420811558407,0.305931554782296,0.0821666741127903,-0.335331411800968,-0.221164769678021,-0.441372968327253,-0.300296161392328,0.416651793652956,-0.0801519777052572,0.461292457534437,-0.424997819937757,-0.120359610523078,0.0789531542575784,0.302323149962936,0.268108074180257,-0.0934870881977126,0.0199187073239765,-0.140237030571197,-0.41555691179079,-0.261099939557365,0.437624368803108,0.366423014974807,-0.0742390952708083,0.26109040425152,0.481137378307335,-0.0122273673831861,-0.438690908139683,-0.46400224213652,0.166765401319178,-0.160043978661003,-0.381507465485313,0.451282162750872,0.337579496167924,0.14787190472982,-0.231500383379511,0.0903002127979659,1,-0.258428691712721,-0.335670740649326,-0.125130988061937,-0.522149887432774,-0.275347105108227,-0.150171156577938,0.134340742151193,0.308541365628318,0.268717136780654,-0.289877852446408,-0.0152449702421424,0.539999451074791,0.624367296361584,-0.435153451772788,-0.429059983631776,-0.475996736165159,0.021348755279074,0.145330229984523,-0.00689106089613396,-0.102180360853061,0.23483540106914,0.4070841421629,-0.0257537483925297,-0.182291977394753,-0.483173510494741,-0.462942839096638,0.162586672991327
"姨母-外甥女",-0.108378004641309,-0.282504468633408,-0.269965202904387,-0.248166083424854,-0.0847397739057594,-0.250979875670552,-0.185923050280221,-0.141739123936135,-0.228551278006195,-0.0336944350142652,-0.32478864699973,-0.174063438151063,-0.244673278184684,-0.341601224530383,-0.179546357111993,-0.158039706591884,-0.154897353195685,0.0148209868124751,-0.027480399277811,0.17605594129806,0.00377751917658533,-0.294298495534326,-0.325088540591762,0.244927337398786,-0.17216283499679,-0.160851118641107,-0.255176192342281,-0.265219477208691,-0.0313560290525018,-0.110014951985472,-0.132245535523966,-0.0377822283118581,-0.207651773525648,0.0196385779942018,-0.0485104294423258,-0.121128254633577,-0.167243100092058,-0.226386193878063,-0.24608245703113,-0.0805209316776689,-0.0408183153243717,0.314395336566248,-0.225199514592863,-0.245324787366449,0.435428646319783,0.988400429210366,-0.154845308824773,0.0827432918987227,-0.0591405917963244,-0.121115510159151,0.251826298470458,-0.162211149027509,0.0561487123066403,0.310627500953469,-0.077781821249648,0.0214933844049424,-0.0091636322250111,-0.0861714521603587,-0.0698927356774275,0.142641195863916,0.14916781160983,0.0983683973488854,-0.171413249499856,-0.290633839347529,-0.0354356106385361,-0.197562227189623,-0.220505300562452,-0.229073809293047,-0.0924318977586767,-0.0495428689529481,0.516396541744177,0.0269544859912542,-0.219292339173677,0.251515462026527,-0.111958080166167,0.206235304528346,0.189540731460197,-0.140718831099366,-0.0927083781669493,-0.115402400063119,-0.229335225344842,0.118619467620995,-0.0855233618290326,0.0560717230117776,0.240231756349973,-0.034824529564383,-0.167591262273512,0.0782172379058767,-0.155730104593721,-0.10239269818226,-0.155814194176581,-0.2730128285868,-0.0763379703779819,-0.212758192159374,0.461884897405623,-0.125009211237154,-0.0955489700467266,-0.112282841756243,-0.144965542764559,-0.230484013462475,-0.100377393844299,-0.239448005591302,0.198474540506246,-0.233980406790691,-0.247082919384801,0.184657213418569,0.19867553593367,-0.00313342301176017,0.147989164530576,0.214292935957361,-0.176380366767353,-0.217590127867933,0.114187877616157,0.189859451750996,0.208154415868707,-0.258428691712721,1,0.200327516621467,-0.203177982971853,0.225433911174686,0.504118144395054,-0.241953090381014,-0.281916270793043,-0.162353623119424,-0.162182751511722,-0.0254262974924567,-0.222208587556206,-0.188776199595423,-0.141176477376069,-0.0484854493682792,0.218887949566462,0.153830458423347,-0.0162520044309133,-0.126504618364598,-0.280607299588459,0.0984576937972972,-0.310738005020157,-0.27016388697009,-0.200357137552608,0.254883777397703,0.0675465692314323,0.20084545589055,-0.225679718346147
"姨母-外甥",0.0120902351508959,-0.424861436605331,-0.23460135939118,-0.564380701677088,-0.453041242656015,-0.244764772685455,-0.191024645689669,-0.355165872568762,-0.416317005545099,-0.331447536004447,-0.335523976906132,-0.301999675148751,-0.360513217815139,-0.161244951964881,0.0138655259767448,-0.519241706243213,-0.196877276266605,-0.0139182467033128,0.278275294192473,0.869557582807479,-0.206453022405953,-0.134651196262538,-0.375773192967369,-0.0893576152090061,0.197060695641577,0.327613428275632,-0.437724168928605,-0.327600479084761,-0.226814445765979,-0.256501974219041,-0.327134920106461,0.48381301996801,-0.24482751365247,-0.072987805755958,0.26749923906757,-0.0386762097669761,0.0071281039948386,-0.0793115863899258,0.0645365443501404,-0.203870088502673,-0.382796726300005,-0.297576748515008,-0.370343297086308,-0.577184168277764,0.263649180341786,0.219573235701275,0.0104376493741002,0.760978841911969,-0.0390986319573483,-0.186549313996173,0.86069889791231,-0.277290845439501,-0.258851511406481,0.0346799954242813,0.135417912317816,-0.268719707756949,-0.36801929062015,-0.140365461995738,0.00956307810987494,0.793194595542088,0.802189444300901,0.755340260798374,-0.371410145552972,-0.0617391683283202,0.0708579336534993,-0.352661477663553,-0.326255590964985,-0.23167005047988,-0.341782776067314,-0.0574044730084307,0.263255377620759,0.0854363230843675,-0.266482146402571,0.932559804055572,0.118625746810658,0.859173457204507,0.873044525219205,-0.21502088041955,-0.193545299818643,0.349658154537981,0.0648361578786571,-0.235881301912381,0.065873875827177,0.122050428467315,0.913490596213141,-0.010182676530349,-0.340673610518197,-0.00252136219798935,-0.369793338110768,0.0547703683531653,-0.242013564416293,-0.201347964517385,-0.316644043608954,-0.258602520344611,-0.0261011396103892,-0.286696867406748,-0.212389130387913,0.180236893872132,-0.140402039827215,-0.472135029733436,-0.336118248018711,-0.0525459343617764,-0.0986587311734611,-0.547982296565032,0.130427688054182,0.852061478624376,0.841258898406498,-0.376142352254375,0.785074040818385,0.839296627385351,-0.199372766613448,-0.547877818371289,-0.169141750477107,-0.221317469182902,-0.274139820447179,-0.335670740649326,0.200327516621467,1,-0.0680587477293501,0.882651501096073,0.23149683983498,-0.0163010639707994,-0.342925922550301,-0.212624024112423,-0.460262819187816,0.0108395522380619,-0.36065441993573,-0.155000550793561,-0.286182659507252,0.133508997898645,0.81014843734519,0.768023597878499,-0.209948568524924,-0.3463714773166,-0.0576418672604339,-0.112416154367845,-0.247281969819158,-0.538391961827303,-0.235178408123779,-0.163566815115159,0.320923859541407,0.875778215559004,-0.441724030724522
"姨婆-姨甥孙",0.647778042552867,0.154814343380917,0.264604203035258,0.00379344834513563,-0.0573687028517257,0.0712484153564808,-0.187174919927849,0.0702203614324064,0.178057989604495,0.261425783559346,0.164082993293016,-0.0603752254382363,-0.045241886845922,0.328867515153209,0.238217088877389,0.0889638174454433,-0.0744670975647561,-0.00989739942236532,0.126334971112912,-0.00836482185658692,-0.159143673450768,0.0228784618939173,-0.104155062881316,-0.102621693599295,0.0228093004421105,0.431357409401933,0.13160692266774,-0.157025198310592,-0.17687268509064,-0.291158286428496,0.226265484455313,0.179243216232916,-0.282817359364675,-0.199674716001379,0.244408009331804,0.0334762350794466,0.23109721428022,0.175641335979637,0.327616160587092,0.0704475709230317,-0.354957026109364,-0.236993067744998,0.121346300066758,0.0324101313377254,-0.252688632888814,-0.217101616933949,0.441512671302551,-0.0596003495869177,0.139773265791266,-0.129643494579179,-0.142284016204409,-0.158141023682459,-0.223232840245206,-0.240644876676099,0.0782979268556284,-0.273458458669986,-0.196455038947888,-0.248728219643558,-0.224868030999359,-0.173134720368761,0.0337897652063019,-0.192867735662081,0.0552026665375588,0.452951978376423,0.0544505216689305,0.0904015226613332,0.52009251826627,0.418326590992668,-0.377555257576055,0.0666985243778991,-0.222630845569062,0.14744644984806,0.192842940035374,-0.0443527090641225,0.594864292426556,0.015532623304298,0.0460424132286732,0.269834738689126,0.269243997693546,0.337781560948647,0.140864941466074,-0.290054450258326,0.0960893292676796,-0.134190300529433,-0.00348088847133197,0.00974534185835603,-0.277285259010018,-0.176693038905558,0.0498503097908559,0.056783788008392,-0.140130785930638,0.365348435999773,-0.402693339324817,-0.284218646024437,-0.24051394190451,-0.0211633585036461,0.303472353323918,0.280015967009631,0.319055783445674,0.0351070393850101,-0.109540019685456,-0.027494123176235,-0.280340527504943,0.0491938012967004,0.413963104689578,0.0189558458784874,0.0673115955144564,-0.218776630338766,-0.12861556233264,-0.0350253174311768,-0.227961956510326,-0.050210721035691,-0.0595474539691191,-0.099415782253889,-0.301749871343773,-0.125130988061937,-0.203177982971853,-0.0680587477293501,1,0.043677443690681,-0.211257873157926,0.135447932672045,0.356525020191111,-0.266282764633637,-0.0481084247457882,0.394762875800256,0.0585778575199788,-0.014457062634609,-0.107161091424104,-0.0273230465191358,0.00105972888346949,0.0732136814065221,-0.154995609502309,0.211244207472781,0.406191738087565,0.317517647337343,0.256497249496036,0.0630638509911221,0.00872856428444821,-0.21934787831408,0.0263663568691791,0.0591467114113236,0.252456209907244
"姨父-外甥女",0.118590777749329,-0.435284013773017,-0.207251778227396,-0.562841337916246,-0.444786617087129,-0.281277708029545,-0.284650660655941,-0.402024480347359,-0.472808992384173,-0.181989336857593,-0.310431808565637,-0.369521804031463,-0.46267515122578,-0.167440888432491,-0.0124194334724376,-0.490445657619221,-0.15742893010248,0.0517791638858033,0.422700202873857,0.914829820953026,-0.150468536541261,-0.274010724995899,-0.510707411983071,-0.00585120435628253,0.235837434116972,0.319789804478452,-0.462746769736391,-0.484468006088467,-0.246800413598909,-0.307552090754166,-0.349494136137858,0.542130887310526,-0.32141733782797,-0.125247234880134,0.44771254344407,-0.0847382181116908,-0.0499548604233216,-0.13593249986766,0.0360621232061841,-0.252286732813081,-0.430806677113397,-0.23842164768066,-0.367791953238435,-0.566152888270308,0.249668294536629,0.232665578256482,0.00310508545203089,0.723707239369927,-0.0443807052484164,-0.192697043256181,0.770947840153514,-0.282907736090784,-0.194631842011096,-0.000473176174896708,0.329428700565922,-0.278348131622224,-0.389242149830817,-0.308532423848229,-0.0748021361429345,0.607669909310438,0.832973899896181,0.588507799954796,-0.461186523113699,-0.0881699458352081,0.0912340360318199,-0.42035887690677,-0.276391633686339,-0.16950146014745,-0.429472015434849,-0.0581985022494606,0.276914620037958,0.0555246847096958,-0.245502565437585,0.83977408776138,0.26293829875037,0.866095503228995,0.913388767270762,-0.222304676704692,-0.2314724086489,0.424818368104016,-0.0424546574363711,-0.245091512195751,0.166862821963184,0.140090393514289,0.909461781736688,0.0248471215290374,-0.412965975417205,-0.0293980952362793,-0.459924869781939,0.189416187796368,-0.177776168801257,-0.178552644673279,-0.39753092357722,-0.358684232645445,-0.000925129678202714,-0.216102688893373,-0.099731264439019,0.301707069716021,-0.0801461092400925,-0.490236346341295,-0.378560247840586,-0.030683540068474,-0.165697472878178,-0.549925828138771,0.193692722017323,0.866788102156982,0.892071515385827,-0.3500861598687,0.613247885372008,0.793468189715956,-0.355975826546924,-0.542160485583422,-0.194416155286404,-0.136260063133451,-0.240843960571362,-0.522149887432774,0.225433911174686,0.882651501096073,0.043677443690681,1,0.26254276900684,0.0421926505121671,-0.328543904015626,-0.351301598357663,-0.426126282415038,0.141457840873493,-0.328352548064742,-0.291389645669962,-0.375549818014281,0.259418594106154,0.827620519343842,0.863861096644572,-0.180483730678627,-0.339132282392434,0.0314059846270314,-0.0579054430269634,-0.321438965503677,-0.540332994172415,-0.213628738493288,-0.0956264708854672,0.441166903570226,0.91112067290162,-0.415905137044473
"姨父-外甥",-0.173798855292867,-0.27054224187881,-0.153571290376295,-0.222752443617133,0.0696189360475194,-0.242397702830403,-0.142418641385597,-0.351086996798138,-0.265881656900811,0.297476137474696,-0.130687805858483,-0.120310516928571,-0.162472561635679,-0.417509242908744,-0.213390402580191,0.00935145688745264,0.103019684682387,0.14074927971321,-0.109778752038225,0.188755921972489,-0.100320136559276,-0.385500976392536,-0.320148938515925,0.0639207238903255,-0.272992657162665,-0.27500450355165,-0.266684254129145,-0.30779876490301,0.104127007171822,-0.0452574609901056,-0.20789832264062,-0.0245492695310885,-0.285069616811788,-0.0177457684405635,-0.0963850586041728,-0.252525166287262,-0.178842614750943,-0.264639298099439,-0.142712747432501,-0.138617237307694,0.103782906804243,0.340012247846176,-0.121636340653545,-0.217125877445931,0.918291347761054,0.503375086821164,-0.375163360295773,0.0410406249432723,-0.182115420608347,-0.0906144149445663,0.258353441504067,-0.255262948879488,0.24088721115801,0.555950588880734,0.155005013917276,0.0792745966117442,0.075402532219467,-0.238398984585862,-0.206151490200237,0.119984773391986,0.09006640381713,0.114115887428368,-0.223399192828756,-0.388915511141488,-0.326556642704023,-0.236262623740474,-0.283382029608248,-0.250521608506623,-0.102364861622051,0.0444698153991067,0.957018190193055,-0.166764449999479,-0.156880871602369,0.243391494546209,-0.244871162972831,0.157836315001388,0.200836669268816,-0.212412852669789,-0.243087240379144,-0.114763375298412,-0.230437161770137,0.234573700921391,-0.149984594400119,-0.0663931026989516,0.26433013426558,-0.0428087412609819,-0.218999720326429,-0.0507540828137029,-0.222592986984746,-0.160331388976389,-0.253740351997889,-0.170526177717728,-0.154022162747245,-0.337107579670085,0.672643306240332,-0.135560301139409,0.186163240018666,-0.0439792773188565,-0.259223270060464,-0.118547366296314,0.0535917003756819,-0.296707845719502,0.411953607423633,-0.190437614429517,-0.151756217861348,0.143994238930543,0.169674700046339,0.275220662963556,0.106232202743345,0.18969275951966,-0.259221752417268,-0.162985039458172,0.201602771591725,0.174691572964541,0.179127283536464,-0.275347105108227,0.504118144395054,0.23149683983498,-0.211257873157926,0.26254276900684,1,-0.273770669055339,-0.385418122885873,-0.309893972339595,-0.195256605320462,-0.00978403120448581,-0.183047605508681,-0.237679913362207,-0.0629827563399848,-0.0639296504371469,0.139278189760018,0.127448170109964,0.193669189572179,-0.133764240876249,-0.139925867623012,-0.0580372379897169,-0.384755969698618,-0.271935541684889,-0.363956959771261,0.420611118275014,-0.00176244817186143,0.194019245216326,-0.149190416921952
"义父-义女",0.166747760545246,0.264355273437479,0.0231854512502284,-0.0280148066474042,-0.31449787483487,0.0529537364775818,0.197589657861316,0.236348947245635,0.067682428930778,0.021484818365297,0.336115446121629,0.257003345110038,-0.0872540852806109,0.342166973479677,-0.136900496664618,-0.0264305613926011,-0.186572594771512,-0.286899336273604,0.300814732608042,0.120934198135442,0.158450718124565,0.0879256607865841,-0.10161277726636,-0.161761226077811,0.280990477128394,-0.00740152954288855,-0.0742771448786324,-0.102303269547005,-0.448721402517164,-0.238579072395206,0.0593058480128824,-0.0485334477793082,0.156720082586469,-0.292685073288505,0.336846471330063,0.166029826868618,0.191886078494417,0.00437199644522858,0.0686616464145621,-0.191493631093642,-0.341499010095398,-0.360176939811538,0.0294546554960328,0.136853991629353,-0.248335250196785,-0.234411974546223,0.319941931666719,0.171015338239888,0.1983001195996,0.0184100412219136,-0.0875898679364125,0.0371284318589865,-0.321608748786423,-0.453954408195052,0.0544009069541907,-0.196240175025255,-0.049514814062835,0.177475097124412,0.30769188972557,-0.0352224396357928,0.134221193331236,0.0873829506233107,-0.0633094729461358,0.268034504101716,0.497626429840326,-0.105466664799754,0.31375348668258,0.168063122441371,-0.183904066937466,-0.334208598428471,-0.29783788563144,0.189193682069247,0.183946641409176,-0.0689839538907759,0.260206831154575,0.0292320497385777,0.082948200319341,-0.147490812728537,0.126750974421155,0.0735561127121308,0.196028870150776,-0.293950069706971,0.28114993511873,0.124988706823068,-0.0295290766779067,-0.202292522975519,-0.0267003970302698,-0.152249219699267,-0.0598261526828043,0.318710824241586,0.178467712285374,0.197432092471088,-0.188183773468306,0.0684198046332457,-0.391828634620629,0.161384926702853,0.0687039853794684,0.299643439807038,0.413754653730442,-0.0972116487890451,-0.245448405099335,0.0725140757995618,-0.383405896572521,0.0273059127211163,0.0990880212743343,0.0674386859334146,0.0471838139246904,-0.387069859187338,0.0102121061732532,0.0144502233469272,0.2813963961341,0.117785920962181,-0.445258388371112,-0.134257616182435,-0.269356266794391,-0.150171156577938,-0.241953090381014,-0.0163010639707994,0.135447932672045,0.0421926505121671,-0.273770669055339,1,0.352223573176793,0.204246370258167,0.134321419775303,0.174006710624043,0.14542165315112,-0.139160532198859,-0.116781799498179,0.384165900749256,0.0609560658594653,0.131063863461441,-0.338580310954388,0.144815191293286,0.120261818351123,-0.000991250479786048,0.230382702098344,0.0550128685165115,0.181195954417113,-0.339645945357122,0.0346556401006149,0.0564013548335186,-0.0114868954968008
"义父-义子",0.297203828990845,0.377124863824743,0.340835558508064,0.28295823475961,-0.0272649795469524,0.325343892752656,0.202123816579392,0.224119396942525,0.292682800601825,0.209249654456003,0.372931029249085,0.189632852182453,0.28578837852598,0.444684246167192,0.195436972860886,0.254293936919781,-0.13658009711908,-0.17025410455961,0.0157918494676063,-0.309721626231185,-0.0393205494911766,0.18360755577756,0.219941723725261,-0.160846263862645,0.0278174171832791,0.110689175718578,0.331159521883999,0.160108832790686,-0.244420182147839,-0.0896619373324576,0.261629815540751,-0.229977512739217,0.0459813077707013,-0.129401897560389,-0.0233759225083427,0.0608803313591253,0.301555456092867,0.194471449416271,0.139887664674814,-0.0120618464669401,-0.221375199986921,-0.292897197141128,0.229494813749656,0.438724369881471,-0.405326020538527,-0.300187034452417,0.324925654513203,-0.233711261230853,0.102545501051315,0.0621430313561688,-0.36071216213422,0.0285668182623884,-0.194214330691278,-0.205062735129025,-0.119343947582125,-0.130396632096148,0.0734118664240864,0.0770147066188176,-0.0484064300704429,-0.233849684845448,-0.255024305250265,-0.233149534887356,0.248343926386896,0.364952571428903,0.21776989205472,0.273689540796103,0.473533945906786,0.389651086276271,-0.146689134563432,-0.128375298267375,-0.405365473417387,0.0302529298672975,0.261434631664605,-0.33307924081283,0.356876464850864,-0.250087587662458,-0.282170432075218,0.162458968492226,0.326421675215952,0.0735478300459468,0.219785137188956,-0.187348352459976,-0.0517536680930144,-0.169668615496907,-0.372630646074115,-0.165911442660814,0.0134628595694243,-0.103849083248078,0.326762400261066,0.0623642048536546,-0.0140404925775305,0.321354838032965,-0.138208619975408,0.00684492810747162,-0.226244447481311,-0.059028861960376,0.160006859528024,0.0434401582299827,0.320395067187964,0.174733014906547,-0.0383993133195586,-0.0569078364346811,-0.112588707457575,0.290773330322233,0.187509262253318,-0.244063827316746,-0.276447254267521,-0.190158069510752,-0.241427474782521,-0.300454045649485,0.286582163834397,0.408873154822217,-0.0978238574083391,-0.127293748535024,-0.219579756378201,0.134340742151193,-0.281916270793043,-0.342925922550301,0.356525020191111,-0.328543904015626,-0.385418122885873,0.352223573176793,1,0.138958457343966,0.200397762100658,0.0877331807544359,0.287520168058376,0.121786931329029,0.0119831063737827,-0.0817939959182405,-0.290046988357625,-0.244069431016604,-0.18561133009129,0.260606592841045,0.214199248352311,0.176963460398877,0.439966557247459,0.391037574270179,0.0306937165820671,-0.298592973961643,-0.225320595841578,-0.285063193368073,0.246711510930326
"义母-义女",-0.256231608089907,0.304636665915045,-0.0191863931077237,0.203368898906911,0.00101694398564376,0.238776861001752,0.195898212423445,0.423566365090664,0.245899983935224,-0.30488636643567,0.0996919951910768,0.131827303196854,0.0653826032272753,0.0545323022914877,-0.270790746137785,-0.0153197895608317,0.0908131115294122,0.0171260714710789,-0.092867349399588,-0.232482244353944,0.278174523448035,0.204372893545182,0.291289091131683,-0.0858556351064031,0.190073492303533,-0.26063894544799,0.114266954785846,0.26263722067702,0.0325357729267436,0.00851492553463765,-0.103659787990525,-0.316275534837826,0.5998227661518,0.00884007924286326,-0.11576396413652,-0.0370877037244367,-0.170484948370071,0.0485509539259519,-0.240728298832586,-0.0214159202060227,0.117806958071926,-0.10483567432508,-0.0533797651395744,0.2647808610675,-0.242334580029274,-0.145468907000397,-0.096283372846403,-0.171483295480188,0.150340884547431,0.191172833906511,-0.173222112725401,0.455932683976769,-0.0149286296728235,-0.131026436113651,-0.246054765286311,0.211965810984768,0.270164456284415,0.725380462344817,0.488116871878261,-0.103948860241752,-0.289543930706219,-0.0508119550629347,0.12892951297281,-0.097866682413009,0.106479062367358,0.252258272241096,-0.0219446378303032,-0.0988917001462117,0.322968417188512,-0.094139151426307,-0.2996590730044,-0.0363495542169709,0.0520681516691434,-0.304939527319789,-0.31822640836582,-0.316108090791184,-0.333401078434622,0.00449315652480826,0.00713785997933681,-0.470707278118434,-0.146032345078785,-0.0946948404818033,0.0652939626667629,0.0515871218468255,-0.316305411145358,-0.155832468597064,0.523520698434085,-0.0285583972181317,0.0783246661261277,0.217524041692687,0.288632808348797,0.0083469937151451,0.334341165675188,0.45622152762335,-0.209743301038839,0.17560586173052,-0.333239134171131,-0.090233959327451,0.199137416897891,0.128956717825466,0.143104560361211,0.103206500380214,0.0227207611963329,0.261296633100503,-0.376226655252499,-0.345498197375486,-0.368987580017895,-0.0941614618975494,-0.134250939983143,-0.197187526654285,0.386645711025338,0.277443824734236,-0.19171963896466,-0.0102805132342526,0.0248813235389965,0.308541365628318,-0.162353623119424,-0.212624024112423,-0.266282764633637,-0.351301598357663,-0.309893972339595,0.204246370258167,0.138958457343966,1,0.300701546912881,-0.38136911856073,0.190863857564429,0.116151278077498,0.119823823647296,0.0254666180755799,-0.349620441193542,-0.357775931654533,0.0147570701307026,0.0122682352928661,-0.252164110899907,-0.077161436074885,0.268975633161001,0.254016521764283,0.336441511711877,-0.21831961883643,-0.309080519823011,-0.350071862364827,-0.0938082886122482
"义母-义子",-0.036929981656215,0.449963022992235,0.0788971258492212,0.461437407262549,0.342897313143782,0.166712307062385,0.0296537714812786,0.30604388407591,0.223791054865595,0.0611347267269137,0.138286859036673,0.203917366840613,0.106032872082136,0.0328589800575873,-0.378771881415263,0.306292858570291,0.0697423824177829,-0.128465124629872,-0.197612967323844,-0.396679820294695,0.233654192829431,-0.109247415983554,0.172952068998031,0.00140358996358496,-0.191638027193841,-0.464391846330384,0.130881291673034,0.145890681213483,-0.0303438935480386,-0.0200522520903272,0.0635513145393501,-0.496883386285987,0.342692121702023,0.0104403898673001,-0.242586233415397,-0.132827678571379,-0.240341465041439,-0.0805548807986168,-0.211322045907593,0.0759971952183293,0.292629182912017,0.124732508193264,0.12682381398268,0.53756102308841,-0.206751331395072,-0.154278019356602,-0.0233370926663327,-0.34685608644725,0.0251564634660985,-0.0402718206938656,-0.397628090468277,0.188938296819829,0.0351742768902527,-0.0802945006439025,-0.190710665038487,0.304239273497034,0.285769151548198,0.315724671499655,0.0642970114996595,-0.377964052166871,-0.376359678397391,-0.299586658942725,0.158751538335412,-0.0282926337836639,-0.0056417812777419,0.172166818881005,0.237284299504625,0.0667960860432202,0.227851622701617,-0.122565872028572,-0.196510035540536,0.0141465523892319,0.226584472070125,-0.465309098915557,-0.179077408706429,-0.433080257680419,-0.410655378655259,0.0744051862484678,0.0474538231833847,-0.514616785173435,-0.145026943723584,-0.0346887055073637,-0.0682107502217189,-0.106617543370776,-0.467844595269393,-0.143804187476339,0.377985729032352,-0.150862044355832,0.178459545772312,-0.0822097629714036,0.221771871964596,0.111017436057232,0.276244038737376,0.162036743693279,-0.0307636417885996,0.467451996382779,0.0756394586615921,-0.121133868065161,0.199860590324967,0.265525087496526,0.108116662184253,-0.0173943056148252,0.0709093867033353,0.513905416677693,-0.336690370968578,-0.442328935013552,-0.41189586393153,0.0309563230126355,-0.3681020773037,-0.407348063549684,0.272418032558591,0.313710171701217,-0.0649287878587943,0.302865733708846,0.233758888981909,0.268717136780654,-0.162182751511722,-0.460262819187816,-0.0481084247457882,-0.426126282415038,-0.195256605320462,0.134321419775303,0.200397762100658,0.300701546912881,1,-0.10074680416189,0.387690051969042,0.0461066107752451,0.256466508848342,-0.127732470956447,-0.387178234010474,-0.367471023878552,0.0621422991047744,0.266125893562692,-0.202767484544234,0.0836730895275409,0.111251676934408,0.489235111660953,0.236727072430197,0.0355405534360048,-0.320259512657486,-0.43588499011901,0.205769167911584
"姻伯叔-姻侄",0.472782913878898,0.12425126671828,0.13526641649858,-0.0065696481629692,-0.0557693464010199,-0.0163487122791029,-0.0498316521695484,-0.0885484696144423,0.014580519859837,0.273564790707451,0.200172906743943,0.0712759462961342,-0.0266022046903883,0.230511490810863,0.136421346120493,0.100518468300364,-0.193079641039371,-0.30139957184022,0.235484386446041,0.0425283440168844,0.0560640470659484,0.0739816602084231,-0.115473468166338,-0.0631437540278457,-0.0159579835998668,0.155718953024655,-0.0454886040286933,-0.152345973669459,-0.268431521829936,-0.281277300510547,0.181137417649551,0.126563950405581,-0.203518783994378,-0.391591817848829,0.208994421248174,0.109907050667184,0.256687718275177,-0.0156417513945182,0.0816620607255969,-0.0642175412802032,-0.238173905151229,-0.163480125452391,0.207815775514537,-0.0920703416669733,-0.102686649882678,-0.0356108446650375,0.371968104646752,-0.029569870449611,0.191245659835098,-0.183681344622415,-0.104661713447584,-0.309883864023368,-0.212305231892407,-0.275957905216182,-0.00147522788667704,-0.354458145958538,-0.149521677230269,-0.286657246017483,-0.100365610434977,-0.127161380076684,0.0803566263489405,-0.14691009322217,0.0951933034315071,0.249673999568441,0.208594353618308,-0.198474688430771,0.348307790418147,0.349870813005055,-0.377708499714365,-0.0781916771073781,-0.0728587679052199,0.0605771340994539,0.232208413412293,0.038780223726149,0.381204325916358,0.00844228198992466,0.0705038427858107,0.0969103833299612,0.208207100922984,0.321935368189646,0.241793351971634,-0.282116712445088,0.232474310924803,-0.0142673142019128,0.0658586972634951,-0.0239593031721034,-0.414136204386811,-0.217744341516245,-0.0208936261120482,0.0183408501357784,-0.154263750584924,0.332183665986046,-0.330489485228046,-0.269810862382131,-0.163687115841935,-0.0668196218784693,0.480775436850201,0.4450672782241,0.28530619800876,0.135135447264091,-0.233740842884953,0.111308251899506,-0.352017815256047,-0.0205446530517704,0.355457445063767,0.0522065125773631,0.0753702736513732,-0.146809654417599,-0.123068398092346,-0.063810169408428,-0.169176728861998,-0.130410093420631,-0.161514277234412,-0.0205032269940557,-0.163959710639591,-0.289877852446408,-0.0254262974924567,0.0108395522380619,0.394762875800256,0.141457840873493,-0.00978403120448581,0.174006710624043,0.0877331807544359,-0.38136911856073,-0.10074680416189,1,0.0853249025824265,-0.1435213585767,-0.183714011170655,0.285629464570738,0.0650734520415466,0.141352460244537,-0.1795483115134,0.279939865709426,0.455710300803628,0.181748199905325,0.040762873549082,-0.034878260272682,-0.0581808405597734,-0.0528316665268742,0.10331738568908,0.072508435051374,0.168511402381074
"原配-继室",0.119689235743408,0.37781963300103,0.225637448977978,0.155116052806079,0.0507483516697663,0.122524326055467,0.244856748774201,0.179134055949744,0.23331644491995,0.172581287541907,0.193031744094674,0.257121378303718,0.0441777697049044,0.181134659830722,-0.205858149376544,0.123910770816476,-0.0683726457505498,-0.0485839859682212,0.0783804681919743,-0.312445629908497,0.181924961308539,0.168721634379386,0.21454897224479,-0.136790904121986,0.222098466734173,-0.235638170483396,0.0754597854868241,0.0410838074285228,-0.0036614947572234,-0.137753364623736,0.267820440415519,-0.346328770125877,0.302430183302697,-0.0776932899520852,-0.0112172770555452,-0.106752516534016,0.068700191029384,-0.152232588387465,-0.291199163386985,-0.237220182843705,-0.000568773501427247,-0.0689896276303411,0.0648666116944708,0.348038802494584,-0.199685108322802,-0.232059343976709,0.0649958261055261,-0.18837076417594,0.203971822662276,-0.172366761334477,-0.379897556853448,0.326834326747073,0.0426495548447162,-0.243399443992563,-0.0385882113177477,-0.0481668415931547,0.0357780805178535,0.0954222475297601,0.167155868682043,-0.285198165444986,-0.308890418481289,-0.333730074431159,0.323871603317613,0.0529471490569208,0.152068837778892,0.0336092302102334,0.127232230699945,0.195708644638667,-0.00903801127560407,-0.101696013045327,-0.200138409730418,0.131123328347368,0.310548337947297,-0.339239343904626,-0.0629247381668278,-0.318929649641455,-0.298121425915598,0.0722218440602736,0.235590115879377,-0.283542798921649,-0.059311243289963,-0.190199408114067,0.0930994742311406,-0.00656237779358907,-0.38780138090741,-0.025721595107299,0.171797264707164,-0.0424278837890695,0.111446264561838,0.208868011542986,0.247771407307716,0.42563647973781,0.0906832322249613,0.269028202832077,-0.203800923649717,0.402377239089556,0.267541439596964,0.18669600269923,0.425251825899923,0.289446630999559,-0.108438230380252,0.241871363498774,-0.199564474866483,0.16998439502316,-0.0866082441049938,-0.386112845438301,-0.324390551246543,-0.0574361491684822,-0.382587873822963,-0.339557006398206,0.298325572412409,0.407223025627686,-0.150900354536856,0.0178065132938728,-0.0317219371908937,-0.0152449702421424,-0.222208587556206,-0.36065441993573,0.0585778575199788,-0.328352548064742,-0.183047605508681,0.14542165315112,0.287520168058376,0.190863857564429,0.387690051969042,0.0853249025824265,1,-0.0860826484274156,-0.0486373627355954,0.100108368423146,-0.356365743572045,-0.313864625161172,-0.0766474050755068,0.179779244605367,-0.0664791848715099,0.093647664823037,0.425288286325411,0.39650828027668,0.0671143218388739,-0.085026241359783,-0.211432534649549,-0.372933565877387,0.159121237396076
"岳父-女婿",-0.0870497432717369,0.288492504385933,0.127400241859636,0.299913868961789,0.335676156339659,0.467878893527757,-0.0368383867982863,0.191309442927076,0.1564655917473,-0.290156069347818,0.0883338861873542,-0.0228485530080252,0.31077380977596,0.0338734747415837,0.174043956678879,-0.00505804823153706,0.277928672333062,-0.0764379813576434,-0.456641186439953,-0.232122132792206,-0.14744230226536,0.393176513765754,0.403698748070482,-0.0673539666728169,-0.175574911554673,0.204160799268637,0.265503074095676,0.406770973920753,0.165601019946903,0.288709488233336,0.304065479465232,-0.0715118251595074,0.0569082443037525,-0.0681736247655072,-0.450960078375294,0.106427228783811,-0.0298836294912595,0.425110921944677,0.14904629453727,0.549915266145445,0.232799822412038,0.00797287727734704,0.243579228698183,0.105087797686502,-0.177093401455243,-0.192811420486576,0.138504394573171,-0.266789988009621,-0.31574097708266,0.254183316489214,-0.0780219620118677,-0.0336426997901491,-0.0832715166106655,-0.103961459225213,-0.204783545423929,0.0716268544621187,-0.145593039544624,0.00573804669675886,-0.104820186847927,0.0249207679858173,-0.293355033814931,0.0947141263208197,0.261858392722943,0.185466419656908,-0.131477386396995,0.285113124877476,-0.00780025536718992,-0.0775066265606652,0.455034395235328,0.191234512376848,-0.222414395525422,-0.21445632863432,-0.0563499572361512,-0.210947545624655,-0.215181384965162,-0.262823806697716,-0.295047658243314,0.301331539601911,0.0408827847956314,-0.00295489769457655,0.134461474744632,0.165285330179412,-0.24506914071653,-0.27425969349344,-0.203954924031219,-0.123258795468021,0.369045791503743,0.0522480905307689,0.347756014336018,-0.32180098358124,-0.0373045369038479,0.0712558732471816,0.295386050438072,0.152002005169361,-0.150069104501943,-0.163433387350777,-0.175039915827371,-0.337325614736318,-0.19276098685827,0.219531682168133,0.331913769879075,0.0299121949813938,0.102224524847822,0.152404547573662,-0.0564175794817881,-0.247291875527311,-0.306218241696706,0.0674885897329796,-0.021409581677381,-0.199311178416199,0.172875201283675,0.0223921313132978,0.172239768297083,-0.264535934463029,0.090690286883965,0.539999451074791,-0.188776199595423,-0.155000550793561,-0.014457062634609,-0.291389645669962,-0.237679913362207,-0.139160532198859,0.121786931329029,0.116151278077498,0.0461066107752451,-0.1435213585767,-0.0860826484274156,1,0.648401144254505,-0.386984110287449,-0.301002634115223,-0.331266221635279,0.00964557220499579,0.0170770252231757,0.0817430498601928,-0.13193695645268,0.214142365039463,0.19279479340389,0.0711314562418832,-0.238702678126522,-0.130477730706042,-0.233097669541704,-0.0276448483482895
"岳母-女婿",-0.219580001126567,0.498403369756437,0.214613879319543,0.482606587268083,0.614405647000635,0.551444001196269,-0.139977723659604,0.129421355439589,0.0119165444408314,-0.189691047481031,0.142550155144038,0.0251211285575809,0.239170517314253,-0.181871177205172,-0.178294683039136,0.136865569873821,0.401945196012058,-0.0651985255458274,-0.647867628586163,-0.304153518881799,-0.0330796892362844,0.149877971605588,0.392119822349197,-0.203583007981361,-0.380032214277556,-0.147529155557067,0.309688833123505,0.382271811518381,0.273348301447625,0.298606575502037,0.213737518446517,-0.283905809213377,0.100571800486408,-0.0459607192872165,-0.593707559050327,0.0112437684096811,-0.249170191671803,0.306496194558201,0.0769461913321124,0.529563279369587,0.466389117037713,0.21740981770918,0.412138041857539,0.367066560968139,-0.00790476047597211,-0.123921835246559,0.0207891297211029,-0.384030292326339,-0.341474944424313,0.259977897803336,-0.202535038691823,-0.032696911532801,0.126691078755745,0.00445845871414878,-0.229691427972474,0.240508619749415,-0.0169359839398699,0.0195741164825839,-0.159386303928391,-0.144357810070581,-0.425997954874991,-0.0263550906267305,0.212796206321744,-0.0115606270094803,-0.233538146877273,0.375673292604587,0.000213732311216903,-0.159281438568948,0.574440807398256,0.213244627921107,-0.0538319681239792,-0.26728371210527,-0.0920739909395654,-0.335307720560297,-0.458110571210753,-0.403566929676008,-0.359297716306109,0.175211839205688,-0.0480692592984709,-0.32287951455543,-0.011274323857399,0.21154313302744,-0.222262831258416,-0.264016608859035,-0.305741892522334,-0.235140862164453,0.510008869378218,-0.101746246315968,0.20805397346719,-0.375247278535564,0.00423311769302211,0.126481767878537,0.391526454285817,0.105992693058131,0.0234919068379385,-0.00958641517850603,-0.0608185416909209,-0.296381182653001,-0.20097351167249,0.335513922506254,0.479908985716033,-0.085808751124897,0.235089719891904,0.35918989782655,-0.207191870778106,-0.370675864813482,-0.371999926758031,0.281094237673665,-0.187938785555089,-0.301503571274529,0.10343167612765,0.111092783532617,0.179493023232946,0.0017739237882671,0.42131433879195,0.624367296361584,-0.141176477376069,-0.286182659507252,-0.107161091424104,-0.375549818014281,-0.0629827563399848,-0.116781799498179,0.0119831063737827,0.119823823647296,0.256466508848342,-0.183714011170655,-0.0486373627355954,0.648401144254505,1,-0.454189347173088,-0.392310499323558,-0.399201886263527,0.140791426363894,0.0463472024288602,-0.0553870844360589,-0.137474491401173,0.0615665172006348,0.218063324195122,-0.0944106953441718,-0.0767055888587088,-0.272104768870784,-0.32319504424537,-0.0422678715375209
"再从兄-再从弟",0.0864094178559686,-0.17733183439306,-0.247261235230564,-0.328465529033643,-0.410395281597282,-0.310974105808834,0.202884395644938,0.00621000957004526,-0.0837788847111916,0.00805249928154685,-0.0237572115739525,0.196623664567237,-0.339317850842796,0.210456263726261,-0.108767352780025,-0.243942889509478,-0.195839248825118,-0.0748194701694836,0.63384614781709,0.264165852291082,0.355959361598445,-0.0576909999856038,-0.306469970058715,0.0625823868590613,0.437506285095962,0.0301062142713008,-0.367131259930451,-0.326088831421649,-0.30378616603768,-0.287157617890373,-0.135043855414531,0.237944021133173,0.112690792788208,-0.147399955960514,0.571914741290851,0.0457130654389318,0.160990733046742,-0.185993926017313,-0.0977545921530982,-0.263827357020738,-0.294222982878639,-0.228287914366382,-0.2729306412735,-0.240504866037266,-0.102512213622746,-0.0508461912308926,0.102219406569331,0.278267440397091,0.402714541130917,-0.00911634059490846,0.0762455285786797,0.128879168533013,-0.164827044353574,-0.270507611285273,0.27265886093442,-0.226016545539242,-0.081484155738333,0.117652342535762,0.523703642093933,0.0221933101224911,0.234327508972089,0.00844543745906378,-0.261897613642848,0.0808490789256234,0.409402172584157,-0.385183241531683,-0.00924125302788834,-0.00142969498088571,-0.290598472697742,-0.245340218006655,-0.116028315526607,0.214867602515385,-0.0425640984243165,0.124870649520509,0.212927841981521,0.1530735767929,0.222256354777783,-0.182493573306805,-0.00218008916941927,0.160751024528712,0.056799943143795,-0.209150268455009,0.373984512172339,0.377772256224727,0.186696695140086,0.106995915694105,-0.248663033229099,-0.0492457140622099,-0.206503569115416,0.520566573711018,0.250399183286075,-0.0145206997951576,-0.187982229337498,0.112967453660097,-0.23359819525108,0.252724360251436,0.0297636853576858,0.42374210157298,0.323177150352745,-0.252328195045693,-0.389921814714484,0.233063006034209,-0.326486297551867,-0.335560929304276,0.0926353035086226,0.168583638979033,0.202602150627175,-0.316146826467525,0.0491249996062176,0.141967913913986,0.0102092773668936,-0.141228620927845,-0.392474036165131,-0.12321387487954,-0.31635571906702,-0.435153451772788,-0.0484854493682792,0.133508997898645,-0.0273230465191358,0.259418594106154,-0.0639296504371469,0.384165900749256,-0.0817939959182405,0.0254666180755799,-0.127732470956447,0.285629464570738,0.100108368423146,-0.386984110287449,-0.454189347173088,1,0.17880752727929,0.256416939460244,-0.195996449389144,0.0206658963930355,0.111252955594961,-0.024892693521765,-0.0467812829053027,-0.208592869565696,0.274576080203119,-0.133449075220048,0.23211149280269,0.169662957455344,-0.138826255449409
"姐-弟",0.105558790130225,-0.388382217493479,-0.243589856490476,-0.516825769519706,-0.530698115774355,-0.315370719998231,-0.21192131067354,-0.311401570802604,-0.403015824294513,-0.15420615073832,-0.304777230443066,-0.282452946920868,-0.428586431395208,-0.132035119761759,-0.00141307763719543,-0.465384133611374,-0.313061647131435,-0.0718309047985713,0.412113974669475,0.806914822006262,-0.225221098509624,-0.172016809710976,-0.43912943908286,-0.0187955464229947,0.148300152283643,0.327720823076877,-0.402806716184897,-0.419493047321843,-0.338330714809689,-0.330112629586364,-0.261125112068501,0.380217146161912,-0.34865785167368,-0.0291998492869704,0.403716588776335,0.0203124707273752,0.0228455108860439,-0.193749742982949,0.0654302214979061,-0.294001695508739,-0.460185256119179,-0.294028349218864,-0.366415052772519,-0.476796466434922,0.131989753142909,0.232722206082106,0.125564913575011,0.796414277250623,0.0599943792967674,-0.284848554083593,0.74443732067822,-0.342371609168046,-0.255174794465011,-0.0741204977982354,0.130233055107477,-0.246574800226348,-0.348228774935566,-0.224908506645172,-0.0449394415728932,0.701201904416489,0.934677456107428,0.673683708074726,-0.40944506654284,0.0481068427909373,0.208743860888789,-0.357730685263123,-0.274163414736236,-0.174189647052813,-0.451521163234935,-0.25455562536352,0.181657715706175,0.287685740275073,-0.231992294609858,0.861167473236779,0.312204175738046,0.924727885784436,0.89078875624047,-0.183686011089915,-0.0666581224498495,0.413447913009222,0.0331346894689,-0.299357866351774,0.102976612985402,0.239074366849558,0.850585627577874,0.0145033113608982,-0.420240624648076,-0.0517258390891964,-0.39810369443363,0.0314034279652157,-0.212485588579228,-0.171743763197031,-0.404115351900208,-0.376361484918494,-0.0623501930969595,-0.28365719730484,-0.108041051486958,0.260307709193702,-0.0708404327184661,-0.508525605727605,-0.474509410500065,-0.0789008263097527,-0.230811278431684,-0.496848729069267,0.204541104220737,0.950743963608323,0.932997511194479,-0.467051893083348,0.748361893527181,0.827884219657706,-0.31576333130788,-0.444929070439314,-0.29800232880348,-0.127304643813227,-0.308430631140969,-0.429059983631776,0.218887949566462,0.81014843734519,0.00105972888346949,0.827620519343842,0.139278189760018,0.0609560658594653,-0.290046988357625,-0.349620441193542,-0.387178234010474,0.0650734520415466,-0.356365743572045,-0.301002634115223,-0.392310499323558,0.17880752727929,1,0.935317373356607,-0.32406767061198,-0.319721151139307,-0.0709947160655309,0.0283663990549007,-0.219194553200863,-0.468759078626622,-0.220495301296634,-0.120121145634245,0.432143409037107,0.9022921835541,-0.351082955193074
"姐-妹",0.168663961428374,-0.352492779878032,-0.212832058271177,-0.492274466931638,-0.516415809809008,-0.294139798783325,-0.229691573040277,-0.31761501829796,-0.381029819928512,-0.0995748204709196,-0.253122916046644,-0.295540452629166,-0.441592095313855,-0.108165998642242,-0.0329383810824163,-0.456299875343933,-0.235632698769044,-0.0521427010285663,0.48459858724162,0.808887663825385,-0.203140631221916,-0.173848483928925,-0.448133607088594,-0.0539464532340021,0.218683061119487,0.297062031625888,-0.40349145207688,-0.438838229594653,-0.335815757795935,-0.34762601459556,-0.265519156101521,0.431125706426659,-0.331311102974728,-0.0846806714633003,0.490946875333463,-0.0244687549323993,0.00847552865666053,-0.216918374841834,0.0652058063640405,-0.299018648046021,-0.47985615619364,-0.303220251166284,-0.368804425587985,-0.458477980198274,0.111953812820401,0.161391705140061,0.145468906829919,0.780938390590441,0.0890856898044263,-0.272810271546824,0.699161714421518,-0.341555701209145,-0.260075596077842,-0.134159352022775,0.259552141875778,-0.302399321400121,-0.347518384245836,-0.251865471572205,-0.0360311609704945,0.630034596835604,0.93057464532987,0.621086348546601,-0.432044825905039,0.0846339353182793,0.207076363665909,-0.366230385517445,-0.213595392225695,-0.089066612554884,-0.485303631752254,-0.225595870400398,0.152188101346559,0.235824070917394,-0.201511071970202,0.792105303526906,0.360931087038742,0.872551458701392,0.871032130204183,-0.175824862848588,-0.108244469681366,0.43159421441492,0.0186792477154318,-0.310631784777996,0.188402635146621,0.239673229874787,0.833445088430401,-0.0294588126024071,-0.426782355862112,-0.089547644623175,-0.420755355967309,0.116726859863647,-0.17550301798405,-0.146371398782382,-0.461458583521228,-0.386406708598017,-0.116766160149413,-0.226852022908273,-0.0650814314636468,0.318420542691992,-0.00827525673077051,-0.487888425696983,-0.486438055659968,-0.0173173450030268,-0.276642695014023,-0.484524169253388,0.270139869432332,0.923160990369155,0.916830664808011,-0.447618302739315,0.672257932527579,0.793451901325257,-0.312291868493213,-0.452206843797066,-0.317781065853343,-0.13861188717515,-0.33035500036171,-0.475996736165159,0.153830458423347,0.768023597878499,0.0732136814065221,0.863861096644572,0.127448170109964,0.131063863461441,-0.244069431016604,-0.357775931654533,-0.367471023878552,0.141352460244537,-0.313864625161172,-0.331266221635279,-0.399201886263527,0.256416939460244,0.935317373356607,1,-0.281497461825902,-0.310612146550494,0.0286321196268621,-0.00966193610436455,-0.219239419777559,-0.48659789620842,-0.187355515028337,-0.149875397393557,0.451503784585894,0.888219020830034,-0.358041533704297
"姐夫-妹夫",-0.201438869190665,-0.144933406172429,0.122117591689486,0.162260363576113,0.441328216720783,0.0411522308063043,-0.217943723701185,-0.160450079035423,-0.130505021369586,0.0335205354615186,-0.153693027814105,-0.236126842039375,0.0368659284199229,-0.411987801493493,-0.0158505577790749,0.0721831666729617,0.537153361802455,0.455893902323696,-0.180599853702229,-0.258475491913473,0.113472176884318,-0.223789723571881,-0.0342127303234661,0.165394688693296,-0.251028037983771,-0.171617444551255,0.119724355594237,-0.0852865572798908,0.538645706376489,0.443359166058814,-0.203329446295789,0.131501087045465,0.0310930220127401,0.205973210335547,-0.246689138137657,-0.127191208318804,-0.342507080340663,0.0924174261812174,0.0471614232114911,0.254648028472292,0.450981526131858,0.380126504101226,0.100244326916809,0.0449375593333481,0.179497426644131,-0.0111825724652151,-0.390747240386057,-0.339834833962032,-0.130205266887092,0.333851783194454,-0.157759635763539,0.11020391777963,0.499654878387205,0.333293608995346,0.141326596124403,0.314850382566247,0.129405924141263,0.0385508888005109,-0.13593281804234,-0.322511703927038,-0.327726474418589,-0.27769808322759,-0.10862145997488,-0.36290723683636,-0.432406342931912,0.175000943794876,-0.153624646359284,-0.0965058865084744,0.355692063324201,0.51221386576864,0.194615304387698,-0.320271233604927,-0.115126738473022,-0.263491768160374,-0.348723383953794,-0.316628102718109,-0.278654797148306,0.0871912128396272,-0.347011295867503,-0.159468239387505,-0.322281090713566,0.313425477119075,-0.1388549525846,-0.125077220872943,-0.19898090020734,0.239042736076242,0.180752382000275,0.0890051334196013,-0.160338575978115,-0.069943413886365,-0.0282232052115295,-0.219348989025753,0.241986915818327,-0.0706883476136688,0.256062326897712,0.0849600911327533,-0.099848247341155,-0.298664979721373,-0.21943272524806,0.203661783699026,0.391210554789807,-0.0782115548270718,0.282809913926348,0.0777710851045086,-0.109073340558685,-0.335309026021998,-0.287870170872358,0.606687809396236,-0.305399374503869,-0.253754724161697,-0.205958121397356,-0.0119539200339131,0.417617135803982,0.23845320118191,0.340086188840864,0.021348755279074,-0.0162520044309133,-0.209948568524924,-0.154995609502309,-0.180483730678627,0.193669189572179,-0.338580310954388,-0.18561133009129,0.0147570701307026,0.0621422991047744,-0.1795483115134,-0.0766474050755068,0.00964557220499579,0.140791426363894,-0.195996449389144,-0.32406767061198,-0.281497461825902,1,-0.0896460168111159,-0.0203756120323389,-0.068020849852935,-0.291861306565478,-0.0890132935917018,-0.0554419427034826,0.317780961680502,0.000776044123017288,-0.265939516119909,-0.0617758336079527
"姐夫-妻弟",0.243755201414899,0.2579384561391,0.00949728342045471,0.313003134186575,0.174586347309329,0.0260958602959749,0.0742163743666334,0.168489272107799,0.206528301737961,0.1645491851006,0.109105870499758,0.223701599755292,0.341036609310529,0.372445395700593,0.0786327782900704,0.442977017816331,-0.199810609146098,-0.344399154253088,-0.126598222888115,-0.343783438602345,0.136877083385772,0.0453008888664017,0.243799498228827,0.0262975770356992,-0.272571592483796,-0.189017162231764,0.148259245938099,0.132978083014888,-0.26792512756167,-0.158586491046332,0.295440941347787,-0.280629995805978,-0.0637174225923525,-0.225165644665863,-0.156705363287234,0.218220482485284,0.282144920171549,0.0786072914350513,0.0217563023517589,0.0948746196978341,0.0236745856010592,0.0633807249931687,0.304867780103978,0.306105906799865,-0.172704124390465,-0.13291800984785,0.134958579846254,-0.315383652390491,0.0508100945285066,-0.117267088982888,-0.407159195747913,-0.102649775956187,-0.178343491499655,-0.0790160256441576,-0.254812501827351,-0.0978830368596821,0.0135657152466928,0.0140600188721205,0.0119729516941529,-0.299832884319206,-0.302431383563064,-0.300672479529254,0.342789544986724,0.15408484588345,-0.12511156860559,0.0570060737626637,0.402457200269221,0.371078435947441,-0.0282460859436685,-0.146942283616331,-0.181592252494471,0.00328686833356124,0.272347122348177,-0.320979820463597,0.117835953694382,-0.349155841863092,-0.350287459089373,0.214780736123052,0.219212516527172,-0.101044213608178,0.224478528433148,0.0200234494582105,-0.231998831804058,-0.167721858553308,-0.330207482420893,-0.0733152156284952,-0.02914781001692,-0.132834485537765,0.354971490849817,-0.113850776667359,-0.118231554895698,0.0848739599198141,-0.0623261437587024,0.0564790806664542,0.00356655152119557,0.0561619175182132,0.245365004113047,-0.124030444138908,0.131675771917432,0.338399270633061,0.122836575291419,-0.149520354767058,0.00598169158627,0.231547947039605,-0.0217104039662346,-0.34914524871575,-0.341660852979863,0.0874083581519231,-0.269476517636289,-0.347092093615736,0.208975682227511,0.121367099450817,0.0403292461977623,0.267426324603505,0.0579625108477179,0.145330229984523,-0.126504618364598,-0.3463714773166,0.211244207472781,-0.339132282392434,-0.133764240876249,0.144815191293286,0.260606592841045,0.0122682352928661,0.266125893562692,0.279939865709426,0.179779244605367,0.0170770252231757,0.0463472024288602,0.0206658963930355,-0.319721151139307,-0.310612146550494,-0.0896460168111159,1,0.14217033482382,0.201592418792818,0.135997743951697,0.44188095686185,0.112932322452763,0.0525141436312765,-0.337980887551668,-0.342697455345582,0.357987625100628
"兄-弟",0.349460344353603,0.149219316015791,0.384312512511268,0.167648209305258,-0.00954820441138969,0.227940077509575,-0.104210163427041,-0.140513764437313,0.0197192244568031,0.247841452596559,0.358989296106328,0.00449248278320126,0.170639104985519,0.237990850560804,0.315667564236404,0.0971128179401005,0.170467061438183,-0.152293920460533,0.0403318102693856,-0.0143999688675548,-0.0162386422646686,0.314134008479693,0.220720898450385,-0.159754779421956,-0.00882711926613836,0.433959686764572,0.330120341594267,0.102681740525612,-0.0370143805798016,-0.0445266124246079,0.0792268455473171,0.241607644937045,-0.21428079546525,-0.283993909340048,0.18091366744235,0.219391907686505,0.200626857686291,0.10129374698218,0.348703692229761,0.097168819290776,-0.122049537741179,-0.265310288860006,0.301377162823666,-0.00388722611685088,-0.155132151563071,-0.29643954318492,0.177788417616531,-0.11904379059417,0.0661738134519124,0.0330594806494853,-0.118292872898088,-0.293415911407209,-0.126177361458605,-0.175303293462713,0.153761070410844,-0.19072672616435,-0.254887929742358,-0.264603040533588,-0.0883257280081737,-0.131799009321231,-0.0159525269612335,-0.137423247677663,0.0437939950572431,0.262453715202559,-0.0495770328625708,0.0941433675177403,0.365067104582572,0.271251610772755,-0.163651976985683,0.066989555511493,-0.199092638060433,-0.183395726907607,-0.0146811384562826,-0.108777475641055,0.369492425509833,-0.0807151993436486,-0.0444648685884964,0.318989759347772,0.0510757583410134,0.472463672232829,0.299204937952795,-0.232964629252697,0.193681298843592,-0.170493083343481,-0.0127496428323033,-0.0642419635152017,-0.225493527850185,-0.287320528302358,0.0446841828288742,0.0142248792687023,-0.111565140446438,0.313599656727298,-0.266066213410337,-0.23150298312629,-0.218309635702691,-0.226050130432039,0.231083052004957,0.238294636770199,0.0583573716828061,0.28577172560714,-9.59991470050445e-05,-0.0534604199838961,-0.128542678212223,0.0911860853176359,0.549468996766774,-0.0474468157833389,-0.048600650499327,-0.0770755052859058,-0.151772275241275,-0.100154663124746,-0.171559594748836,0.00345801574486085,-0.0354306760462164,-0.26095978962967,-0.254016088077813,-0.00689106089613396,-0.280607299588459,-0.0576418672604339,0.406191738087565,0.0314059846270314,-0.139925867623012,0.120261818351123,0.214199248352311,-0.252164110899907,-0.202767484544234,0.455710300803628,-0.0664791848715099,0.0817430498601928,-0.0553870844360589,0.111252955594961,-0.0709947160655309,0.0286321196268621,-0.0203756120323389,0.14217033482382,1,0.0163533900917734,0.131323687102901,0.0129742808446312,-0.0764533063373067,-0.24827676744767,-0.0984457153952451,-0.0252489481783709,0.221131369462136
"族伯叔-族侄",0.548935036547331,0.165496299973709,0.100047464991184,-0.00738961111835127,-0.029205577623533,-0.02461519023543,-0.101605969579256,0.0401226463894205,-0.0394546559167969,0.104470900737536,-0.157299367062751,-0.0694424643060891,-0.225832440186041,-0.0511688958453058,-0.145163999076112,-0.0713249645028307,-0.273885609839634,-0.0142847573603027,0.13248703153322,-0.0789019695810936,0.0526232819708316,-0.007223406443423,-0.143034338688378,0.0653590515003971,-0.110289625033549,0.0686038785620693,-0.0216206829080408,-0.155320437752901,-0.20080314427655,-0.177619369224251,0.133280808246882,-0.248337119075221,-0.179324429788571,-0.0578674743590286,-0.000830880039389162,-0.0676688133707332,-0.0978755345251384,-0.11439884341458,-0.135015366481058,-0.00965727711956536,-0.237728488319355,0.0422231190621965,-0.019635430313854,-0.00939563417445416,-0.108334531862172,0.120381022221851,0.258407468010674,-0.0551901199627469,0.22396011380951,-0.168670703709218,-0.0886497925748066,0.0674187597643785,0.0206161163697143,0.0439046971987055,-0.166930666017773,-0.00806828701694269,0.0260349049290271,0.00361053893895762,0.00487680626666844,-0.0592467859113062,-0.0277955790185145,-0.124431602107364,0.0395946080580262,0.107816043485799,0.0987333214099848,0.0562280157339557,0.180229803761691,0.081420894218956,-0.279768111088228,-0.092842659869127,-0.0219220265300325,0.283379313146765,0.05977583099606,-0.00393828180201221,0.214104105942578,0.0415780487925382,0.0106689607343825,0.205398638520023,0.309902240724692,-0.143095421081734,-0.180146669476246,-0.252561509417526,0.0343677219403961,0.0759863563521234,-0.0711942518811564,-0.00451794677867943,-0.211273582549641,0.0216394378308746,0.0403045541875881,-0.0678646173027761,-0.0598203935813493,0.289452058109153,-0.198860727880666,-0.191327556859722,0.0579554416790116,0.0491912224387694,0.103117125513693,0.179397619748549,0.306623823688148,-0.0211882341560006,-0.139825855128975,-0.164512956338595,-0.0653841675167747,0.0480926005852166,-0.0986247012136781,-0.0252655634981034,0.043413797936411,-0.229835390089472,-0.117557351392416,-0.0259289080683446,-0.0785902224272774,-0.0794997371559783,0.0550400716789733,0.156459505784975,-0.0508470486367604,-0.102180360853061,0.0984576937972972,-0.112416154367845,0.317517647337343,-0.0579054430269634,-0.0580372379897169,-0.000991250479786048,0.176963460398877,-0.077161436074885,0.0836730895275409,0.181748199905325,0.093647664823037,-0.13193695645268,-0.137474491401173,-0.024892693521765,0.0283663990549007,-0.00966193610436455,-0.068020849852935,0.201592418792818,0.0163533900917734,1,0.193809154298297,0.114970463506926,-0.0384598534394482,-0.0235627043256349,-0.0711139139374678,-0.0429441132733779,-0.0664418915758681
"族兄-族弟",0.211411076552364,0.495355233866002,0.353795640599312,0.234311816038958,-0.176471890710874,0.34430769595354,0.243015224545014,0.306851269882825,0.230399403266585,0.0529848953643017,0.280184549124237,0.235146389929797,0.103574364504451,0.36186136710967,0.0581600354167455,0.00743118972379928,-0.197601453791589,-0.284335464126795,0.0321386745653074,-0.223791024230617,0.0139216648196263,0.508531317870372,0.353110190588198,-0.239439197278837,0.14266817670051,0.166521511026158,0.267534785130553,0.220520513498106,-0.206334016894923,-0.229535831161989,0.333336019888187,-0.27184346157712,0.15103099550239,-0.272009110006263,0.0332539175217748,0.176411823109491,0.209553684920754,0.119271897126725,0.0534395449734778,-0.0392192218458242,-0.227727920757601,-0.399860781602372,0.136949277666138,0.311216073213106,-0.336369312959627,-0.303526187167863,0.484821351005427,-0.0807121160352914,0.162548225172933,-0.154821967643128,-0.241382346080869,0.123414407693207,-0.232115973358318,-0.392760128403821,-0.256850859229822,-0.14957993479568,-0.0997282900657121,0.191834993832975,0.151681782722835,-0.00413994813120732,-0.168438253481292,-0.0113711236561936,0.319246291779892,0.402540314387912,0.276397218968139,0.321530051052212,0.184585154714053,0.213742737366225,-0.0515719688382299,-0.218347374735664,-0.370724077344072,0.215996342317696,0.207263799195698,-0.247378846357488,0.149633851634118,-0.181933455558625,-0.215243062278744,0.352680337812191,0.461046646574672,-0.0144387214438699,0.21532215512807,-0.393833191844378,0.028288293095631,0.0318285782069973,-0.288478233764311,-0.123392436804833,0.201296004721337,-0.11832593927493,0.269229799796182,0.0214450885777111,-0.0361049772335311,0.51560002488545,-0.00511394141031535,0.145513034092992,-0.447920134939053,0.0473410296865215,0.114253650461095,0.183302899100954,0.40747970460304,0.296144372877599,-0.134686829271206,0.0588841897269917,-0.288705397213447,0.0823444562583697,0.130864460791638,-0.210881183026843,-0.206378096862914,-0.370649528537309,-0.101390581179084,-0.175971840824146,0.291691990420763,0.335439179199558,-0.272924710436718,-0.343052060538559,-0.338751927890049,0.23483540106914,-0.310738005020157,-0.247281969819158,0.256497249496036,-0.321438965503677,-0.384755969698618,0.230382702098344,0.439966557247459,0.268975633161001,0.111251676934408,0.040762873549082,0.425288286325411,0.214142365039463,0.0615665172006348,-0.0467812829053027,-0.219194553200863,-0.219239419777559,-0.291861306565478,0.135997743951697,0.131323687102901,0.193809154298297,1,0.355537303641787,0.0744258717617821,-0.373074917380806,-0.227854556696351,-0.241045114911929,0.101472086052403
"族姐-族妹",0.0509894113143273,0.486295261114092,0.24368965595354,0.513103187484697,0.252407864215576,0.250717095032345,0.119216816266,0.289807150749909,0.283879032194574,0.243358595446085,0.373221840254943,0.274814411392857,0.470283383693682,0.339147502861576,0.0324135834927306,0.496558202133787,-0.122447551430724,-0.255289818809951,-0.251909645906169,-0.517847505781308,0.0153286397805729,0.165041991231305,0.436016902602846,-0.000967305837600392,-0.207757922198339,-0.245547485850631,0.33156311826629,0.346693297850267,-0.165503099239754,0.00312194772605668,0.325733874756693,-0.464819862275052,0.0547270214442508,-0.191947256890439,-0.291212565635938,0.162710296189469,0.0536990450049843,0.0501026609343354,-0.0122407549224795,-0.0720686756903573,0.205759699028703,-0.0692110527145231,0.360558466413801,0.612654123276716,-0.268979785879806,-0.28558892568408,-0.0297376940566364,-0.458671090604155,-0.0740667565982515,0.00549020547815888,-0.571423821388763,0.0871852492079554,-0.0625464440725375,-0.126595869736896,-0.32421819537677,0.0731961367700612,0.145412257930305,0.118648841070601,-0.0208279391737647,-0.373660274266664,-0.47583690555906,-0.392717381884052,0.463712901467413,0.105098275095355,-0.126731000939722,0.241845248644242,0.267797790939248,0.238743620795323,0.196239359253509,-0.165542911527015,-0.28664509031263,-0.12073071632354,0.281224863006696,-0.532637206974824,-0.0224021194830945,-0.490265080295537,-0.487657019168081,0.357640574662909,0.263586129661301,-0.248943012842694,0.0638902732315044,0.0180451288895516,-0.221002542599028,-0.25898202898307,-0.535041654317593,-0.158790122196724,0.231216898297268,-0.0566130377280769,0.378040377661751,-0.0656016321320905,0.0738026782040031,0.273859943966872,0.143943521925041,0.214227160831876,-0.0855995176377961,0.165639849808487,0.264995958150223,-0.1060319153635,0.0866252140510473,0.503397379965229,0.276320891137072,0.00628029849566212,0.0557330428520066,0.513704153593603,-0.116085702384646,-0.491233796949375,-0.490613958427425,0.0858125125771558,-0.389524611863521,-0.468479450748786,0.293155216114876,0.464047460454949,-0.0463269406454593,0.110017874170609,0.123556769489844,0.4070841421629,-0.27016388697009,-0.538391961827303,0.0630638509911221,-0.540332994172415,-0.271935541684889,0.0550128685165115,0.391037574270179,0.254016521764283,0.489235111660953,-0.034878260272682,0.39650828027668,0.19279479340389,0.218063324195122,-0.208592869565696,-0.468759078626622,-0.48659789620842,-0.0890132935917018,0.44188095686185,0.0129742808446312,0.114970463506926,0.355537303641787,1,0.126597091953888,-0.0331427005390982,-0.39683263560357,-0.492460418696751,0.316059162029304
"祖父-孙女",-0.0291332118799458,-0.0207517231425479,-0.341027760860343,-0.047085964198832,-0.115324669842622,-0.180593271718452,0.236609582793387,0.351641405779388,0.327948152034751,-0.226670582008621,-0.0378720102899345,0.180661125109886,-0.0692212875659333,0.12193942472207,-0.0659576026502125,0.0276212877226022,-0.055371282464065,0.0100041202692332,0.176733967021176,-0.191728841018751,0.295969805204814,0.132493474137639,-0.0374464281797878,0.294502203919696,0.210285927022571,-0.0752485622938225,-0.186474247625758,0.0733663448413616,-0.084811447376335,0.0628231670720374,0.0848672108255809,-0.00306604070015315,0.378822662535167,0.123099465061387,0.0897718072101541,-0.0857156339197302,-0.0209237474669072,-0.0348404221870761,-0.161374315786115,0.165940012964668,-0.0228307571208565,-0.0521054936174247,-0.188375571602964,-0.0143530464288251,-0.303253209927343,-0.223612637664352,0.0520431868498468,-0.0395291893814838,0.269092757060939,0.191151633740494,-0.158572734967143,0.341237437583586,-0.110084222111731,-0.207710057827249,-0.00976571463681884,-0.033815697512041,0.110051176663194,0.246934028189151,0.35111419095644,-0.197644773223308,-0.129241623585439,-0.158812850400606,0.0494846998793232,0.0879516850422485,0.194058776906775,-0.104309762888024,0.101931726375521,-0.000548895047766791,0.103967983338472,-0.0321561762200435,-0.355986784385203,0.133636756021874,0.16529873180692,-0.233938539856037,0.0334698293794839,-0.233523514409877,-0.290852488217633,0.0667548263928291,0.0910041838370599,-0.145922313697769,-0.0733154042914067,0.00741476592189633,0.073893084555386,0.0153832899377941,-0.197968777614457,0.24634068027472,0.268966230248751,0.167276806727831,0.0255210660790593,0.184445286032715,0.334351238180183,-0.198562816638029,0.229975127311102,0.410128845993998,-0.253224585652592,0.337379047620939,-0.242259483598123,-0.0693605195996052,0.209940052922469,-0.149706445318194,-0.0920681993416437,0.369387341904068,-0.115277139560335,0.075544262256137,-0.195264313137743,-0.228247673900825,-0.278232870497922,-0.044981178118049,-0.146299701955096,-0.2255270521506,0.139594333268555,-0.0181836675439882,-0.119912625418951,0.0590467028954291,-0.0666129477715192,-0.0257537483925297,-0.200357137552608,-0.235178408123779,0.00872856428444821,-0.213628738493288,-0.363956959771261,0.181195954417113,0.0306937165820671,0.336441511711877,0.236727072430197,-0.0581808405597734,0.0671143218388739,0.0711314562418832,-0.0944106953441718,0.274576080203119,-0.220495301296634,-0.187355515028337,-0.0554419427034826,0.112932322452763,-0.0764533063373067,-0.0384598534394482,0.0744258717617821,0.126597091953888,1,-0.125133893598714,0.161529029193407,-0.238091368388679,0.0354550048513454
"祖父-孙子",-0.186232170828418,-0.236415104755604,-0.186379313185268,0.0117752882039901,0.27825236372205,-0.241021640863679,-0.0624787948579368,-0.217592575338345,-0.124862904809157,0.222149190526056,-0.147623837874274,-0.101051231860125,-0.0245672767654511,-0.216744778810418,-0.0639187825230523,0.293324281769186,0.0570116929582208,0.167849815372731,-0.12902866546601,-0.165589417730238,0.00480566988488718,-0.436556929714296,-0.187740234296527,0.293457188765509,-0.273496801766356,-0.298952886705922,-0.156300412600152,-0.164452147989792,0.189169673381102,0.138940026372879,-0.182710488657987,-0.0498905939081715,-0.133238971719982,0.157924586070049,-0.195023406039833,-0.15235052303883,-0.166678471151929,-0.0575355268215246,-0.164179033784886,-0.02391267827353,0.307159848957354,0.554925045859116,-0.0348096250800617,-0.0987189662866687,0.309869707981932,0.245175675677719,-0.394469202168465,-0.185431754672662,-0.198925953157982,-0.0291701797046171,-0.152352447246581,-0.025209436375083,0.468709701541648,0.355393411547751,0.0484328930904956,0.239678519563196,0.262873183551997,-0.199272292618939,-0.227101019395975,-0.226509367584004,-0.176457805029715,-0.248804409357957,-0.0177196138962244,-0.420400347959613,-0.338996894590538,-0.200968863944162,-0.283264609900848,-0.0736563552191201,0.0346972446205313,0.125490340159747,0.404509358925904,-0.12149898417548,0.00178288370730778,-0.104300899441936,-0.216211989540878,-0.135351705972532,-0.125814904504301,-0.164156596110248,-0.195602965988793,-0.177102860892829,-0.248137520441225,0.390075365818183,-0.183402032890298,-0.0782147345286223,-0.130345140229993,0.262668139811205,-0.0691457581095381,0.212516886097895,-0.0417045376135591,-0.20044974855526,-0.128137390486455,-0.215059947637389,0.150109150615965,-0.108595094244628,0.469887253538502,0.0198543836770857,0.12742937508575,-0.201918407632562,-0.246253590468204,0.0112832920609969,0.190761978848534,-0.055916135657992,0.183845382993278,-0.013750691589582,-0.21704288820002,-0.127042126128798,-0.104401929175839,0.547167197067881,-0.193942643370642,-0.162716894701044,-0.219086162801306,-0.058507328620276,0.337481559570434,0.397068483899526,0.401173542685201,-0.182291977394753,0.254883777397703,-0.163566815115159,-0.21934787831408,-0.0956264708854672,0.420611118275014,-0.339645945357122,-0.298592973961643,-0.21831961883643,0.0355405534360048,-0.0528316665268742,-0.085026241359783,-0.238702678126522,-0.0767055888587088,-0.133449075220048,-0.120121145634245,-0.149875397393557,0.317780961680502,0.0525141436312765,-0.24827676744767,-0.0235627043256349,-0.373074917380806,-0.0331427005390982,-0.125133893598714,1,0.0791940202141614,-0.142971878408906,0.134735400893716
"祖母-孙女",0.0188746370050221,-0.3721200390904,-0.273246193579348,-0.533828510781918,-0.30723173375657,-0.307397275689004,-0.0513721798228762,-0.173403642806362,-0.249645098067664,-0.143704288367039,-0.26084102910334,-0.146847577776826,-0.386522415807493,-0.134547296382458,0.0963438982853177,-0.389088459410332,-0.0283545119984691,0.221862251622181,0.42592535160417,0.374902344718066,-0.0961829667725166,-0.261112661244023,-0.52615935970491,0.337134103068205,0.212254554424216,0.286415015862683,-0.512242437728924,-0.432491110609318,0.000123190722621591,0.0560825576933722,-0.211777346285083,0.473322527443817,-0.114044296406878,0.235718309255268,0.356915579523086,-0.149891396566856,-0.0230599398580874,-0.010658745465363,0.0358597202865233,-0.0144065102187273,-0.220170417378618,-0.0354616486509487,-0.319601328974925,-0.408059448449638,-0.0395764338572832,0.0575960801736986,0.0691351593320926,0.399405435855847,0.121859373584409,0.144209529098523,0.280577673642306,-0.11557232692214,0.074105229385598,-0.102042122530754,0.405183407714908,-0.142485576254774,-0.20088383823532,-0.251134161795291,-0.0385885267763798,0.190036680649983,0.413568352597098,0.213498011373512,-0.317468192437086,-0.0358531057103123,0.341125640421799,-0.453906476907876,-0.295244379456842,-0.177818769871396,-0.213182995271318,0.0894784523666931,-0.00106258131488371,0.151456710292102,-0.133988824974692,0.339142839862793,0.244411776549738,0.410040653651643,0.37708811372173,-0.277634536266214,-0.116733541332551,0.376138221759902,-0.113353786127563,0.0425967807303383,0.127735227079001,0.0825435088332358,0.380172087342861,0.490690740129613,-0.15286126923976,0.438608569004193,-0.319657626073967,0.151313632638905,-0.00823491757161855,-0.14912308515099,-0.064340169572187,-0.159254512003731,-0.0830202968939605,-0.0396234495277787,-0.0443817856664425,0.203970556560083,0.0911881429643143,-0.5151034659178,-0.348037971146576,0.260250611964664,-0.278038647804067,-0.475249228968472,0.117973326390538,0.444091427550877,0.424617125531671,-0.107696720281902,0.222146788214758,0.261489895772575,-0.337422126683873,-0.391199960763555,-0.142041900163646,-0.0336328043481476,-0.125240168254494,-0.483173510494741,0.0675465692314323,0.320923859541407,0.0263663568691791,0.441166903570226,-0.00176244817186143,0.0346556401006149,-0.225320595841578,-0.309080519823011,-0.320259512657486,0.10331738568908,-0.211432534649549,-0.130477730706042,-0.272104768870784,0.23211149280269,0.432143409037107,0.451503784585894,0.000776044123017288,-0.337980887551668,-0.0984457153952451,-0.0711139139374678,-0.227854556696351,-0.39683263560357,0.161529029193407,0.0791940202141614,1,0.400575790529065,-0.30706207566152
"祖母-孙子",0.1023907622455,-0.391624515131572,-0.250285545031619,-0.568327050434063,-0.474961873244655,-0.284649331467058,-0.257405872758053,-0.324601761023723,-0.450482124583235,-0.206295060514258,-0.268801877559495,-0.327011781296438,-0.46123822293304,-0.103682695262153,-0.00179254560820508,-0.477368825023281,-0.241797496823054,0.00816256238276567,0.334851624759566,0.879489434812051,-0.199774639439285,-0.224613940004976,-0.458653763007784,-0.0474011190690518,0.190965078713031,0.367991867589679,-0.419055788884105,-0.455455412688942,-0.331656929527705,-0.3500740692813,-0.291462515196458,0.474854375143384,-0.362190306387237,-0.103273446542183,0.403473217482615,-0.0336684854969732,0.0200711064026889,-0.10535605143464,0.117095778168246,-0.233746941990557,-0.460658820464247,-0.281913105073231,-0.385979354693063,-0.539284046760702,0.194689279986403,0.209558503511706,0.117809963992034,0.755669176882111,-0.0221305273686353,-0.221029077119885,0.774787967080338,-0.304925830065749,-0.270919697158195,-0.0402692495982087,0.223592443187361,-0.28971227929464,-0.408291471663387,-0.290149122694598,-0.08523096211305,0.70665437104681,0.895798151063816,0.699978866520115,-0.436188041936207,0.0401435436966797,0.112775692609708,-0.364748760186119,-0.267996358532108,-0.217657072871626,-0.45872681235442,-0.186429692917901,0.215023634022702,0.17435212749992,-0.268576503333949,0.885535753435583,0.294234138376382,0.904327210809199,0.938177435109341,-0.221492401771435,-0.152526296225978,0.408712588650012,-0.0333500504876242,-0.259596720171175,0.126569368827997,0.200351554331074,0.934491121975725,-0.00785511119182203,-0.407602689617798,-0.082284503207253,-0.410034125239223,0.115197105062173,-0.194195717423553,-0.167014734687209,-0.411143763584864,-0.367432507671699,-0.0526453593967398,-0.274740210508689,-0.0911029374395656,0.277850398859438,-0.0922270611021494,-0.517257076729585,-0.376240726114209,-0.0602960175016294,-0.168479686741274,-0.553149170710385,0.17790862485272,0.938552184582511,0.932866644925611,-0.412605734095998,0.766041728497657,0.894777520724314,-0.351881259310318,-0.483635609007853,-0.251425099680348,-0.184314688335115,-0.278656843888425,-0.462942839096638,0.20084545589055,0.875778215559004,0.0591467114113236,0.91112067290162,0.194019245216326,0.0564013548335186,-0.285063193368073,-0.350071862364827,-0.43588499011901,0.072508435051374,-0.372933565877387,-0.233097669541704,-0.32319504424537,0.169662957455344,0.9022921835541,0.888219020830034,-0.265939516119909,-0.342697455345582,-0.0252489481783709,-0.0429441132733779,-0.241045114911929,-0.492460418696751,-0.238091368388679,-0.142971878408906,0.400575790529065,1,-0.365681873464834
"祖先-后代",0.0778787506035649,0.0941765580645449,0.118949867666924,0.303152959454937,0.155771445976066,-0.0628097594594599,0.180915564204454,0.168400762347203,0.491140600976049,0.296558580662715,0.425613488474332,0.281983381472621,0.419343164262986,0.448309642468853,0.272003795148979,0.63989725537857,-0.111578686058813,-0.215593251738987,-0.191241029454382,-0.427751945245635,-0.0092995734063946,0.0714458046310054,0.310601845104661,-0.0369355201014478,-0.169673846308441,-0.0724936635055762,0.427134521949053,0.302409834067832,-0.0532286717094662,-0.0189867732387151,0.253655127438333,-0.132290245113892,0.0312756678178895,0.0333518290423408,-0.14569259809976,0.0663830145841952,0.380484433691154,0.0816913489382015,0.117954827791426,0.0377687171214032,0.054434391081145,-0.0445386831331613,0.269541262682542,0.284173471791176,-0.18700890968894,-0.251751144926603,0.000845395835066807,-0.366534875655016,-0.122025558815025,-0.165591834142898,-0.430546896516779,-0.0621270409183013,-0.120838126439999,-0.0599641774692518,-0.199901063759643,-0.0639059812913179,0.173901767569925,-0.121639157854722,-0.236269420364266,-0.403004073461227,-0.323037889544666,-0.434691463507859,0.385041914737323,0.221978588367763,-0.139672475566555,0.139606539635153,0.482233862554653,0.382708074926055,-0.0528907567291608,-0.0667655104580741,-0.180585378901549,-0.00501846259954368,0.407128843108512,-0.370441482249405,0.0916219870765753,-0.399787301020403,-0.402164252857839,0.068450429051339,0.128689142970228,0.0289336358975658,0.292698089992375,0.0731699244620951,-0.0248516794854689,-0.137637895586132,-0.392669545616173,-0.0301775764236566,-0.0987454647847224,-0.159214396957443,0.313198048515155,-0.195435572979593,-0.086852530781442,0.0832312796132538,-0.00399305544364594,0.0746151448425109,-0.0813157629595293,0.0586845112689837,0.331763733658208,-0.110376448487065,-0.0104572600288159,0.31597689013077,0.135675128772278,0.00564800816370573,-0.0240386443144826,0.436559485043259,0.150546326571481,-0.372620225225749,-0.385730770726446,0.226412176939745,-0.293984838102261,-0.370767553135845,0.0820311741146972,0.456402461939566,0.0618052134567576,0.0214831445172296,-0.029462923194362,0.162586672991327,-0.225679718346147,-0.441724030724522,0.252456209907244,-0.415905137044473,-0.149190416921952,-0.0114868954968008,0.246711510930326,-0.0938082886122482,0.205769167911584,0.168511402381074,0.159121237396076,-0.0276448483482895,-0.0422678715375209,-0.138826255449409,-0.351082955193074,-0.358041533704297,-0.0617758336079527,0.357987625100628,0.221131369462136,-0.0664418915758681,0.101472086052403,0.316059162029304,0.0354550048513454,0.134735400893716,-0.30706207566152,-0.365681873464834,1
