"","夫-妻","父-子","父-女","母-子","母-女","兄-弟","兄-妹","姐-弟","姐-妹","祖父-孙子","祖父-孙女","祖母-孙子","祖母-孙女","外祖父-外孙子","外祖父-外孙女","外祖母-外孙子","外祖母-外孙女","曾祖父-曾孙子","曾祖父-曾孙女","曾祖母-曾孙子","曾祖母-曾孙女","高祖父-玄孙","高祖母-玄孙","外曾祖父-外曾孙","外曾祖母-外曾孙","祖先-后代","伯父-侄子","伯父-侄女","伯母-侄子","伯母-侄女","叔父-侄子","叔父-侄女","叔母-侄子","叔母-侄女","姑父-侄子","姑父-侄女","姑母-侄子","姑母-侄女","舅父-外甥","舅父-外甥女","舅母-外甥","舅母-外甥女","姨父-外甥","姨父-外甥女","姨母-外甥","姨母-外甥女","堂兄-堂弟","堂兄-堂妹","堂姐-堂弟","堂姐-堂妹","表兄-表弟","表兄-表妹","表姐-表弟","表姐-表妹","姑表兄-姑表弟","姑表兄-姑表妹","姑表姐-姑表弟","姑表姐-姑表妹","舅表兄-舅表弟","舅表兄-舅表妹","舅表姐-舅表弟","舅表姐-舅表妹","姨表兄-姨表弟","姨表兄-姨表妹","姨表姐-姨表弟","姨表姐-姨表妹","岳父-女婿","岳母-女婿","公公-儿媳","婆婆-儿媳","舅父-甥媳","舅父-甥女婿","伯父-侄媳","伯父-侄女婿","姐夫-妻弟","妹夫-妻兄","妹夫-妻姐","叔-嫂","姑-嫂","弟媳-伯","兄妻-弟妻","姐夫-妹夫","亲家-亲家","从祖父-从孙子","从祖父-从孙女","从祖母-从孙子","从祖母-从孙女","从祖姑-从侄孙","再从兄-再从弟","三从兄-三从弟","堂伯-堂侄","表叔-表侄","族伯叔-族侄","族兄-族弟","族姐-族妹","堂祖父-堂侄孙","堂祖母-堂侄孙","堂姐夫-堂内弟","表嫂-表小叔","姻伯叔-姻侄","舅公-甥孙","姨婆-姨甥孙","继祖父-继孙子","继祖父-继孙女","继祖母-继孙子","继祖母-继孙女","继外祖父-继外孙子","继外祖父-继外孙女","继外祖母-继外孙子","继外祖母-继外孙女","继父-继子","继父-继女","继母-继子","继母-继女","继兄-继弟","继兄-继妹","继姐-继弟","继姐-继妹","养父-养子","养父-养女","养母-养子","养母-养女","义父-义子","义父-义女","义母-义子","义母-义女","干爹-干儿子","干爹-干女儿","干妈-干儿子","干妈-干女儿","同父异母兄-同父异母弟","同父异母姐-同父异母妹","同父异母兄-同父异母妹","同父异母姐-同父异母弟","同母异父兄-同母异父弟","同母异父姐-同母异父妹","同母异父兄-同母异父妹","同母异父姐-同母异父弟","异父异母兄-异父异母弟","异父异母姐-异父异母妹","异父异母兄-异父异母妹","异父异母姐-异父异母弟"
"夫-妻",1,0.345327927821015,0.17910520989321,0.236584523371247,0.441072241650508,0.239361444791701,0.242170085609086,-0.134976593124231,-0.335564831680646,0.215467637164447,-0.596150450765622,0.257766197151814,-0.0118941151786095,-0.338409345006435,-0.00239935924807997,0.0970127305742311,0.206460046743657,0.0382364638175855,0.264462862798867,-0.119388971496476,-0.0880035216733201,-0.541305358696634,-0.354310842610546,-0.338348079185236,-0.0751566136616007,-0.300716811604079,-0.28349118541225,-0.631323713123226,0.245979281053679,-0.356955377602343,-0.0829142432067596,-0.313362492669087,-0.649479292600959,0.0703064078336892,-0.53142867291695,-0.21985057750236,0.269341922199687,0.277591373376728,0.0017614889639676,0.288686361701341,0.0155307352895984,0.975084619256103,0.0689274556635492,0.214938327288168,0.212560064881728,0.349905961456499,0.0222597778110402,0.546492147389742,0.214193378194072,0.0926349261503263,0.276576097577586,0.267106014868816,-0.359975479844799,-0.58927590470951,0.223626991700324,-0.415744036211443,-0.341895163772756,-0.440026606624639,-0.0219249060575756,-0.453472932599181,-0.159087276698321,0.228392834084681,-0.618532096622197,0.0756436998762515,0.212697559518381,0.0104779506416115,-0.317467566420308,-0.634074279337847,-0.303258180766637,-0.113867801730931,-0.0755965692247161,-0.530334336726447,-0.0587258425740748,-0.647009697294243,-0.532831670813325,0.0819062995211555,0.235433947794705,0.223931016384183,0.0219222545116034,0.0166926272369012,0.321451780084625,0.11498771573314,0.227868984691682,-0.432186433652874,-0.108626486617434,-0.366209561842171,-0.160740730911335,0.302278024339728,0.228383959645529,0.0783834869468951,0.0138026876184852,0.800177465505773,-0.0110715762517549,0.551939415916848,0.365638442097179,-0.364662858298285,0.218674031973049,-0.112673225755586,0.280561954699955,-0.352071720035491,0.248145482535074,-0.00628855676507575,0.247388943127785,0.593549962496798,0.273436724693775,-0.356133212849937,-0.11659708612092,-0.2756760034574,-0.0261726571536069,0.263810425741994,0.22720405663469,-0.0207121747285513,-0.425521536305332,0.323891450092523,0.330759533734301,0.27083773797878,0.814554824710765,0.26897379234315,0.0168025289551826,0.0197139972462117,0.368208150252859,0.272030701205271,-0.300974011161422,0.273406030593034,-0.586314475596343,-0.399721949233129,0.116155487288895,0.063584617038455,0.157370512018758,0.265010576424761,0.153530390003699,-0.426015377462932,-0.532077865579732,-0.288358862479682,-0.216087405381971,0.00076356788702572,-0.132327088293141,-0.648130030489415,0.223748159842784,-0.0230003251125244,-0.415884089111688,0.22072211554049
"父-子",0.345327927821015,1,0.361380648522194,0.844238245827502,0.619463810593044,-0.303905946574265,-0.231529530777692,0.198306005899925,-0.151098995660222,0.151207577600533,-0.227679488550046,0.00801463894204377,-0.334808335056594,-0.565041990567142,-0.160974924534241,-0.137077406239337,0.103880189711041,0.100517196769171,-0.0887791832777956,0.0766567873826459,0.161188629798586,-0.281707218250182,-0.324206842479288,-0.559310345019597,-0.412709542482185,-0.048479816295039,-0.0168090798908966,-0.052325802775704,-0.240592443312536,-0.18061338985798,-0.406596360660792,-0.307642396604884,-0.0842097624293051,0.13736722209887,0.128781131998287,-0.57422768813253,0.176782784687858,0.0298419460666651,-0.13871651291874,0.0348454249567708,-0.461911247518101,0.327221186460173,0.363071782726707,0.83934421252032,0.214454833046081,0.237491044038042,-0.463865730008831,-0.00622019731798612,0.207768837758357,0.148741574499404,-0.0414155149000097,-0.050388740833025,-0.304314862684353,-0.205257549430836,0.398035931621435,-0.155756275537598,-0.582081489334983,0.0714728957144363,-0.0847659559262845,0.046889502521276,0.214327602621741,0.164251292234188,-0.0824246430099841,0.274204540084576,0.15095392595167,-0.143163245028993,-0.321598344442098,-0.0606961776555269,-0.291509092736388,-0.117231985512527,0.182838197283609,0.122196703334506,0.191138512510654,-0.0635259411163508,-0.267603117925966,0.341626538314939,0.0190051282229201,0.134958741853703,-0.0633504601259046,-0.148946982476729,0.0489158529624403,-0.199980908307585,0.233866349924396,-0.0343991632217107,-0.572037463102009,-0.194529789034984,0.2271169958711,0.231230957920749,0.153051339208257,-0.418529956454596,-0.458270358583766,0.155182969390213,-0.321621229833581,0.0103575453471898,0.248269119133087,-0.18052070990956,-0.36722394348302,-0.113023894630944,0.170851616090102,-0.299171470055827,0.369670704498585,-0.163005301610051,0.364142415603832,0.496490160122746,0.0170495597907838,-0.1785767928467,-0.115575026919849,0.0485014981295289,-0.346316980372109,0.165294578729049,0.392026566878945,-0.0838173996190492,-0.169587548644017,0.04382352301534,0.247545470395518,0.379588272157468,0.15702222213098,0.384849553676718,-0.449296622202463,-0.0545901387758937,0.241228298770962,0.189249286944297,-0.297230216138943,0.185213609388925,-0.219439880077945,0.0475596854611067,-0.196842367836398,-0.0554149608425412,0.102597583651943,0.360597960614434,0.120132142041116,0.0691213270742081,-0.251058961621495,-0.0145222880386544,0.165533021355996,0.248462696806694,0.200493992004139,-0.062071515121901,0.114483566841866,-0.0857330179426773,-0.149765006605015,-0.310953708762956
"父-女",0.17910520989321,0.361380648522194,1,0.636710483811543,0.221006043170829,-0.0763168781971389,0.220532590024107,-0.128520164739486,-0.0668273533386083,-0.190275922784107,0.156663828559721,-0.135565970125067,0.330950111989962,0.176135195995262,-0.0366627039692442,-0.112210857566041,-0.409784972158368,0.103750525072467,-0.338415515030096,-0.460938732215787,-0.278867731453439,0.0654491676113394,0.173715320587144,0.169540730428337,-0.309381171177033,0.0509792417024191,0.0607089305489727,0.00565962666713923,0.217580815074117,-0.0877489419571791,-0.311839947570236,0.169153127464756,-0.00157684402201292,0.351030987043568,-0.285388803278533,-0.0457204520316839,-0.150410851666914,-0.130075504683753,-0.0338881718326461,-0.128236182303098,0.225620654126059,0.169601854831713,0.0216200021795471,0.61976340820946,0.51110425370378,-0.412950688800765,0.210346239416258,0.446446411801647,0.493388303146249,0.345745262830215,-0.084765137242406,-0.0932460176388666,0.194915996510554,0.16317901568654,-0.00406966574878632,0.103146768267045,0.155910175466296,-0.00507572407633487,-0.0938103352315213,-0.0281093659066187,-0.215173338908537,-0.190020405056554,0.0817387942970414,0.252916315445275,-0.199950151958941,-0.0328627025292422,0.153038685739877,0.00695940176654296,0.174639939809056,-0.50849417900109,-0.279544837590713,-0.290282699550276,-0.268164233733738,0.00156919327997897,0.0731092566996016,0.00986478941367715,0.471966109792402,0.0649133314484792,0.235206337496817,-0.03741130394504,-0.226376183335792,0.42314088774606,-0.0925276424290841,-0.123414019255985,-0.104561296089999,-0.103067335237888,-0.196763465528679,-0.279393973680904,-0.188778349542608,0.135852199801695,0.212106125254818,0.260552678449708,0.322392771555033,0.45992099878873,-0.396180563156464,-0.100061939169824,-0.0297746634274892,-0.505248533119929,-0.173521209265313,0.199509274407318,-0.277910711117657,-0.0547241491726327,-0.267063308167482,0.318213178487461,-0.145817908601992,-0.0836082884643675,-0.51947171752221,-0.496193345943402,0.312398165924711,-0.164166341786611,0.0135631898852522,-0.0767678843163809,0.101339265046419,-0.232622451593084,-0.272402244942736,-0.259373268901224,0.272733229763762,-0.256117827547263,0.227390509464787,0.248391079720204,-0.397265891885603,-0.150227286038849,0.164470922280525,-0.143703141203399,0.160535322089853,0.0477293733189065,0.432348441658825,0.422792611710057,-0.238200254081315,-0.215479040773862,-0.227525431201443,-0.00895694464031782,0.0763903279447196,0.0568850211443421,-0.163930324035155,-0.370071759482465,-0.137539388519724,-0.00916715109688242,-0.416529941309047,-0.0941455728501007,0.106378961017944,-0.0899903290596343
"母-子",0.236584523371247,0.844238245827502,0.636710483811543,1,0.37275018566581,-0.367541014824126,-0.16689085632287,0.197722150515501,-0.245975865653133,-0.0272741794240794,-0.069537182366155,-0.118614821491921,-0.0516884715216096,-0.32912826747601,-0.260778502390912,-0.251707846533788,-0.0992724420163735,0.251223874225876,-0.31852774653891,-0.0739507201069348,0.00115751009999596,-0.180826444703366,-0.0801441115512637,-0.327386123270517,-0.53552679164155,0.125805843920916,0.156274457424287,0.118255573174681,-0.169479583559494,-0.27406475884984,-0.535904949933524,-0.187907573901763,0.0926906993442788,0.361814853409513,0.0906383950183911,-0.543809520075679,0.0647077552030752,-0.0983964342111647,-0.250870353230534,-0.0959858570057228,-0.310747918236764,0.221321833258345,0.390921391333922,0.979175211770912,0.263319584578934,-0.0713672803775976,-0.324369586816709,0.105018967431957,0.243580411722129,0.365818844685289,-0.182262626617166,-0.198547133716304,-0.0522981680845115,-0.0450476797350442,0.413417428181023,-0.0143609368137585,-0.34843880612179,0.182327433437169,-0.198898021578848,0.157710122742197,0.126987775118287,-0.0125058809411452,0.033665251398819,0.432934905406895,-0.0271057965369165,-0.247066217704447,-0.205587539391067,0.109244541336664,-0.17633276918223,-0.38353758640293,0.0203828066348997,0.083124467782927,0.0298488356213126,0.110795869304759,-0.159666164094719,0.37021858365977,0.205430218893576,0.22782269124745,0.14994647407016,-0.25966563691602,-0.0931314665909714,0.00245408775360524,0.261358499550551,0.0734316521208228,-0.556948718400791,-0.28900682401504,0.139728181534906,0.0662055363148849,-0.0239543705992853,-0.315154065964188,-0.318501767166648,0.0747189731129596,-0.0533353678159404,0.120480935376453,-0.0691275806911107,-0.281015437787394,-0.43005180621284,-0.378501138085059,0.0519473443836082,-0.0510642736282795,0.240574649173028,-0.269445249744156,0.23596723391919,0.562030474052359,-0.116015167275437,-0.26436197900276,-0.387980758028043,-0.108137545819766,-0.0625497847112736,0.0537977146589794,0.423183154367936,-0.190142624824735,-0.0265979726200695,-0.100254100227402,0.0774568984504593,0.251564262958673,0.0762226922193872,0.255555460792819,-0.303400002424476,0.157757444883776,-0.0654146382694863,0.0742688919860721,-0.18724373982639,0.0699085150736972,-0.059673697579817,0.159213739324599,0.00308119564312082,0.243433440410826,-0.0296434366039322,0.173556870113767,-0.0136725302974998,0.172769787375497,-0.155648631461556,0.144152748938921,0.191459086142317,0.0853519398314091,0.195425169954607,0.10351245863715,-0.0953593822120829,-0.194288392255779,-0.0129601566918289,-0.381185250446549
"母-女",0.441072241650508,0.619463810593044,0.221006043170829,0.37275018566581,1,0.158775171046242,0.101588899039193,-0.322410818078943,0.177435169752265,0.353153100923108,-0.23297045478361,0.00812588074391356,-0.396643752359249,-0.504321603119234,0.0664497956008358,0.141722138704305,0.232047919267786,-0.351352534582875,0.274291042949825,0.018008684374781,-0.0430399503148417,-0.0202921567784693,-0.640562853977376,-0.498860783427037,-0.0176445475628262,-0.577605223313896,-0.570737930904906,-0.32184216111831,0.0899589378207458,0.153336973807186,-0.0088944080920256,-0.0967385719727494,-0.339199374581745,-0.0525940047608814,-0.201010048805644,-0.236455690378834,-0.15928853572536,0.0235577794725374,0.0709631833738964,0.0215159686081783,-0.149651117119322,0.431671455935596,0.0245786490480619,0.356637598502176,0.605819214265642,0.40595670789582,-0.149127905791429,0.24382465629173,0.603761526172643,-0.0521813232949797,0.257428216250485,0.248616067641315,-0.642834741946868,-0.223758810190713,-0.0352567740440607,0.0164939219136009,-0.522744440063189,-0.0967251650186379,0.348857863230415,-0.121151653411885,0.0407001680049202,0.360867854580472,-0.106925967354359,-0.216146338144133,0.340858588759797,0.0751534492607643,-0.104226558213462,-0.311066201577284,-0.0767504927613845,0.0661220687673731,-0.0475675522489789,-0.207686563000855,-0.037612621554877,-0.332605150670642,0.00137950731371992,0.0200041854049151,0.0701282317313852,-0.388275531717802,-0.486902242162216,0.0767853932517615,0.142379809354189,-0.0936502368828893,-0.209633833468639,-0.40605062217155,-0.204104366385698,0.122335649361684,0.0547258052259723,0.00449324511311412,0.353517475413249,-0.075032029540025,-0.163000161734705,0.418169938417869,-0.396628096442087,0.26348878938467,0.416187546061653,0.139140021488724,0.153864773110405,0.0592540000646096,-0.168810626519658,-0.632818742046662,0.183965670130159,0.0535827914722739,0.176542091719998,0.238312960208814,0.00660702024961515,0.149426969406916,0.0667966232455426,-0.0776084478280246,-0.410388509899279,-0.164810111969333,-0.0225897089541924,0.348349020059548,0.00969705831012357,0.146982177619486,0.0165601065358372,0.187075275642569,0.420952747213951,0.205286816531685,-0.146871998588655,-0.469606325799702,0.412373625927615,-0.156308805933026,-0.0944778688723447,-0.157307043626171,-0.23456351125664,-0.0627479668252401,-0.0821427044065967,-0.283560061864441,0.186631130885042,0.217644575000876,0.17834911964708,-0.107939767596088,-0.0109145992324771,-0.567312102966688,-0.0365677719681467,0.115717794772198,-0.328096629891685,-0.336867291726952,0.213678247907915,0.334796446061018,0.00906233804380403,0.145382780472351
"兄-弟",0.239361444791701,-0.303905946574265,-0.0763168781971389,-0.367541014824126,0.158775171046242,1,0.441669702202288,-0.54682423768578,-0.143845004869876,0.2106552179044,-0.293089647928891,-0.0819356073364057,0.0116724405596586,-0.0331297443466616,-0.0335926034803577,0.42571508591128,0.607347254567332,0.21472973426404,0.823431689117571,0.119680279549952,-0.385381258953928,-0.144732538180459,-0.315180879945395,-0.0277058047977818,0.206231910052022,-0.490225367978053,-0.499856064254228,-0.46019446090668,0.44076695346013,-0.135475670871593,0.22078671375336,-0.110944768024862,-0.439752258551396,-0.366920852754862,-0.457870328103706,0.168828978350203,-0.224102463378118,-0.0874817815563819,-0.0411668257129632,-0.106221495593831,0.232444672720528,0.23876553593396,-0.488272553500397,-0.381658751536524,0.261171969528682,-0.0657563879771886,0.225549723615431,0.095743497394551,0.269067615689892,-0.377381290137731,0.387239517461396,0.38400336416933,-0.322451634809289,-0.303883564180534,-0.184342484443517,0.264556590203168,-0.0143839451384307,-0.26772966495984,0.334431720572851,-0.26900540681479,-0.15365536414316,0.19270056579676,-0.270910504945185,-0.217976179624761,0.189719476625007,-0.0444949700328699,-0.102699240853197,-0.438146762094433,-0.117171866555237,0.0486870575264852,-0.395545761493698,-0.44430882167365,-0.389201092771516,-0.457477847791651,-0.144434848847692,-0.482867180733304,-0.151937778845326,-0.274828016239236,-0.211530370821777,-0.0302379065032474,0.400127334530954,0.247164194625,0.193513929202705,-0.25567923290379,0.419557019755209,-0.156349061396996,-0.153431342757818,0.253017947312893,0.210798909544044,0.830543302952918,0.229431842603595,0.229208643750991,-0.0109162374805338,0.108897618435072,-0.0589176787574465,-0.139730598045114,0.317942311464051,0.0416469722041578,-0.231087245457565,-0.328313174698423,-0.327119708211489,-0.0346670246327088,-0.327518117131365,0.0190914658956465,-0.0882514018468571,-0.138680662992593,0.0460597936135222,-0.233317115700315,0.00471514818838943,-0.215156982400479,-0.173197131785969,0.328519206689047,0.270595983008866,0.393935221183142,0.2513120038198,-0.330895509152606,0.239864907728348,-0.337131033957892,0.225598040552153,-0.212616999388452,-0.0458838344462846,-0.239839927332376,-0.112692522202746,-0.232191867482056,-0.302423237289647,0.159231469653455,0.254815443886461,-0.00548198167013059,0.151926602006881,-0.00955585355423193,0.147531184916237,-0.263368287553887,-0.149338974718051,-0.490552526701831,0.208973641868145,0.351366447310124,-0.55987385610706,-0.448037100814143,0.599768664027042,0.321390239544869,0.262011799770365,0.986020094284669
"兄-妹",0.242170085609086,-0.231529530777692,0.220532590024107,-0.16689085632287,0.101588899039193,0.441669702202288,1,-0.162125362199315,0.253475323749668,0.329587887844848,-0.48985949000945,-0.328126026160144,0.00592817993155705,0.172707293179551,-0.299587924826965,-0.102780118076954,0.144858053197397,-0.157464566940294,0.287133217921584,-0.407234024180739,-0.0901224188329344,0.295537634193659,-0.000961774307535055,0.177165592069493,0.0891397282484755,-0.142383993593466,-0.138694085398136,-0.618253180863233,0.975764390464937,0.241289741477127,0.0903372568342469,-0.304386127255966,-0.608371161257524,-0.269090043161817,-0.678847772742842,0.175591218941762,-0.416742037385717,-0.333089809801325,-0.304509386904465,-0.335059279149182,0.138577328503501,0.240767365400399,-0.506025578570516,-0.183926938249232,0.291017186364129,-0.272809770282759,0.136619774207246,0.184319265333775,0.286107354948305,-0.297009657160601,0.787567642457183,0.787017811683672,-0.000899880369886364,-0.505778035229244,0.155470775885033,0.162520015246988,0.172472189250747,0.220060240885295,0.335670736707237,0.219078027863094,0.267208511128753,0.321641638768752,0.201470506351019,0.255753210307154,0.322333546257124,-0.313766091479788,-0.317644930699645,-0.609131897514522,-0.311972670151177,-0.219588156073974,-0.100545352261488,-0.687303633736635,-0.0916514912004753,-0.62604578499721,0.302959789395036,-0.505301406333175,-0.034907219459935,-0.354885556550946,-0.249381146252289,-0.309606578011532,-0.150581546288434,0.798466762787161,-0.230341588742783,-0.18861906164521,0.510168943912377,0.235577675296259,0.282196969374955,-0.257203121280146,0.32025971868857,0.442483768932747,0.137626345259233,0.236054764737166,-0.00194828687291985,0.194376911510493,-0.271630167562707,0.239750993063087,0.174968727283947,-0.225383632220533,-0.430674933490579,0.00562940583075207,-0.452535984183216,-0.304849786530574,-0.452465537716046,0.133377627797227,-0.315965043129299,0.25820278877416,-0.214937792280209,-0.45025335113259,0.0291374007206337,-0.405775315177421,0.18452679868823,0.335334229596107,0.173174908211943,-0.137313249719029,-0.251777965635249,-0.443005671816697,0.24817561994065,-0.437394334036642,0.129030622774055,-0.243821092463617,-0.26611243690598,-0.432214574996081,-0.316059313353092,-0.416100830342393,-0.502959460050805,-0.0110713221148336,0.790880828237055,0.574997378882195,0.559812017052069,0.173081531627096,0.548351483148473,0.221357300060708,0.30434651685747,-0.14215855569232,-0.0471689179548266,-0.0530944026873053,-0.177136971818812,-0.618527639729525,0.138313026930776,0.333946306998656,0.158407514433195,0.42957596907401
"姐-弟",-0.134976593124231,0.198306005899925,-0.128520164739486,0.197722150515501,-0.322410818078943,-0.54682423768578,-0.162125362199315,1,0.198325185080616,-0.0767343129717812,-0.123098401986108,0.150475656697543,-0.329890103798789,0.18337450758958,-0.0741352886894101,-0.279125179548075,-0.198848531685401,0.0666146367894343,-0.379823900020305,0.00120959125166645,0.767044304730795,0.043512990633975,0.494716131166515,0.180052662791725,0.0791255252112059,0.770009397947119,0.767982635852671,0.115381440930079,-0.169556559769741,0.188543058370302,0.0747583987660078,-0.192900833582344,0.110942269321131,-0.268829084651534,0.309139868874049,0.015659519236203,0.336119039342134,0.16781996834345,-0.0566747132210665,0.163306637790318,-0.609977230618335,-0.146857382023768,-0.0962379588904926,0.204898958825473,-0.652110391744109,-0.222803957558765,-0.598906004187148,-0.430677294703919,-0.654822161387193,-0.253389686299218,-0.00183799881961675,-0.000803862299629282,0.521114349348314,-0.109774443376146,0.348771427828149,-0.519313782556983,0.186952075582005,0.234688045861304,-0.412979703761796,0.224692703026242,0.325286522936596,-0.0646325955273637,0.0981210199761703,0.280369006786734,-0.0623956461421574,-0.0625685164530602,-0.200712902303551,0.109924207526127,-0.189241815522977,0.227528971298345,0.770891108061823,0.290754520590313,0.771300137715698,0.10861056907027,0.0327877428895613,-0.0980420421504377,-0.422076203262483,0.291666240089058,0.0205820012287623,-0.0757567802852901,-0.0522779785455563,-0.144135524879466,0.210643774163947,0.432592020071175,-0.0884502905910498,0.189160368440293,0.328127617556113,0.172913458280064,-0.0885978317976895,-0.54032115039855,-0.606856767688721,-0.326916100356296,-0.310584009198757,-0.446158371427561,-0.226185802675645,0.180132987862894,-0.634728917749548,0.229515318730474,0.334091229290724,0.512246504144001,-0.0755350494458144,-0.0694612936588212,-0.0789724102840939,-0.0728466945389893,0.159208438804454,0.185945071263437,0.219153842052535,0.357066149866785,-0.306774946008188,0.344585120702613,0.356230491890135,-0.411184930475937,-0.511082038453867,-0.0383891215406473,0.181951537659379,-0.070046114052961,-0.336930487162272,-0.0629889986666451,-0.595413682284199,0.00927910372175492,-0.236150004960158,0.354439215261458,-0.188411721931594,0.337927455048602,-0.125631409110481,-0.327609236463793,-0.1512958497189,0.0799930742469916,0.20400148138253,0.226553222943053,0.211449809827018,0.217790494522901,0.033761771590216,0.753809191436268,-0.194817667600308,-0.1002730995708,0.967339298566872,0.116727882885763,-0.18789442588592,-0.410251810645977,-0.522598430068967,-0.547326470777887
"姐-妹",-0.335564831680646,-0.151098995660222,-0.0668273533386083,-0.245975865653133,0.177435169752265,-0.143845004869876,0.253475323749668,0.198325185080616,1,0.336911843632684,0.135572065251151,-0.107533130988572,-0.517865776778711,0.170754367614293,0.189317319493462,0.147534566209048,-0.32524802758813,-0.580369333945405,-0.180550696520905,-0.201976911092601,0.505531749534749,0.762933665683123,0.0811337311763836,0.174275569264308,0.220476108701764,0.047153830978348,0.0326647428576326,-0.0704320392529973,0.238161265296168,0.97261877486115,0.22530392818603,0.227141496476821,-0.0634931589635657,-0.297063540737995,-0.138259277539213,0.274191114392128,-0.403086750155063,-0.102914793394921,0.187978099315256,-0.107291530486296,-0.267079964701881,-0.342990001648765,-0.400869350074594,-0.25472605193877,0.00466183735405012,-0.220066105961685,-0.25896280247957,-0.0743651034448773,-0.00424570219250355,-0.305233449714143,0.253003295845012,0.245535848387175,0.065501417046925,0.142381106887457,-0.124617724220306,0.0915970758287085,0.172166135197056,0.231189328347093,0.443527412315226,0.215379500511038,0.0975025825883022,0.335633561502971,0.483874688691528,-0.134883067330906,0.335579711416046,0.187791658690112,0.232014611001723,-0.0629990192045749,0.226841372040395,0.118118494389029,0.472458558787402,-0.147981214404032,0.476603367116716,-0.0786564537938184,0.758985292707195,-0.398988203053683,-0.11302576989728,-0.676308655173933,-0.655255961577839,0.186140960817273,-0.0634155932463988,0.148304410341248,-0.534309928922805,0.0882675570649784,0.334552128020441,0.946815197708842,0.0921212607378425,-0.310943205634485,0.313863595259713,-0.197050573783408,-0.282613874639276,-0.130597670992442,-0.523566373953071,-0.0799981934363333,-0.217770669211484,0.947350619688428,-0.133582491391522,0.104337440832781,-0.417019463670905,0.0605505566012912,-0.417084613019821,0.17774770046855,-0.41629127105317,-0.631969684874266,-0.111119075370089,0.964058839629839,0.111498860746285,-0.101085985108526,-0.499807799133776,-0.401148315413554,-0.101806180426334,0.446681828219796,0.102586153605844,-0.0462753492680367,-0.294148493294608,-0.41344273220062,-0.128793832863483,-0.400220297118737,-0.258477158581583,-0.64766499172167,-0.222731881809682,-0.395967767727235,0.221237358018937,-0.408320695253309,0.134298085227763,-0.196003681552565,0.151135579711511,-0.042727882936363,0.146144499450419,0.132004452861345,0.137791683572645,0.216170913015737,0.744818562320654,0.0277878196010579,-0.390761392415972,-0.404307598660489,0.167562228891868,-0.083398563457929,-0.343607907908851,0.438828930409391,0.0811397771955906,-0.143969133535585
"祖父-孙子",0.215467637164447,0.151207577600533,-0.190275922784107,-0.0272741794240794,0.353153100923108,0.2106552179044,0.329587887844848,-0.0767343129717812,0.336911843632684,1,-0.450935615436524,0.0103592120771929,-0.624058752512421,-0.585250697853773,-0.00502449028667647,0.374497683326561,0.307538915952556,-0.131536285308398,0.306646833886331,0.0644825278384545,0.220867891453509,0.133081634810736,-0.590244779908703,-0.581120795516673,-0.286136508482525,-0.438172140630304,-0.431256839454351,-0.544201814161653,0.309886217246952,0.333552915486577,-0.284910150965964,-0.199339828470921,-0.536784910985738,-0.16377733182351,-0.517403801447143,-0.476503328794757,-0.216826291430275,0.0115110442863072,-0.0101436459331136,0.00780558179287207,-0.4848117657902,0.221349745918694,-0.179709427242198,-0.0354521241249226,-0.0485435228944807,0.0779994545374876,-0.477084357295746,0.123781813800938,-0.0489631993192716,-0.172154431830912,0.338343665392552,0.339725622221478,-0.599597496133104,-0.466967400544677,0.555681081104533,0.241817016114099,-0.590843705934388,-0.0578222229788837,0.759870701527209,-0.0513013340462617,0.0493878247465477,0.972088248232704,-0.060358034159138,0.25243570479465,0.966818500681268,-0.0255843559703979,-0.214875367338938,-0.534061785962183,-0.209625691144869,-0.268564185445336,0.219568157716823,-0.535229655787325,0.230768445375411,-0.549991867232324,0.135262420144406,-0.184744903397217,-0.067395794909719,-0.464228315311059,-0.652710166798946,-0.0135003773219519,0.461355408400128,0.143769087226954,0.107254442355625,-0.130087013517891,-0.00766797337660766,0.322559633718661,0.0579411541392466,0.321015499680747,0.970550639346702,0.0305609362144872,-0.469809731357663,0.240028430267711,-0.611040513782715,0.135491489511121,0.0745057566965027,0.348663102226419,-0.175494710100793,-0.268410032188293,-0.219842241471081,-0.599746036025899,0.00655124789172116,-0.0044640033781416,-0.00309104485231007,-0.139085195630927,0.0278901119632267,0.343890327833303,-0.246527484164673,-0.331590089050064,-0.59396749445002,-0.198573362168918,0.555982414292937,0.740578894159276,0.24182073185376,0.473875860650726,0.313291890308624,-0.00551874539838065,0.232899733114309,-0.00535093766872482,-0.485467812996371,-0.662803974983802,0.0635300905192642,-0.231227614440354,-0.215912721668115,-0.218367351552931,-0.470007380901417,0.0398316804563869,0.129337617079791,0.146681194044102,0.270254293730437,0.76104907867382,0.272923898380135,-0.0612505876395924,0.146714134779252,-0.431948066234806,0.108740338322054,0.143839547494705,-0.077885880665243,-0.529670133638092,0.310209786508415,0.752078331505373,0.240510093318757,0.21299235844094
"祖父-孙女",-0.596150450765622,-0.227679488550046,0.156663828559721,-0.069537182366155,-0.23297045478361,-0.293089647928891,-0.48985949000945,-0.123098401986108,0.135572065251151,-0.450935615436524,1,0.144715371560015,0.301893763919199,0.361001587489202,0.480882683459808,0.10229610733903,-0.549415214459734,-0.0542319457107923,-0.454904927998219,-0.130969596708087,-0.166333789169927,0.263658394772294,0.305488402973669,0.342529149757402,0.0387434725881862,0.13430110411454,0.0969406235842085,0.744651167113777,-0.491262259434015,0.154886904444051,0.0336855546274273,0.766952966985652,0.755127891911407,0.290000468107995,0.440013098629787,0.267226050462691,-0.0206588600216724,0.09976336857925,0.456178977357958,0.117093515150238,0.268362662459745,-0.596978437450492,0.1113755030722,-0.0611246647039241,0.0429802929686303,-0.272370102397332,0.281284406101911,0.0311828839607061,0.0462177441576928,0.283944072035383,-0.687086344249596,-0.677739825574911,0.287406249437497,0.968712641961892,-0.525660351528424,0.187039239849227,0.349538147897768,-0.105768203644206,-0.121597130851457,-0.112750016208296,-0.469455060207663,-0.480757978684108,0.189736791225642,-0.317718985997734,-0.470335259155163,0.456236494021601,0.775047634324177,0.751903628018548,0.756294569477947,-0.00620437104623429,-0.192671228216549,0.452655878717934,-0.199960784109059,0.746938225957941,0.245600283523094,0.111171317778566,0.275009664215705,-0.00406631302172829,0.199813694308088,0.444893828827087,-0.212648406577985,-0.268861449606759,-0.293966112549667,0.01043924696168,-0.171945758934002,0.157885682277557,-0.448867676898911,-0.315491703309385,-0.460993213684757,-0.0672791727387873,0.272488010532851,-0.302275795228337,0.276261555981884,0.0117260193802984,-0.258803192368714,0.134015084091092,0.040989373236422,-0.0152215315325249,-0.0384138253138617,0.288640139148755,-0.196687006036553,0.444498773357758,-0.178692211943542,-0.479280624124022,0.101302944021434,0.13258587444453,-0.0214388036322315,0.0760478685232312,0.272206698303453,-0.0417796013364206,-0.514666696783717,-0.10689299992535,0.201618559278351,-0.21810311514067,-0.336142024704319,-0.195066243190656,-0.301328596401402,-0.179622139386865,0.297602410517252,0.221006183856733,-0.26273301653047,-0.0110074159109226,0.765929877919851,-0.0105802931165381,0.971143848201472,0.0988718030042893,-0.254325218417579,-0.230450673077569,-0.712708339023362,-0.558784856300198,-0.725999083539395,-0.117445423388431,0.224458707242668,0.101942025252829,-0.218278688338601,-0.434920948293748,-0.145852927213498,0.722324397363975,-0.592693027241639,-0.123808559849494,0.181526602873981,-0.287437093040761
"祖母-孙子",0.257766197151814,0.00801463894204377,-0.135565970125067,-0.118614821491921,0.00812588074391356,-0.0819356073364057,-0.328126026160144,0.150475656697543,-0.107533130988572,0.0103592120771929,0.144715371560015,1,-0.0278171669902477,-0.0736333629741142,0.801036194264567,0.23504018842032,-0.118907123742254,-0.150288745789594,-0.0361911447587487,-0.137588218011743,0.239003687334601,-0.429127389241216,-0.130985411557996,-0.0857047576750212,0.264045087434923,-0.0383833957082919,-0.0644668136057823,-0.0420616353889673,-0.331845618150771,-0.0909596092667974,0.25291389290119,0.451840183300282,-0.038657687423008,-0.218562627516179,-0.0119711208954587,0.059396688103742,0.759229937930008,0.966823073705654,0.79714679082717,0.972891267834008,-0.0388636419631347,0.259685185295434,-0.1720193972743,-0.118363184809814,-0.442086935064633,0.21659963769466,-0.0172048202096901,0.140943565205332,-0.428077706122069,-0.185912689148404,-0.270805280910621,-0.258061296529696,-0.140648890243523,0.119996629308413,-0.151267687362722,-0.632165179551912,-0.0763126132238708,-0.710958921808153,-0.184039148113548,-0.716675912205104,-0.555738339516002,-0.0056610425629698,-0.725975740931908,-0.394034896054683,-0.00984838997510377,0.798457221816895,0.457457269665704,-0.0096334747847719,0.456074947034751,0.299057688316716,0.245904900675247,-0.00167006065772167,0.235519718917345,-0.045335751303872,-0.458303817137585,-0.160797160190396,-0.123552049106965,0.453612207103291,0.119926802239539,0.785219120697049,0.36945791764412,-0.478835473290609,0.0722981818801317,-0.473090136176599,-0.285056788373854,-0.0911933051127297,-0.537309699260494,0.28869424502518,-0.000399547052518016,-0.226647957190233,-0.0232620968097055,0.281926415892415,-0.0291694036860277,0.113720119218677,0.211738992060518,-0.10209895234387,0.142079077833108,0.297705321531377,0.743226257839048,-0.128490821173031,0.033976050489353,0.791762779612062,0.0351634275393946,-0.281529181242833,0.973732957557473,-0.105638289113866,0.297962875785238,0.176563623158071,-0.0310362476071807,0.746408816162757,-0.16914357146063,-0.188960263483783,-0.617525106504231,0.381293715728128,0.283972964688825,0.0272096529586235,0.276279853972304,0.0311284514418632,-0.00864394217740625,0.110590731247802,0.21940037518165,0.748932798340404,0.470644138873164,0.749912502271942,0.121605686758848,-0.67848718137769,-0.474139278537146,-0.475234365793576,-0.320998666605253,-0.0302861916221974,-0.329905572809681,-0.719544548802969,-0.456297926928514,-0.064982147252872,-0.558831725160963,-0.353637181803278,0.131551148197746,-0.0408986281443232,-0.131600878310784,-0.197032829540665,-0.632778488475573,-0.0833380809061134
"祖母-孙女",-0.0118941151786095,-0.334808335056594,0.330950111989962,-0.0516884715216096,-0.396643752359249,0.0116724405596586,0.00592817993155705,-0.329890103798789,-0.517865776778711,-0.624058752512421,0.301893763919199,-0.0278171669902477,1,0.399744994766669,-0.03932975157066,-0.345046751026116,-0.228234210075114,0.146225512803563,-0.199271139591612,-0.237541858470843,-0.660058263637403,-0.219874590479723,0.320635117078868,0.387290858926778,0.0153447461456235,0.0454563128477354,0.028520818588597,0.263341179140421,-0.000642084198338834,-0.522918763927569,-0.00367658308997237,0.196899603977269,0.270990096200651,0.434578098664116,0.0495284935848474,0.242376753928597,0.106579469332058,-0.0565158332632364,-0.0538316963255214,-0.0467842049146286,0.801920705528103,-0.0183318727955021,0.255322830449817,-0.0656089002344085,0.196795899568025,-0.0143689875843646,0.801537391196508,0.239177142627512,0.202282048093636,0.433255498234231,-0.238116223411438,-0.232214533722316,0.329381096467598,0.285966776710842,-0.370478768030956,0.0452464694385368,0.393458589208335,-0.0582989716524638,-0.432026795173895,-0.07190397070958,-0.214450175889173,-0.652472596595956,-0.0746345089955377,-0.0665832696021293,-0.653327037332795,-0.0551019571483077,0.191398412485218,0.274223701159469,0.182234691194514,-0.173712232407258,-0.67018431262576,0.0481721828305321,-0.670625589474809,0.259343495374785,-0.225768404730343,0.262541709750701,0.377503676520031,0.478419971623062,0.775025858377099,-0.0555404018400579,-0.483952307535393,0.175985246767016,-0.161823851527908,-0.162333720804804,0.0105684665132499,-0.519566276872793,-0.192496463616028,-0.418262325686301,-0.639040457864178,0.255703761166369,0.797041733133135,0.022560646828345,0.957755749615251,0.236310568920614,-0.0105048903316757,-0.531671646599704,0.521512375768126,-0.186466837446178,0.0897870623351446,0.31878863312415,0.0479185684610247,-0.0574394754922379,0.0780652701946359,0.2848111045174,-0.052366564710656,-0.525757659416248,-0.187736381965158,-0.108821096422362,0.969019768447414,0.0987352166463345,-0.3686980192642,-0.420359130063607,0.0553908462422956,-0.479623335261369,-0.422904770279974,0.0711188983928906,0.0325030765504566,0.0737301258199207,0.804376400017788,0.780148053079022,-0.00647840973547879,0.0967179364075252,0.184010475112997,0.117349169262714,0.299889142137017,0.137897827839141,0.18087064435248,0.17540493119753,-0.297550231177942,-0.614582118965468,-0.303728663273696,-0.074761432700912,-0.239890847560729,0.0226898657027103,-0.00199907840537345,-0.174457882588754,-0.338392350166003,0.25597494481529,-0.24472664323216,-0.42963769326428,0.0469211667448616,0.00411831402345046
"外祖父-外孙子",-0.338409345006435,-0.565041990567142,0.176135195995262,-0.32912826747601,-0.504321603119234,-0.0331297443466616,0.172707293179551,0.18337450758958,0.170754367614293,-0.585250697853773,0.361001587489202,-0.0736333629741142,0.399744994766669,1,0.0763025140617199,-0.187868719717797,-0.426814271760183,-0.0843762268652239,-0.286584424735539,-0.288476168971327,0.024923322197369,0.327431018210615,0.7886648420611,0.983110923914964,0.54456515254714,0.535863481984933,0.520039505042844,0.286230388090724,0.181926799317651,0.180341483256966,0.533249640756664,0.318892798042347,0.2888693384612,-0.14306632749784,0.125828647017742,0.788318567395653,-0.111789058355788,-0.0806314867054467,0.0727941043538793,-0.0891350168201193,0.370422248586261,-0.338499224538169,-0.420220270631383,-0.335844029115321,-0.0767509891044064,-0.519851403497563,0.374006116706707,-0.0702709961906585,-0.0800473357256621,-0.149054131937743,-0.028784778261108,-0.034815085851139,0.784154266506697,0.349316994840294,-0.509219770264905,-0.161986833657204,0.976359344973696,0.090608941226936,-0.405382025600763,0.0871268007549003,-0.118223564879891,-0.593686966195972,0.216949858754687,-0.219005984961136,-0.591083904693915,0.0675887820962193,0.319372714972443,0.285107339846489,0.321733403576063,0.220487665806422,0.00243747799899331,0.113028929562969,-0.00213686086181892,0.282529803900614,0.315759071076349,-0.407019156204782,-0.0622809052343007,0.035706685237841,0.24519733416278,0.0675109506743919,-0.366597035362761,0.231502874928251,-0.301219913567962,0.204634538674643,0.496305256925101,0.190363346474864,-0.104749064108138,-0.432280968667803,-0.602114495004071,0.177177306838362,0.365260460206476,-0.237893431373715,0.400453603398601,-0.0676735965667471,-0.511862516205368,0.174454352540468,0.101321075549958,0.211404033534977,-0.126985475762006,0.787538285382696,-0.561703766899205,0.0638614590590557,-0.54023846728212,-0.253359217652036,-0.0781037090854767,0.178230613400924,0.21254430699883,0.113110644767711,0.402238462961162,-0.108703146830917,-0.485089507028289,-0.389378583700112,-0.139138992454651,-0.352464123183274,-0.435511826306615,-0.559362975983391,-0.241833121840932,-0.541774084882833,0.370629494157869,0.247543219511754,-0.52601946077576,-0.109623725029668,0.315819593887456,-0.105793844343498,0.357960997945007,-0.232025096625347,0.244690060805702,0.11655860679086,-0.128615824055003,-0.643122667368538,-0.120866301959528,0.0910868495474413,0.310790733350042,0.513802908595479,-0.363766355122373,-0.47970133873439,0.178750336831377,0.268548906782398,-0.448674170658492,-0.407170792516022,-0.164308962425299,-0.0389420751733676
"外祖父-外孙女",-0.00239935924807997,-0.160974924534241,-0.0366627039692442,-0.260778502390912,0.0664497956008358,-0.0335926034803577,-0.299587924826965,-0.0741352886894101,0.189317319493462,-0.00502449028667647,0.480882683459808,0.801036194264567,-0.03932975157066,0.0763025140617199,1,0.415847911988684,-0.345725184379642,-0.267873955825307,-0.0925954270766939,-0.27835828779718,0.135636148905189,-0.127370973779737,-0.0844801140961624,0.0679542238769461,0.270943266821174,-0.143921159121261,-0.180425857702642,0.063576132678487,-0.302280665736194,0.20482960047396,0.268110153155951,0.734895040171503,0.075352170854728,-0.167324535212059,-0.0405213499443496,0.251920826397195,0.472670599220517,0.773380625675244,0.975473597117324,0.784333845148534,0.111899410582704,0.0072079823731967,-0.266900261257744,-0.259934392597711,-0.202224144790223,0.0322820357464906,0.134666894047205,0.249529173312886,-0.189596052716352,-0.147587135900693,-0.34570299013634,-0.331402230573384,-0.102237706868127,0.452287592241402,-0.404299572777957,-0.348642237544646,0.0683316596776773,-0.7281882562563,0.0683546777711229,-0.729035095639559,-0.711179402091658,-0.023056475156907,-0.488966222560923,-0.502246866123917,-0.0264858555191445,0.975326050118865,0.742698462739955,0.09032156559837,0.734845574672009,0.219468778583705,0.140460529372964,-0.0286352026977783,0.130560086978861,0.0691668977699744,-0.148066151028912,-0.253980270551315,0.0793900478775647,0.0891488845325009,-0.0299663471451883,0.970320409344606,0.299508464392944,-0.345308452173502,-0.199810574692446,-0.508497599019123,-0.141028889593253,0.200363514034,-0.693750720685948,0.100407028104012,-0.0180917704190351,-0.0785343144616051,0.127500975522995,0.265433588086955,-0.0431435643764863,0.214619997471823,0.033203159789383,0.195702882312141,0.225894530122373,0.221223524369109,0.457506258652037,-0.0792625601144105,-0.238006042319218,0.96910570270966,-0.229758705071448,-0.579563089458548,0.777007906882879,0.189655354518376,0.222438387801866,-0.00646858104489153,-0.0460926275994362,0.456650974504515,-0.414044680192112,0.0634570733092099,-0.332268056130428,0.307106143167891,0.0878284506897669,-0.242666242738605,0.264804426959873,-0.236553031655598,0.143356469660421,-0.0281675361831484,0.0352496296770701,0.466099447434203,0.74948866793387,0.465065907543559,0.460721103354123,-0.550365672353658,-0.340516251111253,-0.486026809696408,-0.553995818885897,-0.175092932531629,-0.55758676752076,-0.729893646336139,-0.152758621063662,-0.171312413619405,-0.660794916587863,-0.533846771023659,-0.0920607852357199,0.0583600660578771,-0.371718803894704,0.0524359588524778,-0.351289600323549,-0.0262802173215343
"外祖母-外孙子",0.0970127305742311,-0.137077406239337,-0.112210857566041,-0.251707846533788,0.141722138704305,0.42571508591128,-0.102780118076954,-0.279125179548075,0.147534566209048,0.374497683326561,0.10229610733903,0.23504018842032,-0.345046751026116,-0.187868719717797,0.415847911988684,1,0.108357270492708,0.205467346892998,0.340130253941445,0.282134312928484,-0.0114505921735224,-0.0457710124509729,-0.301045194924704,-0.199916716410824,-0.0531219536265428,-0.379635458113877,-0.391448482739212,-0.229301196787511,-0.102992897527573,0.169749110234472,-0.0609093543837565,0.296857735190826,-0.21433873785835,-0.111104162044398,-0.354675504212566,-0.03750100495512,-0.0876495373864677,0.217737553408319,0.402643005790333,0.219535131204828,-0.167064707650216,0.102147964167227,-0.237996387972858,-0.256563826420554,-0.0185051220138956,-0.114619925179921,-0.165594295118385,0.301686784168427,-0.0128268301235415,-0.0901095557527028,-0.186981904165042,-0.186264845811291,-0.334665363689698,0.0808162520429487,-0.080625664686619,0.152409025242474,-0.190347987203511,-0.569679245740922,0.473889879934765,-0.560525209099618,-0.562570395630645,0.370089989122938,-0.341765233060995,-0.205055285902736,0.364142699575571,0.405256239234708,0.310482399025137,-0.224304995210084,0.299124137300456,-0.124719458959779,-0.0189893550053106,-0.333183547919832,-0.0247452372469269,-0.222411407599807,-0.0544576999078531,-0.217137068444005,0.160182287062625,-0.353838206976742,-0.433893796786319,0.410506336223955,0.789624475272243,-0.133937640799542,0.32155302154655,-0.0306904009462547,0.137828234280713,0.17910637929445,-0.573325318112468,0.578025322520861,0.382043959866272,0.39274862636287,-0.163218293218056,0.310955009718289,-0.354247134539519,0.297575120162352,-0.108794999431721,0.173140765344913,-0.0327971611950114,-0.117087285061193,-0.0854275174849711,-0.328549466516652,-0.247091194889003,0.403907605983455,-0.25575367492352,-0.398011511598539,0.219244021196656,0.162388138573381,-0.117982804790949,-0.329122744580305,-0.359018378752582,-0.0987576608232942,-0.0781290903210005,0.480105061310896,0.145415731545296,0.787520288420181,0.570192935456523,-0.260586739313808,0.314140964639987,-0.265776459407003,-0.16085748759282,-0.435962450087505,-0.102830079513196,-0.0920088986998288,0.299606489801503,-0.102396050960002,0.0846888044853815,-0.029127572636045,-0.117008311970666,-0.205731265789993,-0.401627347029396,0.195479605903895,-0.424951935913577,-0.554422493053648,-0.0573307172664014,-0.375916480315201,-0.160837310525484,-0.0696557045593931,-0.287415095193812,-0.235607100582185,0.0786901076528519,0.462693293248891,0.146694350904389,0.435867114436599
"外祖母-外孙女",0.206460046743657,0.103880189711041,-0.409784972158368,-0.0992724420163735,0.232047919267786,0.607347254567332,0.144858053197397,-0.198848531685401,-0.32524802758813,0.307538915952556,-0.549415214459734,-0.118907123742254,-0.228234210075114,-0.426814271760183,-0.345725184379642,0.108357270492708,1,0.235769324885703,0.823562187931525,0.535571174246751,-0.122170669795577,-0.327436825127951,-0.489135912410097,-0.422609476785028,0.100670281537884,-0.394257667441983,-0.381561045676051,-0.316441190884245,0.137798338588721,-0.314553317830135,0.104430705758254,-0.526198018486982,-0.314678237111742,-0.380307736252727,-0.0301603303361762,-0.229320797145441,-0.0504088666979336,-0.112789389465663,-0.355820902802948,-0.131479717148301,-0.203497122699389,0.209646918081384,-0.145577849005788,-0.105032858275331,-0.0123821262674158,0.322709368773515,-0.207912381578199,-0.354346085595036,-0.00675630268548854,-0.387618111428506,0.368220842899236,0.370451517680406,-0.489677229937549,-0.563895991569811,0.166632433986089,0.142246026542624,-0.421521966857156,0.0698238804087285,0.143597492343498,0.0652606107124419,0.335474596234208,0.307988168396059,-0.223995322068896,-0.0861647009362779,0.302993591949181,-0.366859958616139,-0.522647022180548,-0.305463355739378,-0.523980540368238,0.253813354835672,-0.125906477245637,-0.0254770261678364,-0.121381495489043,-0.312642976145491,-0.314246339517778,-0.147570506013776,-0.511977675029211,-0.0669469109949101,-0.229607654116809,-0.354644876346863,0.33336991724932,-0.149608494263595,0.408376730354151,-0.0035180609040588,0.0565098210352641,-0.33102606520102,0.337406515180853,0.420461220962583,0.307141873382864,0.336612144762148,-0.196441784338862,-0.0936000249660901,-0.25087122099032,-0.347510124030365,0.322577826658264,-0.313596582831334,0.0304985396101052,0.248891007853103,-0.0494087754725415,-0.494071175951682,0.211798779060552,-0.357423392012182,0.199504663114099,0.272745053440812,-0.11048937536059,-0.314717497795909,0.251856501763417,0.260047025927081,-0.237069710968995,-0.0342953183337669,0.172367948255373,0.143180063317688,0.143056171691269,0.338233837407778,0.407802975805554,0.205130403162764,-0.0956071858361245,0.20380395275385,-0.203976770459253,-0.234848175015264,0.32459366257914,-0.0634478088488704,-0.532914033198181,-0.0634024899287883,-0.576274671942298,0.300847067309964,-0.142962938163106,-0.169097351985141,0.502095507705553,0.288702359377403,0.482358454093646,0.0598566256725037,-0.313965019589057,-0.376731710935844,0.626318791808401,0.814881139187721,-0.202201779698816,-0.308899906737372,0.968983933071001,0.134972968747152,0.135618090877113,0.605670752698618
"曾祖父-曾孙子",0.0382364638175855,0.100517196769171,0.103750525072467,0.251223874225876,-0.351352534582875,0.21472973426404,-0.157464566940294,0.0666146367894343,-0.580369333945405,-0.131536285308398,-0.0542319457107923,-0.150288745789594,0.146225512803563,-0.0843762268652239,-0.267873955825307,0.205467346892998,0.235769324885703,1,0.192702099910361,0.224742781264774,-0.195053641064246,-0.43960175383512,0.167779711634954,-0.100524904668933,-0.452518383549979,0.238046859562659,0.236309856597003,0.0381084538894284,-0.157749079508465,-0.5633348349487,-0.451191744754733,-0.25623895731675,0.0481673094101823,0.146396560699597,0.0311287898440266,-0.30238525053652,0.138559310336147,-0.171933871382716,-0.284579480267759,-0.172838702259952,-0.14393859874678,0.0292716205867013,0.146103644963575,0.251581837135193,-0.17171841731429,-0.343063437320749,-0.141411228579687,-0.0686370441885688,-0.159262997871061,0.151394212544521,-0.237864053281558,-0.236880399394518,0.182571520492081,-0.0622150844958924,0.334556448617419,0.161869695234752,-0.0792910685268268,-0.105905730204666,-0.184900041599565,-0.107763704367779,-0.0866733955885485,-0.142115891905582,-0.198714453086175,0.464640488563781,-0.135700598453486,-0.281743737012194,-0.260949092304939,0.0290826533296149,-0.275785506516364,-0.339936087598898,-0.196245290582825,0.0396666191578076,-0.187575596694693,0.0471349036912662,-0.463321571240115,0.149139109165731,0.0666064185445224,0.329084097899877,0.377162665114088,-0.285378601618017,0.329177429090125,0.0996782739730929,0.820011623294667,0.31075889819346,-0.133092168482733,-0.556439890984424,-0.0759114317543172,0.600729232627641,-0.111360102047909,0.381514545561723,-0.121673077248431,-0.0441582872020811,0.145686736201524,-0.0629711812258339,-0.332587714933063,-0.549317813723171,-0.416391797883658,-0.334913178306254,0.13987128692722,0.166130153208744,-0.0742669365818756,-0.275218291191675,-0.0777047041281977,0.331916183436879,-0.173198677700279,-0.56086780259011,-0.349992519676651,-0.178031638339994,0.136421521566241,0.13835245592161,0.335155165893348,-0.190085341971312,0.150985948347044,0.304717997825377,0.584176623339809,-0.0701210409931662,-0.0467628831031215,-0.0817132358897988,-0.131158376982993,0.365578158070402,-0.32292883674238,0.13617973146166,-0.266229201189489,0.133573270079347,-0.0671257509122436,0.417001964643877,0.104056047690093,0.337438380570901,-0.227584290712943,0.135064193220054,-0.230187871476635,-0.10872456160481,-0.463202643901494,0.229962200929852,0.426409574599799,0.413010040831303,0.0520030759772897,0.0398375468559048,0.233471629916061,-0.190622001494998,0.158989226426749,0.20801209508047
"曾祖父-曾孙女",0.264462862798867,-0.0887791832777956,-0.338415515030096,-0.31852774653891,0.274291042949825,0.823431689117571,0.287133217921584,-0.379823900020305,-0.180550696520905,0.306646833886331,-0.454904927998219,-0.0361911447587487,-0.199271139591612,-0.286584424735539,-0.0925954270766939,0.340130253941445,0.823562187931525,0.192702099910361,1,0.331903892916152,-0.17135071377411,-0.292428625621152,-0.438992264627719,-0.286924858693533,0.218877392928091,-0.493890229770143,-0.496649666806518,-0.49336210603777,0.283064051376277,-0.168366530829701,0.234615281353389,-0.347243893858396,-0.479267445110922,-0.499211648596585,-0.257384149897991,0.0279006527212726,-0.0505712537127488,-0.041421477025846,-0.106073757987267,-0.0578575731321415,-0.00646024007309732,0.272233106190664,-0.36689544699631,-0.324410539641013,0.103412383400629,0.226699838325041,-0.00495323261535461,-0.1619981568982,0.12125124201376,-0.508769255746352,0.462208717450285,0.463030381640214,-0.448249685199799,-0.477938264717958,-0.0583863851865884,0.119495900339554,-0.277258692524892,-0.209813440794106,0.270705339771487,-0.206936795408191,0.10056975263817,0.297269869354825,-0.310340066916498,-0.21640470869781,0.292582993695984,-0.110620434523423,-0.342448462627351,-0.480714214577352,-0.345144495322642,0.276375814165181,-0.184689982820657,-0.246325223836209,-0.169710579484714,-0.487452710680279,-0.289673445878481,-0.362169647239829,-0.38122571937597,-0.213261012278818,-0.26783618841627,-0.0982964736979131,0.414662153029187,0.0196276824495055,0.268264757667901,-0.208029673031754,0.276965113489842,-0.184888345345574,0.104301533229605,0.416899585276371,0.310157024180423,0.600816404326202,0.000461246592540974,0.141204782573671,-0.221846955996871,-0.155799007711258,0.223406911144405,-0.161358145132799,0.22427385517506,0.260814198677442,-0.0534731309354649,-0.459018770793483,-0.091777891888586,-0.100083678777985,-0.0959929841343345,0.088594661096766,-0.037871484798063,-0.168844528451535,0.267970895408351,0.0323908223152338,-0.209042645869287,-0.0440112201145045,-0.0477448662460506,0.267056614966316,0.120854216468574,0.4190330440372,0.406147976819565,-0.0961247548216436,0.143685247381425,-0.104127373020129,-0.0119767227344143,-0.272672648669024,0.236707269132513,-0.0718646812331443,-0.356517293927019,-0.0726595580298745,-0.483032487419246,0.161977828614017,0.029472028393069,-0.196275591862162,0.354614203095367,0.199507496570983,0.329707136077485,-0.210626900571232,-0.304591121525733,-0.496010360965406,0.347001798474745,0.612257262656472,-0.394435466827544,-0.48597406954652,0.801034743051728,0.257676434918248,0.11314046673911,0.820306801183074
"曾祖母-曾孙子",-0.119388971496476,0.0766567873826459,-0.460938732215787,-0.0739507201069348,0.018008684374781,0.119680279549952,-0.407234024180739,0.00120959125166645,-0.201976911092601,0.0644825278384545,-0.130969596708087,-0.137588218011743,-0.237541858470843,-0.288476168971327,-0.27835828779718,0.282134312928484,0.535571174246751,0.224742781264774,0.331903892916152,1,0.030569068629426,-0.134506285603973,-0.227110053499004,-0.297222399671008,0.0699087622481699,-0.140512993063087,-0.145688974115771,0.148622072693115,-0.408224443650356,-0.186077652744574,0.0641467153787365,-0.287214753565918,0.164422965070441,-0.0824512114155808,0.341810046127033,-0.184381593333016,-0.0967159522087576,-0.157068859844729,-0.290838042461674,-0.163518984174737,-0.278302635120378,-0.117751351933191,0.204731809967589,-0.0720941889412037,-0.174304960818279,0.333436712055978,-0.284444003405969,-0.386782506400523,-0.171880158112272,-0.0743988716086224,-0.179969304365334,-0.180843102059666,-0.247675506997581,-0.144940975475499,0.0217096163024517,0.122123709299506,-0.287694531791728,0.129031514024091,-0.0443395300387305,0.133148306349309,0.1917474632829,0.0650118393263333,-0.0369070977493512,-0.222442517579944,0.0676385265952837,-0.283424229067214,-0.266102645089741,0.152295424006827,-0.28361874465405,0.282070045452538,0.00436511738615393,0.352753205537888,0.00642186013333096,0.165189761840589,-0.136787227318336,0.20097498138458,-0.333897442842908,-0.062882171913855,-0.202252537177577,-0.284254866344226,0.364143446526525,-0.563205196325494,0.407847837631137,0.520153879314,0.0180701401784022,-0.180299464973172,0.169961730269267,0.419555404550557,0.0744673205544177,-0.0266207868294289,-0.279553952832092,-0.325802506952553,-0.25122421646628,-0.384855304538016,0.327724960206418,-0.17038147755278,-0.0999953348933922,0.280153323064871,-0.0767259214527254,-0.264163290002899,0.414670632239673,-0.279782725980322,0.405032892910601,0.0387415236680158,-0.152579369207025,-0.194013514642639,0.278736327915948,0.435432796389865,-0.255071651375525,-0.100030744477618,0.0102796939227308,-0.0463896002598108,0.108728007529071,0.353803579824322,0.405368308365372,0.397676530270624,-0.336269288387081,0.390996232431327,-0.282643228610213,-0.216709775654826,0.335650432842125,-0.0947078776333853,-0.294312306484692,-0.108058761799665,-0.153329724841543,0.31547628613444,-0.54763052531312,-0.402978928941049,0.103952912423311,0.0791768245522327,0.0747442813848107,0.123208943686941,-0.151711994718848,-0.144204025417202,0.505567161610653,0.557816093569748,0.00932396393203689,0.154921152063942,0.515561395874784,-0.0420675376079499,0.124266672326241,0.124775668270596
"曾祖母-曾孙女",-0.0880035216733201,0.161188629798586,-0.278867731453439,0.00115751009999596,-0.0430399503148417,-0.385381258953928,-0.0901224188329344,0.767044304730795,0.505531749534749,0.220867891453509,-0.166333789169927,0.239003687334601,-0.660058263637403,0.024923322197369,0.135636148905189,-0.0114505921735224,-0.122170669795577,-0.195053641064246,-0.17135071377411,0.030569068629426,1,0.214567569940773,0.23192141298873,0.0268838614615427,0.187151812847612,0.516056503915401,0.504998923430036,-0.125577389994499,-0.0690012145088146,0.519485593138708,0.1807041691019,-0.151026006432189,-0.122790544457167,-0.478435235814984,0.127610341217646,0.0566976444989097,0.242727100170115,0.246000776788388,0.135278211344973,0.238376077133517,-0.678668727638305,-0.0824062915891786,-0.283768876512048,0.00763493502866634,-0.574036326938404,-0.101188096054982,-0.672242537265277,-0.382737327681678,-0.585288748567097,-0.462036603152735,0.170703539264077,0.165316185912834,0.214884173547184,-0.186032606585806,0.26679876888814,-0.480693266965382,0.0227553762505176,0.092451798201143,-0.0471565986889859,0.0939016720862805,0.251399488957577,0.246470432932415,0.058203573168761,0.0849312756353062,0.249181628607002,0.140995365450324,-0.140549623796153,-0.129928690267897,-0.138231872979704,0.336976409039244,0.968725462195598,0.130444323029909,0.970723444780615,-0.117408419003253,0.178687451709596,-0.279608255399636,-0.476663757698218,-0.0442080284638393,-0.356651853333924,0.131333639140504,0.158320432932945,-0.184948549808945,0.0418308268221753,0.272524110375279,0.0759167229437395,0.525854712230568,0.240996993929657,0.220148053222987,0.228354811181488,-0.543271812722433,-0.674190034149271,-0.169175289520718,-0.647651975749406,-0.392413734158107,-0.103844661534791,0.526520952559828,-0.539737814133186,0.340308098214639,0.246939967054611,0.211898147522405,-0.130680639584118,0.133792498587573,-0.150172987598594,-0.343548877637792,0.243787456244078,0.515475011218054,0.326983395204174,0.269791601154119,-0.662456621666099,0.24121808414287,0.278527488992332,-0.0468113181394243,-0.477084539753578,0.164643939766076,0.219838166882565,-0.146116033545769,-0.191059018310273,-0.142018978586083,-0.677395700132379,-0.372606371740951,-0.113065142519487,0.252724082612732,-0.135436968445568,0.225284382803568,-0.19111564787312,-0.476315668304392,-0.183088750732401,-0.123361791581097,0.282539238320789,0.389985529109854,0.27144156236356,0.0925725224658642,0.178039955531048,0.487442524829757,-0.326506761283023,-0.154755411333507,0.752405759285286,-0.134185055054448,-0.135192378088552,-0.0499421550333741,-0.480422212670392,-0.386403326992522
"高祖父-玄孙",-0.541305358696634,-0.281707218250182,0.0654491676113394,-0.180826444703366,-0.0202921567784693,-0.144732538180459,0.295537634193659,0.043512990633975,0.762933665683123,0.133081634810736,0.263658394772294,-0.429127389241216,-0.219874590479723,0.327431018210615,-0.127370973779737,-0.0457710124509729,-0.327436825127951,-0.43960175383512,-0.292428625621152,-0.134506285603973,0.214567569940773,1,0.216275076534977,0.329889090236345,0.0924972517017414,0.118226717085405,0.0906334005481125,0.178665132133594,0.309063146124106,0.776405835195156,0.0975009003350627,0.19941267844144,0.197474968168786,-0.0396092758769523,-0.0542141902121977,0.224036746319079,-0.693647563317615,-0.449969464902378,-0.14215675032612,-0.445722436188602,-0.0828300248073916,-0.534846483495166,-0.258337418959118,-0.182214863769023,0.16745188490948,-0.384107228619432,-0.0834936216736087,-0.089738115502657,0.1537860920196,-0.0648522128352236,0.152058867811455,0.149010645856799,0.182489902138371,0.240333052658483,-0.135208935634173,0.413460644891744,0.317884585509452,0.542402404828443,0.36897766761761,0.548849700308643,0.209115759765622,0.129764714535274,0.765890562459423,-0.0399185844014746,0.147841049583658,-0.136651386587517,0.214836745503189,0.183319964318597,0.194498752340146,-0.117540607921012,0.155572605607806,-0.0520294634040989,0.158725134488402,0.189201179741458,0.970237877451612,-0.253895133135669,-0.0070528547933712,-0.667159139766561,-0.494206296933091,-0.144491107814631,-0.313882564891761,0.284658030981829,-0.538345232843616,0.292867187665059,0.367179713200899,0.784978011230919,0.206132885232877,-0.540566371329752,0.140810754946449,-0.0624280933784603,-0.0879053817135328,-0.372730982751236,-0.225225302642838,-0.0880592649536251,-0.384106285865255,0.772662133318669,-0.110220582570084,-0.125633084014257,-0.696571999652556,0.183768102728443,-0.356954205166339,-0.140401846218537,-0.351060234728969,-0.471432682030934,-0.440766663990308,0.777084055313562,-0.129482404427507,-0.123848481596344,-0.21496751893185,-0.694336574275053,-0.100458661559459,0.374853148179762,0.423635785945794,-0.317372242104083,-0.556721785959801,-0.363989001384001,-0.37849880767681,-0.348909591681,-0.0771231905485092,-0.481559170912589,-0.383652342516,-0.687440959231473,0.191899214619932,-0.688309911526251,0.254532505977485,0.154562122878531,0.293906589674951,0.220617252933169,0.151481307582915,-0.088154255080439,0.13658552649962,0.543786443097381,0.955381448114056,0.0886043995882502,-0.0927786071663878,-0.327918300729539,0.0308684512391229,0.164981625171595,-0.35621083854637,0.371952999262628,0.413577868319373,-0.142225893258549
"高祖母-玄孙",-0.354310842610546,-0.324206842479288,0.173715320587144,-0.0801441115512637,-0.640562853977376,-0.315180879945395,-0.000961774307535055,0.494716131166515,0.0811337311763836,-0.590244779908703,0.305488402973669,-0.130985411557996,0.320635117078868,0.7886648420611,-0.0844801140961624,-0.301045194924704,-0.489135912410097,0.167779711634954,-0.438992264627719,-0.227110053499004,0.23192141298873,0.216275076534977,1,0.786172484613943,0.246020419512546,0.80168373207174,0.785261805362745,0.35259267730086,0.0237984150993445,0.0894960614625561,0.221412625856738,0.0881321339297551,0.36100397354365,-0.0496937330552067,0.25472450665054,0.55374071038057,0.0291886698842046,-0.14823133448383,-0.0950526365350672,-0.144647371682225,0.0892143070902106,-0.359891529211801,-0.182262018113852,-0.0761349031974996,-0.284902801077159,-0.566243255984383,0.100159223283572,-0.224806198667413,-0.298741101033256,-0.0584026710499028,-0.119035310936941,-0.121562994953956,0.970311980133725,0.303106865553735,-0.181282641505857,-0.237059521982249,0.799543019755253,0.214738451046838,-0.548240625464373,0.216001109311824,0.060622770052779,-0.582358002744081,0.299148752224949,0.150614318267768,-0.568484982138777,-0.0919717138321359,0.0934790286448242,0.332267327896233,0.0798909652610695,0.0961698601561633,0.201930734246056,0.252498441706152,0.20195562807625,0.348519773587873,0.175484421206939,-0.190270301308539,-0.0649287550463849,0.239931188126618,0.386891928263946,-0.0985396482297502,-0.376408660746361,0.205078099872772,-0.0470244475870487,0.42276581028745,0.287158276000051,0.108470876358912,0.0566774685896468,-0.253383159288514,-0.577979821044994,-0.0331526587312763,0.0893191136651565,-0.342352857594962,0.318066582330767,-0.226377387302593,-0.554486531172216,0.0834309753953468,-0.232067317002768,0.0907795668536647,0.0419774812114158,0.95424614819936,-0.449821658057648,-0.0941554059545414,-0.441960331315329,-0.115301846831318,-0.148796493553704,0.0806556727690626,0.0812872390574988,0.112510859308131,0.312287646969231,0.0286063150396279,-0.174297340205143,-0.539642127088306,-0.232514102650824,-0.387716718257173,-0.244661209714234,-0.440635946912579,-0.339346710426394,-0.435909713734886,0.0956206299313041,0.390129210973349,-0.559085563264959,0.0615146844272193,0.099423050205786,0.05019358720362,0.308810439581834,-0.137852594868261,0.218693512364823,0.277471098566651,-0.107186137241028,-0.414886109243279,-0.106538375655793,0.224960101271915,0.186317704726761,0.780170280873019,-0.240437151173814,-0.36433982033811,0.49383948515728,0.335000755953352,-0.483206443651984,-0.532534298953983,-0.226652906508321,-0.313916821254197
"外曾祖父-外曾孙",-0.338348079185236,-0.559310345019597,0.169540730428337,-0.327386123270517,-0.498860783427037,-0.0277058047977818,0.177165592069493,0.180052662791725,0.174275569264308,-0.581120795516673,0.342529149757402,-0.0857047576750212,0.387290858926778,0.983110923914964,0.0679542238769461,-0.199916716410824,-0.422609476785028,-0.100524904668933,-0.286924858693533,-0.297222399671008,0.0268838614615427,0.329889090236345,0.786172484613943,1,0.550217327054203,0.52906347837149,0.514807271971523,0.274213864490632,0.193689780946135,0.174271316885753,0.53992283026564,0.307807558292136,0.27943018936727,-0.145966817999603,0.125386265871335,0.788562513990372,-0.123457090858753,-0.0864738030583246,0.0650848186818594,-0.0965506554810012,0.365354163283624,-0.329827654574832,-0.419015789272399,-0.329151187414467,-0.0667245625462764,-0.515440363411678,0.364109349415402,-0.0661166329119196,-0.0751464509391339,-0.149317547787839,-0.0169510314919466,-0.0224789807967833,0.778382578093243,0.33795045578594,-0.496888786381601,-0.162156242391001,0.979372611473517,0.0926395966487374,-0.404043021771307,0.0942389125809914,-0.107302782727728,-0.587813075356562,0.227362112018803,-0.212805322253906,-0.5866445903323,0.0590404422453275,0.306028463479633,0.270583811953964,0.311179482498585,0.219983616791119,0.0125708981798333,0.109464284274439,0.00603344779069409,0.277210980685663,0.319055172761961,-0.415009206570651,-0.0635558338409483,0.0228690422648994,0.23290092362024,0.0601654324460812,-0.368675903032398,0.235107533796984,-0.300413432693829,0.196667980359546,0.484624836746996,0.190276048500527,-0.102947602398508,-0.429697890726392,-0.602507961755961,0.177723837678077,0.365420253449057,-0.224768330898057,0.397353278801217,-0.0589430065768519,-0.506073595659236,0.187141339251767,0.109512326241536,0.224685190926295,-0.131230478880184,0.790647076262933,-0.553490121693628,0.0662826392368475,-0.531508877820665,-0.24888967744551,-0.0816031317294292,0.181058511802368,0.226552560253458,0.11534856648402,0.389660819473664,-0.113037846272134,-0.491990308282704,-0.397040330856928,-0.148464667333659,-0.357774560936015,-0.43569736747236,-0.553291261938165,-0.236388068383525,-0.541267789413051,0.359658510945168,0.238440341941482,-0.522050497663017,-0.115123545063613,0.314255922472267,-0.111541085302346,0.352522513071251,-0.242908296939421,0.2418355878527,0.107784847120402,-0.120148166855018,-0.642425933356425,-0.0995440507253179,0.10006491572066,0.322826617793659,0.510833307500012,-0.352812610523348,-0.472172705508568,0.191539562444792,0.26667559253711,-0.431318775932862,-0.407967623754369,-0.161203547725616,-0.0279158521827961
"外曾祖母-外曾孙",-0.0751566136616007,-0.412709542482185,-0.309381171177033,-0.53552679164155,-0.0176445475628262,0.206231910052022,0.0891397282484755,0.0791255252112059,0.220476108701764,-0.286136508482525,0.0387434725881862,0.264045087434923,0.0153447461456235,0.54456515254714,0.270943266821174,-0.0531219536265428,0.100670281537884,-0.452518383549979,0.218877392928091,0.0699087622481699,0.187151812847612,0.0924972517017414,0.246020419512546,0.550217327054203,1,0.0836765766312846,0.0662084832525577,0.0347665056296875,0.0875883429795936,0.21731102477619,0.977154057822519,0.18850310323253,0.0382693574024138,-0.58344124624679,0.181891664358971,0.791972475189545,0.0903129742183154,0.263938986346123,0.267992010295917,0.257043368470343,0.191375999304909,-0.0733313893413545,-0.554976454785943,-0.53939197299728,-0.118130925616226,0.106075691704785,0.200519958738079,-0.269330658271986,-0.119842085221184,-0.578340189513397,0.224056251028024,0.222074071736915,0.231034218360902,0.0293681942078787,-0.620956315404938,-0.432228248356408,0.548920394461854,-0.100737574153477,-0.279237741095757,-0.109722965871193,-0.0120535294835589,-0.291451959567833,-0.122299971922143,-0.700822688722013,-0.297119023906096,0.267703988254905,0.197488390948592,0.0434436101933066,0.20388001732509,0.804219932330476,0.168330085896848,0.172981984030768,0.1595595207718,0.0231603263844661,0.0949224104523597,-0.55467066804803,-0.514562093476667,-0.07322203242822,-0.147775855543735,0.267182916792921,-0.0709515941035921,-0.248382928345413,-0.353265080668344,-0.0845784958001153,0.438239793294428,0.204794367665865,-0.00863797053596974,-0.224937823119112,-0.316159938506246,0.0539964545251821,0.177388428060522,-0.132414719239248,0.0115954888980976,-0.268242397327176,0.110562756882406,0.207325226526993,0.355780056163325,0.788219082666469,0.077613740852414,0.234466199411482,-0.264790839081748,0.265501369609558,-0.250302031019242,-0.306588680686941,0.267967080411535,0.205852983527984,0.809992836146768,0.540911253720225,0.0126013557843439,0.0968583793717327,-0.621074218308621,-0.276557560045891,-0.416030029262024,-0.0464014233116025,-0.214896624973369,-0.266397067201703,-0.133230368520383,-0.249002264437211,0.186061943971988,-0.144569013228143,0.0888231710571412,0.093624075849655,0.198344918593315,0.0933075283522309,0.0276457099766157,-0.492580403805759,-0.230826935465139,-0.518013290921632,0.215643634971783,-0.463493538342529,0.20501494302436,-0.111669975487837,0.0834259802992977,0.0646143253767633,-0.347296578633385,-0.166800215117577,0.0840047985592519,0.0238431429905897,0.0776137801435148,-0.292084873672832,-0.437349384182037,0.203795012635308
"祖先-后代",-0.300716811604079,-0.048479816295039,0.0509792417024191,0.125805843920916,-0.577605223313896,-0.490225367978053,-0.142383993593466,0.770009397947119,0.047153830978348,-0.438172140630304,0.13430110411454,-0.0383833957082919,0.0454563128477354,0.535863481984933,-0.143921159121261,-0.379635458113877,-0.394257667441983,0.238046859562659,-0.493890229770143,-0.140512993063087,0.516056503915401,0.118226717085405,0.80168373207174,0.52906347837149,0.0836765766312846,1,0.973570849164791,0.307111724422419,-0.123616053299913,0.0603545460673974,0.0681739339070461,-0.0963540838771771,0.306291184947846,-0.103650046886725,0.36620682218939,0.236690638339387,0.225662168185839,-0.056802029823137,-0.150303110281105,-0.052277754842082,-0.245972362498843,-0.315406863042116,-0.0788561300499425,0.13069316223349,-0.51263801079918,-0.46707301525132,-0.229353857071062,-0.378112425283817,-0.513443796109183,-0.0976177814623154,-0.126658441567548,-0.128411989126482,0.8031843974273,0.13441902425767,0.129938187740733,-0.34477311083987,0.536946033997224,0.292379750344183,-0.545727783999238,0.289866950280878,0.21568291056166,-0.438607965872137,0.223860401606485,0.311750594714962,-0.429549181734591,-0.143610579633451,-0.0852840393561435,0.29527829324662,-0.0972386004324638,0.104597664322635,0.497334195118891,0.358085466819651,0.494156409112195,0.299226017421321,0.0764784177835449,-0.0756833019087208,-0.246612742162944,0.352791220460205,0.335504531236634,-0.161853869556014,-0.272862378160565,0.0547618961123755,0.144889483913562,0.489430232073714,0.0664900160280388,0.0726278812832997,0.227095282521571,-0.0485843686941744,-0.43701179280308,-0.342066065086764,-0.237184257012002,-0.403153758040631,0.060881748180049,-0.376040774502751,-0.458680879565816,0.0506874340536407,-0.540920570480147,0.0959350362809486,0.22388306095072,0.798302504513305,-0.240774300332892,-0.152184922068543,-0.229870585579752,-0.0405839048341223,-0.0516730936146798,0.048161180695576,0.0883979932571173,0.247413946056318,0.0509395210522994,0.228778683934849,0.145347193831838,-0.537411081256738,-0.338349988378612,-0.275917468985195,-0.0430908800362863,-0.228362551959796,-0.40582472000804,-0.2202609158355,-0.224942600897018,0.335758258087457,-0.462048682030973,0.25175353519567,-0.0806362329034458,0.2383354139602,0.138132805319202,-0.196332461968752,0.0634297402688075,0.259622465023672,0.0257733851208257,-0.11465174471225,0.0274851719941684,0.292397085901009,0.083228028125492,0.95320549760931,-0.175093881263567,-0.203424545615823,0.755671935645813,0.292772144142703,-0.385828804614476,-0.533192909493307,-0.339579341922406,-0.494887636605132
"伯父-侄子",-0.28349118541225,-0.0168090798908966,0.0607089305489727,0.156274457424287,-0.570737930904906,-0.499856064254228,-0.138694085398136,0.767982635852671,0.0326647428576326,-0.431256839454351,0.0969406235842085,-0.0644668136057823,0.028520818588597,0.520039505042844,-0.180425857702642,-0.391448482739212,-0.381561045676051,0.236309856597003,-0.496649666806518,-0.145688974115771,0.504998923430036,0.0906334005481125,0.785261805362745,0.514807271971523,0.0662084832525577,0.973570849164791,1,0.313717747614396,-0.11963107527429,0.041277516126353,0.0584030963102377,-0.109658632569013,0.297904596789084,-0.0976124386977653,0.372482078842729,0.219653993891597,0.229405647640466,-0.0575935348672173,-0.173602927148058,-0.0562889651001765,-0.260310716150345,-0.298557908661282,-0.0612889453770702,0.162063047242699,-0.510165159403341,-0.45992031287033,-0.255313579878671,-0.391565184647715,-0.515456343683594,-0.0937875948100635,-0.116318574102605,-0.132964916971283,0.795273105944124,0.116183949316625,0.148296383687251,-0.350536246072647,0.519434281301414,0.306828462247947,-0.555961416480566,0.304013085131008,0.22787472795941,-0.420068224711581,0.227620541127227,0.336384846440358,-0.412274281861245,-0.167963142668055,-0.112313629510706,0.280765908553649,-0.107138026054837,0.0961277769015052,0.500204887340246,0.360874671186152,0.500707620321515,0.297090834549553,0.0650747860149547,-0.0604244713954913,-0.244677477603897,0.367875001059457,0.33720663818987,-0.180374456420772,-0.271352422534701,0.0583646328576469,0.166283072697125,0.505105380989912,0.060528926330868,0.0546661216343303,0.229058729360152,-0.0441488830214975,-0.431657033923672,-0.356247141911277,-0.259669489277068,-0.403513256417987,0.0389171526955289,-0.383457885737002,-0.455456968531503,0.0320027879541289,-0.567424403962988,0.0821868296478066,0.225800688717325,0.782429902486121,-0.215851275536187,-0.177626996923089,-0.210188608288148,-0.0133178544947138,-0.0581656463434162,0.042267148583587,0.0874669390755428,0.25680676112048,0.0442581931758383,0.23415169968967,0.168017586297874,-0.542651062529458,-0.341442987010913,-0.269374642831258,-0.0257764813630187,-0.202467948430127,-0.404969485482733,-0.198529643226225,-0.254903980383781,0.336575438807861,-0.466757651661864,0.249782585756363,-0.104202360141054,0.238216683081751,0.111670013668133,-0.192691753358042,0.0630030401814999,0.262742283681188,0.0363608183768626,-0.0930331012046923,0.0504134869916953,0.317741786020537,0.0884294136800108,0.975210637335418,-0.144377477818683,-0.180300721496603,0.766707700070649,0.292706230130561,-0.36181154322782,-0.536726678623956,-0.337499153992147,-0.499672960368598
"伯父-侄女",-0.631323713123226,-0.052325802775704,0.00565962666713923,0.118255573174681,-0.32184216111831,-0.46019446090668,-0.618253180863233,0.115381440930079,-0.0704320392529973,-0.544201814161653,0.744651167113777,-0.0420616353889673,0.263341179140421,0.286230388090724,0.063576132678487,-0.229301196787511,-0.316441190884245,0.0381084538894284,-0.49336210603777,0.148622072693115,-0.125577389994499,0.178665132133594,0.35259267730086,0.274213864490632,0.0347665056296875,0.307111724422419,0.313717747614396,1,-0.615527106657014,-0.0589530601005093,0.0394054570040197,0.465769056195054,0.97730251856377,0.320379726927053,0.751630543456985,0.110078965014874,-0.022998626929392,-0.0547648083608732,0.0586314342904491,-0.0419588612943232,0.0587934301732228,-0.646969109695652,0.306402518096232,0.134674059443776,-0.104314986871203,-0.151487785380767,0.0658598352263818,-0.301893576302573,-0.102365515892686,0.310593049662235,-0.702563313055518,-0.704022002938154,0.35268227352502,0.769212717440575,-0.327380168048769,0.135218842920299,0.287034663551399,0.254322775771877,-0.404606983435102,0.247303697982058,-0.102608812809543,-0.556626256431333,0.311452522730122,-0.205672056441677,-0.545199729931181,0.0641466924705496,0.467015634559147,0.972026199403019,0.462282490844422,0.120068795606804,-0.131549914150588,0.754377301253321,-0.136680435797071,0.977670459781896,0.180819268644244,0.29266629680464,0.0153159577537398,0.170773410367463,0.283538671791767,0.0484493444395043,-0.323401377338066,-0.452980507853562,-0.0988278118725237,0.319716516775812,-0.308674367584517,-0.0610582062095277,-0.0975853188430792,-0.302787926446136,-0.55375301392927,-0.273953202217006,0.0565100365340099,-0.611279725241667,0.257116488948321,-0.307166128627626,-0.14263251158235,-0.0890925709381094,-0.169420602270604,0.104357104021097,-0.0214222881360813,0.342698455218154,0.116059991920915,0.0500294915252581,0.126585135619068,-0.194604933798447,-0.0541538579114407,-0.0757722781425282,0.108876965429235,0.458274280515865,0.261432429748056,-0.0233788678995916,-0.323730974356412,-0.385458317040568,0.140490989735582,-0.330284853633828,-0.302057839096695,0.123665727754232,-0.605317857670226,0.136429366916538,0.0790933348945254,0.302579107077702,-0.151405124988344,0.000110231630587585,0.458023616048623,-0.00496736736601873,0.750976581376824,0.239560983365035,-0.446768531007512,-0.233508303731734,-0.443157406738326,-0.550722889195613,-0.445380335349212,0.247008409312189,0.180081536606524,0.309582970307864,0.136235367562637,-0.115542385015504,0.119564615453589,0.972456783547382,-0.3245201737223,-0.387545839356124,0.133737305094516,-0.456626319856342
"伯母-侄子",0.245979281053679,-0.240592443312536,0.217580815074117,-0.169479583559494,0.0899589378207458,0.44076695346013,0.975764390464937,-0.169556559769741,0.238161265296168,0.309886217246952,-0.491262259434015,-0.331845618150771,-0.000642084198338834,0.181926799317651,-0.302280665736194,-0.102992897527573,0.137798338588721,-0.157749079508465,0.283064051376277,-0.408224443650356,-0.0690012145088146,0.309063146124106,0.0237984150993445,0.193689780946135,0.0875883429795936,-0.123616053299913,-0.11963107527429,-0.615527106657014,1,0.245804607521592,0.0867295096725663,-0.316987321935906,-0.607242779022433,-0.267776061035135,-0.686817342047417,0.186958043391766,-0.423902856933968,-0.327390723503305,-0.306683462693536,-0.333793825132471,0.134858268033498,0.257790096787744,-0.50802345568654,-0.184591172508118,0.290122663339859,-0.284067285694873,0.126865627509241,0.188730853240098,0.278828054365911,-0.294505441260856,0.783661082565739,0.777728422964513,0.011565134663857,-0.50629980365742,0.152872673078624,0.146628661332667,0.182828842130712,0.207095512811202,0.324394394416212,0.218142136541779,0.26622591151529,0.313820968410036,0.201551889914954,0.253264846657208,0.31825262579704,-0.311727376035578,-0.314841883209587,-0.613062501787321,-0.309443914832698,-0.223342199251639,-0.079033853946314,-0.681307110282243,-0.0710552094244264,-0.617803412507236,0.309189689631507,-0.506793239499833,-0.0344769680860509,-0.349486266631672,-0.252589749069893,-0.305619007993884,-0.138043088283284,0.802567893035152,-0.225883760888012,-0.178103532455854,0.526061604459292,0.246581819376845,0.27482186116081,-0.253406845773456,0.315011039093136,0.444395868736991,0.133728111324608,0.238960334606181,-0.00996116686838744,0.197756674982749,-0.283591192652524,0.244882266999246,0.170619787441661,-0.227242687152632,-0.423025897691596,0.0234260553470761,-0.44997712282024,-0.302776719675919,-0.456948883165594,0.130456079981266,-0.318415530298266,0.253349382337016,-0.221316655476989,-0.460716392558741,0.0126322695810587,-0.416542750239113,0.182245673886586,0.321764914747509,0.155695510230305,-0.136900394668882,-0.248241479781043,-0.450612744585905,0.247418611435029,-0.4444191968963,0.115189070873223,-0.24611004282058,-0.273678893805115,-0.430990248879434,-0.31197424891511,-0.422957573183819,-0.498223890516965,-0.0271839837173117,0.802286249336842,0.586870774704299,0.565635987930391,0.167086634298375,0.554285321495322,0.230077416351557,0.317142199877589,-0.12500370912586,-0.0444018734400118,-0.0630039321942196,-0.171470481664688,-0.620878780758786,0.140084515838713,0.323546166925221,0.151028564437962,0.427230810617812
"伯母-侄女",-0.356955377602343,-0.18061338985798,-0.0877489419571791,-0.27406475884984,0.153336973807186,-0.135475670871593,0.241289741477127,0.188543058370302,0.97261877486115,0.333552915486577,0.154886904444051,-0.0909596092667974,-0.522918763927569,0.180341483256966,0.20482960047396,0.169749110234472,-0.314553317830135,-0.5633348349487,-0.168366530829701,-0.186077652744574,0.519485593138708,0.776405835195156,0.0894960614625561,0.174271316885753,0.21731102477619,0.0603545460673974,0.041277516126353,-0.0589530601005093,0.245804607521592,1,0.221002639587445,0.24184049030189,-0.0577578512065631,-0.31157252120685,-0.143164098088395,0.276138855145957,-0.397894257812483,-0.0893087177306854,0.202205350994389,-0.0974187714929455,-0.274049766478362,-0.355356280252844,-0.418857054157858,-0.282926025021951,-0.0222666336932062,-0.234637834518369,-0.269318081183436,-0.0892045336079316,-0.0294640625338421,-0.324960131067066,0.241991813783387,0.234035878875319,0.0640358436732461,0.148544394466692,-0.136320089594583,0.0926540296458672,0.173098607345023,0.213085803963148,0.441702913537807,0.206144275170805,0.0797938856558044,0.335817090276485,0.480027216115079,-0.151016672657145,0.3394394453705,0.205643586787338,0.251167571198688,-0.0516948336720525,0.243145118024762,0.115932852253395,0.484155463177838,-0.139150944678445,0.487608865850977,-0.0668524951414317,0.758368204129511,-0.409462826191428,-0.127995227733555,-0.669186206719111,-0.661459808150349,0.200903571090254,-0.0438684645846054,0.137555404807048,-0.534076380931838,0.0987598072054452,0.360759208873009,0.97290024029043,0.0863149535304461,-0.300637918948344,0.32618621814485,-0.180053193906598,-0.287807128188295,-0.146692037426338,-0.536502705332691,-0.0919332549045435,-0.236720269472884,0.952276759148166,-0.141641969382176,0.094720791522278,-0.40926848716218,0.0595782747648646,-0.426607881356354,0.192359336282259,-0.43220528020868,-0.654934907935163,-0.0999517703203519,0.968876966091382,0.101186295116743,-0.0999769183650318,-0.513168180240759,-0.399634806074314,-0.103164923782907,0.452342394543932,0.111424563107897,-0.030228522854272,-0.292449219836627,-0.432627322397794,-0.144640894055841,-0.419847446716098,-0.263881499474415,-0.654654243060279,-0.229923946943627,-0.391390315349308,0.241640545585953,-0.405804380326594,0.148896196177222,-0.194897199361664,0.152741368438909,-0.0307352775552692,0.141051022404861,0.131212094518887,0.124723566791762,0.209872993198246,0.754460094237007,0.0362132121209934,-0.382975966984529,-0.406174711279812,0.16150383869413,-0.0759701285100495,-0.33593544998144,0.442341413932237,0.0916872262770169,-0.134392007050465
"叔父-侄子",-0.0829142432067596,-0.406596360660792,-0.311839947570236,-0.535904949933524,-0.0088944080920256,0.22078671375336,0.0903372568342469,0.0747583987660078,0.22530392818603,-0.284910150965964,0.0336855546274273,0.25291389290119,-0.00367658308997237,0.533249640756664,0.268110153155951,-0.0609093543837565,0.104430705758254,-0.451191744754733,0.234615281353389,0.0641467153787365,0.1807041691019,0.0975009003350627,0.221412625856738,0.53992283026564,0.977154057822519,0.0681739339070461,0.0584030963102377,0.0394054570040197,0.0867295096725663,0.221002639587445,1,0.206945857776915,0.0458214394965799,-0.598291077255158,0.195392024037266,0.789655500363512,0.0889981410229676,0.259029598348336,0.272622241222412,0.245862222392949,0.191148374597735,-0.081069767263422,-0.561659945831246,-0.539376631694726,-0.112855606369534,0.110233476609798,0.192016162171183,-0.279991792135572,-0.108039371081747,-0.596129888450582,0.241303795409385,0.237345958450249,0.223450048219085,0.0338009845526087,-0.625874348569471,-0.421083858007153,0.543743975119696,-0.0973934575210797,-0.27727969050134,-0.105981314592822,0.00137683123743542,-0.287427702833657,-0.104791783265771,-0.714442322319367,-0.295664948804108,0.270923527510924,0.201957902266632,0.042519104080574,0.212522538584225,0.810995535379741,0.163013045372874,0.182949145207823,0.16549716471109,0.0326587205320986,0.103838229427837,-0.557808764757804,-0.520249021495805,-0.083599848459136,-0.149374649711164,0.273321292431655,-0.0696685661745639,-0.241597140130293,-0.355721594819805,-0.0884176032250331,0.439229876472592,0.204883727624745,-0.00323797995817412,-0.223230919666937,-0.310703495783343,0.0659661901936963,0.178718335866396,-0.135977350369091,-0.00628391250535094,-0.27930927932518,0.101709357075629,0.216656276889048,0.357190592372966,0.798690229611606,0.073285334869042,0.224555093941136,-0.261492818026647,0.267415297437839,-0.250321165815345,-0.30746321546012,0.263524146655128,0.220304052025499,0.815113673487387,0.553699652035043,-0.000604134541280674,0.098060077000488,-0.627101453686049,-0.275829405336786,-0.40665996021045,-0.0489648358630008,-0.216897101018211,-0.264393920548712,-0.143558746811298,-0.256493254080546,0.185621476385769,-0.149183580495147,0.0983361000700184,0.081068298723937,0.198478534201703,0.0769517069123031,0.0276328134323029,-0.480491532557169,-0.238239222113187,-0.525565743076174,0.206350856729125,-0.468520718695559,0.200566604055449,-0.115813170977741,0.0807332089807423,0.0432545981999524,-0.34233936968973,-0.152750396784597,0.0737566440221976,0.0364195297314283,0.0916119888510285,-0.291404009671748,-0.431570546573105,0.216280282080308
"叔父-侄女",-0.313362492669087,-0.307642396604884,0.169153127464756,-0.187907573901763,-0.0967385719727494,-0.110944768024862,-0.304386127255966,-0.192900833582344,0.227141496476821,-0.199339828470921,0.766952966985652,0.451840183300282,0.196899603977269,0.318892798042347,0.734895040171503,0.296857735190826,-0.526198018486982,-0.25623895731675,-0.347243893858396,-0.287214753565918,-0.151026006432189,0.19941267844144,0.0881321339297551,0.307807558292136,0.18850310323253,-0.0963540838771771,-0.109658632569013,0.465769056195054,-0.316987321935906,0.24184049030189,0.206945857776915,1,0.465886879028222,0.149973818205541,0.0892073314122221,0.312717248927386,0.0777958537102841,0.442969781262898,0.738003924017676,0.445812608426803,0.277604591364693,-0.31187487393915,-0.150372062678928,-0.185532410473044,0.0110274703726266,-0.220116939996695,0.27457098102307,0.285659348878302,0.0166744766711556,0.15259177528733,-0.566577428697057,-0.563054076791739,0.0954917927685945,0.767866893330775,-0.536021697027521,0.0182809619179554,0.316082347945859,-0.415845866008685,0.0281115954754405,-0.418916325655533,-0.726047259692899,-0.222290097366104,-0.102913173654857,-0.491124577532618,-0.226461293415275,0.737198942774385,0.972406234977978,0.470758198597842,0.97856810923806,0.00204693853564434,-0.148210430534709,0.0863761509706953,-0.151519228390584,0.454961864380833,0.205409992003683,-0.135218143477391,0.28306111624225,-0.0513573368620715,0.0190932543553412,0.734817591347553,0.058130043526878,-0.250419913950364,-0.330668377404915,-0.275333799588345,-0.114894472485939,0.23129161053815,-0.715299289051636,-0.24535011268365,-0.223618815737717,0.0341472596707133,0.265374636789799,0.00631226634630539,0.177187646642218,0.27457921337189,-0.231394681408647,0.211420696505568,0.198559093988492,-0.0113993647645666,0.0501572879662478,0.100593554772615,-0.288088615168268,0.725114802790324,-0.267506614961901,-0.571516431474111,0.440081688088854,0.237056665615382,-0.00232014907988698,-0.0400302830274869,0.193753281196467,0.0743100498960747,-0.530923029171469,0.0443952280542753,0.0398298797474961,0.0753194865552645,-0.248252440697481,-0.285285156271769,0.0101871248660903,-0.276412315277702,0.290184100396942,0.0261727951846733,-0.229025926254389,0.0669242899870177,0.969441805188069,0.0740743734321605,0.771580092781058,-0.237072784628866,-0.246401389759586,-0.299407073159201,-0.710038610870906,-0.492727364626115,-0.701363777049596,-0.431800104581277,0.195753840801204,-0.108382458850621,-0.487102269875714,-0.63820637173762,-0.201619184450541,0.458720805204307,-0.544152282468299,0.0231150566644274,0.0127616324014718,-0.100708041330075
"叔母-侄子",-0.649479292600959,-0.0842097624293051,-0.00157684402201292,0.0926906993442788,-0.339199374581745,-0.439752258551396,-0.608371161257524,0.110942269321131,-0.0634931589635657,-0.536784910985738,0.755127891911407,-0.038657687423008,0.270990096200651,0.2888693384612,0.075352170854728,-0.21433873785835,-0.314678237111742,0.0481673094101823,-0.479267445110922,0.164422965070441,-0.122790544457167,0.197474968168786,0.36100397354365,0.27943018936727,0.0382693574024138,0.306291184947846,0.297904596789084,0.97730251856377,-0.607242779022433,-0.0577578512065631,0.0458214394965799,0.465886879028222,1,0.316152230527328,0.743343465317124,0.117744484582348,-0.0314191291582613,-0.0654185171851935,0.057884306695078,-0.0538388396983616,0.067780561974401,-0.653670344772239,0.294525880115809,0.112522187151937,-0.100475251129602,-0.170411827594436,0.0753033307278754,-0.302009844174498,-0.101699990449916,0.296666072857836,-0.693737912020514,-0.689264073701356,0.359924480615097,0.766154485148568,-0.33333712684055,0.151903250508694,0.297170012919111,0.261700293761977,-0.386493413385837,0.25828458141765,-0.101176229396973,-0.554188741461666,0.326940101940444,-0.214321186950607,-0.540996620821483,0.0633459276251929,0.468897518733938,0.970682433499004,0.454311997705415,0.113891835062979,-0.141314244726904,0.747869214122872,-0.144003166868345,0.974544301444506,0.191181087625369,0.274320410946451,0.00575029902629434,0.159689626707025,0.277528461867451,0.0461695048853489,-0.3153749223449,-0.443669660899718,-0.0949756553329348,0.320623634503123,-0.288764955934125,-0.0589398470087434,-0.0991191417391457,-0.294799178648101,-0.543687993037618,-0.254321412919391,0.0668613812084922,-0.620955722845316,0.253926145265624,-0.320392422621692,-0.16920965101046,-0.0832688968067114,-0.156079275677513,0.103145453811833,-0.0339779703794003,0.341811747600533,0.103198383522486,0.0527258542011798,0.111880014254768,-0.212301084816564,-0.0628955664194085,-0.0705852010142641,0.107755676630235,0.451090670810307,0.270613557256639,-0.0329968191719323,-0.332680319133473,-0.378748180343941,0.156878139381182,-0.329836137087666,-0.30799102543784,0.106998860650211,-0.611917750430443,0.117041787258106,0.0891975508381034,0.289195012005692,-0.170414454641099,-0.0203936034383876,0.451489205536174,-0.0228119773375001,0.75279974047682,0.251639779567302,-0.44285721146308,-0.226412346502775,-0.442613718812713,-0.554296549211739,-0.452751595238528,0.245436456019088,0.182051495467888,0.296993765754253,0.138012621411673,-0.11552235847056,0.106304645876544,0.973570517431188,-0.326308259772103,-0.373430860534457,0.153019060651099,-0.429154209161707
"叔母-侄女",0.0703064078336892,0.13736722209887,0.351030987043568,0.361814853409513,-0.0525940047608814,-0.366920852754862,-0.269090043161817,-0.268829084651534,-0.297063540737995,-0.16377733182351,0.290000468107995,-0.218562627516179,0.434578098664116,-0.14306632749784,-0.167324535212059,-0.111104162044398,-0.380307736252727,0.146396560699597,-0.499211648596585,-0.0824512114155808,-0.478435235814984,-0.0396092758769523,-0.0496937330552067,-0.145966817999603,-0.58344124624679,-0.103650046886725,-0.0976124386977653,0.320379726927053,-0.267776061035135,-0.31157252120685,-0.598291077255158,0.149973818205541,0.316152230527328,1,0.000690166631113088,-0.424499247714679,-0.171120158019008,-0.22414614971943,-0.183239501673017,-0.206330035933619,0.281195421566114,0.0686291491822298,0.760958428017251,0.353902452004294,0.321646281517792,0.0712095607511803,0.294133983706138,0.545851014578252,0.330708275139802,0.977952018378873,-0.543214312846269,-0.537720135113564,-0.0509427424071917,0.305572615925151,0.101432718484733,0.328553308741288,-0.150640741357987,0.0427811458689588,-0.0103132260145651,0.0395181075533324,-0.244567021721096,-0.173241126866948,0.0894810717668607,0.266706155661908,-0.168967083196136,-0.175062826255874,0.128973387934396,0.302720028041103,0.133347161165345,-0.629010541158613,-0.485523132484138,-0.0218378486543403,-0.481074146961495,0.307469974741616,-0.0337001532770622,0.768746297986278,0.798637309963245,0.135519382194443,0.342819566574435,-0.182571306583822,-0.20517161463462,0.0432241307427462,-0.0136307518329659,0.0237179428912746,-0.397585200461988,-0.310132718266593,-0.23427277164728,-0.204683985563326,-0.162195038528046,-0.127040956941662,0.279186746988438,0.205040808693385,0.437443779580212,0.536690810819758,0.0874116859639628,-0.33004872554818,0.0850520320199368,-0.631865174283483,-0.155463377687387,-0.0561153844016825,0.444049899787059,-0.179964865993353,0.453643482403717,0.351533882567094,-0.236094115272901,-0.314923764937056,-0.621542625329525,-0.345529933311995,0.441242346269219,-0.172323137226326,0.096089386468262,-0.00959660683688684,0.308337639209066,-0.213941674789824,-0.210591797811671,0.465835148189104,0.211256539265313,0.478939002194785,0.284628004146156,0.355155254371147,0.0714576738287466,-0.16357390314952,0.131222300765136,-0.153740559504945,0.304936987072719,0.302778036309695,0.0436804324562999,0.256994286695434,-0.463273227452639,-0.140683899700795,-0.473655145574805,0.0351558656679426,-0.0318865336302961,-0.097881797729144,0.130751463968236,-0.19139130197822,-0.266195999039009,0.303628292233076,-0.374302747244459,-0.00385514617112602,0.323157383531927,-0.361962806653792
"姑父-侄子",-0.53142867291695,0.128781131998287,-0.285388803278533,0.0906383950183911,-0.201010048805644,-0.457870328103706,-0.678847772742842,0.309139868874049,-0.138259277539213,-0.517403801447143,0.440013098629787,-0.0119711208954587,0.0495284935848474,0.125828647017742,-0.0405213499443496,-0.354675504212566,-0.0301603303361762,0.0311287898440266,-0.257384149897991,0.341810046127033,0.127610341217646,-0.0542141902121977,0.25472450665054,0.125386265871335,0.181891664358971,0.36620682218939,0.372482078842729,0.751630543456985,-0.686817342047417,-0.143164098088395,0.195392024037266,0.0892073314122221,0.743343465317124,0.000690166631113088,1,0.0962945006953143,0.224497741253978,-0.0101778698374734,-0.0349733330871327,-0.0192159168867089,-0.106568485668872,-0.537444331984309,0.308108962397743,0.10948027083208,-0.243763689285449,0.160971131111848,-0.106861214038403,-0.61517877967828,-0.242196338600646,-0.00230753857003831,-0.436129847667316,-0.434395989228405,0.274267429341445,0.45965251130572,-0.239271249866077,-0.114331495512943,0.121840823275033,0.303630546524242,-0.504887212572676,0.293517582843884,0.240896295926999,-0.519122166087109,0.219422989688003,-0.223478719882194,-0.520354000452717,-0.0355077875436477,0.0842313383937006,0.74710657462518,0.0943223039599703,0.484271627510731,0.13259692085048,0.971761617501047,0.128806332540546,0.752349248931351,-0.0513682539866774,0.292911114848902,-0.332426911546481,0.270207302845502,0.256209508324937,-0.0403667051255633,-0.320136712866216,-0.607337184172352,-0.00907860694304494,0.319444137811371,-0.33468683437511,-0.145321811480162,0.238376049457589,-0.0960777203964651,-0.532180850504787,-0.446869600065605,-0.106392655922738,-0.637479896256606,0.0608604547768103,-0.61400078406928,0.160808769463391,-0.135796144608433,-0.202326900989777,0.487886151979383,0.219058858941756,0.26312466258626,0.299483565814158,-0.0320064707410895,0.300457429022101,-0.0695057524555263,-0.0156799700805798,-0.144477693423323,0.486737385378083,0.769948784814023,0.0497423318792999,0.230675418231254,-0.255487116250965,-0.509278046702225,-0.117629138411287,-0.322870390862467,-0.114447693399649,0.290618270287663,-0.661268741265738,0.293399199492048,-0.10072867009575,0.256952158844758,0.143804060579571,0.224404477529785,0.0895678431133374,0.220034653705321,0.441024889917644,0.152899539878067,-0.618634453057833,-0.454613927590727,-0.136316540566588,-0.334224916017568,-0.123180860671491,0.271618401483893,-0.0622802710283208,0.356670751471014,0.223167190323241,0.22684965407598,0.316482750225849,0.756578713916869,-0.0351236218438175,-0.510341146135958,-0.122015654085228,-0.451809055816581
"姑父-侄女",-0.21985057750236,-0.57422768813253,-0.0457204520316839,-0.543809520075679,-0.236455690378834,0.168828978350203,0.175591218941762,0.015659519236203,0.274191114392128,-0.476503328794757,0.267226050462691,0.059396688103742,0.242376753928597,0.788318567395653,0.251920826397195,-0.03750100495512,-0.229320797145441,-0.30238525053652,0.0279006527212726,-0.184381593333016,0.0566976444989097,0.224036746319079,0.55374071038057,0.788562513990372,0.791972475189545,0.236690638339387,0.219653993891597,0.110078965014874,0.186958043391766,0.276138855145957,0.789655500363512,0.312717248927386,0.117744484582348,-0.424499247714679,0.0962945006953143,1,-0.053868635772015,0.0680504368735836,0.257365090360112,0.0568493127242932,0.41094198658871,-0.221639972614682,-0.534695341330326,-0.541572419705416,0.00873845116966433,-0.221169991572864,0.400991444164067,-0.124977414825269,0.00431929458030258,-0.420713450883303,0.160038661063671,0.154519501505255,0.548320963292388,0.268971241048728,-0.709403973700076,-0.263334561626249,0.806065679182616,-0.081783398579072,-0.297107939975679,-0.0866067145860213,-0.114185140920687,-0.462731133366756,0.0895435480870307,-0.510804598028497,-0.466081138606953,0.25930896056869,0.328676766574072,0.106397593042892,0.328277048502185,0.540810888776586,0.0369345386456097,0.102485149195399,0.0304631121456926,0.108128732167931,0.228648797387453,-0.534197690043025,-0.204320219886917,-0.103057656750167,0.0467481481088873,0.264374208450299,-0.223755283596012,0.0812176388645569,-0.425714004294419,-0.0213804863663968,0.574559986138606,0.274907645779549,-0.135219553629652,-0.372601120964702,-0.485045672334899,0.233232421104851,0.379132213893948,-0.113777134101208,0.225730164880254,-0.124468572771526,-0.222340067306193,0.256241382136308,0.343690682212166,0.531680290596348,-0.0540815660025554,0.540249969690611,-0.531588775763151,0.249172793629291,-0.519276967291253,-0.363247060094647,0.0568789263434878,0.260035918060157,0.524874049456459,0.225991626352264,0.218363913981887,-0.0519797646692255,-0.700530866259443,-0.274525351805162,-0.252921492714863,-0.215135758105397,-0.352647787318224,-0.531771773887554,-0.104306458850484,-0.527186193681417,0.390033929339717,0.0502731870223863,-0.215554534004903,-0.0405767703401436,0.321032990075796,-0.05437477652103,0.267045571819275,-0.361860424266848,0.0861386964549242,-0.21871799980612,-0.0120997251902814,-0.615329914682788,-0.0263668902493267,-0.0849970538615261,0.209022846435491,0.213099741370042,-0.443663146358367,-0.385827118059706,0.010143909825775,0.0945637147653184,-0.24773179591367,-0.294695499855211,-0.271708631863022,0.165783594976103
"姑母-侄子",0.269341922199687,0.176782784687858,-0.150410851666914,0.0647077552030752,-0.15928853572536,-0.224102463378118,-0.416742037385717,0.336119039342134,-0.403086750155063,-0.216826291430275,-0.0206588600216724,0.759229937930008,0.106579469332058,-0.111789058355788,0.472670599220517,-0.0876495373864677,-0.0504088666979336,0.138559310336147,-0.0505712537127488,-0.0967159522087576,0.242727100170115,-0.693647563317615,0.0291886698842046,-0.123457090858753,0.0903129742183154,0.225662168185839,0.229405647640466,-0.022998626929392,-0.423902856933968,-0.397894257812483,0.0889981410229676,0.0777958537102841,-0.0314191291582613,-0.171120158019008,0.224497741253978,-0.053868635772015,1,0.759240365842358,0.485536825744587,0.754485055476754,-0.0413439931095045,0.265672827418645,0.0808336004981651,0.0645325631895539,-0.543869273040247,0.292004513267865,-0.0286962405723819,-0.0983703216406786,-0.52740986633347,-0.140181832426979,-0.222816557207098,-0.216236864429759,0.0543675604108331,-0.0253996352218309,0.031199644255831,-0.720736600816998,-0.115708121783998,-0.517905690182606,-0.486122027502937,-0.527532098306692,-0.240407822725956,-0.221531700088042,-0.675242990451076,-0.0988546791120638,-0.226973506944131,0.48661955572469,0.071392708078798,-0.00687716508542551,0.0824475081877076,0.316059708100906,0.270511895377651,0.220716148028976,0.26962263648858,-0.0279463852167431,-0.71288851140481,0.0898065515433081,-0.192176752731514,0.764676795237749,0.492141714699551,0.478299009502765,0.155973285661098,-0.423956104718433,0.273155819255757,-0.305771192765081,-0.377556300867211,-0.40647287914566,-0.220726412155863,0.36196237573907,-0.227449744349126,-0.329240282414999,-0.0240218715348706,0.157200611384082,0.111147586096764,-0.115887646034471,0.282857895264737,-0.400123166170996,-0.0111910081834192,0.310597224071089,0.973742224739251,0.0486533419391,0.208915429390155,0.482192984941706,0.213099207442829,0.0464421600599126,0.755454900683461,-0.405194721240632,0.310841537173987,0.295487323600858,0.108036123827274,0.978974684254863,0.00823183195113128,-0.490511311070097,-0.707655880031651,0.164545626134456,0.364160639339857,0.213262517078943,0.152285003965486,0.203271763021157,-0.0215678301778209,0.473229404379196,0.286921675790955,0.974130384123725,0.0902209475425049,0.97496596668174,-0.0241754114000501,-0.526253218484004,-0.428994162694746,-0.350387346394872,-0.191131892097192,0.0278859253623705,-0.171587989351179,-0.525433186631314,-0.700728301894303,0.22437233113705,-0.321867161060834,-0.0418330574543841,0.329132952764986,-0.0113874437700063,-0.0339572813567228,-0.489105380619923,-0.712996926606384,-0.226540127869235
"姑母-侄女",0.277591373376728,0.0298419460666651,-0.130075504683753,-0.0983964342111647,0.0235577794725374,-0.0874817815563819,-0.333089809801325,0.16781996834345,-0.102914793394921,0.0115110442863072,0.09976336857925,0.966823073705654,-0.0565158332632364,-0.0806314867054467,0.773380625675244,0.217737553408319,-0.112789389465663,-0.171933871382716,-0.041421477025846,-0.157068859844729,0.246000776788388,-0.449969464902378,-0.14823133448383,-0.0864738030583246,0.263938986346123,-0.056802029823137,-0.0575935348672173,-0.0547648083608732,-0.327390723503305,-0.0893087177306854,0.259029598348336,0.442969781262898,-0.0654185171851935,-0.22414614971943,-0.0101778698374734,0.0680504368735836,0.759240365842358,1,0.789243079222011,0.981095130318631,-0.056648159515954,0.28708467789771,-0.173409460553195,-0.0934641066188065,-0.440292723876434,0.225645286964947,-0.0534254849880458,0.140956748112941,-0.434047838545735,-0.189943212959079,-0.252772252417236,-0.248780167409383,-0.13778313151226,0.0951505052757032,-0.137814415690965,-0.649713720712465,-0.0811903956797218,-0.711269974970923,-0.189626258412081,-0.714056669360477,-0.53854538443672,0.0229628931329099,-0.721661990258622,-0.387507683233377,0.0171220735547057,0.791434915753289,0.440244053000893,-0.0379479727534658,0.458166103238431,0.304858474239994,0.272780993509343,-0.00207492725390305,0.263204303587912,-0.0533465836348676,-0.450014097877323,-0.1592369822857,-0.121752434415108,0.453915452631925,0.100965516695548,0.788964618875426,0.385470006810942,-0.473543678647356,0.075927523705945,-0.472755779412824,-0.291697646793615,-0.0952444495428477,-0.534220235782922,0.295282666743987,0.00922671289192169,-0.237115799132232,-0.0555076170993356,0.28699947881624,-0.0583755475542731,0.116132035440828,0.209473646473398,-0.102144442721977,0.115827528490192,0.312142987954777,0.749401611961237,-0.12928343782337,0.0510522448455596,0.784534456092672,0.0443342148124225,-0.269397352905482,0.975506262487564,-0.0989254116689736,0.305623545750441,0.184378471531372,-0.0643578705232559,0.751091856680688,-0.151481423969627,-0.189170594233983,-0.631888672156671,0.404053713213432,0.29981424899477,0.038971534468684,0.281093964414515,0.0383732592166184,-0.0509752138371684,0.0883421241753172,0.212173798046051,0.749520877108617,0.459259457865854,0.744202274471322,0.0942560402946279,-0.697910766974785,-0.473121597850607,-0.474982013915711,-0.312822578659385,-0.0114627509229739,-0.299234961412431,-0.711477281372186,-0.442259350549208,-0.0528187251458774,-0.54741966398636,-0.344258519121935,0.163606584669911,-0.0499390660532312,-0.111947984475663,-0.198678037518797,-0.646603219427997,-0.0875116818059413
"舅父-外甥",0.0017614889639676,-0.13871651291874,-0.0338881718326461,-0.250870353230534,0.0709631833738964,-0.0411668257129632,-0.304509386904465,-0.0566747132210665,0.187978099315256,-0.0101436459331136,0.456178977357958,0.79714679082717,-0.0538316963255214,0.0727941043538793,0.975473597117324,0.402643005790333,-0.355820902802948,-0.284579480267759,-0.106073757987267,-0.290838042461674,0.135278211344973,-0.14215675032612,-0.0950526365350672,0.0650848186818594,0.267992010295917,-0.150303110281105,-0.173602927148058,0.0586314342904491,-0.306683462693536,0.202205350994389,0.272622241222412,0.738003924017676,0.057884306695078,-0.183239501673017,-0.0349733330871327,0.257365090360112,0.485536825744587,0.789243079222011,1,0.795813049463198,0.1186810850935,0.013388786522435,-0.259955472448329,-0.243005613005733,-0.197785963026531,0.0462303794946449,0.126947190613726,0.250002812992095,-0.185632061184565,-0.148143698050433,-0.335077220067262,-0.3256358612077,-0.0984458476932183,0.440549261412069,-0.396876098256921,-0.367460860782432,0.0669296357064856,-0.733858124598473,0.0513614410685676,-0.727924595405548,-0.697808785840463,-0.0194279054270462,-0.486721776687232,-0.49966027481744,-0.0267955814350888,0.982535477463731,0.739522504406355,0.0781471306097784,0.747431868637441,0.229760519972804,0.161925204219447,-0.0207535580502557,0.145961810328968,0.0637247783477408,-0.147221668479466,-0.241848803006227,0.0829340130561844,0.0943888549921007,-0.0269106791858128,0.983886252256571,0.289284785692366,-0.343602794719305,-0.201343575735265,-0.51130999109889,-0.155126844071617,0.207131308654877,-0.691968496614294,0.0969028603376056,-0.0262732678151852,-0.0845446287169693,0.12367976277448,0.275228367456132,-0.0474331684936009,0.224719074021264,0.0382171324363504,0.198808385643016,0.220549674410474,0.236724624571496,0.464994113787196,-0.07112456539419,-0.229084133713299,0.977840808272668,-0.225630804699589,-0.57380059942829,0.784142037994399,0.187082997379928,0.233754673144659,-0.00861094261135564,-0.0637256563046847,0.463535856204517,-0.413685393974265,0.0490774555421646,-0.351412579066213,0.301923159513751,0.0917111629370826,-0.244944664101747,0.271878243617354,-0.239925632678048,0.129833410221425,-0.0334639167881913,0.0317841557161066,0.47388088162978,0.754066725821539,0.478442573625555,0.449772168070178,-0.559458776718165,-0.344299625150631,-0.49297994182914,-0.552522915769621,-0.170566530528756,-0.539726911421769,-0.730330472635793,-0.146513529174426,-0.162697288946209,-0.664748050863495,-0.533613395259492,-0.0686318987813065,0.057209858817039,-0.369934415953058,0.0345971757204222,-0.369128128328343,-0.0342460241478899
"舅父-外甥女",0.288686361701341,0.0348454249567708,-0.128236182303098,-0.0959858570057228,0.0215159686081783,-0.106221495593831,-0.335059279149182,0.163306637790318,-0.107291530486296,0.00780558179287207,0.117093515150238,0.972891267834008,-0.0467842049146286,-0.0891350168201193,0.784333845148534,0.219535131204828,-0.131479717148301,-0.172838702259952,-0.0578575731321415,-0.163518984174737,0.238376077133517,-0.445722436188602,-0.144647371682225,-0.0965506554810012,0.257043368470343,-0.052277754842082,-0.0562889651001765,-0.0419588612943232,-0.333793825132471,-0.0974187714929455,0.245862222392949,0.445812608426803,-0.0538388396983616,-0.206330035933619,-0.0192159168867089,0.0568493127242932,0.754485055476754,0.981095130318631,0.795813049463198,1,-0.0552913333397017,0.29228939059602,-0.153422334038897,-0.0861295956050375,-0.433638852494159,0.231539584525501,-0.0406758928134948,0.159999842453074,-0.427343750783968,-0.16887308222431,-0.268984805892407,-0.261534459452505,-0.145581906166281,0.104365784817686,-0.134135308797926,-0.650535904330806,-0.0903467701681369,-0.716855987477625,-0.187521426068431,-0.715169126617123,-0.550423520391362,0.00883560442896083,-0.726945966416444,-0.374455231415638,0.00684010830472958,0.793503895815463,0.448091798838418,-0.0305228791949395,0.456755238285043,0.289516172362518,0.270283392424913,-0.00120824232527807,0.256918780836252,-0.0476510499820375,-0.447205938058108,-0.141460276216735,-0.102631380736761,0.456525619640465,0.103209054007422,0.788204865092089,0.369668198663304,-0.472109889677437,0.0731061545985476,-0.47132635863791,-0.300074391283911,-0.090512138709354,-0.544532842011005,0.287844487397345,0.00292707817001809,-0.249577805795336,-0.0450078776237651,0.300749458574056,-0.0415209881339035,0.129049660278324,0.225813810874216,-0.104411351308083,0.122692570093712,0.294056662457251,0.746234506481472,-0.122284613824369,0.0536924415515488,0.783351851004029,0.049964164076461,-0.265889785995194,0.976027462720006,-0.107252143327262,0.293083812727997,0.166486239451877,-0.0552822468693593,0.736934546428816,-0.148209998600596,-0.188294607123299,-0.634950387818061,0.386631467325976,0.295948134487879,0.0505709492115536,0.302335098125321,0.0541678447180157,-0.0398064631596983,0.100829932372703,0.217848166890666,0.753902105092149,0.467398295294609,0.754767491466248,0.108293506803535,-0.696188485334061,-0.472963663853055,-0.473219699861331,-0.318739074221643,-0.00906825418700929,-0.313749293418011,-0.707867068137302,-0.442450665731783,-0.0479770427685397,-0.556341141862079,-0.360739089802661,0.157507795120181,-0.0507974571674579,-0.132602182774072,-0.195719565232556,-0.645232638114393,-0.102433722081467
"舅母-外甥",0.0155307352895984,-0.461911247518101,0.225620654126059,-0.310747918236764,-0.149651117119322,0.232444672720528,0.138577328503501,-0.609977230618335,-0.267079964701881,-0.4848117657902,0.268362662459745,-0.0388636419631347,0.801920705528103,0.370422248586261,0.111899410582704,-0.167064707650216,-0.203497122699389,-0.14393859874678,-0.00646024007309732,-0.278302635120378,-0.678668727638305,-0.0828300248073916,0.0892143070902106,0.365354163283624,0.191375999304909,-0.245972362498843,-0.260310716150345,0.0587934301732228,0.134858268033498,-0.274049766478362,0.191148374597735,0.277604591364693,0.067780561974401,0.281195421566114,-0.106568485668872,0.41094198658871,-0.0413439931095045,-0.056648159515954,0.1186810850935,-0.0552913333397017,1,0.0281777776788968,0.0993822496881525,-0.318896579400207,0.417777878346713,0.129474983357519,0.974324016716122,0.348285714272012,0.421613342765425,0.280504371640829,-0.045420967636743,-0.0445921863748778,0.102681695049362,0.264763194499221,-0.589835936881556,0.119608625059851,0.370295701270336,-0.181277491802565,-0.150845121454252,-0.18221377023985,-0.277348155310542,-0.499979567207877,-0.0636410837086923,-0.320641932196048,-0.50677127919241,0.116994136892006,0.277633878693239,0.06860804763918,0.274912415555237,-0.0389274294126633,-0.67666414101712,-0.102002506675438,-0.684304656346996,0.0666079026672724,-0.0765432365269078,0.106311409743553,0.408272453229755,0.147575410953998,0.511640141275331,0.1273649176584,-0.402786707414634,0.213222453964423,-0.426980545345197,-0.369924825187624,0.210309901081828,-0.271173962069818,-0.276223176303143,-0.507760327418574,-0.493115012794088,0.370711276569209,0.967639234193035,0.201028880576258,0.78175196306216,0.353315424818077,0.125153613386433,-0.268904070670662,0.785921667186804,-0.0381040248971607,-0.0516108607147619,0.095848414639125,-0.0193571051836868,0.12010742496171,-0.00305997973400956,0.0760142829869511,-0.0552364156552888,-0.270427603194726,-0.0400731278182581,-0.192566785120254,0.785100041596929,-0.0469290118078849,-0.605112297967061,-0.150920286268936,0.12123320660891,-0.406383544152268,-0.511274208047787,-0.0203853112244284,0.205944620606923,-0.025447673500238,0.963664066361044,0.506827461842244,0.129887552947158,-0.056449756174945,0.268922039471509,-0.0418716052278252,0.275141542545395,0.032632316382284,0.206796428391038,-0.0298888665487549,-0.259077699000301,-0.639077714327033,-0.253481556567437,-0.187957506440942,-0.0942186483139007,-0.264807404969168,-0.141471396593899,-0.232383586797182,-0.606776466744205,0.065577339629652,-0.20421390014595,-0.155980330202376,0.117300828460388,0.223499140776557
"舅母-外甥女",0.975084619256103,0.327221186460173,0.169601854831713,0.221321833258345,0.431671455935596,0.23876553593396,0.240767365400399,-0.146857382023768,-0.342990001648765,0.221349745918694,-0.596978437450492,0.259685185295434,-0.0183318727955021,-0.338499224538169,0.0072079823731967,0.102147964167227,0.209646918081384,0.0292716205867013,0.272233106190664,-0.117751351933191,-0.0824062915891786,-0.534846483495166,-0.359891529211801,-0.329827654574832,-0.0733313893413545,-0.315406863042116,-0.298557908661282,-0.646969109695652,0.257790096787744,-0.355356280252844,-0.081069767263422,-0.31187487393915,-0.653670344772239,0.0686291491822298,-0.537444331984309,-0.221639972614682,0.265672827418645,0.28708467789771,0.013388786522435,0.29228939059602,0.0281777776788968,1,0.0680229368990552,0.211881362384156,0.222163479540254,0.354772034448263,0.0215714989025603,0.561119967678764,0.216150008825064,0.0844419292669359,0.280197716642531,0.273774971522473,-0.362264622531804,-0.602880431753402,0.228076687236002,-0.410913173836955,-0.339401676293485,-0.455641313722322,-0.011367455511884,-0.449945374880176,-0.162506486423134,0.240570789577277,-0.615296949764626,0.0729287068719818,0.226477554509813,0.0149271338165519,-0.318560726695352,-0.649290131709707,-0.298679839937263,-0.120590285577414,-0.063904302930376,-0.533052124674021,-0.0527470510460942,-0.644866992615274,-0.522896527397739,0.0772593641028254,0.237278670871886,0.213752784393544,0.00327767086673284,0.0233234598469654,0.330151143118414,0.114660041015933,0.222353727769449,-0.440793371111771,-0.103916490119044,-0.351707335817816,-0.166947954694664,0.313559423336925,0.238204628583066,0.0886014556125733,0.0188054527519652,0.810215098287035,-0.0205773872199964,0.555927430558719,0.355683854886687,-0.344566257136731,0.23519061037929,-0.106850378343795,0.27512731147768,-0.353132668536773,0.259155122524783,0.00775207555616922,0.248133936157187,0.585002141448317,0.277752410399688,-0.348818568368668,-0.112951060273406,-0.281736675527094,-0.0346230100421148,0.255590067160883,0.21672504729944,-0.0201557068354895,-0.423857616716587,0.331320326326117,0.322494969571744,0.261462563440822,0.812915475272232,0.259042451930562,0.0030423918437499,-0.00494415829238491,0.352686228167546,0.258348084379655,-0.295585395620857,0.261486284356582,-0.590211309672904,-0.409136849691545,0.111069098608987,0.0627134993646864,0.153826573225554,0.26346107289774,0.158849213081408,-0.43542313998648,-0.515885796319346,-0.299673283856958,-0.205354036380814,-0.00234787719128803,-0.128841613028728,-0.650439407349947,0.230821444456308,-0.0158929071969659,-0.406173774228911,0.231300448813413
"姨父-外甥",0.0689274556635492,0.363071782726707,0.0216200021795471,0.390921391333922,0.0245786490480619,-0.488272553500397,-0.506025578570516,-0.0962379588904926,-0.400869350074594,-0.179709427242198,0.1113755030722,-0.1720193972743,0.255322830449817,-0.420220270631383,-0.266900261257744,-0.237996387972858,-0.145577849005788,0.146103644963575,-0.36689544699631,0.204731809967589,-0.283768876512048,-0.258337418959118,-0.182262018113852,-0.419015789272399,-0.554976454785943,-0.0788561300499425,-0.0612889453770702,0.306402518096232,-0.50802345568654,-0.418857054157858,-0.561659945831246,-0.150372062678928,0.294525880115809,0.760958428017251,0.308108962397743,-0.534695341330326,0.0808336004981651,-0.173409460553195,-0.259955472448329,-0.153422334038897,0.0993822496881525,0.0680229368990552,1,0.402606660797623,0.158034096773129,0.449412257079819,0.0932994705888548,0.173704873005492,0.155080354346683,0.776629361517645,-0.450155700039998,-0.448237241725894,-0.168592879880477,0.135097935291457,0.201122535479779,0.137855297043586,-0.42183208154635,0.13778696053591,-0.161600935925339,0.137105436527649,0.0874471277406713,-0.168975979893806,0.0676992610789453,0.242773706521227,-0.170185764848452,-0.253598305482644,-0.156784730262011,0.29090858046237,-0.160283452869156,-0.317581903236112,-0.263948700193124,0.309634114007223,-0.265463964961092,0.307519170495284,-0.243690549936731,0.974259491275281,0.496797553196007,0.294625215947687,0.374176062050574,-0.25836567262905,-0.218510320727199,-0.25359155820929,0.0887455525047276,0.0924007828577854,-0.546924629604821,-0.410920417261094,0.0693861722713858,-0.0298228784797214,-0.16605668310794,-0.395784249144527,0.0848391519108755,0.0510625591293522,0.257345434924077,0.172201202349492,0.442854568216146,-0.41395903285727,0.028178964131554,-0.309117506986478,0.101976150514495,-0.189897904264091,0.777873650165288,-0.250604793646031,0.763782485419801,0.43409376373803,-0.183924083649908,-0.418249538018174,-0.310827414396263,-0.00193104486757037,0.248259364361975,0.0723815864011129,0.169082385005511,-0.174034143832893,0.108726156498771,-0.236182363247762,-0.0291336973395774,0.773870124447713,0.047097576385591,0.767158152367907,0.0823659394023437,0.366493436220636,0.436295733380769,0.0811533426472038,-0.163835657597823,0.0814230066970274,0.124653525915905,0.326476824223638,-0.267519869764873,-0.0202416506656319,-0.245237934854976,0.0329092907306384,-0.248731195379372,0.12628084199708,-0.256497204739663,-0.0706483402441551,0.28693458099568,0.162980857095425,-0.0810614957034879,0.309720562529909,-0.121237686395633,-0.155906343449366,0.135364085613458,-0.486534447420477
"姨父-外甥女",0.214938327288168,0.83934421252032,0.61976340820946,0.979175211770912,0.356637598502176,-0.381658751536524,-0.183926938249232,0.204898958825473,-0.25472605193877,-0.0354521241249226,-0.0611246647039241,-0.118363184809814,-0.0656089002344085,-0.335844029115321,-0.259934392597711,-0.256563826420554,-0.105032858275331,0.251581837135193,-0.324410539641013,-0.0720941889412037,0.00763493502866634,-0.182214863769023,-0.0761349031974996,-0.329151187414467,-0.53939197299728,0.13069316223349,0.162063047242699,0.134674059443776,-0.184591172508118,-0.282926025021951,-0.539376631694726,-0.185532410473044,0.112522187151937,0.353902452004294,0.10948027083208,-0.541572419705416,0.0645325631895539,-0.0934641066188065,-0.243005613005733,-0.0861295956050375,-0.318896579400207,0.211881362384156,0.402606660797623,1,0.261760486938681,-0.0800422497537788,-0.339220675839874,0.0915884547099788,0.242451306650084,0.357625804774841,-0.200613330390502,-0.208041438128071,-0.0438972919053429,-0.0364669067384988,0.42311125092893,-0.00981140970657288,-0.346957944742922,0.182394386000749,-0.209758838571335,0.174375113585021,0.133175447262726,-0.0149135455690096,0.0482678098945403,0.438238074899112,-0.0190391317467609,-0.241666308579049,-0.202575134058333,0.11938645278732,-0.177803593672571,-0.382702750745457,0.0404090867196004,0.108025752256024,0.0441036261493307,0.136830990991694,-0.157310163784255,0.369993047634364,0.200322005812719,0.235161042006795,0.142336411792454,-0.252754929700433,-0.0925238681835096,-0.0127945336695529,0.266237758586994,0.0850870926013414,-0.561483694738782,-0.280947710387259,0.130793495788215,0.0811467437555133,-0.0213910734097541,-0.317563331248788,-0.325615460686396,0.0669629493260183,-0.0482983803360092,0.1059917172889,-0.0761575530685173,-0.272083592272359,-0.437851704225975,-0.364996949194389,0.0631930142381488,-0.0377259083492621,0.24588058824344,-0.253885263139525,0.235128729556483,0.551486119188847,-0.112232236639039,-0.270015985270864,-0.377184621437064,-0.0926072074984872,-0.0771434910548219,0.0548546575777703,0.419029404488094,-0.205349922814117,-0.029935866404963,-0.103649155645937,0.083929937533008,0.245278515592087,0.0643408610423045,0.244818303054772,-0.32881232320052,0.145256108860429,-0.0869173845445885,0.0735686949354142,-0.184864035130693,0.0737786072466941,-0.0497083386952243,0.162910906773263,-0.0181772962147026,0.233982357108468,-0.0381527222202589,0.16999022812041,-0.0184882925575928,0.181560812769057,-0.146622817471502,0.161025538972386,0.20353769474993,0.0861160658247499,0.212958345495676,0.129846265079306,-0.093046926558912,-0.203351448566629,-0.00687933097321158,-0.385371631103467
"姨母-外甥",0.212560064881728,0.214454833046081,0.51110425370378,0.263319584578934,0.605819214265642,0.261171969528682,0.291017186364129,-0.652110391744109,0.00466183735405012,-0.0485435228944807,0.0429802929686303,-0.442086935064633,0.196795899568025,-0.0767509891044064,-0.202224144790223,-0.0185051220138956,-0.0123821262674158,-0.17171841731429,0.103412383400629,-0.174304960818279,-0.574036326938404,0.16745188490948,-0.284902801077159,-0.0667245625462764,-0.118130925616226,-0.51263801079918,-0.510165159403341,-0.104314986871203,0.290122663339859,-0.0222666336932062,-0.112855606369534,0.0110274703726266,-0.100475251129602,0.321646281517792,-0.243763689285449,0.00873845116966433,-0.543869273040247,-0.440292723876434,-0.197785963026531,-0.433638852494159,0.417777878346713,0.222163479540254,0.158034096773129,0.261760486938681,1,0.0713384320570852,0.390004136449052,0.454339516541245,0.979922107517642,0.309803957389908,0.156868098778169,0.152414887505431,-0.275721015650447,0.055367832696779,-0.260066122899879,0.426139794666193,-0.0823561424915835,0.101301019664086,0.24455479984922,0.0968023857824129,-0.00838243773418329,-0.0436962233133216,0.235028128460258,-0.0850831628684523,-0.0552398267768136,-0.196045200727792,0.00652391325452705,-0.0984069382615912,0.0195760459020898,-0.270571719430335,-0.572905403353523,-0.240939764087524,-0.572230676863406,-0.0965419141985802,0.200840098193743,0.138707287145422,0.480666971924888,-0.422571095265339,-0.129484992686767,-0.187883011789406,-0.247557880669018,0.338399466551636,-0.364661572683558,-0.289017732190127,0.0332497843913928,-0.0290788828456696,-0.0150133050712405,-0.388747605883672,-0.039568631146133,0.32296747587614,0.383754756961655,0.353367322053295,0.184105349271483,0.476697463437322,0.0762988229702994,-0.0193144011260576,0.39650115708852,-0.259106703846481,-0.550619517792928,-0.269879290105953,0.00583768519799139,-0.200722047896999,0.00198278520403473,0.363729518392555,-0.453688102641865,-0.0156895008646279,-0.266010771614101,-0.366231802621743,0.169246142014217,-0.552858583023496,-0.264204381334448,0.242056192710045,0.408116133801345,-0.258751930958085,-0.392834872032328,-0.00386061758755451,0.354599004048016,0.00451821202742626,0.384959764932797,-0.120853630309933,0.075233735043162,-0.548976871017353,0.00802700461763763,-0.541102808819289,0.0554690911884248,0.307034512982708,0.339056319662191,0.110914436866744,-0.0105784570294141,-0.235297344125556,-0.0153556536835375,0.0984213125404166,0.17851595070967,-0.504929866477081,0.106080654650693,-0.0108111716014796,-0.645008279400257,-0.103472181150721,-0.021414556283589,0.233879364901815,0.417419783498169,0.259490934725826
"姨母-外甥女",0.349905961456499,0.237491044038042,-0.412950688800765,-0.0713672803775976,0.40595670789582,-0.0657563879771886,-0.272809770282759,-0.222803957558765,-0.220066105961685,0.0779994545374876,-0.272370102397332,0.21659963769466,-0.0143689875843646,-0.519851403497563,0.0322820357464906,-0.114619925179921,0.322709368773515,-0.343063437320749,0.226699838325041,0.333436712055978,-0.101188096054982,-0.384107228619432,-0.566243255984383,-0.515440363411678,0.106075691704785,-0.46707301525132,-0.45992031287033,-0.151487785380767,-0.284067285694873,-0.234637834518369,0.110233476609798,-0.220116939996695,-0.170411827594436,0.0712095607511803,0.160971131111848,-0.221169991572864,0.292004513267865,0.225645286964947,0.0462303794946449,0.231539584525501,0.129474983357519,0.354772034448263,0.449412257079819,-0.0800422497537788,0.0713384320570852,1,0.134082937341646,0.0114915702400178,0.0808525213696719,0.0890459301298614,0.0544009590382825,0.0522734688657829,-0.568016768477548,-0.269619445410265,-0.0996640107033101,-0.244107794452147,-0.527955845253828,-0.137213944476284,-0.0337619045810465,-0.140527109823663,0.1462720993893,0.079318038079671,-0.302769751642379,-0.357032337830271,0.0690673731018556,0.0489841477206904,-0.225884556111833,-0.150085525848285,-0.214991078378605,0.34790337327448,-0.0840999862460184,0.154495066328184,-0.0905947580342403,-0.158494864099486,-0.369982163492943,0.460047286960998,-0.0351571357916604,0.148528030262083,0.00931965636173364,0.0490907946053085,-0.0204683141406989,-0.490076903283537,-0.155731039004544,-0.31431691157098,-0.284115114538322,-0.241253078919263,0.141343388253737,0.0349723551024018,0.0675030520335921,-0.326317814668568,0.130615922062366,0.220989423958697,-0.00995448848752133,0.00922639577374622,0.973214616003633,-0.22363369932819,0.480788869146284,0.341581588034679,0.295386654100373,-0.563672015895299,0.755920692051775,0.0482890325519796,0.752817586680666,0.243624746644038,0.219849836833187,-0.236012095037268,0.356794688286544,0.329459723785903,-0.0266720055383385,0.277066303694194,-0.127941125922761,-0.0454492745976093,-0.250825143827598,-0.00930046406175346,0.0374487238907368,0.750931209342303,0.212237911266315,0.751318982311353,0.119545217061185,0.00542464421716247,0.969689703043119,0.277426288765101,-0.224618204352255,0.282554043815205,-0.265791463665394,-0.126097005559629,-0.496040941786128,-0.560276394175359,0.17507628567087,0.0899114325954952,0.178224248407638,-0.146049129333009,-0.378714637288167,-0.46142809095721,0.0745971535116752,0.295104698566911,-0.206123555504493,-0.147434440913063,0.327645978900978,-0.0391757075436177,-0.243541887927048,-0.0684523384985118
"堂兄-堂弟",0.0222597778110402,-0.463865730008831,0.210346239416258,-0.324369586816709,-0.149127905791429,0.225549723615431,0.136619774207246,-0.598906004187148,-0.25896280247957,-0.477084357295746,0.281284406101911,-0.0172048202096901,0.801537391196508,0.374006116706707,0.134666894047205,-0.165594295118385,-0.207912381578199,-0.141411228579687,-0.00495323261535461,-0.284444003405969,-0.672242537265277,-0.0834936216736087,0.100159223283572,0.364109349415402,0.200519958738079,-0.229353857071062,-0.255313579878671,0.0658598352263818,0.126865627509241,-0.269318081183436,0.192016162171183,0.27457098102307,0.0753033307278754,0.294133983706138,-0.106861214038403,0.400991444164067,-0.0286962405723819,-0.0534254849880458,0.126947190613726,-0.0406758928134948,0.974324016716122,0.0215714989025603,0.0932994705888548,-0.339220675839874,0.390004136449052,0.134082937341646,1,0.360823192486052,0.408801821640181,0.289785194609256,-0.0632115715993279,-0.0578287920878187,0.0966015594281175,0.271957922878294,-0.588410151852876,0.110755321491735,0.367633409212962,-0.192271191541936,-0.142326473996711,-0.196139956627894,-0.297463016676784,-0.507483800852912,-0.0879177471818179,-0.324689612082331,-0.510121063382699,0.127448766713937,0.282390911956562,0.0838331937748648,0.269328487882893,-0.0340648374602717,-0.685002978677441,-0.111254376160505,-0.687264097829791,0.0608627879720564,-0.0892976236879699,0.105946496439787,0.409432248543182,0.145041941141835,0.512768794844535,0.130727519715077,-0.405865238341164,0.200630393686342,-0.428489691860438,-0.37707006223005,0.194317671314324,-0.272784772719508,-0.279665155541168,-0.505458027157543,-0.491857059285965,0.356549377479452,0.973677612340195,0.201421609725003,0.7917613076128,0.351157177287389,0.149053348239668,-0.273622304180143,0.788598224484769,-0.0351043749337095,-0.0350717107850977,0.0989557498918763,-0.0290961408908836,0.126541584792652,-0.00981611461417393,0.0679325623797115,-0.0497655579398229,-0.28350123809032,-0.0339174818393785,-0.18983304039016,0.792353942271875,-0.042047015121456,-0.60076896659893,-0.148210873497439,0.113878624160198,-0.409177626663578,-0.504693027455883,-0.0132396264964701,0.218162791398042,-0.0074459184607083,0.977408421603641,0.521008829170315,0.145219968570612,-0.0356420649605855,0.273156032406627,-0.0176891685875336,0.28646074506904,0.0239265735099533,0.20094599606149,-0.0397927923477241,-0.258421260454693,-0.638243923472365,-0.261181695564123,-0.193692991175059,-0.101220007663324,-0.251927626761361,-0.152795854100887,-0.237633259388175,-0.603720562776754,0.0612837181158693,-0.211633812063772,-0.150760098948061,0.108843548140584,0.216503939172125
"堂兄-堂妹",0.546492147389742,-0.00622019731798612,0.446446411801647,0.105018967431957,0.24382465629173,0.095743497394551,0.184319265333775,-0.430677294703919,-0.0743651034448773,0.123781813800938,0.0311828839607061,0.140943565205332,0.239177142627512,-0.0702709961906585,0.249529173312886,0.301686784168427,-0.354346085595036,-0.0686370441885688,-0.1619981568982,-0.386782506400523,-0.382737327681678,-0.089738115502657,-0.224806198667413,-0.0661166329119196,-0.269330658271986,-0.378112425283817,-0.391565184647715,-0.301893576302573,0.188730853240098,-0.0892045336079316,-0.279991792135572,0.285659348878302,-0.302009844174498,0.545851014578252,-0.61517877967828,-0.124977414825269,-0.0983703216406786,0.140956748112941,0.250002812992095,0.159999842453074,0.348285714272012,0.561119967678764,0.173704873005492,0.0915884547099788,0.454339516541245,0.0114915702400178,0.360823192486052,1,0.463640724954566,0.561060175082354,-0.149140428247712,-0.143030334496698,-0.233289265533348,0.0258472803957561,-0.0266084753108564,0.0517114270088987,-0.079968197126583,-0.489401056564445,0.256111590780864,-0.478923704176961,-0.59907842621858,0.1243639527019,-0.323535792861851,0.0357567776984303,0.114375868115317,0.254161839243149,0.278057534677166,-0.293009669160751,0.292587342999629,-0.552609902577775,-0.373873685239781,-0.628141593883969,-0.37550683545167,-0.302612622589089,-0.078553074763416,0.204660736548477,0.815219318020946,-0.0743228787985155,0.00906053680598765,0.252293510530084,0.169715177316295,0.292910337089425,-0.102460734241776,-0.453540478198313,-0.0895838214107313,-0.0778499133818406,-0.594413571886526,-0.0472631198226941,0.12872937748219,0.219134062468135,0.351473158907161,0.795809634790812,0.260421284693607,0.976659355459477,0.0306308857142371,-0.0833263209752876,0.364759368287873,-0.529845456026366,-0.0918632669620302,-0.198431390838349,0.0264238928849145,0.244040190724345,0.0283789576752415,0.196735633263251,0.13068761133899,-0.093133338383944,-0.541862342165879,-0.68434465356989,0.229442349051711,-0.11381470609902,-0.0363574529479828,0.253320844558025,0.0359806478244352,0.171663119907007,-0.0532609340026396,0.0300669746048536,0.798242860009753,0.0450025378208009,0.34201911786535,0.0142458798951836,0.014055601260316,-0.107856975555646,0.296963079143457,-0.0937329589160049,0.0428198684497708,-0.212840919939454,0.289485638810636,0.228428876138273,-0.410188183047255,-0.0440638180406693,-0.411632373723419,-0.474937425205916,-0.0812156288323157,-0.386414083108508,-0.397935747055963,-0.496402518650014,-0.425094201078213,-0.313968154375492,-0.353623978910332,0.239702767365673,0.0405388948341693,0.097437239130011
"堂姐-堂弟",0.214193378194072,0.207768837758357,0.493388303146249,0.243580411722129,0.603761526172643,0.269067615689892,0.286107354948305,-0.654822161387193,-0.00424570219250355,-0.0489631993192716,0.0462177441576928,-0.428077706122069,0.202282048093636,-0.0800473357256621,-0.189596052716352,-0.0128268301235415,-0.00675630268548854,-0.159262997871061,0.12125124201376,-0.171880158112272,-0.585288748567097,0.1537860920196,-0.298741101033256,-0.0751464509391339,-0.119842085221184,-0.513443796109183,-0.515456343683594,-0.102365515892686,0.278828054365911,-0.0294640625338421,-0.108039371081747,0.0166744766711556,-0.101699990449916,0.330708275139802,-0.242196338600646,0.00431929458030258,-0.52740986633347,-0.434047838545735,-0.185632061184565,-0.427343750783968,0.421613342765425,0.216150008825064,0.155080354346683,0.242451306650084,0.979922107517642,0.0808525213696719,0.408801821640181,0.463640724954566,1,0.318671023953056,0.144281727996162,0.144369718055671,-0.282128283531604,0.0620638877858585,-0.272985171528641,0.426650625186483,-0.0853112874703574,0.0822621986387668,0.247019862986172,0.0779537608918448,-0.0275974992487014,-0.049246671427042,0.209575206803893,-0.0999356709715492,-0.0609536705744248,-0.180797435154696,0.0088251211713211,-0.0934257854711526,0.0277399496309646,-0.260677054981493,-0.594897061653963,-0.248108937269305,-0.592445768192033,-0.0998919083992854,0.179738959318854,0.153708312181851,0.490593616331572,-0.41966333821031,-0.12393157492594,-0.176247846787565,-0.242229567896424,0.326261319724545,-0.366226363759843,-0.298319959780872,0.0302155243798096,-0.037934208306382,-0.0256377542963679,-0.376794816523029,-0.0443061618395907,0.330451241988808,0.392922707640045,0.363822888696933,0.192280047313684,0.484854873282258,0.0923856751775772,-0.0369727556890124,0.407718864517593,-0.25527774627522,-0.53247547057791,-0.280565257665453,0.005131510341338,-0.192818085858414,0.010469200405836,0.369908142878396,-0.448918053305348,-0.0317690403921853,-0.258717948542721,-0.354228691704644,0.183501446005643,-0.530740849948194,-0.270156993631521,0.250960625956084,0.408477320973139,-0.251403071877668,-0.379390255425663,0.00434248240502548,0.368192259763669,0.0198691741439456,0.395430440828978,-0.114872858675026,0.0929909915289173,-0.535726811794422,0.0128381694150147,-0.524185147257943,0.0614745398583556,0.310248780586833,0.328448149796303,0.099839723650793,-0.0221495167771624,-0.239080164501522,-0.0362285433516559,0.0720376259795076,0.156747419312196,-0.513079972313477,0.0982667001941677,-0.00984735517175778,-0.662088545243022,-0.103104629960424,-0.0177840458099726,0.237475618525563,0.411846615947443,0.264758514957626
"堂姐-堂妹",0.0926349261503263,0.148741574499404,0.345745262830215,0.365818844685289,-0.0521813232949797,-0.377381290137731,-0.297009657160601,-0.253389686299218,-0.305233449714143,-0.172154431830912,0.283944072035383,-0.185912689148404,0.433255498234231,-0.149054131937743,-0.147587135900693,-0.0901095557527028,-0.387618111428506,0.151394212544521,-0.508769255746352,-0.0743988716086224,-0.462036603152735,-0.0648522128352236,-0.0584026710499028,-0.149317547787839,-0.578340189513397,-0.0976177814623154,-0.0937875948100635,0.310593049662235,-0.294505441260856,-0.324960131067066,-0.596129888450582,0.15259177528733,0.296666072857836,0.977952018378873,-0.00230753857003831,-0.420713450883303,-0.140181832426979,-0.189943212959079,-0.148143698050433,-0.16887308222431,0.280504371640829,0.0844419292669359,0.776629361517645,0.357625804774841,0.309803957389908,0.0890459301298614,0.289785194609256,0.561060175082354,0.318671023953056,1,-0.556615476741641,-0.555103117979094,-0.0552057942766739,0.303254710735179,0.104494197997878,0.293729272378141,-0.160776993289759,0.00693225914872641,-0.0258180298634514,-0.000289839043225976,-0.261645744260681,-0.174790323216471,0.0500121573802096,0.252464719826274,-0.180872548359928,-0.144029112324546,0.139292092783077,0.29199867538447,0.14719461189645,-0.619009466233393,-0.459468376551586,-0.0111624804089769,-0.457182717483536,0.302798036495507,-0.0539020136166765,0.788808792102684,0.80720135633882,0.153747300910786,0.354543786952307,-0.149808944380888,-0.185696849087251,0.0269315231665064,0.00322601013621345,0.0183964396556617,-0.413641847783191,-0.317784627462112,-0.257084645169291,-0.178761248815362,-0.172345742620088,-0.142604226098052,0.277771341190584,0.232555163725958,0.440318088816684,0.558937798127937,0.108877288064003,-0.332177702695645,0.0935479925251156,-0.60849912992758,-0.125803774375833,-0.0542835274323589,0.459361683712238,-0.152662844069814,0.46432581478315,0.348962333336432,-0.205398891635515,-0.331984442626688,-0.612980753345267,-0.352021719921672,0.42254164968649,-0.14774400370689,0.0932248964822473,-0.0278920979668226,0.269499850100885,-0.19244270643227,-0.181298057871257,0.475898265634908,0.233395619438968,0.487519686598313,0.277385318227923,0.360246128177793,0.0847475057385845,-0.137421776425168,0.139260110611055,-0.126480041409444,0.298247972528089,0.280452195487068,0.0263187544307616,0.232349360598825,-0.481100539231561,-0.133902827874721,-0.488351208755467,-0.00106921051098459,-0.065371999116906,-0.100999676405472,0.10334183379537,-0.204647434615297,-0.252809050420821,0.29255408873906,-0.387868703880641,-0.0268490050044587,0.282109718400219,-0.380210849268009
"表兄-表弟",0.276576097577586,-0.0414155149000097,-0.084765137242406,-0.182262626617166,0.257428216250485,0.387239517461396,0.787567642457183,-0.00183799881961675,0.253003295845012,0.338343665392552,-0.687086344249596,-0.270805280910621,-0.238116223411438,-0.028784778261108,-0.34570299013634,-0.186981904165042,0.368220842899236,-0.237864053281558,0.462208717450285,-0.179969304365334,0.170703539264077,0.152058867811455,-0.119035310936941,-0.0169510314919466,0.224056251028024,-0.126658441567548,-0.116318574102605,-0.702563313055518,0.783661082565739,0.241991813783387,0.241303795409385,-0.566577428697057,-0.693737912020514,-0.543214312846269,-0.436129847667316,0.160038661063671,-0.222816557207098,-0.252772252417236,-0.335077220067262,-0.268984805892407,-0.045420967636743,0.280197716642531,-0.450155700039998,-0.200613330390502,0.156868098778169,0.0544009590382825,-0.0632115715993279,-0.149140428247712,0.144281727996162,-0.556615476741641,1,0.985570469004209,-0.115185163751305,-0.693229026435615,0.182441197442408,-0.0604772241240186,-0.0262453330367203,0.267866434335907,0.244256893052996,0.261028767536633,0.568273905107241,0.352716178455035,0.163626831305069,0.157270288191551,0.342120737981026,-0.340584937864478,-0.570072076285839,-0.696515039080186,-0.560628412212825,0.150720146118264,0.163031932054596,-0.440512321373633,0.17492595379221,-0.697036833075675,0.158869496451304,-0.458129395996583,-0.362761490819612,-0.308317841068759,-0.322871397812107,-0.328519592128079,-0.122767548943939,0.551382746764368,-0.19272590278334,-0.139608531550223,0.471154317374086,0.231161883805742,0.561518286543533,-0.106419519485367,0.341932208104013,0.212029397021772,-0.0621173535149966,0.14160433242323,-0.250684697884573,-0.128793340278245,0.0348818656311718,0.253686238553845,0.12949540053213,0.151737584252938,-0.234535741117907,-0.124782886672397,-0.237605561103805,-0.334424144795133,-0.253637207382788,0.158333568207647,-0.247240242921974,0.261929553529628,0.151246083822748,-0.129200682344766,-0.230705414713921,-0.210115939331775,0.195623257853543,0.233252366640104,-0.0602291751234062,-0.118353783103546,-0.0937765625358261,-0.24141387144635,0.138012275582958,-0.254081662170667,-0.0711490243655901,-0.325582399378316,0.0569095251687591,-0.234588776587416,-0.567720481328325,-0.237916662470327,-0.694799225078329,-0.0767305253139254,0.537597476958808,0.273298301936723,0.806855136666589,0.345470421560143,0.803740883777723,0.264995840043076,0.146408223306633,-0.136430389177321,0.0290999405572973,0.237734647548417,-0.0112412417980931,-0.689209652086718,0.377057226109477,0.239080542981114,-0.0644415854009024,0.370945529133866
"表兄-表妹",0.267106014868816,-0.050388740833025,-0.0932460176388666,-0.198547133716304,0.248616067641315,0.38400336416933,0.787017811683672,-0.000803862299629282,0.245535848387175,0.339725622221478,-0.677739825574911,-0.258061296529696,-0.232214533722316,-0.034815085851139,-0.331402230573384,-0.186264845811291,0.370451517680406,-0.236880399394518,0.463030381640214,-0.180843102059666,0.165316185912834,0.149010645856799,-0.121562994953956,-0.0224789807967833,0.222074071736915,-0.128411989126482,-0.132964916971283,-0.704022002938154,0.777728422964513,0.234035878875319,0.237345958450249,-0.563054076791739,-0.689264073701356,-0.537720135113564,-0.434395989228405,0.154519501505255,-0.216236864429759,-0.248780167409383,-0.3256358612077,-0.261534459452505,-0.0445921863748778,0.273774971522473,-0.448237241725894,-0.208041438128071,0.152414887505431,0.0522734688657829,-0.0578287920878187,-0.143030334496698,0.144369718055671,-0.555103117979094,0.985570469004209,1,-0.114110868161241,-0.691710584163063,0.190651561003166,-0.0532422772466315,-0.0255770469016207,0.263003063015521,0.249218732278141,0.261924574690269,0.564987143960498,0.351661859377887,0.161349798097438,0.157583960402447,0.349748372202378,-0.336696890045581,-0.56504100966081,-0.691123544274708,-0.560900906508598,0.148687892579132,0.152751744402443,-0.441292294288588,0.164038979383077,-0.69203621044175,0.150076555203771,-0.462972903929508,-0.360721987689796,-0.30815818548444,-0.3192470972336,-0.322270839000108,-0.1254049914609,0.546883172338746,-0.194350513985191,-0.150234255279889,0.460168613667558,0.227706275717731,0.557737832785792,-0.0961375197131897,0.345877940093052,0.21552542342684,-0.0545626857227204,0.140753000804458,-0.235622230340862,-0.131584851868085,0.0361675588296303,0.246054435516786,0.140661509509996,0.154955646069326,-0.223446806554296,-0.119773722111241,-0.2360715159371,-0.32064507552681,-0.251421545511564,0.150347084619109,-0.237169600330697,0.248860375838229,0.147685855456141,-0.125564328664318,-0.223151331784892,-0.202867304945397,0.195062851485784,0.240215482544212,-0.0555748376649657,-0.121050477795402,-0.0956664658700655,-0.243244609258422,0.139217196329279,-0.252424733620889,-0.0622612946093734,-0.320725263827207,0.057806744912219,-0.228247264204665,-0.564450644858619,-0.228973570048326,-0.691661245559792,-0.072065384244927,0.531856355578857,0.26912768763506,0.804165370014263,0.34427090380407,0.791329905039946,0.251401510267555,0.137002505658662,-0.144847334819462,0.0280146378489531,0.237253137329608,-0.0132302996215189,-0.683789289384416,0.378560060179107,0.244818829829886,-0.0623336799013113,0.371487025579646
"表姐-表弟",-0.359975479844799,-0.304314862684353,0.194915996510554,-0.0522981680845115,-0.642834741946868,-0.322451634809289,-0.000899880369886364,0.521114349348314,0.065501417046925,-0.599597496133104,0.287406249437497,-0.140648890243523,0.329381096467598,0.784154266506697,-0.102237706868127,-0.334665363689698,-0.489677229937549,0.182571520492081,-0.448249685199799,-0.247675506997581,0.214884173547184,0.182489902138371,0.970311980133725,0.778382578093243,0.231034218360902,0.8031843974273,0.795273105944124,0.35268227352502,0.011565134663857,0.0640358436732461,0.223450048219085,0.0954917927685945,0.359924480615097,-0.0509427424071917,0.274267429341445,0.548320963292388,0.0543675604108331,-0.13778313151226,-0.0984458476932183,-0.145581906166281,0.102681695049362,-0.362264622531804,-0.168592879880477,-0.0438972919053429,-0.275721015650447,-0.568016768477548,0.0966015594281175,-0.233289265533348,-0.282128283531604,-0.0552057942766739,-0.115185163751305,-0.114110868161241,1,0.301365359978544,-0.167616144653758,-0.24006366281366,0.803294303077396,0.218857128471206,-0.568301642201393,0.218283722889084,0.0701629403978814,-0.590438480899264,0.301526131085284,0.161422989899372,-0.580285339315874,-0.0974329327459195,0.0925250843348152,0.333888178897275,0.0905168017611764,0.102608424307461,0.197907121539547,0.265038204257136,0.196403800706313,0.352143126624561,0.160546338954855,-0.178288014438261,-0.0648077218466712,0.266548749877532,0.413341817935333,-0.0983356751892643,-0.383941200641403,0.210374669777118,-0.0402105752523293,0.408101495312625,0.26291713708307,0.0703722199634433,0.0644393007184038,-0.252810896560908,-0.597859990971017,-0.034660962533988,0.082308424659583,-0.347338904134169,0.324768788756261,-0.234526306466677,-0.568416356309208,0.0532491939834023,-0.244561002578381,0.093695644147421,0.0547774506476417,0.960298150361768,-0.442749465805522,-0.0995917845704607,-0.431777723264698,-0.0881570627501765,-0.147264088564464,0.0623993417660861,0.0838632863069252,0.133991717575032,0.333668786911174,0.0648158740484112,-0.163710806118442,-0.557606434441032,-0.234336516051358,-0.388771255476453,-0.240722233018969,-0.435200222749546,-0.344701040398266,-0.432087851555907,0.0896939227015937,0.406501134069853,-0.568017714310414,0.0744390889398557,0.0898283800628407,0.0610580969199021,0.29547372976336,-0.127049725762378,0.212510826674293,0.27529942727678,-0.119875268458642,-0.424370362505734,-0.107978624088809,0.213768101628763,0.164948672123009,0.783684565939657,-0.235063583229518,-0.348403799511826,0.515794814712503,0.35428719973809,-0.472479894532913,-0.555326649034763,-0.237210408520947,-0.321842413733661
"表姐-表妹",-0.58927590470951,-0.205257549430836,0.16317901568654,-0.0450476797350442,-0.223758810190713,-0.303883564180534,-0.505778035229244,-0.109774443376146,0.142381106887457,-0.466967400544677,0.968712641961892,0.119996629308413,0.285966776710842,0.349316994840294,0.452287592241402,0.0808162520429487,-0.563895991569811,-0.0622150844958924,-0.477938264717958,-0.144940975475499,-0.186032606585806,0.240333052658483,0.303106865553735,0.33795045578594,0.0293681942078787,0.13441902425767,0.116183949316625,0.769212717440575,-0.50629980365742,0.148544394466692,0.0338009845526087,0.767866893330775,0.766154485148568,0.305572615925151,0.45965251130572,0.268971241048728,-0.0253996352218309,0.0951505052757032,0.440549261412069,0.104365784817686,0.264763194499221,-0.602880431753402,0.135097935291457,-0.0364669067384988,0.055367832696779,-0.269619445410265,0.271957922878294,0.0258472803957561,0.0620638877858585,0.303254710735179,-0.693229026435615,-0.691710584163063,0.301365359978544,1,-0.521237811544255,0.187075174416219,0.353194597279384,-0.0908480372305969,-0.138574823834911,-0.101371042679265,-0.45960851645814,-0.480650214587908,0.204601221323144,-0.302805825334642,-0.477328960688411,0.452739986791186,0.774987675614358,0.766077461873496,0.764357342177628,-0.0030461442320167,-0.196036207597253,0.466101123400224,-0.20438714221949,0.757222178017046,0.234842746027231,0.134513790033423,0.287012070878405,0.00237243752000869,0.209394287677929,0.4383833950762,-0.209637771674579,-0.267918402290803,-0.288328211971794,0.0131205448563236,-0.202975917578868,0.136923132899578,-0.453403182125288,-0.326247362805907,-0.474577861075331,-0.0754290747027675,0.254984055932248,-0.30130190219227,0.267002526008795,0.0152371672471595,-0.258346523049716,0.108487897447683,0.0209380541926969,-0.00916933407260453,-0.0302031070496612,0.294360878340683,-0.181434278779081,0.435194391408072,-0.172244916414187,-0.463718433290587,0.0855273539858486,0.127099032993319,-0.0115993484988545,0.0925661108710231,0.276997489564211,-0.0296920068875943,-0.516629797754495,-0.127339629904533,0.193113387591512,-0.218864036879514,-0.322299169208678,-0.175172878196278,-0.296728935493603,-0.167370907524231,0.286414658371624,0.229798077606124,-0.250225960587336,-0.0082899597235243,0.768919576154377,-0.0155281390024996,0.977577249339079,0.106275108786266,-0.259063309071121,-0.235899616108028,-0.72283022392792,-0.570307689158508,-0.731493428335644,-0.106185640667401,0.218681076274012,0.11549926744084,-0.216317918713165,-0.427261340379316,-0.130147616664797,0.753853212898596,-0.578777901621044,-0.137626904929768,0.177114222009607,-0.301529775893383
"姑表兄-姑表弟",0.223626991700324,0.398035931621435,-0.00406966574878632,0.413417428181023,-0.0352567740440607,-0.184342484443517,0.155470775885033,0.348771427828149,-0.124617724220306,0.555681081104533,-0.525660351528424,-0.151267687362722,-0.370478768030956,-0.509219770264905,-0.404299572777957,-0.080625664686619,0.166632433986089,0.334556448617419,-0.0583863851865884,0.0217096163024517,0.26679876888814,-0.135208935634173,-0.181282641505857,-0.496888786381601,-0.620956315404938,0.129938187740733,0.148296383687251,-0.327380168048769,0.152872673078624,-0.136320089594583,-0.625874348569471,-0.536021697027521,-0.33333712684055,0.101432718484733,-0.239271249866077,-0.709403973700076,0.031199644255831,-0.137814415690965,-0.396876098256921,-0.134135308797926,-0.589835936881556,0.228076687236002,0.201122535479779,0.42311125092893,-0.260066122899879,-0.0996640107033101,-0.588410151852876,-0.0266084753108564,-0.272985171528641,0.104494197997878,0.182441197442408,0.190651561003166,-0.167616144653758,-0.521237811544255,1,0.0798221992946097,-0.501736136694394,0.208375439964515,0.222205409613514,0.224049833217343,0.335890447641454,0.566157483789314,0.0073767603536619,0.805700939595465,0.572121880476396,-0.40611253084251,-0.548024521693482,-0.339510819049294,-0.546869848131,-0.473582127926005,0.295709246494131,-0.25480812969356,0.296909619349045,-0.322921204652415,-0.136417788601789,0.178148799747504,-0.0238255205262534,0.0886039140085557,-0.100814372635067,-0.404603078340431,0.197468652535791,0.245474052367602,0.49503833000254,0.216915420624508,-0.259944969422157,-0.12482248678416,0.329579768190846,0.401513391899414,0.568690978658294,-0.204104234410209,-0.565711787389134,0.0645172416716659,-0.327582106486493,-0.0220512684211936,-0.102055184795846,-0.099311725562566,-0.565440121096889,-0.447705309639388,0.0448324130823872,-0.164398438734161,0.203512922036494,-0.383858043253217,0.172859722829867,0.321903876458461,-0.130259061635153,-0.117826966877797,-0.451947115033256,-0.251497588484559,-0.341829694775971,0.0384896481540227,0.965848792111931,0.190770657727517,0.0540221602196132,0.185491801098016,0.395960936167837,0.190957521164974,0.0497149851593901,0.176901064908387,-0.59570215438516,-0.112778640846388,-0.110282239249004,0.0289258798459262,-0.530954061076383,0.0327448369083211,-0.526811215294342,0.173696048683676,0.222445543406803,0.529354804841497,0.308128739963623,0.773462065523858,0.326754898290575,0.216883175786897,-0.111360987268615,0.143084458664142,0.319088308879295,0.293568860645375,0.368271691698487,-0.30558402927345,0.209681587561001,0.222313144288328,0.0796457719271391,-0.184845298111984
"姑表兄-姑表妹",-0.415744036211443,-0.155756275537598,0.103146768267045,-0.0143609368137585,0.0164939219136009,0.264556590203168,0.162520015246988,-0.519313782556983,0.0915970758287085,0.241817016114099,0.187039239849227,-0.632165179551912,0.0452464694385368,-0.161986833657204,-0.348642237544646,0.152409025242474,0.142246026542624,0.161869695234752,0.119495900339554,0.122123709299506,-0.480693266965382,0.413460644891744,-0.237059521982249,-0.162156242391001,-0.432228248356408,-0.34477311083987,-0.350536246072647,0.135218842920299,0.146628661332667,0.0926540296458672,-0.421083858007153,0.0182809619179554,0.151903250508694,0.328553308741288,-0.114331495512943,-0.263334561626249,-0.720736600816998,-0.649713720712465,-0.367460860782432,-0.650535904330806,0.119608625059851,-0.410913173836955,0.137855297043586,-0.00981140970657288,0.426139794666193,-0.244107794452147,0.110755321491735,0.0517114270088987,0.426650625186483,0.293729272378141,-0.0604772241240186,-0.0532422772466315,-0.24006366281366,0.187075174416219,0.0798221992946097,1,-0.161552883658393,0.369295335534003,0.566782627549569,0.381040114073953,0.0728731772354818,0.231565442753307,0.506444897438903,0.21191920390942,0.242490091891486,-0.369443808791342,0.0167540053537092,0.133307071833747,-0.00643546563181048,-0.508791561135648,-0.49576790402513,-0.116627455545322,-0.49710461165214,0.144177006766805,0.429015419358209,0.12828579184742,0.273764757693524,-0.530721201615597,-0.20672550069962,-0.367808032752676,-0.0728569397103959,0.31015865018083,-0.0444759438915216,0.167250946355285,0.0711540425339979,0.0893002662616793,0.0630437207626244,-0.187116339322297,0.249801418941365,0.401570841497538,0.113738843731042,-0.247900918481096,0.0345091170461384,0.0593630626575856,-0.24435354132107,0.0909168218521845,-0.0240939073742159,-0.509042171182266,-0.722858134163803,-0.242546682038837,-0.0716545288453951,-0.358737255371917,-0.0767430705767988,-0.084568901259714,-0.647717609628975,0.0979824663231744,-0.506860757701629,-0.361106843612129,0.0508133734569645,-0.712410728696973,0.0926478273123788,0.568200145260429,0.984245058137793,-0.09162375365445,-0.206807947278323,-0.0790134359355823,-0.240563792930968,-0.081737976692053,0.117308841814871,-0.197688887215682,-0.238195211653744,-0.727711312724219,-0.00887540053382361,-0.723056073444498,0.178987722497311,0.809038955098134,0.309388126939945,0.330737982672892,-0.0851187326355085,0.0548784094571958,-0.0945702192396567,0.362376494693358,0.422444834421664,-0.339300999031706,0.570548443191003,0.271465840659277,-0.520730549962785,0.144192300568394,0.123540918952369,0.56899743991035,0.984636234428956,0.274112270066619
"姑表姐-姑表弟",-0.341895163772756,-0.582081489334983,0.155910175466296,-0.34843880612179,-0.522744440063189,-0.0143839451384307,0.172472189250747,0.186952075582005,0.172166135197056,-0.590843705934388,0.349538147897768,-0.0763126132238708,0.393458589208335,0.976359344973696,0.0683316596776773,-0.190347987203511,-0.421521966857156,-0.0792910685268268,-0.277258692524892,-0.287694531791728,0.0227553762505176,0.317884585509452,0.799543019755253,0.979372611473517,0.548920394461854,0.536946033997224,0.519434281301414,0.287034663551399,0.182828842130712,0.173098607345023,0.543743975119696,0.316082347945859,0.297170012919111,-0.150640741357987,0.121840823275033,0.806065679182616,-0.115708121783998,-0.0811903956797218,0.0669296357064856,-0.0903467701681369,0.370295701270336,-0.339401676293485,-0.42183208154635,-0.346957944742922,-0.0823561424915835,-0.527955845253828,0.367633409212962,-0.079968197126583,-0.0853112874703574,-0.160776993289759,-0.0262453330367203,-0.0255770469016207,0.803294303077396,0.353194597279384,-0.501736136694394,-0.161552883658393,1,0.0918381895020205,-0.408222943056714,0.0921805718150822,-0.115935368270762,-0.59334367680342,0.228882175715896,-0.208849164034091,-0.588076350027753,0.0662660822669842,0.317661173544528,0.279572626905741,0.312914316737752,0.228269326918784,0.00186233533800284,0.109495627380758,-0.00639762135807405,0.281540402577479,0.307439277822276,-0.419751762944021,-0.0717571953651165,0.0375128812905646,0.247352853173196,0.0639202426741399,-0.346692181017991,0.231745870977769,-0.283096279167327,0.205388935151541,0.499008560533992,0.180136961216897,-0.119730160634705,-0.420869923475268,-0.604948911712688,0.191893922136816,0.356984694611725,-0.244242185925762,0.392950592695646,-0.0797458071313525,-0.5221866119017,0.162758754896536,0.0944045684807898,0.223345949814493,-0.120623236878082,0.798912794854863,-0.569963583778171,0.0655373374308821,-0.544713693693959,-0.259548636106159,-0.0758664875067433,0.172836841187621,0.223245207778552,0.118659385703958,0.398019426094083,-0.104528389058457,-0.495244586061968,-0.393739051169995,-0.149002002103636,-0.340140666708614,-0.412842182665483,-0.562724336789876,-0.238785053563795,-0.553049671680113,0.363280139238854,0.250066237645033,-0.526511600189753,-0.103250746171865,0.317763832036608,-0.10527586680482,0.358771357757493,-0.232666632534512,0.23703441093461,0.107378416832596,-0.127227769575245,-0.645352088177053,-0.120560392086764,0.0889693318608311,0.307108918412109,0.518259676749216,-0.35976001766528,-0.471428382623327,0.186418153710967,0.279979663679664,-0.422632585787338,-0.405754374139208,-0.164128116835352,-0.0144026733075895
"姑表姐-姑表妹",-0.440026606624639,0.0714728957144363,-0.00507572407633487,0.182327433437169,-0.0967251650186379,-0.26772966495984,0.220060240885295,0.234688045861304,0.231189328347093,-0.0578222229788837,-0.105768203644206,-0.710958921808153,-0.0582989716524638,0.090608941226936,-0.7281882562563,-0.569679245740922,0.0698238804087285,-0.105905730204666,-0.209813440794106,0.129031514024091,0.092451798201143,0.542402404828443,0.214738451046838,0.0926395966487374,-0.100737574153477,0.292379750344183,0.306828462247947,0.254322775771877,0.207095512811202,0.213085803963148,-0.0973934575210797,-0.415845866008685,0.261700293761977,0.0427811458689588,0.303630546524242,-0.081783398579072,-0.517905690182606,-0.711269974970923,-0.733858124598473,-0.716855987477625,-0.181277491802565,-0.455641313722322,0.13778696053591,0.182394386000749,0.101301019664086,-0.137213944476284,-0.192271191541936,-0.489401056564445,0.0822621986387668,0.00693225914872641,0.267866434335907,0.263003063015521,0.218857128471206,-0.0908480372305969,0.208375439964515,0.369295335534003,0.0918381895020205,1,-0.0334757500374941,0.981020898732327,0.781543781967787,-0.050130266436074,0.81953070939308,0.315160585423566,-0.0383071506382196,-0.733132018176094,-0.414977813912124,0.250270333375172,-0.425905495295876,-0.0479242445578723,0.0671621400456108,0.288375343010901,0.0739166927369303,0.252206291787864,0.551656002107105,0.109326320149209,-0.252221183486326,-0.232623861413503,-0.102426781240396,-0.739189669968991,-0.564434529544779,0.227011256216629,-0.196602599296462,0.499202629277215,0.108659694206178,0.204658066578639,0.774942142665265,-0.452014661243168,-0.057968110492688,-0.22598046992661,-0.195731651740592,-0.623595583478498,-0.0747990183551541,-0.477672592656774,-0.142419689697194,0.198629848888058,-0.290669034703735,-0.0628293769711022,-0.522650636484356,0.197475722364063,0.0880297140046257,-0.732651951578698,0.0870857541288132,0.147713999584165,-0.706736964972187,0.218932998391728,-0.0582923495523294,0.216924577622486,-0.0423654537646654,-0.506946977759991,0.228303193724692,-0.0312566888910958,0.369318521161938,-0.572144836497586,-0.451911911852431,0.092771448273274,-0.620025414701488,0.0986287896860975,-0.180336259290135,-0.0969433469042348,-0.136280337045094,-0.514440167904223,-0.435087169387967,-0.513222262131311,-0.105593292757233,0.47056619538538,0.219727105709257,0.346903688297003,0.54092711709417,0.0268634372958109,0.529859741597456,0.967683651056403,0.541275612236944,0.295440920482196,0.475010279607678,0.283406124263995,0.226986253427276,0.254595537395098,0.0693870509506545,-0.0193898621747261,0.366429781304329,-0.270031888117665
"舅表兄-舅表弟",-0.0219249060575756,-0.0847659559262845,-0.0938103352315213,-0.198898021578848,0.348857863230415,0.334431720572851,0.335670736707237,-0.412979703761796,0.443527412315226,0.759870701527209,-0.121597130851457,-0.184039148113548,-0.432026795173895,-0.405382025600763,0.0683546777711229,0.473889879934765,0.143597492343498,-0.184900041599565,0.270705339771487,-0.0443395300387305,-0.0471565986889859,0.36897766761761,-0.548240625464373,-0.404043021771307,-0.279237741095757,-0.545727783999238,-0.555961416480566,-0.404606983435102,0.324394394416212,0.441702913537807,-0.27727969050134,0.0281115954754405,-0.386493413385837,-0.0103132260145651,-0.504887212572676,-0.297107939975679,-0.486122027502937,-0.189626258412081,0.0513614410685676,-0.187521426068431,-0.150845121454252,-0.011367455511884,-0.161600935925339,-0.209758838571335,0.24455479984922,-0.0337619045810465,-0.142326473996711,0.256111590780864,0.247019862986172,-0.0258180298634514,0.244256893052996,0.249218732278141,-0.568301642201393,-0.138574823834911,0.222205409613514,0.566782627549569,-0.408222943056714,-0.0334757500374941,1,-0.0300908799078643,-0.0820178587786007,0.749069581886596,0.144334382534331,0.118741661108456,0.748645710227693,0.0465182677015687,0.0262415412524034,-0.395286883750422,0.014986125307809,-0.368517213635112,-0.0666116325267256,-0.513303407482247,-0.0615507852003355,-0.401285744669261,0.367243762031427,-0.154811210549165,0.170198570643239,-0.684277892767883,-0.638544596256197,0.0598972774007357,0.306379935938186,0.287370423755341,-0.142309584982756,-0.194368892413175,0.123334966429425,0.426093943083331,-0.0815696758622281,0.0745009283833444,0.757185122415281,0.238333868441222,-0.15116252804449,0.199297469509016,-0.432429221735407,0.258758494610344,-0.0248447897039804,0.439275829077291,0.0199054239131212,-0.370154834665444,-0.4904023356446,-0.567317418809,-0.148558798511852,0.0577789131443203,-0.161585138338354,-0.3235557644511,-0.188588659167116,0.440728173001863,-0.354334527416997,-0.505014941694955,-0.415235325423128,-0.480339663115844,0.24263009781503,0.975503346060499,0.567996508294691,0.308846836407525,0.0654419422906158,-0.157184567580019,0.20117997705468,-0.14699916751729,-0.154809180614118,-0.630687406776935,-0.0393432975963256,-0.500026569135126,0.0152214497461223,-0.490062400295179,-0.137599453814269,0.250933124860088,0.284512794926998,0.147459416330049,0.0485141050055683,0.516547107432284,0.0375927472118035,-0.0409671792006749,0.358400051692879,-0.548719484271971,0.0739719338722139,0.0504241931885869,-0.427129040416469,-0.407113012505174,0.125517134443031,0.979123096628255,0.561657868376917,0.334548247533452
"舅表兄-舅表妹",-0.453472932599181,0.046889502521276,-0.0281093659066187,0.157710122742197,-0.121151653411885,-0.26900540681479,0.219078027863094,0.224692703026242,0.215379500511038,-0.0513013340462617,-0.112750016208296,-0.716675912205104,-0.07190397070958,0.0871268007549003,-0.729035095639559,-0.560525209099618,0.0652606107124419,-0.107763704367779,-0.206936795408191,0.133148306349309,0.0939016720862805,0.548849700308643,0.216001109311824,0.0942389125809914,-0.109722965871193,0.289866950280878,0.304013085131008,0.247303697982058,0.218142136541779,0.206144275170805,-0.105981314592822,-0.418916325655533,0.25828458141765,0.0395181075533324,0.293517582843884,-0.0866067145860213,-0.527532098306692,-0.714056669360477,-0.727924595405548,-0.715169126617123,-0.18221377023985,-0.449945374880176,0.137105436527649,0.174375113585021,0.0968023857824129,-0.140527109823663,-0.196139956627894,-0.478923704176961,0.0779537608918448,-0.000289839043225976,0.261028767536633,0.261924574690269,0.218283722889084,-0.101371042679265,0.224049833217343,0.381040114073953,0.0921805718150822,0.981020898732327,-0.0300908799078643,1,0.778331432641653,-0.0380523942716153,0.829755950486644,0.324072629001369,-0.0183486307752705,-0.729044433099614,-0.416763560309902,0.237296411620854,-0.426784916294139,-0.064530199069394,0.0777340594662097,0.2833604139831,0.0765583772165063,0.251995868070339,0.560001589466744,0.108522913226233,-0.244251755439039,-0.241269788272511,-0.114675582556816,-0.735845551954097,-0.553160977086091,0.228006222260388,-0.191380940910161,0.507145122968535,0.111563434459598,0.220047086042611,0.760258178663579,-0.441138347555013,-0.0420114169781839,-0.217229021043078,-0.194564001279238,-0.621986811416433,-0.0762078059930251,-0.472137355653986,-0.155527543112686,0.209023246204224,-0.290405567987822,-0.0710292393752467,-0.520465412031252,0.204168755246032,0.0957734147315006,-0.721320185523219,0.0898273654545523,0.13396736286773,-0.706905813635176,0.220667388907007,-0.0635474389137129,0.212668107772749,-0.0514665117607736,-0.519040412652073,0.233398940439296,-0.0308905297561758,0.375784667086827,-0.566409619189079,-0.444576467262234,0.0882822210687894,-0.617998720798233,0.0915808877906384,-0.197676873258785,-0.114087451851213,-0.151564155013851,-0.521202927564339,-0.432033542543722,-0.518436793237684,-0.104483104062054,0.472833936576344,0.217645406437099,0.35927001484665,0.540974994470217,0.0292029006996629,0.536703032350942,0.975382217761679,0.566727502659726,0.305669872333383,0.491796484549475,0.28164270194477,0.23514360885705,0.256637388472517,0.077836632315163,-0.0109814091882368,0.386706745063747,-0.25901333683083
"舅表姐-舅表弟",-0.159087276698321,0.214327602621741,-0.215173338908537,0.126987775118287,0.0407001680049202,-0.15365536414316,0.267208511128753,0.325286522936596,0.0975025825883022,0.0493878247465477,-0.469455060207663,-0.555738339516002,-0.214450175889173,-0.118223564879891,-0.711179402091658,-0.562570395630645,0.335474596234208,-0.0866733955885485,0.10056975263817,0.1917474632829,0.251399488957577,0.209115759765622,0.060622770052779,-0.107302782727728,-0.0120535294835589,0.21568291056166,0.22787472795941,-0.102608812809543,0.26622591151529,0.0797938856558044,0.00137683123743542,-0.726047259692899,-0.101176229396973,-0.244567021721096,0.240896295926999,-0.114185140920687,-0.240407822725956,-0.53854538443672,-0.697808785840463,-0.550423520391362,-0.277348155310542,-0.162506486423134,0.0874471277406713,0.133175447262726,-0.00838243773418329,0.1462720993893,-0.297463016676784,-0.59907842621858,-0.0275974992487014,-0.261645744260681,0.568273905107241,0.564987143960498,0.0701629403978814,-0.45960851645814,0.335890447641454,0.0728731772354818,-0.115935368270762,0.781543781967787,-0.0820178587786007,0.778331432641653,1,0.0742636505040491,0.552191330382218,0.331202554684158,0.0759935610852885,-0.704511144018873,-0.728661421191713,-0.108950334304645,-0.727862509368422,0.185773852113995,0.254126281671884,0.233197454357872,0.254722175520754,-0.0901093763388082,0.222144591246506,0.0615696689477605,-0.464851155620962,-0.116208362163066,-0.107418017836422,-0.702803442754908,-0.439767274639041,0.191451053051227,-0.0753937489642451,0.367777880347647,0.117680764874096,0.0822799146068298,0.972792396979047,-0.174207185721051,0.0586900426754291,-0.242096788817056,-0.286917651588703,-0.428938944152054,-0.21060504579438,-0.580585621976982,0.126250531969103,0.101360488232852,-0.223338233681558,0.194419097649516,-0.232348014479729,0.0650795626996349,0.191331977763645,-0.693662104215338,0.172196116381739,0.287609115768277,-0.535631628576949,0.0981852842905011,0.185513179766745,0.309044281015998,-0.208380841795362,-0.231103023164937,0.335983748429606,-0.0930027515062729,0.063509287187488,-0.444633861484339,-0.174670070681477,0.181246029011672,-0.444596066862059,0.169602979484837,-0.294170845430278,-0.111931517254763,0.136420202473116,-0.237226986267001,-0.732002655714739,-0.248353663690451,-0.470331181052305,0.313161747718487,0.174357431332014,0.208336524364664,0.788850397096622,0.282870136175753,0.787049143656956,0.765114003134518,0.207221345327254,0.21129947355897,0.459144359563262,0.517535892824519,0.324248250384448,-0.0882228049557832,0.344200621335324,-0.0775598276883521,0.068587934758537,-0.159320958518347
"舅表姐-舅表妹",0.228392834084681,0.164251292234188,-0.190020405056554,-0.0125058809411452,0.360867854580472,0.19270056579676,0.321641638768752,-0.0646325955273637,0.335633561502971,0.972088248232704,-0.480757978684108,-0.0056610425629698,-0.652472596595956,-0.593686966195972,-0.023056475156907,0.370089989122938,0.307988168396059,-0.142115891905582,0.297269869354825,0.0650118393263333,0.246470432932415,0.129764714535274,-0.582358002744081,-0.587813075356562,-0.291451959567833,-0.438607965872137,-0.420068224711581,-0.556626256431333,0.313820968410036,0.335817090276485,-0.287427702833657,-0.222290097366104,-0.554188741461666,-0.173241126866948,-0.519122166087109,-0.462731133366756,-0.221531700088042,0.0229628931329099,-0.0194279054270462,0.00883560442896083,-0.499979567207877,0.240570789577277,-0.168975979893806,-0.0149135455690096,-0.0436962233133216,0.079318038079671,-0.507483800852912,0.1243639527019,-0.049246671427042,-0.174790323216471,0.352716178455035,0.351661859377887,-0.590438480899264,-0.480650214587908,0.566157483789314,0.231565442753307,-0.59334367680342,-0.050130266436074,0.749069581886596,-0.0380523942716153,0.0742636505040491,1,-0.049190641271285,0.267253815705747,0.988915295455048,-0.0254891340937148,-0.231704066250773,-0.558393015192825,-0.220218869874007,-0.271121628836554,0.253602698937817,-0.524184102282715,0.256402797569393,-0.550265943320668,0.143845572394895,-0.174605738484693,-0.0601232903851894,-0.453062347192181,-0.664175837876692,-0.0137752183388204,0.475928927617948,0.151225723249828,0.11872378257277,-0.114887053966783,-0.00501888264445754,0.328078221703751,0.0593139960204237,0.326175896387298,0.978605797784141,0.0140180202583275,-0.500348836240011,0.242803894921615,-0.639859696178837,0.133425399754352,0.0660483641305189,0.343776596381338,-0.193769470709459,-0.257346746090148,-0.208074656391697,-0.591046304513362,0.0271336677698809,-0.0104797613300842,-0.00450607921490456,-0.133849436066658,0.0217014703927728,0.348157870196596,-0.25407059749789,-0.33001331311626,-0.632657093437421,-0.201343378834946,0.570360192835335,0.734627940707936,0.22182845242153,0.481897568540489,0.326497459558381,0.00356702240496429,0.235875269778746,-0.00321970120227888,-0.521304770210612,-0.676019538024146,0.0658261470619598,-0.235401250292042,-0.233205598148061,-0.23860888278102,-0.493287167481578,0.0302201167832597,0.139558206891014,0.159101084210735,0.292536048151039,0.777126495153098,0.286689403680586,-0.0498972233567886,0.15339316292271,-0.418337799067651,0.107879192199358,0.141967890078894,-0.057355652047776,-0.541598488982656,0.309852563886091,0.742318327142613,0.224436583343897,0.194685635869856
"姨表兄-姨表弟",-0.618532096622197,-0.0824246430099841,0.0817387942970414,0.033665251398819,-0.106925967354359,-0.270910504945185,0.201470506351019,0.0981210199761703,0.483874688691528,-0.060358034159138,0.189736791225642,-0.725975740931908,-0.0746345089955377,0.216949858754687,-0.488966222560923,-0.341765233060995,-0.223995322068896,-0.198714453086175,-0.310340066916498,-0.0369070977493512,0.058203573168761,0.765890562459423,0.299148752224949,0.227362112018803,-0.122299971922143,0.223860401606485,0.227620541127227,0.311452522730122,0.201551889914954,0.480027216115079,-0.104791783265771,-0.102913173654857,0.326940101940444,0.0894810717668607,0.219422989688003,0.0895435480870307,-0.675242990451076,-0.721661990258622,-0.486721776687232,-0.726945966416444,-0.0636410837086923,-0.615296949764626,0.0676992610789453,0.0482678098945403,0.235028128460258,-0.302769751642379,-0.0879177471818179,-0.323535792861851,0.209575206803893,0.0500121573802096,0.163626831305069,0.161349798097438,0.301526131085284,0.204601221323144,0.0073767603536619,0.506444897438903,0.228882175715896,0.81953070939308,0.144334382534331,0.829755950486644,0.552191330382218,-0.049190641271285,1,0.234542559339086,-0.0311941570410668,-0.486658280864686,-0.101475309483515,0.299262419771108,-0.118191647220455,-0.151476131796432,0.037451828994409,0.220957960602618,0.0395554145966004,0.326002687387081,0.772776468310085,0.0392041853800046,-0.0162128198587624,-0.475237429500444,-0.209837148399069,-0.487841627512083,-0.553625774993785,0.321008392061866,-0.407466326740318,0.445236678714342,0.198300710842023,0.488792602452451,0.529858356396584,-0.544876152003196,-0.0501246839572221,-0.110132154892582,-0.0818937811882368,-0.55449902764516,-0.0857320838572037,-0.308529332344682,-0.320623843424171,0.480508959829424,-0.217348850151286,-0.152482163135384,-0.671029915109992,0.283162645584835,-0.152185840798614,-0.475258159171244,-0.153539728829903,-0.150173038475288,-0.721296754439087,0.493597434851935,-0.154205134492186,0.00370082684950701,-0.0608726844267142,-0.665752436015785,0.0160803738400873,0.147453483102516,0.503918667269911,-0.570986262337021,-0.550710138765513,-0.160628535286687,-0.551430507683271,-0.165933555411427,-0.079763883261632,-0.203852890846985,-0.306023115712036,-0.668776939003565,-0.122469722884579,-0.670813385886832,0.206147744693962,0.480649145454179,0.309840091294294,0.335678215550852,0.251237785146406,-0.0734001602798325,0.254152791541677,0.814288197269569,0.769097965192951,0.227057077911992,0.262903982141571,0.0143344431721692,0.103452406432734,0.323841757174392,-0.213358485257572,0.163320837929835,0.5118459466713,-0.259212734238054
"姨表兄-姨表妹",0.0756436998762515,0.274204540084576,0.252916315445275,0.432934905406895,-0.216146338144133,-0.217976179624761,0.255753210307154,0.280369006786734,-0.134883067330906,0.25243570479465,-0.317718985997734,-0.394034896054683,-0.0665832696021293,-0.219005984961136,-0.502246866123917,-0.205055285902736,-0.0861647009362779,0.464640488563781,-0.21640470869781,-0.222442517579944,0.0849312756353062,-0.0399185844014746,0.150614318267768,-0.212805322253906,-0.700822688722013,0.311750594714962,0.336384846440358,-0.205672056441677,0.253264846657208,-0.151016672657145,-0.714442322319367,-0.491124577532618,-0.214321186950607,0.266706155661908,-0.223478719882194,-0.510804598028497,-0.0988546791120638,-0.387507683233377,-0.49966027481744,-0.374455231415638,-0.320641932196048,0.0729287068719818,0.242773706521227,0.438238074899112,-0.0850831628684523,-0.357032337830271,-0.324689612082331,0.0357567776984303,-0.0999356709715492,0.252464719826274,0.157270288191551,0.157583960402447,0.161422989899372,-0.302805825334642,0.805700939595465,0.21191920390942,-0.208849164034091,0.315160585423566,0.118741661108456,0.324072629001369,0.331202554684158,0.267253815705747,0.234542559339086,1,0.275890670028022,-0.505987588405706,-0.509745891047707,-0.239152377112735,-0.505142677357262,-0.637916614330364,0.107278104211957,-0.234364799070157,0.106081908651214,-0.213393230087308,-0.0401030805497691,0.220578696860216,0.200584596693344,0.111740054081337,0.153809284457964,-0.507286013985845,-0.0918936075740926,0.548176026455327,0.374909224356232,0.270142646128655,-0.140421997773786,-0.13333892960817,0.325074943682546,0.174938645970811,0.269770823139417,-0.0521889128498808,-0.312222571531444,0.025940096785838,-0.0396668760298773,0.0482341908782813,-0.34654800093912,-0.130762582727959,-0.538137566789444,-0.622438038458713,-0.0852714834908062,0.15671516186577,-0.0205010881730886,-0.493244693666992,-0.0383508003754919,0.368250319520621,-0.379949221992757,-0.129786534674896,-0.623207405539747,-0.444843677695539,-0.0442218666520711,-0.0867477673547448,0.798737818611175,0.106422721229347,0.188298421269588,-0.106528429802495,0.186080793262913,-0.0154197176374446,0.0293378490548804,-0.0264459769535627,-0.337128293431805,0.154858220240256,-0.357594282424043,-0.0836261851941681,-0.487560005543766,-0.0824965431831617,-0.311082533402412,0.326776721769789,0.53050665401437,0.779819057366223,0.173342216420945,0.555730154251145,0.184052433968032,0.327647510038036,-0.0143173497653982,0.333529460877438,0.287683688165719,0.162216636175852,0.292622629685629,-0.205391648925271,-0.0503298866096577,0.131379912745349,0.215112107436863,-0.218439974245083
"姨表姐-姨表弟",0.212697559518381,0.15095392595167,-0.199950151958941,-0.0271057965369165,0.340858588759797,0.189719476625007,0.322333546257124,-0.0623956461421574,0.335579711416046,0.966818500681268,-0.470335259155163,-0.00984838997510377,-0.653327037332795,-0.591083904693915,-0.0264858555191445,0.364142699575571,0.302993591949181,-0.135700598453486,0.292582993695984,0.0676385265952837,0.249181628607002,0.147841049583658,-0.568484982138777,-0.5866445903323,-0.297119023906096,-0.429549181734591,-0.412274281861245,-0.545199729931181,0.31825262579704,0.3394394453705,-0.295664948804108,-0.226461293415275,-0.540996620821483,-0.168967083196136,-0.520354000452717,-0.466081138606953,-0.226973506944131,0.0171220735547057,-0.0267955814350888,0.00684010830472958,-0.50677127919241,0.226477554509813,-0.170185764848452,-0.0190391317467609,-0.0552398267768136,0.0690673731018556,-0.510121063382699,0.114375868115317,-0.0609536705744248,-0.180872548359928,0.342120737981026,0.349748372202378,-0.580285339315874,-0.477328960688411,0.572121880476396,0.242490091891486,-0.588076350027753,-0.0383071506382196,0.748645710227693,-0.0183486307752705,0.0759935610852885,0.988915295455048,-0.0311941570410668,0.275890670028022,1,-0.0314076887017583,-0.233671361062182,-0.55036053014455,-0.229497316652036,-0.277711808166345,0.24999500643899,-0.521242083264073,0.254770091565973,-0.537436788485809,0.154307909283479,-0.178827404835064,-0.066369720296475,-0.450223242486196,-0.665593548141027,-0.021799334052296,0.470051577944861,0.14810862543765,0.119303106045178,-0.10303079995912,0.000242864943763605,0.338579732654477,0.0589571346832454,0.326799406380265,0.983580390501186,0.0131907018021459,-0.498880144059044,0.222765293477757,-0.636043760253456,0.116273557431636,0.056929564570263,0.349214978111422,-0.203651597116322,-0.267398984329807,-0.208198046420514,-0.583149595854589,0.0244507782212949,-0.0110433502494074,-0.00631009648198562,-0.146044006927006,0.0170726906313241,0.34977457380912,-0.260449886833804,-0.330193417561492,-0.62814630676155,-0.21192495439138,0.575511559966148,0.735297366862096,0.235269212455721,0.471645775897338,0.321468934140046,-8.94950948119119e-07,0.220625838833025,-0.00447745206467108,-0.523214176660945,-0.675804049387926,0.0528732663073973,-0.23753281796659,-0.237983698147703,-0.23707446510928,-0.484837764856785,0.0388965727449065,0.138350881729613,0.168211090807219,0.294893080180486,0.776301227373107,0.288395632759476,-0.0305635253425501,0.172622640034264,-0.40007856931041,0.120407031744059,0.142063426382121,-0.0534992752131543,-0.53297864796379,0.309638836995195,0.749819716865445,0.240879888221378,0.195416322986327
"姨表姐-姨表妹",0.0104779506416115,-0.143163245028993,-0.0328627025292422,-0.247066217704447,0.0751534492607643,-0.0444949700328699,-0.313766091479788,-0.0625685164530602,0.187791658690112,-0.0255843559703979,0.456236494021601,0.798457221816895,-0.0551019571483077,0.0675887820962193,0.975326050118865,0.405256239234708,-0.366859958616139,-0.281743737012194,-0.110620434523423,-0.283424229067214,0.140995365450324,-0.136651386587517,-0.0919717138321359,0.0590404422453275,0.267703988254905,-0.143610579633451,-0.167963142668055,0.0641466924705496,-0.311727376035578,0.205643586787338,0.270923527510924,0.737198942774385,0.0633459276251929,-0.175062826255874,-0.0355077875436477,0.25930896056869,0.48661955572469,0.791434915753289,0.982535477463731,0.793503895815463,0.116994136892006,0.0149271338165519,-0.253598305482644,-0.241666308579049,-0.196045200727792,0.0489841477206904,0.127448766713937,0.254161839243149,-0.180797435154696,-0.144029112324546,-0.340584937864478,-0.336696890045581,-0.0974329327459195,0.452739986791186,-0.40611253084251,-0.369443808791342,0.0662660822669842,-0.733132018176094,0.0465182677015687,-0.729044433099614,-0.704511144018873,-0.0254891340937148,-0.486658280864686,-0.505987588405706,-0.0314076887017583,1,0.745753822277861,0.0843252569115301,0.749366576185343,0.228965010726058,0.159117709849741,-0.0212733406628139,0.143893506120028,0.0643275848162614,-0.149286500153552,-0.231057203287221,0.0908087838758558,0.103433254477558,-0.0276675189456791,0.983668781668485,0.302398579195255,-0.349040357235478,-0.201332331448166,-0.506150625340143,-0.155894659485257,0.203434378801486,-0.700650933774534,0.0938744820040404,-0.026170882596057,-0.0960303659015907,0.1184318595934,0.275493724941014,-0.0498151767592624,0.228230132697154,0.0409710807779033,0.190529920260826,0.216468894953435,0.234280574000934,0.473618093435598,-0.0774831719097108,-0.218988875604988,0.977710095783824,-0.219666977012203,-0.567437754421982,0.781709294620681,0.189283497742233,0.228287815658613,-0.00434468595934023,-0.062554671297057,0.467577119732193,-0.416219086586102,0.0461712454146239,-0.357330817956425,0.309692199339226,0.097411319840811,-0.22923335436867,0.273877091485091,-0.23008397016375,0.131531355143996,-0.0320892192641325,0.048284004113403,0.478914975396772,0.759108400814954,0.473050899197514,0.45714284032885,-0.563054349391013,-0.346229716397005,-0.49006395802062,-0.552357986428791,-0.177411196129443,-0.546683713348026,-0.728620135171723,-0.150209605902121,-0.163002977205555,-0.676673338842435,-0.541283655782852,-0.0765291843400556,0.0621126916102758,-0.378216053529618,0.0317494269601238,-0.373173894736513,-0.0433804663087511
"岳父-女婿",-0.317467566420308,-0.321598344442098,0.153038685739877,-0.205587539391067,-0.104226558213462,-0.102699240853197,-0.317644930699645,-0.200712902303551,0.232014611001723,-0.214875367338938,0.775047634324177,0.457457269665704,0.191398412485218,0.319372714972443,0.742698462739955,0.310482399025137,-0.522647022180548,-0.260949092304939,-0.342448462627351,-0.266102645089741,-0.140549623796153,0.214836745503189,0.0934790286448242,0.306028463479633,0.197488390948592,-0.0852840393561435,-0.112313629510706,0.467015634559147,-0.314841883209587,0.251167571198688,0.201957902266632,0.972406234977978,0.468897518733938,0.128973387934396,0.0842313383937006,0.328676766574072,0.071392708078798,0.440244053000893,0.739522504406355,0.448091798838418,0.277633878693239,-0.318560726695352,-0.156784730262011,-0.202575134058333,0.00652391325452705,-0.225884556111833,0.282390911956562,0.278057534677166,0.0088251211713211,0.139292092783077,-0.570072076285839,-0.56504100966081,0.0925250843348152,0.774987675614358,-0.548024521693482,0.0167540053537092,0.317661173544528,-0.414977813912124,0.0262415412524034,-0.416763560309902,-0.728661421191713,-0.231704066250773,-0.101475309483515,-0.509745891047707,-0.233671361062182,0.745753822277861,1,0.48940983468144,0.979285400882442,0.0192452340035391,-0.139912600160784,0.105293306522212,-0.148878106980521,0.461857542914605,0.217393274136091,-0.145854526277812,0.269324183556106,-0.044999566545145,0.0154173606422767,0.740832445295573,0.068915337588374,-0.257194596176876,-0.330142154945493,-0.26835362819468,-0.100106057952775,0.240598875443441,-0.719096699229514,-0.250898287175426,-0.229226287832168,0.0233419965605409,0.264914488598913,-0.0158570492879377,0.170964807343662,0.251071263310793,-0.229429542180468,0.210759027381607,0.198465252474429,0.00862861368820422,0.0562094694961646,0.103024109101869,-0.289370996756162,0.726744385678076,-0.269590382741033,-0.594997470960192,0.438188383639812,0.22981066647151,-0.000328911384706248,-0.0416394215230235,0.184149271724168,0.0576142417302654,-0.540204056192085,0.0442362402639678,0.0374075829958377,0.0741370530066347,-0.246242458697068,-0.280422497367112,-0.000335048512433046,-0.274703241715123,0.305399749855755,0.0282723081838363,-0.212727359271191,0.0730395530651724,0.975764469140649,0.069399580008615,0.781608533076568,-0.229147349469464,-0.246301879284729,-0.302260020556567,-0.693832105056988,-0.504561757637671,-0.695400658987216,-0.415359612291208,0.207151938364052,-0.103279819333317,-0.488914541859711,-0.631435988540484,-0.211095830432441,0.457800820016123,-0.538317809412824,0.0235376400307165,0.0131887306500163,-0.0962389182001706
"岳母-女婿",-0.634074279337847,-0.0606961776555269,0.00695940176654296,0.109244541336664,-0.311066201577284,-0.438146762094433,-0.609131897514522,0.109924207526127,-0.0629990192045749,-0.534061785962183,0.751903628018548,-0.0096334747847719,0.274223701159469,0.285107339846489,0.09032156559837,-0.224304995210084,-0.305463355739378,0.0290826533296149,-0.480714214577352,0.152295424006827,-0.129928690267897,0.183319964318597,0.332267327896233,0.270583811953964,0.0434436101933066,0.29527829324662,0.280765908553649,0.972026199403019,-0.613062501787321,-0.0516948336720525,0.042519104080574,0.470758198597842,0.970682433499004,0.302720028041103,0.74710657462518,0.106397593042892,-0.00687716508542551,-0.0379479727534658,0.0781471306097784,-0.0305228791949395,0.06860804763918,-0.649290131709707,0.29090858046237,0.11938645278732,-0.0984069382615912,-0.150085525848285,0.0838331937748648,-0.293009669160751,-0.0934257854711526,0.29199867538447,-0.696515039080186,-0.691123544274708,0.333888178897275,0.766077461873496,-0.339510819049294,0.133307071833747,0.279572626905741,0.250270333375172,-0.395286883750422,0.237296411620854,-0.108950334304645,-0.558393015192825,0.299262419771108,-0.239152377112735,-0.55036053014455,0.0843252569115301,0.48940983468144,1,0.471665232861694,0.135658944275247,-0.140098112047699,0.750641108319421,-0.14769300386022,0.964187832997156,0.175094967406234,0.277762680586796,0.00425364097421211,0.168271495926253,0.281302091766093,0.0682054769284422,-0.325452887530343,-0.455622763802885,-0.112433125225001,0.27704774855057,-0.312586582144146,-0.0618523078138098,-0.0946451213430801,-0.307478946301316,-0.551633884728708,-0.270475289600937,0.0687210088868786,-0.60608737910645,0.261368049261142,-0.307486934031925,-0.137951951821522,-0.0900262062249193,-0.14587423743629,0.12010749792501,-0.00826101529065599,0.325259819387609,0.10949542998985,0.07178860150097,0.119791730114181,-0.206959609423565,-0.0384439104836775,-0.0818615574170828,0.115811804438708,0.455402004947116,0.272920614034156,-0.00821706461000957,-0.335219475966337,-0.384019530013794,0.146471363985571,-0.332280798147099,-0.317969078834516,0.115264922068992,-0.602183322372499,0.133227011737356,0.107407443692579,0.29545796117612,-0.137634077059835,0.00749612093552001,0.473569192613488,0.00974185733721714,0.757523282488672,0.234834723030618,-0.448574831958862,-0.238089536749664,-0.433736603851788,-0.560914261437736,-0.441431960314883,0.22886845057597,0.166144542683299,0.278851599768115,0.119790221320517,-0.115761368529523,0.0960573749017205,0.963106654945506,-0.322118618360535,-0.391807643984734,0.132909957839531,-0.435849138102085
"公公-儿媳",-0.303258180766637,-0.291509092736388,0.174639939809056,-0.17633276918223,-0.0767504927613845,-0.117171866555237,-0.311972670151177,-0.189241815522977,0.226841372040395,-0.209625691144869,0.756294569477947,0.456074947034751,0.182234691194514,0.321733403576063,0.734845574672009,0.299124137300456,-0.523980540368238,-0.275785506516364,-0.345144495322642,-0.28361874465405,-0.138231872979704,0.194498752340146,0.0798909652610695,0.311179482498585,0.20388001732509,-0.0972386004324638,-0.107138026054837,0.462282490844422,-0.309443914832698,0.243145118024762,0.212522538584225,0.97856810923806,0.454311997705415,0.133347161165345,0.0943223039599703,0.328277048502185,0.0824475081877076,0.458166103238431,0.747431868637441,0.456755238285043,0.274912415555237,-0.298679839937263,-0.160283452869156,-0.177803593672571,0.0195760459020898,-0.214991078378605,0.269328487882893,0.292587342999629,0.0277399496309646,0.14719461189645,-0.560628412212825,-0.560900906508598,0.0905168017611764,0.764357342177628,-0.546869848131,-0.00643546563181048,0.312914316737752,-0.425905495295876,0.014986125307809,-0.426784916294139,-0.727862509368422,-0.220218869874007,-0.118191647220455,-0.505142677357262,-0.229497316652036,0.749366576185343,0.979285400882442,0.471665232861694,1,0.0244612958158423,-0.130407588682198,0.101099525361794,-0.138668825746355,0.453063479940429,0.207233217736912,-0.14028816629045,0.279224024215844,-0.0450734718647966,0.00922802053895825,0.748034917389007,0.0608957063097785,-0.256303406483442,-0.336141456576041,-0.280004266511797,-0.117110167531635,0.237092002613449,-0.715083566305726,-0.248967986454559,-0.231050440278743,0.0192131004870851,0.256850096214235,0.00972379513539942,0.167756374038237,0.277061098434052,-0.222398637041385,0.211962271831524,0.197597004763823,0.015498333854896,0.0615304002356853,0.0977702812666729,-0.281197059758164,0.729966081135328,-0.265561264354485,-0.569504267183962,0.449759228031363,0.231277947996321,0.0112121798583393,-0.0317759571528567,0.175667686838163,0.0764181206080673,-0.538091826503813,0.0368949638010113,0.0139129352934821,0.0774735998317561,-0.24814744884556,-0.281655217968695,0.014768437843178,-0.271145159768297,0.280338104362385,0.0157536686663482,-0.2191229161774,0.0755284239730505,0.975336711863709,0.0745838818441406,0.763820153817737,-0.2527468163791,-0.249043665173774,-0.308785165870758,-0.694610799558742,-0.498055721640011,-0.688201124421022,-0.429405097909378,0.199620058260489,-0.106304565124874,-0.496184841319875,-0.641253182807759,-0.194642695748433,0.452567659228596,-0.542995853734222,0.00904004801963397,-0.0128597470850328,-0.110788832248169
"婆婆-儿媳",-0.113867801730931,-0.117231985512527,-0.50849417900109,-0.38353758640293,0.0661220687673731,0.0486870575264852,-0.219588156073974,0.227528971298345,0.118118494389029,-0.268564185445336,-0.00620437104623429,0.299057688316716,-0.173712232407258,0.220487665806422,0.219468778583705,-0.124719458959779,0.253813354835672,-0.339936087598898,0.276375814165181,0.282070045452538,0.336976409039244,-0.117540607921012,0.0961698601561633,0.219983616791119,0.804219932330476,0.104597664322635,0.0961277769015052,0.120068795606804,-0.223342199251639,0.115932852253395,0.810995535379741,0.00204693853564434,0.113891835062979,-0.629010541158613,0.484271627510731,0.540810888776586,0.316059708100906,0.304858474239994,0.229760519972804,0.289516172362518,-0.0389274294126633,-0.120590285577414,-0.317581903236112,-0.382702750745457,-0.270571719430335,0.34790337327448,-0.0340648374602717,-0.552609902577775,-0.260677054981493,-0.619009466233393,0.150720146118264,0.148687892579132,0.102608424307461,-0.0030461442320167,-0.473582127926005,-0.508791561135648,0.228269326918784,-0.0479242445578723,-0.368517213635112,-0.064530199069394,0.185773852113995,-0.271121628836554,-0.151476131796432,-0.637916614330364,-0.277711808166345,0.228965010726058,0.0192452340035391,0.135658944275247,0.0244612958158423,1,0.330011769492114,0.485815618576975,0.328817410770953,0.112985344019302,-0.114110430279494,-0.315998880277432,-0.669502221222841,0.0679649228963881,-0.0910831638945987,0.231380736795593,-0.0361585966781884,-0.52044334641638,-0.191475308137062,-0.0137217910528583,0.180926977754247,0.0962091321402666,0.188497196341669,-0.0155423917858495,-0.292804297179148,-0.200942353316025,-0.0500718039155007,-0.265179252669225,-0.185398488819928,-0.557868294936193,0.342893222011854,0.106141811000922,0.169524013689792,0.969936290997864,0.304762848208658,0.0912924436129979,0.00666576510519719,0.218931540322619,0.0153911977801825,-0.234074897172678,0.305527849571779,0.0994394739442993,0.976472580785182,0.771660762277835,-0.175295518959628,0.318930570271667,-0.478691618753414,-0.365132040911798,-0.492179783647417,-0.018535185059152,-0.00311826517167198,0.00785854791361585,-0.27083287080895,0.0119548883000273,-0.0312295718642479,-0.0937401021022125,0.344075913052036,0.322543440744103,0.0135111344406223,0.310861638529637,-0.0115683074457558,-0.386734610023349,-0.508556564931293,-0.714084403584808,0.257557269273518,-0.277040121635406,0.250337981754934,-0.0677336523668402,-0.128897199664595,0.0910381305585608,-0.158206704218417,0.138334378152799,0.219882511463955,0.119647947128731,0.241821460675135,-0.374983997046368,-0.512697698361607,0.0433263485688207
"舅父-甥媳",-0.0755965692247161,0.182838197283609,-0.279544837590713,0.0203828066348997,-0.0475675522489789,-0.395545761493698,-0.100545352261488,0.770891108061823,0.472458558787402,0.219568157716823,-0.192671228216549,0.245904900675247,-0.67018431262576,0.00243747799899331,0.140460529372964,-0.0189893550053106,-0.125906477245637,-0.196245290582825,-0.184689982820657,0.00436511738615393,0.968725462195598,0.155572605607806,0.201930734246056,0.0125708981798333,0.168330085896848,0.497334195118891,0.500204887340246,-0.131549914150588,-0.079033853946314,0.484155463177838,0.163013045372874,-0.148210430534709,-0.141314244726904,-0.485523132484138,0.13259692085048,0.0369345386456097,0.270511895377651,0.272780993509343,0.161925204219447,0.270283392424913,-0.67666414101712,-0.063904302930376,-0.263948700193124,0.0404090867196004,-0.572905403353523,-0.0840999862460184,-0.685002978677441,-0.373873685239781,-0.594897061653963,-0.459468376551586,0.163031932054596,0.152751744402443,0.197907121539547,-0.196036207597253,0.295709246494131,-0.49576790402513,0.00186233533800284,0.0671621400456108,-0.0666116325267256,0.0777340594662097,0.254126281671884,0.253602698937817,0.037451828994409,0.107278104211957,0.24999500643899,0.159117709849741,-0.139912600160784,-0.140098112047699,-0.130407588682198,0.330011769492114,1,0.144976556271757,0.98364807708033,-0.118980889724903,0.148389842322649,-0.266249181630082,-0.463536866931107,-0.015476317132753,-0.338599337884673,0.154729161780972,0.166565849968415,-0.182503927461004,0.0633510238752037,0.247601081549914,0.0424631141428865,0.49963393511582,0.233690227069645,0.239382894445046,0.222140323005183,-0.545014359048437,-0.672649635627242,-0.142177412149508,-0.63292931573493,-0.380590084265526,-0.0913519463720138,0.505396843924758,-0.540215856519975,0.346165614669773,0.282113902293943,0.21874796618786,-0.116020931912478,0.161393608515104,-0.145600519346468,-0.33454196562279,0.26929777469215,0.481544689884088,0.331400885200248,0.267386441583917,-0.670374573755702,0.266302506639511,0.29027937042412,-0.0731133161831291,-0.49676994826433,0.176150258016271,0.238553419381031,-0.142696339010392,-0.169250051027469,-0.145338164207595,-0.688952675257622,-0.357528292491615,-0.111522565271869,0.280366708828534,-0.121769758888997,0.259806222921352,-0.199270286077459,-0.484867391276908,-0.189341770252015,-0.123856406615833,0.270295275340465,0.403629267676633,0.279506397902372,0.0786707153323346,0.15669017883844,0.489167010566036,-0.312857856430879,-0.136931111257206,0.773786359850692,-0.130899422535528,-0.122786787713746,-0.075607197553222,-0.492145871539715,-0.390421003825116
"舅父-甥女婿",-0.530334336726447,0.122196703334506,-0.290282699550276,0.083124467782927,-0.207686563000855,-0.44430882167365,-0.687303633736635,0.290754520590313,-0.147981214404032,-0.535229655787325,0.452655878717934,-0.00167006065772167,0.0481721828305321,0.113028929562969,-0.0286352026977783,-0.333183547919832,-0.0254770261678364,0.0396666191578076,-0.246325223836209,0.352753205537888,0.130444323029909,-0.0520294634040989,0.252498441706152,0.109464284274439,0.172981984030768,0.358085466819651,0.360874671186152,0.754377301253321,-0.681307110282243,-0.139150944678445,0.182949145207823,0.0863761509706953,0.747869214122872,-0.0218378486543403,0.971761617501047,0.102485149195399,0.220716148028976,-0.00207492725390305,-0.0207535580502557,-0.00120824232527807,-0.102002506675438,-0.533052124674021,0.309634114007223,0.108025752256024,-0.240939764087524,0.154495066328184,-0.111254376160505,-0.628141593883969,-0.248108937269305,-0.0111624804089769,-0.440512321373633,-0.441292294288588,0.265038204257136,0.466101123400224,-0.25480812969356,-0.116627455545322,0.109495627380758,0.288375343010901,-0.513303407482247,0.2833604139831,0.233197454357872,-0.524184102282715,0.220957960602618,-0.234364799070157,-0.521242083264073,-0.0212733406628139,0.105293306522212,0.750641108319421,0.101099525361794,0.485815618576975,0.144976556271757,1,0.134068202340539,0.770719047626114,-0.0473854359196494,0.291720205984033,-0.335096751948752,0.286768482181731,0.255721176063908,-0.0251637910105242,-0.306898202772419,-0.610356463189085,-0.00473660524945995,0.31524871163922,-0.319506719536687,-0.132919504571978,0.222575766931824,-0.0917713866050839,-0.53223141321109,-0.443211723568307,-0.102507931072657,-0.649565724398377,0.0461553435811684,-0.632334560491876,0.153901227541362,-0.136573418891805,-0.198424860831096,0.493513486265598,0.228605924052844,0.258221923533872,0.304531802577272,-0.0209863000280656,0.298073570540081,-0.0886608917372451,-0.00536872354827914,-0.151093444182479,0.476663846058778,0.754980661866557,0.0288411045686759,0.216221004609239,-0.262236411424623,-0.511159043041855,-0.115386917776279,-0.316495095226383,-0.105516674801946,0.291229686351676,-0.660293319646581,0.287316848565445,-0.0968256954448664,0.257455305215576,0.147178393919867,0.229490453445398,0.0951401521617643,0.218402735503711,0.452351048664796,0.162000288866821,-0.613501323454063,-0.451339572099386,-0.133131238150698,-0.337039793828924,-0.129527778975658,0.276821588237261,-0.0598836546147969,0.355234087622962,0.228377141731748,0.227776392487169,0.299113648930131,0.761176459169685,-0.0328803922217395,-0.508884905246448,-0.115380724831934,-0.439559319434778
"伯父-侄媳",-0.0587258425740748,0.191138512510654,-0.268164233733738,0.0298488356213126,-0.037612621554877,-0.389201092771516,-0.0916514912004753,0.771300137715698,0.476603367116716,0.230768445375411,-0.199960784109059,0.235519718917345,-0.670625589474809,-0.00213686086181892,0.130560086978861,-0.0247452372469269,-0.121381495489043,-0.187575596694693,-0.169710579484714,0.00642186013333096,0.970723444780615,0.158725134488402,0.20195562807625,0.00603344779069409,0.1595595207718,0.494156409112195,0.500707620321515,-0.136680435797071,-0.0710552094244264,0.487608865850977,0.16549716471109,-0.151519228390584,-0.144003166868345,-0.481074146961495,0.128806332540546,0.0304631121456926,0.26962263648858,0.263204303587912,0.145961810328968,0.256918780836252,-0.684304656346996,-0.0527470510460942,-0.265463964961092,0.0441036261493307,-0.572230676863406,-0.0905947580342403,-0.687264097829791,-0.37550683545167,-0.592445768192033,-0.457182717483536,0.17492595379221,0.164038979383077,0.196403800706313,-0.20438714221949,0.296909619349045,-0.49710461165214,-0.00639762135807405,0.0739166927369303,-0.0615507852003355,0.0765583772165063,0.254722175520754,0.256402797569393,0.0395554145966004,0.106081908651214,0.254770091565973,0.143893506120028,-0.148878106980521,-0.14769300386022,-0.138668825746355,0.328817410770953,0.98364807708033,0.134068202340539,1,-0.122711041736973,0.152217436835279,-0.266046105511049,-0.463842850303232,-0.0182977827793887,-0.339094973914976,0.145220869654652,0.168693172136668,-0.178047102446779,0.063352763963693,0.25132463485913,0.0428214257693367,0.496172433997987,0.241246319124264,0.244440687070514,0.233587523567291,-0.538669970536934,-0.676538942306162,-0.138467472686187,-0.639915998932817,-0.38371986260012,-0.095555996513516,0.50843790014499,-0.544210523223168,0.338565309644315,0.27876488005706,0.206562691160239,-0.117157483545189,0.145521637118022,-0.140090282125829,-0.318882503351625,0.260186356294086,0.48888030815585,0.326790263317008,0.261772212416985,-0.665551165655183,0.263854903766118,0.299671428923065,-0.0726165971227416,-0.493013560746376,0.177021978620802,0.239603952588697,-0.133307485044116,-0.164903563323374,-0.140030956834966,-0.68847756473596,-0.357551590039823,-0.111934940301352,0.270477263156378,-0.140608449451508,0.2523209560047,-0.212842895357618,-0.480610013692329,-0.187141031274257,-0.119679094886347,0.271896010885417,0.410308208653312,0.277604223501744,0.0785071642514786,0.147436282391477,0.47767300759,-0.31011140277648,-0.1325909716785,0.765716270227622,-0.143780023968742,-0.115970388646899,-0.0704232531507514,-0.494357549439093,-0.389333708280317
"伯父-侄女婿",-0.647009697294243,-0.0635259411163508,0.00156919327997897,0.110795869304759,-0.332605150670642,-0.457477847791651,-0.62604578499721,0.10861056907027,-0.0786564537938184,-0.549991867232324,0.746938225957941,-0.045335751303872,0.259343495374785,0.282529803900614,0.0691668977699744,-0.222411407599807,-0.312642976145491,0.0471349036912662,-0.487452710680279,0.165189761840589,-0.117408419003253,0.189201179741458,0.348519773587873,0.277210980685663,0.0231603263844661,0.299226017421321,0.297090834549553,0.977670459781896,-0.617803412507236,-0.0668524951414317,0.0326587205320986,0.454961864380833,0.974544301444506,0.307469974741616,0.752349248931351,0.108128732167931,-0.0279463852167431,-0.0533465836348676,0.0637247783477408,-0.0476510499820375,0.0666079026672724,-0.644866992615274,0.307519170495284,0.136830990991694,-0.0965419141985802,-0.158494864099486,0.0608627879720564,-0.302612622589089,-0.0998919083992854,0.302798036495507,-0.697036833075675,-0.69203621044175,0.352143126624561,0.757222178017046,-0.322921204652415,0.144177006766805,0.281540402577479,0.252206291787864,-0.401285744669261,0.251995868070339,-0.0901093763388082,-0.550265943320668,0.326002687387081,-0.213393230087308,-0.537436788485809,0.0643275848162614,0.461857542914605,0.964187832997156,0.453063479940429,0.112985344019302,-0.118980889724903,0.770719047626114,-0.122711041736973,1,0.196832704769038,0.291185724675763,0.0183407672640556,0.167345254886686,0.276552013656234,0.0587388803384983,-0.318472752835705,-0.448507455688501,-0.0911791698677399,0.319900706638352,-0.304700630335816,-0.0575144902273625,-0.0991218186677815,-0.282748003025155,-0.545638562643829,-0.265707628058181,0.0660463826400334,-0.612852718072872,0.255273223613746,-0.313157325375443,-0.156598199430988,-0.070951616958067,-0.156730615058439,0.120234607296864,-0.0197455083054856,0.350269133732174,0.127907002022961,0.0647164467380694,0.130041472062622,-0.207546949134823,-0.056661316243965,-0.077610971302572,0.103270609958808,0.45221419897954,0.244736899820293,-0.0314631699718554,-0.327128603829479,-0.392310496222983,0.146409340784918,-0.33132075443748,-0.306701890892433,0.119201204385707,-0.617932276937735,0.122822173173589,0.0770956116770676,0.285860134049222,-0.163663663078592,-0.0162580435724783,0.446140600005917,-0.0231652033804297,0.748968439232856,0.24891229092038,-0.45100319290024,-0.231724343488789,-0.446835111745465,-0.547152762667091,-0.44517337182811,0.242517226275595,0.184167444554809,0.294505207420368,0.150809128704705,-0.110560521579998,0.11847144184851,0.971551971856795,-0.325426415640996,-0.389756820913566,0.143272190406758,-0.450499078825181
"姐夫-妻弟",-0.532831670813325,-0.267603117925966,0.0731092566996016,-0.159666164094719,0.00137950731371992,-0.144434848847692,0.302959789395036,0.0327877428895613,0.758985292707195,0.135262420144406,0.245600283523094,-0.458303817137585,-0.225768404730343,0.315759071076349,-0.148066151028912,-0.0544576999078531,-0.314246339517778,-0.463321571240115,-0.289673445878481,-0.136787227318336,0.178687451709596,0.970237877451612,0.175484421206939,0.319055172761961,0.0949224104523597,0.0764784177835449,0.0650747860149547,0.180819268644244,0.309189689631507,0.758368204129511,0.103838229427837,0.205409992003683,0.191181087625369,-0.0337001532770622,-0.0513682539866774,0.228648797387453,-0.71288851140481,-0.450014097877323,-0.147221668479466,-0.447205938058108,-0.0765432365269078,-0.522896527397739,-0.243690549936731,-0.157310163784255,0.200840098193743,-0.369982163492943,-0.0892976236879699,-0.078553074763416,0.179738959318854,-0.0539020136166765,0.158869496451304,0.150076555203771,0.160546338954855,0.234842746027231,-0.136417788601789,0.429015419358209,0.307439277822276,0.551656002107105,0.367243762031427,0.560001589466744,0.222144591246506,0.143845572394895,0.772776468310085,-0.0401030805497691,0.154307909283479,-0.149286500153552,0.217393274136091,0.175094967406234,0.207233217736912,-0.114110430279494,0.148389842322649,-0.0473854359196494,0.152217436835279,0.196832704769038,1,-0.24100199802896,0.00553316912839999,-0.681887710255658,-0.508695093074228,-0.148587677131387,-0.309821125165675,0.291992610795938,-0.541427961819068,0.286620275759189,0.358564267075468,0.769508518265354,0.209679725778355,-0.550515615880207,0.136361746869822,-0.0576197691331414,-0.097081601341784,-0.3681469902357,-0.235533998181319,-0.0806062844117023,-0.379568417072655,0.758736548677272,-0.116001217922961,-0.112785927539758,-0.716213491736559,0.173836611562684,-0.347265160702628,-0.153873483425691,-0.338080840202574,-0.458807310576736,-0.447293923472213,0.768432754105234,-0.123067855137461,-0.120487449972673,-0.223690429797197,-0.714602047831519,-0.101212772177101,0.37618602915695,0.439899946495978,-0.305850640555895,-0.557265084419333,-0.351050942458602,-0.366878092227636,-0.338634108130597,-0.0873192350046765,-0.499430889338015,-0.382650683620289,-0.706411462003988,0.192770186259833,-0.709067110145799,0.245567781812503,0.16213369826596,0.289281551626566,0.215755685632314,0.157750256298348,-0.0896527475632915,0.151934930440277,0.553281075418505,0.964578027946184,0.0677682062934702,-0.0681428484633634,-0.315367057115755,0.0278275070564102,0.166322599749718,-0.337861225169023,0.371068384421444,0.424273776739311,-0.137781374254319
"妹夫-妻兄",0.0819062995211555,0.341626538314939,0.00986478941367715,0.37021858365977,0.0200041854049151,-0.482867180733304,-0.505301406333175,-0.0980420421504377,-0.398988203053683,-0.184744903397217,0.111171317778566,-0.160797160190396,0.262541709750701,-0.407019156204782,-0.253980270551315,-0.217137068444005,-0.147570506013776,0.149139109165731,-0.362169647239829,0.20097498138458,-0.279608255399636,-0.253895133135669,-0.190270301308539,-0.415009206570651,-0.55467066804803,-0.0756833019087208,-0.0604244713954913,0.29266629680464,-0.506793239499833,-0.409462826191428,-0.557808764757804,-0.135218143477391,0.274320410946451,0.768746297986278,0.292911114848902,-0.534197690043025,0.0898065515433081,-0.1592369822857,-0.241848803006227,-0.141460276216735,0.106311409743553,0.0772593641028254,0.974259491275281,0.369993047634364,0.138707287145422,0.460047286960998,0.105946496439787,0.204660736548477,0.153708312181851,0.788808792102684,-0.458129395996583,-0.462972903929508,-0.178288014438261,0.134513790033423,0.178148799747504,0.12828579184742,-0.419751762944021,0.109326320149209,-0.154811210549165,0.108522913226233,0.0615696689477605,-0.174605738484693,0.0392041853800046,0.220578696860216,-0.178827404835064,-0.231057203287221,-0.145854526277812,0.277762680586796,-0.14028816629045,-0.315998880277432,-0.266249181630082,0.291720205984033,-0.266046105511049,0.291185724675763,-0.24100199802896,1,0.519498731292462,0.286931050865316,0.370354628062688,-0.239842259574913,-0.212967496446881,-0.247366852696484,0.0813725073647035,0.0844160628580659,-0.537898331268706,-0.392845626462307,0.054702512379989,-0.0228269257600425,-0.167118369418443,-0.387932260992038,0.0964130253281826,0.0763589098837199,0.259914935284658,0.202383924698448,0.454876284799977,-0.406964910507735,0.0346909326909128,-0.310428882732015,0.106811455577455,-0.184827677999197,0.765890891026477,-0.244848547627984,0.765790932088495,0.427416825109756,-0.174752026404469,-0.408466453231787,-0.312109888345161,-0.0125136916642799,0.252874104493138,0.0749619030339133,0.16443721550815,-0.160463379381142,0.106316783103357,-0.224962853690592,-0.0228337133775528,0.776401407945734,0.0704705005823368,0.77488530202382,0.0942377848024932,0.364701465140147,0.447138705397587,0.0841553843852781,-0.14549753858092,0.0893828108649551,0.130231293787438,0.311784782598,-0.256225081659392,-0.0114356992170408,-0.259990074433898,0.0359066733907308,-0.265357654315406,0.0988965837956404,-0.257609386629244,-0.072198509250932,0.262935993850765,0.140825635078041,-0.0911539422109425,0.284285839071359,-0.137454695412966,-0.14852223056283,0.124593206693459,-0.48512193279451
"妹夫-妻姐",0.235433947794705,0.0190051282229201,0.471966109792402,0.205430218893576,0.0701282317313852,-0.151937778845326,-0.034907219459935,-0.422076203262483,-0.11302576989728,-0.067395794909719,0.275009664215705,-0.123552049106965,0.377503676520031,-0.0622809052343007,0.0793900478775647,0.160182287062625,-0.511977675029211,0.0666064185445224,-0.38122571937597,-0.333897442842908,-0.476663757698218,-0.0070528547933712,-0.0649287550463849,-0.0635558338409483,-0.514562093476667,-0.246612742162944,-0.244677477603897,0.0153159577537398,-0.0344769680860509,-0.127995227733555,-0.520249021495805,0.28306111624225,0.00575029902629434,0.798637309963245,-0.332426911546481,-0.204320219886917,-0.192176752731514,-0.121752434415108,0.0829340130561844,-0.102631380736761,0.408272453229755,0.237278670871886,0.496797553196007,0.200322005812719,0.480666971924888,-0.0351571357916604,0.409432248543182,0.815219318020946,0.490593616331572,0.80720135633882,-0.362761490819612,-0.360721987689796,-0.0648077218466712,0.287012070878405,-0.0238255205262534,0.273764757693524,-0.0717571953651165,-0.252221183486326,0.170198570643239,-0.244251755439039,-0.464851155620962,-0.0601232903851894,-0.0162128198587624,0.200584596693344,-0.066369720296475,0.0908087838758558,0.269324183556106,0.00425364097421211,0.279224024215844,-0.669502221222841,-0.463536866931107,-0.335096751948752,-0.463842850303232,0.0183407672640556,0.00553316912839999,0.519498731292462,1,-0.0401384928049343,0.213996377568619,0.0932097822196919,-0.066645527886492,0.28657640358301,-0.132157008375944,-0.231727683703366,-0.206114190429364,-0.110091022355802,-0.472223492350211,-0.167036069917945,-0.053372505159372,0.110339716494683,0.3982589863013,0.543335555862681,0.390322548327385,0.808681613663143,-0.0196078886358071,-0.12551794203488,0.247577647652797,-0.651328333249583,-0.177719750384381,-0.0539187986741579,0.130968971559887,0.0810496006940038,0.13137643591196,0.201298298329365,-0.138389779724925,-0.125192072633654,-0.669645600194029,-0.651463497772024,0.364458315555742,-0.206477229402331,-0.0354455633427853,0.17424332740025,0.248533351103964,-0.0774925989731954,-0.171010698083756,0.139173741964952,0.547071956867475,0.140522407477896,0.395385762144042,0.21746101892782,-0.0321017567615415,-0.195643668143038,0.277479289134688,-0.186470364722223,0.298682023210109,0.114111130459348,0.276136353713022,0.302588767195342,-0.557953340132664,-0.117813392056252,-0.558262758469391,-0.242516553030701,0.00147255714012939,-0.245595360055195,-0.199394869909116,-0.421109358105379,-0.415146202083216,0.0031768990023924,-0.506337514285238,0.168808761681933,0.263111731604682,-0.147466218473416
"叔-嫂",0.223931016384183,0.134958741853703,0.0649133314484792,0.22782269124745,-0.388275531717802,-0.274828016239236,-0.354885556550946,0.291666240089058,-0.676308655173933,-0.464228315311059,-0.00406631302172829,0.453612207103291,0.478419971623062,0.035706685237841,0.0891488845325009,-0.353838206976742,-0.0669469109949101,0.329084097899877,-0.213261012278818,-0.062882171913855,-0.0442080284638393,-0.667159139766561,0.239931188126618,0.0228690422648994,-0.07322203242822,0.352791220460205,0.367875001059457,0.170773410367463,-0.349486266631672,-0.669186206719111,-0.083599848459136,-0.0513573368620715,0.159689626707025,0.135519382194443,0.270207302845502,-0.103057656750167,0.764676795237749,0.453915452631925,0.0943888549921007,0.456525619640465,0.147575410953998,0.213752784393544,0.294625215947687,0.235161042006795,-0.422571095265339,0.148528030262083,0.145041941141835,-0.0743228787985155,-0.41966333821031,0.153747300910786,-0.308317841068759,-0.30815818548444,0.266548749877532,0.00237243752000869,0.0886039140085557,-0.530721201615597,0.0375128812905646,-0.232623861413503,-0.684277892767883,-0.241269788272511,-0.116208362163066,-0.453062347192181,-0.475237429500444,0.111740054081337,-0.450223242486196,0.103433254477558,-0.044999566545145,0.168271495926253,-0.0450734718647966,0.0679649228963881,-0.015476317132753,0.286768482181731,-0.0182977827793887,0.167345254886686,-0.681887710255658,0.286931050865316,-0.0401384928049343,1,0.779278699336531,0.0980158474728655,-0.0971834116220881,-0.26017812140802,0.344766668502463,-0.0982346028011502,-0.379047642792186,-0.667306154348003,-0.110007823735258,0.161011652126429,-0.44909684710221,-0.239486300661439,0.149987481923465,-0.00231511793289442,0.472580961992489,-0.0885619904569941,0.145637998572161,-0.676854194332403,0.00113261258984095,0.0605120609499203,0.771852578184768,0.248372497594323,0.316931974003523,0.0958117134745711,0.319219363595417,0.351105530475039,0.454275417673964,-0.671172235114299,0.0520989169110639,0.245594587844615,0.473366248455817,0.75818747796089,0.0747635165320188,-0.684800894409205,-0.526034732881743,-0.104056812458079,0.172740926242682,0.328667953638394,0.00267437022307691,0.315185686249812,0.14979427961956,0.763065091630251,0.153083912379157,0.759533464526125,-0.043767528663318,0.759013034027031,-0.0033464901186799,-0.235236109967611,-0.263664049763499,-0.0310224787205472,-0.178183642282546,-0.157102882385959,-0.167229122762061,-0.228141001076521,-0.665107001301181,0.363768901602459,-0.0550564123510501,0.021650571545165,0.300681173757971,0.177002639854639,-0.037167536210641,-0.674400869093462,-0.517107955874031,-0.282211707872821
"姑-嫂",0.0219222545116034,-0.0633504601259046,0.235206337496817,0.14994647407016,-0.486902242162216,-0.211530370821777,-0.249381146252289,0.0205820012287623,-0.655255961577839,-0.652710166798946,0.199813694308088,0.119926802239539,0.775025858377099,0.24519733416278,-0.0299663471451883,-0.433893796786319,-0.229607654116809,0.377162665114088,-0.26783618841627,-0.202252537177577,-0.356651853333924,-0.494206296933091,0.386891928263946,0.23290092362024,-0.147775855543735,0.335504531236634,0.33720663818987,0.283538671791767,-0.252589749069893,-0.661459808150349,-0.149374649711164,0.0190932543553412,0.277528461867451,0.342819566574435,0.256209508324937,0.0467481481088873,0.492141714699551,0.100965516695548,-0.0269106791858128,0.103209054007422,0.511640141275331,0.00327767086673284,0.374176062050574,0.142336411792454,-0.129484992686767,0.00931965636173364,0.512768794844535,0.00906053680598765,-0.12393157492594,0.354543786952307,-0.322871397812107,-0.3192470972336,0.413341817935333,0.209394287677929,-0.100814372635067,-0.20672550069962,0.247352853173196,-0.102426781240396,-0.638544596256197,-0.114675582556816,-0.107418017836422,-0.664175837876692,-0.209837148399069,0.153809284457964,-0.665593548141027,-0.0276675189456791,0.0154173606422767,0.281302091766093,0.00922802053895825,-0.0910831638945987,-0.338599337884673,0.255721176063908,-0.339094973914976,0.276552013656234,-0.508695093074228,0.370354628062688,0.213996377568619,0.779278699336531,1,-0.0300590440865359,-0.388217797114514,0.0205726982267982,0.14043596284014,-0.0596543028444503,-0.218459484489817,-0.66247633597088,-0.0929734087007308,-0.127828302723179,-0.654700558269663,-0.00842917227641674,0.522465521229728,-0.0382520622491201,0.772731562126783,0.00636273338263461,0.00713609552772742,-0.662185245754242,0.176928432776751,-0.0986593631260175,0.485886858530516,0.39755052636393,0.159842597613158,-0.0256135127180183,0.175932538544914,0.348997146117168,0.109953727966757,-0.66116097626328,-0.109820007863891,0.0432725274312385,0.767187287066335,0.48361234799818,-0.122983378391292,-0.635230979114241,-0.207061225850881,-0.397592181155682,-0.120465184576436,0.181369439346958,-0.0302104690647957,0.168017411961754,0.523971290794006,0.98193931526451,0.0183285739251788,0.48673069001546,0.0130413569626393,0.49252367744361,0.210406242845379,0.0449990170307187,0.0154390482530372,0.128350551738381,-0.298365939341233,-0.403789220352884,-0.283759271586546,-0.109845851403238,-0.506241996476292,0.330152146522834,0.0253032450405016,-0.0211369427023747,0.0202241299287065,0.290916642133548,-0.210156149595711,-0.631283658562518,-0.203763653156926,-0.221130728147668
"弟媳-伯",0.0166926272369012,-0.148946982476729,-0.03741130394504,-0.25966563691602,0.0767853932517615,-0.0302379065032474,-0.309606578011532,-0.0757567802852901,0.186140960817273,-0.0135003773219519,0.444893828827087,0.785219120697049,-0.0555404018400579,0.0675109506743919,0.970320409344606,0.410506336223955,-0.354644876346863,-0.285378601618017,-0.0982964736979131,-0.284254866344226,0.131333639140504,-0.144491107814631,-0.0985396482297502,0.0601654324460812,0.267182916792921,-0.161853869556014,-0.180374456420772,0.0484493444395043,-0.305619007993884,0.200903571090254,0.273321292431655,0.734817591347553,0.0461695048853489,-0.182571306583822,-0.0403667051255633,0.264374208450299,0.478299009502765,0.788964618875426,0.983886252256571,0.788204865092089,0.1273649176584,0.0233234598469654,-0.25836567262905,-0.252754929700433,-0.187883011789406,0.0490907946053085,0.130727519715077,0.252293510530084,-0.176247846787565,-0.149808944380888,-0.328519592128079,-0.322270839000108,-0.0983356751892643,0.4383833950762,-0.404603078340431,-0.367808032752676,0.0639202426741399,-0.739189669968991,0.0598972774007357,-0.735845551954097,-0.702803442754908,-0.0137752183388204,-0.487841627512083,-0.507286013985845,-0.021799334052296,0.983668781668485,0.740832445295573,0.0682054769284422,0.748034917389007,0.231380736795593,0.154729161780972,-0.0251637910105242,0.145220869654652,0.0587388803384983,-0.148587677131387,-0.239842259574913,0.0932097822196919,0.0980158474728655,-0.0300590440865359,1,0.30898429457461,-0.340032241387498,-0.198613077051017,-0.50909614295536,-0.134574014242704,0.198378687237542,-0.704095100372964,0.099851822979582,-0.0173382709872982,-0.0797636660342332,0.122066218390012,0.280278481424154,-0.0532840359377347,0.232967238878631,0.0415923811043515,0.195440594026192,0.223911752406988,0.238777989481334,0.469057249852235,-0.0796317756384944,-0.221615665959026,0.980164535778151,-0.22209359024462,-0.570486336325835,0.779323866234071,0.187908702416611,0.228992541275834,-0.010681521703184,-0.0668344004302657,0.46544502068213,-0.418441113853093,0.0573649029484989,-0.352246423212944,0.316801588103377,0.101413720694616,-0.234512528227282,0.276251232486843,-0.234135151896171,0.131030712301327,-0.0385861514122808,0.0397412694014163,0.470424681789686,0.749260359006753,0.465478896100471,0.44536039078354,-0.562394285285015,-0.344317996854217,-0.499350819468352,-0.556811857047593,-0.168099313982837,-0.542466727444962,-0.735636965893607,-0.152567888069759,-0.175581884448411,-0.666474776247615,-0.531679360623311,-0.0855598468709122,0.0517826570560226,-0.362162024837388,0.043650561318654,-0.368325809043573,-0.0274894070178889
"兄妻-弟妻",0.321451780084625,0.0489158529624403,-0.226376183335792,-0.0931314665909714,0.142379809354189,0.400127334530954,-0.150581546288434,-0.0522779785455563,-0.0634155932463988,0.461355408400128,-0.212648406577985,0.36945791764412,-0.483952307535393,-0.366597035362761,0.299508464392944,0.789624475272243,0.33336991724932,0.329177429090125,0.414662153029187,0.364143446526525,0.158320432932945,-0.313882564891761,-0.376408660746361,-0.368675903032398,-0.0709515941035921,-0.272862378160565,-0.271352422534701,-0.323401377338066,-0.138043088283284,-0.0438684645846054,-0.0696685661745639,0.058130043526878,-0.3153749223449,-0.20517161463462,-0.320136712866216,-0.223755283596012,0.155973285661098,0.385470006810942,0.289284785692366,0.369668198663304,-0.402786707414634,0.330151143118414,-0.218510320727199,-0.0925238681835096,-0.247557880669018,-0.0204683141406989,-0.405865238341164,0.169715177316295,-0.242229567896424,-0.185696849087251,-0.122767548943939,-0.1254049914609,-0.383941200641403,-0.209637771674579,0.197468652535791,-0.0728569397103959,-0.346692181017991,-0.564434529544779,0.306379935938186,-0.553160977086091,-0.439767274639041,0.475928927617948,-0.553625774993785,-0.0918936075740926,0.470051577944861,0.302398579195255,0.068915337588374,-0.325452887530343,0.0608957063097785,-0.0361585966781884,0.166565849968415,-0.306898202772419,0.168693172136668,-0.318472752835705,-0.309821125165675,-0.212967496446881,-0.066645527886492,-0.0971834116220881,-0.388217797114514,0.30898429457461,1,-0.269203293409112,0.612143076289128,-0.0130953076003416,-0.0112296114541197,-0.049977651528512,-0.460345936552544,0.798539291813931,0.481891085194947,0.243187180628632,-0.410114978578815,0.318264917537048,-0.484570901898006,0.16347792461248,-0.0245393386238129,-0.049555755774165,-0.227943534589839,-0.0257201794073988,0.172714543494195,-0.392998178620001,-0.0533965517257506,0.300659587195013,-0.0752400057436704,-0.164567126783324,0.37502705976508,-0.046866359475856,-0.0284881009807798,-0.140417374083081,-0.479843294515641,0.166289758601899,0.186226974764739,0.297298464719108,-0.0872237743492249,0.982728681229464,0.806877621327665,-0.0683202571964061,0.322823258878973,-0.0825279689968598,-0.407295628577822,-0.402411951360612,-0.00679104762570737,0.157693548657058,0.0638147447103214,0.136106959834593,-0.2211050664458,-0.173357622162371,-0.260922732897621,-0.20593490647463,-0.198840656322787,0.369414197844437,-0.208903705646169,-0.55661003130268,-0.306452930791375,-0.264703888258813,-0.0357090942262178,0.119766735446277,-0.0488219690514506,-0.315789854452639,0.34295239959613,0.293950236657023,-0.0785289597612598,0.40044703565804
"姐夫-妹夫",0.11498771573314,-0.199980908307585,0.42314088774606,0.00245408775360524,-0.0936502368828893,0.247164194625,0.798466762787161,-0.144135524879466,0.148304410341248,0.143769087226954,-0.268861449606759,-0.478835473290609,0.175985246767016,0.231502874928251,-0.345308452173502,-0.133937640799542,-0.149608494263595,0.0996782739730929,0.0196276824495055,-0.563205196325494,-0.184948549808945,0.284658030981829,0.205078099872772,0.235107533796984,-0.248382928345413,0.0547618961123755,0.0583646328576469,-0.452980507853562,0.802567893035152,0.137555404807048,-0.241597140130293,-0.250419913950364,-0.443669660899718,0.0432241307427462,-0.607337184172352,0.0812176388645569,-0.423956104718433,-0.473543678647356,-0.343602794719305,-0.472109889677437,0.213222453964423,0.114660041015933,-0.25359155820929,-0.0127945336695529,0.338399466551636,-0.490076903283537,0.200630393686342,0.292910337089425,0.326261319724545,0.0269315231665064,0.551382746764368,0.546883172338746,0.210374669777118,-0.267918402290803,0.245474052367602,0.31015865018083,0.231745870977769,0.227011256216629,0.287370423755341,0.228006222260388,0.191451053051227,0.151225723249828,0.321008392061866,0.548176026455327,0.14810862543765,-0.349040357235478,-0.257194596176876,-0.455622763802885,-0.256303406483442,-0.52044334641638,-0.182503927461004,-0.610356463189085,-0.178047102446779,-0.448507455688501,0.291992610795938,-0.247366852696484,0.28657640358301,-0.26017812140802,0.0205726982267982,-0.340032241387498,-0.269203293409112,1,-0.144071227405831,-0.0740224256257649,0.401834249276546,0.143444576841816,0.189971475022984,-0.266825736112617,0.15392393104328,0.428828350920592,0.206028812313368,0.236265994190686,0.172726335983518,0.305631380991306,-0.489619647595408,0.142822401055435,0.00993786083708359,-0.511763811325104,-0.427297817971013,0.220075120413617,-0.492863399431062,-0.348201089095718,-0.4965202724648,0.175924299667413,-0.473488145716352,0.150174287474544,-0.526682475180969,-0.681085614613812,0.18171908947966,-0.418094648737935,0.271477454151069,0.289009409097914,0.306350735772355,-0.271322037237517,-0.263595765756625,-0.482174109345525,0.242247690687833,-0.485648968171814,0.197940965959138,0.0227109397841359,-0.477521792995793,-0.429832205881906,-0.253241652316879,-0.422643712426685,-0.258273336957387,0.178658518009482,0.981382831694672,0.810392064994756,0.270506774094061,0.169495219994546,0.267773315954971,0.232982742056059,0.281394131766355,0.0445759964469844,-0.0278155935526537,-0.13233885749662,-0.159167883969977,-0.45373927109145,-0.146911891179766,0.28891601226944,0.303508089227519,0.237991581766492
"亲家-亲家",0.227868984691682,0.233866349924396,-0.0925276424290841,0.261358499550551,-0.209633833468639,0.193513929202705,-0.230341588742783,0.210643774163947,-0.534309928922805,0.107254442355625,-0.293966112549667,0.0722981818801317,-0.161823851527908,-0.301219913567962,-0.199810574692446,0.32155302154655,0.408376730354151,0.820011623294667,0.268264757667901,0.407847837631137,0.0418308268221753,-0.538345232843616,-0.0470244475870487,-0.300413432693829,-0.353265080668344,0.144889483913562,0.166283072697125,-0.0988278118725237,-0.225883760888012,-0.534076380931838,-0.355721594819805,-0.330668377404915,-0.0949756553329348,-0.0136307518329659,-0.00907860694304494,-0.425714004294419,0.273155819255757,0.075927523705945,-0.201343575735265,0.0731061545985476,-0.426980545345197,0.222353727769449,0.0887455525047276,0.266237758586994,-0.364661572683558,-0.155731039004544,-0.428489691860438,-0.102460734241776,-0.366226363759843,0.00322601013621345,-0.19272590278334,-0.194350513985191,-0.0402105752523293,-0.288328211971794,0.49503833000254,-0.0444759438915216,-0.283096279167327,-0.196602599296462,-0.142309584982756,-0.191380940910161,-0.0753937489642451,0.11872378257277,-0.407466326740318,0.374909224356232,0.119303106045178,-0.201332331448166,-0.330142154945493,-0.112433125225001,-0.336141456576041,-0.191475308137062,0.0633510238752037,-0.00473660524945995,0.063352763963693,-0.0911791698677399,-0.541427961819068,0.0813725073647035,-0.132157008375944,0.344766668502463,0.14043596284014,-0.198613077051017,0.612143076289128,-0.144071227405831,1,0.307498559998403,-0.211354238542791,-0.523458872771559,-0.0922323222283924,0.82469503345587,0.128956102815042,0.185329769827779,-0.406602341771713,0.0154353878020961,-0.144489484490742,-0.102899189966372,-0.148598333500949,-0.505250436870491,-0.499541140389471,-0.166392483463774,0.287532996812135,-0.0393951214731742,0.100920952366058,-0.190475101845999,0.0826142480111672,0.297805589758539,0.0781255403508288,-0.522557639078703,-0.182031719070868,-0.0149110891226431,-0.164800874558628,0.277310114935176,0.474967869446612,-0.148199518684556,-0.0655880677279286,0.591702517771239,0.822941725157331,0.0957394166671896,0.0115446680040453,0.0790191521186633,-0.422566306504263,0.123962733257478,-0.146572534218779,0.279162248125901,-0.324940931556593,0.269005102828664,-0.300138315484774,0.178878274696901,-0.149831166942099,0.137616205853666,-0.0838777520163176,0.347929203028984,-0.0779041456287741,-0.187803517035304,-0.528196437805943,0.168842717970733,0.388299008891519,0.464621155113351,0.218364622518256,-0.0916135807872293,0.425222224396221,-0.145158167094248,-0.0452624796107681,0.193972233520848
"从祖父-从孙子",-0.432186433652874,-0.0343991632217107,-0.123414019255985,0.0734316521208228,-0.40605062217155,-0.25567923290379,-0.18861906164521,0.432592020071175,0.0882675570649784,-0.130087013517891,0.01043924696168,-0.473090136176599,-0.162333720804804,0.204634538674643,-0.508497599019123,-0.0306904009462547,-0.0035180609040588,0.31075889819346,-0.208029673031754,0.520153879314,0.272524110375279,0.292867187665059,0.42276581028745,0.196667980359546,-0.0845784958001153,0.489430232073714,0.505105380989912,0.319716516775812,-0.178103532455854,0.0987598072054452,-0.0884176032250331,-0.275333799588345,0.320623634503123,0.0237179428912746,0.319444137811371,-0.0213804863663968,-0.305771192765081,-0.472755779412824,-0.51130999109889,-0.47132635863791,-0.369924825187624,-0.440793371111771,0.0924007828577854,0.0850870926013414,-0.289017732190127,-0.31431691157098,-0.37707006223005,-0.453540478198313,-0.298319959780872,0.0183964396556617,-0.139608531550223,-0.150234255279889,0.408101495312625,0.0131205448563236,0.216915420624508,0.167250946355285,0.205388935151541,0.499202629277215,-0.194368892413175,0.507145122968535,0.367777880347647,-0.114887053966783,0.445236678714342,0.270142646128655,-0.10303079995912,-0.506150625340143,-0.26835362819468,0.27704774855057,-0.280004266511797,-0.0137217910528583,0.247601081549914,0.31524871163922,0.25132463485913,0.319900706638352,0.286620275759189,0.0844160628580659,-0.231727683703366,-0.0982346028011502,-0.0596543028444503,-0.50909614295536,-0.0130953076003416,-0.0740224256257649,0.307498559998403,1,0.29212544307962,0.121502082892495,0.347855382127084,0.123460204773262,-0.110565996050894,-0.137352863021198,-0.369941635717389,-0.562718463243882,-0.155829447179965,-0.440941198832116,-0.313716181133767,0.115428213924383,-0.521011626165134,-0.0118734320713573,-0.290093451024195,0.390527409156781,-0.0173810991707359,-0.506941421639089,-0.0256977416156718,-0.0398849447081635,-0.467975440377632,0.104013218093052,-0.0155588471285884,0.218688470925711,-0.161166655957834,-0.304689263975919,0.219009369043198,-0.183640308194395,0.152169229491873,-0.0272151933452665,0.127480412396894,-0.0180656159170282,-0.572839550483981,-0.0285770079603151,-0.377475778062193,-0.0626300015604255,-0.312864232535247,-0.280586345564768,-0.281014451816601,-0.300164439580022,0.00724550489476304,0.344210032189005,-0.0625193268779752,0.165484476963445,0.115553006488008,0.0483162901311612,0.104299591661472,0.512723968049863,0.286617465842598,0.501851668362558,0.360949845484088,0.20568385869318,0.439408189832968,0.309013475649101,-0.00109195367845701,-0.174566800536273,0.17057266935207,-0.250000769736842
"从祖父-从孙女",-0.108626486617434,-0.572037463102009,-0.104561296089999,-0.556948718400791,-0.204104366385698,0.419557019755209,0.510168943912377,-0.0884502905910498,0.334552128020441,-0.00766797337660766,-0.171945758934002,-0.285056788373854,0.0105684665132499,0.496305256925101,-0.141028889593253,0.137828234280713,0.0565098210352641,-0.133092168482733,0.276965113489842,0.0180701401784022,0.0759167229437395,0.367179713200899,0.287158276000051,0.484624836746996,0.438239793294428,0.0664900160280388,0.060528926330868,-0.308674367584517,0.526061604459292,0.360759208873009,0.439229876472592,-0.114894472485939,-0.288764955934125,-0.397585200461988,-0.33468683437511,0.574559986138606,-0.377556300867211,-0.291697646793615,-0.155126844071617,-0.300074391283911,0.210309901081828,-0.103916490119044,-0.546924629604821,-0.561483694738782,0.0332497843913928,-0.284115114538322,0.194317671314324,-0.0895838214107313,0.0302155243798096,-0.413641847783191,0.471154317374086,0.460168613667558,0.26291713708307,-0.202975917578868,-0.259944969422157,0.0711540425339979,0.499008560533992,0.108659694206178,0.123334966429425,0.111563434459598,0.117680764874096,-0.00501888264445754,0.198300710842023,-0.140421997773786,0.000242864943763605,-0.155894659485257,-0.100106057952775,-0.312586582144146,-0.117110167531635,0.180926977754247,0.0424631141428865,-0.319506719536687,0.0428214257693367,-0.304700630335816,0.358564267075468,-0.537898331268706,-0.206114190429364,-0.379047642792186,-0.218459484489817,-0.134574014242704,-0.0112296114541197,0.401834249276546,-0.211354238542791,0.29212544307962,1,0.366752374257287,0.110700447990879,-0.160975261324194,0.00346396204449684,0.42342745666604,0.189646973988182,-0.0427490675506395,-0.0211261091051282,-0.0767163723532154,-0.286867722077796,0.353696197464149,0.188397236071496,0.156679392313291,-0.37340428059319,0.250453397118996,-0.506025994433273,-0.149062190976915,-0.499721914402938,-0.258961661813505,-0.276234588814845,0.353643416896737,0.164025524341931,-0.136260060114928,-0.00232345199473777,-0.369309338774344,-0.234498820902228,0.145004738502136,0.0830221053550323,-0.0038334980368952,-0.158266427821269,-0.51018863665564,-0.0397045475059363,-0.51235255921053,0.187357561591286,-0.225505900052709,-0.274076038769555,-0.375704917287957,-0.122622071011218,-0.387845021410495,-0.190877484954137,-0.0834199669555506,0.417405792101907,0.14307340369559,0.296330658231286,-0.12043209719469,0.262192212657527,0.12126167664132,0.342589792752723,0.0565223701160044,-0.135721812767443,-0.100812473961352,-0.0990658909303644,-0.316797793349063,0.0393023301597982,0.13069776224721,0.0723180433534985,0.418717133662342
"从祖母-从孙子",-0.366209561842171,-0.194529789034984,-0.103067335237888,-0.28900682401504,0.122335649361684,-0.156349061396996,0.235577675296259,0.189160368440293,0.946815197708842,0.322559633718661,0.157885682277557,-0.0911933051127297,-0.519566276872793,0.190363346474864,0.200363514034,0.17910637929445,-0.33102606520102,-0.556439890984424,-0.184888345345574,-0.180299464973172,0.525854712230568,0.784978011230919,0.108470876358912,0.190276048500527,0.204794367665865,0.0726278812832997,0.0546661216343303,-0.0610582062095277,0.246581819376845,0.97290024029043,0.204883727624745,0.23129161053815,-0.0589398470087434,-0.310132718266593,-0.145321811480162,0.274907645779549,-0.40647287914566,-0.0952444495428477,0.207131308654877,-0.090512138709354,-0.271173962069818,-0.351707335817816,-0.410920417261094,-0.280947710387259,-0.0290788828456696,-0.241253078919263,-0.272784772719508,-0.0778499133818406,-0.037934208306382,-0.317784627462112,0.231161883805742,0.227706275717731,0.0703722199634433,0.136923132899578,-0.12482248678416,0.0893002662616793,0.180136961216897,0.204658066578639,0.426093943083331,0.220047086042611,0.0822799146068298,0.328078221703751,0.488792602452451,-0.13333892960817,0.338579732654477,0.203434378801486,0.240598875443441,-0.0618523078138098,0.237092002613449,0.0962091321402666,0.49963393511582,-0.132919504571978,0.496172433997987,-0.0575144902273625,0.769508518265354,-0.392845626462307,-0.110091022355802,-0.667306154348003,-0.66247633597088,0.198378687237542,-0.049977651528512,0.143444576841816,-0.523458872771559,0.121502082892495,0.366752374257287,1,0.0805123941676377,-0.284190961850577,0.326902448021439,-0.183122557761934,-0.276208161162576,-0.134906084065048,-0.519328875067522,-0.0797138736477283,-0.249235353037026,0.96495655476271,-0.139212369138625,0.0898152183919178,-0.407856328998421,0.0848657519877297,-0.416833905722639,0.195624350963873,-0.420329917830907,-0.660441265083647,-0.0944848032529194,0.965619107334161,0.0955901191887929,-0.108733573596998,-0.512500788185894,-0.414898484767483,-0.100995537949405,0.436744508884735,0.102238034078524,-0.0415724526485524,-0.290407766498254,-0.43155788393155,-0.138224814828352,-0.421404996647126,-0.274209305639717,-0.655742651810175,-0.249744411380749,-0.398137997999644,0.242057756617024,-0.400616719281689,0.15269684021668,-0.20034563537244,0.152493458145421,-0.0135189812751441,0.134297812056573,0.13604934010245,0.121610602876671,0.219542060195639,0.772576636565879,0.0594749945214112,-0.380954544211311,-0.424114066420634,0.175494635596722,-0.0781902636147672,-0.35385638674588,0.431957504952178,0.0928464841736359,-0.145474256859904
"从祖母-从孙女",-0.160740730911335,0.2271169958711,-0.196763465528679,0.139728181534906,0.0547258052259723,-0.153431342757818,0.282196969374955,0.328127617556113,0.0921212607378425,0.0579411541392466,-0.448867676898911,-0.537309699260494,-0.192496463616028,-0.104749064108138,-0.693750720685948,-0.573325318112468,0.337406515180853,-0.0759114317543172,0.104301533229605,0.169961730269267,0.240996993929657,0.206132885232877,0.0566774685896468,-0.102947602398508,-0.00863797053596974,0.227095282521571,0.229058729360152,-0.0975853188430792,0.27482186116081,0.0863149535304461,-0.00323797995817412,-0.715299289051636,-0.0991191417391457,-0.23427277164728,0.238376049457589,-0.135219553629652,-0.220726412155863,-0.534220235782922,-0.691968496614294,-0.544532842011005,-0.276223176303143,-0.166947954694664,0.0693861722713858,0.130793495788215,-0.0150133050712405,0.141343388253737,-0.279665155541168,-0.594413571886526,-0.0256377542963679,-0.257084645169291,0.561518286543533,0.557737832785792,0.0644393007184038,-0.453403182125288,0.329579768190846,0.0630437207626244,-0.119730160634705,0.774942142665265,-0.0815696758622281,0.760258178663579,0.972792396979047,0.0593139960204237,0.529858356396584,0.325074943682546,0.0589571346832454,-0.700650933774534,-0.719096699229514,-0.0946451213430801,-0.715083566305726,0.188497196341669,0.233690227069645,0.222575766931824,0.241246319124264,-0.0991218186677815,0.209679725778355,0.054702512379989,-0.472223492350211,-0.110007823735258,-0.0929734087007308,-0.704095100372964,-0.460345936552544,0.189971475022984,-0.0922323222283924,0.347855382127084,0.110700447990879,0.0805123941676377,1,-0.18497831840169,0.0538298613762909,-0.2396547965119,-0.271581425082864,-0.428712946918438,-0.196218819162872,-0.579825937060081,0.128112297696255,0.0922089781469144,-0.221348216317003,0.176782840346559,-0.231281252777194,0.0551819410059867,0.168173060782315,-0.695457614412972,0.162854453869313,0.299762695086586,-0.526168310634506,0.094279355876544,0.182598572126557,0.30807701400309,-0.177139553593881,-0.214731575425329,0.3440565058725,-0.0886218334278582,0.066168590452853,-0.456791270576279,-0.193196238058976,0.171737142342457,-0.44105515578157,0.171910034402906,-0.273504297202032,-0.0900194340301044,0.137798516646292,-0.222104404021526,-0.720587023522122,-0.222857214784435,-0.459645973447775,0.310425953790659,0.186551816522592,0.216169827210462,0.783861891635478,0.277521200203621,0.778469158398676,0.756330325004955,0.198674875386797,0.214755814319996,0.451658794965738,0.516816091053694,0.315870654055354,-0.0905458948554366,0.334596515178758,-0.0764861449045158,0.0612523411654611,-0.164924138428628
"从祖姑-从侄孙",0.302278024339728,0.231230957920749,-0.279393973680904,0.0662055363148849,0.00449324511311412,0.253017947312893,-0.257203121280146,0.172913458280064,-0.310943205634485,0.321015499680747,-0.315491703309385,0.28869424502518,-0.418262325686301,-0.432280968667803,0.100407028104012,0.578025322520861,0.420461220962583,0.600729232627641,0.416899585276371,0.419555404550557,0.220148053222987,-0.540566371329752,-0.253383159288514,-0.429697890726392,-0.224937823119112,-0.0485843686941744,-0.0441488830214975,-0.302787926446136,-0.253406845773456,-0.300637918948344,-0.223230919666937,-0.24535011268365,-0.294799178648101,-0.204683985563326,-0.0960777203964651,-0.372601120964702,0.36196237573907,0.295282666743987,0.0969028603376056,0.287844487397345,-0.507760327418574,0.313559423336925,-0.0298228784797214,0.0811467437555133,-0.388747605883672,0.0349723551024018,-0.505458027157543,-0.0472631198226941,-0.376794816523029,-0.178761248815362,-0.106419519485367,-0.0961375197131897,-0.252810896560908,-0.326247362805907,0.401513391899414,-0.187116339322297,-0.420869923475268,-0.452014661243168,0.0745009283833444,-0.441138347555013,-0.174207185721051,0.326175896387298,-0.544876152003196,0.174938645970811,0.326799406380265,0.0938744820040404,-0.250898287175426,-0.307478946301316,-0.248967986454559,-0.0155423917858495,0.239382894445046,-0.0917713866050839,0.244440687070514,-0.282748003025155,-0.550515615880207,-0.0228269257600425,-0.167036069917945,0.161011652126429,-0.127828302723179,0.099851822979582,0.798539291813931,-0.266825736112617,0.82469503345587,0.123460204773262,-0.160975261324194,-0.284190961850577,-0.18497831840169,1,0.337959725139962,0.140371198974456,-0.479312930570882,0.212206391456892,-0.391888869565669,-0.0511611053680754,0.0401004218067149,-0.258755768015945,-0.384934714604543,0.0131758211771505,0.375206042315401,-0.245089856030615,0.0735008730268259,0.113103923744048,0.0528453042530801,0.070607331675061,0.293091176801515,-0.292854352681026,0.00377818776808589,-0.0162308303041867,-0.419407161574721,0.364461212232408,0.374110432395389,0.0577533958725696,-0.205080990154806,0.788689854824445,0.971831533020629,0.0503677035784655,0.193137785655514,0.0363217973259016,-0.50943673960953,-0.149111297280402,0.0297079046892357,0.352762116922146,-0.241977526374096,0.347866467859991,-0.331298668074454,-0.0381464384904815,-0.273392579978986,-0.126012259380021,-0.112956472560062,0.496758006372898,-0.114196375808219,-0.449400488383273,-0.544144333702828,-0.0394947247595787,0.148703282723935,0.383858731131461,0.175907758950634,-0.289912861408546,0.426280541384179,0.0625650277761943,-0.191981185030545,0.259384553835384
"再从兄-再从弟",0.228383959645529,0.153051339208257,-0.188778349542608,-0.0239543705992853,0.353517475413249,0.210798909544044,0.32025971868857,-0.0885978317976895,0.313863595259713,0.970550639346702,-0.460993213684757,-0.000399547052518016,-0.639040457864178,-0.602114495004071,-0.0180917704190351,0.382043959866272,0.307141873382864,-0.111360102047909,0.310157024180423,0.0744673205544177,0.228354811181488,0.140810754946449,-0.577979821044994,-0.602507961755961,-0.316159938506246,-0.43701179280308,-0.431657033923672,-0.55375301392927,0.315011039093136,0.32618621814485,-0.310703495783343,-0.223618815737717,-0.543687993037618,-0.162195038528046,-0.532180850504787,-0.485045672334899,-0.227449744349126,0.00922671289192169,-0.0262732678151852,0.00292707817001809,-0.493115012794088,0.238204628583066,-0.16605668310794,-0.0213910734097541,-0.039568631146133,0.0675030520335921,-0.491857059285965,0.12872937748219,-0.0443061618395907,-0.172345742620088,0.341932208104013,0.345877940093052,-0.597859990971017,-0.474577861075331,0.568690978658294,0.249801418941365,-0.604948911712688,-0.057968110492688,0.757185122415281,-0.0420114169781839,0.0586900426754291,0.978605797784141,-0.0501246839572221,0.269770823139417,0.983580390501186,-0.026170882596057,-0.229226287832168,-0.551633884728708,-0.231050440278743,-0.292804297179148,0.222140323005183,-0.53223141321109,0.233587523567291,-0.545638562643829,0.136361746869822,-0.167118369418443,-0.053372505159372,-0.44909684710221,-0.654700558269663,-0.0173382709872982,0.481891085194947,0.15392393104328,0.128956102815042,-0.110565996050894,0.00346396204449684,0.326902448021439,0.0538298613762909,0.337959725139962,1,0.038516940827697,-0.481789388394487,0.242264357268372,-0.622651705027008,0.136361817770821,0.0571550564066075,0.339249609972022,-0.189923328243556,-0.282623393607001,-0.211414373900246,-0.602072896098991,0.0222496895955737,-0.0120535843244557,-0.00525750589785353,-0.132048994509092,0.0174671873029128,0.337382836872398,-0.277185467026106,-0.351073845089301,-0.613703104933358,-0.21161517224611,0.572649521049053,0.735480540417676,0.242750525964577,0.476748332096701,0.327701928049402,0.00514000346661032,0.23540158462939,-0.00591713412808135,-0.501251458908112,-0.665151945969471,0.0615197996624428,-0.238852551682879,-0.232512954386027,-0.236566049033742,-0.479408979032014,0.0512032125073879,0.143800337473499,0.17736244915168,0.276569021393028,0.77863648621098,0.268068507735939,-0.0514587138698368,0.143015371745697,-0.427070860745526,0.120188856370421,0.146239979852155,-0.086092082347544,-0.537214675121104,0.315321484607517,0.755684256869052,0.249029498461201,0.211472601004622
"三从兄-三从弟",0.0783834869468951,-0.418529956454596,0.135852199801695,-0.315154065964188,-0.075032029540025,0.830543302952918,0.442483768932747,-0.54032115039855,-0.197050573783408,0.0305609362144872,-0.0672791727387873,-0.226647957190233,0.255703761166369,0.177177306838362,-0.0785343144616051,0.39274862636287,0.336612144762148,0.381514545561723,0.600816404326202,-0.0266207868294289,-0.543271812722433,-0.0624280933784603,-0.0331526587312763,0.177723837678077,0.0539964545251821,-0.342066065086764,-0.356247141911277,-0.273953202217006,0.444395868736991,-0.180053193906598,0.0659661901936963,0.0341472596707133,-0.254321412919391,-0.127040956941662,-0.446869600065605,0.233232421104851,-0.329240282414999,-0.237115799132232,-0.0845446287169693,-0.249577805795336,0.370711276569209,0.0886014556125733,-0.395784249144527,-0.317563331248788,0.32296747587614,-0.326317814668568,0.356549377479452,0.219134062468135,0.330451241988808,-0.142604226098052,0.212029397021772,0.21552542342684,-0.034660962533988,-0.0754290747027675,-0.204104234410209,0.401570841497538,0.191893922136816,-0.22598046992661,0.238333868441222,-0.217229021043078,-0.242096788817056,0.0140180202583275,-0.110132154892582,-0.0521889128498808,0.0131907018021459,-0.0960303659015907,0.0233419965605409,-0.270475289600937,0.0192131004870851,-0.200942353316025,-0.545014359048437,-0.443211723568307,-0.538669970536934,-0.265707628058181,-0.0576197691331414,-0.387932260992038,0.110339716494683,-0.239486300661439,-0.00842917227641674,-0.0797636660342332,0.243187180628632,0.428828350920592,0.185329769827779,-0.137352863021198,0.42342745666604,-0.183122557761934,-0.2396547965119,0.140371198974456,0.038516940827697,1,0.368777604951483,0.195400823621637,0.246370120965839,0.240666802999923,-0.319261349925566,-0.171460165844311,0.283156660724591,-0.19966463743243,-0.331063405251115,-0.0377084289530702,-0.481415665832682,-0.0740037219592016,-0.478358410266049,0.032081316180685,-0.23393253755393,-0.175560906969398,-0.201011823444567,-0.41072007597192,0.250034900296151,-0.316281101414235,-0.204755796232714,0.236627058818261,0.398620430740318,0.233894369605025,0.122531838266708,-0.486483037933409,0.197116477041972,-0.494914634379242,0.353162734269393,-0.00996473056659218,-0.31429548278515,-0.345898318352171,0.0204847376199418,-0.332627485250195,-0.0729818837175581,0.30466400309,0.433576390522601,0.244793888981544,-0.0807322324992133,-0.168869819586632,-0.0858200513964962,-0.227210925806828,-0.0699558180721289,-0.354925550262166,0.193059211028343,0.175695922637018,-0.541718844048133,-0.263112180061453,0.332881170918252,0.226152904556964,0.393270151452653,0.828097362261966
"堂伯-堂侄",0.0138026876184852,-0.458270358583766,0.212106125254818,-0.318501767166648,-0.163000161734705,0.229431842603595,0.137626345259233,-0.606856767688721,-0.282613874639276,-0.469809731357663,0.272488010532851,-0.0232620968097055,0.797041733133135,0.365260460206476,0.127500975522995,-0.163218293218056,-0.196441784338862,-0.121673077248431,0.000461246592540974,-0.279553952832092,-0.674190034149271,-0.0879053817135328,0.0893191136651565,0.365420253449057,0.177388428060522,-0.237184257012002,-0.259669489277068,0.0565100365340099,0.133728111324608,-0.287807128188295,0.178718335866396,0.265374636789799,0.0668613812084922,0.279186746988438,-0.106392655922738,0.379132213893948,-0.0240218715348706,-0.0555076170993356,0.12367976277448,-0.0450078776237651,0.967639234193035,0.0188054527519652,0.0848391519108755,-0.325615460686396,0.383754756961655,0.130615922062366,0.973677612340195,0.351473158907161,0.392922707640045,0.277771341190584,-0.0621173535149966,-0.0545626857227204,0.082308424659583,0.254984055932248,-0.565711787389134,0.113738843731042,0.356984694611725,-0.195731651740592,-0.15116252804449,-0.194564001279238,-0.286917651588703,-0.500348836240011,-0.0818937811882368,-0.312222571531444,-0.498880144059044,0.1184318595934,0.264914488598913,0.0687210088868786,0.256850096214235,-0.0500718039155007,-0.672649635627242,-0.102507931072657,-0.676538942306162,0.0660463826400334,-0.097081601341784,0.0964130253281826,0.3982589863013,0.149987481923465,0.522465521229728,0.122066218390012,-0.410114978578815,0.206028812313368,-0.406602341771713,-0.369941635717389,0.189646973988182,-0.276208161162576,-0.271581425082864,-0.479312930570882,-0.481789388394487,0.368777604951483,1,0.208521391628022,0.808986231906566,0.349473797896391,0.141314396174861,-0.255251463719413,0.799355261082306,-0.0352766590676475,-0.0300001507059329,0.106057262544328,-0.0220101537349948,0.132417460071936,-0.00500157962035306,0.0708364244350709,-0.0416865803248447,-0.286753457200724,-0.0412682053540745,-0.190645394344495,0.781883045355047,-0.0401531170736244,-0.589224010208709,-0.156229451831724,0.117144228800229,-0.411387383668499,-0.502421284676919,-0.0204244807079481,0.205641892613305,-0.0265893872048822,0.967905683950895,0.526954428768945,0.136845631830245,-0.0408798916740832,0.26498558800338,-0.0153679321479638,0.278403405328307,0.0345235344952167,0.200602312548537,-0.0313937679662119,-0.263955409959835,-0.625423832646845,-0.253722128508305,-0.190495383686429,-0.102302775646432,-0.254850896436532,-0.12772101358561,-0.219056989046676,-0.595497440992787,0.0637537009045009,-0.2008115011849,-0.156952562909526,0.116211884011721,0.223163982818352
"表叔-表侄",0.800177465505773,0.155182969390213,0.260552678449708,0.0747189731129596,0.418169938417869,0.229208643750991,0.236054764737166,-0.326916100356296,-0.130597670992442,0.240028430267711,-0.302275795228337,0.281926415892415,0.022560646828345,-0.237893431373715,0.265433588086955,0.310955009718289,-0.0936000249660901,-0.0441582872020811,0.141204782573671,-0.325802506952553,-0.169175289520718,-0.372730982751236,-0.342352857594962,-0.224768330898057,-0.132414719239248,-0.403153758040631,-0.403513256417987,-0.611279725241667,0.238960334606181,-0.146692037426338,-0.135977350369091,0.00631226634630539,-0.620955722845316,0.205040808693385,-0.637479896256606,-0.113777134101208,0.157200611384082,0.28699947881624,0.275228367456132,0.300749458574056,0.201028880576258,0.810215098287035,0.0510625591293522,0.0669629493260183,0.353367322053295,0.220989423958697,0.201421609725003,0.795809634790812,0.363822888696933,0.232555163725958,0.14160433242323,0.140753000804458,-0.347338904134169,-0.30130190219227,0.0645172416716659,-0.247900918481096,-0.244242185925762,-0.623595583478498,0.199297469509016,-0.621986811416433,-0.428938944152054,0.242803894921615,-0.55449902764516,0.025940096785838,0.222765293477757,0.275493724941014,-0.0158570492879377,-0.60608737910645,0.00972379513539942,-0.265179252669225,-0.142177412149508,-0.649565724398377,-0.138467472686187,-0.612852718072872,-0.3681469902357,0.0763589098837199,0.543335555862681,-0.00231511793289442,-0.0382520622491201,0.280278481424154,0.318264917537048,0.236265994190686,0.0154353878020961,-0.562718463243882,-0.0427490675506395,-0.134906084065048,-0.428712946918438,0.212206391456892,0.242264357268372,0.195400823621637,0.208521391628022,1,0.0567791322725735,0.805847860700418,0.236254358891092,-0.120432557747895,0.356891324162616,-0.241007068084139,0.166122440163228,-0.316331777407518,0.0529269762530298,0.276814342612224,0.043054065496297,0.313364952854652,0.279548142629362,-0.139450672415553,-0.243252700928429,-0.549499751994287,0.0118748788551301,0.146983506028334,0.0370161437964758,0.180370928699394,-0.2695049203283,0.323365879079913,0.204118813453991,0.0483243086176534,0.974763430894595,0.0489284482647178,0.183461636259746,-0.0470942650290469,0.219693378406409,0.139344917719668,0.021837385903073,0.156155764014187,-0.289618455376353,-0.411743140385292,0.227392638294331,0.0607352136702941,-0.155714991661079,0.177051764270277,-0.157803716415737,-0.618298040961241,-0.377097397293966,-0.413800752070644,-0.4227574309615,-0.288521257481092,-0.319479269604039,-0.615463443710214,-0.0836518734076235,0.173632642626726,-0.259257448945128,0.224538340897848
"族伯叔-族侄",-0.0110715762517549,-0.321621229833581,0.322392771555033,-0.0533353678159404,-0.396628096442087,-0.0109162374805338,-0.00194828687291985,-0.310584009198757,-0.523566373953071,-0.611040513782715,0.276261555981884,-0.0291694036860277,0.957755749615251,0.400453603398601,-0.0431435643764863,-0.354247134539519,-0.25087122099032,0.145686736201524,-0.221846955996871,-0.25122421646628,-0.647651975749406,-0.225225302642838,0.318066582330767,0.397353278801217,0.0115954888980976,0.060881748180049,0.0389171526955289,0.257116488948321,-0.00996116686838744,-0.536502705332691,-0.00628391250535094,0.177187646642218,0.253926145265624,0.437443779580212,0.0608604547768103,0.225730164880254,0.111147586096764,-0.0583755475542731,-0.0474331684936009,-0.0415209881339035,0.78175196306216,-0.0205773872199964,0.257345434924077,-0.0482983803360092,0.184105349271483,-0.00995448848752133,0.7917613076128,0.260421284693607,0.192280047313684,0.440318088816684,-0.250684697884573,-0.235622230340862,0.324768788756261,0.267002526008795,-0.327582106486493,0.0345091170461384,0.392950592695646,-0.0747990183551541,-0.432429221735407,-0.0762078059930251,-0.21060504579438,-0.639859696178837,-0.0857320838572037,-0.0396668760298773,-0.636043760253456,-0.0498151767592624,0.170964807343662,0.261368049261142,0.167756374038237,-0.185398488819928,-0.63292931573493,0.0461553435811684,-0.639915998932817,0.255273223613746,-0.235533998181319,0.259914935284658,0.390322548327385,0.472580961992489,0.772731562126783,-0.0532840359377347,-0.484570901898006,0.172726335983518,-0.144489484490742,-0.155829447179965,-0.0211261091051282,-0.519328875067522,-0.196218819162872,-0.391888869565669,-0.622651705027008,0.246370120965839,0.808986231906566,0.0567791322725735,1,0.266039032634552,0.012733229422688,-0.505468978763576,0.523826401466621,-0.174147543560623,0.113797151059599,0.345323894443214,0.060011839093161,-0.0359558536398267,0.0799463387274829,0.28704523262497,-0.0470108889807246,-0.532561770649281,-0.17966523605601,-0.105164186979786,0.944487207640018,0.102843609538426,-0.356944864588319,-0.436472035035506,0.0256973911038499,-0.484851610867262,-0.412025912649119,0.0718550450522515,0.0466059836844113,0.0690938577206114,0.785680944334793,0.776807517715372,-0.013487541285194,0.101081090467755,0.177369871075711,0.130372861138852,0.279815747811178,0.120153366532962,0.166045393246159,0.166585781357977,-0.303369696434063,-0.600870812411514,-0.296383080268631,-0.0835112781531883,-0.238796994672354,0.0348775201253001,-0.00270921365103954,-0.177934196160798,-0.296876016333983,0.255231992694127,-0.252512535498494,-0.441869526263739,0.0292646457316575,-0.0188483767923593
"族兄-族弟",0.551939415916848,0.0103575453471898,0.45992099878873,0.120480935376453,0.26348878938467,0.108897618435072,0.194376911510493,-0.446158371427561,-0.0799981934363333,0.135491489511121,0.0117260193802984,0.113720119218677,0.236310568920614,-0.0676735965667471,0.214619997471823,0.297575120162352,-0.347510124030365,-0.0629711812258339,-0.155799007711258,-0.384855304538016,-0.392413734158107,-0.0880592649536251,-0.226377387302593,-0.0589430065768519,-0.268242397327176,-0.376040774502751,-0.383457885737002,-0.307166128627626,0.197756674982749,-0.0919332549045435,-0.27930927932518,0.27457921337189,-0.320392422621692,0.536690810819758,-0.61400078406928,-0.124468572771526,-0.115887646034471,0.116132035440828,0.224719074021264,0.129049660278324,0.353315424818077,0.555927430558719,0.172201202349492,0.1059917172889,0.476697463437322,0.00922639577374622,0.351157177287389,0.976659355459477,0.484854873282258,0.558937798127937,-0.128793340278245,-0.131584851868085,-0.234526306466677,0.0152371672471595,-0.0220512684211936,0.0593630626575856,-0.0797458071313525,-0.477672592656774,0.258758494610344,-0.472137355653986,-0.580585621976982,0.133425399754352,-0.308529332344682,0.0482341908782813,0.116273557431636,0.228230132697154,0.251071263310793,-0.307486934031925,0.277061098434052,-0.557868294936193,-0.380590084265526,-0.632334560491876,-0.38371986260012,-0.313157325375443,-0.0806062844117023,0.202383924698448,0.808681613663143,-0.0885619904569941,0.00636273338263461,0.232967238878631,0.16347792461248,0.305631380991306,-0.102899189966372,-0.440941198832116,-0.0767163723532154,-0.0797138736477283,-0.579825937060081,-0.0511611053680754,0.136361817770821,0.240666802999923,0.349473797896391,0.805847860700418,0.266039032634552,1,0.032484470020791,-0.0769835955362783,0.360641165565939,-0.535537975773417,-0.111470633807857,-0.204327464745085,0.0241401065713188,0.226409225038672,0.0301368570424984,0.221530094350443,0.109506359880003,-0.0871260264518294,-0.5383344459876,-0.684216067110349,0.22469433700802,-0.118304162567185,-0.0384740640311559,0.25515778334602,0.0390416357862631,0.166033671849841,-0.0514461061367607,0.0239155769301048,0.796883433446226,0.0351692722325506,0.331275994855095,0.007031135963617,0.00708419721649846,-0.125128162104288,0.280253643748218,-0.10507707744884,0.0319530258751383,-0.203868698481245,0.301921920679624,0.23132093576411,-0.406034389658597,-0.0363560545612075,-0.400166739040471,-0.469231935941,-0.0832408467193138,-0.388395037021362,-0.385984330821976,-0.487320044429952,-0.429629695210758,-0.318796676934857,-0.343183166053253,0.242791044564782,0.048941350999735,0.105043305949721
"族姐-族妹",0.365638442097179,0.248269119133087,-0.396180563156464,-0.0691275806911107,0.416187546061653,-0.0589176787574465,-0.271630167562707,-0.226185802675645,-0.217770669211484,0.0745057566965027,-0.258803192368714,0.211738992060518,-0.0105048903316757,-0.511862516205368,0.033203159789383,-0.108794999431721,0.322577826658264,-0.332587714933063,0.223406911144405,0.327724960206418,-0.103844661534791,-0.384106285865255,-0.554486531172216,-0.506073595659236,0.110562756882406,-0.458680879565816,-0.455456968531503,-0.14263251158235,-0.283591192652524,-0.236720269472884,0.101709357075629,-0.231394681408647,-0.16920965101046,0.0874116859639628,0.160808769463391,-0.222340067306193,0.282857895264737,0.209473646473398,0.0382171324363504,0.225813810874216,0.125153613386433,0.355683854886687,0.442854568216146,-0.0761575530685173,0.0762988229702994,0.973214616003633,0.149053348239668,0.0306308857142371,0.0923856751775772,0.108877288064003,0.0348818656311718,0.0361675588296303,-0.568416356309208,-0.258346523049716,-0.102055184795846,-0.24435354132107,-0.5221866119017,-0.142419689697194,-0.0248447897039804,-0.155527543112686,0.126250531969103,0.0660483641305189,-0.320623843424171,-0.34654800093912,0.056929564570263,0.0409710807779033,-0.229429542180468,-0.137951951821522,-0.222398637041385,0.342893222011854,-0.0913519463720138,0.153901227541362,-0.095555996513516,-0.156598199430988,-0.379568417072655,0.454876284799977,-0.0196078886358071,0.145637998572161,0.00713609552772742,0.0415923811043515,-0.0245393386238129,-0.489619647595408,-0.148598333500949,-0.313716181133767,-0.286867722077796,-0.249235353037026,0.128112297696255,0.0401004218067149,0.0571550564066075,-0.319261349925566,0.141314396174861,0.236254358891092,0.012733229422688,0.032484470020791,1,-0.224482148192012,0.483090013790607,0.342563325019593,0.294915764333008,-0.551366349685746,0.739430063187493,0.0385485274850861,0.739245659016383,0.2498888215255,0.207308385184608,-0.253833844169758,0.354015793933814,0.317625500411499,-0.0303915814290332,0.26620642717073,-0.133814274607577,-0.0417991317000578,-0.255205607035989,-0.0184229848319105,0.0436126849456304,0.742796718343357,0.228716027248977,0.752287225034355,0.131197406244936,0.0140037651893976,0.959538853445011,0.281940204363071,-0.222446076315387,0.291026779759215,-0.259414501830043,-0.125447881324123,-0.492454053489802,-0.564172003893466,0.165137240869453,0.0855121579875379,0.16081736309935,-0.149006503066454,-0.383886927044221,-0.454697178518553,0.0715807341611333,0.29183198832259,-0.211461606266753,-0.156208219362973,0.321997921126517,-0.0398603179872324,-0.244525434914762,-0.0660280164661143
"堂祖父-堂侄孙",-0.364662858298285,-0.18052070990956,-0.100061939169824,-0.281015437787394,0.139140021488724,-0.139730598045114,0.239750993063087,0.180132987862894,0.947350619688428,0.348663102226419,0.134015084091092,-0.10209895234387,-0.531671646599704,0.174454352540468,0.195702882312141,0.173140765344913,-0.313596582831334,-0.549317813723171,-0.161358145132799,-0.17038147755278,0.526520952559828,0.772662133318669,0.0834309753953468,0.187141339251767,0.207325226526993,0.0506874340536407,0.0320027879541289,-0.0890925709381094,0.244882266999246,0.952276759148166,0.216656276889048,0.211420696505568,-0.0832688968067114,-0.33004872554818,-0.135796144608433,0.256241382136308,-0.400123166170996,-0.102144442721977,0.198808385643016,-0.104411351308083,-0.268904070670662,-0.344566257136731,-0.41395903285727,-0.272083592272359,-0.0193144011260576,-0.22363369932819,-0.273622304180143,-0.0833263209752876,-0.0369727556890124,-0.332177702695645,0.253686238553845,0.246054435516786,0.0532491939834023,0.108487897447683,-0.099311725562566,0.0909168218521845,0.162758754896536,0.198629848888058,0.439275829077291,0.209023246204224,0.101360488232852,0.343776596381338,0.480508959829424,-0.130762582727959,0.349214978111422,0.190529920260826,0.210759027381607,-0.0900262062249193,0.211962271831524,0.106141811000922,0.505396843924758,-0.136573418891805,0.50843790014499,-0.070951616958067,0.758736548677272,-0.406964910507735,-0.12551794203488,-0.676854194332403,-0.662185245754242,0.195440594026192,-0.049555755774165,0.142822401055435,-0.505250436870491,0.115428213924383,0.353696197464149,0.96495655476271,0.0922089781469144,-0.258755768015945,0.339249609972022,-0.171460165844311,-0.255251463719413,-0.120432557747895,-0.505468978763576,-0.0769835955362783,-0.224482148192012,1,-0.113362156365651,0.120842039607539,-0.407114294939291,0.0779025134040004,-0.406472130833627,0.203537963850265,-0.413583344732578,-0.649245519007959,-0.0965132342556439,0.964185244047571,0.115245689004978,-0.105181272650294,-0.526534892043519,-0.405789495041759,-0.100735588586878,0.427786919917184,0.0956732274739198,-0.0409682150394007,-0.280524053625872,-0.432200337328281,-0.150863018149931,-0.430888802847502,-0.279721424136686,-0.664408036640815,-0.246106904861245,-0.402080183227819,0.213684035011564,-0.403681293091312,0.123229000917065,-0.195696477508416,0.136075169079093,-0.0434342642997723,0.134376095112836,0.145571574302402,0.146872546863033,0.206245745240008,0.753135217610494,0.0267300441621146,-0.360726303023378,-0.390387992855409,0.185763216953937,-0.0907010322084462,-0.32851488275842,0.429675858071094,0.0909175633750858,-0.13324793152122
"堂祖母-堂侄孙",0.218674031973049,-0.36722394348302,-0.0297746634274892,-0.43005180621284,0.153864773110405,0.317942311464051,0.174968727283947,-0.634728917749548,-0.133582491391522,-0.175494710100793,0.040989373236422,0.142079077833108,0.521512375768126,0.101321075549958,0.225894530122373,-0.0327971611950114,0.0304985396101052,-0.416391797883658,0.22427385517506,-0.0999953348933922,-0.539737814133186,-0.110220582570084,-0.232067317002768,0.109512326241536,0.355780056163325,-0.540920570480147,-0.567424403962988,-0.169420602270604,0.170619787441661,-0.141641969382176,0.357190592372966,0.198559093988492,-0.156079275677513,0.0850520320199368,-0.202326900989777,0.343690682212166,-0.0111910081834192,0.115827528490192,0.220549674410474,0.122692570093712,0.785921667186804,0.23519061037929,0.028178964131554,-0.437851704225975,0.39650115708852,0.480788869146284,0.788598224484769,0.364759368287873,0.407718864517593,0.0935479925251156,0.12949540053213,0.140661509509996,-0.244561002578381,0.0209380541926969,-0.565440121096889,-0.0240939073742159,0.0944045684807898,-0.290669034703735,0.0199054239131212,-0.290405567987822,-0.223338233681558,-0.193769470709459,-0.217348850151286,-0.538137566789444,-0.203651597116322,0.216468894953435,0.198465252474429,-0.14587423743629,0.197597004763823,0.169524013689792,-0.540215856519975,-0.198424860831096,-0.544210523223168,-0.156730615058439,-0.116001217922961,0.0346909326909128,0.247577647652797,0.00113261258984095,0.176928432776751,0.223911752406988,-0.227943534589839,0.00993786083708359,-0.499541140389471,-0.521011626165134,0.188397236071496,-0.139212369138625,-0.221348216317003,-0.384934714604543,-0.189923328243556,0.283156660724591,0.799355261082306,0.356891324162616,0.523826401466621,0.360641165565939,0.483090013790607,-0.113362156365651,1,0.183709472846983,-0.0122697209363284,-0.227548181199794,0.153941136232802,0.231362882101504,0.1579232830569,0.0363423546696074,0.12264987122177,-0.146127402978541,0.179645291268684,-0.0655512431734817,0.498163624680592,-0.0248355616132357,-0.597428878939327,0.00564387087822227,-0.0283480470557899,-0.22508000525795,-0.409976291900774,0.141307779171846,0.346696883692444,0.138359654416175,0.772074468264852,0.179894773040066,0.482480924418744,-0.0380703567688219,0.196722966983684,-0.0162404766750909,0.0363650312888167,-0.136457999220955,0.00266485610249837,-0.293308882675326,-0.0546144376882605,-0.442053323291561,-0.0632361551449704,-0.298526241431764,-0.135009719348695,-0.571398794333674,-0.203160882720536,-0.149892145027372,-0.622179773589569,-0.156350060517118,0.0201665982570996,0.00248114255653184,-0.029831714986287,0.31426794814364
"堂姐夫-堂内弟",-0.112673225755586,-0.113023894630944,-0.505248533119929,-0.378501138085059,0.0592540000646096,0.0416469722041578,-0.225383632220533,0.229515318730474,0.104337440832781,-0.268410032188293,-0.0152215315325249,0.297705321531377,-0.186466837446178,0.211404033534977,0.221223524369109,-0.117087285061193,0.248891007853103,-0.334913178306254,0.260814198677442,0.280153323064871,0.340308098214639,-0.125633084014257,0.0907795668536647,0.224685190926295,0.788219082666469,0.0959350362809486,0.0821868296478066,0.104357104021097,-0.227242687152632,0.094720791522278,0.798690229611606,-0.0113993647645666,0.103145453811833,-0.631865174283483,0.487886151979383,0.531680290596348,0.310597224071089,0.312142987954777,0.236724624571496,0.294056662457251,-0.0381040248971607,-0.106850378343795,-0.309117506986478,-0.364996949194389,-0.259106703846481,0.341581588034679,-0.0351043749337095,-0.529845456026366,-0.25527774627522,-0.60849912992758,0.151737584252938,0.154955646069326,0.093695644147421,-0.00916933407260453,-0.447705309639388,-0.509042171182266,0.223345949814493,-0.0628293769711022,-0.370154834665444,-0.0710292393752467,0.194419097649516,-0.257346746090148,-0.152482163135384,-0.622438038458713,-0.267398984329807,0.234280574000934,0.00862861368820422,0.12010749792501,0.015498333854896,0.969936290997864,0.346165614669773,0.493513486265598,0.338565309644315,0.120234607296864,-0.112785927539758,-0.310428882732015,-0.651328333249583,0.0605120609499203,-0.0986593631260175,0.238777989481334,-0.0257201794073988,-0.511763811325104,-0.166392483463774,-0.0118734320713573,0.156679392313291,0.0898152183919178,0.176782840346559,0.0131758211771505,-0.282623393607001,-0.19966463743243,-0.0352766590676475,-0.241007068084139,-0.174147543560623,-0.535537975773417,0.342563325019593,0.120842039607539,0.183709472846983,1,0.315589540954025,0.10977575944128,0.021824793718264,0.235988536267941,0.0124459781336939,-0.233445829570104,0.305239928848114,0.0820981814819205,0.969940689613115,0.760519312649131,-0.203663244881736,0.309712785083761,-0.479769487007517,-0.382087696791522,-0.506839448573021,-0.017928421112587,0.00875823874253336,0.00639789028185029,-0.263184502074671,-0.000625654718110355,-0.0394944385190328,-0.103206059340863,0.336399995737277,0.318685387923176,0.0162473373940861,0.302694726785694,-0.0159575415306128,-0.385388523347714,-0.518120409613082,-0.713785994762675,0.24735576710883,-0.272850989561659,0.250716271366177,-0.0805475523982989,-0.137245619780967,0.0769555651030846,-0.152564535421372,0.133136715288413,0.232791800244701,0.11991247352589,0.241794933976538,-0.388950736401051,-0.517417863335499,0.0394098173251755
"表嫂-表小叔",0.280561954699955,0.170851616090102,-0.173521209265313,0.0519473443836082,-0.168810626519658,-0.231087245457565,-0.430674933490579,0.334091229290724,-0.417019463670905,-0.219842241471081,-0.0384138253138617,0.743226257839048,0.0897870623351446,-0.126985475762006,0.457506258652037,-0.0854275174849711,-0.0494087754725415,0.13987128692722,-0.0534731309354649,-0.0767259214527254,0.246939967054611,-0.696571999652556,0.0419774812114158,-0.131230478880184,0.077613740852414,0.22388306095072,0.225800688717325,-0.0214222881360813,-0.423025897691596,-0.40926848716218,0.073285334869042,0.0501572879662478,-0.0339779703794003,-0.155463377687387,0.219058858941756,-0.0540815660025554,0.973742224739251,0.749401611961237,0.464994113787196,0.746234506481472,-0.0516108607147619,0.27512731147768,0.101976150514495,0.0631930142381488,-0.550619517792928,0.295386654100373,-0.0350717107850977,-0.0918632669620302,-0.53247547057791,-0.125803774375833,-0.234535741117907,-0.223446806554296,0.0547774506476417,-0.0302031070496612,0.0448324130823872,-0.722858134163803,-0.120623236878082,-0.522650636484356,-0.4904023356446,-0.520465412031252,-0.232348014479729,-0.208074656391697,-0.671029915109992,-0.0852714834908062,-0.208198046420514,0.473618093435598,0.0562094694961646,-0.00826101529065599,0.0615304002356853,0.304762848208658,0.282113902293943,0.228605924052844,0.27876488005706,-0.0197455083054856,-0.716213491736559,0.106811455577455,-0.177719750384381,0.771852578184768,0.485886858530516,0.469057249852235,0.172714543494195,-0.427297817971013,0.287532996812135,-0.290093451024195,-0.37340428059319,-0.407856328998421,-0.231281252777194,0.375206042315401,-0.211414373900246,-0.331063405251115,-0.0300001507059329,0.166122440163228,0.113797151059599,-0.111470633807857,0.294915764333008,-0.407114294939291,-0.0122697209363284,0.315589540954025,1,0.0582004713513688,0.235751726470907,0.476055640416286,0.232291199420583,0.0502520560821929,0.744152171161907,-0.418614705582655,0.305404393420638,0.294887552877815,0.0911155059010479,0.966510765405362,0.01585290653951,-0.500575914408468,-0.716644875423374,0.172289900720874,0.38108929732805,0.236602487359452,0.161094311608584,0.222218926122861,-0.0341036771826471,0.467087639824901,0.299005151066888,0.970788477220243,0.0743573758878426,0.963351500582286,-0.03286404567333,-0.526795174121248,-0.435386700597136,-0.345945358471214,-0.186569618283868,0.0362302751892018,-0.175230014367141,-0.5192658509266,-0.702989099390092,0.224780454825143,-0.308836989472429,-0.0402625236822381,0.334136627086048,-0.00919277122431699,-0.0184554851971508,-0.493301069927293,-0.712760379225844,-0.23306842793816
"姻伯叔-姻侄",-0.352071720035491,-0.299171470055827,0.199509274407318,-0.0510642736282795,-0.632818742046662,-0.328313174698423,0.00562940583075207,0.512246504144001,0.0605505566012912,-0.599746036025899,0.288640139148755,-0.128490821173031,0.31878863312415,0.787538285382696,-0.0792625601144105,-0.328549466516652,-0.494071175951682,0.166130153208744,-0.459018770793483,-0.264163290002899,0.211898147522405,0.183768102728443,0.95424614819936,0.790647076262933,0.234466199411482,0.798302504513305,0.782429902486121,0.342698455218154,0.0234260553470761,0.0595782747648646,0.224555093941136,0.100593554772615,0.341811747600533,-0.0561153844016825,0.26312466258626,0.540249969690611,0.0486533419391,-0.12928343782337,-0.07112456539419,-0.122284613824369,0.095848414639125,-0.353132668536773,-0.189897904264091,-0.0377259083492621,-0.269879290105953,-0.563672015895299,0.0989557498918763,-0.198431390838349,-0.280565257665453,-0.0542835274323589,-0.124782886672397,-0.119773722111241,0.960298150361768,0.294360878340683,-0.164398438734161,-0.242546682038837,0.798912794854863,0.197475722364063,-0.567317418809,0.204168755246032,0.0650795626996349,-0.591046304513362,0.283162645584835,0.15671516186577,-0.583149595854589,-0.0774831719097108,0.103024109101869,0.325259819387609,0.0977702812666729,0.0912924436129979,0.21874796618786,0.258221923533872,0.206562691160239,0.350269133732174,0.173836611562684,-0.184827677999197,-0.0539187986741579,0.248372497594323,0.39755052636393,-0.0796317756384944,-0.392998178620001,0.220075120413617,-0.0393951214731742,0.390527409156781,0.250453397118996,0.0848657519877297,0.0551819410059867,-0.245089856030615,-0.602072896098991,-0.0377084289530702,0.106057262544328,-0.316331777407518,0.345323894443214,-0.204327464745085,-0.551366349685746,0.0779025134040004,-0.227548181199794,0.10977575944128,0.0582004713513688,1,-0.453540505124637,-0.0738086445475507,-0.439713300965265,-0.0968193850981897,-0.129727564009046,0.0572524443418694,0.0835982374421535,0.118029909908882,0.309783304400146,0.0460480038352757,-0.167811377568266,-0.554452773058535,-0.23902073991265,-0.39350539939374,-0.245677731285886,-0.447603825880983,-0.324521796667697,-0.444399954599533,0.0986338337477099,0.400862866710575,-0.565980022511577,0.0742931380708262,0.11503019856791,0.0662567209420284,0.301929974961481,-0.146990593870901,0.217820832769465,0.276962530707192,-0.120502501840023,-0.422919250060151,-0.102793952192093,0.205596841506954,0.177354431793834,0.778707928850162,-0.242549054389546,-0.366770888904926,0.519737877168575,0.332500539128215,-0.488475557161252,-0.561961867618095,-0.241079610974505,-0.323535505243888
"舅公-甥孙",0.248145482535074,0.369670704498585,-0.277910711117657,0.240574649173028,0.183965670130159,-0.327119708211489,-0.452535984183216,-0.0755350494458144,-0.417084613019821,0.00655124789172116,-0.196687006036553,0.033976050489353,0.0479185684610247,-0.561703766899205,-0.238006042319218,-0.247091194889003,0.211798779060552,-0.0742669365818756,-0.091777891888586,0.414670632239673,-0.130680639584118,-0.356954205166339,-0.449821658057648,-0.553490121693628,-0.264790839081748,-0.240774300332892,-0.215851275536187,0.116059991920915,-0.44997712282024,-0.426607881356354,-0.261492818026647,-0.288088615168268,0.103198383522486,0.444049899787059,0.299483565814158,-0.531588775763151,0.208915429390155,0.0510522448455596,-0.229084133713299,0.0536924415515488,-0.0193571051836868,0.259155122524783,0.777873650165288,0.24588058824344,0.00583768519799139,0.755920692051775,-0.0290961408908836,0.0264238928849145,0.005131510341338,0.459361683712238,-0.237605561103805,-0.2360715159371,-0.442749465805522,-0.181434278779081,0.203512922036494,-0.0716545288453951,-0.569963583778171,0.0880297140046257,-0.148558798511852,0.0957734147315006,0.191331977763645,0.0271336677698809,-0.152185840798614,-0.0205010881730886,0.0244507782212949,-0.218988875604988,-0.289370996756162,0.10949542998985,-0.281197059758164,0.00666576510519719,-0.116020931912478,0.304531802577272,-0.117157483545189,0.127907002022961,-0.347265160702628,0.765890891026477,0.130968971559887,0.316931974003523,0.159842597613158,-0.221615665959026,-0.0533965517257506,-0.492863399431062,0.100920952366058,-0.0173810991707359,-0.506025994433273,-0.416833905722639,0.168173060782315,0.0735008730268259,0.0222496895955737,-0.481415665832682,-0.0220101537349948,0.0529269762530298,0.060011839093161,0.0241401065713188,0.739430063187493,-0.406472130833627,0.153941136232802,0.021824793718264,0.235751726470907,-0.453540505124637,1,-0.210364382410215,0.969626062962417,0.430475946793763,0.0418091604296738,-0.418572724346319,0.0206447628574169,0.295049938162589,0.0434734330370128,0.204674470982891,0.167547894022398,-0.166999033024664,-0.0965126334492391,-0.0614367369839696,0.0640684385121614,0.973461326743864,0.0362587541255022,0.962883371242287,-0.0412060463832545,0.147988482017987,0.738242608317881,0.197993544107118,-0.294263765193591,0.195675521351777,-0.191481389574666,0.104592550088273,-0.505883261663936,-0.287864319993952,0.0603994573938627,0.131202459115665,0.0604875829121519,0.0846776562186127,-0.347229272518635,-0.226197726464946,0.320530286240026,0.330660203068151,-0.0445216055367935,0.133158416995343,0.234291531490139,-0.148304838528338,-0.0720616836767588,-0.325668152397337
"姨婆-姨甥孙",-0.00628855676507575,-0.163005301610051,-0.0547241491726327,-0.269445249744156,0.0535827914722739,-0.0346670246327088,-0.304849786530574,-0.0694612936588212,0.17774770046855,-0.0044640033781416,0.444498773357758,0.791762779612062,-0.0574394754922379,0.0638614590590557,0.96910570270966,0.403907605983455,-0.357423392012182,-0.275218291191675,-0.100083678777985,-0.279782725980322,0.133792498587573,-0.140401846218537,-0.0941554059545414,0.0662826392368475,0.265501369609558,-0.152184922068543,-0.177626996923089,0.0500294915252581,-0.302776719675919,0.192359336282259,0.267415297437839,0.725114802790324,0.0527258542011798,-0.179964865993353,-0.0320064707410895,0.249172793629291,0.482192984941706,0.784534456092672,0.977840808272668,0.783351851004029,0.12010742496171,0.00775207555616922,-0.250604793646031,-0.253885263139525,-0.200722047896999,0.0482890325519796,0.126541584792652,0.244040190724345,-0.192818085858414,-0.152662844069814,-0.334424144795133,-0.32064507552681,-0.0995917845704607,0.435194391408072,-0.383858043253217,-0.358737255371917,0.0655373374308821,-0.732651951578698,0.0577789131443203,-0.721320185523219,-0.693662104215338,-0.0104797613300842,-0.475258159171244,-0.493244693666992,-0.0110433502494074,0.977710095783824,0.726744385678076,0.07178860150097,0.729966081135328,0.218931540322619,0.161393608515104,-0.0209863000280656,0.145521637118022,0.0647164467380694,-0.153873483425691,-0.244848547627984,0.0810496006940038,0.0958117134745711,-0.0256135127180183,0.980164535778151,0.300659587195013,-0.348201089095718,-0.190475101845999,-0.506941421639089,-0.149062190976915,0.195624350963873,-0.695457614412972,0.113103923744048,-0.0120535843244557,-0.0740037219592016,0.132417460071936,0.276814342612224,-0.0359558536398267,0.226409225038672,0.0385485274850861,0.203537963850265,0.231362882101504,0.235988536267941,0.476055640416286,-0.0738086445475507,-0.210364382410215,1,-0.216736411565331,-0.574262863201088,0.782059027858792,0.183956946899946,0.231827003640324,-0.00313326025457128,-0.0587942165768282,0.468139527993234,-0.413554216045626,0.0469762673811268,-0.35026202152324,0.308530414810804,0.0983616581918857,-0.238527166945562,0.261963820385594,-0.239967633551608,0.126427629313386,-0.0365212207032651,0.0317551245362908,0.468539486027956,0.740131874137151,0.470986924380077,0.442675329678166,-0.560262332699403,-0.353975663852298,-0.495533260355527,-0.551254209726052,-0.167091540530612,-0.537245740680851,-0.730288126834703,-0.149412660930929,-0.170236036991503,-0.651435757265699,-0.524002146845171,-0.0699157484020198,0.0631337821241133,-0.359161499042524,0.0387991619362242,-0.360201413499419,-0.0270775152560607
"继祖父-继孙子",0.247388943127785,0.364142415603832,-0.267063308167482,0.23596723391919,0.176542091719998,-0.327518117131365,-0.452465537716046,-0.0789724102840939,-0.41629127105317,-0.00309104485231007,-0.178692211943542,0.0351634275393946,0.0780652701946359,-0.54023846728212,-0.229758705071448,-0.25575367492352,0.199504663114099,-0.0777047041281977,-0.0959929841343345,0.405032892910601,-0.150172987598594,-0.351060234728969,-0.441960331315329,-0.531508877820665,-0.250302031019242,-0.229870585579752,-0.210188608288148,0.126585135619068,-0.456948883165594,-0.43220528020868,-0.250321165815345,-0.267506614961901,0.111880014254768,0.453643482403717,0.300457429022101,-0.519276967291253,0.213099207442829,0.0443342148124225,-0.225630804699589,0.049964164076461,-0.00305997973400956,0.248133936157187,0.763782485419801,0.235128729556483,0.00198278520403473,0.752817586680666,-0.00981611461417393,0.0283789576752415,0.010469200405836,0.46432581478315,-0.253637207382788,-0.251421545511564,-0.431777723264698,-0.172244916414187,0.172859722829867,-0.0767430705767988,-0.544713693693959,0.0870857541288132,-0.161585138338354,0.0898273654545523,0.172196116381739,-0.00450607921490456,-0.153539728829903,-0.0383508003754919,-0.00631009648198562,-0.219666977012203,-0.269590382741033,0.119791730114181,-0.265561264354485,0.0153911977801825,-0.145600519346468,0.298073570540081,-0.140090282125829,0.130041472062622,-0.338080840202574,0.765790932088495,0.13137643591196,0.319219363595417,0.175932538544914,-0.22209359024462,-0.0752400057436704,-0.4965202724648,0.0826142480111672,-0.0256977416156718,-0.499721914402938,-0.420329917830907,0.162854453869313,0.0528453042530801,-0.00525750589785353,-0.478358410266049,-0.00500157962035306,0.043054065496297,0.0799463387274829,0.0301368570424984,0.739245659016383,-0.413583344732578,0.1579232830569,0.0124459781336939,0.232291199420583,-0.439713300965265,0.969626062962417,-0.216736411565331,1,0.438459648035026,0.0572521899237966,-0.412278987734804,0.0285021898274762,0.309465809940582,0.0809161701475863,0.216480540503853,0.150670676627313,-0.165188484876634,-0.0880147114515323,-0.0727990973484761,0.0533041614007509,0.97786671862005,0.0417537491660601,0.968577811666472,-0.0134853294580264,0.167352544680696,0.740394610175995,0.207278178670976,-0.277715113639954,0.213093242782546,-0.168841955034083,0.101353506209991,-0.506216643165471,-0.291254746108339,0.0451511977933803,0.106289397353129,0.0488838526774687,0.0846816189653485,-0.337650853891515,-0.210620933015571,0.306635837068949,0.318857850089137,-0.0485898725912779,0.135371591515359,0.220691708324883,-0.148466597783696,-0.0719988249032043,-0.32361937202536
"继祖父-继孙女",0.593549962496798,0.496490160122746,0.318213178487461,0.562030474052359,0.238312960208814,0.0190914658956465,0.133377627797227,-0.0728466945389893,-0.631969684874266,-0.139085195630927,-0.479280624124022,-0.281529181242833,0.2848111045174,-0.253359217652036,-0.579563089458548,-0.398011511598539,0.272745053440812,0.331916183436879,0.088594661096766,0.0387415236680158,-0.343548877637792,-0.471432682030934,-0.115301846831318,-0.24888967744551,-0.306588680686941,-0.0405839048341223,-0.0133178544947138,-0.194604933798447,0.130456079981266,-0.654934907935163,-0.30746321546012,-0.571516431474111,-0.212301084816564,0.351533882567094,-0.0695057524555263,-0.363247060094647,0.0464421600599126,-0.269397352905482,-0.57380059942829,-0.265889785995194,0.0760142829869511,0.585002141448317,0.43409376373803,0.551486119188847,0.363729518392555,0.243624746644038,0.0679325623797115,0.196735633263251,0.369908142878396,0.348962333336432,0.158333568207647,0.150347084619109,-0.0881570627501765,-0.463718433290587,0.321903876458461,-0.084568901259714,-0.259548636106159,0.147713999584165,-0.3235557644511,0.13396736286773,0.287609115768277,-0.133849436066658,-0.150173038475288,0.368250319520621,-0.146044006927006,-0.567437754421982,-0.594997470960192,-0.206959609423565,-0.569504267183962,-0.234074897172678,-0.33454196562279,-0.0886608917372451,-0.318882503351625,-0.207546949134823,-0.458807310576736,0.427416825109756,0.201298298329365,0.351105530475039,0.348997146117168,-0.570486336325835,-0.164567126783324,0.175924299667413,0.297805589758539,-0.0398849447081635,-0.258961661813505,-0.660441265083647,0.299762695086586,0.070607331675061,-0.132048994509092,0.032081316180685,0.0708364244350709,0.313364952854652,0.28704523262497,0.221530094350443,0.2498888215255,-0.649245519007959,0.0363423546696074,-0.233445829570104,0.0502520560821929,-0.0968193850981897,0.430475946793763,-0.574262863201088,0.438459648035026,1,-0.268098633035626,-0.635731028482893,-0.230313279481994,-0.0516885677287719,0.279000608616385,0.0544159031690987,0.322558028244206,-0.321888893338203,-0.100326628850166,-0.167507856360463,0.0804331305005854,0.449896671366133,0.315977824873123,0.450015563703414,0.0613021847088225,0.349096052691636,0.248153052299729,0.0379435766890651,-0.579534493754354,0.0499126118199376,-0.468019744683276,0.168906041658589,0.168194565139737,0.303385188524989,0.265355294757603,0.067470434958359,0.27227793905908,0.141706208143756,-0.457413401944233,-0.0301673404376059,0.348921256959175,0.358973602876247,-0.0593460738400072,-0.197871572024118,0.294139051721672,-0.318995231160623,-0.0840843070830133,0.00645890348498105
"继祖母-继孙子",0.273436724693775,0.0170495597907838,-0.145817908601992,-0.116015167275437,0.00660702024961515,-0.0882514018468571,-0.315965043129299,0.159208438804454,-0.111119075370089,0.0278901119632267,0.101302944021434,0.973732957557473,-0.052366564710656,-0.0781037090854767,0.777007906882879,0.219244021196656,-0.11048937536059,-0.173198677700279,-0.037871484798063,-0.152579369207025,0.243787456244078,-0.440766663990308,-0.148796493553704,-0.0816031317294292,0.267967080411535,-0.0516730936146798,-0.0581656463434162,-0.0541538579114407,-0.318415530298266,-0.0999517703203519,0.263524146655128,0.440081688088854,-0.0628955664194085,-0.236094115272901,-0.0156799700805798,0.0568789263434878,0.755454900683461,0.975506262487564,0.784142037994399,0.976027462720006,-0.0552364156552888,0.277752410399688,-0.183924083649908,-0.112232236639039,-0.453688102641865,0.219849836833187,-0.0497655579398229,0.13068761133899,-0.448918053305348,-0.205398891635515,-0.247240242921974,-0.237169600330697,-0.147264088564464,0.0855273539858486,-0.130259061635153,-0.647717609628975,-0.0758664875067433,-0.706736964972187,-0.188588659167116,-0.706905813635176,-0.535631628576949,0.0217014703927728,-0.721296754439087,-0.379949221992757,0.0170726906313241,0.781709294620681,0.438188383639812,-0.0384439104836775,0.449759228031363,0.305527849571779,0.26929777469215,-0.00536872354827914,0.260186356294086,-0.056661316243965,-0.447293923472213,-0.174752026404469,-0.138389779724925,0.454275417673964,0.109953727966757,0.779323866234071,0.37502705976508,-0.473488145716352,0.0781255403508288,-0.467975440377632,-0.276234588814845,-0.0944848032529194,-0.526168310634506,0.293091176801515,0.0174671873029128,-0.23393253755393,-0.0416865803248447,0.279548142629362,-0.0470108889807246,0.109506359880003,0.207308385184608,-0.0965132342556439,0.12264987122177,0.305239928848114,0.744152171161907,-0.129727564009046,0.0418091604296738,0.782059027858792,0.0572521899237966,-0.268098633035626,1,-0.0888501311443597,0.308846593651341,0.195680582803991,-0.0473258767551841,0.754984229596898,-0.145438342950298,-0.184619996388996,-0.627556647269647,0.397219533499644,0.295522900163012,0.0423894986727506,0.278440548388511,0.0372128890788705,-0.0373339239167821,0.0986665352583296,0.210712203035872,0.748182126797772,0.455994013766785,0.749236388019646,0.0905842852931614,-0.697544854971423,-0.477605081650396,-0.47232708986294,-0.308081153848815,-0.0112059956309336,-0.296463035042222,-0.703948164943013,-0.437620857281621,-0.0489666849375072,-0.546477266888817,-0.340466839755378,0.164080409782393,-0.0491770525763632,-0.106982949695668,-0.191534898106837,-0.643823680517817,-0.0857374564256457
"继祖母-继孙女",-0.356133212849937,-0.1785767928467,-0.0836082884643675,-0.26436197900276,0.149426969406916,-0.138680662992593,0.25820278877416,0.185945071263437,0.964058839629839,0.343890327833303,0.13258587444453,-0.105638289113866,-0.525757659416248,0.178230613400924,0.189655354518376,0.162388138573381,-0.314717497795909,-0.56086780259011,-0.168844528451535,-0.194013514642639,0.515475011218054,0.777084055313562,0.0806556727690626,0.181058511802368,0.205852983527984,0.048161180695576,0.042267148583587,-0.0757722781425282,0.253349382337016,0.968876966091382,0.220304052025499,0.237056665615382,-0.0705852010142641,-0.314923764937056,-0.144477693423323,0.260035918060157,-0.405194721240632,-0.0989254116689736,0.187082997379928,-0.107252143327262,-0.270427603194726,-0.348818568368668,-0.418249538018174,-0.270015985270864,-0.0156895008646279,-0.236012095037268,-0.28350123809032,-0.093133338383944,-0.0317690403921853,-0.331984442626688,0.261929553529628,0.248860375838229,0.0623993417660861,0.127099032993319,-0.117826966877797,0.0979824663231744,0.172836841187621,0.218932998391728,0.440728173001863,0.220667388907007,0.0981852842905011,0.348157870196596,0.493597434851935,-0.129786534674896,0.34977457380912,0.189283497742233,0.22981066647151,-0.0818615574170828,0.231277947996321,0.0994394739442993,0.481544689884088,-0.151093444182479,0.48888030815585,-0.077610971302572,0.768432754105234,-0.408466453231787,-0.125192072633654,-0.671172235114299,-0.66116097626328,0.187908702416611,-0.046866359475856,0.150174287474544,-0.522557639078703,0.104013218093052,0.353643416896737,0.965619107334161,0.094279355876544,-0.292854352681026,0.337382836872398,-0.175560906969398,-0.286753457200724,-0.139450672415553,-0.532561770649281,-0.0871260264518294,-0.253833844169758,0.964185244047571,-0.146127402978541,0.0820981814819205,-0.418614705582655,0.0572524443418694,-0.418572724346319,0.183956946899946,-0.412278987734804,-0.635731028482893,-0.0888501311443597,1,0.100627475377686,-0.0905119285337048,-0.499328981216144,-0.393258814721386,-0.0889515468499625,0.44635156677871,0.113925989844994,-0.0308515051587795,-0.286660089719753,-0.421187808433002,-0.146553869511706,-0.421859043228446,-0.276875283650762,-0.658139349002492,-0.246792801357886,-0.406453332336312,0.222714027741238,-0.415568191567716,0.127838805241807,-0.193169906437987,0.151852739735031,-0.0202053260815283,0.138467760395621,0.14094218987686,0.139498033509985,0.217362463488571,0.763678003004003,0.0369201891633847,-0.373680747845903,-0.402225981049456,0.17615106944891,-0.082428302336854,-0.329202473310298,0.444738875296209,0.0946252130240642,-0.133971961777665
"继外祖父-继外孙子",-0.11659708612092,-0.115575026919849,-0.51947171752221,-0.387980758028043,0.0667966232455426,0.0460597936135222,-0.214937792280209,0.219153842052535,0.111498860746285,-0.246527484164673,-0.0214388036322315,0.297962875785238,-0.187736381965158,0.21254430699883,0.222438387801866,-0.117982804790949,0.251856501763417,-0.349992519676651,0.267970895408351,0.278736327915948,0.326983395204174,-0.129482404427507,0.0812872390574988,0.226552560253458,0.809992836146768,0.0883979932571173,0.0874669390755428,0.108876965429235,-0.221316655476989,0.101186295116743,0.815113673487387,-0.00232014907988698,0.107755676630235,-0.621542625329525,0.486737385378083,0.524874049456459,0.310841537173987,0.305623545750441,0.233754673144659,0.293083812727997,-0.0400731278182581,-0.112951060273406,-0.310827414396263,-0.377184621437064,-0.266010771614101,0.356794688286544,-0.0339174818393785,-0.541862342165879,-0.258717948542721,-0.612980753345267,0.151246083822748,0.147685855456141,0.0838632863069252,-0.0115993484988545,-0.451947115033256,-0.506860757701629,0.223245207778552,-0.0582923495523294,-0.354334527416997,-0.0635474389137129,0.185513179766745,-0.25407059749789,-0.154205134492186,-0.623207405539747,-0.260449886833804,0.228287815658613,-0.000328911384706248,0.115811804438708,0.0112121798583393,0.976472580785182,0.331400885200248,0.476663846058778,0.326790263317008,0.103270609958808,-0.123067855137461,-0.312109888345161,-0.669645600194029,0.0520989169110639,-0.109820007863891,0.228992541275834,-0.0284881009807798,-0.526682475180969,-0.182031719070868,-0.0155588471285884,0.164025524341931,0.0955901191887929,0.182598572126557,0.00377818776808589,-0.277185467026106,-0.201011823444567,-0.0412682053540745,-0.243252700928429,-0.17966523605601,-0.5383344459876,0.354015793933814,0.115245689004978,0.179645291268684,0.969940689613115,0.305404393420638,0.0835982374421535,0.0206447628574169,0.231827003640324,0.0285021898274762,-0.230313279481994,0.308846593651341,0.100627475377686,1,0.781266142377743,-0.175061729080822,0.320154217744458,-0.477772315594643,-0.368750692973778,-0.497967033980348,-0.0133036228165763,0.0104128292048554,0.0137516274269859,-0.256370609552788,0.0155774683320264,-0.0448641540818289,-0.114068504374425,0.338331637067229,0.312592720210709,0.0107730430793191,0.314569896548277,-0.0190845604861527,-0.395024419570684,-0.524980589245894,-0.726651723462187,0.25064822784429,-0.267646822080173,0.255757900975445,-0.0729261737356122,-0.126380481784666,0.0855035321308714,-0.145533726419518,0.137170389938062,0.227097993594178,0.116710000172754,0.253352683171801,-0.364582202431674,-0.506046926105024,0.0481197463668335
"继外祖父-继外孙女",-0.2756760034574,0.0485014981295289,-0.496193345943402,-0.108137545819766,-0.0776084478280246,-0.233317115700315,-0.45025335113259,0.357066149866785,-0.101085985108526,-0.331590089050064,0.0760478685232312,0.176563623158071,-0.108821096422362,0.113110644767711,-0.00646858104489153,-0.329122744580305,0.260047025927081,-0.178031638339994,0.0323908223152338,0.435432796389865,0.269791601154119,-0.123848481596344,0.112510859308131,0.11534856648402,0.540911253720225,0.247413946056318,0.25680676112048,0.458274280515865,-0.460716392558741,-0.0999769183650318,0.553699652035043,-0.0400302830274869,0.451090670810307,-0.345529933311995,0.769948784814023,0.225991626352264,0.295487323600858,0.184378471531372,-0.00861094261135564,0.166486239451877,-0.192566785120254,-0.281736675527094,-0.00193104486757037,-0.0926072074984872,-0.366231802621743,0.329459723785903,-0.18983304039016,-0.68434465356989,-0.354228691704644,-0.352021719921672,-0.129200682344766,-0.125564328664318,0.133991717575032,0.0925661108710231,-0.251497588484559,-0.361106843612129,0.118659385703958,0.216924577622486,-0.505014941694955,0.212668107772749,0.309044281015998,-0.33001331311626,0.00370082684950701,-0.444843677695539,-0.330193417561492,-0.00434468595934023,-0.0416394215230235,0.455402004947116,-0.0317759571528567,0.771660762277835,0.267386441583917,0.754980661866557,0.261772212416985,0.45221419897954,-0.120487449972673,-0.0125136916642799,-0.651463497772024,0.245594587844615,0.0432725274312385,-0.010681521703184,-0.140417374083081,-0.681085614613812,-0.0149110891226431,0.218688470925711,-0.136260060114928,-0.108733573596998,0.30807701400309,-0.0162308303041867,-0.351073845089301,-0.41072007597192,-0.190645394344495,-0.549499751994287,-0.105164186979786,-0.684216067110349,0.317625500411499,-0.105181272650294,-0.0655512431734817,0.760519312649131,0.294887552877815,0.118029909908882,0.295049938162589,-0.00313326025457128,0.309465809940582,-0.0516885677287719,0.195680582803991,-0.0905119285337048,0.781266142377743,1,-0.0888479742845757,0.32059748582091,-0.257184890784856,-0.496904620337297,-0.347455954652308,-0.129830654274154,-0.018836714850361,0.292687679782055,-0.554911617487289,0.295844144689947,-0.184556395865488,0.0415534739072086,0.318276177567492,0.295427691233807,-0.0441811439085577,0.288576011024528,0.0734525436065128,-0.135780813927715,-0.684567187956703,-0.603539695299306,0.199930394296327,-0.267734062139667,0.206588166456479,0.194420969565318,-0.114437071911617,0.252008445622726,0.143476393162393,0.279129664052575,0.370526769601494,0.473329668439704,0.260386413498972,-0.494843188199225,-0.361043989729311,-0.227615785006824
"继外祖母-继外孙子",-0.0261726571536069,-0.346316980372109,0.312398165924711,-0.0625497847112736,-0.410388509899279,0.00471514818838943,0.0291374007206337,-0.306774946008188,-0.499807799133776,-0.59396749445002,0.272206698303453,-0.0310362476071807,0.969019768447414,0.402238462961162,-0.0460926275994362,-0.359018378752582,-0.237069710968995,0.136421521566241,-0.209042645869287,-0.255071651375525,-0.662456621666099,-0.21496751893185,0.312287646969231,0.389660819473664,0.0126013557843439,0.0509395210522994,0.0442581931758383,0.261432429748056,0.0126322695810587,-0.513168180240759,-0.000604134541280674,0.193753281196467,0.270613557256639,0.441242346269219,0.0497423318792999,0.218363913981887,0.108036123827274,-0.0643578705232559,-0.0637256563046847,-0.0552822468693593,0.785100041596929,-0.0346230100421148,0.248259364361975,-0.0771434910548219,0.169246142014217,-0.0266720055383385,0.792353942271875,0.229442349051711,0.183501446005643,0.42254164968649,-0.230705414713921,-0.223151331784892,0.333668786911174,0.276997489564211,-0.341829694775971,0.0508133734569645,0.398019426094083,-0.0423654537646654,-0.415235325423128,-0.0514665117607736,-0.208380841795362,-0.632657093437421,-0.0608726844267142,-0.0442218666520711,-0.62814630676155,-0.062554671297057,0.184149271724168,0.272920614034156,0.175667686838163,-0.175295518959628,-0.670374573755702,0.0288411045686759,-0.665551165655183,0.244736899820293,-0.223690429797197,0.252874104493138,0.364458315555742,0.473366248455817,0.767187287066335,-0.0668344004302657,-0.479843294515641,0.18171908947966,-0.164800874558628,-0.161166655957834,-0.00232345199473777,-0.512500788185894,-0.177139553593881,-0.419407161574721,-0.613703104933358,0.250034900296151,0.781883045355047,0.0118748788551301,0.944487207640018,0.22469433700802,-0.0303915814290332,-0.526534892043519,0.498163624680592,-0.203663244881736,0.0911155059010479,0.309783304400146,0.0434734330370128,-0.0587942165768282,0.0809161701475863,0.279000608616385,-0.0473258767551841,-0.499328981216144,-0.175061729080822,-0.0888479742845757,1,0.116688243932481,-0.344375653988615,-0.409727855593329,0.0612683926337939,-0.47646812954515,-0.419437190695899,0.0757486482841861,0.0275629980738504,0.0756585655281782,0.792375594623704,0.770542230278126,-0.0208407153507504,0.0916746960929521,0.173410690907725,0.122775715239332,0.282540977764526,0.1324711913861,0.182696885714482,0.186426707569209,-0.290891210963472,-0.600328505073364,-0.292476237996903,-0.062419820202273,-0.22203509725572,0.0393113045896747,-0.00196331521878965,-0.169568093856619,-0.311214260140882,0.26433520231132,-0.229446331723244,-0.405822017495605,0.0524827110345665,-0.000526563959923442
"继外祖母-继外孙女",0.263810425741994,0.165294578729049,-0.164166341786611,0.0537977146589794,-0.164810111969333,-0.215156982400479,-0.405775315177421,0.344585120702613,-0.401148315413554,-0.198573362168918,-0.0417796013364206,0.746408816162757,0.0987352166463345,-0.108703146830917,0.456650974504515,-0.0987576608232942,-0.0342953183337669,0.13835245592161,-0.0440112201145045,-0.100030744477618,0.24121808414287,-0.694336574275053,0.0286063150396279,-0.113037846272134,0.0968583793717327,0.228778683934849,0.23415169968967,-0.0233788678995916,-0.416542750239113,-0.399634806074314,0.098060077000488,0.0743100498960747,-0.0329968191719323,-0.172323137226326,0.230675418231254,-0.0519797646692255,0.978974684254863,0.751091856680688,0.463535856204517,0.736934546428816,-0.0469290118078849,0.255590067160883,0.0723815864011129,0.0548546575777703,-0.552858583023496,0.277066303694194,-0.042047015121456,-0.11381470609902,-0.530740849948194,-0.14774400370689,-0.210115939331775,-0.202867304945397,0.0648158740484112,-0.0296920068875943,0.0384896481540227,-0.712410728696973,-0.104528389058457,-0.506946977759991,-0.480339663115844,-0.519040412652073,-0.231103023164937,-0.201343378834946,-0.665752436015785,-0.0867477673547448,-0.21192495439138,0.467577119732193,0.0576142417302654,-0.00821706461000957,0.0764181206080673,0.318930570271667,0.266302506639511,0.216221004609239,0.263854903766118,-0.0314631699718554,-0.714602047831519,0.0749619030339133,-0.206477229402331,0.75818747796089,0.48361234799818,0.46544502068213,0.166289758601899,-0.418094648737935,0.277310114935176,-0.304689263975919,-0.369309338774344,-0.414898484767483,-0.214731575425329,0.364461212232408,-0.21161517224611,-0.316281101414235,-0.0401531170736244,0.146983506028334,0.102843609538426,-0.118304162567185,0.26620642717073,-0.405789495041759,-0.0248355616132357,0.309712785083761,0.966510765405362,0.0460480038352757,0.204674470982891,0.468139527993234,0.216480540503853,0.0544159031690987,0.754984229596898,-0.393258814721386,0.320154217744458,0.32059748582091,0.116688243932481,1,0.016963148946007,-0.481106433943846,-0.699222595781122,0.179294240865178,0.373302753437938,0.212007269839276,0.140385372690473,0.200709561459531,-0.0379360995097641,0.459190122040067,0.274181536146144,0.962896306238567,0.0767314299802387,0.962358531632297,-0.0383362321593147,-0.528098352451278,-0.428364952436416,-0.346085781890381,-0.190006652880336,0.0322258993051522,-0.168548967930672,-0.525012503973278,-0.700490544927571,0.22521505284565,-0.313394294911702,-0.0317436840961409,0.34160436634814,0.00101873264340557,-0.00844641569614192,-0.479224581030484,-0.707140459438482,-0.218011227044103
"继父-继子",0.22720405663469,0.392026566878945,0.0135631898852522,0.423183154367936,-0.0225897089541924,-0.173197131785969,0.18452679868823,0.356230491890135,-0.101806180426334,0.555982414292937,-0.514666696783717,-0.16914357146063,-0.3686980192642,-0.485089507028289,-0.414044680192112,-0.0781290903210005,0.172367948255373,0.335155165893348,-0.0477448662460506,0.0102796939227308,0.278527488992332,-0.100458661559459,-0.174297340205143,-0.491990308282704,-0.621074218308621,0.145347193831838,0.168017586297874,-0.323730974356412,0.182245673886586,-0.103164923782907,-0.627101453686049,-0.530923029171469,-0.332680319133473,0.096089386468262,-0.255487116250965,-0.700530866259443,0.00823183195113128,-0.151481423969627,-0.413685393974265,-0.148209998600596,-0.605112297967061,0.21672504729944,0.169082385005511,0.419029404488094,-0.264204381334448,-0.127941125922761,-0.60076896659893,-0.0363574529479828,-0.270156993631521,0.0932248964822473,0.195623257853543,0.195062851485784,-0.163710806118442,-0.516629797754495,0.965848792111931,0.0926478273123788,-0.495244586061968,0.228303193724692,0.24263009781503,0.233398940439296,0.335983748429606,0.570360192835335,0.0160803738400873,0.798737818611175,0.575511559966148,-0.416219086586102,-0.540204056192085,-0.335219475966337,-0.538091826503813,-0.478691618753414,0.29027937042412,-0.262236411424623,0.299671428923065,-0.327128603829479,-0.101212772177101,0.16443721550815,-0.0354455633427853,0.0747635165320188,-0.122983378391292,-0.418441113853093,0.186226974764739,0.271477454151069,0.474967869446612,0.219009369043198,-0.234498820902228,-0.100995537949405,0.3440565058725,0.374110432395389,0.572649521049053,-0.204755796232714,-0.589224010208709,0.0370161437964758,-0.356944864588319,-0.0384740640311559,-0.133814274607577,-0.100735588586878,-0.597428878939327,-0.479769487007517,0.01585290653951,-0.167811377568266,0.167547894022398,-0.413554216045626,0.150670676627313,0.322558028244206,-0.145438342950298,-0.0889515468499625,-0.477772315594643,-0.257184890784856,-0.344375653988615,0.016963148946007,1,0.239120884699538,0.0940264612775107,0.188549362068538,0.381908494124091,0.173832898753091,0.0406959067304257,0.170565792004557,-0.596986388252863,-0.12488969404378,-0.130999882120839,0.00749127741187031,-0.53951413339313,0.0057104655929161,-0.524539118829937,0.1849691775232,0.262836542279312,0.566878722500287,0.328315046653168,0.783829700558633,0.334626311647763,0.24082632495775,-0.0841457166605045,0.164868597172409,0.309672611107584,0.285279552760832,0.351370272793757,-0.321035169567538,0.189499500922652,0.25519763702011,0.097352665991937,-0.181656429788191
"继父-继女",-0.0207121747285513,-0.0838173996190492,-0.0767678843163809,-0.190142624824735,0.348349020059548,0.328519206689047,0.335334229596107,-0.411184930475937,0.446681828219796,0.740578894159276,-0.10689299992535,-0.188960263483783,-0.420359130063607,-0.389378583700112,0.0634570733092099,0.480105061310896,0.143180063317688,-0.190085341971312,0.267056614966316,-0.0463896002598108,-0.0468113181394243,0.374853148179762,-0.539642127088306,-0.397040330856928,-0.276557560045891,-0.537411081256738,-0.542651062529458,-0.385458317040568,0.321764914747509,0.452342394543932,-0.275829405336786,0.0443952280542753,-0.378748180343941,-0.00959660683688684,-0.509278046702225,-0.274525351805162,-0.490511311070097,-0.189170594233983,0.0490774555421646,-0.188294607123299,-0.150920286268936,-0.0201557068354895,-0.174034143832893,-0.205349922814117,0.242056192710045,-0.0454492745976093,-0.148210873497439,0.253320844558025,0.250960625956084,-0.0278920979668226,0.233252366640104,0.240215482544212,-0.557606434441032,-0.127339629904533,0.190770657727517,0.568200145260429,-0.393739051169995,-0.0312566888910958,0.975503346060499,-0.0308905297561758,-0.0930027515062729,0.734627940707936,0.147453483102516,0.106422721229347,0.735297366862096,0.0461712454146239,0.0442362402639678,-0.384019530013794,0.0368949638010113,-0.365132040911798,-0.0731133161831291,-0.511159043041855,-0.0726165971227416,-0.392310496222983,0.37618602915695,-0.160463379381142,0.17424332740025,-0.684800894409205,-0.635230979114241,0.0573649029484989,0.297298464719108,0.289009409097914,-0.148199518684556,-0.183640308194395,0.145004738502136,0.436744508884735,-0.0886218334278582,0.0577533958725696,0.735480540417676,0.236627058818261,-0.156229451831724,0.180370928699394,-0.436472035035506,0.25515778334602,-0.0417991317000578,0.427786919917184,0.00564387087822227,-0.382087696791522,-0.500575914408468,-0.554452773058535,-0.166999033024664,0.0469762673811268,-0.165188484876634,-0.321888893338203,-0.184619996388996,0.44635156677871,-0.368750692973778,-0.496904620337297,-0.409727855593329,-0.481106433943846,0.239120884699538,1,0.581575013901273,0.314320765833427,0.0592138362825266,-0.164948708359882,0.199527157789759,-0.149882028219219,-0.149543123882921,-0.621985404873747,-0.0442851896574231,-0.498625530748949,0.0256997282315684,-0.495667220207796,-0.124543093204928,0.250757958046794,0.293880873637041,0.155729403033503,0.0486733269489376,0.504749106493776,0.0270133737806009,-0.0343513119315764,0.374448474365798,-0.528933410052315,0.0640826903476955,0.0401303152381107,-0.430079067359329,-0.397193248369911,0.109480695175325,0.981136730718711,0.562320416264592,0.332202552892979
"继母-继子",-0.425521536305332,-0.169587548644017,0.101339265046419,-0.0265979726200695,0.00969705831012357,0.270595983008866,0.173174908211943,-0.511082038453867,0.102586153605844,0.24182073185376,0.201618559278351,-0.617525106504231,0.0553908462422956,-0.139138992454651,-0.332268056130428,0.145415731545296,0.143056171691269,0.150985948347044,0.120854216468574,0.108728007529071,-0.477084539753578,0.423635785945794,-0.232514102650824,-0.148464667333659,-0.416030029262024,-0.338349988378612,-0.341442987010913,0.140490989735582,0.155695510230305,0.111424563107897,-0.40665996021045,0.0398298797474961,0.156878139381182,0.308337639209066,-0.117629138411287,-0.252921492714863,-0.707655880031651,-0.631888672156671,-0.351412579066213,-0.634950387818061,0.12123320660891,-0.423857616716587,0.108726156498771,-0.029935866404963,0.408116133801345,-0.250825143827598,0.113878624160198,0.0359806478244352,0.408477320973139,0.269499850100885,-0.0602291751234062,-0.0555748376649657,-0.234336516051358,0.193113387591512,0.0540221602196132,0.984245058137793,-0.149002002103636,0.369318521161938,0.567996508294691,0.375784667086827,0.063509287187488,0.22182845242153,0.503918667269911,0.188298421269588,0.235269212455721,-0.357330817956425,0.0374075829958377,0.146471363985571,0.0139129352934821,-0.492179783647417,-0.49676994826433,-0.115386917776279,-0.493013560746376,0.146409340784918,0.439899946495978,0.106316783103357,0.248533351103964,-0.526034732881743,-0.207061225850881,-0.352246423212944,-0.0872237743492249,0.306350735772355,-0.0655880677279286,0.152169229491873,0.0830221053550323,0.102238034078524,0.066168590452853,-0.205080990154806,0.242750525964577,0.398620430740318,0.117144228800229,-0.2695049203283,0.0256973911038499,0.0390416357862631,-0.255205607035989,0.0956732274739198,-0.0283480470557899,-0.506839448573021,-0.716644875423374,-0.23902073991265,-0.0965126334492391,-0.35026202152324,-0.0880147114515323,-0.100326628850166,-0.627556647269647,0.113925989844994,-0.497967033980348,-0.347455954652308,0.0612683926337939,-0.699222595781122,0.0940264612775107,0.581575013901273,1,-0.092810929238532,-0.220912548967521,-0.0956760938474229,-0.251864714656775,-0.0907708783866877,0.130241795593772,-0.195129470370563,-0.2460913832309,-0.717141583345534,0.00427471236550161,-0.707130759007954,0.192307466629215,0.794616382062188,0.31332654759646,0.33265639383969,-0.0830367164252408,0.0444898312502838,-0.0872101510029537,0.36505985381783,0.434601701452545,-0.322413547145382,0.557401538810659,0.263230250877419,-0.521117977409869,0.145753651493311,0.117022306989091,0.577674959327729,0.981652712438815,0.279082810927699
"继母-继女",0.323891450092523,0.04382352301534,-0.232622451593084,-0.100254100227402,0.146982177619486,0.393935221183142,-0.137313249719029,-0.0383891215406473,-0.0462753492680367,0.473875860650726,-0.21810311514067,0.381293715728128,-0.479623335261369,-0.352464123183274,0.307106143167891,0.787520288420181,0.338233837407778,0.304717997825377,0.4190330440372,0.353803579824322,0.164643939766076,-0.317372242104083,-0.387716718257173,-0.357774560936015,-0.0464014233116025,-0.275917468985195,-0.269374642831258,-0.330284853633828,-0.136900394668882,-0.030228522854272,-0.0489648358630008,0.0753194865552645,-0.329836137087666,-0.213941674789824,-0.322870390862467,-0.215135758105397,0.164545626134456,0.404053713213432,0.301923159513751,0.386631467325976,-0.406383544152268,0.331320326326117,-0.236182363247762,-0.103649155645937,-0.258751930958085,-0.00930046406175346,-0.409177626663578,0.171663119907007,-0.251403071877668,-0.19244270643227,-0.118353783103546,-0.121050477795402,-0.388771255476453,-0.218864036879514,0.185491801098016,-0.09162375365445,-0.340140666708614,-0.572144836497586,0.308846836407525,-0.566409619189079,-0.444633861484339,0.481897568540489,-0.570986262337021,-0.106528429802495,0.471645775897338,0.309692199339226,0.0741370530066347,-0.332280798147099,0.0774735998317561,-0.018535185059152,0.176150258016271,-0.316495095226383,0.177021978620802,-0.33132075443748,-0.305850640555895,-0.224962853690592,-0.0774925989731954,-0.104056812458079,-0.397592181155682,0.316801588103377,0.982728681229464,-0.271322037237517,0.591702517771239,-0.0272151933452665,-0.0038334980368952,-0.0415724526485524,-0.456791270576279,0.788689854824445,0.476748332096701,0.233894369605025,-0.411387383668499,0.323365879079913,-0.484851610867262,0.166033671849841,-0.0184229848319105,-0.0409682150394007,-0.22508000525795,-0.017928421112587,0.172289900720874,-0.39350539939374,-0.0614367369839696,0.308530414810804,-0.0727990973484761,-0.167507856360463,0.397219533499644,-0.0308515051587795,-0.0133036228165763,-0.129830654274154,-0.47646812954515,0.179294240865178,0.188549362068538,0.314320765833427,-0.092810929238532,1,0.799857497494082,-0.0737024060794763,0.327049289373728,-0.0784006585568774,-0.409118688877974,-0.411468711263481,-0.00545508815392036,0.163359867188025,0.0694539076239253,0.145051847592412,-0.226232796987578,-0.195196175406347,-0.257462738091455,-0.215997036087142,-0.19055410872982,0.375843656899586,-0.201292832265278,-0.5688826722677,-0.302200311868605,-0.26187969832693,-0.05170112399696,0.110021704141938,-0.0400575008825674,-0.327902983390745,0.334486275596312,0.29897037710249,-0.0980409335805622,0.399141786740783
"继兄-继弟",0.330759533734301,0.247545470395518,-0.272402244942736,0.0774568984504593,0.0165601065358372,0.2513120038198,-0.251777965635249,0.181951537659379,-0.294148493294608,0.313291890308624,-0.336142024704319,0.283972964688825,-0.422904770279974,-0.435511826306615,0.0878284506897669,0.570192935456523,0.407802975805554,0.584176623339809,0.406147976819565,0.405368308365372,0.219838166882565,-0.556721785959801,-0.244661209714234,-0.43569736747236,-0.214896624973369,-0.0430908800362863,-0.0257764813630187,-0.302057839096695,-0.248241479781043,-0.292449219836627,-0.216897101018211,-0.248252440697481,-0.30799102543784,-0.210591797811671,-0.114447693399649,-0.352647787318224,0.364160639339857,0.29981424899477,0.0917111629370826,0.295948134487879,-0.511274208047787,0.322494969571744,-0.0291336973395774,0.083929937533008,-0.392834872032328,0.0374487238907368,-0.504693027455883,-0.0532609340026396,-0.379390255425663,-0.181298057871257,-0.0937765625358261,-0.0956664658700655,-0.240722233018969,-0.322299169208678,0.395960936167837,-0.206807947278323,-0.412842182665483,-0.451911911852431,0.0654419422906158,-0.444576467262234,-0.174670070681477,0.326497459558381,-0.550710138765513,0.186080793262913,0.321468934140046,0.097411319840811,-0.246242458697068,-0.317969078834516,-0.24814744884556,-0.00311826517167198,0.238553419381031,-0.105516674801946,0.239603952588697,-0.306701890892433,-0.557265084419333,-0.0228337133775528,-0.171010698083756,0.172740926242682,-0.120465184576436,0.101413720694616,0.806877621327665,-0.263595765756625,0.822941725157331,0.127480412396894,-0.158266427821269,-0.290407766498254,-0.193196238058976,0.971831533020629,0.327701928049402,0.122531838266708,-0.502421284676919,0.204118813453991,-0.412025912649119,-0.0514461061367607,0.0436126849456304,-0.280524053625872,-0.409976291900774,0.00875823874253336,0.38108929732805,-0.245677731285886,0.0640684385121614,0.0983616581918857,0.0533041614007509,0.0804331305005854,0.295522900163012,-0.286660089719753,0.0104128292048554,-0.018836714850361,-0.419437190695899,0.373302753437938,0.381908494124091,0.0592138362825266,-0.220912548967521,0.799857497494082,1,0.0634927048600967,0.210633675188649,0.0496381210607851,-0.513318161846293,-0.133131054457183,0.0458618094603378,0.377119365974251,-0.241520574876652,0.360348123650717,-0.333170088909603,-0.0496794420867507,-0.260990746638098,-0.126776790694883,-0.0980216441201633,0.495099691114143,-0.0971007578990364,-0.435863895421246,-0.542316900959818,-0.0133417259605651,0.136031653464438,0.377361319657694,0.183161779764619,-0.301167414912642,0.428284824888668,0.0619901021308422,-0.205616165430166,0.253866805456543
"继兄-继妹",0.27083773797878,0.379588272157468,-0.259373268901224,0.251564262958673,0.187075275642569,-0.330895509152606,-0.443005671816697,-0.070046114052961,-0.41344273220062,-0.00551874539838065,-0.195066243190656,0.0272096529586235,0.0711188983928906,-0.559362975983391,-0.242666242738605,-0.260586739313808,0.205130403162764,-0.0701210409931662,-0.0961247548216436,0.397676530270624,-0.146116033545769,-0.363989001384001,-0.440635946912579,-0.553291261938165,-0.266397067201703,-0.228362551959796,-0.202467948430127,0.123665727754232,-0.450612744585905,-0.432627322397794,-0.264393920548712,-0.285285156271769,0.106998860650211,0.465835148189104,0.290618270287663,-0.531771773887554,0.213262517078943,0.038971534468684,-0.244944664101747,0.0505709492115536,-0.0203853112244284,0.261462563440822,0.773870124447713,0.245278515592087,-0.00386061758755451,0.750931209342303,-0.0132396264964701,0.0300669746048536,0.00434248240502548,0.475898265634908,-0.24141387144635,-0.243244609258422,-0.435200222749546,-0.175172878196278,0.190957521164974,-0.0790134359355823,-0.562724336789876,0.092771448273274,-0.157184567580019,0.0882822210687894,0.181246029011672,0.00356702240496429,-0.160628535286687,-0.0154197176374446,-8.94950948119119e-07,-0.22923335436867,-0.280422497367112,0.115264922068992,-0.281655217968695,0.00785854791361585,-0.142696339010392,0.291229686351676,-0.133307485044116,0.119201204385707,-0.351050942458602,0.776401407945734,0.139173741964952,0.328667953638394,0.181369439346958,-0.234512528227282,-0.0683202571964061,-0.482174109345525,0.0957394166671896,-0.0180656159170282,-0.51018863665564,-0.43155788393155,0.171737142342457,0.0503677035784655,0.00514000346661032,-0.486483037933409,-0.0204244807079481,0.0483243086176534,0.0718550450522515,0.0239155769301048,0.742796718343357,-0.432200337328281,0.141307779171846,0.00639789028185029,0.236602487359452,-0.447603825880983,0.973461326743864,-0.238527166945562,0.97786671862005,0.449896671366133,0.0423894986727506,-0.421187808433002,0.0137516274269859,0.292687679782055,0.0757486482841861,0.212007269839276,0.173832898753091,-0.164948708359882,-0.0956760938474229,-0.0737024060794763,0.0634927048600967,1,0.0542996624708694,0.984054757217444,-0.0162412320663878,0.185905654261235,0.751426662355483,0.212491056898746,-0.29120966969098,0.208898083909239,-0.180265162273577,0.109029241443949,-0.490849945020364,-0.278602836960307,0.0603649286642089,0.125568405041382,0.0551912741381914,0.0914918984532469,-0.354977675745345,-0.207367120670745,0.310266005362951,0.326673769377977,-0.0483289021725527,0.126965020611312,0.22730837785413,-0.147561563332958,-0.0752230170204186,-0.332030626742177
"继姐-继弟",0.814554824710765,0.15702222213098,0.272733229763762,0.0762226922193872,0.420952747213951,0.239864907728348,0.24817561994065,-0.336930487162272,-0.128793832863483,0.232899733114309,-0.301328596401402,0.276279853972304,0.0325030765504566,-0.241833121840932,0.264804426959873,0.314140964639987,-0.0956071858361245,-0.0467628831031215,0.143685247381425,-0.336269288387081,-0.191059018310273,-0.37849880767681,-0.339346710426394,-0.236388068383525,-0.133230368520383,-0.40582472000804,-0.404969485482733,-0.605317857670226,0.247418611435029,-0.144640894055841,-0.143558746811298,0.0101871248660903,-0.611917750430443,0.211256539265313,-0.661268741265738,-0.104306458850484,0.152285003965486,0.281093964414515,0.271878243617354,0.302335098125321,0.205944620606923,0.812915475272232,0.047097576385591,0.0643408610423045,0.354599004048016,0.212237911266315,0.218162791398042,0.798242860009753,0.368192259763669,0.233395619438968,0.138012275582958,0.139217196329279,-0.344701040398266,-0.296728935493603,0.0497149851593901,-0.240563792930968,-0.238785053563795,-0.620025414701488,0.20117997705468,-0.617998720798233,-0.444596066862059,0.235875269778746,-0.551430507683271,0.0293378490548804,0.220625838833025,0.273877091485091,-0.000335048512433046,-0.602183322372499,0.014768437843178,-0.27083287080895,-0.169250051027469,-0.660293319646581,-0.164903563323374,-0.617932276937735,-0.366878092227636,0.0704705005823368,0.547071956867475,0.00267437022307691,-0.0302104690647957,0.276251232486843,0.322823258878973,0.242247690687833,0.0115446680040453,-0.572839550483981,-0.0397045475059363,-0.138224814828352,-0.44105515578157,0.193137785655514,0.23540158462939,0.197116477041972,0.205641892613305,0.974763430894595,0.0466059836844113,0.796883433446226,0.228716027248977,-0.150863018149931,0.346696883692444,-0.263184502074671,0.161094311608584,-0.324521796667697,0.0362587541255022,0.261963820385594,0.0417537491660601,0.315977824873123,0.278440548388511,-0.146553869511706,-0.256370609552788,-0.554911617487289,0.0275629980738504,0.140385372690473,0.0406959067304257,0.199527157789759,-0.251864714656775,0.327049289373728,0.210633675188649,0.0542996624708694,1,0.0588485079485855,0.202154498043809,-0.029493437983018,0.221502609427627,0.14418367067658,0.0243836320734662,0.159726669227918,-0.280861420076039,-0.405541897183842,0.242406988814046,0.0745129551649952,-0.150009248924179,0.166820567659221,-0.159661573488035,-0.604016511653817,-0.365937742907115,-0.396849049609962,-0.427356158764201,-0.291027606487026,-0.334749566460022,-0.61569109469589,-0.0816804991087003,0.193533474951563,-0.242747129632584,0.238942520465903
"继姐-继妹",0.26897379234315,0.384849553676718,-0.256117827547263,0.255555460792819,0.205286816531685,-0.337131033957892,-0.437394334036642,-0.0629889986666451,-0.400220297118737,-0.00535093766872482,-0.179622139386865,0.0311284514418632,0.0737301258199207,-0.541774084882833,-0.236553031655598,-0.265776459407003,0.20380395275385,-0.0817132358897988,-0.104127373020129,0.390996232431327,-0.142018978586083,-0.348909591681,-0.435909713734886,-0.541267789413051,-0.249002264437211,-0.2202609158355,-0.198529643226225,0.136429366916538,-0.4444191968963,-0.419847446716098,-0.256493254080546,-0.276412315277702,0.117041787258106,0.478939002194785,0.293399199492048,-0.527186193681417,0.203271763021157,0.0383732592166184,-0.239925632678048,0.0541678447180157,-0.025447673500238,0.259042451930562,0.767158152367907,0.244818303054772,0.00451821202742626,0.751318982311353,-0.0074459184607083,0.0450025378208009,0.0198691741439456,0.487519686598313,-0.254081662170667,-0.252424733620889,-0.432087851555907,-0.167370907524231,0.176901064908387,-0.081737976692053,-0.553049671680113,0.0986287896860975,-0.14699916751729,0.0915808877906384,0.169602979484837,-0.00321970120227888,-0.165933555411427,-0.0264459769535627,-0.00447745206467108,-0.23008397016375,-0.274703241715123,0.133227011737356,-0.271145159768297,0.0119548883000273,-0.145338164207595,0.287316848565445,-0.140030956834966,0.122822173173589,-0.338634108130597,0.77488530202382,0.140522407477896,0.315185686249812,0.168017411961754,-0.234135151896171,-0.0825279689968598,-0.485648968171814,0.0790191521186633,-0.0285770079603151,-0.51235255921053,-0.421404996647126,0.171910034402906,0.0363217973259016,-0.00591713412808135,-0.494914634379242,-0.0265893872048822,0.0489284482647178,0.0690938577206114,0.0351692722325506,0.752287225034355,-0.430888802847502,0.138359654416175,-0.000625654718110355,0.222218926122861,-0.444399954599533,0.962883371242287,-0.239967633551608,0.968577811666472,0.450015563703414,0.0372128890788705,-0.421859043228446,0.0155774683320264,0.295844144689947,0.0756585655281782,0.200709561459531,0.170565792004557,-0.149882028219219,-0.0907708783866877,-0.0784006585568774,0.0496381210607851,0.984054757217444,0.0588485079485855,1,-0.0206361244966585,0.173093941303888,0.742864026999562,0.205073248962359,-0.28452015218713,0.209157857605035,-0.171080162590945,0.0968284910134309,-0.487870490118424,-0.281187117069965,0.065399988563836,0.11676884391617,0.0514607318772367,0.0935408699746899,-0.344126126338523,-0.200724850101493,0.300369781756485,0.311534391682721,-0.052918465256484,0.125943318606203,0.212985694674247,-0.141106794028905,-0.0789700681624275,-0.33921969201077
"养父-养子",0.0168025289551826,-0.449296622202463,0.227390509464787,-0.303400002424476,-0.146871998588655,0.225598040552153,0.129030622774055,-0.595413682284199,-0.258477158581583,-0.485467812996371,0.297602410517252,-0.00864394217740625,0.804376400017788,0.370629494157869,0.143356469660421,-0.16085748759282,-0.203976770459253,-0.131158376982993,-0.0119767227344143,-0.282643228610213,-0.677395700132379,-0.0771231905485092,0.0956206299313041,0.359658510945168,0.186061943971988,-0.224942600897018,-0.254903980383781,0.0790933348945254,0.115189070873223,-0.263881499474415,0.185621476385769,0.290184100396942,0.0891975508381034,0.284628004146156,-0.10072867009575,0.390033929339717,-0.0215678301778209,-0.0509752138371684,0.129833410221425,-0.0398064631596983,0.963664066361044,0.0030423918437499,0.0823659394023437,-0.32881232320052,0.384959764932797,0.119545217061185,0.977408421603641,0.34201911786535,0.395430440828978,0.277385318227923,-0.0711490243655901,-0.0622612946093734,0.0896939227015937,0.286414658371624,-0.59570215438516,0.117308841814871,0.363280139238854,-0.180336259290135,-0.154809180614118,-0.197676873258785,-0.294170845430278,-0.521304770210612,-0.079763883261632,-0.337128293431805,-0.523214176660945,0.131531355143996,0.305399749855755,0.107407443692579,0.280338104362385,-0.0312295718642479,-0.688952675257622,-0.0968256954448664,-0.68847756473596,0.0770956116770676,-0.0873192350046765,0.0942377848024932,0.395385762144042,0.14979427961956,0.523971290794006,0.131030712301327,-0.407295628577822,0.197940965959138,-0.422566306504263,-0.377475778062193,0.187357561591286,-0.274209305639717,-0.273504297202032,-0.50943673960953,-0.501251458908112,0.353162734269393,0.967905683950895,0.183461636259746,0.785680944334793,0.331275994855095,0.131197406244936,-0.279721424136686,0.772074468264852,-0.0394944385190328,-0.0341036771826471,0.0986338337477099,-0.0412060463832545,0.126427629313386,-0.0134853294580264,0.0613021847088225,-0.0373339239167821,-0.276875283650762,-0.0448641540818289,-0.184556395865488,0.792375594623704,-0.0379360995097641,-0.596986388252863,-0.149543123882921,0.130241795593772,-0.409118688877974,-0.513318161846293,-0.0162412320663878,0.202154498043809,-0.0206361244966585,1,0.541162271178034,0.154336422691242,-0.0267972336969215,0.290568604752385,-0.0130064452300959,0.306249273928457,0.0385135683639069,0.20331828628468,-0.0321965404009678,-0.265540965189644,-0.642294586898887,-0.2687806481452,-0.187517166380516,-0.102216785878702,-0.251032206419975,-0.15290586247577,-0.228568068872886,-0.606944110468316,0.07613711245694,-0.21396185160652,-0.158493053993459,0.115399871088377,0.215114049790554
"养父-养女",0.0197139972462117,-0.0545901387758937,0.248391079720204,0.157757444883776,-0.469606325799702,-0.212616999388452,-0.243821092463617,0.00927910372175492,-0.64766499172167,-0.662803974983802,0.221006183856733,0.110590731247802,0.780148053079022,0.247543219511754,-0.0281675361831484,-0.435962450087505,-0.234848175015264,0.365578158070402,-0.272672648669024,-0.216709775654826,-0.372606371740951,-0.481559170912589,0.390129210973349,0.238440341941482,-0.144569013228143,0.335758258087457,0.336575438807861,0.302579107077702,-0.24611004282058,-0.654654243060279,-0.149183580495147,0.0261727951846733,0.289195012005692,0.355155254371147,0.256952158844758,0.0502731870223863,0.473229404379196,0.0883421241753172,-0.0334639167881913,0.100829932372703,0.506827461842244,-0.00494415829238491,0.366493436220636,0.145256108860429,-0.120853630309933,0.00542464421716247,0.521008829170315,0.0142458798951836,-0.114872858675026,0.360246128177793,-0.325582399378316,-0.320725263827207,0.406501134069853,0.229798077606124,-0.112778640846388,-0.197688887215682,0.250066237645033,-0.0969433469042348,-0.630687406776935,-0.114087451851213,-0.111931517254763,-0.676019538024146,-0.203852890846985,0.154858220240256,-0.675804049387926,-0.0320892192641325,0.0282723081838363,0.29545796117612,0.0157536686663482,-0.0937401021022125,-0.357528292491615,0.257455305215576,-0.357551590039823,0.285860134049222,-0.499430889338015,0.364701465140147,0.21746101892782,0.763065091630251,0.98193931526451,-0.0385861514122808,-0.402411951360612,0.0227109397841359,0.123962733257478,-0.0626300015604255,-0.225505900052709,-0.655742651810175,-0.0900194340301044,-0.149111297280402,-0.665151945969471,-0.00996473056659218,0.526954428768945,-0.0470942650290469,0.776807517715372,0.007031135963617,0.0140037651893976,-0.664408036640815,0.179894773040066,-0.103206059340863,0.467087639824901,0.400862866710575,0.147988482017987,-0.0365212207032651,0.167352544680696,0.349096052691636,0.0986665352583296,-0.658139349002492,-0.114068504374425,0.0415534739072086,0.770542230278126,0.459190122040067,-0.12488969404378,-0.621985404873747,-0.195129470370563,-0.411468711263481,-0.133131054457183,0.185905654261235,-0.029493437983018,0.173093941303888,0.541162271178034,1,0.0322314177980773,0.483874926100566,0.0295063394642759,0.485180349537117,0.234399927129195,0.0516635387271392,0.0260033915389323,0.130019286478178,-0.297171594715888,-0.413806166910009,-0.284940755362159,-0.0949365933631206,-0.4899202533894,0.334249649186037,0.0237719284479774,-0.0251777921321738,0.00756105366885578,0.295821215967305,-0.217959620455228,-0.620967075738779,-0.191288276657703,-0.221695502130344
"养母-养子",0.368208150252859,0.241228298770962,-0.397265891885603,-0.0654146382694863,0.412373625927615,-0.0458838344462846,-0.26611243690598,-0.236150004960158,-0.222731881809682,0.0635300905192642,-0.26273301653047,0.21940037518165,-0.00647840973547879,-0.52601946077576,0.0352496296770701,-0.102830079513196,0.32459366257914,-0.32292883674238,0.236707269132513,0.335650432842125,-0.113065142519487,-0.383652342516,-0.559085563264959,-0.522050497663017,0.0888231710571412,-0.462048682030973,-0.466757651661864,-0.151405124988344,-0.273678893805115,-0.229923946943627,0.0983361000700184,-0.229025926254389,-0.170414454641099,0.0714576738287466,0.143804060579571,-0.215554534004903,0.286921675790955,0.212173798046051,0.0317841557161066,0.217848166890666,0.129887552947158,0.352686228167546,0.436295733380769,-0.0869173845445885,0.075233735043162,0.969689703043119,0.145219968570612,0.014055601260316,0.0929909915289173,0.0847475057385845,0.0569095251687591,0.057806744912219,-0.568017714310414,-0.250225960587336,-0.110282239249004,-0.238195211653744,-0.526511600189753,-0.136280337045094,-0.0393432975963256,-0.151564155013851,0.136420202473116,0.0658261470619598,-0.306023115712036,-0.357594282424043,0.0528732663073973,0.048284004113403,-0.212727359271191,-0.137634077059835,-0.2191229161774,0.344075913052036,-0.111522565271869,0.147178393919867,-0.111934940301352,-0.163663663078592,-0.382650683620289,0.447138705397587,-0.0321017567615415,0.153083912379157,0.0183285739251788,0.0397412694014163,-0.00679104762570737,-0.477521792995793,-0.146572534218779,-0.312864232535247,-0.274076038769555,-0.249744411380749,0.137798516646292,0.0297079046892357,0.0615197996624428,-0.31429548278515,0.136845631830245,0.219693378406409,-0.013487541285194,0.00708419721649846,0.959538853445011,-0.246106904861245,0.482480924418744,0.336399995737277,0.299005151066888,-0.565980022511577,0.738242608317881,0.0317551245362908,0.740394610175995,0.248153052299729,0.210712203035872,-0.246792801357886,0.338331637067229,0.318276177567492,-0.0208407153507504,0.274181536146144,-0.130999882120839,-0.0442851896574231,-0.2460913832309,-0.00545508815392036,0.0458618094603378,0.751426662355483,0.221502609427627,0.742864026999562,0.154336422691242,0.0322314177980773,1,0.291526217344755,-0.214858660984187,0.279268298608152,-0.249495987862635,-0.107074039472173,-0.474300371736362,-0.542665297150399,0.178796060933135,0.0768459589541199,0.163453682813662,-0.143341637097326,-0.394175954731342,-0.468970727563789,0.0676973311099447,0.299287775172212,-0.233238036010019,-0.152376410316295,0.332683664156668,-0.0425011022725963,-0.240469858780481,-0.0530731321220745
"养母-养女",0.272030701205271,0.189249286944297,-0.150227286038849,0.0742688919860721,-0.156308805933026,-0.239839927332376,-0.432214574996081,0.354439215261458,-0.395967767727235,-0.231227614440354,-0.0110074159109226,0.748932798340404,0.0967179364075252,-0.109623725029668,0.466099447434203,-0.0920088986998288,-0.0634478088488704,0.13617973146166,-0.0718646812331443,-0.0947078776333853,0.252724082612732,-0.687440959231473,0.0615146844272193,-0.115123545063613,0.093624075849655,0.25175353519567,0.249782585756363,0.000110231630587585,-0.430990248879434,-0.391390315349308,0.081068298723937,0.0669242899870177,-0.0203936034383876,-0.16357390314952,0.224404477529785,-0.0405767703401436,0.974130384123725,0.749520877108617,0.47388088162978,0.753902105092149,-0.056449756174945,0.258348084379655,0.0811533426472038,0.0735686949354142,-0.548976871017353,0.277426288765101,-0.0356420649605855,-0.107856975555646,-0.535726811794422,-0.137421776425168,-0.234588776587416,-0.228247264204665,0.0744390889398557,-0.0082899597235243,0.0289258798459262,-0.727711312724219,-0.103250746171865,-0.514440167904223,-0.500026569135126,-0.521202927564339,-0.237226986267001,-0.235401250292042,-0.668776939003565,-0.0836261851941681,-0.23753281796659,0.478914975396772,0.0730395530651724,0.00749612093552001,0.0755284239730505,0.322543440744103,0.280366708828534,0.229490453445398,0.270477263156378,-0.0162580435724783,-0.706411462003988,0.0841553843852781,-0.195643668143038,0.759533464526125,0.48673069001546,0.470424681789686,0.157693548657058,-0.429832205881906,0.279162248125901,-0.280586345564768,-0.375704917287957,-0.398137997999644,-0.222104404021526,0.352762116922146,-0.238852551682879,-0.345898318352171,-0.0408798916740832,0.139344917719668,0.101081090467755,-0.125128162104288,0.281940204363071,-0.402080183227819,-0.0380703567688219,0.318685387923176,0.970788477220243,0.0742931380708262,0.197993544107118,0.468539486027956,0.207278178670976,0.0379435766890651,0.748182126797772,-0.406453332336312,0.312592720210709,0.295427691233807,0.0916746960929521,0.962896306238567,0.00749127741187031,-0.498625530748949,-0.717141583345534,0.163359867188025,0.377119365974251,0.212491056898746,0.14418367067658,0.205073248962359,-0.0267972336969215,0.483874926100566,0.291526217344755,1,0.0977883098961312,0.981732441836672,-0.00307772503434933,-0.526772471463744,-0.429189175851016,-0.350544133640229,-0.19375359158142,0.0218880592183483,-0.174068821413521,-0.502314780953086,-0.683607662650697,0.259218029882528,-0.321672284364077,-0.0466889059966403,0.350407611439722,0.000885521676673128,-0.0368013635703653,-0.494368000700211,-0.713183161393496,-0.240332851947227
"义父-义子",-0.300974011161422,-0.297230216138943,0.164470922280525,-0.18724373982639,-0.0944778688723447,-0.112692522202746,-0.316059313353092,-0.188411721931594,0.221237358018937,-0.215912721668115,0.765929877919851,0.470644138873164,0.184010475112997,0.315819593887456,0.74948866793387,0.299606489801503,-0.532914033198181,-0.266229201189489,-0.356517293927019,-0.294312306484692,-0.135436968445568,0.191899214619932,0.099423050205786,0.314255922472267,0.198344918593315,-0.0806362329034458,-0.104202360141054,0.458023616048623,-0.31197424891511,0.241640545585953,0.198478534201703,0.969441805188069,0.451489205536174,0.131222300765136,0.0895678431133374,0.321032990075796,0.0902209475425049,0.459259457865854,0.754066725821539,0.467398295294609,0.268922039471509,-0.295585395620857,-0.163835657597823,-0.184864035130693,0.00802700461763763,-0.224618204352255,0.273156032406627,0.296963079143457,0.0128381694150147,0.139260110611055,-0.567720481328325,-0.564450644858619,0.0898283800628407,0.768919576154377,-0.530954061076383,-0.00887540053382361,0.317763832036608,-0.435087169387967,0.0152214497461223,-0.432033542543722,-0.732002655714739,-0.233205598148061,-0.122469722884579,-0.487560005543766,-0.237983698147703,0.759108400814954,0.975764469140649,0.473569192613488,0.975336711863709,0.0135111344406223,-0.121769758888997,0.0951401521617643,-0.140608449451508,0.446140600005917,0.192770186259833,-0.14549753858092,0.277479289134688,-0.043767528663318,0.0130413569626393,0.749260359006753,0.0638147447103214,-0.253241652316879,-0.324940931556593,-0.281014451816601,-0.122622071011218,0.242057756617024,-0.720587023522122,-0.241977526374096,-0.232512954386027,0.0204847376199418,0.26498558800338,0.021837385903073,0.177369871075711,0.280253643748218,-0.222446076315387,0.213684035011564,0.196722966983684,0.0162473373940861,0.0743573758878426,0.11503019856791,-0.294263765193591,0.740131874137151,-0.277715113639954,-0.579534493754354,0.455994013766785,0.222714027741238,0.0107730430793191,-0.0441811439085577,0.173410690907725,0.0767314299802387,-0.53951413339313,0.0256997282315684,0.00427471236550161,0.0694539076239253,-0.241520574876652,-0.29120966969098,0.0243836320734662,-0.28452015218713,0.290568604752385,0.0295063394642759,-0.214858660984187,0.0977883098961312,1,0.100361229562645,0.784896935084535,-0.255848103164606,-0.243724445475476,-0.301331105710385,-0.69763800788008,-0.491973394365427,-0.685520423323661,-0.430601421835426,0.19562397503783,-0.0940358862049043,-0.499680978189621,-0.643417893806157,-0.188470530343542,0.44831089645637,-0.542525233086843,0.00625031849981543,-0.00962463060038414,-0.103146997543026
"义父-义女",0.273406030593034,0.185213609388925,-0.143703141203399,0.0699085150736972,-0.157307043626171,-0.232191867482056,-0.416100830342393,0.337927455048602,-0.408320695253309,-0.218367351552931,-0.0105802931165381,0.749912502271942,0.117349169262714,-0.105793844343498,0.465065907543559,-0.102396050960002,-0.0634024899287883,0.133573270079347,-0.0726595580298745,-0.108058761799665,0.225284382803568,-0.688309911526251,0.05019358720362,-0.111541085302346,0.0933075283522309,0.2383354139602,0.238216683081751,-0.00496736736601873,-0.422957573183819,-0.405804380326594,0.0769517069123031,0.0740743734321605,-0.0228119773375001,-0.153740559504945,0.220034653705321,-0.05437477652103,0.97496596668174,0.744202274471322,0.478442573625555,0.754767491466248,-0.0418716052278252,0.261486284356582,0.0814230066970274,0.0737786072466941,-0.541102808819289,0.282554043815205,-0.0176891685875336,-0.0937329589160049,-0.524185147257943,-0.126480041409444,-0.237916662470327,-0.228973570048326,0.0610580969199021,-0.0155281390024996,0.0327448369083211,-0.723056073444498,-0.10527586680482,-0.513222262131311,-0.490062400295179,-0.518436793237684,-0.248353663690451,-0.23860888278102,-0.670813385886832,-0.0824965431831617,-0.23707446510928,0.473050899197514,0.069399580008615,0.00974185733721714,0.0745838818441406,0.310861638529637,0.259806222921352,0.218402735503711,0.2523209560047,-0.0231652033804297,-0.709067110145799,0.0893828108649551,-0.186470364722223,0.759013034027031,0.49252367744361,0.465478896100471,0.136106959834593,-0.422643712426685,0.269005102828664,-0.300164439580022,-0.387845021410495,-0.400616719281689,-0.222857214784435,0.347866467859991,-0.236566049033742,-0.332627485250195,-0.0153679321479638,0.156155764014187,0.130372861138852,-0.10507707744884,0.291026779759215,-0.403681293091312,-0.0162404766750909,0.302694726785694,0.963351500582286,0.0662567209420284,0.195675521351777,0.470986924380077,0.213093242782546,0.0499126118199376,0.749236388019646,-0.415568191567716,0.314569896548277,0.288576011024528,0.122775715239332,0.962358531632297,0.0057104655929161,-0.495667220207796,-0.707130759007954,0.145051847592412,0.360348123650717,0.208898083909239,0.159726669227918,0.209157857605035,-0.0130064452300959,0.485180349537117,0.279268298608152,0.981732441836672,0.100361229562645,1,0.000260079565085065,-0.527161879627106,-0.423467789207379,-0.342362576573484,-0.198405297371117,0.0217329434291662,-0.172835359497371,-0.507105839945488,-0.682217898946415,0.249943248788823,-0.317412439749057,-0.0495033663359426,0.336961019169019,-0.003055681327745,-0.0365350086517007,-0.486602525882799,-0.703603266430587,-0.230696245928411
"义母-义子",-0.586314475596343,-0.219439880077945,0.160535322089853,-0.059673697579817,-0.23456351125664,-0.302423237289647,-0.502959460050805,-0.125631409110481,0.134298085227763,-0.470007380901417,0.971143848201472,0.121605686758848,0.299889142137017,0.357960997945007,0.460721103354123,0.0846888044853815,-0.576274671942298,-0.0671257509122436,-0.483032487419246,-0.153329724841543,-0.19111564787312,0.254532505977485,0.308810439581834,0.352522513071251,0.0276457099766157,0.138132805319202,0.111670013668133,0.750976581376824,-0.498223890516965,0.148896196177222,0.0276328134323029,0.771580092781058,0.75279974047682,0.304936987072719,0.441024889917644,0.267045571819275,-0.0241754114000501,0.0942560402946279,0.449772168070178,0.108293506803535,0.275141542545395,-0.590211309672904,0.124653525915905,-0.0497083386952243,0.0554690911884248,-0.265791463665394,0.28646074506904,0.0428198684497708,0.0614745398583556,0.298247972528089,-0.694799225078329,-0.691661245559792,0.29547372976336,0.977577249339079,-0.526811215294342,0.178987722497311,0.358771357757493,-0.105593292757233,-0.137599453814269,-0.104483104062054,-0.470331181052305,-0.493287167481578,0.206147744693962,-0.311082533402412,-0.484837764856785,0.45714284032885,0.781608533076568,0.757523282488672,0.763820153817737,-0.0115683074457558,-0.199270286077459,0.452351048664796,-0.212842895357618,0.748968439232856,0.245567781812503,0.130231293787438,0.298682023210109,-0.0033464901186799,0.210406242845379,0.44536039078354,-0.2211050664458,-0.258273336957387,-0.300138315484774,0.00724550489476304,-0.190877484954137,0.15269684021668,-0.459645973447775,-0.331298668074454,-0.479408979032014,-0.0729818837175581,0.278403405328307,-0.289618455376353,0.279815747811178,0.0319530258751383,-0.259414501830043,0.123229000917065,0.0363650312888167,-0.0159575415306128,-0.03286404567333,0.301929974961481,-0.191481389574666,0.442675329678166,-0.168841955034083,-0.468019744683276,0.0905842852931614,0.127838805241807,-0.0190845604861527,0.0734525436065128,0.282540977764526,-0.0383362321593147,-0.524539118829937,-0.124543093204928,0.192307466629215,-0.226232796987578,-0.333170088909603,-0.180265162273577,-0.280861420076039,-0.171080162590945,0.306249273928457,0.234399927129195,-0.249495987862635,-0.00307772503434933,0.784896935084535,0.000260079565085065,1,0.0968898783100344,-0.24598741131189,-0.225532342887919,-0.724280312614599,-0.57160954404427,-0.720934536577204,-0.104879419934629,0.240485599867418,0.126237538284432,-0.222360487685886,-0.437901942910828,-0.133233004148539,0.740666232225358,-0.589988971807356,-0.131368128063671,0.185139375329943,-0.289553107031587
"义母-义女",-0.399721949233129,0.0475596854611067,0.0477293733189065,0.159213739324599,-0.0627479668252401,0.159231469653455,-0.0110713221148336,-0.327609236463793,-0.196003681552565,0.0398316804563869,0.0988718030042893,-0.67848718137769,0.137897827839141,-0.232025096625347,-0.550365672353658,-0.029127572636045,0.300847067309964,0.417001964643877,0.161977828614017,0.31547628613444,-0.476315668304392,0.154562122878531,-0.137852594868261,-0.242908296939421,-0.492580403805759,-0.196332461968752,-0.192691753358042,0.239560983365035,-0.0271839837173117,-0.194897199361664,-0.480491532557169,-0.237072784628866,0.251639779567302,0.302778036309695,0.152899539878067,-0.361860424266848,-0.526253218484004,-0.697910766974785,-0.559458776718165,-0.696188485334061,0.032632316382284,-0.409136849691545,0.326476824223638,0.162910906773263,0.307034512982708,-0.126097005559629,0.0239265735099533,-0.212840919939454,0.310248780586833,0.280452195487068,-0.0767305253139254,-0.072065384244927,-0.127049725762378,0.106275108786266,0.173696048683676,0.809038955098134,-0.232666632534512,0.47056619538538,0.250933124860088,0.472833936576344,0.313161747718487,0.0302201167832597,0.480649145454179,0.326776721769789,0.0388965727449065,-0.563054349391013,-0.229147349469464,0.234834723030618,-0.2527468163791,-0.386734610023349,-0.484867391276908,0.162000288866821,-0.480610013692329,0.24891229092038,0.16213369826596,0.311784782598,0.114111130459348,-0.235236109967611,0.0449990170307187,-0.562394285285015,-0.173357622162371,0.178658518009482,0.178878274696901,0.344210032189005,-0.0834199669555506,-0.20034563537244,0.310425953790659,-0.0381464384904815,0.0512032125073879,0.30466400309,0.0345235344952167,-0.411743140385292,0.120153366532962,-0.203868698481245,-0.125447881324123,-0.195696477508416,-0.136457999220955,-0.385388523347714,-0.526795174121248,-0.146990593870901,0.104592550088273,-0.560262332699403,0.101353506209991,0.168906041658589,-0.697544854971423,-0.193169906437987,-0.395024419570684,-0.135780813927715,0.1324711913861,-0.528098352451278,0.1849691775232,0.250757958046794,0.794616382062188,-0.195196175406347,-0.0496794420867507,0.109029241443949,-0.405541897183842,0.0968284910134309,0.0385135683639069,0.0516635387271392,-0.107074039472173,-0.526772471463744,-0.255848103164606,-0.527161879627106,0.0968898783100344,1,0.183337080664016,0.298207475928255,0.0154772905378153,0.078242843322875,0.00237562491232914,0.462919316262559,0.155655998308064,-0.184616675183601,0.784755285469271,0.574357738570674,-0.340559076630333,0.248285318269186,0.286399011924114,0.253081545158551,0.801607989673105,0.159790744653222
"干爹-干儿子",0.116155487288895,-0.196842367836398,0.432348441658825,0.00308119564312082,-0.0821427044065967,0.254815443886461,0.790880828237055,-0.1512958497189,0.151135579711511,0.129337617079791,-0.254325218417579,-0.474139278537146,0.18087064435248,0.244690060805702,-0.340516251111253,-0.117008311970666,-0.142962938163106,0.104056047690093,0.029472028393069,-0.54763052531312,-0.183088750732401,0.293906589674951,0.218693512364823,0.2418355878527,-0.230826935465139,0.0634297402688075,0.0630030401814999,-0.446768531007512,0.802286249336842,0.152741368438909,-0.238239222113187,-0.246401389759586,-0.44285721146308,0.0436804324562999,-0.618634453057833,0.0861386964549242,-0.428994162694746,-0.473121597850607,-0.344299625150631,-0.472963663853055,0.206796428391038,0.111069098608987,-0.267519869764873,-0.0181772962147026,0.339056319662191,-0.496040941786128,0.20094599606149,0.289485638810636,0.328448149796303,0.0263187544307616,0.537597476958808,0.531856355578857,0.212510826674293,-0.259063309071121,0.222445543406803,0.309388126939945,0.23703441093461,0.219727105709257,0.284512794926998,0.217645406437099,0.174357431332014,0.139558206891014,0.309840091294294,0.53050665401437,0.138350881729613,-0.346229716397005,-0.246301879284729,-0.448574831958862,-0.249043665173774,-0.508556564931293,-0.189341770252015,-0.613501323454063,-0.187141031274257,-0.45100319290024,0.289281551626566,-0.256225081659392,0.276136353713022,-0.263664049763499,0.0154390482530372,-0.344317996854217,-0.260922732897621,0.981382831694672,-0.149831166942099,-0.0625193268779752,0.417405792101907,0.152493458145421,0.186551816522592,-0.273392579978986,0.143800337473499,0.433576390522601,0.200602312548537,0.227392638294331,0.166045393246159,0.301921920679624,-0.492454053489802,0.136075169079093,0.00266485610249837,-0.518120409613082,-0.435386700597136,0.217820832769465,-0.505883261663936,-0.353975663852298,-0.506216643165471,0.168194565139737,-0.477605081650396,0.151852739735031,-0.524980589245894,-0.684567187956703,0.182696885714482,-0.428364952436416,0.262836542279312,0.293880873637041,0.31332654759646,-0.257462738091455,-0.260990746638098,-0.490849945020364,0.242406988814046,-0.487870490118424,0.20331828628468,0.0260033915389323,-0.474300371736362,-0.429189175851016,-0.243724445475476,-0.423467789207379,-0.24598741131189,0.183337080664016,1,0.812602679420732,0.278161877076057,0.159958532330976,0.262827409121783,0.233634284538825,0.289221717053625,0.0589261990201807,-0.0290229958497032,-0.13385149657739,-0.169401864439552,-0.458519445194208,-0.150507974674576,0.287244220518708,0.307250771029494,0.243453405864375
"干爹-干女儿",0.063584617038455,-0.0554149608425412,0.422792611710057,0.243433440410826,-0.283560061864441,-0.00548198167013059,0.574997378882195,0.0799930742469916,-0.042727882936363,0.146681194044102,-0.230450673077569,-0.475234365793576,0.17540493119753,0.11655860679086,-0.486026809696408,-0.205731265789993,-0.169097351985141,0.337438380570901,-0.196275591862162,-0.402978928941049,-0.123361791581097,0.220617252933169,0.277471098566651,0.107784847120402,-0.518013290921632,0.259622465023672,0.262742283681188,-0.233508303731734,0.586870774704299,-0.0307352775552692,-0.525565743076174,-0.299407073159201,-0.226412346502775,0.256994286695434,-0.454613927590727,-0.21871799980612,-0.350387346394872,-0.474982013915711,-0.49297994182914,-0.473219699861331,-0.0298888665487549,0.0627134993646864,-0.0202416506656319,0.233982357108468,0.110914436866744,-0.560276394175359,-0.0397927923477241,0.228428876138273,0.099839723650793,0.232349360598825,0.273298301936723,0.26912768763506,0.27529942727678,-0.235899616108028,0.529354804841497,0.330737982672892,0.107378416832596,0.346903688297003,0.147459416330049,0.35927001484665,0.208336524364664,0.159101084210735,0.335678215550852,0.779819057366223,0.168211090807219,-0.49006395802062,-0.302260020556567,-0.238089536749664,-0.308785165870758,-0.714084403584808,-0.123856406615833,-0.451339572099386,-0.119679094886347,-0.231724343488789,0.215755685632314,-0.0114356992170408,0.302588767195342,-0.0310224787205472,0.128350551738381,-0.499350819468352,-0.20593490647463,0.810392064994756,0.137616205853666,0.165484476963445,0.14307340369559,-0.0135189812751441,0.216169827210462,-0.126012259380021,0.17736244915168,0.244793888981544,-0.0313937679662119,0.0607352136702941,0.166585781357977,0.23132093576411,-0.564172003893466,-0.0434342642997723,-0.293308882675326,-0.713785994762675,-0.345945358471214,0.276962530707192,-0.287864319993952,-0.495533260355527,-0.291254746108339,0.303385188524989,-0.47232708986294,-0.0202053260815283,-0.726651723462187,-0.603539695299306,0.186426707569209,-0.346085781890381,0.566878722500287,0.155729403033503,0.33265639383969,-0.215997036087142,-0.126776790694883,-0.278602836960307,0.0745129551649952,-0.281187117069965,-0.0321965404009678,0.130019286478178,-0.542665297150399,-0.350544133640229,-0.301331105710385,-0.342362576573484,-0.225532342887919,0.298207475928255,0.812602679420732,1,0.189222905824862,0.268402310930044,0.183963968779788,0.362935771068501,0.225164880028281,0.258380056152851,0.155644835450307,-0.071596565285473,0.0697307218985166,-0.237917180754956,-0.160387392058243,0.162959659688898,0.334493302061001,-0.0109495434445562
"干妈-干儿子",0.157370512018758,0.102597583651943,-0.238200254081315,-0.0296434366039322,0.186631130885042,0.151926602006881,0.559812017052069,0.20400148138253,0.146144499450419,0.270254293730437,-0.712708339023362,-0.320998666605253,-0.297550231177942,-0.128615824055003,-0.553995818885897,-0.401627347029396,0.502095507705553,-0.227584290712943,0.354614203095367,0.103952912423311,0.282539238320789,0.151481307582915,-0.107186137241028,-0.120148166855018,0.215643634971783,0.0257733851208257,0.0363608183768626,-0.443157406738326,0.565635987930391,0.141051022404861,0.206350856729125,-0.710038610870906,-0.442613718812713,-0.463273227452639,-0.136316540566588,-0.0120997251902814,-0.191131892097192,-0.312822578659385,-0.552522915769621,-0.318739074221643,-0.259077699000301,0.153826573225554,-0.245237934854976,-0.0381527222202589,-0.0105784570294141,0.17507628567087,-0.258421260454693,-0.410188183047255,-0.0221495167771624,-0.481100539231561,0.806855136666589,0.804165370014263,-0.119875268458642,-0.72283022392792,0.308128739963623,-0.0851187326355085,-0.127227769575245,0.54092711709417,0.0485141050055683,0.540974994470217,0.788850397096622,0.292536048151039,0.251237785146406,0.173342216420945,0.294893080180486,-0.552357986428791,-0.693832105056988,-0.433736603851788,-0.694610799558742,0.257557269273518,0.270295275340465,-0.133131238150698,0.271896010885417,-0.446835111745465,0.157750256298348,-0.259990074433898,-0.557953340132664,-0.178183642282546,-0.298365939341233,-0.556811857047593,-0.198840656322787,0.270506774094061,-0.0838777520163176,0.115553006488008,0.296330658231286,0.134297812056573,0.783861891635478,-0.112956472560062,0.276569021393028,-0.0807322324992133,-0.263955409959835,-0.155714991661079,-0.303369696434063,-0.406034389658597,0.165137240869453,0.134376095112836,-0.0546144376882605,0.24735576710883,-0.186569618283868,-0.120502501840023,0.0603994573938627,-0.551254209726052,0.0451511977933803,0.265355294757603,-0.308081153848815,0.138467760395621,0.25064822784429,0.199930394296327,-0.290891210963472,-0.190006652880336,0.328315046653168,0.0486733269489376,-0.0830367164252408,-0.19055410872982,-0.0980216441201633,0.0603649286642089,-0.150009248924179,0.065399988563836,-0.265540965189644,-0.297171594715888,0.178796060933135,-0.19375359158142,-0.69763800788008,-0.198405297371117,-0.724280312614599,0.0154772905378153,0.278161877076057,0.189222905824862,1,0.349294994062529,0.965965436544541,0.540610600052282,0.153036485333428,0.0261897890802331,0.285278842412516,0.416992459288142,0.195339154733671,-0.447940910469936,0.497382556616824,0.0504551101180304,-0.0852170467791789,0.140404154011662
"干妈-干女儿",0.265010576424761,0.360597960614434,-0.215479040773862,0.173556870113767,0.217644575000876,-0.00955585355423193,0.173081531627096,0.226553222943053,0.132004452861345,0.76104907867382,-0.558784856300198,-0.0302861916221974,-0.614582118965468,-0.643122667368538,-0.175092932531629,0.195479605903895,0.288702359377403,0.135064193220054,0.199507496570983,0.0791768245522327,0.389985529109854,-0.088154255080439,-0.414886109243279,-0.642425933356425,-0.463493538342529,-0.11465174471225,-0.0930331012046923,-0.550722889195613,0.167086634298375,0.131212094518887,-0.468520718695559,-0.492727364626115,-0.554296549211739,-0.140683899700795,-0.334224916017568,-0.615329914682788,0.0278859253623705,-0.0114627509229739,-0.170566530528756,-0.00906825418700929,-0.639077714327033,0.26346107289774,0.0329092907306384,0.16999022812041,-0.235297344125556,0.0899114325954952,-0.638243923472365,-0.0440638180406693,-0.239080164501522,-0.133902827874721,0.345470421560143,0.34427090380407,-0.424370362505734,-0.570307689158508,0.773462065523858,0.0548784094571958,-0.645352088177053,0.0268634372958109,0.516547107432284,0.0292029006996629,0.282870136175753,0.777126495153098,-0.0734001602798325,0.555730154251145,0.776301227373107,-0.177411196129443,-0.504561757637671,-0.560914261437736,-0.498055721640011,-0.277040121635406,0.403629267676633,-0.337039793828924,0.410308208653312,-0.547152762667091,-0.0896527475632915,0.0359066733907308,-0.117813392056252,-0.157102882385959,-0.403789220352884,-0.168099313982837,0.369414197844437,0.169495219994546,0.347929203028984,0.0483162901311612,-0.12043209719469,0.13604934010245,0.277521200203621,0.496758006372898,0.77863648621098,-0.168869819586632,-0.625423832646845,0.177051764270277,-0.600870812411514,-0.0363560545612075,0.0855121579875379,0.145571574302402,-0.442053323291561,-0.272850989561659,0.0362302751892018,-0.422919250060151,0.131202459115665,-0.167091540530612,0.106289397353129,0.067470434958359,-0.0112059956309336,0.14094218987686,-0.267646822080173,-0.267734062139667,-0.600328505073364,0.0322258993051522,0.783829700558633,0.504749106493776,0.0444898312502838,0.375843656899586,0.495099691114143,0.125568405041382,0.166820567659221,0.11676884391617,-0.642294586898887,-0.413806166910009,0.0768459589541199,0.0218880592183483,-0.491973394365427,0.0217329434291662,-0.57160954404427,0.078242843322875,0.159958532330976,0.268402310930044,0.349294994062529,1,0.344119275408759,0.0301766376294271,-0.0798953058093338,-0.099925168446454,0.175148996898286,0.318378990623333,0.217949650647302,-0.54816257889054,0.293145496449439,0.515831239240136,0.0561823404545599,-0.00653114116810072
"同父异母兄-同父异母弟",0.153530390003699,0.120132142041116,-0.227525431201443,-0.0136725302974998,0.17834911964708,0.147531184916237,0.548351483148473,0.211449809827018,0.137791683572645,0.272923898380135,-0.725999083539395,-0.329905572809681,-0.303728663273696,-0.120866301959528,-0.55758676752076,-0.424951935913577,0.482358454093646,-0.230187871476635,0.329707136077485,0.0747442813848107,0.27144156236356,0.13658552649962,-0.106538375655793,-0.0995440507253179,0.20501494302436,0.0274851719941684,0.0504134869916953,-0.445380335349212,0.554285321495322,0.124723566791762,0.200566604055449,-0.701363777049596,-0.452751595238528,-0.473655145574805,-0.123180860671491,-0.0263668902493267,-0.171587989351179,-0.299234961412431,-0.539726911421769,-0.313749293418011,-0.253481556567437,0.158849213081408,-0.248731195379372,-0.0184882925575928,-0.0153556536835375,0.178224248407638,-0.261181695564123,-0.411632373723419,-0.0362285433516559,-0.488351208755467,0.803740883777723,0.791329905039946,-0.107978624088809,-0.731493428335644,0.326754898290575,-0.0945702192396567,-0.120560392086764,0.529859741597456,0.0375927472118035,0.536703032350942,0.787049143656956,0.286689403680586,0.254152791541677,0.184052433968032,0.288395632759476,-0.546683713348026,-0.695400658987216,-0.441431960314883,-0.688201124421022,0.250337981754934,0.279506397902372,-0.129527778975658,0.277604223501744,-0.44517337182811,0.151934930440277,-0.265357654315406,-0.558262758469391,-0.167229122762061,-0.283759271586546,-0.542466727444962,-0.208903705646169,0.267773315954971,-0.0779041456287741,0.104299591661472,0.262192212657527,0.121610602876671,0.778469158398676,-0.114196375808219,0.268068507735939,-0.0858200513964962,-0.253722128508305,-0.157803716415737,-0.296383080268631,-0.400166739040471,0.16081736309935,0.146872546863033,-0.0632361551449704,0.250716271366177,-0.175230014367141,-0.102793952192093,0.0604875829121519,-0.537245740680851,0.0488838526774687,0.27227793905908,-0.296463035042222,0.139498033509985,0.255757900975445,0.206588166456479,-0.292476237996903,-0.168548967930672,0.334626311647763,0.0270133737806009,-0.0872101510029537,-0.201292832265278,-0.0971007578990364,0.0551912741381914,-0.159661573488035,0.0514607318772367,-0.2687806481452,-0.284940755362159,0.163453682813662,-0.174068821413521,-0.685520423323661,-0.172835359497371,-0.720934536577204,0.00237562491232914,0.262827409121783,0.183963968779788,0.965965436544541,0.344119275408759,1,0.553070622833226,0.173287211854248,0.0551297298608706,0.29882658717887,0.429791760211193,0.234319612101503,-0.429027222654678,0.502431061714089,0.0429378780006768,-0.0775593490271528,0.141730575764646
"同父异母姐-同父异母妹",-0.426015377462932,0.0691213270742081,-0.00895694464031782,0.172769787375497,-0.107939767596088,-0.263368287553887,0.221357300060708,0.217790494522901,0.216170913015737,-0.0612505876395924,-0.117445423388431,-0.719544548802969,-0.074761432700912,0.0910868495474413,-0.729893646336139,-0.554422493053648,0.0598566256725037,-0.10872456160481,-0.210626900571232,0.123208943686941,0.0925725224658642,0.543786443097381,0.224960101271915,0.10006491572066,-0.111669975487837,0.292397085901009,0.317741786020537,0.247008409312189,0.230077416351557,0.209872993198246,-0.115813170977741,-0.431800104581277,0.245436456019088,0.0351558656679426,0.271618401483893,-0.0849970538615261,-0.525433186631314,-0.711477281372186,-0.730330472635793,-0.707867068137302,-0.187957506440942,-0.43542313998648,0.12628084199708,0.181560812769057,0.0984213125404166,-0.146049129333009,-0.193692991175059,-0.474937425205916,0.0720376259795076,-0.00106921051098459,0.264995840043076,0.251401510267555,0.213768101628763,-0.106185640667401,0.216883175786897,0.362376494693358,0.0889693318608311,0.967683651056403,-0.0409671792006749,0.975382217761679,0.765114003134518,-0.0498972233567886,0.814288197269569,0.327647510038036,-0.0305635253425501,-0.728620135171723,-0.415359612291208,0.22886845057597,-0.429405097909378,-0.0677336523668402,0.0786707153323346,0.276821588237261,0.0785071642514786,0.242517226275595,0.553281075418505,0.0988965837956404,-0.242516553030701,-0.228141001076521,-0.109845851403238,-0.735636965893607,-0.55661003130268,0.232982742056059,-0.187803517035304,0.512723968049863,0.12126167664132,0.219542060195639,0.756330325004955,-0.449400488383273,-0.0514587138698368,-0.227210925806828,-0.190495383686429,-0.618298040961241,-0.0835112781531883,-0.469231935941,-0.149006503066454,0.206245745240008,-0.298526241431764,-0.0805475523982989,-0.5192658509266,0.205596841506954,0.0846776562186127,-0.730288126834703,0.0846816189653485,0.141706208143756,-0.703948164943013,0.217362463488571,-0.0729261737356122,0.194420969565318,-0.062419820202273,-0.525012503973278,0.24082632495775,-0.0343513119315764,0.36505985381783,-0.5688826722677,-0.435863895421246,0.0914918984532469,-0.604016511653817,0.0935408699746899,-0.187517166380516,-0.0949365933631206,-0.143341637097326,-0.502314780953086,-0.430601421835426,-0.507105839945488,-0.104879419934629,0.462919316262559,0.233634284538825,0.362935771068501,0.540610600052282,0.0301766376294271,0.553070622833226,1,0.577882172233351,0.334911812481387,0.490842440652929,0.284878719430496,0.237855355343317,0.246519800498711,0.0759053680393829,-0.00946564472563232,0.384171299132388,-0.252360822444243
"同父异母兄-同父异母妹",-0.532077865579732,-0.251058961621495,0.0763903279447196,-0.155648631461556,-0.0109145992324771,-0.149338974718051,0.30434651685747,0.033761771590216,0.744818562320654,0.146714134779252,0.224458707242668,-0.456297926928514,-0.239890847560729,0.310790733350042,-0.152758621063662,-0.0573307172664014,-0.313965019589057,-0.463202643901494,-0.304591121525733,-0.151711994718848,0.178039955531048,0.955381448114056,0.186317704726761,0.322826617793659,0.0834259802992977,0.083228028125492,0.0884294136800108,0.180081536606524,0.317142199877589,0.754460094237007,0.0807332089807423,0.195753840801204,0.182051495467888,-0.0318865336302961,-0.0622802710283208,0.209022846435491,-0.700728301894303,-0.442259350549208,-0.146513529174426,-0.442450665731783,-0.0942186483139007,-0.515885796319346,-0.256497204739663,-0.146622817471502,0.17851595070967,-0.378714637288167,-0.101220007663324,-0.0812156288323157,0.156747419312196,-0.065371999116906,0.146408223306633,0.137002505658662,0.164948672123009,0.218681076274012,-0.111360987268615,0.422444834421664,0.307108918412109,0.541275612236944,0.358400051692879,0.566727502659726,0.207221345327254,0.15339316292271,0.769097965192951,-0.0143173497653982,0.172622640034264,-0.150209605902121,0.207151938364052,0.166144542683299,0.199620058260489,-0.128897199664595,0.15669017883844,-0.0598836546147969,0.147436282391477,0.184167444554809,0.964578027946184,-0.257609386629244,0.00147255714012939,-0.665107001301181,-0.506241996476292,-0.152567888069759,-0.306452930791375,0.281394131766355,-0.528196437805943,0.286617465842598,0.342589792752723,0.772576636565879,0.198674875386797,-0.544144333702828,0.143015371745697,-0.0699558180721289,-0.102302775646432,-0.377097397293966,-0.238796994672354,-0.0832408467193138,-0.383886927044221,0.753135217610494,-0.135009719348695,-0.137245619780967,-0.702989099390092,0.177354431793834,-0.347229272518635,-0.149412660930929,-0.337650853891515,-0.457413401944233,-0.437620857281621,0.763678003004003,-0.126380481784666,-0.114437071911617,-0.22203509725572,-0.700490544927571,-0.0841457166605045,0.374448474365798,0.434601701452545,-0.302200311868605,-0.542316900959818,-0.354977675745345,-0.365937742907115,-0.344126126338523,-0.102216785878702,-0.4899202533894,-0.394175954731342,-0.683607662650697,0.19562397503783,-0.682217898946415,0.240485599867418,0.155655998308064,0.289221717053625,0.225164880028281,0.153036485333428,-0.0798953058093338,0.173287211854248,0.577882172233351,1,0.11703727676081,-0.0440462413575676,-0.299750047129294,0.0579264335387219,0.174082522160265,-0.318991854512404,0.38105776118623,0.440833739926996,-0.128173220159448
"同父异母姐-同父异母弟",-0.288358862479682,-0.0145222880386544,0.0568850211443421,0.144152748938921,-0.567312102966688,-0.490552526701831,-0.14215855569232,0.753809191436268,0.0277878196010579,-0.431948066234806,0.101942025252829,-0.064982147252872,0.0226898657027103,0.513802908595479,-0.171312413619405,-0.375916480315201,-0.376731710935844,0.229962200929852,-0.496010360965406,-0.144204025417202,0.487442524829757,0.0886043995882502,0.780170280873019,0.510833307500012,0.0646143253767633,0.95320549760931,0.975210637335418,0.309582970307864,-0.12500370912586,0.0362132121209934,0.0432545981999524,-0.108382458850621,0.296993765754253,-0.097881797729144,0.356670751471014,0.213099741370042,0.22437233113705,-0.0528187251458774,-0.162697288946209,-0.0479770427685397,-0.264807404969168,-0.299673283856958,-0.0706483402441551,0.161025538972386,-0.504929866477081,-0.46142809095721,-0.251927626761361,-0.386414083108508,-0.513079972313477,-0.100999676405472,-0.136430389177321,-0.144847334819462,0.783684565939657,0.11549926744084,0.143084458664142,-0.339300999031706,0.518259676749216,0.295440920482196,-0.548719484271971,0.305669872333383,0.21129947355897,-0.418337799067651,0.227057077911992,0.333529460877438,-0.40007856931041,-0.163002977205555,-0.103279819333317,0.278851599768115,-0.106304565124874,0.0910381305585608,0.489167010566036,0.355234087622962,0.47767300759,0.294505207420368,0.0677682062934702,-0.072198509250932,-0.245595360055195,0.363768901602459,0.330152146522834,-0.175581884448411,-0.264703888258813,0.0445759964469844,0.168842717970733,0.501851668362558,0.0565223701160044,0.0594749945214112,0.214755814319996,-0.0394947247595787,-0.427070860745526,-0.354925550262166,-0.254850896436532,-0.413800752070644,0.0348775201253001,-0.388395037021362,-0.454697178518553,0.0267300441621146,-0.571398794333674,0.0769555651030846,0.224780454825143,0.778707928850162,-0.226197726464946,-0.170236036991503,-0.210620933015571,-0.0301673404376059,-0.0489666849375072,0.0369201891633847,0.0855035321308714,0.252008445622726,0.0393113045896747,0.22521505284565,0.164868597172409,-0.528933410052315,-0.322413547145382,-0.26187969832693,-0.0133417259605651,-0.207367120670745,-0.396849049609962,-0.200724850101493,-0.251032206419975,0.334249649186037,-0.468970727563789,0.259218029882528,-0.0940358862049043,0.249943248788823,0.126237538284432,-0.184616675183601,0.0589261990201807,0.258380056152851,0.0261897890802331,-0.099925168446454,0.0551297298608706,0.334911812481387,0.11703727676081,1,-0.124892402001132,-0.17136462598549,0.769838047738439,0.299305602174978,-0.351024911841658,-0.514301172530005,-0.308971660573148,-0.47490220084922
"同母异父兄-同母异父弟",-0.216087405381971,0.165533021355996,-0.163930324035155,0.191459086142317,-0.0365677719681467,0.208973641868145,-0.0471689179548266,-0.194817667600308,-0.390761392415972,0.108740338322054,-0.218278688338601,-0.558831725160963,-0.00199907840537345,-0.363766355122373,-0.660794916587863,-0.160837310525484,0.626318791808401,0.426409574599799,0.347001798474745,0.505567161610653,-0.326506761283023,-0.0927786071663878,-0.240437151173814,-0.352812610523348,-0.347296578633385,-0.175093881263567,-0.144377477818683,0.136235367562637,-0.0444018734400118,-0.382975966984529,-0.34233936968973,-0.487102269875714,0.138012621411673,0.130751463968236,0.223167190323241,-0.443663146358367,-0.321867161060834,-0.54741966398636,-0.664748050863495,-0.556341141862079,-0.141471396593899,-0.205354036380814,0.28693458099568,0.20353769474993,0.106080654650693,0.0745971535116752,-0.152795854100887,-0.397935747055963,0.0982667001941677,0.10334183379537,0.0290999405572973,0.0280146378489531,-0.235063583229518,-0.216317918713165,0.319088308879295,0.570548443191003,-0.35976001766528,0.475010279607678,0.0739719338722139,0.491796484549475,0.459144359563262,0.107879192199358,0.262903982141571,0.287683688165719,0.120407031744059,-0.676673338842435,-0.488914541859711,0.119790221320517,-0.496184841319875,-0.158206704218417,-0.312857856430879,0.228377141731748,-0.31011140277648,0.150809128704705,-0.0681428484633634,0.262935993850765,-0.199394869909116,-0.0550564123510501,0.0253032450405016,-0.666474776247615,-0.0357090942262178,-0.0278155935526537,0.388299008891519,0.360949845484088,-0.135721812767443,-0.380954544211311,0.451658794965738,0.148703282723935,0.120188856370421,0.193059211028343,-0.12772101358561,-0.4227574309615,-0.00270921365103954,-0.385984330821976,0.0715807341611333,-0.360726303023378,-0.203160882720536,-0.152564535421372,-0.308836989472429,-0.242549054389546,0.320530286240026,-0.651435757265699,0.306635837068949,0.348921256959175,-0.546477266888817,-0.373680747845903,-0.145533726419518,0.143476393162393,-0.00196331521878965,-0.313394294911702,0.309672611107584,0.0640826903476955,0.557401538810659,-0.05170112399696,0.136031653464438,0.310266005362951,-0.427356158764201,0.300369781756485,-0.15290586247577,0.0237719284479774,0.0676973311099447,-0.321672284364077,-0.499680978189621,-0.317412439749057,-0.222360487685886,0.784755285469271,-0.0290229958497032,0.155644835450307,0.285278842412516,0.175148996898286,0.29882658717887,0.490842440652929,-0.0440462413575676,-0.124892402001132,1,0.805850146212458,-0.167450204601853,0.154424970978437,0.63272589148041,0.0819766865092912,0.584259877437523,0.221103944001345
"同母异父姐-同母异父妹",0.00076356788702572,0.248462696806694,-0.370071759482465,0.0853519398314091,0.115717794772198,0.351366447310124,-0.0530944026873053,-0.1002730995708,-0.404307598660489,0.143839547494705,-0.434920948293748,-0.353637181803278,-0.174457882588754,-0.47970133873439,-0.533846771023659,-0.0696557045593931,0.814881139187721,0.413010040831303,0.612257262656472,0.557816093569748,-0.154755411333507,-0.327918300729539,-0.36433982033811,-0.472172705508568,-0.166800215117577,-0.203424545615823,-0.180300721496603,-0.115542385015504,-0.0630039321942196,-0.406174711279812,-0.152750396784597,-0.63820637173762,-0.11552235847056,-0.19139130197822,0.22684965407598,-0.385827118059706,-0.0418330574543841,-0.344258519121935,-0.533613395259492,-0.360739089802661,-0.232383586797182,-0.00234787719128803,0.162980857095425,0.0861160658247499,-0.0108111716014796,0.295104698566911,-0.237633259388175,-0.496402518650014,-0.00984735517175778,-0.204647434615297,0.237734647548417,0.237253137329608,-0.348403799511826,-0.427261340379316,0.293568860645375,0.271465840659277,-0.471428382623327,0.283406124263995,0.0504241931885869,0.28164270194477,0.517535892824519,0.141967890078894,0.0143344431721692,0.162216636175852,0.142063426382121,-0.541283655782852,-0.631435988540484,-0.115761368529523,-0.641253182807759,0.138334378152799,-0.136931111257206,0.227776392487169,-0.1325909716785,-0.110560521579998,-0.315367057115755,0.140825635078041,-0.421109358105379,0.021650571545165,-0.0211369427023747,-0.531679360623311,0.119766735446277,-0.13233885749662,0.464621155113351,0.20568385869318,-0.100812473961352,-0.424114066420634,0.516816091053694,0.383858731131461,0.146239979852155,0.175695922637018,-0.219056989046676,-0.288521257481092,-0.177934196160798,-0.487320044429952,0.29183198832259,-0.390387992855409,-0.149892145027372,0.133136715288413,-0.0402625236822381,-0.366770888904926,0.330660203068151,-0.524002146845171,0.318857850089137,0.358973602876247,-0.340466839755378,-0.402225981049456,0.137170389938062,0.279129664052575,-0.169568093856619,-0.0317436840961409,0.285279552760832,0.0401303152381107,0.263230250877419,0.110021704141938,0.377361319657694,0.326673769377977,-0.291027606487026,0.311534391682721,-0.228568068872886,-0.0251777921321738,0.299287775172212,-0.0466889059966403,-0.643417893806157,-0.0495033663359426,-0.437901942910828,0.574357738570674,-0.13385149657739,-0.071596565285473,0.416992459288142,0.318378990623333,0.429791760211193,0.284878719430496,-0.299750047129294,-0.17136462598549,0.805850146212458,1,-0.0874053181399205,-0.0891720863471394,0.827291070820912,0.0524371787434598,0.277058750636346,0.35183037016153
"同母异父兄-同母异父妹",-0.132327088293141,0.200493992004139,-0.137539388519724,0.195425169954607,-0.328096629891685,-0.55987385610706,-0.177136971818812,0.967339298566872,0.167562228891868,-0.077885880665243,-0.145852927213498,0.131551148197746,-0.338392350166003,0.178750336831377,-0.0920607852357199,-0.287415095193812,-0.202201779698816,0.0520030759772897,-0.394435466827544,0.00932396393203689,0.752405759285286,0.0308684512391229,0.49383948515728,0.191539562444792,0.0840047985592519,0.755671935645813,0.766707700070649,0.119564615453589,-0.171470481664688,0.16150383869413,0.0737566440221976,-0.201619184450541,0.106304645876544,-0.266195999039009,0.316482750225849,0.010143909825775,0.329132952764986,0.163606584669911,-0.0686318987813065,0.157507795120181,-0.606776466744205,-0.128841613028728,-0.0810614957034879,0.212958345495676,-0.645008279400257,-0.206123555504493,-0.603720562776754,-0.425094201078213,-0.662088545243022,-0.252809050420821,-0.0112412417980931,-0.0132302996215189,0.515794814712503,-0.130147616664797,0.368271691698487,-0.520730549962785,0.186418153710967,0.226986253427276,-0.427129040416469,0.23514360885705,0.324248250384448,-0.057355652047776,0.103452406432734,0.292622629685629,-0.0534992752131543,-0.0765291843400556,-0.211095830432441,0.0960573749017205,-0.194642695748433,0.219882511463955,0.773786359850692,0.299113648930131,0.765716270227622,0.11847144184851,0.0278275070564102,-0.0911539422109425,-0.415146202083216,0.300681173757971,0.0202241299287065,-0.0855598468709122,-0.0488219690514506,-0.159167883969977,0.218364622518256,0.439408189832968,-0.0990658909303644,0.175494635596722,0.315870654055354,0.175907758950634,-0.086092082347544,-0.541718844048133,-0.595497440992787,-0.319479269604039,-0.296876016333983,-0.429629695210758,-0.211461606266753,0.185763216953937,-0.622179773589569,0.232791800244701,0.334136627086048,0.519737877168575,-0.0445216055367935,-0.0699157484020198,-0.0485898725912779,-0.0593460738400072,0.164080409782393,0.17615106944891,0.227097993594178,0.370526769601494,-0.311214260140882,0.34160436634814,0.351370272793757,-0.430079067359329,-0.521117977409869,-0.0400575008825674,0.183161779764619,-0.0483289021725527,-0.334749566460022,-0.052918465256484,-0.606944110468316,0.00756105366885578,-0.233238036010019,0.350407611439722,-0.188470530343542,0.336961019169019,-0.133233004148539,-0.340559076630333,-0.169401864439552,0.0697307218985166,0.195339154733671,0.217949650647302,0.234319612101503,0.237855355343317,0.0579264335387219,0.769838047738439,-0.167450204601853,-0.0874053181399205,1,0.135174523111415,-0.165484124848465,-0.41260613165705,-0.509136426733331,-0.54740562655394
"同母异父姐-同母异父弟",-0.648130030489415,-0.062071515121901,-0.00916715109688242,0.10351245863715,-0.336867291726952,-0.448037100814143,-0.618527639729525,0.116727882885763,-0.083398563457929,-0.529670133638092,0.722324397363975,-0.0408986281443232,0.25597494481529,0.268548906782398,0.0583600660578771,-0.235607100582185,-0.308899906737372,0.0398375468559048,-0.48597406954652,0.154921152063942,-0.134185055054448,0.164981625171595,0.335000755953352,0.26667559253711,0.0238431429905897,0.292772144142703,0.292706230130561,0.972456783547382,-0.620878780758786,-0.0759701285100495,0.0364195297314283,0.458720805204307,0.973570517431188,0.303628292233076,0.756578713916869,0.0945637147653184,-0.0113874437700063,-0.0499390660532312,0.057209858817039,-0.0507974571674579,0.065577339629652,-0.650439407349947,0.309720562529909,0.129846265079306,-0.103472181150721,-0.147434440913063,0.0612837181158693,-0.313968154375492,-0.103104629960424,0.29255408873906,-0.689209652086718,-0.683789289384416,0.35428719973809,0.753853212898596,-0.30558402927345,0.144192300568394,0.279979663679664,0.254595537395098,-0.407113012505174,0.256637388472517,-0.0882228049557832,-0.541598488982656,0.323841757174392,-0.205391648925271,-0.53297864796379,0.0621126916102758,0.457800820016123,0.963106654945506,0.452567659228596,0.119647947128731,-0.130899422535528,0.761176459169685,-0.143780023968742,0.971551971856795,0.166322599749718,0.284285839071359,0.0031768990023924,0.177002639854639,0.290916642133548,0.0517826570560226,-0.315789854452639,-0.45373927109145,-0.0916135807872293,0.309013475649101,-0.316797793349063,-0.0781902636147672,-0.0905458948554366,-0.289912861408546,-0.537214675121104,-0.263112180061453,0.0637537009045009,-0.615463443710214,0.255231992694127,-0.318796676934857,-0.156208219362973,-0.0907010322084462,-0.156350060517118,0.11991247352589,-0.00919277122431699,0.332500539128215,0.133158416995343,0.0631337821241133,0.135371591515359,-0.197871572024118,-0.0491770525763632,-0.082428302336854,0.116710000172754,0.473329668439704,0.26433520231132,0.00101873264340557,-0.321035169567538,-0.397193248369911,0.145753651493311,-0.327902983390745,-0.301167414912642,0.126965020611312,-0.61569109469589,0.125943318606203,0.07613711245694,0.295821215967305,-0.152376410316295,0.000885521676673128,0.44831089645637,-0.003055681327745,0.740666232225358,0.248285318269186,-0.458519445194208,-0.237917180754956,-0.447940910469936,-0.54816257889054,-0.429027222654678,0.246519800498711,0.174082522160265,0.299305602174978,0.154424970978437,-0.0891720863471394,0.135174523111415,1,-0.295837157383188,-0.386102790896095,0.14835938831422,-0.434333113784063
"异父异母兄-异父异母弟",0.223748159842784,0.114483566841866,-0.416529941309047,-0.0953593822120829,0.213678247907915,0.599768664027042,0.138313026930776,-0.18789442588592,-0.343607907908851,0.310209786508415,-0.592693027241639,-0.131600878310784,-0.24472664323216,-0.448674170658492,-0.371718803894704,0.0786901076528519,0.968983933071001,0.233471629916061,0.801034743051728,0.515561395874784,-0.135192378088552,-0.35621083854637,-0.483206443651984,-0.431318775932862,0.0776137801435148,-0.385828804614476,-0.36181154322782,-0.3245201737223,0.140084515838713,-0.33593544998144,0.0916119888510285,-0.544152282468299,-0.326308259772103,-0.374302747244459,-0.0351236218438175,-0.24773179591367,-0.0339572813567228,-0.111947984475663,-0.369934415953058,-0.132602182774072,-0.20421390014595,0.230821444456308,-0.121237686395633,-0.093046926558912,-0.021414556283589,0.327645978900978,-0.211633812063772,-0.353623978910332,-0.0177840458099726,-0.387868703880641,0.377057226109477,0.378560060179107,-0.472479894532913,-0.578777901621044,0.209681587561001,0.123540918952369,-0.422632585787338,0.0693870509506545,0.125517134443031,0.077836632315163,0.344200621335324,0.309852563886091,-0.213358485257572,-0.0503298866096577,0.309638836995195,-0.378216053529618,-0.538317809412824,-0.322118618360535,-0.542995853734222,0.241821460675135,-0.122786787713746,-0.0328803922217395,-0.115970388646899,-0.325426415640996,-0.337861225169023,-0.137454695412966,-0.506337514285238,-0.037167536210641,-0.210156149595711,-0.362162024837388,0.34295239959613,-0.146911891179766,0.425222224396221,-0.00109195367845701,0.0393023301597982,-0.35385638674588,0.334596515178758,0.426280541384179,0.315321484607517,0.332881170918252,-0.2008115011849,-0.0836518734076235,-0.252512535498494,-0.343183166053253,0.321997921126517,-0.32851488275842,0.0201665982570996,0.241794933976538,-0.0184554851971508,-0.488475557161252,0.234291531490139,-0.359161499042524,0.220691708324883,0.294139051721672,-0.106982949695668,-0.329202473310298,0.253352683171801,0.260386413498972,-0.229446331723244,-0.00844641569614192,0.189499500922652,0.109480695175325,0.117022306989091,0.334486275596312,0.428284824888668,0.22730837785413,-0.0816804991087003,0.212985694674247,-0.21396185160652,-0.217959620455228,0.332683664156668,-0.0368013635703653,-0.542525233086843,-0.0365350086517007,-0.589988971807356,0.286399011924114,-0.150507974674576,-0.160387392058243,0.497382556616824,0.293145496449439,0.502431061714089,0.0759053680393829,-0.318991854512404,-0.351024911841658,0.63272589148041,0.827291070820912,-0.165484124848465,-0.295837157383188,1,0.127032345875635,0.13027896605527,0.603626275559554
"异父异母姐-异父异母妹",-0.0230003251125244,-0.0857330179426773,-0.0941455728501007,-0.194288392255779,0.334796446061018,0.321390239544869,0.333946306998656,-0.410251810645977,0.438828930409391,0.752078331505373,-0.123808559849494,-0.197032829540665,-0.42963769326428,-0.407170792516022,0.0524359588524778,0.462693293248891,0.134972968747152,-0.190622001494998,0.257676434918248,-0.0420675376079499,-0.0499421550333741,0.371952999262628,-0.532534298953983,-0.407967623754369,-0.292084873672832,-0.533192909493307,-0.536726678623956,-0.387545839356124,0.323546166925221,0.442341413932237,-0.291404009671748,0.0231150566644274,-0.373430860534457,-0.00385514617112602,-0.510341146135958,-0.294695499855211,-0.489105380619923,-0.198678037518797,0.0345971757204222,-0.195719565232556,-0.155980330202376,-0.0158929071969659,-0.155906343449366,-0.203351448566629,0.233879364901815,-0.0391757075436177,-0.150760098948061,0.239702767365673,0.237475618525563,-0.0268490050044587,0.239080542981114,0.244818829829886,-0.555326649034763,-0.137626904929768,0.222313144288328,0.56899743991035,-0.405754374139208,-0.0193898621747261,0.979123096628255,-0.0109814091882368,-0.0775598276883521,0.742318327142613,0.163320837929835,0.131379912745349,0.749819716865445,0.0317494269601238,0.0235376400307165,-0.391807643984734,0.00904004801963397,-0.374983997046368,-0.075607197553222,-0.508884905246448,-0.0704232531507514,-0.389756820913566,0.371068384421444,-0.14852223056283,0.168808761681933,-0.674400869093462,-0.631283658562518,0.043650561318654,0.293950236657023,0.28891601226944,-0.145158167094248,-0.174566800536273,0.13069776224721,0.431957504952178,-0.0764861449045158,0.0625650277761943,0.755684256869052,0.226152904556964,-0.156952562909526,0.173632642626726,-0.441869526263739,0.242791044564782,-0.0398603179872324,0.429675858071094,0.00248114255653184,-0.388950736401051,-0.493301069927293,-0.561961867618095,-0.148304838528338,0.0387991619362242,-0.148466597783696,-0.318995231160623,-0.191534898106837,0.444738875296209,-0.364582202431674,-0.494843188199225,-0.405822017495605,-0.479224581030484,0.25519763702011,0.981136730718711,0.577674959327729,0.29897037710249,0.0619901021308422,-0.147561563332958,0.193533474951563,-0.141106794028905,-0.158493053993459,-0.620967075738779,-0.0425011022725963,-0.494368000700211,0.00625031849981543,-0.486602525882799,-0.131368128063671,0.253081545158551,0.287244220518708,0.162959659688898,0.0504551101180304,0.515831239240136,0.0429378780006768,-0.00946564472563232,0.38105776118623,-0.514301172530005,0.0819766865092912,0.0524371787434598,-0.41260613165705,-0.386102790896095,0.127032345875635,1,0.575748251328224,0.32873322426971
"异父异母兄-异父异母妹",-0.415884089111688,-0.149765006605015,0.106378961017944,-0.0129601566918289,0.00906233804380403,0.262011799770365,0.158407514433195,-0.522598430068967,0.0811397771955906,0.240510093318757,0.181526602873981,-0.632778488475573,0.0469211667448616,-0.164308962425299,-0.351289600323549,0.146694350904389,0.135618090877113,0.158989226426749,0.11314046673911,0.124266672326241,-0.480422212670392,0.413577868319373,-0.226652906508321,-0.161203547725616,-0.437349384182037,-0.339579341922406,-0.337499153992147,0.133737305094516,0.151028564437962,0.0916872262770169,-0.431570546573105,0.0127616324014718,0.153019060651099,0.323157383531927,-0.122015654085228,-0.271708631863022,-0.712996926606384,-0.646603219427997,-0.369128128328343,-0.645232638114393,0.117300828460388,-0.406173774228911,0.135364085613458,-0.00687933097321158,0.417419783498169,-0.243541887927048,0.108843548140584,0.0405388948341693,0.411846615947443,0.282109718400219,-0.0644415854009024,-0.0623336799013113,-0.237210408520947,0.177114222009607,0.0796457719271391,0.984636234428956,-0.164128116835352,0.366429781304329,0.561657868376917,0.386706745063747,0.068587934758537,0.224436583343897,0.5118459466713,0.215112107436863,0.240879888221378,-0.373173894736513,0.0131887306500163,0.132909957839531,-0.0128597470850328,-0.512697698361607,-0.492145871539715,-0.115380724831934,-0.494357549439093,0.143272190406758,0.424273776739311,0.124593206693459,0.263111731604682,-0.517107955874031,-0.203763653156926,-0.368325809043573,-0.0785289597612598,0.303508089227519,-0.0452624796107681,0.17057266935207,0.0723180433534985,0.0928464841736359,0.0612523411654611,-0.191981185030545,0.249029498461201,0.393270151452653,0.116211884011721,-0.259257448945128,0.0292646457316575,0.048941350999735,-0.244525434914762,0.0909175633750858,-0.029831714986287,-0.517417863335499,-0.712760379225844,-0.241079610974505,-0.0720616836767588,-0.360201413499419,-0.0719988249032043,-0.0840843070830133,-0.643823680517817,0.0946252130240642,-0.506046926105024,-0.361043989729311,0.0524827110345665,-0.707140459438482,0.097352665991937,0.562320416264592,0.981652712438815,-0.0980409335805622,-0.205616165430166,-0.0752230170204186,-0.242747129632584,-0.0789700681624275,0.115399871088377,-0.191288276657703,-0.240469858780481,-0.713183161393496,-0.00962463060038414,-0.703603266430587,0.185139375329943,0.801607989673105,0.307250771029494,0.334493302061001,-0.0852170467791789,0.0561823404545599,-0.0775593490271528,0.384171299132388,0.440833739926996,-0.308971660573148,0.584259877437523,0.277058750636346,-0.509136426733331,0.14835938831422,0.13027896605527,0.575748251328224,1,0.281881036589066
"异父异母姐-异父异母弟",0.22072211554049,-0.310953708762956,-0.0899903290596343,-0.381185250446549,0.145382780472351,0.986020094284669,0.42957596907401,-0.547326470777887,-0.143969133535585,0.21299235844094,-0.287437093040761,-0.0833380809061134,0.00411831402345046,-0.0389420751733676,-0.0262802173215343,0.435867114436599,0.605670752698618,0.20801209508047,0.820306801183074,0.124775668270596,-0.386403326992522,-0.142225893258549,-0.313916821254197,-0.0279158521827961,0.203795012635308,-0.494887636605132,-0.499672960368598,-0.456626319856342,0.427230810617812,-0.134392007050465,0.216280282080308,-0.100708041330075,-0.429154209161707,-0.361962806653792,-0.451809055816581,0.165783594976103,-0.226540127869235,-0.0875116818059413,-0.0342460241478899,-0.102433722081467,0.223499140776557,0.231300448813413,-0.486534447420477,-0.385371631103467,0.259490934725826,-0.0684523384985118,0.216503939172125,0.097437239130011,0.264758514957626,-0.380210849268009,0.370945529133866,0.371487025579646,-0.321842413733661,-0.301529775893383,-0.184845298111984,0.274112270066619,-0.0144026733075895,-0.270031888117665,0.334548247533452,-0.25901333683083,-0.159320958518347,0.194685635869856,-0.259212734238054,-0.218439974245083,0.195416322986327,-0.0433804663087511,-0.0962389182001706,-0.435849138102085,-0.110788832248169,0.0433263485688207,-0.390421003825116,-0.439559319434778,-0.389333708280317,-0.450499078825181,-0.137781374254319,-0.48512193279451,-0.147466218473416,-0.282211707872821,-0.221130728147668,-0.0274894070178889,0.40044703565804,0.237991581766492,0.193972233520848,-0.250000769736842,0.418717133662342,-0.145474256859904,-0.164924138428628,0.259384553835384,0.211472601004622,0.828097362261966,0.223163982818352,0.224538340897848,-0.0188483767923593,0.105043305949721,-0.0660280164661143,-0.13324793152122,0.31426794814364,0.0394098173251755,-0.23306842793816,-0.323535505243888,-0.325668152397337,-0.0270775152560607,-0.32361937202536,0.00645890348498105,-0.0857374564256457,-0.133971961777665,0.0481197463668335,-0.227615785006824,-0.000526563959923442,-0.218011227044103,-0.181656429788191,0.332202552892979,0.279082810927699,0.399141786740783,0.253866805456543,-0.332030626742177,0.238942520465903,-0.33921969201077,0.215114049790554,-0.221695502130344,-0.0530731321220745,-0.240332851947227,-0.103146997543026,-0.230696245928411,-0.289553107031587,0.159790744653222,0.243453405864375,-0.0109495434445562,0.140404154011662,-0.00653114116810072,0.141730575764646,-0.252360822444243,-0.128173220159448,-0.47490220084922,0.221103944001345,0.35183037016153,-0.54740562655394,-0.434333113784063,0.603626275559554,0.32873322426971,0.281881036589066,1
