"","夫-妻","父-子","父-女","母-子","母-女","兄-弟","兄-妹","姐-弟","姐-妹","祖父-孙子","祖父-孙女","祖母-孙子","祖母-孙女","外祖父-外孙子","外祖父-外孙女","外祖母-外孙子","外祖母-外孙女","曾祖父-曾孙子","曾祖父-曾孙女","曾祖母-曾孙子","曾祖母-曾孙女","高祖父-玄孙","高祖母-玄孙","外曾祖父-外曾孙","外曾祖母-外曾孙","祖先-后代","伯父-侄子","伯父-侄女","伯母-侄子","伯母-侄女","叔父-侄子","叔父-侄女","叔母-侄子","叔母-侄女","姑父-侄子","姑父-侄女","姑母-侄子","姑母-侄女","舅父-外甥","舅父-外甥女","舅母-外甥","舅母-外甥女","姨父-外甥","姨父-外甥女","姨母-外甥","姨母-外甥女","堂兄-堂弟","堂兄-堂妹","堂姐-堂弟","堂姐-堂妹","表兄-表弟","表兄-表妹","表姐-表弟","表姐-表妹","姑表兄-姑表弟","姑表兄-姑表妹","姑表姐-姑表弟","姑表姐-姑表妹","舅表兄-舅表弟","舅表兄-舅表妹","舅表姐-舅表弟","舅表姐-舅表妹","姨表兄-姨表弟","姨表兄-姨表妹","姨表姐-姨表弟","姨表姐-姨表妹","岳父-女婿","岳母-女婿","公公-儿媳","婆婆-儿媳","舅父-甥媳","舅父-甥女婿","伯父-侄媳","伯父-侄女婿","姐夫-妻弟","妹夫-妻兄","妹夫-妻姐","叔-嫂","姑-嫂","弟媳-伯","兄妻-弟妻","姐夫-妹夫","亲家-亲家","从祖父-从孙子","从祖父-从孙女","从祖母-从孙子","从祖母-从孙女","从祖姑-从侄孙","再从兄-再从弟","三从兄-三从弟","堂伯-堂侄","表叔-表侄","族伯叔-族侄","族兄-族弟","族姐-族妹","堂祖父-堂侄孙","堂祖母-堂侄孙","堂姐夫-堂内弟","表嫂-表小叔","姻伯叔-姻侄","舅公-甥孙","姨婆-姨甥孙","继祖父-继孙子","继祖父-继孙女","继祖母-继孙子","继祖母-继孙女","继外祖父-继外孙子","继外祖父-继外孙女","继外祖母-继外孙子","继外祖母-继外孙女","继父-继子","继父-继女","继母-继子","继母-继女","继兄-继弟","继兄-继妹","继姐-继弟","继姐-继妹","养父-养子","养父-养女","养母-养子","养母-养女","义父-义子","义父-义女","义母-义子","义母-义女","干爹-干儿子","干爹-干女儿","干妈-干儿子","干妈-干女儿","同父异母兄-同父异母弟","同父异母姐-同父异母妹","同父异母兄-同父异母妹","同父异母姐-同父异母弟","同母异父兄-同母异父弟","同母异父姐-同母异父妹","同母异父兄-同母异父妹","同母异父姐-同母异父弟","异父异母兄-异父异母弟","异父异母姐-异父异母妹","异父异母兄-异父异母妹","异父异母姐-异父异母弟"
"夫-妻",1,0.535686686563908,0.450678266241528,0.507309405028796,0.487416774913489,0.320495171235311,0.211029472747314,0.290906246891779,0.315589947445124,0.102008064411279,0.295186114135331,0.106227225581767,0.195078449084783,0.065546805545769,0.182011614301007,0.29480839601649,0.166974366830196,0.0332380010876762,0.0435111650384247,0.0848356132375843,-0.0172950135463708,-0.0371423692719364,-0.081633364597032,-0.225800767181614,-0.0745582343762151,0.244436481230681,-0.235932371811225,-0.224810152813477,-0.198734027652024,-0.257877188858302,-0.184508759292939,-0.200692941473473,-0.0371378121012248,-0.27743276570466,-0.39395604469854,-0.0748370551768179,0.0484016194901514,-0.0882009803659273,-0.132448989274049,0.156053419728256,-0.0709561013242258,-0.22923682821174,-0.135947704571804,-0.0910933002892312,-0.0143719362332953,-0.149809981026186,-0.047485504387171,-0.212255982847139,-0.240208343078823,-0.130912441963682,-0.0568635984530988,-0.266693349274624,-0.0919167611649768,-0.0441600934418359,-0.356304536924852,-0.260862679251401,-0.302160933914666,-0.152454028471794,0.00465491825616353,-0.251180269179717,-0.332131574879001,-0.325500300462673,-0.352191974390565,-0.315168299804817,-0.44236425784222,-0.288846044898232,0.385572190255557,0.251197226521818,0.197246105670502,0.408833190654944,-0.0841200565478997,-0.0867177862416731,-0.00761727516947526,-0.0936484068914378,0.249856275201453,0.0285643263221845,-0.0996502498649579,0.274971280543104,0.357957504212196,0.0308962905826906,0.0874107559752308,-0.0449774206607782,0.235635854811456,-0.14615545082251,-0.191277556169189,-0.325516407886913,-0.299503003925636,-0.385473000791713,-0.143891569963653,-0.214990939886079,0.145441619465626,-0.0982605816413958,-0.0909482094125821,-0.159853501811804,0.0659622567881332,-0.130909141723072,-0.240824623352576,-0.0155350542328273,-0.105603473534585,0.0805790931931844,-0.127776492771304,-0.281912047313518,-0.197030053390752,-0.055196939129599,-0.127558215540418,-0.273661956486196,-0.305607924847688,-0.234778478425932,-0.173573796149148,-0.269274172079136,0.222102199102937,0.00403068930770143,0.183717532865348,0.0707580002776599,0.0912138198377534,0.112732890993211,0.102569739514305,-0.0182012957509502,0.230938040998694,0.287175540343657,0.142879585155664,0.292935944397233,0.150692784575323,0.0688391487529512,0.249882021126929,0.226288337591373,0.0731813209623496,0.0924024520652337,0.254064946163419,0.235558598360651,-0.0200995537078401,0.086295242785953,-0.155049500652611,0.125989662390889,0.183252369003454,-0.176067794780473,-0.289117987325736,-0.293462810515356,-0.213429678470498,-0.165884867756593,-0.187467539954587,-0.0955216217168146
"父-子",0.535686686563908,1,0.500035992482067,0.64590233607457,0.580675000926386,0.208167766021134,0.180516841058216,0.168230198934136,0.0989193571872557,0.254568372812198,0.223498125508602,0.122520697505518,0.199436556165372,0.289248265457686,0.302950517908501,0.234858875104623,0.233880052684974,0.141548256574102,0.129792854558297,0.237115690975267,0.0218347442380582,0.108302160221669,0.0212050770144815,-0.141227437328885,0.102960838226557,0.204455935166436,-0.0787386337960922,-0.188467461294577,-0.162655397633227,-0.097438139406779,-0.0781275684416282,-0.154956748204785,-0.154140144788012,-0.261626661899727,-0.249910040314004,-0.0735952747109961,0.08860449530431,-0.0778554310531804,0.250323561499823,0.282568529953646,0.110244827453585,0.00745114899334272,0.139637269285599,0.226775243182775,0.088692794994998,-0.0523639245055715,0.0272651121447206,-0.173696835583782,-0.143847679221578,-0.125404254985654,-0.0526064457186111,-0.317958807291125,-0.0644862002675189,-0.270701069043382,-0.317413874573342,-0.38940347966225,-0.401718622364298,-0.327989863034203,0.0733345439775751,-0.181230683070298,-0.369887853163415,-0.501292387008364,-0.316935698875486,-0.414324842667688,-0.435283781452056,-0.252834614464247,0.35955011053811,0.280513167168013,0.235413483696825,0.38123587280529,0.0309664283515144,0.0940041574425039,-0.0251626912314591,0.0619812328488981,0.149995513564848,0.0456676388223523,-0.138982130972976,0.0547927569126876,0.203442744938812,0.0911913460390056,-0.159045604821534,-0.210432247053169,0.0834024226564812,-0.171275318992396,-0.122813503508199,-0.14092440943479,-0.280827780248028,-0.357040789400265,-0.159891225690851,-0.182211717721478,0.10097396787085,-0.045555776720665,-0.0630846295270974,-0.121598697032071,-0.212749206493624,-0.109518724492764,-0.166411036115482,-0.0666861985685514,-0.238695653770863,0.151631790358113,0.011864632707575,-0.226454420668889,-0.12213177762438,0.0703974651669368,-0.0255570018674548,-0.287125607027959,-0.237827147050924,-0.200322482271872,-0.120005900296453,-0.296900234992692,0.169864867795654,0.149704621698162,0.100639974613162,0.0847837033042589,0.00880315915113652,-0.0868513200416621,-0.0084611604268527,0.0153497339903241,0.192263677253855,0.15444158422713,0.0405375080193502,0.127845309070468,0.193395582862732,0.159153296749285,0.157453669069975,0.129014832217429,0.212019151727169,0.106672990752933,0.129769588740136,0.00955800094205692,-0.00194074836257632,-0.154266600719564,-0.18852231699153,0.0723304327850226,0.0163466092076495,-0.399446516989129,-0.427321370681915,-0.438925274216217,-0.289385582017853,-0.33327371540242,-0.360058181833713,-0.324425260527852
"父-女",0.450678266241528,0.500035992482067,1,0.524504786407665,0.53471070675074,0.0678509256181487,0.123266685228009,0.172927874504659,0.191657779934415,-0.0109324069970511,0.184163876225587,0.0620821279490525,0.194717316512491,-0.0307818845793423,0.375795854894074,0.284885618473035,0.281588267700315,-0.126917495782434,0.0495055246490196,0.1831261350126,-0.0169568255304867,-0.151862843177744,-0.0728030326807646,-0.201714024633706,-0.0140704917360336,-0.106993848822726,-0.163109702088211,-0.0509003892406401,-0.210467293732891,-0.0254467312093239,-0.232509620188574,-0.0526717349018827,-0.0871434311788371,-0.0918818015941877,-0.320398250010266,-0.000282839916702665,0.169431735971474,0.124682339291055,-0.070316168347367,0.427694369240743,0.0820531556687017,0.143818153631444,0.0871677299916034,0.176777174360544,0.144192614210825,-0.0514489291228637,-0.0543929683951878,-0.0924755172867879,-0.0394233359732386,-0.0309800199518848,-0.120077264622659,-0.0927916823345556,-0.0391023511572843,-0.00419951607523701,-0.231049428518431,-0.310118554169827,-0.246931755110275,-0.0917241881769279,0.0913116103908262,0.0785134515815522,-0.364672192521714,-0.281443064141595,-0.296345533000754,-0.11851212207827,-0.268720998935527,-0.249992840545199,0.207911860404021,0.202160775025429,0.161331850154166,0.226680268663689,-0.128483854746191,-0.0921046006126583,-0.00219250090692459,-0.00957913175184107,0.104533747823192,0.0428236276381635,-0.103387754909466,0.203197456325099,0.193287153306175,-0.0427464138189087,-0.180228921474462,-0.171555098455312,-0.061459473778862,-0.272019981739872,-0.117486451973974,-0.277101459676903,-0.231016546543204,-0.451542505780535,-0.187626738212779,-0.323820158828721,-0.0619649713186634,-0.155065809368675,-0.296810023657198,-0.275330929261213,-0.0294085906724241,-0.283899252892694,-0.314036337791658,-0.225959295999502,-0.194575660167504,-0.145136315132019,-0.139215416345521,-0.317370870691178,-0.146162012169667,0.176722214912989,-0.0858843521532574,-0.246352755505894,-0.298180907651635,-0.0394620878037866,-0.0529226595118596,-0.193437768102617,0.306880537527278,0.253461158241206,0.154110010518121,0.118889797280945,-0.0195969784805779,0.0239591111606474,0.00990032157831999,0.118187263128224,0.139724411204573,0.341756412837697,0.0548292947004478,0.289977006616125,0.0274595304625475,0.265389483149647,0.169459452770202,0.181983045175294,0.0529247528249153,0.0440097405092437,0.120067699678175,0.130465438814718,-0.041823942993829,0.0535891543596421,0.0668416917173775,0.192485717719377,0.0304809180345636,-0.25896964788616,-0.277661544772804,-0.243957338718785,-0.28468631501999,-0.183055326016105,-0.198073801167841,-0.14662439919099
"母-子",0.507309405028796,0.64590233607457,0.524504786407665,1,0.621030599577295,0.0447479076809411,0.104108417664758,0.247269987174291,0.184603571015554,0.109652865769068,0.153022131733,0.134419207243309,0.2827075524979,0.0989469014226285,0.359066180018912,0.33506805618721,0.287800446835957,-0.0269870093291888,0.0567415429636668,0.226408059116507,-0.0644490856816522,-0.124576548649829,-0.0283760087437318,-0.171026706019599,0.173226209377809,0.106054441279138,-0.145157092609458,-0.139377100116609,-0.0848630977974797,0.0657942250538254,-0.280301235417226,-0.229365372472841,-0.0731961503814241,-0.143470826908665,-0.255539145101295,-0.0356496505435814,0.067370251895454,0.100100902006082,0.0715675005982064,0.34091744515828,-0.023386887407977,0.158387378807077,0.0647841954062981,0.255812871725144,0.0509079646244789,-0.0604184143660536,-0.140807594227389,-0.131950783123569,-0.0225938232717286,-0.0789914090171241,-0.119433165336239,-0.168095063258086,-0.0149495300789581,-0.176098529560205,-0.373498376507355,-0.451589260445711,-0.264907449854147,-0.213582038435204,-0.102642065074095,-0.0951157635277276,-0.411655668230627,-0.43064440616445,-0.245969793891602,-0.239385445841157,-0.341766111013451,-0.28655510079765,0.223134962712358,0.202220506623551,0.150947844572379,0.33950432433392,-0.13545944013679,-0.0348504404451525,-0.0672042974941657,-0.0181678010312287,0.0627274426816953,0.010625880391838,-0.142298818790979,0.0338250340708778,0.257749448367579,-0.0233862129879196,-0.145628575678641,-0.231517564767913,0.00852645435943418,-0.197375511382977,-0.0828876534488618,-0.248989476331211,-0.273752106972358,-0.399166086850626,-0.395133374983639,-0.345209612873612,-0.0790476622604554,-0.164962246859939,-0.281858360192223,-0.317418571897831,-0.287597290040821,-0.237661517343367,-0.273352608847338,-0.107420493543486,-0.32648504199485,0.077922104554815,-0.216370068738453,-0.19425218826848,-0.0756377163603698,0.22842289409215,0.0968925146770694,-0.186327683314122,-0.145463657187361,-0.02621161957434,0.0757412696737511,-0.201467923407507,0.253379183903388,0.210779413172543,0.278894091918777,0.174048764699393,0.0498116290850317,0.0142540223943515,0.0856071077473364,0.115977511336209,0.158592731925988,0.18677738107833,0.0729165633277311,0.295288563288828,0.00696434735759237,0.00279956850428403,0.238976055771438,0.254242623415281,0.0778532938202511,0.0266386175193445,0.194011485013539,0.0654924320300252,-0.0453720556429126,0.0175864239763382,-0.0794291478075687,0.149211728808764,0.103838111456912,-0.225326791154859,-0.239882545357843,-0.317637931945694,-0.223609488268149,-0.192837531477146,-0.199777584774094,-0.220683463295801
"母-女",0.487416774913489,0.580675000926386,0.53471070675074,0.621030599577295,1,0.087020841567765,0.136671292386335,0.247389135326229,0.333152197154238,-0.0660765778051079,0.110620795589582,0.0347597789849639,0.357117488125288,0.124287121225653,0.31436823993988,0.200218012969785,0.41041622028197,-0.0749650913832449,0.173784731236868,0.206595415572484,-0.0437235043668794,-0.190585358804334,-0.0768883859728413,-0.292828630338239,0.167813543109012,0.0223999723921718,-0.268740176251431,-0.08080197468542,-0.11305357346642,0.137537862913755,-0.349244843130542,-0.24720160902483,-0.226942949803172,0.0312592729608132,-0.211147351674639,-0.122831379506442,-0.0286888732416351,0.203636982953645,0.0134848686989659,0.296123225710635,0.109701454594304,0.191709480923305,0.190473633018882,0.308947782823169,0.147882026141846,-0.0155134935296107,0.0900539269475547,-0.166522344140723,0.0385280056736525,0.0603353493797806,-0.101353867355985,-0.141278546874805,-0.0216179722312739,-0.00884448045174592,-0.484221807714693,-0.395288641558743,-0.275132777874561,-0.143351239864307,0.0222481852500989,-0.0590703796555165,-0.305331186173799,-0.301716681613649,-0.284478661641078,-0.140998449231286,-0.295895958200451,-0.161895728356195,0.197204213009274,0.273853431387705,0.222108020629766,0.397466317687565,-0.171496341655719,-0.0389141515227434,-0.149775750362703,-0.0486409175110107,0.238714218618923,0.0306483619235739,-0.0466473401398596,0.041130125690174,0.273923084864649,-0.0162295595180935,-0.146869577675081,-0.154880456890939,-0.119368863411917,-0.362236601701907,-0.195910313689456,-0.318292154755442,-0.222502157940113,-0.480345419145196,-0.274079431438584,-0.326997523290689,-0.109740404974332,-0.174330666084723,-0.232028601880146,-0.163915688035042,0.0197146511471806,-0.33366104480183,-0.42290018035658,-0.224133191062679,-0.219037488518321,-0.0924896394838053,-0.178209952146951,-0.0255703146340882,-0.18976785014377,0.16263158168406,-0.109462864977108,-0.284590239879592,-0.311724415675552,-0.126955804823804,-0.0380209964448554,-0.15400353420433,0.236584869318221,0.257272925331803,0.174397496177522,0.230751641140948,0.0961136130367229,0.0143276500580693,0.187367966970136,0.350636628810966,0.0279883854953303,0.125053547732333,-0.104671819013223,0.177668770245424,-0.0428428366641657,-0.00477285872584718,0.109351056579228,0.196753117778736,0.11451129190388,0.00359481739560529,0.280220814266049,0.289480735566296,-0.0253569912901769,0.0319539204624122,-0.00935314121625322,0.206896675416432,0.0795761547660355,-0.235022248797519,-0.388477420663854,-0.372271208728447,-0.302913840215422,-0.156007344930365,-0.305407944489159,-0.27593009003457
"兄-弟",0.320495171235311,0.208167766021134,0.0678509256181487,0.0447479076809411,0.087020841567765,1,0.489693371179067,0.28319328423467,0.473957394460537,0.144752102619582,-0.0239558002965669,-0.117813758949438,-0.251772753898496,0.029096974757164,-0.110820612651669,0.0526251516539849,-0.213085121169735,0.0614944937662997,-0.106628760557746,-0.137057999385396,-0.194944322052388,0.077018598202943,-0.210280937203575,-0.0332974032526408,-0.229975197350513,0.324244877355365,-0.00534500901332869,-0.144625033751851,-0.103570859862075,-0.22657224915987,0.0144081526408701,-0.0327453789607164,-0.0781155646602322,-0.236302088834691,-0.158766460860848,-0.234791292765839,-0.0271734286970823,-0.229718049834295,0.0735157928629643,0.0115170004395965,-0.0382106142770685,-0.399410562155681,-0.203096271356068,-0.332892595053001,-0.0356920402492851,-0.278525916247268,0.261926644652734,-0.123028133470928,-0.317148138109923,-0.099979006032197,0.139665090554622,-0.213524182358049,-0.150229255448231,0.0447694372351104,-0.16263669048617,-0.00303189792191607,-0.108460218272352,-0.0166435214716754,0.385648607703617,-0.12606228445664,-0.146080409558739,-0.108157383843907,-0.188575380183843,-0.243831249288718,-0.279586858188503,0.0249870035190808,0.382154753690107,0.060047312432145,0.0534196067310988,0.0639849841713899,-0.117480728161092,0.0294536067530847,-0.201054080696818,-0.116804537981268,0.0278397656060501,-0.0278201577373392,-0.191537963536091,-0.0276451336584557,0.0154537077762971,0.0210133869774571,0.11188110849326,0.056527884132585,0.337414176009842,0.157254068353779,-0.218227368715556,-0.259344442792881,-0.270420854233481,-0.110192103204871,0.314341952607112,0.248331475394525,0.195222158002802,0.0123639247069331,0.0579892397902491,0.061649487024055,-0.0104248843442559,-0.0536518051272085,-0.162559441007348,-0.0448388878509783,-0.134185558569245,-0.0571865838259485,-0.0662452379204329,-0.164894308877476,-0.283787248732281,-0.330049882086721,-0.337774533207048,-0.200227087537479,-0.171792402150233,-0.192857856257109,-0.162628629125062,-0.219762911873856,0.187427214881985,-0.0198424122051408,0.040055408448767,0.0879537528603077,0.466133939670195,-0.0320081926722772,0.0214478998318214,-0.0877904307175879,0.249215430350412,0.111298687961759,0.19854407348083,-0.0178768435906149,0.397492260597386,0.109502311967326,0.320520211496544,0.173710747186164,0.119560771275986,0.0233702402092567,0.0686643662419806,-0.00440080234655689,0.147150969389125,-0.0200518642650961,-0.1861679265493,0.0359829451098322,0.156932950831559,-0.0522460189983979,-0.21346072625167,0.0278815692896615,0.0812789811372584,-0.112059271582585,-0.0256528672351286,0.0672032914022474
"兄-妹",0.211029472747314,0.180516841058216,0.123266685228009,0.104108417664758,0.136671292386335,0.489693371179067,1,0.357676091005712,0.384855863858057,0.195192567060923,0.0834398966155918,-0.0213902783745108,-0.0537355587018336,-0.0184850906031312,-0.0315216930946021,0.0176297117366726,-0.0564359018586972,0.0415924479784664,0.0202037399716895,-0.138882138064846,-0.0654836273981683,0.0607698073983201,-0.0722300683416381,-0.0986697489616322,-0.0592033898300661,0.194239567129268,-0.070946057311347,0.0375253357662428,-0.159234320059307,-0.0595815892343399,0.0160819593220608,0.0430191692333453,-0.0773313939837463,-0.161126453443279,-0.228682493961781,-0.248129487538737,-0.0373154062162868,-0.271221455990643,-0.116165619817584,-0.0357398193109148,-0.103847661993541,-0.171130387853725,-0.213600759860199,-0.0849295239402188,-0.0944780230375894,-0.224890799552648,0.0197596889184907,0.136106074754714,-0.107775825777612,-0.0485229707323986,0.043030657414627,0.0751900907291816,0.120858210974172,0.00542731003524287,-0.0885081740443788,0.0594623473244612,0.0104202533783708,0.0770354629588302,0.122030604709061,0.0993630205215499,-0.195098170353511,-0.127749722892577,-0.149888567355699,-0.15336566547593,-0.186060577918047,-0.0585042147230627,0.162413870574564,0.022585636988261,0.0193558023285122,0.045256703558959,-0.0929399841984244,-0.12888831586741,-0.0119097039069824,-0.217453281273786,-0.0894328686494707,-0.026839386234553,-0.117030317803175,-0.0196367371058603,-0.121979744117044,-0.0225563296254134,-0.00121077572751489,-0.0367638250957664,0.174099477121576,0.109748843173999,0.0611455918962611,-0.227140160582123,0.0229070253764351,-0.0794845130316365,0.0624794037040713,0.036048650644633,0.0103767761886179,-0.102232757822705,0.00168910176630768,-0.0801920277690615,0.0314213958602098,-0.170835961496859,-0.222526490951336,-0.278683089975747,-0.318067871394925,-0.086438728559916,-0.172365981496848,-0.123912576932274,-0.252026800521308,-0.0805821156445748,-0.220536625590298,-0.0899030595629865,-0.0313518660068136,0.0016701658928624,-0.0984925592083156,-0.111855488241263,0.0146443445253987,0.00240792396320825,-0.0125323025487813,0.0526257906085669,0.141160953192212,-0.0659114308407005,-0.00624878664409682,0.0143386018048836,0.151436249300463,0.128233059469466,0.0569825462515919,0.00880505272789152,0.139159919979008,0.135796135946537,0.237045694167588,0.0938189289096398,-0.131872582476504,-0.0761882450869768,0.0101479443787982,0.00977590096685624,0.0162256571947364,0.00579364003246621,0.0309069176542045,-0.0339884844494552,0.000321280137431864,-0.0653245610641191,-0.0930394684963976,0.0763692996531506,-0.0377580644815984,0.0141821165442178,-0.0798142494296583,0.0630579355119007
"姐-弟",0.290906246891779,0.168230198934136,0.172927874504659,0.247269987174291,0.247389135326229,0.28319328423467,0.357676091005712,1,0.466283805198943,0.192418991923416,0.0607590399197112,0.165962050008407,0.0919262865001837,0.0803809677192744,0.133959784142717,0.0970907308728586,-0.0419153692289563,-0.256837284301591,-0.0753480089947765,-0.165090595841002,-0.185132469877337,-0.193709576008966,-0.108996849506609,-0.102200328408845,-0.0343707070036626,0.132288086504248,-0.0406853495449018,0.152746875049702,-0.107390151271979,0.0682498318908113,-0.0400198825349565,0.127983603903465,0.0696027080572444,0.137139015010412,-0.109371421909118,-0.089798626309284,-0.0646319376991944,-0.0103856310096978,-0.0386913292740522,0.027582603814081,-0.158432558140361,-0.080766124786604,-0.0136341439497972,0.0193722199379894,0.0192002088512429,-0.126931143654004,-0.0935484915353032,-0.0901108580341215,-0.0377794813592607,0.0719958241099376,-0.157768118445303,-0.133253441920823,0.233801738945277,0.217605930792437,-0.119805810599706,-0.126799974449269,0.189425641428981,0.10264561222562,0.143649973968016,-0.0462525285726141,-0.120694900359805,-0.102695750283693,-0.0594436808851447,-0.0499518974523521,-0.139547483585214,-0.219535323267574,0.112999420907772,0.141408535526361,-0.0748930488302579,0.209158304972673,-0.217779429991532,-0.207755030005059,-0.147350069793567,-0.0734605398561254,0.119544282654514,-0.245305728443904,-0.258030698392081,0.000418162999428885,-0.0174892732155689,-0.137290092519266,0.146032365702419,-0.0535010751177718,-0.0426000485057813,-0.000172163365424826,-0.057791235634238,-0.304164879617967,-0.0948483725997304,-0.114622648234365,-0.0386659912338368,-0.0389003222967894,-0.188615132619614,-0.162173883349558,-0.275274770110805,-0.214323501928765,-0.0171436108797716,-0.378940404406262,-0.400442404910925,-0.367294148834265,-0.257178073930345,-0.218193180609133,-0.268056158597985,-0.187519028701551,-0.211927817751693,-0.152626651197308,-0.191227626657394,-0.258357373885629,-0.0889517429552509,0.0339260305833426,0.00428129068736332,-0.0867269404664146,0.16722459843094,0.0524990321966015,0.201671338723773,0.33049432859703,0.185510225287266,-0.131418593060588,-0.0546284821912539,0.039576440602025,-0.0566015199013193,0.0485966170569813,-0.0236948088540197,0.214520101933713,-0.193579128981484,0.028260067940879,0.0580063537467083,-0.137870865681487,-0.0436146559117999,-0.0757347423720099,-0.0531905753533607,0.0791916521278738,0.0342017192301673,0.143456125204282,0.0244831923007256,0.250322698019705,0.188554270095739,0.0824175572508738,-0.0641645705177054,0.161561270853609,-0.120440000669411,0.0680097244817399,-0.12215612890502,0.230072311783793
"姐-妹",0.315589947445124,0.0989193571872557,0.191657779934415,0.184603571015554,0.333152197154238,0.473957394460537,0.384855863858057,0.466283805198943,1,0.0235278519709063,0.0806597049633842,0.000514903675181559,0.0479108691470816,-0.167626172638055,-0.0291253682438859,0.12261011575773,0.0489361211386719,-0.0875035429376482,0.0403991901210814,-0.0476944917547188,0.0297978623628502,-0.0598446644751501,0.00128176961753078,-0.0457772909412758,0.0299469637073271,0.243186583620283,-0.153211472524529,-0.0989894287013988,-0.089559673649086,0.0823242487607943,-0.194253835820212,-0.0492113717932261,-0.0384974182496098,0.0157424827619937,-0.0994895091626006,-0.110667086931357,0.0213057522400902,0.0647557121870746,-0.195348746770479,-0.0113625348126172,-0.110996395890767,-0.168752616699163,-0.13161739768366,-0.13865784932692,0.083589339193955,-0.121118221422485,0.0487013685550791,-0.199624930760797,-0.20458524570431,0.133812494265501,-0.0660953164629751,-0.11456130440398,-0.0958093908066866,0.373923577945791,-0.176327920722121,-0.0398411497140807,-0.00565524590533306,0.28080535749622,0.149828657214315,-0.0424995787101546,-0.135547068655737,-0.0264296595795171,-0.195156045326766,-0.07295550559696,-0.163993503611506,-0.0317107606969249,0.118901289964933,0.118612603633952,-0.017166701329433,0.126977168143356,-0.164531527489116,-0.0754705035664103,-0.197145508227179,-0.195072643985725,0.112345861196268,-0.210097416481847,-0.160199560928696,-0.0464791977429718,0.0267032157190366,-0.269431796866464,0.0503411900618171,0.0226749033910081,0.0466817274046799,-0.0344723269820585,-0.243099764306896,-0.317966411072907,-0.162089218353681,-0.147190488042838,0.0204191329265978,-0.0628499124429787,-0.104332618837386,-0.0386133664517588,-0.222762101051317,-0.198213990028958,0.181809898135893,-0.257104478377202,-0.375610002298987,-0.240405800220664,-0.163571759169043,-0.274539773925881,-0.181942659249416,0.104913284456294,-0.269926589662845,-0.250553522506611,-0.248265035998733,-0.123790762480282,-0.137856826802868,-0.140591938279047,-0.121050721008505,-0.0481979075630292,0.0785256579240779,-0.111309363411921,0.0728168280477061,0.132420597727054,0.231217808596657,0.0581436479436866,0.0757369729092846,0.156509691692983,0.0885045420032934,0.101820867843757,0.0920716231461226,0.0698875078005707,0.0517508009920343,-0.018848655737725,0.167384952089658,0.0797475926230074,-0.0159987422091332,-0.0801185359926425,0.158143542768595,0.144228433378071,-0.080828481340303,0.197347878392377,-0.104804836671683,0.0887199595256348,0.11070687688302,0.0604045913385274,-0.142532517804444,-0.0202580400695005,-0.0567136245388185,0.0807234154184413,-0.0880347064357785,0.0622689308135814
"祖父-孙子",0.102008064411279,0.254568372812198,-0.0109324069970511,0.109652865769068,-0.0660765778051079,0.144752102619582,0.195192567060923,0.192418991923416,0.0235278519709063,1,0.386826622654928,0.509883334004246,0.159461639908718,0.476802466466198,0.227757721570067,0.46834877944537,0.0755278219561461,0.391904231136004,0.214919135476355,0.144931066368648,0.16823897170181,0.322532119424754,0.127039152563197,0.265287594329922,0.13524472062823,0.299260363097592,0.080608515614851,-0.0388397072796193,-0.0984816560251231,-0.144304492674925,0.210800080144892,0.13148257713746,-0.0192218477721156,-0.163025163451495,-0.0572115012515193,-0.0853844300542487,0.0597651562713659,-0.221467953879836,0.00297354986468768,-0.147389603446378,-0.151073843461212,-0.320717562273263,-0.246233323074017,-0.234932932533322,-0.185277872579447,-0.142653098023654,-0.0451615697521807,-0.133444949143278,-0.258275088800604,-0.140852778105067,-0.163485468307375,-0.364470525480763,-0.0143108014290631,-0.0990188789047749,-0.0900194748329596,-0.0181363052655377,-0.076880833766945,-0.127088412865688,0.0439439440637738,-0.126591430857462,-0.0768840464454754,-0.204386758733569,-0.0742254412782417,-0.417486072654491,-0.255833546405207,-0.263265344678337,0.0279439960852444,0.175096453536151,-0.0436053040604322,0.176704032123235,-0.0619582087598963,-0.146284490677418,-0.102252736675,-0.119465713306294,-0.217158506843159,-0.29815812956619,-0.301465770353813,-0.115705896895727,-0.1341185089879,-0.133528094816411,-0.0130853004888482,-0.24481878083525,0.164991891612816,0.312112495738761,0.100144357126774,0.0528765279949318,0.0501221040665278,0.158578387651973,0.223330087300882,0.134476963374698,0.147687283313768,-0.0213189144187283,0.126800747275186,-0.0393974770276541,-0.232068808688858,0.186505220662144,0.0405003148885616,-0.246500984185106,-0.224176670888858,-0.0469885117357067,0.0728030213652824,-0.0831867925198189,-0.0166833002357611,-0.17608177108044,-0.00472541018588363,-0.0934675613289113,0.0940937905529616,-0.0860721533689757,0.104287268359176,0.0382108501080072,0.0647956810814771,-0.034602688333774,0.11313546593167,-0.0723551037893283,0.0161665698690728,-0.21637374909011,-0.255433800248275,-0.250938093999821,0.176659314304151,0.0220024187388174,0.135865241115586,0.0656134204588652,-0.0148078573433461,0.0366294278928066,-0.0117416701574463,-0.242261710701373,-0.0243960874705315,-0.0984878650640438,-0.113809869076473,-0.269400200009876,-0.0241223070150506,-0.0948695835925099,-0.352934814372564,-0.122630527310905,-0.0944959278433619,-0.142579667385675,-0.181333792269106,-0.0918507265509505,-0.0735711026824085,-0.167467462897814,-0.119596054675301,-0.0127581044232614
"祖父-孙女",0.295186114135331,0.223498125508602,0.184163876225587,0.153022131733,0.110620795589582,-0.0239558002965669,0.0834398966155918,0.0607590399197112,0.0806597049633842,0.386826622654928,1,0.539937558135008,0.547550893584466,0.3579578637448,0.501285774190192,0.620544193901466,0.527090120815707,0.454011012346748,0.504293722294485,0.463880498913172,0.516733553371113,0.322005355267786,0.352917013348078,0.139623003367482,0.283479466214026,0.279072987484944,-0.155357940001517,-0.0377997821876586,-0.309769145862632,-0.130412749251547,0.0962693407925198,-0.0256206615236514,-0.0368778704068676,-0.238447137888018,-0.146650943890021,0.262884648303838,0.437007386064771,0.240547422947193,-0.0676814017630881,0.183126963508277,0.0990468199799049,-0.0672502635837161,-0.149831115856558,-0.080247325966799,-0.0525205759277742,0.226066005567095,-0.0172767390893094,-0.215505962846941,-0.162028428905456,-0.0368528987037837,-0.043725579475479,-0.291778296414356,-0.00508216410623931,0.0563896247945005,-0.265431449124691,-0.0287267806532734,-0.070379187004564,-0.166996032018691,-0.176840398065551,-0.253122250409257,-0.176000209519328,-0.196233881773953,-0.320531524468444,-0.267747577617804,-0.31765727378668,-0.0941287799498277,0.0399601423856425,0.1498052124927,-0.10334292125204,0.126944302986125,0.109280755871675,-0.0100473789739878,0.101268042012025,0.0571749223046756,0.0254139070956629,-0.226136618684609,-0.168306418784594,0.0952829131171959,0.114934075151512,-0.102576633399056,-0.120939338212387,-0.254822377688435,0.153429688976139,-0.0303542568341964,-0.0895557845160368,-0.0197238090995861,-0.0428952209554326,-0.0485808498412495,-0.164967750204868,-0.262443807932826,0.324850581726381,0.0897485376437319,0.0807344205561932,-0.251311291308151,0.0410203898914993,0.145570526703307,0.125661585998644,-0.114411055568685,-0.0290133441473976,0.106698096283561,0.199039574763279,0.104387283843612,-0.125134409800007,-0.110962048006292,-0.104296521409523,-0.121250016490773,-0.202464486439069,-0.284791808289432,-0.180512694597367,-0.152692273003398,-0.0831023454873358,-0.3132661379316,-0.00240991860865762,-0.201625074858789,-0.15066427430012,-0.0834592076879699,-0.21126964688459,-0.209292351269064,0.169960215331712,0.113598196117912,0.0741591226416177,0.106603088379742,-0.0501641651119063,-0.06805162821515,0.00546361254540492,-0.0225742958189788,-0.151249798980596,-0.126911526263176,0.0341585290658193,-0.0519263215070666,-0.337205801755461,-0.112420371578716,-0.391514772225038,-0.157482752976699,-0.231745373025748,-0.350411147685798,-0.40575644682757,-0.359293121798592,-0.4794456884732,-0.37680159446196,-0.379557322547832,-0.216458165647727
"祖母-孙子",0.106227225581767,0.122520697505518,0.0620821279490525,0.134419207243309,0.0347597789849639,-0.117813758949438,-0.0213902783745108,0.165962050008407,0.000514903675181559,0.509883334004246,0.539937558135008,1,0.576253547017852,0.421735408019361,0.399533623222991,0.508146586256213,0.447092311183711,0.384983819138937,0.317259022019075,0.38984731487603,0.271550196369563,0.152658126800409,0.197777251969062,0.0697667893953552,0.260148957518929,0.11387182748488,0.0423947438255824,0.0941800773577066,-0.189275760259364,-0.0415302320663972,0.0763729595062047,0.119336436504347,0.0827136388163273,-0.0350442867317513,-0.101470991269,-0.0201875884895765,0.224135700754746,-0.0022115701328931,-0.0293127943571007,-0.00738445061338916,-0.0676546017617673,-0.039271874603996,-0.0531522361793595,0.0276473901780858,-0.115260240226866,0.0625509476927113,-0.119273107946448,-0.0430233848698471,-0.0704603820878389,0.0384853688438272,-0.290514833289951,-0.328414802089193,-0.0136532928256158,-0.0225278669219389,-0.178170355509703,-0.216943437865237,-0.0943506276629037,-0.150216844717584,-0.213066046575764,-0.126131726453094,-0.234823436919199,-0.23110513442849,-0.119924499587618,-0.330119779756104,-0.185034833538608,-0.245205745203103,-0.017209486313828,0.154859518418504,-0.000705933740989183,0.17254017553557,-0.0664992968039812,-0.0603609441427897,-0.0189007888312611,0.095099901715647,-0.135958283691777,-0.135299051048844,-0.283383457054306,-0.00362195251116913,-0.0585324957992766,-0.0721409548689474,-0.0441112749492223,-0.378180351780165,0.055303118670647,0.123020500108863,0.109706371014688,0.13802811587513,0.107856957488968,0.076926938689862,-0.0792397342231915,-0.129415787970343,0.0475848872275726,-0.127977178883169,0.00831206709687392,-0.0615401781440284,-0.116132346303923,0.0433723713115912,0.139027642607692,-0.257291652756451,-0.0966921220930465,-0.104412271464734,0.0450317109432553,0.0967195308547153,0.155091682502154,0.0817942543153814,0.231894878055715,-0.0370763888181284,0.0011763429350557,-0.0762515846882421,0.162722187625418,0.0766807777338277,-0.0869518123374394,-0.0855021160497861,0.012722120294127,-0.0927907514074797,-0.134878598987547,-0.178917089134715,-0.218650243818507,-0.0685155662275236,-0.0439117877020906,-0.0337578622259152,0.0449741988310908,0.0530853148406895,-0.215561037438196,-0.0974582474818324,-0.108284865486421,-0.180342469777769,-0.176543836150745,-0.240211992831453,-0.106796705320098,-0.16547928829552,-0.189282263067198,-0.154092575438147,-0.245414720869028,-0.126526523219641,0.00740034142036657,-0.122858193546935,-0.24349447875149,-0.179727001073067,-0.26439580311561,-0.208607467242984,-0.305995423580002,-0.142577876873074
"祖母-孙女",0.195078449084783,0.199436556165372,0.194717316512491,0.2827075524979,0.357117488125288,-0.251772753898496,-0.0537355587018336,0.0919262865001837,0.0479108691470816,0.159461639908718,0.547550893584466,0.576253547017852,1,0.169909341555557,0.460111667487932,0.411469130878875,0.799881436682334,0.265313045278142,0.461508339278939,0.405956713429144,0.309043441588114,-0.0108406735614966,0.306402838844502,-0.0902123240012529,0.328609811733295,0.0837751413822485,-0.0994239025764476,0.109185250089946,-0.121953921262378,0.201925305926663,-0.0510481939407227,-0.010779692956621,0.0602593111627917,0.209553805087761,-0.0458140819325925,0.103613168480272,0.203934768678362,0.30941567699774,-0.0242056775913714,0.112787059349076,-0.021072872414738,0.276905813853936,0.0841765202791591,0.207659523848807,-0.0905794388069221,0.175113792312651,-0.155903138144517,-0.0897736885690766,0.0261592414887147,0.130271866100015,-0.173446841379353,-0.194280605869322,0.0360393897471894,0.0280957730272113,-0.295739096948968,-0.338993226194494,-0.0886637836923964,-0.0650811013207607,-0.303845733682814,-0.0763450395676274,-0.278980771577725,-0.127625338108564,-0.1517171910684,-0.136119410472729,-0.172544054620252,-0.20943270798091,-0.0429114454644448,0.162544622987612,-0.118724789799676,0.104015205048801,-0.15085259201439,-0.0651161073670946,-0.0476485790314985,0.167404253527502,-0.00948528028127298,-0.0414057589064056,-0.13288127115271,-0.0612139929802088,-0.00440506450566763,-0.183520749327769,-0.043948198119152,-0.25814920673508,-0.110592889916123,-0.111744121381732,0.0647364607122708,-0.0501658020256793,0.18345096976358,-0.0391547549179513,-0.353024293015165,-0.317182413567893,-0.109994824923589,-0.106991949417269,-0.143571874754499,-0.189195034461821,-6.5494979916081e-05,-0.153136590199083,-0.00469472961907817,-0.224205216982296,-0.0949656699917081,-0.108197687940999,-0.104618444198635,0.142359444817554,0.0275948989070125,0.216793449748509,0.0807422186890886,-0.0799295426084691,-0.0879165863460961,-0.0715993755487738,0.146837017880943,0.133592673997667,-0.0617015616324757,-0.144200767702626,0.0196565722007511,0.0933737587608519,-0.118357981667424,-0.201668241924227,-0.169151087233618,0.0548119746027701,-0.181355395347897,-0.0485548513595064,-0.147292228740716,0.0800539007529411,-0.263808761903004,-0.135049889403136,-0.0468859269325577,0.0361097954145679,-0.0839638050312625,-0.143563126569473,0.0714931380831464,0.142941542551678,-0.354261378832974,-0.176363084832991,-0.183482085039848,-0.168756531645482,-0.049780006309864,-0.20514114787323,-0.314683401646876,-0.368827361479071,-0.42135421308328,-0.256964284802432,-0.320497592200388,-0.224058133794619
"外祖父-外孙子",0.065546805545769,0.289248265457686,-0.0307818845793423,0.0989469014226285,0.124287121225653,0.029096974757164,-0.0184850906031312,0.0803809677192744,-0.167626172638055,0.476802466466198,0.3579578637448,0.421735408019361,0.169909341555557,1,0.332329429569581,0.357632767192405,0.136976099317359,0.318546334182627,0.240252642138364,0.246595571277063,0.111390922252961,0.225850786750573,0.0761513180912941,0.212665896417144,0.209873568843971,0.256995810599682,0.0890495766074685,0.0143661048659792,-0.110478093036204,-0.178879779068382,0.126520444219251,-0.110504704004746,-0.155272149498607,-0.253963241391316,0.00500183497314045,0.0384345479294386,0.0742535159899299,-0.0813652389660695,0.185657381775649,0.0301063432175746,0.0978924196098319,-0.198926188152577,-0.0253925611981801,-0.0166847394628202,-0.0833478758801308,-0.0227489616998222,0.0765101049185605,-0.161642886252785,0.000557307485438216,-0.174562697691819,-0.0495074556462542,-0.35805144884219,0.0850965705136891,-0.185935711759168,-0.258548708160346,-0.191309909161229,-0.0494964407375566,-0.375033684424694,-0.0217303369824339,-0.231093922618011,-0.110323073260945,-0.355745803192148,-0.151068356778044,-0.321624127971681,-0.315388068746114,-0.112851151089122,0.136277144283735,0.184736881482914,0.115506629669339,0.258831193483614,0.1714809107691,0.0808361339724151,0.0901151156950702,0.0860792709250744,-0.0801017751557912,-0.113183599092658,-0.252902592262739,0.0066102685563603,0.0355291132363069,0.136301630178794,-0.100696755066825,-0.327577848517979,0.0868743983520164,0.209942861606945,0.123512066601755,0.26345020469461,0.0497015163650325,-0.0218098220925509,-0.00830401174675778,-0.0577288912068347,0.252437335318636,0.00869867554177007,0.236878623234096,0.0331656797184843,-0.188920996437367,0.278154706510223,0.190895021026012,-0.0555931994687822,-0.0202371704277283,0.271293892403252,0.138115152443616,-0.0434116661210649,-0.0439167083532248,-0.0194765055769955,-0.056142716521549,-0.140993093734069,-0.06018848069228,-0.0996129372778101,0.0102272762210408,-0.185223210300661,-0.0179248664659299,0.00812238601082443,0.0281095795539464,0.0266133935537649,0.0592396647237657,-0.256509725332781,-0.182556437367559,-0.131312948608288,-0.0210362058502244,-0.14086395561313,-0.0585881889167901,0.0160107169457795,-0.119268594301882,-0.0517243425924561,-0.0698657892159658,-0.186861080603418,0.00733742612471096,-0.0423280697344496,0.0624026856707147,-0.150895137835782,0.0341792741269178,-0.0514309731130843,-0.208102411090085,0.073886630063339,-0.142175983041753,-0.263015553242284,-0.266582801359459,-0.296074421340337,-0.295027659554489,-0.349897772410716,-0.336296683530607,-0.2707462063991
"外祖父-外孙女",0.182011614301007,0.302950517908501,0.375795854894074,0.359066180018912,0.31436823993988,-0.110820612651669,-0.0315216930946021,0.133959784142717,-0.0291253682438859,0.227757721570067,0.501285774190192,0.399533623222991,0.460111667487932,0.332329429569581,1,0.511327578028619,0.488904170814731,0.155424171746196,0.423456370452112,0.363465046496431,0.148744820637722,-0.0707937282812665,0.126758850071465,0.0437228832854252,0.232867744040572,0.047812381393103,-0.166272803372086,0.0979267432249799,-0.248601848556689,0.0490000569897538,-0.0634617565506111,-0.0318439479231527,0.00455621432260277,0.0201358172340526,-0.140995537472214,0.115978738004411,0.28503642970524,0.260988958758385,-0.0127782782097901,0.400330375044813,0.101847285531591,0.144051496769128,0.0426903215676932,0.173213477005616,-0.0527666605822063,0.0862587171485892,-0.0481948377349629,-0.16282021780663,-0.132938523904964,0.0158918380558144,-0.0864967089466389,-0.270573413894013,0.0526500558131025,0.108124068947592,-0.336464902275645,-0.227124179148952,-0.115533661023495,-0.19417343997411,-0.0688709849156227,-0.0312016979181034,-0.199261769022708,-0.238299214571452,-0.170708467036877,-0.109809803483183,-0.256947310559065,-0.00446054327208783,0.114754389574068,0.274688755095373,0.00656270318338334,0.194655241314245,-0.171189341436374,-0.0787255195864903,-0.0962813349567685,0.10739123294193,-0.122739344522297,-0.170310579758755,-0.258628309125056,0.0410913769446289,-0.00656098422461066,-0.142914086853767,-0.117820577743157,-0.291264462752245,0.031292094444238,-0.016094062114276,0.0348494171535552,-0.110020468749164,-0.0271882850704966,-0.183107788898208,-0.258852153339166,-0.301508135188112,-0.0213482976540255,-0.135571538149719,-0.214606552972844,-0.291286278415394,-0.131069099162724,-0.201439707093726,-0.0521955197764602,-0.295777469291383,-0.178955269404255,-0.0710036566893172,-0.0873553249328028,-0.0505099790603496,-0.0506407431729864,0.205828518823601,0.0301673464439974,-0.123093336131393,-0.128555821397315,0.0372957540904256,0.0985306373030205,0.0266320742706289,0.195814359583437,0.0552230412906066,0.0944932509537256,0.124154497494883,0.00218489779255097,-0.205766056765893,-0.148849877301121,-0.0353221722324236,-0.0248832450742794,-0.00706685842873915,-0.116711625825062,0.150737354047345,-0.152447290739375,0.0316285120801721,0.0575872258979616,0.0606622717521162,-0.110452770210833,-0.166386346275376,-0.04303447339899,0.0607390540910416,-0.213314976817252,-0.15740119096361,-0.191979968084684,-0.0734902210068391,-0.115120752598981,-0.347097422131125,-0.346030195984961,-0.237890550993293,-0.369861893069726,-0.260421126809844,-0.277746123689761,-0.167223534379977
"外祖母-外孙子",0.29480839601649,0.234858875104623,0.284885618473035,0.33506805618721,0.200218012969785,0.0526251516539849,0.0176297117366726,0.0970907308728586,0.12261011575773,0.46834877944537,0.620544193901466,0.508146586256213,0.411469130878875,0.357632767192405,0.511327578028619,1,0.478751602403356,0.338486074416167,0.489132676078154,0.423286302768249,0.293880167169702,0.0626601337131184,0.0812874281764415,0.143204054664892,0.267510766401528,0.171934229125567,-0.131330661952258,-0.164103650566684,-0.188097510873328,-0.104028766100112,-0.076257447169924,-0.147472864929383,-0.0478763900954968,-0.221854644888033,-0.124683379844169,0.148262308921708,0.363615667219186,0.188516618352182,-0.0443450954079928,0.195497231550431,0.15074774270187,-0.0819998563118386,-0.0677647329543275,-0.125667140717658,0.0142040412417459,0.116037786897872,0.0160985180500914,-0.27351002900542,-0.212945243248415,-0.0305040475220637,-0.0546556858110318,-0.42341351757077,-0.172437906069498,0.0571874696160251,-0.358761627213879,-0.115820462611171,-0.157969138177029,-0.255608102690771,-0.00893030650546744,-0.245147171236786,-0.239615329324402,-0.24540926381919,-0.259935763678382,-0.289320537440332,-0.325000766138767,-0.184484584921149,0.150295462186354,0.191280052024345,-0.0536200159041431,0.142431604670497,0.0405298244091989,0.0393955191944466,0.00465126864391628,0.0631149218218809,-0.00900492540108028,-0.186040974195493,-0.31095186934032,0.0513487149014138,0.102624844841669,-0.144686557249531,-0.0911758830673517,-0.212430055355056,0.13677131030671,0.00772471985131251,-0.0946830712323122,-0.0869303253195191,-0.16980151774976,-0.176696390287406,-0.120522723176757,-0.318393481251559,0.231916242476202,0.0355846268891318,-0.10820284591465,-0.332817258743355,-0.18624935086082,0.103877508006524,0.0257790666497985,-0.152177501715135,-0.131294297894034,-0.0364315426425864,0.154799679018815,0.0537428090044253,-0.107886303418485,-0.06799058028837,0.0332915420113682,-0.0443356504713413,-0.11455063899734,-0.197030452022643,0.0521319490007624,-0.0947334290098509,0.246170047132901,-0.124848252286996,0.101969939528886,-0.000945894806566362,0.0675350376853955,-0.0344193573423543,-0.152388068118974,-0.146278717599564,0.229336411673657,0.10732881414142,0.145526959216229,0.0766230400082104,-0.161413863340964,-0.179745293041606,-0.0229622324973045,-0.013264591223289,-0.103211552621766,-0.16863820822927,0.0237195234156836,-0.0825733210371863,-0.150250199760805,-0.0469967293928312,-0.380603929242784,-0.045808543694711,0.0111210951862163,-0.243244335893752,-0.410944989628961,-0.315480351019218,-0.300247286069092,-0.308028710432156,-0.243754736937181,-0.159516110540398
"外祖母-外孙女",0.166974366830196,0.233880052684974,0.281588267700315,0.287800446835957,0.41041622028197,-0.213085121169735,-0.0564359018586972,-0.0419153692289563,0.0489361211386719,0.0755278219561461,0.527090120815707,0.447092311183711,0.799881436682334,0.136976099317359,0.488904170814731,0.478751602403356,1,0.24147634668328,0.532285635239786,0.481785864710212,0.389379868201467,0.00599807422572627,0.3189276910555,-0.0396604532095046,0.396084278779065,0.0526729948040055,-0.223278239026252,0.00597204148046843,-0.161896180813152,0.135279531938326,-0.177860821857489,-0.133637854602027,-0.0633594735831756,0.144325089036334,-0.142367138961424,0.0474389295759493,0.213579814787434,0.324836971377551,-0.0393977503337654,0.19270145290411,0.114880455097463,0.372011180381471,0.156831610483929,0.257517123019504,-0.00224266880505579,0.26292771601943,-0.0458683575262747,-0.089326941713167,0.0145494356973666,0.17644640419715,-0.0743737168236686,-0.115790730403532,-0.0973503784841464,-0.00564609041298691,-0.301985031704154,-0.226371868713066,-0.171911486821923,-0.118174627993592,-0.238224186330952,-0.0749498386853694,-0.224412631183686,-0.0672849548942407,-0.206507836348499,-0.0603044428931946,-0.160721301477952,-0.0999611013981243,-0.000421554512005998,0.0480379657816097,-0.10720938765819,0.00230288544146721,-0.101939867999616,-0.0482692879459481,-0.0165716505682837,0.107288640083506,0.0756809691151438,-0.0560867644996534,-0.121939460322379,-0.053855846111619,0.0164397525846179,-0.124726004178297,-0.185369460289873,-0.198340702586934,-0.104646537792064,-0.20145950051959,0.0298756063418269,-0.0788900216550264,0.0903908350671941,-0.145608320684851,-0.333667563964617,-0.386194127052241,-0.040014458292133,-0.0565292581129409,-0.117052505248785,-0.183687716596836,0.0526057150528701,-0.113941549668465,0.0343262743809168,-0.137114852277706,-0.0832590225951393,-0.119438875158631,0.00598061748181856,0.194410264317601,0.00551285840641831,0.269929791773419,0.0894301575486055,-0.00103426134364774,-0.172360086236473,-0.0722258693000984,0.00646199334050352,0.069495456207364,0.0625830267592948,-0.0687270295984535,-0.0394472669059888,0.0331658309781411,-0.153394984488516,-0.149581693214526,-0.142032013152988,0.105101135763985,-0.066701341679175,-0.000843673638169705,-0.104604510908565,0.0126927128887187,-0.212313624732614,-0.178574929492273,-0.0802864928394372,0.122813023868607,-0.0850085197210839,-0.12098950812162,0.0511252653868764,0.189108703057365,-0.329312262168591,-0.179041954722095,-0.173537437157956,-0.213731526048045,-0.0236582814966109,-0.207778193201376,-0.398284864439318,-0.419712025358631,-0.451398466645501,-0.313902841155435,-0.358450944213372,-0.285246642060055
"曾祖父-曾孙子",0.0332380010876762,0.141548256574102,-0.126917495782434,-0.0269870093291888,-0.0749650913832449,0.0614944937662997,0.0415924479784664,-0.256837284301591,-0.0875035429376482,0.391904231136004,0.454011012346748,0.384983819138937,0.265313045278142,0.318546334182627,0.155424171746196,0.338486074416167,0.24147634668328,1,0.488660917321114,0.433314943443986,0.496734708139667,0.5757038496871,0.33936234189331,0.272560036801672,0.251579244327227,0.401846405455651,0.0425392609482647,-0.121480243323886,-0.0674719859736708,-0.106959043644076,0.187950872334012,-0.0686258869379937,-0.0275236122164869,-0.257869875888988,0.0275475003339873,-0.016567546384592,0.202200132435565,-0.0673007089847596,0.0782026445305702,-0.108051306945232,-0.0156438007882866,-0.245579495022107,-0.254212746597162,-0.283223768641384,-0.287415244631055,-0.16199625692153,0.0344062761978496,-0.143141483885803,-0.236739966909628,-0.259945805078752,0.0525003951550151,-0.247324312808602,-0.174830574194748,-0.147864329606699,-0.252813528099458,-0.0308284534137469,-0.18713850121369,-0.231338951185477,-0.135691951782656,-0.235208015800007,-0.0960482096259254,-0.129299640350405,-0.0952912395500188,-0.324609927185861,-0.142767025801113,-0.030132939401592,0.0385256600165703,0.0751277567119995,-0.0791758092008581,-0.0503194086985536,0.0261202190540869,0.131983507311971,-0.0240655839335089,-0.0128518358746964,-0.148147755627158,-0.0496885914407453,-0.149411238526007,-0.119913424301966,-0.144382374873572,-0.116314789964598,-0.0883590488657818,-0.182759835144083,0.252544664976204,0.26884850942405,0.0441044579928689,0.199253483185977,0.110302060140419,0.194546658606129,0.0841251321332715,0.0569296459261296,0.261429860517955,0.0446774311771197,0.225980913381571,-0.0270465162902597,-0.181538984995234,0.358715945325977,0.241318488301199,-0.0315345795732663,0.00221293307258278,0.106066611218258,0.204025213591841,0.139073126101373,0.0698995197468348,-0.110394191426778,0.00989801406324766,0.0650635780346537,0.0772464029467408,-0.170717110140122,0.0477035004954595,0.0426595842477877,-0.177599801375244,-0.217789696413036,-0.0723931483137026,-0.233005201220241,0.0412166656242678,-0.0701422523433518,-0.148789213471477,-0.165234283572587,0.140023749147496,-0.0418618065940503,0.0717579118228786,-0.206892701830632,0.149030975718153,-0.181853711909819,0.0314349303844415,-0.0471309164540373,0.00441037783544598,-0.098491845676025,0.0191873155176124,-0.250941075828556,-0.148232948315391,-0.249399409882616,-0.367200594325703,-0.287486451228713,-0.210384193128147,-0.266760731559909,-0.263009732754591,-0.274412249901107,-0.107711943453595,-0.242376641066118,-0.159458744285869,-0.121732615112951
"曾祖父-曾孙女",0.0435111650384247,0.129792854558297,0.0495055246490196,0.0567415429636668,0.173784731236868,-0.106628760557746,0.0202037399716895,-0.0753480089947765,0.0403991901210814,0.214919135476355,0.504293722294485,0.317259022019075,0.461508339278939,0.240252642138364,0.423456370452112,0.489132676078154,0.532285635239786,0.488660917321114,1,0.326577886941981,0.491590451075014,0.162212943997524,0.272571558321476,0.0880270949098118,0.295626955025057,0.214903113381836,-0.131788858029212,-0.0225480681989747,-0.182077326879461,0.0114120299978986,-0.0365100995363369,-0.203268478700965,-0.10679536594518,-0.0712363758500055,0.0971656180544893,0.134812439358524,0.282117142193226,0.273430320626348,-0.101283227942444,0.0812281918494803,0.178963387626146,0.0461678602862849,0.0368927363871306,-0.0482703814419785,-0.118176983605748,0.112683377545213,0.129055123571293,-0.177291968109972,-0.0493118121886282,0.0366741911203507,0.161676238274526,-0.185710429807783,-0.0476552630896311,0.212829595573599,-0.283144179054893,0.0468340969518284,-0.127331826317183,-0.274210151112634,-0.0659141216689807,-0.190286130963628,-0.096353760983615,-0.0301908387367957,-0.159196748466543,-0.0891441922909915,-0.163441489938276,0.0613657318096524,-0.0656251854336291,0.0557407174478408,-0.0772529981807676,-0.0605425974404267,0.0514668405086156,0.105745547049114,0.107710391250363,0.118199337022328,-0.0567640264940441,-0.115105473571727,-0.191110178139125,0.0971564350998486,0.0286713792773128,-0.182966185564995,-0.137716894851943,-0.149414398663384,-3.24625096050513e-05,-0.0134204377159717,-0.0438829158854781,0.0164919418882703,0.0968579544954055,-0.0703848692860246,-0.127446189800548,-0.269944359348631,0.217054582499855,0.16361182287149,0.0483300966960443,-0.120372495585008,-0.00691848291443813,0.128828045999536,0.164187116131288,-0.201162859515205,0.141532493975094,-0.0865791017791135,0.182318728903122,0.391439405242534,-0.00772305431706756,0.0337042403111974,-0.0627338632608924,-0.00625300359172981,-0.135350748248572,-0.152721763098051,-0.0358380088588082,0.107262601580563,-0.000757323724947306,-0.164619099868351,-0.0999813701945836,-0.0253715427634535,-0.0503046264670311,-0.0114486450633977,-0.0769557542615667,-0.00094689737603579,-0.08979358628818,-0.0956780180532042,-0.115864100182239,-0.212368305128965,-0.210835329331085,-0.256887091284334,-0.206261439748932,-0.0588163927573594,-0.115173606109749,-0.166627162577258,0.064909650432027,-0.0158341623167592,-0.300807995716555,-0.218310338167307,-0.251114660301542,-0.227681522090632,-0.212531202282897,-0.348683163281097,-0.340016789082652,-0.369019383058931,-0.319213458249818,-0.258461315808065,-0.284230316309878,-0.283340457307208
"曾祖母-曾孙子",0.0848356132375843,0.237115690975267,0.1831261350126,0.226408059116507,0.206595415572484,-0.137057999385396,-0.138882138064846,-0.165090595841002,-0.0476944917547188,0.144931066368648,0.463880498913172,0.38984731487603,0.405956713429144,0.246595571277063,0.363465046496431,0.423286302768249,0.481785864710212,0.433314943443986,0.326577886941981,1,0.477303434705291,0.25618765011746,0.343118759622216,0.0537291007075291,0.430482307241237,0.0602500701234984,-0.203779542730203,-0.25568074125787,-0.251741778159404,-0.102567595196421,-0.112117671538083,-0.153412858538137,-0.0700495888679852,-0.135260537552435,-0.0283511067134912,0.119713334113283,0.248445919611609,0.199646192425732,0.0748623387829142,0.203426556472262,0.206257891905253,0.127938377873758,0.0251173367753765,0.195231780280232,0.036061105642532,0.076787853516456,0.00814679215268122,-0.138522303010313,-0.0922205782499079,-0.0750442075618206,-0.110495207030113,-0.20308066388595,0.0112988915029535,-0.127106241441104,-0.164035723273496,-0.150996705215137,-0.0880100873539955,-0.115564421248295,-0.0759982500326202,-0.0509709390850271,-0.205461632526807,-0.196520386184633,-0.0925277500921606,-0.193849873786249,-0.136648655115489,-0.0124682991669061,0.0851437819095862,0.0644939859877446,0.0408650513091222,0.160724916544036,0.0428291394010835,0.0255529794767671,-0.0132742348537757,-0.105601489408209,0.059580997926937,-0.0670958177731005,-0.154028942507396,-0.0119512935672539,0.0913146874639728,-0.00618911074014607,-0.174538763981232,-0.186802673979366,0.0367441944911744,-0.0510685360921018,0.0384380118343679,0.131120591768988,0.0477964600814296,-0.00385802599924313,-0.1907450317197,-0.242150815868468,0.0624889928796969,-0.129145665620007,-0.0681620705201768,-0.192018646337397,-0.0806367489610957,0.0245352962602105,0.0719438747123954,-0.0890460418304932,-0.116907966932477,0.00155703305151979,0.137328824039113,0.0455365573548156,0.0211340550107356,0.167751705646304,0.213413620085225,0.0513977588232359,-0.0132918304699767,-0.0899760128727607,0.126085461224268,0.0257289692993113,-0.0810144656840162,-0.0592959843308042,0.00276763348347364,-0.143039916027403,-0.118397111105187,-0.0935946850366462,-0.17118076506915,-0.0158787966054129,0.029518645229133,-0.0455633735332749,-0.0949591907119314,-0.0669976264509476,-0.0919384661751959,-0.0964782007763883,-0.0735356090254927,-0.0480408857892772,-0.159250224405389,-0.174879300935458,-0.105815868845972,-0.089478616199427,-0.213598170311382,-0.203025792656788,-0.265483417789918,-0.122990709646478,-0.224138867996194,-0.273392803021169,-0.283537341924206,-0.272447625736064,-0.291348184876522,-0.297787633139799,-0.264785249030198,-0.276497109084516
"曾祖母-曾孙女",-0.0172950135463708,0.0218347442380582,-0.0169568255304867,-0.0644490856816522,-0.0437235043668794,-0.194944322052388,-0.0654836273981683,-0.185132469877337,0.0297978623628502,0.16823897170181,0.516733553371113,0.271550196369563,0.309043441588114,0.111390922252961,0.148744820637722,0.293880167169702,0.389379868201467,0.496734708139667,0.491590451075014,0.477303434705291,1,0.594343136951187,0.516234530423323,0.382593067465671,0.413058768655571,0.260605473289929,-0.0999092697031425,-0.233157032002297,-0.215979823215628,-0.0552006105481445,0.106685262739732,-0.169487391697784,-0.13523452312632,-0.155964567628062,0.0523103546170949,0.202416677981026,0.222404563587584,0.163059504421189,-0.154692436664228,-0.209643487676235,0.00159606084386182,-0.00724297432701311,-0.121056967472623,-0.0918300544856739,-0.0302446406556377,0.189494718719533,0.0694955638106385,0.0436893563449606,-0.0233431605178068,0.0612029213639521,0.117911733557586,-0.0220024025481514,-0.0187183005021101,0.111084651986367,-0.00290819829420038,0.141483132064265,0.047647254251031,0.0028016444737035,-0.131764095017484,-0.170954704434328,0.0667115404395445,0.0601597420623784,-0.042445762984111,-0.0125339614214882,-0.0341381563702366,0.0179649462132106,-0.199257463978288,-0.189261449237781,-0.214708473317362,-0.207428267654036,0.157602895514172,-0.0119324728634819,0.166969921389035,-0.0532232752301283,0.103672465899794,-0.122212071800304,-0.016976703943338,-0.0221079686910139,-0.0943399188490408,-0.138191896847842,-0.212734760844837,-0.103368441428805,-0.0228352971284614,0.00257290698871,-0.105283347328313,0.195657798211442,0.0848869568518898,0.0438460424424029,0.0302622313226309,-0.0842107909687043,0.279215468660501,0.236524718546956,0.200425774899406,0.0437613131244863,0.142987232607183,0.382115789302231,0.150567748517163,-0.0140421897432562,0.151392527441206,0.0206136741402188,0.361479307480236,0.244118905985961,0.0719472167024881,-0.105110546738614,-0.0648644648678102,0.143942840273925,-0.0702851421718398,-0.194864551670949,-0.180426888686892,0.0695558253024535,-0.282380761916713,-0.39978048588745,-0.299955154933301,-0.392482651656984,-0.170488641756809,0.0540297392155468,-0.160774737771369,-0.0678005010632761,0.014381713945917,-0.0913585193242777,0.007984543731336,-0.253551809705824,-0.0928717114554191,-0.290768060104199,-0.217889467015797,-0.188136943901569,-0.198356147436449,-0.208012642400086,-0.0707830010958621,-0.147903389432999,-0.199890135439338,-0.135996193714179,-0.225909573223736,-0.264318965135869,-0.225543572976023,-0.201538237054361,-0.0972592179125234,-0.233366450825891,-0.273591497997764,-0.223913812804113,-0.240166911811417,-0.211119927747867
"高祖父-玄孙",-0.0371423692719364,0.108302160221669,-0.151862843177744,-0.124576548649829,-0.190585358804334,0.077018598202943,0.0607698073983201,-0.193709576008966,-0.0598446644751501,0.322532119424754,0.322005355267786,0.152658126800409,-0.0108406735614966,0.225850786750573,-0.0707937282812665,0.0626601337131184,0.00599807422572627,0.5757038496871,0.162212943997524,0.25618765011746,0.594343136951187,1,0.549092305379617,0.423462922181596,0.247976500260896,0.412392485267223,0.0606112246635799,-0.223598695298087,-0.0789277712463066,-0.171331533581511,0.199853513431494,-0.101911604046474,-0.156012485806524,-0.357719599570223,-0.0434969920793718,-0.0120835735345252,0.0879044567981778,-0.169525582132719,0.0528219167700637,-0.198574234405042,-0.0375724134935398,-0.217869972051212,-0.298275064202396,-0.220003711226532,-0.0843501009355891,-0.0109528244329131,0.0533504501563817,0.0508665482553964,-0.0759977695074234,-0.21330661349563,0.0222146103187613,-0.0956582807815229,-0.0734239351573978,-0.158056905343372,0.00892489396243941,0.0749508900660546,-0.0652347933112816,-0.0823710604093327,-0.0741707323174613,-0.227557080344166,0.007686687112023,-0.138390128286757,-0.0943712960535146,-0.250231606536176,-0.148176475581309,-0.0122882477291234,-0.0814891701046236,-0.168561077235973,-0.158828338991553,-0.148137700283523,0.210425313306709,0.0314560668030053,0.0996559422486923,-0.130402369639463,0.0277161287954633,-0.0109918809484627,0.064699558332979,-0.117193992661179,-0.171212588287573,0.0584088350129302,-0.140173384237385,-0.128737930319026,0.110082491156346,0.153148682087105,-0.0438595970015795,0.289332305745911,0.00248980101995735,0.157094495364486,0.262151427818475,0.242816913335511,0.399898407210505,0.224301551125091,0.494033976181749,0.227829916154093,0.0112469702954363,0.517854785649676,0.259408870050258,0.0960441703690081,0.0266810479889362,0.270246611646577,0.347969189460876,0.0394273146865924,0.0501328811761231,-0.22139193111587,-0.120593850113737,0.0326454841011931,0.0283147424411496,-0.235878981843389,-0.222342903797167,-0.0986757055705018,-0.323585095082748,-0.296363458422107,-0.183456581749183,-0.388478886458786,-0.0749635070831969,-0.0196976193429739,-0.0986399607003004,-0.152027301645603,0.166358920751724,-0.0412852910483569,0.157321390479443,-0.180202429762095,0.143811567552824,-0.121012600463149,-0.0584307825930961,-0.180088093723484,0.0176599004990054,-0.093454834373576,-0.0732086778309865,-0.33044309274094,0.00266508715970672,-0.0539803746280586,-0.235837690217493,-0.125840956612137,-0.12149622666465,-0.17231800713605,-0.0865610158044409,-0.173895777604924,-0.0501227586839536,-0.206246747611291,-0.189249776667604,-0.158241506195106
"高祖母-玄孙",-0.081633364597032,0.0212050770144815,-0.0728030326807646,-0.0283760087437318,-0.0768883859728413,-0.210280937203575,-0.0722300683416381,-0.108996849506609,0.00128176961753078,0.127039152563197,0.352917013348078,0.197777251969062,0.306402838844502,0.0761513180912941,0.126758850071465,0.0812874281764415,0.3189276910555,0.33936234189331,0.272571558321476,0.343118759622216,0.516234530423323,0.549092305379617,1,0.321456774171716,0.563860381827917,0.255804754590762,-0.012152677046591,0.0749384684710586,-0.0337106151329636,0.134219521515437,-0.0112910481371082,0.0663984039765649,-0.00638823658830143,-0.0314727594024679,-0.110113579560287,0.0718206594627251,0.0564562103010494,0.108328936678671,-0.104048445333726,-0.0198236568519063,-0.162455370408304,0.0400797037236551,-0.184253423061532,0.0416286242754751,-0.152192426564931,0.120859699740663,-0.152034053482621,-0.07533594557196,-0.00740157655137378,-0.0596183907759698,-0.160030016806785,-0.0194928183270552,0.0648073438957946,-0.046344485593307,0.0209212987019201,-0.110234566399032,-0.0703790020857275,-0.0379415695879118,-0.378167415644273,-0.0819568233933435,-0.137262462408591,-0.047878838886093,-0.143310192136119,-0.111240760190617,-0.0859276626629852,-0.00835282789173826,-0.162304788441526,-0.0612278700008667,-0.205856450864375,-0.1352927951072,0.0832114897985538,-0.0519078856420018,0.14012295068835,-0.0722979385060315,-0.0592201077537442,-0.163071407722041,-0.0292233813952397,-0.214538342761737,-0.120967815321716,-0.0972431924978615,-0.0903070370844141,-0.210701807512319,-0.194533034985261,0.0966334153315502,0.222111361273012,0.368330018870318,0.30722221412225,0.281627314859907,-0.113673549753335,-0.0410092432905826,0.0263932202748547,0.0327074401743703,0.159422602922844,-0.0431493348947328,0.156477727644317,0.234622242876664,0.242972878956856,-0.0096785071245806,-0.0343609917275148,0.0954329145385566,0.0550826614686726,0.147478224564479,0.0662471898544574,0.0758146071570295,0.00339528408734066,-0.00370553844075178,0.124684488260931,0.0083946490524236,-0.0793065591696173,0.157374721275776,-0.325508162729511,-0.210151144388397,-0.0988272211816481,-0.182513307993869,-0.331835192244537,-0.106504991896898,-0.18112444935721,0.000526157689618207,-0.082855103288712,-0.00452290973633064,-0.0421383675971055,-0.0625458712270628,-0.104320672780894,-0.0665410547413509,-0.10016005630668,-0.123812414864732,-0.0976095920752777,-0.164294922897072,-0.0799116188988022,-0.189213061895656,-0.270134101155223,0.0337348566325987,-0.0499037477633889,-0.153782798374538,-0.205559642771791,-0.0998894324862035,-0.0126195156171869,-0.163617438592849,-0.167646149866638,-0.0726336643628989,-0.185102505857509,-0.116364924445886
"外曾祖父-外曾孙",-0.225800767181614,-0.141227437328885,-0.201714024633706,-0.171026706019599,-0.292828630338239,-0.0332974032526408,-0.0986697489616322,-0.102200328408845,-0.0457772909412758,0.265287594329922,0.139623003367482,0.0697667893953552,-0.0902123240012529,0.212665896417144,0.0437228832854252,0.143204054664892,-0.0396604532095046,0.272560036801672,0.0880270949098118,0.0537291007075291,0.382593067465671,0.423462922181596,0.321456774171716,1,0.324745509988344,0.226970429973757,0.076321790863678,-0.0789036911123588,0.0720461886173237,-0.0538877497419155,0.0941595020608766,-0.0633246273340426,-0.15251166257062,-0.213708939540735,0.0228412763568216,-0.00586282888321825,-0.031604717201793,-0.112480913733731,-0.0470320803921624,-0.297869912995808,-0.117330138068231,-0.186947784388092,-0.197362729281921,-0.243774947547451,-0.0405876602844168,0.0126567379789581,0.0470935199302102,0.117775829457426,-0.0587742082786306,0.0113203274566246,-0.0233436770271815,-0.0931869871728572,-0.18404587510814,-0.0712989251514668,0.0922131003262786,0.0638178670041603,0.00730231669431486,-0.11847954537695,-0.122638309922251,-0.104518483273534,0.0531587179211352,0.0252422921855071,0.0193709117338347,-0.0658475511185888,0.00333109073231847,0.136905732961822,-0.116257473896133,-0.0733481270251148,-0.215731655863745,-0.261644988202802,0.0955626445130132,0.0427968244476764,0.0714700321529597,0.0337814725769082,-0.073647086488022,-0.270230821416098,-0.0827098229181694,-0.225919785485503,-0.27267472149289,-0.103834228505913,-0.225383771260736,-0.152861460196832,-0.0929169089522643,0.203032901295868,0.0346726035175548,0.300495006637374,0.144830958966868,0.172154372713955,0.309462205376208,0.19788749906332,0.184104782078119,0.236157988016709,0.246189463150956,0.107369120139265,0.0152955053269914,0.471352635895777,0.272402335331126,0.145990603512793,0.0235797940236283,0.116588580973149,0.234210655173979,0.154897571992404,0.158317790510072,-0.0888103675767957,0.0745187479814369,0.152386667288255,0.208248928927323,-0.00117348198852953,-0.0120255941904595,0.0993143025621487,-0.191624232023079,-0.290964726324416,-0.148801024194465,-0.223219863980744,-0.0726022712762175,0.0224642730930524,-0.11307206779952,-0.114942028619464,0.0471934980829201,-0.0936717613869782,0.111050873700287,-0.225411560249697,0.00778792041445927,-0.132708918506138,-0.142754096455535,-0.24599747450644,-0.141763188146912,-0.201454741840854,-0.195710463748862,-0.347906709531154,0.103650988320568,0.0911664567587716,-0.0374900893455352,-0.148928690992413,0.0217031990985448,-0.0431782087954697,0.133808734690793,0.0478679404700202,0.0702062058130467,-0.0213693963204213,0.0412620544103697,-0.0225007215956581
"外曾祖母-外曾孙",-0.0745582343762151,0.102960838226557,-0.0140704917360336,0.173226209377809,0.167813543109012,-0.229975197350513,-0.0592033898300661,-0.0343707070036626,0.0299469637073271,0.13524472062823,0.283479466214026,0.260148957518929,0.328609811733295,0.209873568843971,0.232867744040572,0.267510766401528,0.396084278779065,0.251579244327227,0.295626955025057,0.430482307241237,0.413058768655571,0.247976500260896,0.563860381827917,0.324745509988344,1,0.0612419746117554,-0.0314691639103642,0.0738976669130462,0.0562492552896305,0.243691566444603,-0.0851887370291567,-0.0325636021877464,0.0233490279819808,0.0846750471673799,-0.00744314675362203,-0.0170566367044977,0.0149622073656211,0.1798630884978,-0.0199882507178447,0.0948593540116909,-0.0332639970953757,0.105982047171923,-0.0625038175079684,0.176800066723616,-0.105305068632187,0.0684076118773511,-0.144228593060642,-0.104305575759667,0.0418276106140265,0.0410669426412544,-0.208458073234262,-0.156654176625306,0.0936824275272411,-0.117038421156706,-0.251099028868273,-0.197322308148227,0.0357175424654448,-0.103065883828022,-0.304409479129988,-0.0824753270742844,-0.237558047135762,-0.183322639581961,-0.105843215111269,-0.243763494163203,-0.0828186067995575,0.0104565740049006,-0.00465736347310271,-0.0110606464825074,-0.0143743509014138,0.106862263591062,-0.0637883356677463,0.0182130107500193,-0.0780127480766936,-0.10142897285659,-0.0146345471201166,-0.178304906935871,-0.127925341873009,-0.232904135572138,-0.0735157588459463,-0.0703602639808945,-0.198087466404639,-0.302104155049999,-0.205525267865721,-0.0425272719048137,0.105774323848247,0.256727146256774,0.175274272080328,0.0223818809587598,-0.251211412593947,-0.210962716996218,-0.0963523500975629,-0.16682869147248,-0.0810134161936217,-0.180769579187735,-0.0602797346763554,0.0206924904782201,0.0699191384954101,-0.159413973225279,-0.17437188821195,0.0316213742213359,-0.0418497675292839,0.163413163705759,0.115448172495333,0.269664685743389,0.216786352368038,0.15404162758,0.287833598677645,0.173718371539586,0.204170291676591,0.275001850568664,-0.154445451935382,-0.038291681349292,0.010027293840848,-0.120124014967122,-0.118373780857508,-0.0599619764367098,0.0338727613908125,0.182201465063229,0.0507778734957019,0.0238931443842835,-0.000124048152354053,-0.0538727214786747,-0.280086280673642,-0.208028527318835,-0.140162912621811,-0.191330151469113,-0.222375421888846,-0.313399776849893,-0.0411930644547612,-0.180745986792817,-0.241425483816588,-0.136020300072062,-0.0238685123213847,-0.0710214079940124,-0.173608007113869,-0.117830732811832,-0.0869318418057268,-0.132366343364415,-0.219118655251713,-0.121404823224961,-0.325438789310014,-0.193179267595758
"祖先-后代",0.244436481230681,0.204455935166436,-0.106993848822726,0.106054441279138,0.0223999723921718,0.324244877355365,0.194239567129268,0.132288086504248,0.243186583620283,0.299260363097592,0.279072987484944,0.11387182748488,0.0837751413822485,0.256995810599682,0.047812381393103,0.171934229125567,0.0526729948040055,0.401846405455651,0.214903113381836,0.0602500701234984,0.260605473289929,0.412392485267223,0.255804754590762,0.226970429973757,0.0612419746117554,1,0.0136395197490884,-0.0878427997913916,0.0174859768106581,-0.00255708351824918,0.205674459928148,-0.0484357149163823,-0.0291880526417686,-0.247964113670675,-0.098095617652233,-0.140776090965134,0.00992888209413031,-0.237455386370574,0.0585073633987656,-0.129280975956078,-0.222145001631659,-0.339042613510224,-0.354289947396874,-0.293155028834222,-0.235462492017083,-0.166030239469755,-0.0356233999322408,-0.22092165145541,-0.341868406439091,-0.272909357368408,0.000321972709877556,-0.32776308170839,-0.238444316003611,-0.079729553193847,-0.242348187820052,-0.0644172083259204,-0.176776984725756,-0.157072499193576,-0.125023116881849,-0.152391747489493,-0.0874801671440609,-0.141636838051913,-0.0475119218848366,-0.3366799372187,-0.254292365246343,-0.00218371493185531,0.121053738205352,0.153403599561392,-0.196791483840076,-0.0115393823965595,-0.0501548522196524,-0.0268552143037651,-0.144518254309113,-0.176249824815506,-0.189319875441252,-0.284499722947194,-0.311829300726633,-0.262468007804118,-0.204738633726144,-0.246730415659759,0.0763103602854676,-0.107144571623703,0.34357828212337,0.40017296004921,0.0127343983357547,0.0416950109889192,0.0598987942545988,0.0973293216576519,0.0991523254884894,0.16314630822166,0.237454109269267,0.0456054974917974,0.336487819771155,0.135616357210423,-0.0521551638113527,0.201710045749809,0.0244919901769067,-0.0786043542731137,-0.132361957218291,0.115070122322175,-0.0278445440681883,0.0998284527543459,-0.222787076783804,-0.265508709921947,-0.234064890265655,0.0202975947876746,0.0125048561347241,-0.135537382497831,-0.0855667640623347,-0.0527512215263287,-0.0330424372246175,-0.159580959618427,-0.0452916744494437,-0.047494724656624,0.10256457997319,-0.189084432627396,-0.19819756263339,-0.229630541593731,0.131247341004142,-0.020575052830518,0.16072211434598,0.000983439138585027,0.318711276460821,0.0114548068754271,0.250358364873195,0.099513208686365,0.151411422995811,0.0210562112803998,0.158772030539456,-0.104114907477374,-0.0378838041662173,-0.0258386031564928,-0.348271667097276,-0.148432608536518,-0.0369190178829276,-0.139861646396677,-0.169250552268947,-0.181153791943528,-0.064041544971893,-0.164645424278254,-0.0124800779897605,0.0162221943381095
"伯父-侄子",-0.235932371811225,-0.0787386337960922,-0.163109702088211,-0.145157092609458,-0.268740176251431,-0.00534500901332869,-0.070946057311347,-0.0406853495449018,-0.153211472524529,0.080608515614851,-0.155357940001517,0.0423947438255824,-0.0994239025764476,0.0890495766074685,-0.166272803372086,-0.131330661952258,-0.223278239026252,0.0425392609482647,-0.131788858029212,-0.203779542730203,-0.0999092697031425,0.0606112246635799,-0.012152677046591,0.076321790863678,-0.0314691639103642,0.0136395197490884,1,0.445295938968034,0.350577413750121,0.25100283948875,0.516291192421403,0.354624088993528,0.302960251085468,0.134534990185856,0.492654605911407,0.241415900363491,0.168283734772885,0.0462802357748896,0.165287662163444,-0.174750063201527,-0.245921217418666,-0.0810253100763172,-0.0877748783371214,-0.103846018163306,-0.0657825500724859,-0.0733501556941225,-0.0257900606657661,0.0984184528255806,0.195200274824843,0.000336343450780994,0.0161309952944155,-0.0533586648008947,0.102555505475508,-0.0184704003744886,0.0768734881054933,-0.140338613288234,0.139932193315624,0.0780740080430374,-0.108819265518969,0.00760792868151568,0.0542295476630171,0.0346301017869153,0.171103316607327,-0.117571109620731,0.0781362013159487,-0.160869154786226,-0.089746772386553,-0.132954380771272,-0.21319257264441,-0.230671669559281,-0.0541107046706811,0.0130036044143364,0.103053408591959,0.23392828971664,-0.129056439076006,0.0169148855882986,-0.132445986212128,-0.130742818452834,-0.293531999229314,-0.038533231920065,-0.0972263557257434,-0.0215796131815956,-0.0654110474733259,0.284233580419064,0.126979299719997,0.274323333079133,0.0913268750077529,0.261984142443394,0.04062075002109,0.173525953516066,0.0233081386874075,0.0614463984894245,0.0693485287882864,0.0214460753257481,-0.26811279228869,0.154690151492695,0.0614662416148248,-0.00360817256742186,0.0459801762689562,0.204412004058144,-0.129236093000241,-0.156379762882915,0.076179856849719,-0.0319880772846588,-0.107472710800277,0.0116435396245124,0.182546443645654,0.0582923688835348,0.0790017548832957,-0.0501549572407831,-0.106021683870063,-0.0647640489319924,-0.186965997996785,-0.105795028001147,0.0377161565076949,-0.227783976385712,-0.0863285887254918,-0.23464410264031,-0.0893102967779452,-0.152349186347669,-0.037822329463036,-0.159512834516657,0.0221555614357042,-0.0567346939398304,-0.0202142065019758,-0.0923948284202712,0.128843082819435,0.017173332341388,-0.0370506272737428,-0.300911538104279,0.0775898001897993,-0.108406860515625,-0.0155721437087055,-0.0839187624116105,-0.0814723905694547,0.0363669450320692,0.106391359293339,0.0313193543026788,0.0550483429246343,-0.0518390152773142,0.000697832031881225,0.0356252977520977
"伯父-侄女",-0.224810152813477,-0.188467461294577,-0.0509003892406401,-0.139377100116609,-0.08080197468542,-0.144625033751851,0.0375253357662428,0.152746875049702,-0.0989894287013988,-0.0388397072796193,-0.0377997821876586,0.0941800773577066,0.109185250089946,0.0143661048659792,0.0979267432249799,-0.164103650566684,0.00597204148046843,-0.121480243323886,-0.0225480681989747,-0.25568074125787,-0.233157032002297,-0.223598695298087,0.0749384684710586,-0.0789036911123588,0.0738976669130462,-0.0878427997913916,0.445295938968034,1,0.231573307440968,0.475577283237305,0.180123092523344,0.49926746649789,0.338646834150236,0.456355750721516,0.200449122283005,0.176555625306113,0.0101611615090438,0.17528974383875,-0.0350859846914987,0.0665146970163483,-0.216408097570725,0.107152024890925,-0.0707581143620089,0.0961511678840907,-0.162707840183785,-0.0158172406888665,-0.149048606251219,0.00675303743645877,0.231272998133074,0.080290702671123,-0.234193708535804,0.0877192382306275,0.247805940006776,0.149643117873977,-0.0341499859439599,-0.162732550102846,0.170287601550004,0.0652887028899722,-0.211850220631837,0.153014279386878,-0.0656843102563642,0.110987787843599,0.0443953573831948,0.0341057389665268,0.0754269537716549,-0.0340474762143959,-0.058585290757641,0.00899801436435204,-0.0806104214043015,-0.0685066006946176,-0.276692708114342,-0.203811373382191,0.0555022767782163,0.192719843089283,-0.257444562949213,-0.152014147368155,-0.114720654207052,-0.155049953878184,-0.272581423911385,-0.153384424817337,-0.00686665971343921,-0.113827588072111,-0.216506699771716,0.144646242719778,0.311633577086814,0.0355157112367026,0.291866738976112,0.14925408735865,-0.227969485270849,-0.0517604533089197,-0.276729711430686,-0.186735766537535,-0.110744697054455,-0.0861840040937917,0.022107730498663,-0.239402219728557,-0.0621332122904811,-0.288447651084518,-0.101777119959912,-0.0883528029595683,-0.376124562208713,-0.101724267032386,-0.02293832235507,0.155816254833901,-0.0839795445302477,-0.0786268435331181,0.135239679976955,0.330967059083944,0.0797381782431523,0.0985954067985367,-0.0964143440336497,0.0876916936435981,-0.0672478574122612,0.178947217856506,-0.139945704547717,-0.284154100711207,-0.102245006203937,-0.0331084554823549,-0.151668654785093,0.0606116324372909,-0.100114567256655,0.122680572566729,-0.15463220935081,0.13970461286059,0.0331529326087298,-0.0378103015539024,-0.0470156934656823,-0.0358220359112026,-0.0611462810226944,-0.0275602471983021,-0.177818816482907,0.0270423046154228,0.219017388748833,-0.0439479146009261,-0.104061122997726,0.0773637419201355,0.126083466133895,0.135265397581132,-0.0449034871345472,0.0635984698440752,-0.0782575505022807,0.0926718524236245
"伯母-侄子",-0.198734027652024,-0.162655397633227,-0.210467293732891,-0.0848630977974797,-0.11305357346642,-0.103570859862075,-0.159234320059307,-0.107390151271979,-0.089559673649086,-0.0984816560251231,-0.309769145862632,-0.189275760259364,-0.121953921262378,-0.110478093036204,-0.248601848556689,-0.188097510873328,-0.161896180813152,-0.0674719859736708,-0.182077326879461,-0.251741778159404,-0.215979823215628,-0.0789277712463066,-0.0337106151329636,0.0720461886173237,0.0562492552896305,0.0174859768106581,0.350577413750121,0.231573307440968,1,0.421202182737764,0.168559037466405,0.102471324761497,0.216787258480564,0.232288874673263,0.294190981452399,0.0730640767733363,-0.0599543671816323,0.0421332270192351,0.108851628010651,-0.0798235972489604,-0.16419128674819,0.0357979926663001,-0.0459631078257494,-0.0813325288093385,-0.0281634279159951,-0.124530562853755,-0.24019200933721,-0.15175323503094,0.103417678197657,-0.103472652848828,-0.0189670552153797,-0.039329458138862,-0.120970990134952,-0.192720309812978,-0.0994693091393563,-0.133015608690743,0.0459178369028625,-0.0197697368283238,-0.143283736375151,-0.00292379561368266,0.127717282743472,0.166888582434247,0.210967283743646,-0.00932327260056471,0.299548012073924,-0.0223484396721434,-0.04714016067716,0.0470836670975853,-0.0766568882850527,-0.0417468292914947,-0.095569491124503,-0.0146156040778812,-0.1847083250339,-0.0134983831454518,-0.0544168724723088,-0.100629402961027,0.0672928713651872,-0.351946122152842,-0.176411777886179,-0.166618349805844,0.0273641026395215,0.232901150996516,-0.120137333573075,0.113403492625015,0.109721676803491,0.150635343412605,0.117373077663484,0.0790272973091018,-0.0790308891446247,0.0112703611789885,-0.250712711997588,0.0204995617586678,-0.173380217520959,-0.104548847213217,-0.252527981713358,0.0139913578892843,-0.0233297440135086,0.0648152537786957,-0.117119229218311,0.124227459300843,-0.202553163040365,-0.0180512646426623,0.0632174968622792,0.0274468206605152,0.0466675954982048,0.196545477346839,0.264875243517612,0.180631285784848,0.24541436164537,0.129832738865651,0.029075084261756,0.138209319808443,0.132009475118531,0.170529606742869,-0.0263990247529236,-0.128928914082462,0.0894990830880135,-0.0648170155230971,-0.0771115705448105,-0.0802245416097972,-0.0481590691276974,-0.149837343787094,-0.0318225290095953,-0.0549882758440371,0.0273605749911435,0.0988922729838195,0.315707788219983,0.231689201038033,0.233957354472164,0.00918279083916572,0.0208989414762014,0.00972988308963882,0.0803689693348731,0.0202157908504734,0.0134444585047042,0.130211800734958,0.114572670948015,0.00206549143928136,0.147253024732214,0.101309249658626,0.16363682009387,0.0755089544890867
"伯母-侄女",-0.257877188858302,-0.097438139406779,-0.0254467312093239,0.0657942250538254,0.137537862913755,-0.22657224915987,-0.0595815892343399,0.0682498318908113,0.0823242487607943,-0.144304492674925,-0.130412749251547,-0.0415302320663972,0.201925305926663,-0.178879779068382,0.0490000569897538,-0.104028766100112,0.135279531938326,-0.106959043644076,0.0114120299978986,-0.102567595196421,-0.0552006105481445,-0.171331533581511,0.134219521515437,-0.0538877497419155,0.243691566444603,-0.00255708351824918,0.25100283948875,0.475577283237305,0.421202182737764,1,0.0862335024653112,0.352092331817479,0.205160209675473,0.57991815648387,0.230135355629635,0.187550898698061,0.00810750132036367,0.343506195165762,0.0205679597657957,0.00385839893953179,-0.122100117209126,0.303642872189373,0.0930197539171988,0.166628407938571,-0.0404674681498153,-0.00262984298181925,-0.153934658779702,-0.0814859618118492,0.179624766410591,0.136907383845771,-0.104006986426557,0.0438638079303331,0.0453502942240951,0.071416867152187,-0.124950902348991,-0.172116002185282,0.0484017949669355,0.196477991255068,-0.194619248549173,0.190196548994005,-0.0577841155365304,0.0742212779297444,0.15503091952983,0.0397798306139301,0.194732353416749,-0.0209838590545984,-0.162139777013354,0.0712242058683885,-0.138535434835729,-0.00664161309258801,-0.240824100911672,-0.093546601904885,-0.184236497354877,0.0462168422860917,-0.106142569553968,-0.181906807345521,-0.086368053197791,-0.279618433706566,-0.238772553292187,-0.240944376052565,-0.0252139841706002,0.00440066698977231,-0.280046908274131,-0.0364169774597972,0.143650654517684,0.103979417461781,0.232417996734605,0.0971955945495186,-0.159389884353982,-0.052771247110128,-0.412719419018024,-0.108441417494088,-0.268689967781017,-0.136657483952991,-0.0653643515667951,-0.2901643606254,-0.199383179947683,-0.246392589450873,-0.211206265210988,-0.187249677666407,-0.353927174641256,0.0805844732021675,-0.129301279351793,0.0982339310938487,-0.0175402364854672,0.106701186043515,0.188736794656863,0.179011263228609,0.214764504844004,0.208437358644799,-0.0564278531814618,0.112035346248363,0.0573281774930661,0.237674724848235,-0.0436805393589949,-0.247023306395672,-0.0510709519691626,0.14718758114631,-0.191916030235433,-0.150108399099905,-0.173937861515968,-0.0699308687494348,-0.14821400051907,-0.0705107719326588,0.0153871655625625,-0.00907798650846336,0.08912001071098,-0.00975236242398223,0.0572231331287967,0.00119372160841791,-0.223714639118136,-0.0798900841579474,0.0171533400265495,-0.0661275271154607,-0.189929902405785,-0.00472301815747701,-0.0597023333736564,-0.0275313103421297,-0.0558075176066129,0.0823064263784951,0.0344552641550383,0.07729370838559
"叔父-侄子",-0.184508759292939,-0.0781275684416282,-0.232509620188574,-0.280301235417226,-0.349244843130542,0.0144081526408701,0.0160819593220608,-0.0400198825349565,-0.194253835820212,0.210800080144892,0.0962693407925198,0.0763729595062047,-0.0510481939407227,0.126520444219251,-0.0634617565506111,-0.076257447169924,-0.177860821857489,0.187950872334012,-0.0365100995363369,-0.112117671538083,0.106685262739732,0.199853513431494,-0.0112910481371082,0.0941595020608766,-0.0851887370291567,0.205674459928148,0.516291192421403,0.180123092523344,0.168559037466405,0.0862335024653112,1,0.473545784939068,0.412290451589315,0.127795318348576,0.456495634648047,0.147084357830568,0.1531142892148,-0.124310414171785,0.0573148633845243,-0.306610349980015,-0.241021958877715,-0.262814444981748,-0.242653672442798,-0.282906704794511,-0.261813477058604,-0.179186331145862,-0.0854296743941525,-0.0741981946076297,-0.041630710600383,-0.136468192498754,0.24333161900707,-0.0632045300556431,0.0612213157389357,-0.0373765079745895,0.101337239863577,0.18447173986294,0.277113223307251,0.165078892311191,-0.00990982208427358,0.0196158467202808,0.295802565593919,0.219500638986741,0.414080231621143,-0.0453555179589024,0.168024992744804,-0.12251713758382,-0.162210626408532,-0.128874845955504,-0.254253374909117,-0.206601142259464,-0.0368065545092737,-0.096188157193454,-0.0180750863056385,0.0167851299306139,-0.1896842965588,-0.123305094188885,-0.198510902229183,-0.119077952461523,-0.30434671420359,-0.126540011349474,0.16047855841278,0.159897649649128,0.227614800656797,0.401182546073775,0.144033704765374,0.169999217456549,0.173062266716458,0.357045429253062,0.109938709447792,0.258100219816347,0.107768175089081,0.0468068272867335,0.124936771455286,0.0591544813744509,-0.237138691374275,0.186007889714045,0.0427688766161517,-0.0292734362629996,-0.0284873870734785,0.111417094877099,-0.0254315854164637,-0.111448010740671,-0.130080801862598,-0.195985277344169,-0.14851791167058,0.237940764487598,0.314196448659606,0.0858487419531309,0.100949012436566,0.153875429698334,-0.0852112276803211,-0.148350444743136,-0.158400305748185,-0.162730192137234,0.0398079543259723,-0.364574334891608,-0.293533371840122,-0.472584551417247,-0.0924292276879018,-0.239183627863381,-0.151581501467307,-0.251191388078341,0.0206940040372657,-0.0994667331701553,-0.0937014877899151,-0.194378611472484,0.0822583018646312,0.0103805986196142,-0.127828215392422,-0.172482985408544,-0.0466240818458799,-0.312756613679379,-0.175801483389669,-0.253818927700162,-0.248439502646983,-0.0328292758704194,0.0645010706765695,0.148705953479853,-0.00975072906482335,-0.133180817457673,0.108041496431101,0.156440147200689
"叔父-侄女",-0.200692941473473,-0.154956748204785,-0.0526717349018827,-0.229365372472841,-0.24720160902483,-0.0327453789607164,0.0430191692333453,0.127983603903465,-0.0492113717932261,0.13148257713746,-0.0256206615236514,0.119336436504347,-0.010779692956621,-0.110504704004746,-0.0318439479231527,-0.147472864929383,-0.133637854602027,-0.0686258869379937,-0.203268478700965,-0.153412858538137,-0.169487391697784,-0.101911604046474,0.0663984039765649,-0.0633246273340426,-0.0325636021877464,-0.0484357149163823,0.354624088993528,0.49926746649789,0.102471324761497,0.352092331817479,0.473545784939068,1,0.43651470752617,0.455666978232322,0.159417696321252,0.0965138917886905,0.0708053944667377,0.0014887995193105,-0.0703970502075261,-0.0170650322866386,-0.295065817180173,-0.160381794442502,-0.131018684547121,-0.110185241311635,-0.194833059503839,-0.0852784575877458,-0.111535865877411,-0.00571269294949479,-0.0270410760914916,0.0746131256443038,-0.248985484559854,-0.00964842042006072,0.112921479126242,0.0994499644901106,0.168236214690718,0.0418083715917256,0.082818182054324,0.315338618880652,-0.117253384919668,0.148147655843072,0.0036135204015502,0.0776893062593533,0.144234142973828,-0.089320569930081,0.0923555507568388,-0.0430190670923812,-0.06161875636028,0.00909760357118873,-0.0685586236049949,-0.0392301476454897,-0.230503611250967,-0.229141843152653,-0.0543334960398216,0.088272009315121,-0.34247901080709,-0.200958912936642,-0.180608323597412,-0.0939008420965791,-0.18732123237399,-0.0946909380232906,0.152622604339765,-0.0585430050529039,-0.0379279381975312,0.243816442349407,0.228629774273187,0.0741453473721529,0.204602816678818,0.405450889645409,0.0723632018802914,0.215958262213652,-0.178848224345571,-0.177337327266134,-0.0291666616144124,-0.0492954927434987,0.0454589708981657,-0.238820532146513,0.0273542134273915,-0.255627823903569,-0.160026110611695,-0.18019810100054,-0.298192760096076,-0.108019697670718,-0.0939557601099497,-0.0626432328068424,-0.00394232717681815,0.0245154197944338,0.233413679179876,0.24931839871733,0.137633180773426,0.256640318494434,-0.119271347303355,0.0665475162859903,0.0424111748092963,0.0568052229570608,-0.0899617015767148,-0.260486295862859,-0.262405880154233,-0.0993658704582252,-0.0943914351003768,0.0061774735322019,-0.0840597704637918,0.0568290267902877,-0.00838908716814602,0.296671760414576,0.026472058947651,-0.185589631119847,-0.0887050696525741,-0.115249514342385,-0.29335577385994,-0.165710989108941,-0.277600751504421,-0.136489909880235,-0.0697969876336628,-0.192136271164682,-0.230875572553215,0.0230215265149867,-0.000985412907517247,0.182042301161441,0.0435344378933188,0.0730331605419005,0.0661749455138849,0.242468575434767
"叔母-侄子",-0.0371378121012248,-0.154140144788012,-0.0871434311788371,-0.0731961503814241,-0.226942949803172,-0.0781155646602322,-0.0773313939837463,0.0696027080572444,-0.0384974182496098,-0.0192218477721156,-0.0368778704068676,0.0827136388163273,0.0602593111627917,-0.155272149498607,0.00455621432260277,-0.0478763900954968,-0.0633594735831756,-0.0275236122164869,-0.10679536594518,-0.0700495888679852,-0.13523452312632,-0.156012485806524,-0.00638823658830143,-0.15251166257062,0.0233490279819808,-0.0291880526417686,0.302960251085468,0.338646834150236,0.216787258480564,0.205160209675473,0.412290451589315,0.43651470752617,1,0.427137895050141,0.397682985187782,0.161204543299412,0.179761617025134,0.0679875523208454,-0.0360802046589398,-0.0473318250720079,-0.235509111750765,-0.0294820013454381,-0.114881104123421,-0.0964915060738736,-0.273210861517494,-0.230958789483476,-0.273079204722434,-0.146652975692627,-0.111386522419608,-0.137348371838681,-0.115243903657861,-0.0426472132566844,0.117759331454127,0.108295139957318,0.00438756598064263,0.0184124451360077,0.213912322545876,0.267267731331911,-0.0821742463176671,0.0887834495333553,0.0973050234796889,0.227646898356197,0.386913556032118,0.0362650231956919,0.155459494793682,-0.120150429964479,0.0616408130383819,0.020846460923734,-0.143682197953633,-0.0606171710777595,-0.215253557804894,-0.102245828191213,-0.0698329543914483,0.114661903161089,-0.0734564559705787,-0.107457140249797,-0.193380633046035,-0.0894321318515265,-0.203587950008525,-0.177778155873689,0.322779136709909,0.258735305935738,0.186801019844021,0.345341049473596,0.170989575573793,-0.0297845548273529,0.112099595842912,0.223295601049665,-0.173156610261319,0.0215742695999785,-0.247771150001554,-0.182865865495424,-0.217413898338614,-0.304950031180234,-0.190952161396066,-0.230578428486123,-0.0740144996204027,-0.0372419921008829,-0.0434902948942199,0.0400964329384379,-0.318182589138127,-0.115833541421675,-0.0240504020919699,0.0493455617185721,0.0643204590541723,0.225440983536414,0.387474979785458,0.274661839196638,0.337379038243331,0.328867695051377,-0.0424182794751322,-0.00280935888190478,0.0217294716678311,0.057253590749688,-0.0298850369253576,-0.227067085069038,-0.21733365660135,-0.29639048227006,-0.142709160650206,-0.153877859086722,-0.179659631412249,-0.084551575580245,-0.157336501564207,-0.104192115490854,0.00327446283810453,-0.130618120293273,-0.105882571543669,-0.159400535539533,-0.166286560401707,-0.0423069744343348,-0.297606313216944,-0.218623028985792,-0.0586357395445619,-0.245171065007085,-0.191597153054503,-0.0407251380506277,0.122058267064406,0.144107637129626,0.0992759291274581,0.0208257070451116,0.130173210685374,0.225393941705927
"叔母-侄女",-0.27743276570466,-0.261626661899727,-0.0918818015941877,-0.143470826908665,0.0312592729608132,-0.236302088834691,-0.161126453443279,0.137139015010412,0.0157424827619937,-0.163025163451495,-0.238447137888018,-0.0350442867317513,0.209553805087761,-0.253963241391316,0.0201358172340526,-0.221854644888033,0.144325089036334,-0.257869875888988,-0.0712363758500055,-0.135260537552435,-0.155964567628062,-0.357719599570223,-0.0314727594024679,-0.213708939540735,0.0846750471673799,-0.247964113670675,0.134534990185856,0.456355750721516,0.232288874673263,0.57991815648387,0.127795318348576,0.455666978232322,0.427137895050141,1,0.34969693054036,0.125419298131003,-0.0526376506684617,0.338163188124474,-0.057836729844172,-0.0837496102763096,-0.1023520809395,0.354502115384592,0.215650447266795,0.229254031363105,-0.0246189730018773,0.044563175068699,-0.0987360681747598,0.0916662881307927,0.224129466910311,0.332598275636649,-0.11286745707021,0.159033641381689,0.180666576816486,0.2414737787545,0.103319756481709,0.00397789885566077,0.23658326197641,0.372003500714909,-0.0381190448058559,0.215521042648199,0.147957208501473,0.342170040878221,0.334272499049249,0.295968886321961,0.338103761303356,0.0145646572667388,-0.172735815962966,-0.133010209285422,-0.146291934283721,-0.151199494049596,-0.354117693050025,-0.227250165573877,-0.202533373348611,0.0767502825444456,-0.0876530866234817,-0.052534431438636,-0.0127594822140064,-0.200098954150303,-0.234219922396338,-0.200690746150906,0.150631620898107,0.138031073401967,-0.234487686494951,0.00394249390733849,0.170362638444291,-0.0317359384310256,0.28018950180645,0.213627064579865,-0.136863558354898,0.0100544162547861,-0.399699080543597,-0.144765142024198,-0.24172980510506,-0.00749656816904567,0.0808457579822036,-0.394228887328168,-0.184692593202385,-0.284634009685339,-0.0910371939149669,-0.353739390981901,-0.2812302327668,0.0610051282138008,-0.0289896016623948,0.190998831247776,-0.0281017121006893,0.096669342016441,0.192399827271106,0.299591052679441,0.321503425327038,0.403964182729998,-0.0933401423455265,0.0665540050609163,-0.0763459973020399,0.182827225061893,-0.0511689166552521,-0.286367317528187,-0.141787494470987,0.143797326861264,-0.377406564170441,-0.268686329500497,-0.347861738942926,-0.133262389021568,-0.350505417848026,-0.0877932684759341,-0.207287335024852,-0.186639900759262,-0.0956744360968039,-0.131171093062707,-0.205774950482509,0.100351931194256,-0.239314574051717,-0.18076324311816,0.119791113268447,-0.17816395788686,-0.122551877751876,0.148864711754278,0.0657296155938377,0.164199314994122,-0.0460772513780364,0.107390456978474,0.0727670018243064,0.155780671181793
"姑父-侄子",-0.39395604469854,-0.249910040314004,-0.320398250010266,-0.255539145101295,-0.211147351674639,-0.158766460860848,-0.228682493961781,-0.109371421909118,-0.0994895091626006,-0.0572115012515193,-0.146650943890021,-0.101470991269,-0.0458140819325925,0.00500183497314045,-0.140995537472214,-0.124683379844169,-0.142367138961424,0.0275475003339873,0.0971656180544893,-0.0283511067134912,0.0523103546170949,-0.0434969920793718,-0.110113579560287,0.0228412763568216,-0.00744314675362203,-0.098095617652233,0.492654605911407,0.200449122283005,0.294190981452399,0.230135355629635,0.456495634648047,0.159417696321252,0.397682985187782,0.34969693054036,1,0.415749430619157,0.177997040266323,0.34385245915361,0.166914349308928,-0.220303926809803,0.010612436713975,0.0793681621207053,0.103984856891997,-0.0535396451136118,-0.0998131284313488,-0.0606736831281944,0.0673263060869326,-0.0186331499744388,0.181790451218097,0.0406372772528556,0.217970937803259,0.0959949973637203,0.204508028177144,0.253954042152746,0.129279912689014,0.165872309584886,0.419462967252478,0.211998553495687,0.115876056633105,0.0341547824141801,0.365714861297693,0.310048558011783,0.404774198568286,0.178609749572061,0.271537566303859,0.0373637096482454,-0.20548142502549,-0.167069814334674,-0.234892264844969,-0.259654367491773,-0.0723253156469653,0.0483277441958009,-0.0802928391928417,0.122899356735524,-0.00150515067126368,-0.0313969560678327,-0.00132359453243056,-0.108404361601771,-0.235067719999048,-0.0835697752817672,0.0569023832304695,0.23898239374092,-0.0706143486351571,0.143565448409233,-0.0904336145000328,0.0946812856925525,0.0657715519875947,0.24691112733967,-0.0199455672112477,0.105739657498286,-0.0806243691177045,0.175406236749038,-0.0347919267453858,-0.0181361192257309,-0.250412198635296,0.0144338559807359,-0.0915671506625026,-0.00631556989658322,0.190460981473884,0.0281120561223865,0.0240041527373802,0.222217795412991,0.0156254721389805,-0.0887272042857362,-0.0948496043886834,0.144914385881867,0.240325409308193,0.0619935146350633,0.197348072232602,0.194173866228066,-0.165796875103386,-0.161185868102938,-0.172046911397738,-0.0463225303662571,0.117736106132211,-0.209714425728246,-0.0828143104813484,-0.171489388138836,-0.235440798528511,-0.39002374424521,-0.286587185488497,-0.409523665977681,-0.187675949094386,-0.307985061756141,-0.220640618743253,-0.264192415752155,0.0469659310667877,-0.0576928256164191,-0.0448453847466089,-0.134442507938366,-0.123380964980433,-0.274699771370661,-0.100637265797531,-0.192118779423084,-0.286036998508749,-0.0531544272465576,0.117744322063902,0.102286952831465,0.0355611708410214,-0.041030115596915,0.0584473196174772,0.00481110369388859
"姑父-侄女",-0.0748370551768179,-0.0735952747109961,-0.000282839916702665,-0.0356496505435814,-0.122831379506442,-0.234791292765839,-0.248129487538737,-0.089798626309284,-0.110667086931357,-0.0853844300542487,0.262884648303838,-0.0201875884895765,0.103613168480272,0.0384345479294386,0.115978738004411,0.148262308921708,0.0474389295759493,-0.016567546384592,0.134812439358524,0.119713334113283,0.202416677981026,-0.0120835735345252,0.0718206594627251,-0.00586282888321825,-0.0170566367044977,-0.140776090965134,0.241415900363491,0.176555625306113,0.0730640767733363,0.187550898698061,0.147084357830568,0.0965138917886905,0.161204543299412,0.125419298131003,0.415749430619157,1,0.432864045154872,0.630600375624126,0.13558848380866,0.180750604456047,0.227649108596332,0.162937597312235,0.177258023230865,0.0154777179230747,0.23471497771729,0.268033503814205,0.0786929696538074,-0.0733565588323196,0.133853811727508,0.144672315251081,0.198304865634072,0.00148176778927908,0.229530758428105,0.232118766041015,0.0955634542475207,0.0912686552679406,0.171422101621079,0.0963933272130711,0.0638124380562087,-0.119022765186913,0.129190599885275,0.130100827177291,-0.0336140343742599,0.140092970311304,0.111504141109173,0.00495249571308987,-0.0338635829979277,-0.084223287563207,-0.0849317340311033,-0.0480375678709959,0.269110873174342,0.0781874296775929,0.278893282185273,0.285080264463465,0.159173662506376,0.0005311975786517,0.00901083349862313,0.173642185238663,0.0933396351848987,-0.0318307114509793,-0.109798547300912,0.201385713244355,-0.0729034399281556,-0.074391371038972,-0.1613965938168,0.0994383334202571,-0.131333162642652,0.00545239186413467,-0.200135972822726,-0.227395862726127,0.11793725007205,0.259287463499099,-0.0479909348591341,-0.252455716419668,0.0364787065743967,0.0562709745968978,0.0531106664081245,0.141218955075589,0.278760838483488,0.153219880083047,0.202189352548475,-0.0158035496724656,-0.110828027268247,-0.181455329678144,-0.21450640795371,-0.119643111300801,-0.196237659250786,-0.192596941755481,-0.223657239618856,-0.19592347354318,-0.151463485464249,-0.251104020883111,-0.119612951781352,-0.0890749822433821,-0.169684332627102,-0.090269896548757,-0.14574601046687,-0.178664486068881,-0.128701799721751,-0.207795554717455,-0.16320477557666,-0.107015898595392,-0.241818511465761,-0.165227895770182,-0.18016962078064,-0.0885212690121849,-0.035618715107485,0.00587270441671761,-0.0162356963548817,-0.0669260352732252,-0.228452052411934,-0.0634735603440657,-0.127127743717509,-0.0561360772596066,-0.305833845130778,-0.179360687523939,-0.117109784286415,-0.244586155292081,-0.30612964390814,-0.265470820684862,-0.175050629815931,-0.126911635996368
"姑母-侄子",0.0484016194901514,0.08860449530431,0.169431735971474,0.067370251895454,-0.0286888732416351,-0.0271734286970823,-0.0373154062162868,-0.0646319376991944,0.0213057522400902,0.0597651562713659,0.437007386064771,0.224135700754746,0.203934768678362,0.0742535159899299,0.28503642970524,0.363615667219186,0.213579814787434,0.202200132435565,0.282117142193226,0.248445919611609,0.222404563587584,0.0879044567981778,0.0564562103010494,-0.031604717201793,0.0149622073656211,0.00992888209413031,0.168283734772885,0.0101611615090438,-0.0599543671816323,0.00810750132036367,0.1531142892148,0.0708053944667377,0.179761617025134,-0.0526376506684617,0.177997040266323,0.432864045154872,1,0.467684293176255,0.207684182349067,0.237073185601093,0.353203146856255,0.151311494715596,0.108111892888965,-0.0957854941335312,0.209120379981891,0.273425283122079,0.215124419636006,0.0187574028452661,0.0374677347483414,0.0736665113521922,0.0677587011228906,-0.187040843008121,-0.0501569050476418,0.154444905679757,-0.0374559909034423,0.0427054643160284,-0.0646772575807797,-0.0146249640772548,0.0954988785127973,-0.17638905422701,-0.224785585926724,-0.155299417346361,-0.327565424267508,-0.0938138466166846,-0.207050047673445,0.0746595106113542,0.0940155595555153,0.0922853722430239,0.0212457917461019,-0.0130905194764886,0.24521188128247,0.107699014524628,0.273767586994636,0.202727585304481,0.0624667447876957,0.0976190904188511,0.0185145033233006,0.354272347351376,0.14817429530325,0.0852253716438552,-0.0648212975725819,-0.0407142397190298,0.187791032506583,-0.0603489384620841,-0.311902160306163,-0.0863120438087269,-0.288162586479984,0.0119243007088908,-0.108080059788125,-0.2377085399026,0.396444669710601,0.259730775008021,0.0955210559142252,-0.20628733607508,0.0293248469228977,0.0879923376610318,0.189392502177115,-0.0340657148268249,0.139341244614194,0.171390533928354,0.322444112247026,0.0827931701864036,-0.185493901654473,-0.216913818132709,-0.223601919588674,-0.255974580166793,-0.362212132734652,-0.430018517897012,-0.236635286195799,-0.337110045360855,-0.103401702215304,-0.268024774418764,-0.131020710980929,-0.103664129627656,-0.0764920599029177,-0.0553122566496405,-0.140953610504321,-0.141449652241423,0.116203210020931,-0.0470396971667037,0.0228017730326712,-0.067410383000807,0.014756613712279,-0.0740798204741816,-0.0236718687454933,0.0288405960984263,-0.0864211915980664,-0.0749499957323752,-0.00346362589997961,-0.0568138241074272,-0.28648877113256,-0.173858836330459,-0.369881415767999,-0.210805525370218,-0.246326657903892,-0.374528189623751,-0.432118004473778,-0.302249930830277,-0.437138454247166,-0.434815636815731,-0.420377935739039,-0.25067092266021
"姑母-侄女",-0.0882009803659273,-0.0778554310531804,0.124682339291055,0.100100902006082,0.203636982953645,-0.229718049834295,-0.271221455990643,-0.0103856310096978,0.0647557121870746,-0.221467953879836,0.240547422947193,-0.0022115701328931,0.30941567699774,-0.0813652389660695,0.260988958758385,0.188516618352182,0.324836971377551,-0.0673007089847596,0.273430320626348,0.199646192425732,0.163059504421189,-0.169525582132719,0.108328936678671,-0.112480913733731,0.1798630884978,-0.237455386370574,0.0462802357748896,0.17528974383875,0.0421332270192351,0.343506195165762,-0.124310414171785,0.0014887995193105,0.0679875523208454,0.338163188124474,0.34385245915361,0.630600375624126,0.467684293176255,1,0.0817453979545987,0.308699227622654,0.270358316308505,0.396018655608055,0.266379798260571,0.13659700164032,0.180654983490638,0.382301146901837,0.134003669329941,-0.0891116377271664,0.181577311821928,0.238787954910549,0.0374358392547162,0.021656823237496,0.159423789761127,0.358918282416695,-0.0884738888452299,0.00767239479879923,0.147476455750888,0.143027119476187,-0.0276587120368403,-0.101621035002984,0.00249641221978299,0.127110350439549,-0.149795217418351,0.232959873353276,0.0616231034251915,0.0741273844212706,-0.147478870173717,-0.0458503073351993,-0.107825879423169,-0.0136491513018254,0.0417633273249441,-0.0150963053737486,0.039522221949582,0.197288253720293,0.159773981556145,-0.0012360485498087,0.099901949036321,0.133316247139659,0.223069849939991,-0.0842072498527166,-0.0594140756503993,0.0377524753863555,-0.195509120686893,-0.332146427351501,-0.29273363236749,-0.132792469559626,-0.166863927678883,-0.0683223454472977,-0.325493426505869,-0.360171757184032,-0.00388205513673992,0.126291453507421,-0.182207037446997,-0.283529914501006,0.113493910223201,-0.159950076222323,-0.0962734815999206,-0.0519447006941665,0.198568526989113,-0.0888247597330063,0.0804641200782525,0.155868808977204,-0.0965060059255055,-0.0131787025363612,-0.183997772275221,-0.191973251638373,-0.26436456437262,-0.177774795320076,-0.0974212523013783,-0.0481106495097078,-0.0530815277833697,-0.122161293648026,-0.00221247110667797,0.0807702394577657,-0.0807253072874911,-0.00362687800102136,-0.0234119362717231,0.0865527189593096,-0.128336798881059,-0.104408242917928,-0.174624475176312,-0.0300255724766052,-0.320125436998603,-0.218863918365822,-0.201825551046224,-0.0400752291464309,-0.0596090719653476,-0.065491259277176,0.0344866130479851,0.0972880796697648,-0.283406020606615,0.00610492737044294,-0.0514400148383528,-0.0137699617259862,-0.285058584310047,-0.127980524774401,-0.194511493024539,-0.237028372541011,-0.357565836070905,-0.184532294167904,-0.220834582202374,-0.171371814220157
"舅父-外甥",-0.132448989274049,0.250323561499823,-0.070316168347367,0.0715675005982064,0.0134848686989659,0.0735157928629643,-0.116165619817584,-0.0386913292740522,-0.195348746770479,0.00297354986468768,-0.0676814017630881,-0.0293127943571007,-0.0242056775913714,0.185657381775649,-0.0127782782097901,-0.0443450954079928,-0.0393977503337654,0.0782026445305702,-0.101283227942444,0.0748623387829142,-0.154692436664228,0.0528219167700637,-0.104048445333726,-0.0470320803921624,-0.0199882507178447,0.0585073633987656,0.165287662163444,-0.0350859846914987,0.108851628010651,0.0205679597657957,0.0573148633845243,-0.0703970502075261,-0.0360802046589398,-0.057836729844172,0.166914349308928,0.13558848380866,0.207684182349067,0.0817453979545987,1,0.27406335525703,0.447441865072082,0.270078271752014,0.48307791374094,0.221019261273847,0.322826746652209,0.154859928016682,0.190794060202821,0.0372631634456176,0.00227119609271434,0.0196329969568249,0.104848918408963,-0.120745269664616,0.0390487040206669,-0.21105195809867,0.0311884145445117,-0.21203705071523,-0.100727043339497,-0.192289777723299,0.293420428720433,-0.0530102872307952,-0.0278850144091287,-0.160589590552405,-0.0845571621147464,-0.192975381083054,-0.0720102706722646,0.122463548829829,0.301554473259334,0.148534613126206,0.101455221083758,0.044024946234237,0.263771845890343,0.353803337691398,-0.0872424158646885,0.204159444271068,0.120190804761065,0.175569489252003,0.0331106780790553,-0.065294154293237,-0.093311137154194,0.290989179128834,-0.146830679073633,0.0112098598348633,0.0369625462494897,-0.0491638039476929,-0.16924513093442,0.00418028650175872,-0.235481806113947,-0.0482775311795327,0.0404667946172014,0.085921324552673,0.0575118992057259,0.179036523554,0.107169977332073,0.0980228912016184,-0.27979052852734,-0.0354842040265341,0.0815511692711401,0.12200212670004,0.0389767246495249,0.265497616596382,0.277526537337227,0.0230013118991614,-0.0855730581392539,-0.037542897608724,-0.0455843796203603,-0.236906814474534,-0.150662154401945,-0.216750190399588,-0.105320670070808,-0.304603086265247,-0.141712076141932,-0.0401337395130395,-0.174519434596854,0.0116972907655856,0.0224516186224806,-0.296571358145133,-0.116448868077799,-0.0168800304484614,0.0123723560772911,-0.177821062199633,-0.0713278367446788,-0.10582210486075,0.169327310152083,0.0649879924733285,-0.0223661638884967,0.0487981289185096,0.252654268895711,0.127513420720098,-0.00891367470774418,-0.101024776031005,0.00135880571947599,-0.310847640912677,-0.232351760276344,-0.0699815992192606,-0.0592287433500857,-0.239501300439855,-0.29173766009912,-0.221498968205846,-0.199084784330204,-0.341271767573192,-0.271447481573357,-0.21886885306873
"舅父-外甥女",0.156053419728256,0.282568529953646,0.427694369240743,0.34091744515828,0.296123225710635,0.0115170004395965,-0.0357398193109148,0.027582603814081,-0.0113625348126172,-0.147389603446378,0.183126963508277,-0.00738445061338916,0.112787059349076,0.0301063432175746,0.400330375044813,0.195497231550431,0.19270145290411,-0.108051306945232,0.0812281918494803,0.203426556472262,-0.209643487676235,-0.198574234405042,-0.0198236568519063,-0.297869912995808,0.0948593540116909,-0.129280975956078,-0.174750063201527,0.0665146970163483,-0.0798235972489604,0.00385839893953179,-0.306610349980015,-0.0170650322866386,-0.0473318250720079,-0.0837496102763096,-0.220303926809803,0.180750604456047,0.237073185601093,0.308699227622654,0.27406335525703,1,0.406479952730666,0.287336570818182,0.219932361816657,0.339814438078684,0.291527504538132,0.265183243352194,-0.0574980792064232,-0.285476181718113,-0.106803240940547,-0.120893830896002,-0.0736716076173634,-0.160410654078335,0.0971606915179934,-0.0431576503880767,-0.306932831605678,-0.25669779351667,-0.215328817202761,-0.155752141882145,0.115793038698121,0.023305475622928,-0.245965030585822,-0.27369452587344,-0.352419409324617,-0.116997470640631,-0.208987344485048,0.0354947614192497,0.310395743284442,0.261500097254724,0.225418707930417,0.340248419550018,0.111899280140443,0.131559334495852,-0.024372816366046,0.107932709449795,0.0226098971232231,0.0253549740873514,-0.0445200318532398,0.135884678588561,0.327939082071865,0.10784141930827,-0.109052584814528,-0.127667896696571,0.0231137511396546,-0.277517837981836,-0.136398628380613,-0.261720964754815,-0.301449463404518,-0.34036019539744,-0.409721992044953,-0.446489550155774,-0.0418187151766249,-0.12353268410718,-0.240986289012689,-0.374939979813626,-0.0764432282369421,-0.347718800194965,-0.0745271971207859,-0.0795457284843417,-0.146638448282732,0.0610947749217557,-0.0206605933525877,-0.10014329937918,-0.184422033326732,0.0996615315985208,-0.0116050351911265,-0.275169484650828,-0.250749713039288,0.0197360236089211,-0.0803874827409698,-0.237461027085533,0.180077016435342,0.301884496959942,0.19800955852001,0.158938956953445,-0.1120138750519,-0.0285542581385099,0.0835081861757493,0.0810085857434181,0.174252254084932,0.236396209965921,0.0778294639195263,0.312497513952707,0.0305757673014123,0.244001526434259,0.170707713508128,0.26857833688206,0.0866669742145083,0.131120342391053,0.120595597357254,0.134494188446475,-0.248053683724823,0.00726463253656623,-0.0232876157356021,0.205645849550539,-0.121132102541043,-0.241303024945157,-0.370128081936771,-0.28005005079311,-0.297662711434594,-0.240556293416559,-0.270556791422927,-0.17006554126271
"舅母-外甥",-0.0709561013242258,0.110244827453585,0.0820531556687017,-0.023386887407977,0.109701454594304,-0.0382106142770685,-0.103847661993541,-0.158432558140361,-0.110996395890767,-0.151073843461212,0.0990468199799049,-0.0676546017617673,-0.021072872414738,0.0978924196098319,0.101847285531591,0.15074774270187,0.114880455097463,-0.0156438007882866,0.178963387626146,0.206257891905253,0.00159606084386182,-0.0375724134935398,-0.162455370408304,-0.117330138068231,-0.0332639970953757,-0.222145001631659,-0.245921217418666,-0.216408097570725,-0.16419128674819,-0.122100117209126,-0.241021958877715,-0.295065817180173,-0.235509111750765,-0.1023520809395,0.010612436713975,0.227649108596332,0.353203146856255,0.270358316308505,0.447441865072082,0.406479952730666,1,0.394101948923992,0.548214371462431,0.318630986887692,0.539594265502594,0.37010017440004,0.408382750357555,0.00177839788834207,0.0749090240911729,0.150038205427189,0.212443059060319,-0.0868917896706864,-0.00115184282538005,0.0205057411888519,-0.0619500634943661,0.0963687682348666,-0.155225286859873,-0.173288870508081,0.461395765043054,-0.0826096676930455,-0.0576576350971401,-0.125888418098251,-0.250482178850972,0.0435088040383104,-0.113270577967843,0.278220208282778,0.227893726670654,0.101614263938973,0.272769218805706,0.137610759584098,0.496804851997385,0.37848078606804,0.191579210665161,0.218170931873166,0.378999218405987,0.273851345620929,0.226547089860114,0.285829068344169,0.262458491994331,0.400083217223531,-0.156284808321943,0.118242035727341,0.0366211128300377,-0.3107879686947,-0.314215497954011,-0.117951897954559,-0.345311619859498,-0.265678572097028,0.0402974617731886,-0.223303818427665,0.289147453488299,0.281707266564233,0.0560708076983718,-0.00374543576584371,0.0384027385162771,0.0108271799397712,0.108056344551135,0.154548272210338,0.161575625076158,0.122245802182494,0.58104818937636,0.198095569583142,-0.161279615139837,-0.105874422387727,-0.113614580635157,-0.227414833967368,-0.419931127882634,-0.429982926255115,-0.265818718237583,-0.395173749123776,-0.0440225818422034,-0.0769884715078935,-0.184126866352988,-0.0408889050604607,-0.0671663334397373,-0.00525216318239932,0.00593868509202545,0.0920451806085648,0.0393419883071348,-0.129053380709596,-0.118020006958392,-0.201457576041141,-0.0783885388213593,-0.0597295090715806,-0.216259390197013,-0.0568120887246006,0.00107622992470329,0.0223543194373241,-0.020037113555798,0.0646017430249414,-0.0645133257189563,-0.187095845875408,-0.203349833799908,0.0136238142312809,-0.0336137984955204,-0.252883587026203,-0.410005055421314,-0.270844951223349,-0.336093361561472,-0.357940338389392,-0.384597789212599,-0.359660053570559
"舅母-外甥女",-0.22923682821174,0.00745114899334272,0.143818153631444,0.158387378807077,0.191709480923305,-0.399410562155681,-0.171130387853725,-0.080766124786604,-0.168752616699163,-0.320717562273263,-0.0672502635837161,-0.039271874603996,0.276905813853936,-0.198926188152577,0.144051496769128,-0.0819998563118386,0.372011180381471,-0.245579495022107,0.0461678602862849,0.127938377873758,-0.00724297432701311,-0.217869972051212,0.0400797037236551,-0.186947784388092,0.105982047171923,-0.339042613510224,-0.0810253100763172,0.107152024890925,0.0357979926663001,0.303642872189373,-0.262814444981748,-0.160381794442502,-0.0294820013454381,0.354502115384592,0.0793681621207053,0.162937597312235,0.151311494715596,0.396018655608055,0.270078271752014,0.287336570818182,0.394101948923992,1,0.543682933185321,0.703322819334898,0.401109396786059,0.440489445232591,-0.066082745161742,0.204400950909584,0.326588363901333,0.18326304162815,0.0079028641097801,0.244651200872126,0.148002756127887,-0.062793494157424,0.0574193143668558,-0.199927008325832,0.0765046743547122,0.0529144605936255,-0.0204212563897304,0.267202381477947,-0.033066480561246,0.104160807432429,0.0119536109899178,0.29962393887025,0.165727338335305,0.0207893021016402,-0.11218156777533,-0.0577326454757837,-0.102161452981464,-0.125621108424993,0.0795710434933082,0.0849546091610906,0.0785361522372927,0.137561222851604,0.203646894268873,0.195632538539025,0.182652997863746,-0.0501350256243787,-0.0325843010357883,0.0633525433676109,-0.220491464880336,0.0391575820828658,-0.376123217143978,-0.370945221700106,0.0863027439459828,-0.0921708330266536,0.0787799573669462,-0.189598573875635,-0.359656446255852,-0.350920409820272,-0.234312849226993,0.0832737427619917,-0.186866386137701,-0.0853444229516404,2.32835784917161e-05,-0.225741109805547,-0.0437679318862001,0.0155221993687137,-0.0138518145272903,-0.0129268946364861,0.117850888776745,0.106417347501172,0.101993209510103,0.39458615462007,0.0768260633977216,-0.121292135308047,-0.145728695940004,-0.0110897750478922,0.0146533728209119,-0.0844752340222193,-0.0724711915568593,0.0692694046978753,-0.110560812917045,0.0433070467944439,-0.295445693560924,-0.155294277607529,-0.0448434702208235,0.14694476253586,-0.222020069750069,-0.111825772855103,-0.209734016624779,-0.0300534198490939,-0.253326994860194,-0.121169474990212,-0.178477428313817,0.0452300431481787,-0.00195016483625623,0.0449132947307129,-0.0370983304914922,0.115105671508708,-0.068023288873651,-0.0530235966907517,0.159345532419126,-0.0371392242888442,-0.0295892544784365,-0.0349154546600885,-0.0320025700590628,-0.178212406447761,-0.255642810846796,-0.13927312112799,-0.149125068347261,-0.20586234110573
"姨父-外甥",-0.135947704571804,0.139637269285599,0.0871677299916034,0.0647841954062981,0.190473633018882,-0.203096271356068,-0.213600759860199,-0.0136341439497972,-0.13161739768366,-0.246233323074017,-0.149831115856558,-0.0531522361793595,0.0841765202791591,-0.0253925611981801,0.0426903215676932,-0.0677647329543275,0.156831610483929,-0.254212746597162,0.0368927363871306,0.0251173367753765,-0.121056967472623,-0.298275064202396,-0.184253423061532,-0.197362729281921,-0.0625038175079684,-0.354289947396874,-0.0877748783371214,-0.0707581143620089,-0.0459631078257494,0.0930197539171988,-0.242653672442798,-0.131018684547121,-0.114881104123421,0.215650447266795,0.103984856891997,0.177258023230865,0.108111892888965,0.266379798260571,0.48307791374094,0.219932361816657,0.548214371462431,0.543682933185321,1,0.532426173264119,0.518887212748631,0.379673809119581,0.310307865698501,0.214109239372623,0.28751224054947,0.404790865692147,0.11169501808199,0.112455061210391,0.0958728530866554,0.0466615796244625,0.166059953664734,-0.120021684666367,-0.14377253120213,-0.114827813757882,0.238238761257033,0.0309517698144558,-0.0393301972085455,-0.0326484515529078,-0.0774227656088053,0.193086865838919,0.110229673919349,0.124651712052663,0.0629207405216609,-0.0030981447567816,0.214184020547655,0.0294685976227455,0.240585977599106,0.243593831888584,0.107816105787816,0.307067278010812,0.309763279913184,0.272087306907198,0.166800195210109,0.150498906472168,0.139395052893448,0.281010679377786,-0.205501739494639,0.0686808307507124,-0.323190794459938,-0.385477426774375,-0.199810493704034,-0.0888448076291845,-0.201346261366278,-0.242333498246007,-0.0708786774628876,-0.143478248520032,-0.0846794566725428,0.244269922488888,-0.0822732608152419,0.108182982121597,0.0170489153916551,-0.195318469093849,-0.0215640752640066,0.0997011262219642,0.222241144443831,-0.0211184590136395,0.331223086576074,0.210988377760304,0.0570190733617547,0.179881836247035,0.116466491608478,-0.267148056425872,-0.324241923633983,-0.178496738661733,-0.133001951152609,-0.179331804459044,-0.0799035761468932,0.0585809471127826,-0.160732135249325,0.0717704379603446,-0.114430182747328,-0.0284958841049374,0.0154324975823869,0.293071506275401,-0.274148683456431,-0.250574015840259,-0.299253646933793,-0.194467461144676,-0.228585797540952,-0.0414154067616504,-0.319961257672673,-0.0789984441422995,-0.0161482683000826,-0.023181232803537,-0.10137706989509,0.065521016695792,-0.00209078454611076,-0.243390844683401,0.0428516700984475,-0.0420212907410821,0.0378134508851705,-0.168856229364707,-0.192355421567187,-0.22180979486371,-0.25016924665596,-0.142539572097345,-0.252616363496863,-0.28987795822157
"姨父-外甥女",-0.0910933002892312,0.226775243182775,0.176777174360544,0.255812871725144,0.308947782823169,-0.332892595053001,-0.0849295239402188,0.0193722199379894,-0.13865784932692,-0.234932932533322,-0.080247325966799,0.0276473901780858,0.207659523848807,-0.0166847394628202,0.173213477005616,-0.125667140717658,0.257517123019504,-0.283223768641384,-0.0482703814419785,0.195231780280232,-0.0918300544856739,-0.220003711226532,0.0416286242754751,-0.243774947547451,0.176800066723616,-0.293155028834222,-0.103846018163306,0.0961511678840907,-0.0813325288093385,0.166628407938571,-0.282906704794511,-0.110185241311635,-0.0964915060738736,0.229254031363105,-0.0535396451136118,0.0154777179230747,-0.0957854941335312,0.13659700164032,0.221019261273847,0.339814438078684,0.318630986887692,0.703322819334898,0.532426173264119,1,0.357688156018541,0.337738803785469,-0.073929275139311,0.196441963090406,0.309172145192111,0.184440715404261,-0.145427736219491,0.15475615140311,0.19722903491215,-0.162065621641891,-0.00656970292350146,-0.289629886151188,-0.0524039075738974,-0.0415176543170767,-0.0589349607253201,0.181547332139234,-0.16637064261336,-0.176777125082614,-0.0245327012783146,0.118689537805586,0.0479092932976888,0.0525316945442811,0.0646082565288182,0.0175358026357871,0.196110997791669,0.167173114221262,0.047647012374275,0.141972864384547,0.0360469686973317,0.143590582300552,0.190646973360386,0.223976067880204,0.14319907605083,-0.0416432761852793,0.0814876181608794,0.185405067482952,-0.28051600893913,-0.0966561214142215,-0.403585091169568,-0.36719778797399,0.14192362678745,-0.0122809053393223,0.0406142482220719,-0.254091436698486,-0.381034194947313,-0.39305077994432,-0.308227395396988,-0.0898912368214286,-0.221340702969506,-0.0107898860226061,-0.00538481439155074,-0.318621163832815,-0.113284898608944,-0.0254401945260161,-0.166120635563694,0.0397727559436898,-0.0140453892344247,0.0698948915670036,0.174164772369514,0.527633041610568,0.233903199051017,-0.145158247055327,-0.103214214870599,0.100436541003137,0.0376514499284779,-0.0796354200914061,-0.0768332432024469,0.196488998022351,-0.0223630696256828,0.0669227361685842,-0.282314779648589,-0.0824965584133684,0.0488458621099115,0.287597099738941,-0.26085661539266,-0.113420129798448,-0.271950860464161,0.00436785705061436,-0.283576295052621,0.0639852957289841,-0.196471560147841,-0.0352738727026012,-0.0764520337707068,-0.015851766579763,-0.0715460327241715,0.0751028659494433,-0.00681859322504557,-0.101950770205662,0.21695212169409,0.0981211631337926,0.0514381326003149,-0.0665446550666027,-0.0408059822088807,-0.160586193888889,-0.211775520040374,-0.0342670331051912,-0.213094774492769,-0.303660579637037
"姨母-外甥",-0.0143719362332953,0.088692794994998,0.144192614210825,0.0509079646244789,0.147882026141846,-0.0356920402492851,-0.0944780230375894,0.0192002088512429,0.083589339193955,-0.185277872579447,-0.0525205759277742,-0.115260240226866,-0.0905794388069221,-0.0833478758801308,-0.0527666605822063,0.0142040412417459,-0.00224266880505579,-0.287415244631055,-0.118176983605748,0.036061105642532,-0.0302446406556377,-0.0843501009355891,-0.152192426564931,-0.0405876602844168,-0.105305068632187,-0.235462492017083,-0.0657825500724859,-0.162707840183785,-0.0281634279159951,-0.0404674681498153,-0.261813477058604,-0.194833059503839,-0.273210861517494,-0.0246189730018773,-0.0998131284313488,0.23471497771729,0.209120379981891,0.180654983490638,0.322826746652209,0.291527504538132,0.539594265502594,0.401109396786059,0.518887212748631,0.357688156018541,1,0.496902255434854,0.255518713882624,0.134989020211168,0.181813403510105,0.294170258889399,0.0521830248061061,-0.0242035725607705,-0.0250348554297401,0.0814492172087578,0.0836794135531378,-0.0693581242371699,-0.121570702238426,0.0237205813893112,0.352103717124884,0.0635992014174475,-0.0575755367475546,-0.0346569763633189,-0.205901805292826,0.123313710847464,0.0417733519884955,0.105945474604781,0.168324712184999,0.0171202138476872,0.173778152062559,0.0879737029302348,0.35549162194577,0.156475632168719,0.154839520829815,0.121306682767348,0.321033927293785,0.0986804059104212,0.148714689698535,0.0980923960654046,0.136844493866817,0.162135700206685,-0.265399537291994,0.127550746616563,-0.197028710644738,-0.372779133359537,-0.249717251137648,-0.123532045209173,-0.29441090185432,-0.282758804608213,0.0057377896435595,-0.142522922622931,0.136125267617034,0.312398846915214,-0.0225183545208849,0.0245508096078985,0.174899267000095,-0.0352498951056517,-0.0122668086608246,0.101399195832505,0.101476175409037,0.102144350551138,0.40737620513483,0.0451990920346625,-0.148101016573018,-0.177722021018238,-0.130562605379894,-0.365541488809426,-0.421987440196967,-0.317921354548972,-0.327575751755912,-0.3954259535466,-0.121787366032153,-0.0734527209125759,-0.159146064003985,-0.0048373313304645,-0.15346147665758,-0.0070496933972787,0.0302530132671316,0.137776291499005,-0.0119225947834354,-0.0451637813613344,-0.0232527673118579,-0.0697484531450006,-0.0314483491884492,0.0663282928272788,-0.139616385357801,0.0548103436339762,0.0890659650811984,0.116934044743763,0.0232606417690404,0.0657601692128217,0.0819963104234249,0.0859163251857429,-0.0127427146225579,0.108291088810531,0.124051702468128,-0.022272141944327,-0.200860213039812,-0.206978055781911,-0.295916528981224,-0.245245951859572,-0.267946238943922,-0.220864862857636
"姨母-外甥女",-0.149809981026186,-0.0523639245055715,-0.0514489291228637,-0.0604184143660536,-0.0155134935296107,-0.278525916247268,-0.224890799552648,-0.126931143654004,-0.121118221422485,-0.142653098023654,0.226066005567095,0.0625509476927113,0.175113792312651,-0.0227489616998222,0.0862587171485892,0.116037786897872,0.26292771601943,-0.16199625692153,0.112683377545213,0.076787853516456,0.189494718719533,-0.0109528244329131,0.120859699740663,0.0126567379789581,0.0684076118773511,-0.166030239469755,-0.0733501556941225,-0.0158172406888665,-0.124530562853755,-0.00262984298181925,-0.179186331145862,-0.0852784575877458,-0.230958789483476,0.044563175068699,-0.0606736831281944,0.268033503814205,0.273425283122079,0.382301146901837,0.154859928016682,0.265183243352194,0.37010017440004,0.440489445232591,0.379673809119581,0.337738803785469,0.496902255434854,1,0.0628228347630252,0.155802788519964,0.157029474970711,0.27496728180678,-0.0197361497996613,0.0764067051438659,0.00414046007104177,0.064910581350675,0.133199865400456,0.0684876269597199,-0.040750486877288,0.023373036473803,-0.0662795070381452,-0.0721057974563806,0.0684405130457077,0.0738368050223853,-0.175805127715727,0.224383263975069,0.0856084168375898,0.161850021234168,-0.164874601822263,-0.114694798280334,-0.0506970144151103,-0.0900563755804464,0.428825052741015,0.150002714442897,0.221571103126281,0.21553134880995,0.0650669161236235,0.0540089423731954,0.215010973772946,0.115192740064905,0.218526791527696,0.131905463573015,-0.230002865361261,-0.124778636811182,-0.127833706499496,-0.346803125077528,-0.177260067715418,0.00638976835671852,-0.0732661104928602,0.0305314193118066,-0.177386134557352,-0.246652037344039,0.235127329956825,0.282474694026122,0.143343170975218,0.0379508451823088,0.276781526552111,0.115410720552443,0.317450762451073,0.0892444547083193,0.256028480460672,0.150439501922006,0.458206843231877,0.302078130256411,-0.0454021282041945,-0.0653275444101205,-0.104424107768292,-0.212771973602644,-0.34332335088287,-0.257028565611723,-0.290626797031546,-0.229965645462334,-0.213422866128949,-0.176178993489224,-0.166638243481799,-0.128347346503083,-0.352299885453719,-0.0107611002404843,-0.143297577650072,0.0764627941108801,-0.0726416557820405,-0.0686180163331497,-0.0299004746560754,0.0531032639453679,-0.202779298495386,-0.0377042088021496,-0.260582242303441,0.0262527201268122,-0.0730210026984375,0.0322609263726644,-0.0585615261137604,0.0867394771890588,-0.131736694400665,0.0748628364334183,-0.0918560755478075,-0.108608265561422,-0.0713612083314828,0.0540800951860666,-0.140671445083373,-0.234629370076216,-0.365865204277213,-0.233994563496575,-0.265301401500571,-0.248833608808946
"堂兄-堂弟",-0.047485504387171,0.0272651121447206,-0.0543929683951878,-0.140807594227389,0.0900539269475547,0.261926644652734,0.0197596889184907,-0.0935484915353032,0.0487013685550791,-0.0451615697521807,-0.0172767390893094,-0.119273107946448,-0.155903138144517,0.0765101049185605,-0.0481948377349629,0.0160985180500914,-0.0458683575262747,0.0344062761978496,0.129055123571293,0.00814679215268122,0.0694955638106385,0.0533504501563817,-0.152034053482621,0.0470935199302102,-0.144228593060642,-0.0356233999322408,-0.0257900606657661,-0.149048606251219,-0.24019200933721,-0.153934658779702,-0.0854296743941525,-0.111535865877411,-0.273079204722434,-0.0987360681747598,0.0673263060869326,0.0786929696538074,0.215124419636006,0.134003669329941,0.190794060202821,-0.0574980792064232,0.408382750357555,-0.066082745161742,0.310307865698501,-0.073929275139311,0.255518713882624,0.0628228347630252,1,0.264650586048992,0.226511823023234,0.433279462861602,0.294656148803674,0.00417098577181062,-0.0759957471671487,0.249231481340089,0.100682805730859,0.174051055037041,-0.17153828420082,-0.0896917882237712,0.465143882726986,-0.169357640816173,-0.0551537120066845,-0.0528578820116645,-0.235886837374288,-0.00719162677662206,-0.180781878090215,0.294421844099335,0.107947995611012,-0.076095820603897,0.195944186649227,-0.0674882669465273,0.0993242823017875,0.107677586536951,0.0966019482176322,0.183546697557889,0.196305527650541,0.228806504643885,0.0747268333273404,0.277689626399155,0.105269715001519,0.280629337322253,-0.131179620926998,0.0520755844259411,-0.0596483166406461,-0.139614509298234,-0.366933170770812,-0.0753969737684694,-0.359811395040302,-0.200674591068967,0.450365911199621,0.161996797011959,0.401844536845201,0.390446270634361,0.3369564564977,0.344582143585511,0.236698062962994,0.166255959972534,0.0327076396290104,0.144152049375034,0.293490185835316,-0.0700153362316599,0.37827593367984,0.178410876646717,-0.116343699552356,-0.225185617273585,-0.204961923331249,-0.302140298109354,-0.435518663891744,-0.372396390216335,-0.411595515732734,-0.291288548258726,-0.0963692480986745,-0.230863784147902,-0.361297584955574,-0.167432205534696,0.237423704218368,0.107489298070498,0.0849383182536977,0.202854829189062,-0.0300250357021229,-0.185084187372682,-0.0931306362573847,-0.302972330495287,0.0712778496435429,-0.0656985677186616,-0.152381667662462,-0.120447710456036,-0.105998188154959,-0.192117946670942,-0.10130515876164,-0.0868549236710717,0.181594161036583,-0.166778920474343,-0.118421809909683,-0.0870498253344772,0.0693328250660249,-0.190424243016335,-0.238290403930947,-0.107340253670345,-0.109683691305447,-0.18018873370568,-0.265067853761856,-0.267934334502535
"堂兄-堂妹",-0.212255982847139,-0.173696835583782,-0.0924755172867879,-0.131950783123569,-0.166522344140723,-0.123028133470928,0.136106074754714,-0.0901108580341215,-0.199624930760797,-0.133444949143278,-0.215505962846941,-0.0430233848698471,-0.0897736885690766,-0.161642886252785,-0.16282021780663,-0.27351002900542,-0.089326941713167,-0.143141483885803,-0.177291968109972,-0.138522303010313,0.0436893563449606,0.0508665482553964,-0.07533594557196,0.117775829457426,-0.104305575759667,-0.22092165145541,0.0984184528255806,0.00675303743645877,-0.15175323503094,-0.0814859618118492,-0.0741981946076297,-0.00571269294949479,-0.146652975692627,0.0916662881307927,-0.0186331499744388,-0.0733565588323196,0.0187574028452661,-0.0891116377271664,0.0372631634456176,-0.285476181718113,0.00177839788834207,0.204400950909584,0.214109239372623,0.196441963090406,0.134989020211168,0.155802788519964,0.264650586048992,1,0.416919092194174,0.451021486016542,-0.0704434840348523,0.382384500744781,0.0781658788278733,0.0227243749240591,0.429329383789998,0.170299119899212,0.0202636657730812,0.143374824837537,-0.0568730013802596,0.132776384056004,-0.0487111523141949,0.0248099294258445,0.0198792794157307,0.202662585779509,0.136015867871458,0.231530313140565,-0.169026036326603,-0.356364639977167,-0.00183051813922845,-0.334155601517752,0.0636578436483857,0.000912115592424786,0.267500272193912,0.160905705812311,0.015010579786675,0.440093505904261,0.30247951400128,0.181962463992254,-0.143661495651768,0.344614860976498,-0.214395921395208,-0.0449420735652027,-0.153495262775879,-0.0891681914712359,0.0169806437619299,0.0705112019171945,0.00295571373118096,0.086705870551974,0.220025824735225,0.181690552481528,0.115445963642604,0.12713196344164,0.299192280500147,0.466314078988633,0.220489918576775,0.166581374580374,0.182808201793945,0.143579111887312,0.110565715317669,0.100973708408091,0.157956381720092,0.0335172272534824,0.232775112635019,0.16308356075921,0.0395708988914409,-0.0592877628340235,-0.105438005356875,-0.0560206846944544,-0.148765435984219,-0.0612680867302649,-0.351110383203452,-0.147633192592725,-0.422770605670457,-0.276922724177454,-0.0948269701563666,0.0925184861335409,0.00273690271533141,0.284664160203477,-0.229107540408002,-0.203486104971885,-0.156959420762111,-0.230027617346327,-0.0654994815307476,-0.0423369378105785,-0.250444426906201,-0.144789654898836,-0.389532650700426,-0.28567700852075,-0.413597345342881,-0.207078530528767,0.245358873691852,-0.10021616023393,0.249027631460448,-0.180333134874957,0.168894070043754,0.0855319605570261,0.203096020249023,0.104644604053693,0.00136511687703226,0.0452500655753547,-0.0570358278066225,-0.136731131956992
"堂姐-堂弟",-0.240208343078823,-0.143847679221578,-0.0394233359732386,-0.0225938232717286,0.0385280056736525,-0.317148138109923,-0.107775825777612,-0.0377794813592607,-0.20458524570431,-0.258275088800604,-0.162028428905456,-0.0704603820878389,0.0261592414887147,0.000557307485438216,-0.132938523904964,-0.212945243248415,0.0145494356973666,-0.236739966909628,-0.0493118121886282,-0.0922205782499079,-0.0233431605178068,-0.0759977695074234,-0.00740157655137378,-0.0587742082786306,0.0418276106140265,-0.341868406439091,0.195200274824843,0.231272998133074,0.103417678197657,0.179624766410591,-0.041630710600383,-0.0270410760914916,-0.111386522419608,0.224129466910311,0.181790451218097,0.133853811727508,0.0374677347483414,0.181577311821928,0.00227119609271434,-0.106803240940547,0.0749090240911729,0.326588363901333,0.28751224054947,0.309172145192111,0.181813403510105,0.157029474970711,0.226511823023234,0.416919092194174,1,0.36345633924759,0.0695520336523003,0.38828514800364,0.319876871864024,0.0435007759813011,0.232675122279277,-0.00994192403080716,0.197272892725227,0.012279796667624,-0.0651372104043888,0.071118767008353,-0.0122600640278866,0.0387559171590036,0.0429622671563931,0.251762707384708,0.170128154136067,0.0248941638080896,-0.261497760386759,-0.284392270777548,0.0175974876484982,-0.192516013098005,0.0267989320281975,-0.0787192932503283,0.316384800960816,0.080575111669355,0.0945702442050129,0.253697780320747,0.205380638487233,0.144995977807771,0.0231756630117005,0.194780671717676,-0.17745742398813,-0.0691492634604188,-0.44371755105257,-0.266401050737679,0.0997321290533097,0.1648704155546,0.0462844851795265,-0.0324179053661879,-0.0841162722689456,-0.106505184818684,-0.00868547503737875,0.174285524287696,0.0604160608340104,0.202147710251979,0.0868114931132435,0.0585403438969727,0.0145198737427762,-0.0248576536502377,0.0561563547112789,0.0617435875730976,0.0607130502217862,-0.00284849996664859,0.136875339745904,0.292683570934347,0.00222893404214637,-0.143647156055407,-0.0857971159900395,0.0976856519602209,-0.0979922971061613,-0.130851038021205,-0.241335130791759,-0.0266396709723664,-0.184100773963384,-0.0650841916047272,-0.115625605130199,0.0202363026599832,0.15954842876527,0.294104199050222,-0.283033710334497,-0.206402357217129,-0.228880981708363,-0.20266604315603,-0.387188415549723,-0.139726937403096,-0.324016572066273,-0.208396132145798,-0.118553452448213,-0.0967564657244827,-0.0791200745713096,-0.125597739698023,0.0767370515885529,0.0274190399271913,0.35292242103286,0.0572052896768288,-0.0143978427344975,0.0529451181463383,0.178662997178706,-0.00989098203998441,-0.127225832939215,0.00188833294472017,-0.130379703822271,-0.201468762401217
"堂姐-堂妹",-0.130912441963682,-0.125404254985654,-0.0309800199518848,-0.0789914090171241,0.0603353493797806,-0.099979006032197,-0.0485229707323986,0.0719958241099376,0.133812494265501,-0.140852778105067,-0.0368528987037837,0.0384853688438272,0.130271866100015,-0.174562697691819,0.0158918380558144,-0.0305040475220637,0.17644640419715,-0.259945805078752,0.0366741911203507,-0.0750442075618206,0.0612029213639521,-0.21330661349563,-0.0596183907759698,0.0113203274566246,0.0410669426412544,-0.272909357368408,0.000336343450780994,0.080290702671123,-0.103472652848828,0.136907383845771,-0.136468192498754,0.0746131256443038,-0.137348371838681,0.332598275636649,0.0406372772528556,0.144672315251081,0.0736665113521922,0.238787954910549,0.0196329969568249,-0.120893830896002,0.150038205427189,0.18326304162815,0.404790865692147,0.184440715404261,0.294170258889399,0.27496728180678,0.433279462861602,0.451021486016542,0.36345633924759,1,0.00162913585367772,0.15375458557692,-0.0168798865579121,0.418015550552341,0.258315864237722,0.137070164981152,-0.0450226911374611,0.189929301756482,0.124018731691705,-0.033937793138186,-0.0197199067886352,0.139262761907599,-0.0627098545352531,0.158946440842122,0.13794837677809,0.261318065053192,-0.0699317032399031,-0.191794017418508,0.0822931820876778,-0.112776532792049,-0.0471429015264807,-0.0195627861466873,0.0346423398757109,0.254975714468317,0.139398155914734,0.144690698679921,0.0863294242352297,0.0909456428709283,-0.038124901706945,0.0618542928146944,-0.237261968106467,0.0410428222100785,-0.342507267416785,-0.310334095758329,-0.217029039652438,-0.073405853094939,-0.121752981816529,-0.0639291399873378,0.131767896644161,-0.0397454556498513,-0.0188826142513106,0.22867543615012,0.00861441656815949,0.21537685632722,0.34432303302137,-0.138380782442647,0.0172524684724812,-0.0407507365781637,0.173419139551267,-0.252043923801582,0.127735051849486,0.254053633070802,0.0683302996254053,0.0505991280626818,0.029588224565969,-0.140829195058747,-0.237220742018583,-0.113474193532536,-0.177885860739657,0.043831433335469,-0.218456816319987,-0.212455902638494,-0.338333036406318,-0.0677687224573968,-0.0920210887456134,0.0876509104942355,0.0231071782708634,0.405697589491379,-0.225988358095246,-0.206401410227909,-0.174509093432278,-0.19655321791378,-0.270299733904092,-0.106987864379973,-0.295795576749896,-0.183509005335901,-0.277065980520182,-0.265527517210215,-0.265614775634199,-0.0297562663033567,-0.0543951216410984,-0.114956312282128,0.0849156900572264,-0.104678341428239,0.201213284555453,0.0949003341285117,-0.0842739768211788,0.0351592976678708,-0.196466088250352,0.0681171707352481,-0.251971174383082,-0.206274594147748
"表兄-表弟",-0.0568635984530988,-0.0526064457186111,-0.120077264622659,-0.119433165336239,-0.101353867355985,0.139665090554622,0.043030657414627,-0.157768118445303,-0.0660953164629751,-0.163485468307375,-0.043725579475479,-0.290514833289951,-0.173446841379353,-0.0495074556462542,-0.0864967089466389,-0.0546556858110318,-0.0743737168236686,0.0525003951550151,0.161676238274526,-0.110495207030113,0.117911733557586,0.0222146103187613,-0.160030016806785,-0.0233436770271815,-0.208458073234262,0.000321972709877556,0.0161309952944155,-0.234193708535804,-0.0189670552153797,-0.104006986426557,0.24333161900707,-0.248985484559854,-0.115243903657861,-0.11286745707021,0.217970937803259,0.198304865634072,0.0677587011228906,0.0374358392547162,0.104848918408963,-0.0736716076173634,0.212443059060319,0.0079028641097801,0.11169501808199,-0.145427736219491,0.0521830248061061,-0.0197361497996613,0.294656148803674,-0.0704434840348523,0.0695520336523003,0.00162913585367772,1,0.170502363667491,0.130016984538086,0.1285283648187,0.128833110712218,0.297042525181506,0.180179584925623,-0.0160214061551318,0.392942258565717,0.0191708895057,0.36681575928991,0.255798901160648,0.166862793884647,0.262012508520109,0.115474631263363,0.113940403104236,-0.0568322235888064,-0.190951424607219,-0.101400211245762,-0.245346045543325,0.210578195490379,0.128932314934892,0.113424948618276,0.0391382124918204,0.205286841454106,0.129343258671785,0.0109395919329676,0.097129502929887,-0.0308246644681302,0.00934924891203813,0.0303393111957623,0.362489922262296,0.138627331855447,0.0413299606766363,-0.126950013925679,-0.013010087930699,-0.0806362538506331,-0.0985435647118172,0.107817687469389,0.00723363544918557,0.221800491396674,0.329190584842687,0.0384761339801767,0.0888686580829044,-0.0756540623396724,0.234540798184953,-0.0442513672198756,0.179533851711747,0.198493172345682,0.0538590911120009,0.266613595423825,0.0493647927005214,-0.206061046339416,-0.136826809353654,-0.248285714425082,0.132604018918046,-0.095913802317682,-0.17720480852087,-0.208476262292543,-0.180401681851445,0.0867650420169748,-0.224725206446543,-0.258882597214293,-0.149732694403892,0.218041345231702,-0.0370257692658318,0.0370329035715803,-0.192044599989781,-0.0712656935986816,-0.291426764668556,-0.204758744290379,-0.410616991002006,-0.0106529126284619,-0.333644361058584,-0.185969358228632,0.0287404119690474,0.0687899159795381,0.0751542843753678,0.180204827105541,0.152325914912278,0.0472948712871221,-0.186553549350936,-0.0844440280757453,-0.161791380847946,-0.128322812555012,-0.132383449440879,-0.014380185830775,-0.0418497210322941,-0.0730626992175655,-0.158904568905876,0.0765372194178035,-0.0299659106067113
"表兄-表妹",-0.266693349274624,-0.317958807291125,-0.0927916823345556,-0.168095063258086,-0.141278546874805,-0.213524182358049,0.0751900907291816,-0.133253441920823,-0.11456130440398,-0.364470525480763,-0.291778296414356,-0.328414802089193,-0.194280605869322,-0.35805144884219,-0.270573413894013,-0.42341351757077,-0.115790730403532,-0.247324312808602,-0.185710429807783,-0.20308066388595,-0.0220024025481514,-0.0956582807815229,-0.0194928183270552,-0.0931869871728572,-0.156654176625306,-0.32776308170839,-0.0533586648008947,0.0877192382306275,-0.039329458138862,0.0438638079303331,-0.0632045300556431,-0.00964842042006072,-0.0426472132566844,0.159033641381689,0.0959949973637203,0.00148176778927908,-0.187040843008121,0.021656823237496,-0.120745269664616,-0.160410654078335,-0.0868917896706864,0.244651200872126,0.112455061210391,0.15475615140311,-0.0242035725607705,0.0764067051438659,0.00417098577181062,0.382384500744781,0.38828514800364,0.15375458557692,0.170502363667491,1,0.27081281891563,0.106312553926451,0.470221745303208,0.270576674095288,0.211393053107693,0.197596130556477,-0.0637605030098279,0.209300816788783,0.220017589892289,0.28517540367685,0.186874501649408,0.504092181944337,0.358186722832597,0.0668610937124991,-0.358183878420942,-0.429268982739972,-0.136237750797765,-0.361694753430215,-0.0686233928538047,-0.185858841419589,0.156204672992244,-0.164565441047701,-0.0128778787945929,0.190888997741817,0.29095233950512,0.0864810567203405,-0.0452141084490325,0.114112946441814,-0.08607654710793,0.127349057168577,-0.30688887526021,-0.210225175325418,0.078992445960634,0.0067507091565621,0.144512665730366,0.0376917359301863,-0.0426861247994097,0.0101422757799541,-0.178409039847866,0.0301566888721908,-0.0210995222738846,0.127828330029452,0.201167296337204,-0.0566593247818152,-0.0746729126263775,0.0462265866597245,0.098263101992303,-0.0785315925073928,-0.0768794331375822,0.0193103820945027,0.0752402623616108,0.171633924926331,-0.0153890596748729,0.0678222262311732,0.00690064923508764,0.286378472560664,-0.152646353806938,0.0610773687390953,-0.147991843488564,0.0310982560081747,-0.116796272300299,-0.153867803468376,-0.131587193234969,0.113645122024905,0.097651594741101,0.171982413340714,-0.146858445626039,-0.0494852842015029,-0.145096705297694,-0.0293963151411696,-0.145140087320874,0.00886990814568154,-0.132813910376553,-0.0268225786331515,-0.139075726285637,-0.00269364851240476,-0.137935923655332,0.041064725173215,0.0494288689857108,0.0948992728256683,0.444688557768353,-0.034490967578121,-0.113033165405555,0.168560650398061,0.458263985623648,0.265591598104171,0.203483859505011,0.334765931173888,0.245901264828662,0.0816948678626043
"表姐-表弟",-0.0919167611649768,-0.0644862002675189,-0.0391023511572843,-0.0149495300789581,-0.0216179722312739,-0.150229255448231,0.120858210974172,0.233801738945277,-0.0958093908066866,-0.0143108014290631,-0.00508216410623931,-0.0136532928256158,0.0360393897471894,0.0850965705136891,0.0526500558131025,-0.172437906069498,-0.0973503784841464,-0.174830574194748,-0.0476552630896311,0.0112988915029535,-0.0187183005021101,-0.0734239351573978,0.0648073438957946,-0.18404587510814,0.0936824275272411,-0.238444316003611,0.102555505475508,0.247805940006776,-0.120970990134952,0.0453502942240951,0.0612213157389357,0.112921479126242,0.117759331454127,0.180666576816486,0.204508028177144,0.229530758428105,-0.0501569050476418,0.159423789761127,0.0390487040206669,0.0971606915179934,-0.00115184282538005,0.148002756127887,0.0958728530866554,0.19722903491215,-0.0250348554297401,0.00414046007104177,-0.0759957471671487,0.0781658788278733,0.319876871864024,-0.0168798865579121,0.130016984538086,0.27081281891563,1,0.198586648949983,0.22114982242842,0.09356725192778,0.515446686650862,0.172535289354989,0.0878370813328146,0.172631997439981,0.124344589411354,0.0794394012967969,0.107497400611091,0.174263182528773,0.15520394947427,0.0437378045827164,-0.112567743448402,-0.121820621910736,0.0127693603422572,0.0586665032502208,-0.0120170901649094,-0.153959342060671,0.143159561036256,-0.0922100959862992,0.0251557964519455,-0.040113148234765,-0.0842069672295308,0.054702787151517,-0.0106135172437764,0.0896857246354881,-0.0237336114557398,-0.0864853941094162,-0.161280278198865,-0.0682567771454115,0.191767748886522,-0.0021214319193149,0.0977884601749402,0.017933480975483,-0.206225929357961,-0.0533672807962952,-0.143853517741208,-0.0630371588081372,-0.11586465356955,-0.0849078974705604,-0.065734793167636,-0.196480150498979,-0.233094694135332,-0.233367572146728,-0.0330833965898319,0.0301889650077386,-0.120695532596449,-0.142598122872607,-0.0830673600249803,0.109581851882364,-0.0954123796494566,-0.11421601898848,0.0603915125411689,0.164952215835046,0.00758031720914517,-0.00513262632782663,-0.142495668590577,0.0329751828203048,-0.00954873986342751,0.0415408437486702,0.00928885968887851,-0.174091941239243,-0.0556958840131196,0.0324990295181735,-0.23059048443343,-0.124637278401639,-0.305817178985545,-0.00540812298921635,-0.31310305248696,-0.0112035302938001,-0.189694104459105,-0.276208224811544,-0.171924302755589,-0.0981438206823378,-0.115068557967896,-0.0588714708611593,-0.139838100900604,-0.0235483684217819,0.139855373261404,0.0871025750349423,-0.273560881211836,-0.0996913519332921,0.156001978434487,0.110072945359559,-0.132937224041195,-0.0220468080112163,-0.0799364511168974,-0.000469073278114847
"表姐-表妹",-0.0441600934418359,-0.270701069043382,-0.00419951607523701,-0.176098529560205,-0.00884448045174592,0.0447694372351104,0.00542731003524287,0.217605930792437,0.373923577945791,-0.0990188789047749,0.0563896247945005,-0.0225278669219389,0.0280957730272113,-0.185935711759168,0.108124068947592,0.0571874696160251,-0.00564609041298691,-0.147864329606699,0.212829595573599,-0.127106241441104,0.111084651986367,-0.158056905343372,-0.046344485593307,-0.0712989251514668,-0.117038421156706,-0.079729553193847,-0.0184704003744886,0.149643117873977,-0.192720309812978,0.071416867152187,-0.0373765079745895,0.0994499644901106,0.108295139957318,0.2414737787545,0.253954042152746,0.232118766041015,0.154444905679757,0.358918282416695,-0.21105195809867,-0.0431576503880767,0.0205057411888519,-0.062793494157424,0.0466615796244625,-0.162065621641891,0.0814492172087578,0.064910581350675,0.249231481340089,0.0227243749240591,0.0435007759813011,0.418015550552341,0.1285283648187,0.106312553926451,0.198586648949983,1,0.119006309773333,0.311450595658543,0.214314102309054,0.381396944619039,0.208281849706419,0.0234918357112967,0.168449329700027,0.329713111472735,-0.00751579288545233,0.296655692526868,0.0952417732120938,0.184716752848587,-0.120159721732939,-0.0767914897393623,-0.0614279340668588,-0.0606070029695805,-0.156170939642621,-0.15457720009924,-0.0251787395410702,0.061325401390277,0.0697020597111437,-0.13185907356208,-0.024206139922584,0.153647766452851,-0.0394833959106283,-0.164279529290578,0.123780513082117,0.146982123602792,-0.0594301519431492,-0.0499768870582481,-0.236814316653779,-0.219434422910916,-0.0654670562320635,0.0307138890839401,0.0281343067854454,0.0320409507916413,-0.00190586108203978,0.164160607356516,-0.11407723630633,-0.0368908018584058,0.294276408951195,-0.210781431202735,-0.22082662018785,-0.257301722445996,0.284026223331718,-0.322406748892106,-0.0131962768562142,0.237084207738561,-0.239066145176787,-0.313940425124984,-0.30803693888299,-0.127540784061492,-0.183728578950197,-0.128441002253318,-0.174426056460334,0.131565899522118,-0.118987229551791,-0.307161865497266,-0.19230021830527,0.0701303616320297,0.121418117270309,0.00513078361804419,-0.0512584934100763,0.117299119792062,-0.183551702676873,-0.143586159891887,-0.168813826623121,-0.116644658512666,-0.237643429087027,-0.135246528388214,-0.175748691409008,-0.193504107362718,-0.170706544939006,-0.173614515853258,-0.01353774479249,0.1216699404958,-0.219446838281615,0.05211697192337,-0.0189108574426937,-0.0323908938074998,-0.107344347992961,0.0331383262990643,-0.00543809533290177,0.108232539168021,-0.127616871614012,0.0761246187535178,-0.0961537091130466,0.0606971517276318
"姑表兄-姑表弟",-0.356304536924852,-0.317413874573342,-0.231049428518431,-0.373498376507355,-0.484221807714693,-0.16263669048617,-0.0885081740443788,-0.119805810599706,-0.176327920722121,-0.0900194748329596,-0.265431449124691,-0.178170355509703,-0.295739096948968,-0.258548708160346,-0.336464902275645,-0.358761627213879,-0.301985031704154,-0.252813528099458,-0.283144179054893,-0.164035723273496,-0.00290819829420038,0.00892489396243941,0.0209212987019201,0.0922131003262786,-0.251099028868273,-0.242348187820052,0.0768734881054933,-0.0341499859439599,-0.0994693091393563,-0.124950902348991,0.101337239863577,0.168236214690718,0.00438756598064263,0.103319756481709,0.129279912689014,0.0955634542475207,-0.0374559909034423,-0.0884738888452299,0.0311884145445117,-0.306932831605678,-0.0619500634943661,0.0574193143668558,0.166059953664734,-0.00656970292350146,0.0836794135531378,0.133199865400456,0.100682805730859,0.429329383789998,0.232675122279277,0.258315864237722,0.128833110712218,0.470221745303208,0.22114982242842,0.119006309773333,1,0.419070391288674,0.19242116926025,0.263205655401355,0.136539997975273,0.168315376390938,0.230779175444128,0.25637164965623,0.162649113789126,0.347765907640258,0.271705384327742,0.16109612967903,-0.292699163091892,-0.388072142813186,-0.0894309472239796,-0.370770330326399,0.174851306441844,-0.0810831652051643,0.261313009752144,0.00781565808740069,-0.0660149090643492,0.103754816867155,0.149103630009497,0.119428120039831,-0.0908720684715702,0.164484676376497,0.0323909633199081,0.104045054037463,-0.145215326955979,-0.0163848325144943,0.101820229591409,0.205550655898445,0.139932848012301,0.374194284116738,0.272117296125343,0.305520648043541,0.0336554226684884,0.22951226034659,0.235795229559626,0.368974498392494,0.256899268501603,0.170683921370139,0.155590844233481,0.101484391629299,0.245920182573053,-0.000304532119242037,0.253712307750103,0.04803230173642,0.132729630301689,-0.0339880572679258,0.0117780477064794,-0.0160627816645082,0.0101116117572234,-0.0280066254704663,-0.183213017893272,-0.00834977093981948,-0.300234397063518,-0.204235866809645,-0.276375272430454,-0.238944321919194,-0.187179812034559,0.018983874704562,-0.158395019009802,-0.0387960021104814,-0.255517965515403,-0.214512316937525,-0.160317645411173,-0.181789786172368,-0.0927146607732064,0.125230988720988,-0.291889095470318,-0.291819142100531,-0.180993543476945,-0.0835432551968834,-0.327570710983964,-0.155726178126875,0.0740091563680107,-0.0112812113733915,0.170900997606928,-0.180099065583438,-0.0487905262663409,0.175051530063841,0.411471847642409,0.282563751050492,0.182104720151862,0.212605484840327,0.160022951618083,0.0242979937547599
"姑表兄-姑表妹",-0.260862679251401,-0.38940347966225,-0.310118554169827,-0.451589260445711,-0.395288641558743,-0.00303189792191607,0.0594623473244612,-0.126799974449269,-0.0398411497140807,-0.0181363052655377,-0.0287267806532734,-0.216943437865237,-0.338993226194494,-0.191309909161229,-0.227124179148952,-0.115820462611171,-0.226371868713066,-0.0308284534137469,0.0468340969518284,-0.150996705215137,0.141483132064265,0.0749508900660546,-0.110234566399032,0.0638178670041603,-0.197322308148227,-0.0644172083259204,-0.140338613288234,-0.162732550102846,-0.133015608690743,-0.172116002185282,0.18447173986294,0.0418083715917256,0.0184124451360077,0.00397789885566077,0.165872309584886,0.0912686552679406,0.0427054643160284,0.00767239479879923,-0.21203705071523,-0.25669779351667,0.0963687682348666,-0.199927008325832,-0.120021684666367,-0.289629886151188,-0.0693581242371699,0.0684876269597199,0.174051055037041,0.170299119899212,-0.00994192403080716,0.137070164981152,0.297042525181506,0.270576674095288,0.09356725192778,0.311450595658543,0.419070391288674,1,0.367337785795353,0.382641374573666,0.199247385504958,0.109334125553012,0.528072059136909,0.442572371129214,0.246199692408522,0.453226478836485,0.311521048887217,0.345983302336922,-0.255106890847312,-0.339501911858529,-0.12893270228389,-0.277583763881927,0.140646533533427,-0.0694691154886497,0.0751761071003951,-0.135819452993338,-0.0224704652311089,-0.0210849498914448,0.174072004126382,0.1418193829231,-0.00729844012582638,-0.0124451859311958,0.118778547357955,0.341277655534935,0.206123705018638,0.0615698971338264,-0.117699601794231,-0.0394407460890916,0.00730099584414589,0.257034181855036,0.260091812200855,0.207537433458031,0.208111864410242,0.202503632233239,0.190910524764095,0.144094671688984,0.209399398583233,0.171112308731478,0.131334780837227,0.0583041386014651,0.262058279935849,-0.0615568056602316,0.278464212076996,0.194286078707271,-0.149861114277796,-0.334264674173803,-0.209742879376559,0.247419410084636,-0.0023520733071283,-0.163295458921209,-0.171096711259203,0.0884983298424943,-0.0926195735865109,-0.240387381419017,-0.147103722830621,-0.261005133161453,-0.0382397446605058,0.108580553879539,-0.125548017456087,-0.141002972981907,0.00645511508414653,-0.138796330961311,-0.0663614749820251,-0.287508033495418,-0.0832333182901116,-0.150994294802965,-0.284112785352676,-0.241363172354548,-0.226918498933499,-0.0843168943123832,-0.218375690895002,-0.0193476064225572,-0.0755586758218921,-0.0370018742316838,-0.0797219176321805,-0.198041612328889,-0.163539746169969,0.103446282632615,0.144001771468508,0.214712681803255,0.0730920813805182,0.0824682479498582,0.194931255506193,0.162076923335431
"姑表姐-姑表弟",-0.302160933914666,-0.401718622364298,-0.246931755110275,-0.264907449854147,-0.275132777874561,-0.108460218272352,0.0104202533783708,0.189425641428981,-0.00565524590533306,-0.076880833766945,-0.070379187004564,-0.0943506276629037,-0.0886637836923964,-0.0494964407375566,-0.115533661023495,-0.157969138177029,-0.171911486821923,-0.18713850121369,-0.127331826317183,-0.0880100873539955,0.047647254251031,-0.0652347933112816,-0.0703790020857275,0.00730231669431486,0.0357175424654448,-0.176776984725756,0.139932193315624,0.170287601550004,0.0459178369028625,0.0484017949669355,0.277113223307251,0.082818182054324,0.213912322545876,0.23658326197641,0.419462967252478,0.171422101621079,-0.0646772575807797,0.147476455750888,-0.100727043339497,-0.215328817202761,-0.155225286859873,0.0765046743547122,-0.14377253120213,-0.0524039075738974,-0.121570702238426,-0.040750486877288,-0.17153828420082,0.0202636657730812,0.197272892725227,-0.0450226911374611,0.180179584925623,0.211393053107693,0.515446686650862,0.214314102309054,0.19242116926025,0.367337785795353,1,0.442180628490629,0.0684254606911998,0.307634586616929,0.515296913776187,0.456526446985814,0.466092443411649,0.375273711204199,0.407817588320251,0.0604102803591588,-0.28855558769892,-0.267606218426075,-0.322162768026303,-0.231398682769786,-0.13065327779325,-0.202390575174747,-0.0889260764084755,-0.184914822101344,0.00121519551239281,-0.126679649911137,-0.037018739109956,-0.140069349796218,-0.229938045710931,-0.200586293617072,0.112307045557536,0.23835381097138,-0.03983062001714,0.121083852872983,0.161426692626618,-0.0614011327103242,0.236031236763996,0.196085329428287,-0.131247864791749,0.017038915928036,-0.185463131291774,-0.0341623692438888,-0.180658417674738,-0.122484008500484,-0.175577910003029,-0.0542137004150665,-0.171895356029027,-0.143066928068668,0.00512933941819439,-0.0815973240084715,-0.130379829968065,-0.0580550616020863,-0.110752483771914,-0.00594722403773033,-0.134583877143896,0.254801480986179,0.317257246454856,0.224108798952396,0.176598307637653,0.197471645755673,-0.100371835510094,-0.15219734375728,-0.0218182088062484,-0.0391959030373565,0.121368826961057,-0.179617047123567,-0.110262922771076,-0.231277646104619,-0.140433851357347,-0.140289402405182,-0.16132541807046,-0.151714716311063,-0.291102711488407,-0.244334143096705,-0.174170518245799,-0.286295850734142,-0.150004207712698,-0.107541031155224,-0.0873168842099792,-0.00318248528593262,-0.0312308019895107,0.0719898876143667,0.135810438329152,0.0497521037918282,-0.183532366739917,0.196328702379242,0.335896329884158,0.342048896797425,0.0296432030784207,0.0618456903649092,0.179487694592555,0.273232901400308
"姑表姐-姑表妹",-0.152454028471794,-0.327989863034203,-0.0917241881769279,-0.213582038435204,-0.143351239864307,-0.0166435214716754,0.0770354629588302,0.10264561222562,0.28080535749622,-0.127088412865688,-0.166996032018691,-0.150216844717584,-0.0650811013207607,-0.375033684424694,-0.19417343997411,-0.255608102690771,-0.118174627993592,-0.231338951185477,-0.274210151112634,-0.115564421248295,0.0028016444737035,-0.0823710604093327,-0.0379415695879118,-0.11847954537695,-0.103065883828022,-0.157072499193576,0.0780740080430374,0.0652887028899722,-0.0197697368283238,0.196477991255068,0.165078892311191,0.315338618880652,0.267267731331911,0.372003500714909,0.211998553495687,0.0963933272130711,-0.0146249640772548,0.143027119476187,-0.192289777723299,-0.155752141882145,-0.173288870508081,0.0529144605936255,-0.114827813757882,-0.0415176543170767,0.0237205813893112,0.023373036473803,-0.0896917882237712,0.143374824837537,0.012279796667624,0.189929301756482,-0.0160214061551318,0.197596130556477,0.172535289354989,0.381396944619039,0.263205655401355,0.382641374573666,0.442180628490629,1,0.123410655010682,0.39222626495377,0.368161329196061,0.434183686486084,0.328265127533636,0.347425710725184,0.319947658960058,0.149239465088613,-0.188313302930274,-0.207172639896705,-0.195845454880295,-0.130330553045548,-0.111881701554661,-0.224399904212475,-0.157745279520928,-0.156724091729349,-0.0279496396367763,-0.077452656129016,0.0207968670246338,-0.129473059010522,-0.15920905954479,-0.221976173810543,0.195630219940514,0.290668538269634,0.0734142045960604,0.119602581763716,0.0353950703988137,-0.151806613479851,0.123768926773055,0.276157399656873,0.014554732983585,0.0894962740818424,-0.256690719989287,-0.0605157833621091,-0.146334885302007,-0.0608242636428152,0.200166555555543,-0.205540428432689,-0.154334626052595,-0.140712904319941,-0.00151465082509179,-0.211519240082142,-0.174033552452529,-0.0196496807590314,-0.217732392518386,-0.134834292095948,-0.177309443504518,0.179818544500832,0.139873405165861,0.051357770992523,0.078709260733752,0.234471713831576,-0.137000063175705,-0.129590480820421,-0.115043411658006,-0.0622457732524164,-0.0554734080047706,-0.17649651814649,-0.163743931232288,-0.0436806391410601,-0.228249205724718,-0.20817272403881,-0.2168700655902,-0.117347973236392,-0.116860988510293,-0.0409074835781537,-0.08392831572929,-0.112935671836705,-0.117184972240192,-0.0674573039690092,-0.149073098908171,0.136867183377558,-0.112236012541742,0.0553289897913638,-0.0247463846476343,-0.185269397392451,-0.130367613720147,0.204361615921888,0.114180175039649,0.225651696119409,-0.00773392132264313,0.106117108331109,0.14539845724876,0.219244828716606
"舅表兄-舅表弟",0.00465491825616353,0.0733345439775751,0.0913116103908262,-0.102642065074095,0.0222481852500989,0.385648607703617,0.122030604709061,0.143649973968016,0.149828657214315,0.0439439440637738,-0.176840398065551,-0.213066046575764,-0.303845733682814,-0.0217303369824339,-0.0688709849156227,-0.00893030650546744,-0.238224186330952,-0.135691951782656,-0.0659141216689807,-0.0759982500326202,-0.131764095017484,-0.0741707323174613,-0.378167415644273,-0.122638309922251,-0.304409479129988,-0.125023116881849,-0.108819265518969,-0.211850220631837,-0.143283736375151,-0.194619248549173,-0.00990982208427358,-0.117253384919668,-0.0821742463176671,-0.0381190448058559,0.115876056633105,0.0638124380562087,0.0954988785127973,-0.0276587120368403,0.293420428720433,0.115793038698121,0.461395765043054,-0.0204212563897304,0.238238761257033,-0.0589349607253201,0.352103717124884,-0.0662795070381452,0.465143882726986,-0.0568730013802596,-0.0651372104043888,0.124018731691705,0.392942258565717,-0.0637605030098279,0.0878370813328146,0.208281849706419,0.136539997975273,0.199247385504958,0.0684254606911998,0.123410655010682,1,0.0491133565271924,0.117158833403464,0.0910134044331175,-0.000105478833528963,0.0820627145532865,0.00618674920478548,0.131577629748202,0.297302157576273,-0.00568105355861233,0.167876220222916,0.0819209709001819,0.142553807115477,0.116519077044423,-0.0719691892946291,0.0199182142935388,0.243798176217255,0.0704133219310278,-0.0488605005909077,0.17054963152453,0.0402974494694978,0.146213837402168,0.0635919123406127,0.257429428609586,0.138840293227101,-0.0476264014234126,-0.316119369606516,-0.287797459044237,-0.386147885361671,-0.251779254449434,0.340280030569325,0.0978318093009151,0.122512450411997,0.246441352688865,-0.067109555704514,0.0453011386175063,-0.0549666301270565,-0.0961943390873427,-0.221191563746455,-0.0496341995368747,0.03551694579614,-0.132992475501516,0.304809696467401,-0.124206074724088,-0.285140084886634,-0.322631583040536,-0.275558457586531,-0.223187608341498,-0.280454816078565,-0.260439720469069,-0.192760206604977,-0.286344138527052,0.15867063897865,0.0228102570776761,-0.115147001690842,0.164744658093581,0.320147252207646,-0.0863880542394501,0.00259145832740721,-0.0389344922542295,0.0198577815629631,-0.14904430633939,-0.0678517880863632,-0.230202048619905,0.00308593317389063,-0.0526981105194166,-0.130865076033133,-0.114743227330622,0.13329282773647,0.0642741446969197,-0.0295394191286387,0.0666296805278683,0.120927547135328,-0.153070232720799,-0.147862449442686,0.055591658600781,0.0804637056730882,-0.100469744458357,-0.236730650889442,0.0359943017124369,-0.0357930296607125,-0.138269552319351,-0.0871120088424104,-0.0475200160937406
"舅表兄-舅表妹",-0.251180269179717,-0.181230683070298,0.0785134515815522,-0.0951157635277276,-0.0590703796555165,-0.12606228445664,0.0993630205215499,-0.0462525285726141,-0.0424995787101546,-0.126591430857462,-0.253122250409257,-0.126131726453094,-0.0763450395676274,-0.231093922618011,-0.0312016979181034,-0.245147171236786,-0.0749498386853694,-0.235208015800007,-0.190286130963628,-0.0509709390850271,-0.170954704434328,-0.227557080344166,-0.0819568233933435,-0.104518483273534,-0.0824753270742844,-0.152391747489493,0.00760792868151568,0.153014279386878,-0.00292379561368266,0.190196548994005,0.0196158467202808,0.148147655843072,0.0887834495333553,0.215521042648199,0.0341547824141801,-0.119022765186913,-0.17638905422701,-0.101621035002984,-0.0530102872307952,0.023305475622928,-0.0826096676930455,0.267202381477947,0.0309517698144558,0.181547332139234,0.0635992014174475,-0.0721057974563806,-0.169357640816173,0.132776384056004,0.071118767008353,-0.033937793138186,0.0191708895057,0.209300816788783,0.172631997439981,0.0234918357112967,0.168315376390938,0.109334125553012,0.307634586616929,0.39222626495377,0.0491133565271924,1,0.254941108651205,0.288500976047044,0.359121996570114,0.241677218389088,0.30941896169623,0.0787645954906323,-0.162867910665374,0.0334373313452722,-0.131810325887536,-0.12585225474207,-0.110173031918695,-0.0971746343478707,-0.0899782838968873,-0.149590401646997,-0.181044694365303,-0.0515113725609704,-0.113369590948866,-0.263137195256887,-0.326369893523526,-0.231241282813634,0.0275644146175465,0.172536125604647,-0.0470190008254286,0.179031331318417,0.336124650251239,-0.060855653502302,0.312910102760103,0.118255735583944,-0.0527623402141375,0.0630398834280697,-0.341013631972463,-0.187767600452252,-0.23279855370865,-0.025312801608031,-0.0854151409178177,-0.223474471396948,-0.156525774357799,-0.195286479683642,-0.164899403584372,-0.158883773239742,-0.188186335924502,-0.086309618930153,-0.128950890969878,0.18355915739078,0.00409650270218818,0.140513354654857,0.24294668566154,0.28746446119852,0.219249942643462,0.184017306206343,-0.0393575307361004,0.145827454431731,-0.136510125347347,-0.0312559534266956,-0.137625564523208,-0.270503949797469,-0.195518663183114,-0.0679491821889494,-0.224991481222841,-0.0842020451273662,-0.199130120192923,-0.0603940640652171,-0.0166652277582961,0.152872559844585,0.044349062456892,0.0675663479359683,-0.0939966983687224,-0.0512061487340001,-0.0492155477995723,0.041488811772427,0.0207318854686657,-0.00235688323264105,0.217345162966694,-0.0911984381030881,-0.0941035619792436,0.101469568787463,0.22270456089449,0.151927634243536,0.0724374771608213,0.0851367663092516,0.240204297545172,0.13106794410237
"舅表姐-舅表弟",-0.332131574879001,-0.369887853163415,-0.364672192521714,-0.411655668230627,-0.305331186173799,-0.146080409558739,-0.195098170353511,-0.120694900359805,-0.135547068655737,-0.0768840464454754,-0.176000209519328,-0.234823436919199,-0.278980771577725,-0.110323073260945,-0.199261769022708,-0.239615329324402,-0.224412631183686,-0.0960482096259254,-0.096353760983615,-0.205461632526807,0.0667115404395445,0.007686687112023,-0.137262462408591,0.0531587179211352,-0.237558047135762,-0.0874801671440609,0.0542295476630171,-0.0656843102563642,0.127717282743472,-0.0577841155365304,0.295802565593919,0.0036135204015502,0.0973050234796889,0.147957208501473,0.365714861297693,0.129190599885275,-0.224785585926724,0.00249641221978299,-0.0278850144091287,-0.245965030585822,-0.0576576350971401,-0.033066480561246,-0.0393301972085455,-0.16637064261336,-0.0575755367475546,0.0684405130457077,-0.0551537120066845,-0.0487111523141949,-0.0122600640278866,-0.0197199067886352,0.36681575928991,0.220017589892289,0.124344589411354,0.168449329700027,0.230779175444128,0.528072059136909,0.515296913776187,0.368161329196061,0.117158833403464,0.254941108651205,1,0.666839430637568,0.604770963322926,0.525122173809956,0.498431237859498,0.154564934784107,-0.317822312954231,-0.181565334681394,-0.35761168767277,-0.310108759387412,0.0910491393044275,-0.0544741563941903,-0.12185710444102,-0.0675162828713409,-0.00161276950518088,-0.0987287178568582,0.0731579572227523,-0.217542477738218,-0.248201896695217,-0.219153372988077,0.104357794989292,0.416022149776272,0.095268385485781,0.208168213246212,0.0307584621770025,0.0139248154930268,0.177865633780164,0.252058073125156,0.133440265767912,0.164351668378136,-0.0571089709499667,0.153601203809831,-0.041748046884585,0.0322067927193404,-0.116814935316189,0.140227877916179,0.0156303822634424,0.126659351809288,0.236116179481185,-0.0345934914232191,0.13971057646795,0.134183687403095,-0.0524508395610093,-0.145587948243039,-0.161115034944619,0.369541366017861,0.20009494525494,0.0780697503903398,0.0553472734580999,0.194486071245617,-0.0321195725847834,-0.146872372714926,-0.189077496170495,-0.225843300584635,-0.0123922215005873,-0.142677053623724,-0.160370567354026,-0.277733236422274,-0.145475938909397,-0.282569180453517,-0.156805244698044,-0.247589400383135,-0.0851593640287608,-0.247922927574715,-0.217086876445655,-0.0805087784321802,0.0370946797094145,0.0506449573930787,-0.0625659235460232,0.100787078791569,0.0473213818817122,-0.0166850927255489,0.00724975651897005,-0.162958304757394,-0.153595546038062,0.174704326566057,0.283627118529047,0.16042365383832,0.152436730120014,0.0840500718327706,0.327751126806327,0.180701979213899
"舅表姐-舅表妹",-0.325500300462673,-0.501292387008364,-0.281443064141595,-0.43064440616445,-0.301716681613649,-0.108157383843907,-0.127749722892577,-0.102695750283693,-0.0264296595795171,-0.204386758733569,-0.196233881773953,-0.23110513442849,-0.127625338108564,-0.355745803192148,-0.238299214571452,-0.24540926381919,-0.0672849548942407,-0.129299640350405,-0.0301908387367957,-0.196520386184633,0.0601597420623784,-0.138390128286757,-0.047878838886093,0.0252422921855071,-0.183322639581961,-0.141636838051913,0.0346301017869153,0.110987787843599,0.166888582434247,0.0742212779297444,0.219500638986741,0.0776893062593533,0.227646898356197,0.342170040878221,0.310048558011783,0.130100827177291,-0.155299417346361,0.127110350439549,-0.160589590552405,-0.27369452587344,-0.125888418098251,0.104160807432429,-0.0326484515529078,-0.176777125082614,-0.0346569763633189,0.0738368050223853,-0.0528578820116645,0.0248099294258445,0.0387559171590036,0.139262761907599,0.255798901160648,0.28517540367685,0.0794394012967969,0.329713111472735,0.25637164965623,0.442572371129214,0.456526446985814,0.434183686486084,0.0910134044331175,0.288500976047044,0.666839430637568,1,0.569442786398131,0.613019436496936,0.633496549083355,0.164295566673583,-0.313837903625843,-0.280032553704471,-0.384233365149602,-0.406601540862708,-0.0534301002124598,-0.207876182930159,-0.053684157893734,-0.0294878929060808,-0.0455191109200036,-0.154309535240277,0.0281223897273686,-0.226100719217818,-0.295419060780444,-0.334036614208234,0.163423493294925,0.503572538225573,0.00381134143444438,0.173354856753283,0.13782140494922,-0.0807760710824894,0.330944659064078,0.288902600416982,0.0604009136360466,0.123621504081028,-0.164676405676366,0.0890696692255758,-0.124965976355169,0.0359860959348654,0.0805009406225671,0.0423535942651911,-0.0160660758093262,0.035980005010792,0.229472248345157,-0.217743362060084,0.0451672952460113,0.118935994289282,-0.0860577053229212,-0.11402364951792,-0.200383903131747,0.313772288397766,0.158636008820996,0.166656499728043,0.0485890461445258,0.337689535462275,-0.040597489438542,-0.117615439792368,-0.228714152646352,-0.0684664140770986,-0.0987646416939007,-0.196348895995136,-0.244839487958042,-0.21298594159034,-0.265764836678646,-0.228689587474797,-0.196842491667342,-0.283482176865306,-0.18572128812967,-0.23580212730836,-0.289427367671726,-0.073004781000884,-0.0639151220783425,-0.00876108441233999,-0.15697348414486,0.145539721485058,-0.0409454459491181,0.00123894522492312,0.135235403207026,-0.230896053531375,-0.0932454085033085,0.290589504442474,0.335144779189727,0.214582195947061,0.105495396161655,0.106933593191116,0.357931655722564,0.249103686391884
"姨表兄-姨表弟",-0.352191974390565,-0.316935698875486,-0.296345533000754,-0.245969793891602,-0.284478661641078,-0.188575380183843,-0.149888567355699,-0.0594436808851447,-0.195156045326766,-0.0742254412782417,-0.320531524468444,-0.119924499587618,-0.1517171910684,-0.151068356778044,-0.170708467036877,-0.259935763678382,-0.206507836348499,-0.0952912395500188,-0.159196748466543,-0.0925277500921606,-0.042445762984111,-0.0943712960535146,-0.143310192136119,0.0193709117338347,-0.105843215111269,-0.0475119218848366,0.171103316607327,0.0443953573831948,0.210967283743646,0.15503091952983,0.414080231621143,0.144234142973828,0.386913556032118,0.334272499049249,0.404774198568286,-0.0336140343742599,-0.327565424267508,-0.149795217418351,-0.0845571621147464,-0.352419409324617,-0.250482178850972,0.0119536109899178,-0.0774227656088053,-0.0245327012783146,-0.205901805292826,-0.175805127715727,-0.235886837374288,0.0198792794157307,0.0429622671563931,-0.0627098545352531,0.166862793884647,0.186874501649408,0.107497400611091,-0.00751579288545233,0.162649113789126,0.246199692408522,0.466092443411649,0.328265127533636,-0.000105478833528963,0.359121996570114,0.604770963322926,0.569442786398131,1,0.363543713190213,0.622191916920164,0.0392000382374343,-0.272785661515514,-0.197334369848101,-0.300786361959157,-0.271080123226783,-0.169977999091887,-0.14638519009947,-0.212129007976283,-0.0938947698048411,-0.163970042675613,-0.106354195599167,-0.151575305812439,-0.302914923960139,-0.375717734642689,-0.286474074214767,0.208691633285494,0.405950859907341,0.0541838037830907,0.387496066079576,0.320311219361466,0.120005761400326,0.390054762429707,0.308583344705404,0.0397392832652927,0.200462347889868,-0.325986176458795,-0.134310622956132,-0.189914850971427,-0.000710646248950375,-0.286130399074559,-0.046688300251557,-0.0699916126379851,-0.0368375492306184,-0.0488122409558417,-0.155667017373676,-0.200087471855734,-0.0276437714593469,0.00894038236697255,0.0965534959624802,0.0807397348814205,0.545432560767973,0.537501467211539,0.427009757074576,0.473949784169742,0.458516702631394,-0.00687197840863554,0.0783403854061865,-0.118828461368464,-0.0298423230867354,-0.0197616914469479,-0.301444155947304,-0.251251209100986,-0.288002994640304,-0.31442807032402,-0.379863074231463,-0.3007237571745,-0.296680362782227,-0.202632800036679,-0.238822549598988,-0.188741981728584,-0.16682798206603,-0.0210820283701944,-0.0683095928304505,-0.212736301581095,-0.0265273274982855,0.00777271755008748,-0.19517311257281,0.069198475972378,-0.21753269003634,-0.116326000443592,0.219842664498648,0.366130667993404,0.340835732678729,0.260260436957797,0.149427809621074,0.470168892267697,0.274663529078647
"姨表兄-姨表妹",-0.315168299804817,-0.414324842667688,-0.11851212207827,-0.239385445841157,-0.140998449231286,-0.243831249288718,-0.15336566547593,-0.0499518974523521,-0.07295550559696,-0.417486072654491,-0.267747577617804,-0.330119779756104,-0.136119410472729,-0.321624127971681,-0.109809803483183,-0.289320537440332,-0.0603044428931946,-0.324609927185861,-0.0891441922909915,-0.193849873786249,-0.0125339614214882,-0.250231606536176,-0.111240760190617,-0.0658475511185888,-0.243763494163203,-0.3366799372187,-0.117571109620731,0.0341057389665268,-0.00932327260056471,0.0397798306139301,-0.0453555179589024,-0.089320569930081,0.0362650231956919,0.295968886321961,0.178609749572061,0.140092970311304,-0.0938138466166846,0.232959873353276,-0.192975381083054,-0.116997470640631,0.0435088040383104,0.29962393887025,0.193086865838919,0.118689537805586,0.123313710847464,0.224383263975069,-0.00719162677662206,0.202662585779509,0.251762707384708,0.158946440842122,0.262012508520109,0.504092181944337,0.174263182528773,0.296655692526868,0.347765907640258,0.453226478836485,0.375273711204199,0.347425710725184,0.0820627145532865,0.241677218389088,0.525122173809956,0.613019436496936,0.363543713190213,1,0.579338059931791,0.153679729220913,-0.368888547025163,-0.336320091980479,-0.244579431724538,-0.365382965796007,0.0436170537024255,-0.196034958680101,0.151906217742053,0.0412849297201814,0.108430154870579,0.0656428325030277,0.288547994534831,0.0270194421306046,-0.0383422766844151,-0.0677442562837016,0.099352525897304,0.338941294076869,-0.149078701693955,-0.110276802252058,0.0265863858898644,-0.136629466205415,0.114317458632299,0.0616438700150457,-0.0930162636969369,-0.0706817842465739,-0.147131338666842,0.0863410279657137,-0.152642841249279,-0.0447673094462406,0.173810674749554,0.0060843886490318,-0.0634739989676443,0.10751809604264,0.235311829221425,-0.0857901921590017,0.0796964215835449,0.103558846919719,-0.0306829289124705,0.00251025173510679,-0.134776409264081,0.137080547430579,-0.088073802516602,0.0484447937891225,-0.0779455101826055,0.0954292153978556,0.0362840874537796,-0.0581328219975159,-0.109196970613247,0.0596602586316725,-0.0731418278775456,0.0103531849210155,-0.0840183797802913,0.024454425999983,-0.273598493923855,-0.202481166830356,-0.265877809582437,-0.187934574225152,-0.311411931157371,-0.215590062246792,-0.308390066984129,-0.0737144057348714,-0.147731745742184,-0.0137837924777812,-0.150873985611652,0.230151921246643,0.0488422449563048,0.141220818184649,0.354342118286268,-0.0518910172776225,-0.0362102065530149,0.180102721192023,0.354342128731849,0.157988013895328,0.0228173163336162,0.16463067823517,0.286778005085404,0.130971000275287
"姨表姐-姨表弟",-0.44236425784222,-0.435283781452056,-0.268720998935527,-0.341766111013451,-0.295895958200451,-0.279586858188503,-0.186060577918047,-0.139547483585214,-0.163993503611506,-0.255833546405207,-0.31765727378668,-0.185034833538608,-0.172544054620252,-0.315388068746114,-0.256947310559065,-0.325000766138767,-0.160721301477952,-0.142767025801113,-0.163441489938276,-0.136648655115489,-0.0341381563702366,-0.148176475581309,-0.0859276626629852,0.00333109073231847,-0.0828186067995575,-0.254292365246343,0.0781362013159487,0.0754269537716549,0.299548012073924,0.194732353416749,0.168024992744804,0.0923555507568388,0.155459494793682,0.338103761303356,0.271537566303859,0.111504141109173,-0.207050047673445,0.0616231034251915,-0.0720102706722646,-0.208987344485048,-0.113270577967843,0.165727338335305,0.110229673919349,0.0479092932976888,0.0417733519884955,0.0856084168375898,-0.180781878090215,0.136015867871458,0.170128154136067,0.13794837677809,0.115474631263363,0.358186722832597,0.15520394947427,0.0952417732120938,0.271705384327742,0.311521048887217,0.407817588320251,0.319947658960058,0.00618674920478548,0.30941896169623,0.498431237859498,0.633496549083355,0.622191916920164,0.579338059931791,1,0.160294991439604,-0.347313664978093,-0.275453515815422,-0.224771467111697,-0.293101077082294,-0.0604728165873996,-0.104678379880603,-0.117698985277527,-0.0584717167370795,-0.103853686303249,-0.0560657034075209,0.0342440577745144,-0.192900320863201,-0.234403117760694,-0.221139514357335,0.0317897743397965,0.286044988222284,-0.133555843868691,0.0643666928096735,0.165734815773511,0.0765506046895896,0.270658553941798,0.221854404055423,-0.0547894311114834,0.092126837326256,-0.308397881691762,-0.0201772999643105,-0.200074278469374,-0.0155096806257049,-0.0716290665866507,-0.0636565532941717,-0.0256578780805564,-0.0208330495377772,0.0919350453093957,-0.16479863723667,-0.0496820387970409,0.1010323033579,0.0835063664399957,0.0389112848754392,0.0906344004375474,0.36050160239007,0.262440928852573,0.284412371439193,0.201944099741721,0.308700858776809,-0.0850481703148643,0.061129014633113,-0.0503772339095827,-0.0176689325677381,-0.129929031305797,-0.112020218734573,-0.104690737828771,0.0220471956960233,-0.262286374058272,-0.253126753836431,-0.217490832561935,-0.243252764500489,-0.267439217635603,-0.189403991546433,-0.311014908481819,-0.146767540440507,-0.0457626229894287,-0.0276611007919235,-0.185996783750872,-0.040056046198461,0.012421804971965,-0.0180633521742063,0.237206505594151,-0.0515253275131552,-0.0853783543009337,0.282924791309251,0.339812719158283,0.251767726252885,0.194342582687152,0.233173892512539,0.392897074493826,0.256145161161037
"姨表姐-姨表妹",-0.288846044898232,-0.252834614464247,-0.249992840545199,-0.28655510079765,-0.161895728356195,0.0249870035190808,-0.0585042147230627,-0.219535323267574,-0.0317107606969249,-0.263265344678337,-0.0941287799498277,-0.245205745203103,-0.20943270798091,-0.112851151089122,-0.00446054327208783,-0.184484584921149,-0.0999611013981243,-0.030132939401592,0.0613657318096524,-0.0124682991669061,0.0179649462132106,-0.0122882477291234,-0.00835282789173826,0.136905732961822,0.0104565740049006,-0.00218371493185531,-0.160869154786226,-0.0340474762143959,-0.0223484396721434,-0.0209838590545984,-0.12251713758382,-0.0430190670923812,-0.120150429964479,0.0145646572667388,0.0373637096482454,0.00495249571308987,0.0746595106113542,0.0741273844212706,0.122463548829829,0.0354947614192497,0.278220208282778,0.0207893021016402,0.124651712052663,0.0525316945442811,0.105945474604781,0.161850021234168,0.294421844099335,0.231530313140565,0.0248941638080896,0.261318065053192,0.113940403104236,0.0668610937124991,0.0437378045827164,0.184716752848587,0.16109612967903,0.345983302336922,0.0604102803591588,0.149239465088613,0.131577629748202,0.0787645954906323,0.154564934784107,0.164295566673583,0.0392000382374343,0.153679729220913,0.160294991439604,1,0.11101432581858,-0.0540585634198564,0.156171798516341,-0.0586587586266353,0.180907556040964,0.222512032525796,-0.00103825936326086,0.112555030272509,-0.0196251603040596,0.108769815249891,0.159785299108571,-0.0122859068001569,-0.0430467900655041,0.122522711206485,-0.109725167744321,0.0744480655354963,0.106764832355744,-0.0296407401186098,-0.126724986395941,-0.00336363562582109,-0.0295430614104796,0.0920681319721527,0.166336996471258,0.0486652768025248,0.0913626634265576,0.167595894797257,0.187071148675905,0.243107625155039,0.175470839752882,-0.00352731966344212,0.234650315691769,0.130881675912155,0.200672947072651,0.0267501279556931,0.183833870302386,0.395357762236144,-0.0337503109840503,-0.0292037678785466,-0.0447942864232893,0.116096148869385,-0.0745866657742793,-0.113336039268563,-0.0832411698263491,0.0315387733887474,-0.215487898153844,-0.166510647151752,-0.253391343941729,-0.0852395571174933,-0.0252162015352806,0.0477916398217369,-0.00470936730147984,0.13620953919843,-0.12200009940316,-0.219191153066155,-0.132679696900075,-0.301414686961991,0.0641893115299896,-0.0229915522620307,-0.138998769780803,-0.0787989105306035,-0.202401031001627,-0.134717842823204,-0.157891022166444,-0.041104603714584,-0.0882914696541846,-0.197037869247071,-0.12020090927422,-0.244333478897409,-0.0976754494314375,-0.142610599292847,-0.0951987149450627,0.0739589216553408,-0.0497590519806198,-0.0394356783469543,-0.083209921493074,-0.198704091893937
"岳父-女婿",0.385572190255557,0.35955011053811,0.207911860404021,0.223134962712358,0.197204213009274,0.382154753690107,0.162413870574564,0.112999420907772,0.118901289964933,0.0279439960852444,0.0399601423856425,-0.017209486313828,-0.0429114454644448,0.136277144283735,0.114754389574068,0.150295462186354,-0.000421554512005998,0.0385256600165703,-0.0656251854336291,0.0851437819095862,-0.199257463978288,-0.0814891701046236,-0.162304788441526,-0.116257473896133,-0.00465736347310271,0.121053738205352,-0.089746772386553,-0.058585290757641,-0.04714016067716,-0.162139777013354,-0.162210626408532,-0.06161875636028,0.0616408130383819,-0.172735815962966,-0.20548142502549,-0.0338635829979277,0.0940155595555153,-0.147478870173717,0.301554473259334,0.310395743284442,0.227893726670654,-0.11218156777533,0.0629207405216609,0.0646082565288182,0.168324712184999,-0.164874601822263,0.107947995611012,-0.169026036326603,-0.261497760386759,-0.0699317032399031,-0.0568322235888064,-0.358183878420942,-0.112567743448402,-0.120159721732939,-0.292699163091892,-0.255106890847312,-0.28855558769892,-0.188313302930274,0.297302157576273,-0.162867910665374,-0.317822312954231,-0.313837903625843,-0.272785661515514,-0.368888547025163,-0.347313664978093,0.11101432581858,1,0.452614931473389,0.425261307980298,0.44568791796014,0.0737797785493491,0.290978891818903,-0.0205406584580765,0.162117732691486,0.19665519524584,0.0767293126449672,-0.0468785156147201,0.0775563440108342,0.138173753799707,0.207596927943794,0.00107369991981428,0.0656319642038372,0.304782170338021,0.0121700920968077,-0.141314731213414,-0.184366622023103,-0.273478194650358,-0.317837303606235,-0.0612274822939179,-0.18053724184726,0.0341809610819017,-0.0715484421952945,-0.122535877353438,-0.130277889795115,-0.0934974706922706,-0.187690675899122,-0.0543210677671309,0.0685361222009326,-0.058197839039856,0.162093710195261,-0.0217681845687195,-0.167225344300599,-0.170085100420174,-0.0590669056074007,-0.0576110731917305,-0.17235428454951,-0.177484147835279,-0.149576960101471,0.00349276047062715,-0.251586274282867,0.109083103638487,0.0470948579735073,-0.00556288499631395,0.232172220583206,0.0637021403705302,-0.124183361370355,-0.0276979856147582,0.00642962205794882,0.180130342464588,0.0862068871834435,0.0783335167568593,0.0620076696911698,0.222269889821132,0.15596429587969,0.238504995468774,0.222624623876948,0.0980523154922183,0.10485019752855,0.121808289289348,0.141870157559053,-0.100174661928735,-0.202183984563444,-0.189947779869528,-0.0139963238947882,0.0717482648590054,-0.310721214511311,-0.421400831379831,-0.250932715711843,-0.23983998291613,-0.348059277230014,-0.333212573440355,-0.245358282555599
"岳母-女婿",0.251197226521818,0.280513167168013,0.202160775025429,0.202220506623551,0.273853431387705,0.060047312432145,0.022585636988261,0.141408535526361,0.118612603633952,0.175096453536151,0.1498052124927,0.154859518418504,0.162544622987612,0.184736881482914,0.274688755095373,0.191280052024345,0.0480379657816097,0.0751277567119995,0.0557407174478408,0.0644939859877446,-0.189261449237781,-0.168561077235973,-0.0612278700008667,-0.0733481270251148,-0.0110606464825074,0.153403599561392,-0.132954380771272,0.00899801436435204,0.0470836670975853,0.0712242058683885,-0.128874845955504,0.00909760357118873,0.020846460923734,-0.133010209285422,-0.167069814334674,-0.084223287563207,0.0922853722430239,-0.0458503073351993,0.148534613126206,0.261500097254724,0.101614263938973,-0.0577326454757837,-0.0030981447567816,0.0175358026357871,0.0171202138476872,-0.114694798280334,-0.076095820603897,-0.356364639977167,-0.284392270777548,-0.191794017418508,-0.190951424607219,-0.429268982739972,-0.121820621910736,-0.0767914897393623,-0.388072142813186,-0.339501911858529,-0.267606218426075,-0.207172639896705,-0.00568105355861233,0.0334373313452722,-0.181565334681394,-0.280032553704471,-0.197334369848101,-0.336320091980479,-0.275453515815422,-0.0540585634198564,0.452614931473389,1,0.26201135171956,0.509381379061525,0.0161411884425725,0.229089503797618,-0.157564555823598,0.108851430785192,0.0197970338992699,-0.105932109505625,-0.119381178679135,-0.0513905300036251,0.114437758180191,-0.120538477243719,0.125659207019215,-0.0686582689596637,0.170124968183951,0.0184617868961404,-0.0408013681464697,-0.188135024201668,-0.048661701730538,-0.208065378443695,-0.0507651440463658,-0.182613645967178,-0.156020788016352,-0.180247789676475,-0.246431735730083,-0.24997973782399,-0.152280379779365,-0.266414549301154,-0.159316032998273,-0.123076175110009,-0.104192495485336,-0.0239778982083254,-0.165189532488025,-0.00517771258664752,-0.134287246941316,-0.0241386377955172,-0.0470950665441501,-0.162045795918387,-0.0839506233757954,-0.0959551317195517,0.14268365572688,-0.0802395555542186,0.104530706223781,0.12490846837506,0.135727436234143,0.242317884770858,-0.013847435761911,-0.11541939178496,-0.071928952690179,0.0472336649162393,0.112435677049223,0.159156951739034,0.0667312984277293,0.218342756073723,0.199338314833403,0.249100596686045,0.297727990154508,0.228062240649303,0.196006191203162,0.152238657803297,0.280013308482085,0.146083091591077,-0.111073256322212,-0.0407230525402908,-0.165879763544053,0.0349245338251164,-0.0492303757350406,-0.312293959850029,-0.354593963791891,-0.272323849376984,-0.194647259073904,-0.20380443055823,-0.175057394891841,-0.126600079464684
"公公-儿媳",0.197246105670502,0.235413483696825,0.161331850154166,0.150947844572379,0.222108020629766,0.0534196067310988,0.0193558023285122,-0.0748930488302579,-0.017166701329433,-0.0436053040604322,-0.10334292125204,-0.000705933740989183,-0.118724789799676,0.115506629669339,0.00656270318338334,-0.0536200159041431,-0.10720938765819,-0.0791758092008581,-0.0772529981807676,0.0408650513091222,-0.214708473317362,-0.158828338991553,-0.205856450864375,-0.215731655863745,-0.0143743509014138,-0.196791483840076,-0.21319257264441,-0.0806104214043015,-0.0766568882850527,-0.138535434835729,-0.254253374909117,-0.0685586236049949,-0.143682197953633,-0.146291934283721,-0.234892264844969,-0.0849317340311033,0.0212457917461019,-0.107825879423169,0.101455221083758,0.225418707930417,0.272769218805706,-0.102161452981464,0.214184020547655,0.196110997791669,0.173778152062559,-0.0506970144151103,0.195944186649227,-0.00183051813922845,0.0175974876484982,0.0822931820876778,-0.101400211245762,-0.136237750797765,0.0127693603422572,-0.0614279340668588,-0.0894309472239796,-0.12893270228389,-0.322162768026303,-0.195845454880295,0.167876220222916,-0.131810325887536,-0.35761168767277,-0.384233365149602,-0.300786361959157,-0.244579431724538,-0.224771467111697,0.156171798516341,0.425261307980298,0.26201135171956,1,0.584871685259778,0.183515332638899,0.225848609032586,0.141725120343932,0.143467262770593,0.113212024391982,0.301970171338039,0.152536471926091,0.367321671078654,0.475954843463264,0.410180725728117,-0.0163298704165945,-0.107210859704374,0.119031236429519,-0.212815871336306,-0.146495080670399,-0.0772668012940918,-0.282243398344645,-0.278998645703917,-0.028139956187952,-0.179936618940718,0.0307565014460541,-0.13573055967023,-0.036347191715885,0.0790846706603154,0.0997291757600124,-0.16153262153522,-0.0239993983654119,0.0509156255893875,0.0733788241847404,0.0589257713473908,0.0368575696341801,0.0199438277257025,-0.0513443680278753,0.0117123792761855,0.093407819167189,-0.249916230061154,-0.255329863620185,-0.121114621401776,-0.091215945325125,-0.155183947239907,-0.0823866742900387,0.207319306329224,0.112467940972735,0.187628780380262,0.0107823809314727,0.129272352963363,0.155371123230835,0.287326907592556,-0.0517790254025814,0.0306079189795621,-0.0980264346070725,0.03885218461612,0.0402894342835393,0.206696706431776,-0.0283650018806993,0.0267683627991194,0.00737479466387016,0.0606077395639107,0.157153427564589,0.0792989394914325,-0.0363494735000923,-0.108786700680272,-0.0143589036735538,0.098520115940329,0.057249777411752,-0.218568494683745,-0.227656118234267,-0.135015955298822,-0.169967988846592,-0.1108921319425,-0.317949668334833,-0.366114623823591
"婆婆-儿媳",0.408833190654944,0.38123587280529,0.226680268663689,0.33950432433392,0.397466317687565,0.0639849841713899,0.045256703558959,0.209158304972673,0.126977168143356,0.176704032123235,0.126944302986125,0.17254017553557,0.104015205048801,0.258831193483614,0.194655241314245,0.142431604670497,0.00230288544146721,-0.0503194086985536,-0.0605425974404267,0.160724916544036,-0.207428267654036,-0.148137700283523,-0.1352927951072,-0.261644988202802,0.106862263591062,-0.0115393823965595,-0.230671669559281,-0.0685066006946176,-0.0417468292914947,-0.00664161309258801,-0.206601142259464,-0.0392301476454897,-0.0606171710777595,-0.151199494049596,-0.259654367491773,-0.0480375678709959,-0.0130905194764886,-0.0136491513018254,0.044024946234237,0.340248419550018,0.137610759584098,-0.125621108424993,0.0294685976227455,0.167173114221262,0.0879737029302348,-0.0900563755804464,-0.0674882669465273,-0.334155601517752,-0.192516013098005,-0.112776532792049,-0.245346045543325,-0.361694753430215,0.0586665032502208,-0.0606070029695805,-0.370770330326399,-0.277583763881927,-0.231398682769786,-0.130330553045548,0.0819209709001819,-0.12585225474207,-0.310108759387412,-0.406601540862708,-0.271080123226783,-0.365382965796007,-0.293101077082294,-0.0586587586266353,0.44568791796014,0.509381379061525,0.584871685259778,1,-0.0217959074066883,0.0331622369336235,-0.141651740947675,-0.0263789252005652,0.12388578928751,-0.0805489354616918,-0.0225117406408395,0.194002652187179,0.443780168321324,0.12195318018697,0.0961242821373377,-0.146956162919892,0.0942771169181366,-0.151072894204939,-0.138110638322158,-0.172409039544479,-0.251058739869115,-0.296496206991699,-0.216081237994902,-0.236986716328294,-0.132577432378844,-0.300966974480824,-0.223635703430985,-0.207618899517652,-0.0210068973929968,-0.321661276313526,-0.244577922126301,-0.100538217672442,-0.153351482521628,-0.0168735049016433,-0.162333018457334,-0.141886864907363,-0.186520584252006,-0.0627270017247737,0.0322389993245806,-0.282485368734329,-0.140171912906068,-0.12604880087621,0.0899257346704039,-0.129158773506722,0.0868116494468006,0.271444129789457,0.338668671268947,0.304290856393128,0.00591904060056776,-0.0293749370230179,0.0727484050396376,0.0796480012490286,0.0829454628571966,0.146958231882385,-0.0345295086788172,0.304195272012865,-0.0123041088083108,0.19623810708001,0.16300244962459,0.0491216646608243,0.134770411198395,0.165786097217175,0.304755837423987,0.204351653669639,-0.1304314183763,0.00207573724980447,-0.0984981863142344,0.272126639265598,-0.0270321882079561,-0.185039208712747,-0.25968902974646,-0.205487906369698,-0.222858233787319,-0.153012026822683,-0.231762153142546,-0.157557580440284
"舅父-甥媳",-0.0841200565478997,0.0309664283515144,-0.128483854746191,-0.13545944013679,-0.171496341655719,-0.117480728161092,-0.0929399841984244,-0.217779429991532,-0.164531527489116,-0.0619582087598963,0.109280755871675,-0.0664992968039812,-0.15085259201439,0.1714809107691,-0.171189341436374,0.0405298244091989,-0.101939867999616,0.0261202190540869,0.0514668405086156,0.0428291394010835,0.157602895514172,0.210425313306709,0.0832114897985538,0.0955626445130132,-0.0637883356677463,-0.0501548522196524,-0.0541107046706811,-0.276692708114342,-0.095569491124503,-0.240824100911672,-0.0368065545092737,-0.230503611250967,-0.215253557804894,-0.354117693050025,-0.0723253156469653,0.269110873174342,0.24521188128247,0.0417633273249441,0.263771845890343,0.111899280140443,0.496804851997385,0.0795710434933082,0.240585977599106,0.047647012374275,0.35549162194577,0.428825052741015,0.0993242823017875,0.0636578436483857,0.0267989320281975,-0.0471429015264807,0.210578195490379,-0.0686233928538047,-0.0120170901649094,-0.156170939642621,0.174851306441844,0.140646533533427,-0.13065327779325,-0.111881701554661,0.142553807115477,-0.110173031918695,0.0910491393044275,-0.0534301002124598,-0.169977999091887,0.0436170537024255,-0.0604728165873996,0.180907556040964,0.0737797785493491,0.0161411884425725,0.183515332638899,-0.0217959074066883,1,0.505445625731692,0.577136274043781,0.323351390066809,0.214700731563144,0.296291067361436,0.199750188917729,0.244878350495381,0.251208399343611,0.380732041929977,-0.0704931039427388,0.0391452280712294,0.207077121613018,-0.0580695912555683,-0.127689364757388,0.219605094763052,-0.150820835554773,0.0843648768154617,0.0563557612950221,-0.110668819906272,0.41560266821736,0.34454460997887,0.255583199940551,0.0542813233441859,0.0518756043532531,0.455356916439404,0.484672211193272,0.380451886883872,0.329630803090767,0.492892645199591,0.665756122683828,0.23216678259351,-0.0941323273234107,-0.229812871687566,-0.137928177200628,-0.0746944938110861,-0.232536341413055,-0.412135869278183,-0.317047011451739,-0.381682044394149,-0.217833367462169,-0.223563128202345,-0.223785915402809,-0.200783068327594,-0.247232046323377,0.0111183489190023,-0.146684725003111,-0.121897482455675,-0.0900970037439085,-0.21313710758632,-0.0779025990105533,-0.206754361361526,-0.0415335219126767,-0.0961051558190395,-0.277962070912576,-0.0787119519074996,-0.0315749618469371,0.0678731936715055,0.00422604780432066,-0.0731745305682549,-0.0222607410733001,-0.029132893073156,-0.15529573842493,-0.108395845357364,-0.102047840881802,-0.178837481920532,-0.181110298485973,-0.285152255896216,-0.283074574598602,-0.315266245909689,-0.285326819278096,-0.375121571104556
"舅父-甥女婿",-0.0867177862416731,0.0940041574425039,-0.0921046006126583,-0.0348504404451525,-0.0389141515227434,0.0294536067530847,-0.12888831586741,-0.207755030005059,-0.0754705035664103,-0.146284490677418,-0.0100473789739878,-0.0603609441427897,-0.0651161073670946,0.0808361339724151,-0.0787255195864903,0.0393955191944466,-0.0482692879459481,0.131983507311971,0.105745547049114,0.0255529794767671,-0.0119324728634819,0.0314560668030053,-0.0519078856420018,0.0427968244476764,0.0182130107500193,-0.0268552143037651,0.0130036044143364,-0.203811373382191,-0.0146156040778812,-0.093546601904885,-0.096188157193454,-0.229141843152653,-0.102245828191213,-0.227250165573877,0.0483277441958009,0.0781874296775929,0.107699014524628,-0.0150963053737486,0.353803337691398,0.131559334495852,0.37848078606804,0.0849546091610906,0.243593831888584,0.141972864384547,0.156475632168719,0.150002714442897,0.107677586536951,0.000912115592424786,-0.0787192932503283,-0.0195627861466873,0.128932314934892,-0.185858841419589,-0.153959342060671,-0.15457720009924,-0.0810831652051643,-0.0694691154886497,-0.202390575174747,-0.224399904212475,0.116519077044423,-0.0971746343478707,-0.0544741563941903,-0.207876182930159,-0.14638519009947,-0.196034958680101,-0.104678379880603,0.222512032525796,0.290978891818903,0.229089503797618,0.225848609032586,0.0331622369336235,0.505445625731692,1,0.151412305001314,0.386708927465779,0.195293681205885,0.322963268739871,0.116858199603634,0.0933375471423128,0.0971287997123297,0.273255361758273,-0.112563357388638,0.0115086774138973,0.158773823391425,-0.0812336824553551,-0.154926322354526,0.171721524374264,-0.156861033031862,-0.0604474328816977,0.024385456828288,-0.0572914212513862,0.136751021057166,0.200611777918157,9.46005245600763e-05,0.0479893526609369,-0.181313999116717,0.159821659924056,0.34552248389679,0.33655160354247,0.321518897728943,0.293642556937214,0.351838730583318,0.338990067912035,0.0017131617423864,-0.0543240008837316,0.0253367351016814,-0.0475255201761053,-0.0539537083533753,-0.253448413960229,-0.0227657846446002,-0.23524386354813,-0.16485973400182,-0.165536561656649,-0.173889585216964,-0.11827218570388,-0.00931325107136708,0.0162731685901069,0.0045000926703881,0.0882048880383354,-0.0974739494038581,-0.179655348497523,-0.0898250713169391,-0.218222943880458,0.12307361666594,-0.104391256257205,-0.0969273728939746,0.0246782931134102,0.0896190330811797,0.0313053135266996,0.0977575680534861,-0.164572526382837,0.0196035564135559,-0.171109914715798,-0.140676160154291,-0.0484767737523935,0.00235101889512034,-0.19648035216643,-0.259918469316989,-0.219385152734035,-0.0954198449326477,-0.217267409478299,-0.194848217519334,-0.235524130765396
"伯父-侄媳",-0.00761727516947526,-0.0251626912314591,-0.00219250090692459,-0.0672042974941657,-0.149775750362703,-0.201054080696818,-0.0119097039069824,-0.147350069793567,-0.197145508227179,-0.102252736675,0.101268042012025,-0.0189007888312611,-0.0476485790314985,0.0901151156950702,-0.0962813349567685,0.00465126864391628,-0.0165716505682837,-0.0240655839335089,0.107710391250363,-0.0132742348537757,0.166969921389035,0.0996559422486923,0.14012295068835,0.0714700321529597,-0.0780127480766936,-0.144518254309113,0.103053408591959,0.0555022767782163,-0.1847083250339,-0.184236497354877,-0.0180750863056385,-0.0543334960398216,-0.0698329543914483,-0.202533373348611,-0.0802928391928417,0.278893282185273,0.273767586994636,0.039522221949582,-0.0872424158646885,-0.024372816366046,0.191579210665161,0.0785361522372927,0.107816105787816,0.0360469686973317,0.154839520829815,0.221571103126281,0.0966019482176322,0.267500272193912,0.316384800960816,0.0346423398757109,0.113424948618276,0.156204672992244,0.143159561036256,-0.0251787395410702,0.261313009752144,0.0751761071003951,-0.0889260764084755,-0.157745279520928,-0.0719691892946291,-0.0899782838968873,-0.12185710444102,-0.053684157893734,-0.212129007976283,0.151906217742053,-0.117698985277527,-0.00103825936326086,-0.0205406584580765,-0.157564555823598,0.141725120343932,-0.141651740947675,0.577136274043781,0.151412305001314,1,0.304905987528846,0.180403511994199,0.231505686137824,0.178479156961461,0.376916530475329,0.222903481598597,0.368189482950577,-0.102709434568302,0.00697945944772864,0.0259749760200277,-0.0339729054282007,0.12594943788851,0.209328282449927,-0.00107600725083708,0.0576946992767641,-0.0452214027556265,-0.140079490450976,0.358192713839081,0.209749745214411,0.227314114771172,0.0443557017406487,0.176832913396118,0.449267812464941,0.337114511758739,0.31242577419443,0.262879446121716,0.443737004394391,0.409388308353085,-0.0165948052515541,0.00798572972697861,-0.0733464893376522,-0.135747682816575,-0.116491628699229,-0.259777173438478,-0.199685428204545,-0.362769806113346,-0.333581906045495,-0.240184015824608,-0.16981526315002,-0.260711332490404,-0.171551732835491,-0.294626232457168,0.0782942217423274,-0.142365984469818,-0.0946626644082663,-0.088737328217232,-0.0104820533001438,-0.0781578482653771,-0.132561102743309,-0.125110315448408,-0.0560033775673127,-0.259094015821175,-0.114420092007912,-0.245546044230576,-0.0341348980590271,-0.119523030444853,-0.0790057398437435,-0.0381914011517589,0.0488258288272613,0.0869467767647486,-0.10364091229217,-0.0852315449943308,-0.153809678803062,0.0314108122654488,-0.281587801678644,-0.278069651368101,-0.259590456894685,-0.255706422345502,-0.299814322915049
"伯父-侄女婿",-0.0936484068914378,0.0619812328488981,-0.00957913175184107,-0.0181678010312287,-0.0486409175110107,-0.116804537981268,-0.217453281273786,-0.0734605398561254,-0.195072643985725,-0.119465713306294,0.0571749223046756,0.095099901715647,0.167404253527502,0.0860792709250744,0.10739123294193,0.0631149218218809,0.107288640083506,-0.0128518358746964,0.118199337022328,-0.105601489408209,-0.0532232752301283,-0.130402369639463,-0.0722979385060315,0.0337814725769082,-0.10142897285659,-0.176249824815506,0.23392828971664,0.192719843089283,-0.0134983831454518,0.0462168422860917,0.0167851299306139,0.088272009315121,0.114661903161089,0.0767502825444456,0.122899356735524,0.285080264463465,0.202727585304481,0.197288253720293,0.204159444271068,0.107932709449795,0.218170931873166,0.137561222851604,0.307067278010812,0.143590582300552,0.121306682767348,0.21553134880995,0.183546697557889,0.160905705812311,0.080575111669355,0.254975714468317,0.0391382124918204,-0.164565441047701,-0.0922100959862992,0.061325401390277,0.00781565808740069,-0.135819452993338,-0.184914822101344,-0.156724091729349,0.0199182142935388,-0.149590401646997,-0.0675162828713409,-0.0294878929060808,-0.0938947698048411,0.0412849297201814,-0.0584717167370795,0.112555030272509,0.162117732691486,0.108851430785192,0.143467262770593,-0.0263789252005652,0.323351390066809,0.386708927465779,0.304905987528846,1,0.123781090652422,0.23849231158856,0.0532297179586908,0.187621851846036,0.0935637869346422,0.219935334514201,-0.0661729220722239,-0.000446121724204483,-0.0256373938480979,-0.063358532406828,-0.134623584253292,0.00545342315997721,-0.202304863081576,-0.0572312495746766,0.0233178518441573,-0.16101118309289,0.0546716922356394,0.182016250248358,-0.0212613724384963,0.0406543749241345,-0.0401614295434006,0.0879676700428444,0.248482415213485,0.306386402012038,0.264052777218807,0.170282551902438,0.183288321941421,0.175298317656483,0.141722085375792,0.0106882478597647,0.0184343812888532,-0.131924425273109,-0.21596137344975,-0.219912470778642,-0.112940383831473,-0.156126382647659,-0.052408594433186,-0.0808077135408531,-0.216112127975282,0.0627637874600257,-0.0674800656131745,0.0148010032329911,-0.094004066213196,0.0483609098278394,-0.286416575862639,-0.224444206076544,-0.18312674421741,-0.199187527602895,-0.127954880986042,-0.117601179192425,-0.22555887404838,-0.0955933508376626,-0.121803369465429,-0.136895529293439,-0.109152465069586,-0.10722731416442,-0.032210680591078,-0.16998037671053,0.0252738218664445,-0.093100950167207,0.143442908388735,-0.211859617782674,-0.188215993043567,-0.244811003337838,-0.170323792919923,-0.157393403784957,-0.232321329169792,-0.338643161235953
"姐夫-妻弟",0.249856275201453,0.149995513564848,0.104533747823192,0.0627274426816953,0.238714218618923,0.0278397656060501,-0.0894328686494707,0.119544282654514,0.112345861196268,-0.217158506843159,0.0254139070956629,-0.135958283691777,-0.00948528028127298,-0.0801017751557912,-0.122739344522297,-0.00900492540108028,0.0756809691151438,-0.148147755627158,-0.0567640264940441,0.059580997926937,0.103672465899794,0.0277161287954633,-0.0592201077537442,-0.073647086488022,-0.0146345471201166,-0.189319875441252,-0.129056439076006,-0.257444562949213,-0.0544168724723088,-0.106142569553968,-0.1896842965588,-0.34247901080709,-0.0734564559705787,-0.0876530866234817,-0.00150515067126368,0.159173662506376,0.0624667447876957,0.159773981556145,0.120190804761065,0.0226098971232231,0.378999218405987,0.203646894268873,0.309763279913184,0.190646973360386,0.321033927293785,0.0650669161236235,0.196305527650541,0.015010579786675,0.0945702442050129,0.139398155914734,0.205286841454106,-0.0128778787945929,0.0251557964519455,0.0697020597111437,-0.0660149090643492,-0.0224704652311089,0.00121519551239281,-0.0279496396367763,0.243798176217255,-0.181044694365303,-0.00161276950518088,-0.0455191109200036,-0.163970042675613,0.108430154870579,-0.103853686303249,-0.0196251603040596,0.19665519524584,0.0197970338992699,0.113212024391982,0.12388578928751,0.214700731563144,0.195293681205885,0.180403511994199,0.123781090652422,1,0.28958192193483,0.422198638355998,0.230801947953996,0.179726860850196,0.333093980400413,0.00373194786777306,0.320155055540112,-0.0810494297995439,-0.408575720395513,-0.353783840133999,-0.20050526188792,-0.367929421473202,-0.39139887156432,0.0280960661569994,-0.161373948260104,0.122088905935388,0.151398363274212,-0.100149907378263,-0.024249937189723,0.157484718217237,0.0649237014839934,-0.242954314126797,0.372513849849316,0.209794287565596,0.177100632739288,0.248932831063543,-0.0428185177865285,-0.0907220642452048,-0.11574523699795,-0.152254952937412,-0.159170318908576,-0.345079293349465,-0.426693138024472,-0.314266605945377,-0.349117900220052,0.00099068720112051,-0.16819529153661,-0.130521645074071,-0.058472048291023,0.0144833236079572,0.175714644088314,0.157299164656314,0.127746992500534,0.0259577704391094,-0.0336149391900448,-0.0846560043942028,-0.220875766548053,-0.103967225228553,-0.335804343475793,-0.201010986910818,-0.109678254110564,0.0485810512782103,0.0324257218897996,0.0830361239004099,0.181563976761307,0.125568827065531,0.0169288376827257,0.0842023644899175,0.243278991674812,0.198360413302469,-0.0854296721346557,-0.164280330035267,-0.183329782977655,-0.22245069661355,-0.148171565250718,-0.253779121473776,-0.136490665589051
"妹夫-妻兄",0.0285643263221845,0.0456676388223523,0.0428236276381635,0.010625880391838,0.0306483619235739,-0.0278201577373392,-0.026839386234553,-0.245305728443904,-0.210097416481847,-0.29815812956619,-0.226136618684609,-0.135299051048844,-0.0414057589064056,-0.113183599092658,-0.170310579758755,-0.186040974195493,-0.0560867644996534,-0.0496885914407453,-0.115105473571727,-0.0670958177731005,-0.122212071800304,-0.0109918809484627,-0.163071407722041,-0.270230821416098,-0.178304906935871,-0.284499722947194,0.0169148855882986,-0.152014147368155,-0.100629402961027,-0.181906807345521,-0.123305094188885,-0.200958912936642,-0.107457140249797,-0.052534431438636,-0.0313969560678327,0.0005311975786517,0.0976190904188511,-0.0012360485498087,0.175569489252003,0.0253549740873514,0.273851345620929,0.195632538539025,0.272087306907198,0.223976067880204,0.0986804059104212,0.0540089423731954,0.228806504643885,0.440093505904261,0.253697780320747,0.144690698679921,0.129343258671785,0.190888997741817,-0.040113148234765,-0.13185907356208,0.103754816867155,-0.0210849498914448,-0.126679649911137,-0.077452656129016,0.0704133219310278,-0.0515113725609704,-0.0987287178568582,-0.154309535240277,-0.106354195599167,0.0656428325030277,-0.0560657034075209,0.108769815249891,0.0767293126449672,-0.105932109505625,0.301970171338039,-0.0805489354616918,0.296291067361436,0.322963268739871,0.231505686137824,0.23849231158856,0.28958192193483,1,0.49772671359802,0.356560505778062,0.182571902767066,0.489320678637174,0.0109948058538643,0.111893511760689,0.0394358377018439,-0.232598295192971,-0.111377057003143,0.0361974124261918,-0.217232956929804,-0.146692962895127,0.0629253911872601,-0.0835619634491778,0.121198577654275,0.0490624799339592,0.110299380061331,0.266176606874778,0.0443224595544278,0.0706488666403446,0.148798043248551,0.25404050480097,0.232822684736672,0.178154596603972,0.157586226505083,-0.0156706547053458,0.11907045568418,0.199291568097084,-0.0237240786463239,-0.0946190867782103,-0.183184658733442,-0.182827842520721,-0.131977314539547,-0.190617760590213,-0.153529340705948,-0.0774921514760053,-0.258402550164753,-0.193614343986154,0.0508391840016687,0.145247929280463,0.16687290307958,0.215336253755557,-0.213055780172325,-0.172887395671688,-0.201584866799397,-0.17603351932959,-0.0376048373201357,-0.112391473535004,-0.192909657774588,0.00462906140238693,-0.0575936918847271,-0.0471906211016936,-0.0130261890213898,-0.00700029319051671,0.229386549120211,-0.151061084124279,0.17413984196978,-0.00242140789143245,0.196605321336606,-0.0290042462871186,-0.0509458383505923,-0.0845552185648061,-0.0718625102828871,-0.0747529673221039,-0.182269244147583,-0.281087457839006
"妹夫-妻姐",-0.0996502498649579,-0.138982130972976,-0.103387754909466,-0.142298818790979,-0.0466473401398596,-0.191537963536091,-0.117030317803175,-0.258030698392081,-0.160199560928696,-0.301465770353813,-0.168306418784594,-0.283383457054306,-0.13288127115271,-0.252902592262739,-0.258628309125056,-0.31095186934032,-0.121939460322379,-0.149411238526007,-0.191110178139125,-0.154028942507396,-0.016976703943338,0.064699558332979,-0.0292233813952397,-0.0827098229181694,-0.127925341873009,-0.311829300726633,-0.132445986212128,-0.114720654207052,0.0672928713651872,-0.086368053197791,-0.198510902229183,-0.180608323597412,-0.193380633046035,-0.0127594822140064,-0.00132359453243056,0.00901083349862313,0.0185145033233006,0.099901949036321,0.0331106780790553,-0.0445200318532398,0.226547089860114,0.182652997863746,0.166800195210109,0.14319907605083,0.148714689698535,0.215010973772946,0.0747268333273404,0.30247951400128,0.205380638487233,0.0863294242352297,0.0109395919329676,0.29095233950512,-0.0842069672295308,-0.024206139922584,0.149103630009497,0.174072004126382,-0.037018739109956,0.0207968670246338,-0.0488605005909077,-0.113369590948866,0.0731579572227523,0.0281223897273686,-0.151575305812439,0.288547994534831,0.0342440577745144,0.159785299108571,-0.0468785156147201,-0.119381178679135,0.152536471926091,-0.0225117406408395,0.199750188917729,0.116858199603634,0.178479156961461,0.0532297179586908,0.422198638355998,0.49772671359802,1,0.23679307924929,0.242249495372875,0.457578451971659,0.0102067582865208,0.19856015751896,-0.0667466951705012,-0.349104884428705,-0.257830166173532,-0.0597547558807336,-0.147470361167611,-0.0668939227484166,0.0235066053833093,-0.01642668937548,0.0894586151998057,0.131900313267644,0.137119932377269,0.246293074796858,0.27186950783585,0.162655188717029,0.101686226532569,0.330919972356174,0.26597682495632,0.181552472789722,0.239653643468301,0.0934086611161473,0.07411155484103,-0.0271307706170718,-0.0452604970220505,-0.0865922689180532,-0.216821799868276,-0.289203115876077,-0.231154422611086,-0.13597008559495,-0.195672487492856,-0.13075963756181,-0.0758457136695946,-0.131343559344621,-0.157837675526694,0.260829361401924,0.244214419680592,0.190375003527563,-0.00278171963556411,0.0196243447177002,-0.0357180471100702,-0.0637330763853092,-0.00891966236834894,-0.0991888348089668,-0.192655411513423,-0.0410898814164647,0.0328562866451128,0.123754979948907,0.0767600356326851,0.176022259801687,0.0662913394479526,0.0422696481530069,0.15437090027006,0.0471367243246922,0.050179605228177,0.0539068969063559,0.0590717537473551,0.0011876046894736,-0.0627622585215741,0.0573466535624178,-0.0993252707118731,-0.132261883224387
"叔-嫂",0.274971280543104,0.0547927569126876,0.203197456325099,0.0338250340708778,0.041130125690174,-0.0276451336584557,-0.0196367371058603,0.000418162999428885,-0.0464791977429718,-0.115705896895727,0.0952829131171959,-0.00362195251116913,-0.0612139929802088,0.0066102685563603,0.0410913769446289,0.0513487149014138,-0.053855846111619,-0.119913424301966,0.0971564350998486,-0.0119512935672539,-0.0221079686910139,-0.117193992661179,-0.214538342761737,-0.225919785485503,-0.232904135572138,-0.262468007804118,-0.130742818452834,-0.155049953878184,-0.351946122152842,-0.279618433706566,-0.119077952461523,-0.0939008420965791,-0.0894321318515265,-0.200098954150303,-0.108404361601771,0.173642185238663,0.354272347351376,0.133316247139659,-0.065294154293237,0.135884678588561,0.285829068344169,-0.0501350256243787,0.150498906472168,-0.0416432761852793,0.0980923960654046,0.115192740064905,0.277689626399155,0.181962463992254,0.144995977807771,0.0909456428709283,0.097129502929887,0.0864810567203405,0.054702787151517,0.153647766452851,0.119428120039831,0.1418193829231,-0.140069349796218,-0.129473059010522,0.17054963152453,-0.263137195256887,-0.217542477738218,-0.226100719217818,-0.302914923960139,0.0270194421306046,-0.192900320863201,-0.0122859068001569,0.0775563440108342,-0.0513905300036251,0.367321671078654,0.194002652187179,0.244878350495381,0.0933375471423128,0.376916530475329,0.187621851846036,0.230801947953996,0.356560505778062,0.23679307924929,1,0.614774649167182,0.488280026363153,0.0949469710891434,-0.0745159463343506,0.112436911696357,-0.250672282202625,-0.311911383775815,-0.133864375374863,-0.385711240992922,-0.198634111415815,-0.00290338501489649,-0.15697310200028,0.343239310795221,0.0832330716424235,0.105611557656885,0.0594645896387205,0.252072395397744,0.0355805451449939,0.0906292633865778,0.115015745827929,0.331053744973603,0.0558726496286921,0.241408551455982,-0.0484334458919814,-0.100277724139999,-0.141283922087523,-0.0993768313963667,-0.307762846039414,-0.457151718347657,-0.309572102523112,-0.341684354764074,-0.323532271508991,0.00357968937789984,-0.0266833813073834,0.0183552140362877,-0.0172685653592068,0.000400454420022322,0.285367728237876,0.153467072486918,0.127230675207116,-0.0121759332244376,0.0101385996438494,-0.0179874046688156,0.0814521780416267,-0.0978447017798701,-0.0400673449625197,-0.161374084994611,-0.0937569104193698,-0.175314612607353,-0.0339981347903866,0.00275624096391519,0.073103898195917,-0.037362827333261,-0.00154610707302922,0.00957982514388123,0.101973794761914,-0.052141699246469,-0.17620043402162,-0.157693595407287,-0.116240187010336,-0.179564579185163,-0.0985462690312425,-0.22563956563517,-0.153924739450356
"姑-嫂",0.357957504212196,0.203442744938812,0.193287153306175,0.257749448367579,0.273923084864649,0.0154537077762971,-0.121979744117044,-0.0174892732155689,0.0267032157190366,-0.1341185089879,0.114934075151512,-0.0585324957992766,-0.00440506450566763,0.0355291132363069,-0.00656098422461066,0.102624844841669,0.0164397525846179,-0.144382374873572,0.0286713792773128,0.0913146874639728,-0.0943399188490408,-0.171212588287573,-0.120967815321716,-0.27267472149289,-0.0735157588459463,-0.204738633726144,-0.293531999229314,-0.272581423911385,-0.176411777886179,-0.238772553292187,-0.30434671420359,-0.18732123237399,-0.203587950008525,-0.234219922396338,-0.235067719999048,0.0933396351848987,0.14817429530325,0.223069849939991,-0.093311137154194,0.327939082071865,0.262458491994331,-0.0325843010357883,0.139395052893448,0.0814876181608794,0.136844493866817,0.218526791527696,0.105269715001519,-0.143661495651768,0.0231756630117005,-0.038124901706945,-0.0308246644681302,-0.0452141084490325,-0.0106135172437764,-0.0394833959106283,-0.0908720684715702,-0.00729844012582638,-0.229938045710931,-0.15920905954479,0.0402974494694978,-0.326369893523526,-0.248201896695217,-0.295419060780444,-0.375717734642689,-0.0383422766844151,-0.234403117760694,-0.0430467900655041,0.138173753799707,0.114437758180191,0.475954843463264,0.443780168321324,0.251208399343611,0.0971287997123297,0.222903481598597,0.0935637869346422,0.179726860850196,0.182571902767066,0.242249495372875,0.614774649167182,1,0.381835633559865,0.0941762109612478,-0.086409348247073,0.0889576912639188,-0.355174087136699,-0.287641376761647,-0.179640135991035,-0.402581642643637,-0.253987670842921,-0.200142388181186,-0.322699536434321,0.227928841723962,-0.0102687523709766,-0.00426013811941565,-0.101399423369509,0.182299871127904,-0.0237363235320067,0.0296247683116828,0.200609854800576,0.147070975589971,0.10058482504025,0.139663183971194,-0.00959463798431292,-0.0757248689919481,-0.078729314296438,0.0307050717601995,-0.309862083062626,-0.410393809126991,-0.260568925031025,-0.219960478349297,-0.256947121639276,0.121293308104538,0.17863930484682,0.314686220411511,0.138813890247499,-0.0417752630339363,0.331401349069024,0.192058857993088,0.127462952875121,0.0508228625676334,0.167972569426206,-0.00532191449345622,0.224610717870751,-0.0959333776169746,0.020565736084987,-0.107188949384647,0.0691437455941848,-0.0249336379927535,0.137001490528121,0.183410059792564,0.171695543183058,-0.0731741217446876,0.128878672192466,-0.0249876673912146,0.226499504536528,-0.0527515424198444,-0.106547863238249,-0.200437818005941,-0.238079978352291,-0.203498625243162,-0.0929614803333299,-0.171152066676401,-0.264621566754339
"弟媳-伯",0.0308962905826906,0.0911913460390056,-0.0427464138189087,-0.0233862129879196,-0.0162295595180935,0.0210133869774571,-0.0225563296254134,-0.137290092519266,-0.269431796866464,-0.133528094816411,-0.102576633399056,-0.0721409548689474,-0.183520749327769,0.136301630178794,-0.142914086853767,-0.144686557249531,-0.124726004178297,-0.116314789964598,-0.182966185564995,-0.00618911074014607,-0.138191896847842,0.0584088350129302,-0.0972431924978615,-0.103834228505913,-0.0703602639808945,-0.246730415659759,-0.038533231920065,-0.153384424817337,-0.166618349805844,-0.240944376052565,-0.126540011349474,-0.0946909380232906,-0.177778155873689,-0.200690746150906,-0.0835697752817672,-0.0318307114509793,0.0852253716438552,-0.0842072498527166,0.290989179128834,0.10784141930827,0.400083217223531,0.0633525433676109,0.281010679377786,0.185405067482952,0.162135700206685,0.131905463573015,0.280629337322253,0.344614860976498,0.194780671717676,0.0618542928146944,0.00934924891203813,0.114112946441814,0.0896857246354881,-0.164279529290578,0.164484676376497,-0.0124451859311958,-0.200586293617072,-0.221976173810543,0.146213837402168,-0.231241282813634,-0.219153372988077,-0.334036614208234,-0.286474074214767,-0.0677442562837016,-0.221139514357335,0.122522711206485,0.207596927943794,-0.120538477243719,0.410180725728117,0.12195318018697,0.380732041929977,0.273255361758273,0.368189482950577,0.219935334514201,0.333093980400413,0.489320678637174,0.457578451971659,0.488280026363153,0.381835633559865,1,-0.0022709562136523,-0.0922928608449083,0.0412270476309914,-0.235946586975404,-0.184797772728663,0.0625636945223848,-0.351843455610662,-0.109338451141872,0.125438819970398,0.0475140054688186,0.307637853311389,0.117285871513666,0.289520483629613,0.31032506523575,0.126506747451692,0.157993135889931,0.210371043230011,0.356259852597319,0.202078728645788,0.364250452620957,0.309465870718238,0.0156343914915308,-0.0103190178905214,-0.05105975466806,0.0320285040157189,-0.24989599373516,-0.294323577762239,-0.319078025575816,-0.275116706739228,-0.3632348376713,-0.199566418688607,-0.00557914005499346,-0.125301871981059,-0.0982547952310612,-0.0404563777910855,0.0946364955336561,0.10741070467094,0.193403277488266,-0.0373314928684558,-0.107562965257889,-0.0937532311272748,-0.0438408276822057,0.0197714010406582,-0.0142035563928386,-0.16766658205637,-0.13500025717408,-0.103131960946586,-0.0105398938677621,-0.100818445651002,-0.0567909562822939,0.143463714203785,-0.105614116519919,0.0348026090280308,0.104335215054475,0.10283838884304,-0.124700871125772,-0.156583367798562,-0.0607603194852999,-0.145753459857261,-0.173741088710256,-0.278975818217004,-0.277643630719456
"兄妻-弟妻",0.0874107559752308,-0.159045604821534,-0.180228921474462,-0.145628575678641,-0.146869577675081,0.11188110849326,-0.00121077572751489,0.146032365702419,0.0503411900618171,-0.0130853004888482,-0.120939338212387,-0.0441112749492223,-0.043948198119152,-0.100696755066825,-0.117820577743157,-0.0911758830673517,-0.185369460289873,-0.0883590488657818,-0.137716894851943,-0.174538763981232,-0.212734760844837,-0.140173384237385,-0.0903070370844141,-0.225383771260736,-0.198087466404639,0.0763103602854676,-0.0972263557257434,-0.00686665971343921,0.0273641026395215,-0.0252139841706002,0.16047855841278,0.152622604339765,0.322779136709909,0.150631620898107,0.0569023832304695,-0.109798547300912,-0.0648212975725819,-0.0594140756503993,-0.146830679073633,-0.109052584814528,-0.156284808321943,-0.220491464880336,-0.205501739494639,-0.28051600893913,-0.265399537291994,-0.230002865361261,-0.131179620926998,-0.214395921395208,-0.17745742398813,-0.237261968106467,0.0303393111957623,-0.08607654710793,-0.0237336114557398,0.123780513082117,0.0323909633199081,0.118778547357955,0.112307045557536,0.195630219940514,0.0635919123406127,0.0275644146175465,0.104357794989292,0.163423493294925,0.208691633285494,0.099352525897304,0.0317897743397965,-0.109725167744321,0.00107369991981428,0.125659207019215,-0.0163298704165945,0.0961242821373377,-0.0704931039427388,-0.112563357388638,-0.102709434568302,-0.0661729220722239,0.00373194786777306,0.0109948058538643,0.0102067582865208,0.0949469710891434,0.0941762109612478,-0.0022709562136523,1,0.258540342472836,0.29125788351235,0.231797153680192,0.0957157551031282,-0.118774566517665,0.0443507186293489,0.185696030266379,0.0202709432045007,0.155822665555721,-0.0645013893067129,-0.149829116786322,-0.0568265658956608,0.00123614047295356,0.0102540480220585,-0.0730439934406502,-0.0752726676993632,0.0185685749309216,-0.0301762864536635,-0.107840654232508,-0.17313284647153,-0.114408017908611,-0.233206161232977,-0.206546404295437,-0.0767241758120416,0.0895246797831519,0.152911509770899,0.0796712451090203,0.170762556405271,0.175456100233516,0.0715349965092964,0.00933057794545802,0.0778376607184437,0.271968086761675,0.154046064415696,-0.150294368749249,-0.0821743945993061,-0.20798087991149,-0.194850278658661,-0.158220845990719,-0.144390842733762,-0.036519489499578,-0.086472950636592,-0.0699667339065327,-0.0312550047567565,-0.0719480413321011,0.0482599242398599,0.0192728817922112,0.0347195484718107,0.18534680364569,-0.0460032843640296,-0.000175942243316353,-0.0189539221353908,-0.0103187304607409,-0.0208415489439994,0.15594674335357,0.0668824760685607,0.212941745720857,0.125925435293782,0.0665778878239696,0.240445092474556,0.316209585151386
"姐夫-妹夫",-0.0449774206607782,-0.210432247053169,-0.171555098455312,-0.231517564767913,-0.154880456890939,0.056527884132585,-0.0367638250957664,-0.0535010751177718,0.0226749033910081,-0.24481878083525,-0.254822377688435,-0.378180351780165,-0.25814920673508,-0.327577848517979,-0.291264462752245,-0.212430055355056,-0.198340702586934,-0.182759835144083,-0.149414398663384,-0.186802673979366,-0.103368441428805,-0.128737930319026,-0.210701807512319,-0.152861460196832,-0.302104155049999,-0.107144571623703,-0.0215796131815956,-0.113827588072111,0.232901150996516,0.00440066698977231,0.159897649649128,-0.0585430050529039,0.258735305935738,0.138031073401967,0.23898239374092,0.201385713244355,-0.0407142397190298,0.0377524753863555,0.0112098598348633,-0.127667896696571,0.118242035727341,0.0391575820828658,0.0686808307507124,-0.0966561214142215,0.127550746616563,-0.124778636811182,0.0520755844259411,-0.0449420735652027,-0.0691492634604188,0.0410428222100785,0.362489922262296,0.127349057168577,-0.0864853941094162,0.146982123602792,0.104045054037463,0.341277655534935,0.23835381097138,0.290668538269634,0.257429428609586,0.172536125604647,0.416022149776272,0.503572538225573,0.405950859907341,0.338941294076869,0.286044988222284,0.0744480655354963,0.0656319642038372,-0.0686582689596637,-0.107210859704374,-0.146956162919892,0.0391452280712294,0.0115086774138973,0.00697945944772864,-0.000446121724204483,0.320155055540112,0.111893511760689,0.19856015751896,-0.0745159463343506,-0.086409348247073,-0.0922928608449083,0.258540342472836,1,0.146491858165782,0.0790000647764262,-0.0242866192832778,-0.139406385586231,0.0380200494965897,0.0143509718994155,0.110115111433652,0.0505772329364372,-0.136186319314628,0.169082618548762,-0.1936540657791,-0.0505943725097573,0.0215915563426408,-0.0396967796657653,-0.13918351063684,0.244555712940157,0.137467395365992,-0.0451514491212229,-0.0152866861678957,-0.129026151551479,-0.177172170473855,-0.16300783697162,-0.181763313022363,0.244384918068455,0.0545443953853811,-0.0568728066307752,0.00505540146852286,0.0428512315329943,0.0455079380612348,-0.0777598065265082,-0.16702357011386,-0.0504544515994332,-0.0749349142655215,-0.0400702488462571,-0.0491882701392371,-0.264288898878285,-0.117234489527166,-0.202986631069638,-0.219928111345691,-0.321860709020673,-0.0573278850089813,-0.203996157708689,-0.154254685346363,0.0336372859114553,0.0668870903265773,0.120914997659263,0.00836930350190062,0.266945289750507,0.00265277478349719,-0.0867966074193947,-0.0318317665997583,-0.140995079899606,-0.0110094562174241,0.123918581871558,0.0690043817728723,0.0656117011233888,0.0778422874956589,0.0368941149610815,0.234219465307025,0.146618534607039
"亲家-亲家",0.235635854811456,0.0834024226564812,-0.061459473778862,0.00852645435943418,-0.119368863411917,0.337414176009842,0.174099477121576,-0.0426000485057813,0.0466817274046799,0.164991891612816,0.153429688976139,0.055303118670647,-0.110592889916123,0.0868743983520164,0.031292094444238,0.13677131030671,-0.104646537792064,0.252544664976204,-3.24625096050513e-05,0.0367441944911744,-0.0228352971284614,0.110082491156346,-0.194533034985261,-0.0929169089522643,-0.205525267865721,0.34357828212337,-0.0654110474733259,-0.216506699771716,-0.120137333573075,-0.280046908274131,0.227614800656797,-0.0379279381975312,0.186801019844021,-0.234487686494951,-0.0706143486351571,-0.0729034399281556,0.187791032506583,-0.195509120686893,0.0369625462494897,0.0231137511396546,0.0366211128300377,-0.376123217143978,-0.323190794459938,-0.403585091169568,-0.197028710644738,-0.127833706499496,-0.0596483166406461,-0.153495262775879,-0.44371755105257,-0.342507267416785,0.138627331855447,-0.30688887526021,-0.161280278198865,-0.0594301519431492,-0.145215326955979,0.206123705018638,-0.03983062001714,0.0734142045960604,0.138840293227101,-0.0470190008254286,0.095268385485781,0.00381134143444438,0.0541838037830907,-0.149078701693955,-0.133555843868691,0.106764832355744,0.304782170338021,0.170124968183951,0.119031236429519,0.0942771169181366,0.207077121613018,0.158773823391425,0.0259749760200277,-0.0256373938480979,-0.0810494297995439,0.0394358377018439,-0.0667466951705012,0.112436911696357,0.0889576912639188,0.0412270476309914,0.29125788351235,0.146491858165782,1,0.427362810964446,-0.09333261501762,-0.114518889876153,-0.101797969547248,0.147882532314702,0.0613073441862187,0.0741540507866159,0.296763677660709,-0.104523576408304,0.121960905124651,-0.035419456787856,-0.198555347451703,0.153414970022878,0.140352957701616,0.049799102903822,0.0599769000465095,0.224273634980936,0.107636328546326,-0.0279834278726187,-0.24782596385116,-0.328281236989197,-0.213494643866917,0.194815331064376,-0.00477312761779912,-0.212497781389929,0.0545235140568083,-0.103074644868668,0.0746955831912943,-0.0614301892260981,-0.0370161890595221,-0.0653343963360644,0.157879869924694,-0.158686337897403,-0.198045387882544,-0.356206398631263,0.177949168121642,-0.0649034365810478,0.0832722981686293,-0.0575294140837821,0.294503987364386,-0.0658056244056109,0.168735187415389,0.136727935524784,0.00780955675738913,0.0230022482946741,0.0769290749450839,0.0652391084237424,-0.0960556714746522,-0.249055084756647,-0.453631088861524,-0.286139705417034,-0.11349125925785,-0.167063886974249,-0.25944376848734,-0.0332420011492608,-0.0943936356025701,-0.278912178183672,-0.0438378932273357,0.020344761855457
"从祖父-从孙子",-0.14615545082251,-0.171275318992396,-0.272019981739872,-0.197375511382977,-0.362236601701907,0.157254068353779,0.109748843173999,-0.000172163365424826,-0.0344723269820585,0.312112495738761,-0.0303542568341964,0.123020500108863,-0.111744121381732,0.209942861606945,-0.016094062114276,0.00772471985131251,-0.20145950051959,0.26884850942405,-0.0134204377159717,-0.0510685360921018,0.00257290698871,0.153148682087105,0.0966334153315502,0.203032901295868,-0.0425272719048137,0.40017296004921,0.284233580419064,0.144646242719778,0.113403492625015,-0.0364169774597972,0.401182546073775,0.243816442349407,0.345341049473596,0.00394249390733849,0.143565448409233,-0.074391371038972,-0.0603489384620841,-0.332146427351501,-0.0491638039476929,-0.277517837981836,-0.3107879686947,-0.370945221700106,-0.385477426774375,-0.36719778797399,-0.372779133359537,-0.346803125077528,-0.139614509298234,-0.0891681914712359,-0.266401050737679,-0.310334095758329,0.0413299606766363,-0.210225175325418,-0.0682567771454115,-0.0499768870582481,-0.0163848325144943,0.0615698971338264,0.121083852872983,0.119602581763716,-0.0476264014234126,0.179031331318417,0.208168213246212,0.173354856753283,0.387496066079576,-0.110276802252058,0.0643666928096735,-0.0296407401186098,0.0121700920968077,0.0184617868961404,-0.212815871336306,-0.151072894204939,-0.0580695912555683,-0.0812336824553551,-0.0339729054282007,-0.063358532406828,-0.408575720395513,-0.232598295192971,-0.349104884428705,-0.250672282202625,-0.355174087136699,-0.235946586975404,0.231797153680192,0.0790000647764262,0.427362810964446,1,0.445203462822346,0.298427525344814,0.382922285214969,0.461894948631062,0.156612391879549,0.322594617414498,-0.00910585741377474,-0.168647357816472,0.109939988285275,-0.0223105996797796,-0.286051662482535,0.21695316410673,0.195964670224119,-0.0842177616982194,-0.0924785772410965,0.056941743159989,-0.1312105793834,-0.0951189751535679,-0.060224438110368,-0.117633492912717,-0.080882153784464,0.304815590942658,0.381317138056661,0.208899935250793,0.268108969198439,0.225273314906999,-0.0494409787881563,-0.0694636779813865,-0.151484612161122,-0.0648236047624558,0.0759026664054799,-0.376794300387082,-0.353939895754626,-0.408273343821366,-0.115596974893908,-0.24302604570594,-0.0761871273683908,-0.14555328322529,0.0954466098319905,-0.0308357165426027,0.100695309134934,-0.0335110693685436,-0.0608417957532824,-0.135895403887472,-0.0673224296521994,-0.164375021261481,-0.0295432231397484,-0.156073983230046,-0.210211984497404,-0.349682025894923,-0.141157504834182,-0.000877728686589062,0.141986715959552,0.145584814103279,0.14379407599962,-0.0796489536090231,0.195045545014289,0.183986093399595
"从祖父-从孙女",-0.191277556169189,-0.122813503508199,-0.117486451973974,-0.0828876534488618,-0.195910313689456,-0.218227368715556,0.0611455918962611,-0.057791235634238,-0.243099764306896,0.100144357126774,-0.0895557845160368,0.109706371014688,0.0647364607122708,0.123512066601755,0.0348494171535552,-0.0946830712323122,0.0298756063418269,0.0441044579928689,-0.0438829158854781,0.0384380118343679,-0.105283347328313,-0.0438595970015795,0.222111361273012,0.0346726035175548,0.105774323848247,0.0127343983357547,0.126979299719997,0.311633577086814,0.109721676803491,0.143650654517684,0.144033704765374,0.228629774273187,0.170989575573793,0.170362638444291,-0.0904336145000328,-0.1613965938168,-0.311902160306163,-0.29273363236749,-0.16924513093442,-0.136398628380613,-0.314215497954011,0.0863027439459828,-0.199810493704034,0.14192362678745,-0.249717251137648,-0.177260067715418,-0.366933170770812,0.0169806437619299,0.0997321290533097,-0.217029039652438,-0.126950013925679,0.078992445960634,0.191767748886522,-0.236814316653779,0.101820229591409,-0.117699601794231,0.161426692626618,0.0353950703988137,-0.316119369606516,0.336124650251239,0.0307584621770025,0.13782140494922,0.320311219361466,0.0265863858898644,0.165734815773511,-0.126724986395941,-0.141314731213414,-0.0408013681464697,-0.146495080670399,-0.138110638322158,-0.127689364757388,-0.154926322354526,0.12594943788851,-0.134623584253292,-0.353783840133999,-0.111377057003143,-0.257830166173532,-0.311911383775815,-0.287641376761647,-0.184797772728663,0.0957157551031282,-0.0242866192832778,-0.09333261501762,0.445203462822346,1,0.423611039951832,0.717036103985097,0.326914177896131,-0.118055635984225,0.0829824301838437,-0.287825679267931,-0.319458017788716,-0.077034522995548,-0.0121625225021972,-0.134783526940334,0.0511955748117426,0.135082441270187,-0.121455856669266,-0.273134551471785,0.00945601756117532,-0.302554158987645,-0.200396560457936,0.0359728026308671,0.373904188922452,0.128576997625088,0.280102780363352,0.455251218770006,0.496254878152,0.321342128723454,0.279902787739918,-0.109495047994444,0.102547016220297,-0.0648773529433244,0.0540421699682532,-0.219045608774319,-0.395246129250049,-0.312600555093966,-0.21136734853336,-0.292384592412255,-0.0703841177926391,-0.24472744050688,-0.0133101208037767,-0.145512410979966,0.138664831275099,-0.0644951010887391,-0.031353376773577,-0.0634777216801345,0.0032460406204092,-0.139386678649284,-0.0712435473866423,-0.00627726434104109,0.0477715448010094,0.222460632222191,-0.153546519965921,-0.146452793423554,0.166860486723446,0.3028699439606,0.0747634972684439,0.0415299112525758,0.012674642083558,0.189679550954612,0.106626840798348
"从祖母-从孙子",-0.325516407886913,-0.14092440943479,-0.277101459676903,-0.248989476331211,-0.318292154755442,-0.259344442792881,-0.227140160582123,-0.304164879617967,-0.317966411072907,0.0528765279949318,-0.0197238090995861,0.13802811587513,-0.0501658020256793,0.26345020469461,-0.110020468749164,-0.0869303253195191,-0.0788900216550264,0.199253483185977,0.0164919418882703,0.131120591768988,0.195657798211442,0.289332305745911,0.368330018870318,0.300495006637374,0.256727146256774,0.0416950109889192,0.274323333079133,0.0355157112367026,0.150635343412605,0.103979417461781,0.169999217456549,0.0741453473721529,-0.0297845548273529,-0.0317359384310256,0.0946812856925525,0.0994383334202571,-0.0863120438087269,-0.132792469559626,0.00418028650175872,-0.261720964754815,-0.117951897954559,-0.0921708330266536,-0.0888448076291845,-0.0122809053393223,-0.123532045209173,0.00638976835671852,-0.0753969737684694,0.0705112019171945,0.1648704155546,-0.073405853094939,-0.013010087930699,0.0067507091565621,-0.0021214319193149,-0.219434422910916,0.205550655898445,-0.0394407460890916,-0.0614011327103242,-0.151806613479851,-0.287797459044237,-0.060855653502302,0.0139248154930268,-0.0807760710824894,0.120005761400326,-0.136629466205415,0.0765506046895896,-0.00336363562582109,-0.184366622023103,-0.188135024201668,-0.0772668012940918,-0.172409039544479,0.219605094763052,0.171721524374264,0.209328282449927,0.00545342315997721,-0.20050526188792,0.0361974124261918,-0.0597547558807336,-0.133864375374863,-0.179640135991035,0.0625636945223848,-0.118774566517665,-0.139406385586231,-0.114518889876153,0.298427525344814,0.423611039951832,1,0.45663921208213,0.419316377935877,0.1462530210845,0.262809294055027,0.0925051832338049,0.049899558367539,0.219916619037345,0.228915664948782,-0.0145264849995673,0.392190259189955,0.450173859495745,0.081982151228992,0.128467418985191,0.198207247635371,0.13057832321086,0.0941213821793193,0.192099734359904,0.104037859065323,0.149653981253119,0.222042658942682,0.312150785809478,0.101145835603616,0.127601864276046,0.114259168569484,-0.300633838251015,-0.165731550412405,-0.169732883514207,-0.280101448379798,-0.192383142366298,-0.14927516056743,-0.146452514583674,-0.0951303203201168,-0.252390859525951,-0.296106832498965,-0.19690887030503,-0.224273271038496,-0.104067752807129,-0.00698609778801136,-0.203716825582648,-0.183762534099119,0.0208272265714673,-0.0278458739812686,-0.0182820209632761,-0.268769637807652,0.0421346571950709,-0.0663382348825775,0.0364420064779938,-0.154376795905915,-0.213455524811131,0.0115557342766643,0.148287659734417,-0.0632458989476059,0.0263867734684862,-0.0463490797967464,-0.0186449560553627,-0.0890658507440705
"从祖母-从孙女",-0.299503003925636,-0.280827780248028,-0.231016546543204,-0.273752106972358,-0.222502157940113,-0.270420854233481,0.0229070253764351,-0.0948483725997304,-0.162089218353681,0.0501221040665278,-0.0428952209554326,0.107856957488968,0.18345096976358,0.0497015163650325,-0.0271882850704966,-0.16980151774976,0.0903908350671941,0.110302060140419,0.0968579544954055,0.0477964600814296,0.0848869568518898,0.00248980101995735,0.30722221412225,0.144830958966868,0.175274272080328,0.0598987942545988,0.0913268750077529,0.291866738976112,0.117373077663484,0.232417996734605,0.173062266716458,0.204602816678818,0.112099595842912,0.28018950180645,0.0657715519875947,-0.131333162642652,-0.288162586479984,-0.166863927678883,-0.235481806113947,-0.301449463404518,-0.345311619859498,0.0787799573669462,-0.201346261366278,0.0406142482220719,-0.29441090185432,-0.0732661104928602,-0.359811395040302,0.00295571373118096,0.0462844851795265,-0.121752981816529,-0.0806362538506331,0.144512665730366,0.0977884601749402,-0.0654670562320635,0.139932848012301,0.00730099584414589,0.236031236763996,0.123768926773055,-0.386147885361671,0.312910102760103,0.177865633780164,0.330944659064078,0.390054762429707,0.114317458632299,0.270658553941798,-0.0295430614104796,-0.273478194650358,-0.048661701730538,-0.282243398344645,-0.251058739869115,-0.150820835554773,-0.156861033031862,-0.00107600725083708,-0.202304863081576,-0.367929421473202,-0.217232956929804,-0.147470361167611,-0.385711240992922,-0.402581642643637,-0.351843455610662,0.0443507186293489,0.0380200494965897,-0.101797969547248,0.382922285214969,0.717036103985097,0.45663921208213,1,0.512637207765828,-0.0695184742171657,0.159165917468812,-0.309072424078163,-0.215402500931287,-0.0386034975415677,0.0761078541771111,0.0122352775728179,0.047545409651794,0.156358135242631,-0.26430677708074,-0.0778218438345246,-0.173952904718067,-0.249271094979506,0.0546280792598342,0.0398119575140018,0.282054684555863,0.0327192154808234,0.36095110861774,0.484640387922976,0.401409938346282,0.367934249828445,0.450702592618732,-0.243056776874126,-0.0741897944949025,-0.131064189389202,-0.0420401683084327,-0.237853004293895,-0.354179835336201,-0.302647738418374,-0.161279968452562,-0.308322985707517,-0.164568934950397,-0.221362422309998,-0.102294457551335,-0.147250595156504,0.0455760129273393,-0.0852435715510398,-0.0875791306657058,-0.0730387559819436,-0.0497000027019944,-0.0647124593398574,0.0116335405467508,-0.145773350284054,-0.0206077906804033,0.123200598142294,-0.304645076382991,-0.269405050363233,0.172380786055296,0.296801375836094,0.135542123340114,0.0618759306122125,0.108102704305394,0.168451354748966,0.13487298254454
"从祖姑-从侄孙",-0.385473000791713,-0.357040789400265,-0.451542505780535,-0.399166086850626,-0.480345419145196,-0.110192103204871,-0.0794845130316365,-0.114622648234365,-0.147190488042838,0.158578387651973,-0.0485808498412495,0.076926938689862,-0.0391547549179513,-0.0218098220925509,-0.183107788898208,-0.176696390287406,-0.145608320684851,0.194546658606129,-0.0703848692860246,-0.00385802599924313,0.0438460424424029,0.157094495364486,0.281627314859907,0.172154372713955,0.0223818809587598,0.0973293216576519,0.261984142443394,0.14925408735865,0.0790272973091018,0.0971955945495186,0.357045429253062,0.405450889645409,0.223295601049665,0.213627064579865,0.24691112733967,0.00545239186413467,0.0119243007088908,-0.0683223454472977,-0.0482775311795327,-0.34036019539744,-0.265678572097028,-0.189598573875635,-0.242333498246007,-0.254091436698486,-0.282758804608213,0.0305314193118066,-0.200674591068967,0.086705870551974,-0.0324179053661879,-0.0639291399873378,-0.0985435647118172,0.0376917359301863,0.017933480975483,0.0307138890839401,0.374194284116738,0.257034181855036,0.196085329428287,0.276157399656873,-0.251779254449434,0.118255735583944,0.252058073125156,0.288902600416982,0.308583344705404,0.0616438700150457,0.221854404055423,0.0920681319721527,-0.317837303606235,-0.208065378443695,-0.278998645703917,-0.296496206991699,0.0843648768154617,-0.0604474328816977,0.0576946992767641,-0.0572312495746766,-0.39139887156432,-0.146692962895127,-0.0668939227484166,-0.198634111415815,-0.253987670842921,-0.109338451141872,0.185696030266379,0.0143509718994155,0.147882532314702,0.461894948631062,0.326914177896131,0.419316377935877,0.512637207765828,1,0.135977642477653,0.429657875986549,0.00942416557911465,-0.00275796368491226,0.207481283086613,0.120283462064506,0.0149042553550961,0.206827832840254,0.386306222600197,-0.0626479967157211,0.0769891086985289,0.0242926360651369,0.0379599673170757,0.185173038462998,-0.00316050009749864,-0.141626708209021,-0.077750708260295,0.13198526917486,0.387071972583083,0.0908208296571889,0.185487190428167,0.291250865222975,-0.364580354088111,-0.209860922019379,-0.118470639592396,-0.121905998866844,-0.134318366949537,-0.283152261142423,-0.362075589867483,-0.249626321021293,-0.232749168345157,-0.297709377625831,-0.192982769979417,-0.194648566812269,-0.0296713626715908,-0.00577630160339721,-0.117156871171968,-0.197898890178728,-0.0630610865211585,-0.077682187121667,-0.225345677256762,-0.211117691635665,-0.206493793825242,-0.11832796951403,-0.194322747379038,-0.396037274838518,-0.290792375166826,0.219461265651563,0.195733036652966,0.233063233667813,0.149852695309325,0.0762468902867781,0.195464987714962,0.233163955335458
"再从兄-再从弟",-0.143891569963653,-0.159891225690851,-0.187626738212779,-0.395133374983639,-0.274079431438584,0.314341952607112,0.0624794037040713,-0.0386659912338368,0.0204191329265978,0.223330087300882,-0.164967750204868,-0.0792397342231915,-0.353024293015165,-0.00830401174675778,-0.258852153339166,-0.120522723176757,-0.333667563964617,0.0841251321332715,-0.127446189800548,-0.1907450317197,0.0302622313226309,0.262151427818475,-0.113673549753335,0.309462205376208,-0.251211412593947,0.0991523254884894,0.04062075002109,-0.227969485270849,-0.0790308891446247,-0.159389884353982,0.109938709447792,0.0723632018802914,-0.173156610261319,-0.136863558354898,-0.0199455672112477,-0.200135972822726,-0.108080059788125,-0.325493426505869,0.0404667946172014,-0.409721992044953,0.0402974617731886,-0.359656446255852,-0.0708786774628876,-0.381034194947313,0.0057377896435595,-0.177386134557352,0.450365911199621,0.220025824735225,-0.0841162722689456,0.131767896644161,0.107817687469389,-0.0426861247994097,-0.206225929357961,0.0281343067854454,0.272117296125343,0.260091812200855,-0.131247864791749,0.014554732983585,0.340280030569325,-0.0527623402141375,0.133440265767912,0.0604009136360466,0.0397392832652927,-0.0930162636969369,-0.0547894311114834,0.166336996471258,-0.0612274822939179,-0.0507651440463658,-0.028139956187952,-0.216081237994902,0.0563557612950221,0.024385456828288,-0.0452214027556265,0.0233178518441573,0.0280960661569994,0.0629253911872601,0.0235066053833093,-0.00290338501489649,-0.200142388181186,0.125438819970398,0.0202709432045007,0.110115111433652,0.0613073441862187,0.156612391879549,-0.118055635984225,0.1462530210845,-0.0695184742171657,0.135977642477653,1,0.614395603054188,0.245855243434325,0.242934077184509,0.350723871761198,0.46062287240639,0.142301950308539,0.279167523884941,0.0640861083296672,0.0802389708124128,0.118812336509681,-0.118463355088395,0.24186683405612,-0.00661898596447219,0.0349066280550385,-0.320726205931247,-0.115440917653044,0.00146426602554764,-0.0859363194849,-0.242565158341444,-0.199091110009633,-0.0679664631923001,-0.0435270293484159,-0.147731485636952,-0.213903318148621,-0.239374904573143,0.236903945637995,0.0876713938479769,-0.0218102864522543,0.00703445568285948,0.0205684488739622,-0.143549246875219,0.0677269275077784,-0.261654857894319,0.244969076709147,0.0607673334890098,-0.0657258305743356,-0.203458768999429,-0.0175265623905849,-0.128259445703973,-0.209340820776641,-0.218733091289168,0.354220463653457,-0.077976117405579,-0.150766683292362,-0.121597772850972,0.190533750952136,0.0394886618803054,0.0248199298393517,0.187921381964497,0.252463753889374,0.113710925427365,0.099869663806807,0.0389893481054212
"三从兄-三从弟",-0.214990939886079,-0.182211717721478,-0.323820158828721,-0.345209612873612,-0.326997523290689,0.248331475394525,0.036048650644633,-0.0389003222967894,-0.0628499124429787,0.134476963374698,-0.262443807932826,-0.129415787970343,-0.317182413567893,-0.0577288912068347,-0.301508135188112,-0.318393481251559,-0.386194127052241,0.0569296459261296,-0.269944359348631,-0.242150815868468,-0.0842107909687043,0.242816913335511,-0.0410092432905826,0.19788749906332,-0.210962716996218,0.16314630822166,0.173525953516066,-0.0517604533089197,0.0112703611789885,-0.052771247110128,0.258100219816347,0.215958262213652,0.0215742695999785,0.0100544162547861,0.105739657498286,-0.227395862726127,-0.2377085399026,-0.360171757184032,0.085921324552673,-0.446489550155774,-0.223303818427665,-0.350920409820272,-0.143478248520032,-0.39305077994432,-0.142522922622931,-0.246652037344039,0.161996797011959,0.181690552481528,-0.106505184818684,-0.0397454556498513,0.00723363544918557,0.0101422757799541,-0.0533672807962952,0.0320409507916413,0.305520648043541,0.207537433458031,0.017038915928036,0.0894962740818424,0.0978318093009151,0.0630398834280697,0.164351668378136,0.123621504081028,0.200462347889868,-0.0706817842465739,0.092126837326256,0.0486652768025248,-0.18053724184726,-0.182613645967178,-0.179936618940718,-0.236986716328294,-0.110668819906272,-0.0572914212513862,-0.140079490450976,-0.16101118309289,-0.161373948260104,-0.0835619634491778,-0.01642668937548,-0.15697310200028,-0.322699536434321,0.0475140054688186,0.155822665555721,0.0505772329364372,0.0741540507866159,0.322594617414498,0.0829824301838437,0.262809294055027,0.159165917468812,0.429657875986549,0.614395603054188,1,0.110368307641621,0.114462504279834,0.377417828635895,0.440356037671991,0.0288624589793385,0.201048142610151,0.0645642266157167,0.0269005943363705,0.0912183619487104,-0.0329787689310897,0.0599656731728174,-0.0230649872101878,-0.0695287377473719,-0.317705490877414,-0.0941563745486902,0.00391693649240104,0.175726994975686,-0.0432183171987713,-0.0209798192708434,0.0781383748483072,-0.212294911710232,-0.152120363075039,-0.157772903480601,-0.150579603944472,0.232384081480724,-0.134718297451982,-0.122320878476799,-0.107856719110331,-0.0245727938338903,-0.140255033069783,-0.00479140093847461,-0.144082320617804,0.294709407183355,0.148385637010506,0.0648137105430189,-0.185664914024433,0.0824652040990922,-0.0591457355835048,-0.201508107245415,-0.248666673703979,0.197028002908706,-0.0967880668289902,-0.121580017062373,-0.125588684966478,0.0262940353549939,0.173012830694411,0.207084457548666,0.291905541134691,0.360115911777062,0.136597085358527,0.250514626477461,0.321162888884945
"堂伯-堂侄",0.145441619465626,0.10097396787085,-0.0619649713186634,-0.0790476622604554,-0.109740404974332,0.195222158002802,0.0103767761886179,-0.188615132619614,-0.104332618837386,0.147687283313768,0.324850581726381,0.0475848872275726,-0.109994824923589,0.252437335318636,-0.0213482976540255,0.231916242476202,-0.040014458292133,0.261429860517955,0.217054582499855,0.0624889928796969,0.279215468660501,0.399898407210505,0.0263932202748547,0.184104782078119,-0.0963523500975629,0.237454109269267,0.0233081386874075,-0.276729711430686,-0.250712711997588,-0.412719419018024,0.107768175089081,-0.178848224345571,-0.247771150001554,-0.399699080543597,-0.0806243691177045,0.11793725007205,0.396444669710601,-0.00388205513673992,0.0575118992057259,-0.0418187151766249,0.289147453488299,-0.234312849226993,-0.0846794566725428,-0.308227395396988,0.136125267617034,0.235127329956825,0.401844536845201,0.115445963642604,-0.00868547503737875,-0.0188826142513106,0.221800491396674,-0.178409039847866,-0.143853517741208,-0.00190586108203978,0.0336554226684884,0.208111864410242,-0.185463131291774,-0.256690719989287,0.122512450411997,-0.341013631972463,-0.0571089709499667,-0.164676405676366,-0.325986176458795,-0.147131338666842,-0.308397881691762,0.0913626634265576,0.0341809610819017,-0.156020788016352,0.0307565014460541,-0.132577432378844,0.41560266821736,0.136751021057166,0.358192713839081,0.0546716922356394,0.122088905935388,0.121198577654275,0.0894586151998057,0.343239310795221,0.227928841723962,0.307637853311389,-0.0645013893067129,-0.136186319314628,0.296763677660709,-0.00910585741377474,-0.287825679267931,0.0925051832338049,-0.309072424078163,0.00942416557911465,0.245855243434325,0.110368307641621,1,0.425187129390884,0.622405952004135,0.313407268692273,0.195012440626996,0.599021040362783,0.369077249029411,0.235706643645311,0.251464333482129,0.383471795649332,0.611958305528224,0.109634962447161,-0.154039671439291,-0.37968832957829,-0.303737767185388,-0.20169417128658,-0.389502115058887,-0.484354609155509,-0.463574900405261,-0.395132699396639,-0.139417934318341,-0.368821355636704,-0.253115314192387,-0.320139012911522,0.0438143120065758,0.0976053454213087,-0.0707911366028131,-0.180355207677292,0.198432866721761,-0.0302286513055922,0.170403673112604,-0.136526976448268,0.170746825645576,-0.0978512789504088,-0.0857118364053042,-0.0412725545165851,-0.0757946956952772,-0.0738138524158993,-0.0133286185028487,-0.145897600919432,0.0507294524401349,-0.0160731523605861,-0.262049850872526,-0.0279992473524705,-0.0210976969418423,-0.183082322967655,-0.237205706697547,-0.21248471288283,-0.223309136900366,-0.388830700448271,-0.276743333481441,-0.2507784595724
"表叔-表侄",-0.0982605816413958,-0.045555776720665,-0.155065809368675,-0.164962246859939,-0.174330666084723,0.0123639247069331,-0.102232757822705,-0.162173883349558,-0.0386133664517588,-0.0213189144187283,0.0897485376437319,-0.127977178883169,-0.106991949417269,0.00869867554177007,-0.135571538149719,0.0355846268891318,-0.0565292581129409,0.0446774311771197,0.16361182287149,-0.129145665620007,0.236524718546956,0.224301551125091,0.0327074401743703,0.236157988016709,-0.16682869147248,0.0456054974917974,0.0614463984894245,-0.186735766537535,0.0204995617586678,-0.108441417494088,0.0468068272867335,-0.177337327266134,-0.182865865495424,-0.144765142024198,0.175406236749038,0.259287463499099,0.259730775008021,0.126291453507421,0.179036523554,-0.12353268410718,0.281707266564233,0.0832737427619917,0.244269922488888,-0.0898912368214286,0.312398846915214,0.282474694026122,0.390446270634361,0.12713196344164,0.174285524287696,0.22867543615012,0.329190584842687,0.0301566888721908,-0.0630371588081372,0.164160607356516,0.22951226034659,0.202503632233239,-0.0341623692438888,-0.0605157833621091,0.246441352688865,-0.187767600452252,0.153601203809831,0.0890696692255758,-0.134310622956132,0.0863410279657137,-0.0201772999643105,0.167595894797257,-0.0715484421952945,-0.180247789676475,-0.13573055967023,-0.300966974480824,0.34454460997887,0.200611777918157,0.209749745214411,0.182016250248358,0.151398363274212,0.0490624799339592,0.131900313267644,0.0832330716424235,-0.0102687523709766,0.117285871513666,-0.149829116786322,0.169082618548762,-0.104523576408304,-0.168647357816472,-0.319458017788716,0.049899558367539,-0.215402500931287,-0.00275796368491226,0.242934077184509,0.114462504279834,0.425187129390884,1,0.34601276104111,0.21286371037925,0.102455820100543,0.366275576474689,0.234463421416266,0.239081465079399,0.332500900221994,0.195956786587677,0.522888691495268,0.263659387970789,-0.0441493614645788,-0.278487084461819,-0.200420066372802,-0.216558665890693,-0.30534811623243,-0.418112746727233,-0.416696869524985,-0.342933711227119,-0.219349889134865,-0.381789792475533,-0.255319189395423,-0.223642679203909,-0.0802373821400082,0.118424583221189,0.0639220393026337,-0.0462308799971081,-0.0296875787360128,-0.196231610645143,0.0104469650708971,-0.265892473603215,-0.0121848165658108,-0.140503219519872,-0.216306464426613,-0.13814041626279,0.0791426536115766,0.0603549520130156,0.0255332523953815,-0.0919624719335878,-0.012234993680619,-0.0402932213257809,-0.234068632136965,-0.126802274641902,-0.0056476784860085,-0.125327579737887,-0.165119851899038,-0.165217834187584,-0.0861600325898446,-0.158828160636526,-0.0817254551076372,-0.176918380335553
"族伯叔-族侄",-0.0909482094125821,-0.0630846295270974,-0.296810023657198,-0.281858360192223,-0.232028601880146,0.0579892397902491,0.00168910176630768,-0.275274770110805,-0.222762101051317,0.126800747275186,0.0807344205561932,0.00831206709687392,-0.143571874754499,0.236878623234096,-0.214606552972844,-0.10820284591465,-0.117052505248785,0.225980913381571,0.0483300966960443,-0.0681620705201768,0.200425774899406,0.494033976181749,0.159422602922844,0.246189463150956,-0.0810134161936217,0.336487819771155,0.0693485287882864,-0.110744697054455,-0.173380217520959,-0.268689967781017,0.124936771455286,-0.0291666616144124,-0.217413898338614,-0.24172980510506,-0.0347919267453858,-0.0479909348591341,0.0955210559142252,-0.182207037446997,0.107169977332073,-0.240986289012689,0.0560708076983718,-0.186866386137701,-0.0822732608152419,-0.221340702969506,-0.0225183545208849,0.143343170975218,0.3369564564977,0.299192280500147,0.0604160608340104,0.00861441656815949,0.0384761339801767,-0.0210995222738846,-0.11586465356955,-0.11407723630633,0.235795229559626,0.190910524764095,-0.180658417674738,-0.146334885302007,-0.067109555704514,-0.23279855370865,-0.041748046884585,-0.124965976355169,-0.189914850971427,-0.152642841249279,-0.200074278469374,0.187071148675905,-0.122535877353438,-0.246431735730083,-0.036347191715885,-0.223635703430985,0.255583199940551,9.46005245600763e-05,0.227314114771172,-0.0212613724384963,-0.100149907378263,0.110299380061331,0.137119932377269,0.105611557656885,-0.00426013811941565,0.289520483629613,-0.0568265658956608,-0.1936540657791,0.121960905124651,0.109939988285275,-0.077034522995548,0.219916619037345,-0.0386034975415677,0.207481283086613,0.350723871761198,0.377417828635895,0.622405952004135,0.34601276104111,1,0.605013694156724,0.335732449991972,0.553528032630475,0.425467511518262,0.209245490304295,0.258063388414475,0.286344492811785,0.445983100543289,0.19115417355908,0.0388650770199692,-0.247105081125587,-0.136080613820232,-0.138213688160254,-0.168561449373087,-0.30408789297154,-0.379182720736941,-0.217858070007677,-0.324331299827535,-0.275134201621866,-0.281696355499218,-0.331662367580069,-0.0763983147468848,0.0396781123073685,-0.0635829998154366,-0.0692174771828947,0.0544058708343048,-0.0811137243914314,0.115775807825284,-0.0982250742384556,0.202694263704965,0.052612716386443,-0.0766828016098375,-0.14550591029432,-0.0639743233786006,-0.0401852902058086,-0.0803987335029012,-0.207429455760387,0.105758004174083,-0.0612218668989753,-0.1905864153293,-0.168239707970343,-0.0271826521754302,-0.0442664013016783,0.0127924750412647,-0.0564491931982896,-0.019247176942692,-0.1631131717007,-0.147415765577117,-0.174919968224801
"族兄-族弟",-0.159853501811804,-0.121598697032071,-0.275330929261213,-0.317418571897831,-0.163915688035042,0.061649487024055,-0.0801920277690615,-0.214323501928765,-0.198213990028958,-0.0393974770276541,-0.251311291308151,-0.0615401781440284,-0.189195034461821,0.0331656797184843,-0.291286278415394,-0.332817258743355,-0.183687716596836,-0.0270465162902597,-0.120372495585008,-0.192018646337397,0.0437613131244863,0.227829916154093,-0.0431493348947328,0.107369120139265,-0.180769579187735,0.135616357210423,0.0214460753257481,-0.0861840040937917,-0.104548847213217,-0.136657483952991,0.0591544813744509,-0.0492954927434987,-0.304950031180234,-0.00749656816904567,-0.0181361192257309,-0.252455716419668,-0.20628733607508,-0.283529914501006,0.0980228912016184,-0.374939979813626,-0.00374543576584371,-0.0853444229516404,0.108182982121597,-0.0107898860226061,0.0245508096078985,0.0379508451823088,0.344582143585511,0.466314078988633,0.202147710251979,0.21537685632722,0.0888686580829044,0.127828330029452,-0.0849078974705604,-0.0368908018584058,0.368974498392494,0.144094671688984,-0.122484008500484,-0.0608242636428152,0.0453011386175063,-0.025312801608031,0.0322067927193404,0.0359860959348654,-0.000710646248950375,-0.0447673094462406,-0.0155096806257049,0.243107625155039,-0.130277889795115,-0.24997973782399,0.0790846706603154,-0.207618899517652,0.0542813233441859,0.0479893526609369,0.0443557017406487,0.0406543749241345,-0.024249937189723,0.266176606874778,0.246293074796858,0.0594645896387205,-0.101399423369509,0.31032506523575,0.00123614047295356,-0.0505943725097573,-0.035419456787856,-0.0223105996797796,-0.0121625225021972,0.228915664948782,0.0761078541771111,0.120283462064506,0.46062287240639,0.440356037671991,0.313407268692273,0.21286371037925,0.605013694156724,1,0.343056638169405,0.325627033789525,0.193623021347351,0.108681458793153,0.193849682052458,-0.0161181117181579,0.252602788353583,0.160967587325372,0.110238908333726,-0.032257580246335,-0.0500586019901165,-0.0508650492003208,-0.127767866604473,-0.153125694289209,-0.234517748400959,-0.0380736131242188,-0.278483713626912,-0.156980979382129,-0.385911350256704,-0.27231423322792,0.0160372115451369,0.0294153035026789,0.0393844330641195,0.139434569020793,-0.225121542141855,-0.251456195501858,-0.080084752534329,-0.252156024085832,0.131263815060409,0.0412150487795378,-0.239935023205542,-0.20838448156167,-0.0311578726537729,-0.0821897268608328,-0.106633310829085,-0.105528596205375,0.323791898189615,-0.10575674799865,0.0786150780357182,-0.0973087358544573,0.212067604032705,0.110050834244283,0.126093394509112,0.127057269840378,0.10242766869787,0.0268438719676017,-0.0312078867396363,-0.154416430916754
"族姐-族妹",0.0659622567881332,-0.212749206493624,-0.0294085906724241,-0.287597290040821,0.0197146511471806,-0.0104248843442559,0.0314213958602098,-0.0171436108797716,0.181809898135893,-0.232068808688858,0.0410203898914993,-0.116132346303923,-6.5494979916081e-05,-0.188920996437367,-0.131069099162724,-0.18624935086082,0.0526057150528701,-0.181538984995234,-0.00691848291443813,-0.0806367489610957,0.142987232607183,0.0112469702954363,0.156477727644317,0.0152955053269914,-0.0602797346763554,-0.0521551638113527,-0.26811279228869,0.022107730498663,-0.252527981713358,-0.0653643515667951,-0.237138691374275,0.0454589708981657,-0.190952161396066,0.0808457579822036,-0.250412198635296,0.0364787065743967,0.0293248469228977,0.113493910223201,-0.27979052852734,-0.0764432282369421,0.0384027385162771,2.32835784917161e-05,0.0170489153916551,-0.00538481439155074,0.174899267000095,0.276781526552111,0.236698062962994,0.220489918576775,0.0868114931132435,0.34432303302137,-0.0756540623396724,0.201167296337204,-0.065734793167636,0.294276408951195,0.256899268501603,0.209399398583233,-0.175577910003029,0.200166555555543,-0.0549666301270565,-0.0854151409178177,-0.116814935316189,0.0805009406225671,-0.286130399074559,0.173810674749554,-0.0716290665866507,0.175470839752882,-0.0934974706922706,-0.152280379779365,0.0997291757600124,-0.0210068973929968,0.0518756043532531,-0.181313999116717,0.176832913396118,-0.0401614295434006,0.157484718217237,0.0443224595544278,0.27186950783585,0.252072395397744,0.182299871127904,0.126506747451692,0.0102540480220585,0.0215915563426408,-0.198555347451703,-0.286051662482535,-0.134783526940334,-0.0145264849995673,0.0122352775728179,0.0149042553550961,0.142301950308539,0.0288624589793385,0.195012440626996,0.102455820100543,0.335732449991972,0.343056638169405,1,0.00724077770563388,0.0558085396965106,0.0483469855819099,0.223166207219621,-0.143709004146634,0.128964944972965,0.146975289267142,-0.0862164021642469,-0.166700079396658,-0.191974714396205,-0.260160389255901,-0.3363963915487,-0.216243231831717,-0.418860504455425,-0.0436803376928238,-0.230226419040547,-0.208068510541133,-0.153379922674281,-0.091223300935074,-0.214533531522105,0.222436484180576,0.0545946151118842,0.23415838441178,-0.0952812328629312,0.0684968229916903,-0.0257477125281661,0.0838809526863415,-0.0714526778779414,0.110780169213984,-0.125711932079946,-0.0529429296580603,-0.173108100041076,-0.0207400134106637,-0.0595180031764611,0.216913575606915,-0.0560604598274439,0.27720841945006,0.143122782571881,-0.00151688298303725,0.038289554106074,0.160994795645539,0.0388458866936312,0.0222558722250105,-0.124194363727579,0.0859498564415133,-0.156846601657875,-0.0707079437391216
"堂祖父-堂侄孙",-0.130909141723072,-0.109518724492764,-0.283899252892694,-0.237661517343367,-0.33366104480183,-0.0536518051272085,-0.170835961496859,-0.378940404406262,-0.257104478377202,0.186505220662144,0.145570526703307,0.0433723713115912,-0.153136590199083,0.278154706510223,-0.201439707093726,0.103877508006524,-0.113941549668465,0.358715945325977,0.128828045999536,0.0245352962602105,0.382115789302231,0.517854785649676,0.234622242876664,0.471352635895777,0.0206924904782201,0.201710045749809,0.154690151492695,-0.239402219728557,0.0139913578892843,-0.2901643606254,0.186007889714045,-0.238820532146513,-0.230578428486123,-0.394228887328168,0.0144338559807359,0.0562709745968978,0.0879923376610318,-0.159950076222323,-0.0354842040265341,-0.347718800194965,0.0108271799397712,-0.225741109805547,-0.195318469093849,-0.318621163832815,-0.0352498951056517,0.115410720552443,0.166255959972534,0.166581374580374,0.0585403438969727,-0.138380782442647,0.234540798184953,-0.0566593247818152,-0.196480150498979,-0.210781431202735,0.170683921370139,0.171112308731478,-0.0542137004150665,-0.205540428432689,-0.0961943390873427,-0.223474471396948,0.140227877916179,0.0423535942651911,-0.046688300251557,0.0060843886490318,-0.0636565532941717,-0.00352731966344212,-0.187690675899122,-0.266414549301154,-0.16153262153522,-0.321661276313526,0.455356916439404,0.159821659924056,0.449267812464941,0.0879676700428444,0.0649237014839934,0.0706488666403446,0.162655188717029,0.0355805451449939,-0.0237363235320067,0.157993135889931,-0.0730439934406502,-0.0396967796657653,0.153414970022878,0.21695316410673,0.0511955748117426,0.392190259189955,0.047545409651794,0.206827832840254,0.279167523884941,0.201048142610151,0.599021040362783,0.366275576474689,0.553528032630475,0.325627033789525,0.00724077770563388,1,0.515561449941534,0.435814521254976,0.249622194945468,0.472482862009729,0.571317692047556,0.0968508183219645,0.10964594133845,-0.244422278930863,-0.0722335178469218,0.120213741360952,-0.0252208981148755,-0.257247062104117,-0.251682592696841,-0.192867495191687,-0.200449307751228,-0.359510292500112,-0.294026158933524,-0.40225536858182,-0.0901738020726441,0.0473222749345736,-0.116468975711846,-0.284336775645875,0.0264561193050237,-0.155267394584017,0.0736465534709691,-0.304552013708724,0.0832132134359787,-0.247169244551855,-0.233503200862489,-0.183553689911471,-0.101510615030993,-0.100124170945909,-0.0538408025486227,-0.259166390239657,0.226479446199816,0.0683894583917916,-0.0920197692847239,-0.115106945032594,-0.00726099635487807,0.0133640620687627,0.133501754903978,-0.165608676557683,-0.0104231001671332,-0.202954434440018,0.00109726189976878,-0.159150722485208
"堂祖母-堂侄孙",-0.240824623352576,-0.166411036115482,-0.314036337791658,-0.273352608847338,-0.42290018035658,-0.162559441007348,-0.222526490951336,-0.400442404910925,-0.375610002298987,0.0405003148885616,0.125661585998644,0.139027642607692,-0.00469472961907817,0.190895021026012,-0.0521955197764602,0.0257790666497985,0.0343262743809168,0.241318488301199,0.164187116131288,0.0719438747123954,0.150567748517163,0.259408870050258,0.242972878956856,0.272402335331126,0.0699191384954101,0.0244919901769067,0.0614662416148248,-0.0621332122904811,-0.0233297440135086,-0.199383179947683,0.0427688766161517,0.0273542134273915,-0.0740144996204027,-0.184692593202385,-0.0915671506625026,0.0531106664081245,0.189392502177115,-0.0962734815999206,0.0815511692711401,-0.0745271971207859,0.108056344551135,-0.0437679318862001,-0.0215640752640066,-0.113284898608944,-0.0122668086608246,0.317450762451073,0.0327076396290104,0.182808201793945,0.0145198737427762,0.0172524684724812,-0.0442513672198756,-0.0746729126263775,-0.233094694135332,-0.22082662018785,0.155590844233481,0.131334780837227,-0.171895356029027,-0.154334626052595,-0.221191563746455,-0.156525774357799,0.0156303822634424,-0.0160660758093262,-0.0699916126379851,-0.0634739989676443,-0.0256578780805564,0.234650315691769,-0.0543210677671309,-0.159316032998273,-0.0239993983654119,-0.244577922126301,0.484672211193272,0.34552248389679,0.337114511758739,0.248482415213485,-0.242954314126797,0.148798043248551,0.101686226532569,0.0906292633865778,0.0296247683116828,0.210371043230011,-0.0752726676993632,-0.13918351063684,0.140352957701616,0.195964670224119,0.135082441270187,0.450173859495745,0.156358135242631,0.386306222600197,0.0640861083296672,0.0645642266157167,0.369077249029411,0.234463421416266,0.425467511518262,0.193623021347351,0.0558085396965106,0.515561449941534,1,0.344504033451384,0.334759066398196,0.336996854557914,0.417019521642823,0.258585471509009,0.169027890911898,0.00236648397934769,0.163407003634459,0.129374746566554,0.065561523273061,-0.0975691627978073,-0.0142327223711908,-0.0155525161516579,-0.271065598451934,-0.256465657623392,-0.168707023479146,-0.238037174648923,-0.29298311846721,0.0181661856725064,-0.141569065282069,-0.129827728232307,-0.105461690039342,-0.192246038689591,0.0207889232253267,-0.139938533713002,0.0180108579925198,-0.0420116671508388,-0.196254567038242,-0.0520061368052599,-0.15293077278798,-0.077097035981966,-0.185874963923263,-0.232700407568173,-0.110739736668028,-0.0792385678098292,-0.171722670257741,-0.337624602195353,-0.127764527594992,-0.0580893547978989,-0.0874498107099402,-0.140055624326795,-0.0705057375386788,-0.201426574750874,-0.103968252199091,-0.18820824907761
"堂姐夫-堂内弟",-0.0155350542328273,-0.0666861985685514,-0.225959295999502,-0.107420493543486,-0.224133191062679,-0.0448388878509783,-0.278683089975747,-0.367294148834265,-0.240405800220664,-0.246500984185106,-0.114411055568685,-0.257291652756451,-0.224205216982296,-0.0555931994687822,-0.295777469291383,-0.152177501715135,-0.137114852277706,-0.0315345795732663,-0.201162859515205,-0.0890460418304932,-0.0140421897432562,0.0960441703690081,-0.0096785071245806,0.145990603512793,-0.159413973225279,-0.0786043542731137,-0.00360817256742186,-0.288447651084518,0.0648152537786957,-0.246392589450873,-0.0292734362629996,-0.255627823903569,-0.0372419921008829,-0.284634009685339,-0.00631556989658322,0.141218955075589,-0.0340657148268249,-0.0519447006941665,0.12200212670004,-0.0795457284843417,0.154548272210338,0.0155221993687137,0.0997011262219642,-0.0254401945260161,0.101399195832505,0.0892444547083193,0.144152049375034,0.143579111887312,-0.0248576536502377,-0.0407507365781637,0.179533851711747,0.0462265866597245,-0.233367572146728,-0.257301722445996,0.101484391629299,0.0583041386014651,-0.143066928068668,-0.140712904319941,-0.0496341995368747,-0.195286479683642,0.126659351809288,0.035980005010792,-0.0368375492306184,0.10751809604264,-0.0208330495377772,0.130881675912155,0.0685361222009326,-0.123076175110009,0.0509156255893875,-0.100538217672442,0.380451886883872,0.33655160354247,0.31242577419443,0.306386402012038,0.372513849849316,0.25404050480097,0.330919972356174,0.115015745827929,0.200609854800576,0.356259852597319,0.0185685749309216,0.244555712940157,0.049799102903822,-0.0842177616982194,-0.121455856669266,0.081982151228992,-0.26430677708074,-0.0626479967157211,0.0802389708124128,0.0269005943363705,0.235706643645311,0.239081465079399,0.209245490304295,0.108681458793153,0.0483469855819099,0.435814521254976,0.344504033451384,1,0.349304730283653,0.454336611237893,0.312642122781456,0.0861625315354316,0.14602268794552,-0.0987337989388582,0.129391561249492,0.00329937923946051,-0.127979251942176,-0.214976817886294,-0.240239737751657,-0.233213488267811,-0.0778373908517196,-0.117829728722464,-0.148940184425615,-0.169852809311813,-0.125692462973031,0.205252879776101,0.0328553161552772,-0.146342087484347,0.0223313467855334,-0.0440163118869989,0.0188875272812909,-0.135104317316965,0.180532780072955,-0.181890900652565,-0.104452552376532,0.112501868547959,0.0200922307457132,0.141101409569319,-0.0984723670063345,-0.0565521585782448,0.243655360448999,0.0491675444970426,0.0837915220855942,0.0214659539232209,0.160904233644427,0.0260511036189259,0.118946720218628,-0.135725137296431,0.0723645603043051,-0.0975218126776453,0.107735901704073,-0.109558530648957
"表嫂-表小叔",-0.105603473534585,-0.238695653770863,-0.194575660167504,-0.32648504199485,-0.219037488518321,-0.134185558569245,-0.318067871394925,-0.257178073930345,-0.163571759169043,-0.224176670888858,-0.0290133441473976,-0.0966921220930465,-0.0949656699917081,-0.0202371704277283,-0.178955269404255,-0.131294297894034,-0.0832590225951393,0.00221293307258278,0.141532493975094,-0.116907966932477,0.151392527441206,0.0266810479889362,-0.0343609917275148,0.0235797940236283,-0.17437188821195,-0.132361957218291,0.0459801762689562,-0.101777119959912,-0.117119229218311,-0.211206265210988,-0.0284873870734785,-0.160026110611695,-0.0434902948942199,-0.0910371939149669,0.190460981473884,0.278760838483488,0.139341244614194,0.198568526989113,0.0389767246495249,-0.146638448282732,0.161575625076158,-0.0138518145272903,0.222241144443831,-0.166120635563694,0.101476175409037,0.256028480460672,0.293490185835316,0.110565715317669,0.0561563547112789,0.173419139551267,0.198493172345682,0.098263101992303,-0.0330833965898319,0.284026223331718,0.245920182573053,0.262058279935849,0.00512933941819439,-0.00151465082509179,0.03551694579614,-0.164899403584372,0.236116179481185,0.229472248345157,-0.0488122409558417,0.235311829221425,0.0919350453093957,0.200672947072651,-0.058197839039856,-0.104192495485336,0.0733788241847404,-0.153351482521628,0.329630803090767,0.321518897728943,0.262879446121716,0.264052777218807,0.209794287565596,0.232822684736672,0.26597682495632,0.331053744973603,0.147070975589971,0.202078728645788,-0.0301762864536635,0.137467395365992,0.0599769000465095,-0.0924785772410965,-0.273134551471785,0.128467418985191,-0.0778218438345246,0.0769891086985289,0.118812336509681,0.0912183619487104,0.251464333482129,0.332500900221994,0.258063388414475,0.193849682052458,0.223166207219621,0.249622194945468,0.334759066398196,0.349304730283653,1,0.106310971186344,0.415036655015927,0.35224364187099,0.0773066995670817,-0.243330659995221,-0.132833085372701,-0.121866995947831,-0.273922601419994,-0.339760221493567,-0.252080138144973,-0.0951758385777399,-0.253481684536922,-0.295798518949511,-0.292659548488057,-0.234467598700826,-0.0950737703600999,0.152430537586015,-0.028996533865847,0.0350274522901473,-0.176377791730473,-0.15274561269549,-0.0872090128899839,-0.133953883304255,-0.0569773703392994,-0.160177898672114,-0.235682781834291,-0.106689459411262,-0.0177031044207795,0.00662785878213958,0.0672788081354891,-0.00118682341394352,-0.0275490329176852,-0.065009013805792,-0.0286508793245641,-0.174473421920739,-0.100333137955129,-0.0833107873388146,0.0293278478148761,-0.125974546240209,-0.101707631633501,-0.0937348261320042,-0.148058845748236,-0.15079617548047
"姻伯叔-姻侄",0.0805790931931844,0.151631790358113,-0.145136315132019,0.077922104554815,-0.0924896394838053,-0.0571865838259485,-0.086438728559916,-0.218193180609133,-0.274539773925881,-0.0469885117357067,0.106698096283561,-0.104412271464734,-0.108197687940999,0.271293892403252,-0.0710036566893172,-0.0364315426425864,-0.119438875158631,0.106066611218258,-0.0865791017791135,0.00155703305151979,0.0206136741402188,0.270246611646577,0.0954329145385566,0.116588580973149,0.0316213742213359,0.115070122322175,0.204412004058144,-0.0883528029595683,0.124227459300843,-0.187249677666407,0.111417094877099,-0.18019810100054,0.0400964329384379,-0.353739390981901,0.0281120561223865,0.153219880083047,0.171390533928354,-0.0888247597330063,0.265497616596382,0.0610947749217557,0.122245802182494,-0.0129268946364861,-0.0211184590136395,0.0397727559436898,0.102144350551138,0.150439501922006,-0.0700153362316599,0.100973708408091,0.0617435875730976,-0.252043923801582,0.0538590911120009,-0.0785315925073928,0.0301889650077386,-0.322406748892106,-0.000304532119242037,-0.0615568056602316,-0.0815973240084715,-0.211519240082142,-0.132992475501516,-0.158883773239742,-0.0345934914232191,-0.217743362060084,-0.155667017373676,-0.0857901921590017,-0.16479863723667,0.0267501279556931,0.162093710195261,-0.0239778982083254,0.0589257713473908,-0.0168735049016433,0.492892645199591,0.293642556937214,0.443737004394391,0.170282551902438,0.177100632739288,0.178154596603972,0.181552472789722,0.0558726496286921,0.10058482504025,0.364250452620957,-0.107840654232508,-0.0451514491212229,0.224273634980936,0.056941743159989,0.00945601756117532,0.198207247635371,-0.173952904718067,0.0242926360651369,-0.118463355088395,-0.0329787689310897,0.383471795649332,0.195956786587677,0.286344492811785,-0.0161181117181579,-0.143709004146634,0.472482862009729,0.336996854557914,0.454336611237893,0.106310971186344,1,0.300197399779818,-0.0346261705510484,0.0504748992446946,-0.0643458442748739,-0.0645725896519676,-0.0790868425476761,-0.107140554916324,-0.242081126737478,-0.25414801845563,-0.391735228093516,-0.201310546656895,-0.189153302653003,-0.0889202612525938,-0.162795788355319,-0.131063947867812,-0.00186547885327008,-2.36209345548545e-05,-0.197563578624876,0.0767246338267894,-0.0796043917914311,-0.0142690868346548,-0.0653978291095365,0.130407081167421,-0.064265565192907,-0.0064917639291732,0.077243434233737,0.0184000068116776,0.0651090477080234,0.0376826857666802,-0.108043781744806,0.0799230865596274,0.0225017071343715,-0.113999652325849,0.0178688098662539,-0.0580117700689053,-0.187247097458715,-0.0597804250833902,-0.315053309161234,-0.133701375914776,-0.293462080240178,-0.17167791098238,-0.279552273251585
"舅公-甥孙",-0.127776492771304,0.011864632707575,-0.139215416345521,-0.216370068738453,-0.178209952146951,-0.0662452379204329,-0.172365981496848,-0.268056158597985,-0.181942659249416,0.0728030213652824,0.199039574763279,0.0450317109432553,-0.104618444198635,0.138115152443616,-0.0873553249328028,0.154799679018815,0.00598061748181856,0.204025213591841,0.182318728903122,0.137328824039113,0.361479307480236,0.347969189460876,0.0550826614686726,0.234210655173979,-0.0418497675292839,-0.0278445440681883,-0.129236093000241,-0.376124562208713,-0.202553163040365,-0.353927174641256,-0.0254315854164637,-0.298192760096076,-0.318182589138127,-0.2812302327668,0.0240041527373802,0.202189352548475,0.322444112247026,0.0804641200782525,0.277526537337227,-0.0206605933525877,0.58104818937636,0.117850888776745,0.331223086576074,-0.0140453892344247,0.40737620513483,0.458206843231877,0.37827593367984,0.157956381720092,0.0607130502217862,0.127735051849486,0.266613595423825,-0.0768794331375822,-0.120695532596449,-0.0131962768562142,0.253712307750103,0.278464212076996,-0.130379829968065,-0.174033552452529,0.304809696467401,-0.188186335924502,0.13971057646795,0.0451672952460113,-0.200087471855734,0.0796964215835449,-0.0496820387970409,0.183833870302386,-0.0217681845687195,-0.165189532488025,0.0368575696341801,-0.162333018457334,0.665756122683828,0.351838730583318,0.409388308353085,0.183288321941421,0.248932831063543,0.157586226505083,0.239653643468301,0.241408551455982,0.139663183971194,0.309465870718238,-0.17313284647153,-0.0152866861678957,0.107636328546326,-0.1312105793834,-0.302554158987645,0.13057832321086,-0.249271094979506,0.0379599673170757,0.24186683405612,0.0599656731728174,0.611958305528224,0.522888691495268,0.445983100543289,0.252602788353583,0.128964944972965,0.571317692047556,0.417019521642823,0.312642122781456,0.415036655015927,0.300197399779818,1,0.320114792241515,-0.0102824588651441,-0.329967532804181,-0.134497737916119,-0.188563270340256,-0.355949330079006,-0.521375707344611,-0.405542735938846,-0.363516872017528,-0.214583278730091,-0.351626217122947,-0.35104257685677,-0.342309833577525,-0.140571532036995,0.0598940022328794,-0.124793340502971,-0.082692028416584,0.0446256324242859,-0.182277383565225,0.0209130633833938,-0.318710449385305,-0.0293293361078952,-0.191691742708633,-0.36297905049982,-0.19624410299733,-0.070734099153004,-0.0414945963247125,-0.0989551296152245,-0.14981082826154,0.0191219859022647,-0.137762614895921,-0.239998636410354,-0.158095122867057,-0.0465167964466466,-0.159890013772356,-0.191201095791034,-0.270797710535868,-0.271883078687003,-0.357698726735599,-0.306841126462794,-0.323139444769838
"姨婆-姨甥孙",-0.281912047313518,-0.226454420668889,-0.317370870691178,-0.19425218826848,-0.0255703146340882,-0.164894308877476,-0.123912576932274,-0.187519028701551,0.104913284456294,-0.0831867925198189,0.104387283843612,0.0967195308547153,0.142359444817554,-0.0434116661210649,-0.0505099790603496,0.0537428090044253,0.194410264317601,0.139073126101373,0.391439405242534,0.0455365573548156,0.244118905985961,0.0394273146865924,0.147478224564479,0.154897571992404,0.163413163705759,0.0998284527543459,-0.156379762882915,-0.101724267032386,-0.0180512646426623,0.0805844732021675,-0.111448010740671,-0.108019697670718,-0.115833541421675,0.0610051282138008,0.222217795412991,-0.0158035496724656,0.0827931701864036,0.155868808977204,0.0230013118991614,-0.10014329937918,0.198095569583142,0.106417347501172,0.210988377760304,0.0698948915670036,0.0451990920346625,0.302078130256411,0.178410876646717,0.0335172272534824,-0.00284849996664859,0.254053633070802,0.0493647927005214,0.0193103820945027,-0.142598122872607,0.237084207738561,0.04803230173642,0.194286078707271,-0.0580550616020863,-0.0196496807590314,-0.124206074724088,-0.086309618930153,0.134183687403095,0.118935994289282,-0.0276437714593469,0.103558846919719,0.1010323033579,0.395357762236144,-0.167225344300599,-0.00517771258664752,0.0199438277257025,-0.141886864907363,0.23216678259351,0.338990067912035,-0.0165948052515541,0.175298317656483,-0.0428185177865285,-0.0156706547053458,0.0934086611161473,-0.0484334458919814,-0.00959463798431292,0.0156343914915308,-0.114408017908611,-0.129026151551479,-0.0279834278726187,-0.0951189751535679,-0.200396560457936,0.0941213821793193,0.0546280792598342,0.185173038462998,-0.00661898596447219,-0.0230649872101878,0.109634962447161,0.263659387970789,0.19115417355908,0.160967587325372,0.146975289267142,0.0968508183219645,0.258585471509009,0.0861625315354316,0.35224364187099,-0.0346261705510484,0.320114792241515,1,0.0667297365681602,-0.0968784851642716,0.0543633860013256,0.0284540030087546,-0.0713976901947184,-0.218695513181597,-0.0566477310610568,0.139910679767847,-0.248352993539427,-0.255530213054931,-0.186161115494384,-0.156555351863326,-0.11753289358069,0.0583977424763647,-0.00804274065837184,0.19609779568792,-0.191739949286334,-0.252102907732446,-0.146384890498476,-0.266546008037113,-0.0977406367578537,-0.216173928696858,-0.216921649402866,-0.135412765765321,-0.131571974138374,-0.162762422075073,0.0511779256090099,-0.0688098704145401,-0.192141438150619,-0.138014057062376,-0.167627235344748,-0.253093622532641,-0.0535360625331462,-0.070252058433524,-0.102703592240375,-0.0820401632174438,-0.0947150815329804,0.011747541874797,-0.155607573004991,-0.222246090085178
"继祖父-继孙子",-0.197030053390752,-0.12213177762438,-0.146162012169667,-0.0756377163603698,-0.18976785014377,-0.283787248732281,-0.252026800521308,-0.211927817751693,-0.269926589662845,-0.0166833002357611,-0.125134409800007,0.155091682502154,0.0275948989070125,-0.0439167083532248,-0.0506407431729864,-0.107886303418485,0.00551285840641831,0.0698995197468348,-0.00772305431706756,0.0211340550107356,0.0719472167024881,0.0501328811761231,0.0662471898544574,0.158317790510072,0.115448172495333,-0.222787076783804,0.076179856849719,-0.02293832235507,0.0632174968622792,-0.129301279351793,-0.130080801862598,-0.0939557601099497,-0.0240504020919699,-0.0289896016623948,0.0156254721389805,-0.110828027268247,-0.185493901654473,-0.0965060059255055,-0.0855730581392539,-0.184422033326732,-0.161279615139837,0.101993209510103,0.0570190733617547,0.174164772369514,-0.148101016573018,-0.0454021282041945,-0.116343699552356,0.232775112635019,0.136875339745904,0.0683302996254053,-0.206061046339416,0.0752402623616108,-0.0830673600249803,-0.239066145176787,0.132729630301689,-0.149861114277796,-0.110752483771914,-0.217732392518386,-0.285140084886634,-0.128950890969878,-0.0524508395610093,-0.0860577053229212,0.00894038236697255,-0.0306829289124705,0.0835063664399957,-0.0337503109840503,-0.170085100420174,-0.134287246941316,-0.0513443680278753,-0.186520584252006,-0.0941323273234107,0.0017131617423864,0.00798572972697861,0.141722085375792,-0.0907220642452048,0.11907045568418,0.07411155484103,-0.100277724139999,-0.0757248689919481,-0.0103190178905214,-0.233206161232977,-0.177172170473855,-0.24782596385116,-0.060224438110368,0.0359728026308671,0.192099734359904,0.0398119575140018,-0.00316050009749864,0.0349066280550385,-0.0695287377473719,-0.154039671439291,-0.0441493614645788,0.0388650770199692,0.110238908333726,-0.0862164021642469,0.10964594133845,0.169027890911898,0.14602268794552,0.0773066995670817,0.0504748992446946,-0.0102824588651441,0.0667297365681602,1,0.493859952379728,0.588282399400619,0.197965097292958,0.168573887515249,0.196961557176714,0.157877997849235,0.203439410222108,0.0398816268989716,0.117960733459076,0.0281155732158955,-0.179915120185561,-0.0934624159442662,0.472081061217846,0.349495315145381,0.193417186258874,-0.0156848868239254,0.0572438515643809,0.13361661271063,-0.0145416356686765,-0.0989687103036992,-0.0900494446507947,-0.127862604354127,-0.0929945549400805,-0.172181190925824,-0.194814708678074,-0.202600013331372,-0.274553389775098,0.22455880956394,-0.0607862922918167,0.173294928626073,0.00784013493840098,0.270166072851163,0.108509931992634,0.310613363251353,0.0925296863235858,0.383605505553471,0.389795080105869,0.136361634411859,-0.0991406955214425
"继祖父-继孙女",-0.055196939129599,0.0703974651669368,0.176722214912989,0.22842289409215,0.16263158168406,-0.330049882086721,-0.0805821156445748,-0.152626651197308,-0.250553522506611,-0.17608177108044,-0.110962048006292,0.0817942543153814,0.216793449748509,-0.0194765055769955,0.205828518823601,-0.06799058028837,0.269929791773419,-0.110394191426778,0.0337042403111974,0.167751705646304,-0.105110546738614,-0.22139193111587,0.0758146071570295,-0.0888103675767957,0.269664685743389,-0.265508709921947,-0.0319880772846588,0.155816254833901,0.0274468206605152,0.0982339310938487,-0.195985277344169,-0.0626432328068424,0.0493455617185721,0.190998831247776,-0.0887272042857362,-0.181455329678144,-0.216913818132709,-0.0131787025363612,-0.037542897608724,0.0996615315985208,-0.105874422387727,0.39458615462007,0.179881836247035,0.527633041610568,-0.177722021018238,-0.0653275444101205,-0.225185617273585,0.16308356075921,0.292683570934347,0.0505991280626818,-0.136826809353654,0.171633924926331,0.109581851882364,-0.313940425124984,-0.0339880572679258,-0.334264674173803,-0.00594722403773033,-0.134834292095948,-0.322631583040536,0.18355915739078,-0.145587948243039,-0.11402364951792,0.0965534959624802,0.00251025173510679,0.0389112848754392,-0.0292037678785466,-0.0590669056074007,-0.0241386377955172,0.0117123792761855,-0.0627270017247737,-0.229812871687566,-0.0543240008837316,-0.0733464893376522,0.0106882478597647,-0.11574523699795,0.199291568097084,-0.0271307706170718,-0.141283922087523,-0.078729314296438,-0.05105975466806,-0.206546404295437,-0.16300783697162,-0.328281236989197,-0.117633492912717,0.373904188922452,0.104037859065323,0.282054684555863,-0.141626708209021,-0.320726205931247,-0.317705490877414,-0.37968832957829,-0.278487084461819,-0.247105081125587,-0.032257580246335,-0.166700079396658,-0.244422278930863,0.00236648397934769,-0.0987337989388582,-0.243330659995221,-0.0643458442748739,-0.329967532804181,-0.0968784851642716,0.493859952379728,1,0.481449241809196,0.24632711948021,0.28845491762554,0.458138418049181,0.398615910839868,0.259971682745542,0.0707930212103149,0.251718130322179,0.0298649260438482,-0.0205931811341727,-0.153850981236858,0.100695306331939,0.243011019218651,0.241318773991137,-0.180681904788526,-0.0103664220991665,-0.150024800628536,0.00417678045538204,-0.244951503070573,0.0111782069924222,-0.0714039628089796,0.0674537570540629,-0.184430235766781,-0.182206796465573,-0.109267258554576,-0.0264821320663159,0.0104562048911251,-0.115798147538806,0.337730926305885,-0.0402941440964131,0.0601732466302018,-0.0291631663423068,0.142978150743446,-0.015986377757505,0.0833384030773369,0.206194695645303,0.0365741932485768,-0.168273138517332
"继祖母-继孙子",-0.127558215540418,-0.0255570018674548,-0.0858843521532574,0.0968925146770694,-0.109462864977108,-0.337774533207048,-0.220536625590298,-0.191227626657394,-0.248265035998733,-0.00472541018588363,-0.104296521409523,0.231894878055715,0.0807422186890886,-0.056142716521549,0.0301673464439974,0.0332915420113682,0.0894301575486055,0.00989801406324766,-0.0627338632608924,0.213413620085225,-0.0648644648678102,-0.120593850113737,0.00339528408734066,0.0745187479814369,0.216786352368038,-0.234064890265655,-0.107472710800277,-0.0839795445302477,0.0466675954982048,-0.0175402364854672,-0.14851791167058,-0.00394232717681815,0.0643204590541723,-0.0281017121006893,-0.0948496043886834,-0.21450640795371,-0.223601919588674,-0.183997772275221,-0.0455843796203603,-0.0116050351911265,-0.113614580635157,0.0768260633977216,0.116466491608478,0.233903199051017,-0.130562605379894,-0.104424107768292,-0.204961923331249,0.0395708988914409,0.00222893404214637,0.029588224565969,-0.248285714425082,-0.0153890596748729,-0.0954123796494566,-0.30803693888299,0.0117780477064794,-0.209742879376559,-0.134583877143896,-0.177309443504518,-0.275558457586531,0.00409650270218818,-0.161115034944619,-0.200383903131747,0.0807397348814205,-0.134776409264081,0.0906344004375474,-0.0447942864232893,-0.0576110731917305,-0.0470950665441501,0.093407819167189,0.0322389993245806,-0.137928177200628,0.0253367351016814,-0.135747682816575,0.0184343812888532,-0.152254952937412,-0.0237240786463239,-0.0452604970220505,-0.0993768313963667,0.0307050717601995,0.0320285040157189,-0.0767241758120416,-0.181763313022363,-0.213494643866917,-0.080882153784464,0.128576997625088,0.149653981253119,0.0327192154808234,-0.077750708260295,-0.115440917653044,-0.0941563745486902,-0.303737767185388,-0.200420066372802,-0.136080613820232,-0.0500586019901165,-0.191974714396205,-0.0722335178469218,0.163407003634459,0.129391561249492,-0.132833085372701,-0.0645725896519676,-0.134497737916119,0.0543633860013256,0.588282399400619,0.481449241809196,1,0.336226246234252,0.347964974467141,0.339409174646065,0.368740875870524,0.320894041610854,0.134495713446109,0.221489232435184,0.231571657606228,0.0199010303404547,-0.0799367954704819,0.304603329141125,0.269967906503322,0.189922569518991,0.016356386184067,0.0568294535958578,0.0642353459015865,0.0563528250529322,-0.0915208341729742,-0.0120803828609982,-0.0708953724215056,-0.0455713738552903,-0.206808271318408,-0.187399956162622,-0.241148246456385,-0.136264571459995,0.0353301902426524,-0.0952709732848486,0.0943638541885065,0.0200833538269062,0.153973935564655,0.0439793846047897,0.157341096389696,0.146048433374913,0.298743308002158,0.324395437840397,0.157317368694681,-0.0075132984990501
"继祖母-继孙女",-0.273661956486196,-0.287125607027959,-0.246352755505894,-0.186327683314122,-0.284590239879592,-0.200227087537479,-0.0899030595629865,-0.258357373885629,-0.123790762480282,-0.0934675613289113,-0.121250016490773,-0.0370763888181284,-0.0799295426084691,-0.140993093734069,-0.123093336131393,-0.0443356504713413,-0.00103426134364774,0.0650635780346537,-0.00625300359172981,0.0513977588232359,0.143942840273925,0.0326454841011931,-0.00370553844075178,0.152386667288255,0.15404162758,0.0202975947876746,0.0116435396245124,-0.0786268435331181,0.196545477346839,0.106701186043515,0.237940764487598,0.0245154197944338,0.225440983536414,0.096669342016441,0.144914385881867,-0.119643111300801,-0.255974580166793,-0.191973251638373,-0.236906814474534,-0.275169484650828,-0.227414833967368,-0.121292135308047,-0.267148056425872,-0.145158247055327,-0.365541488809426,-0.212771973602644,-0.302140298109354,-0.0592877628340235,-0.143647156055407,-0.140829195058747,0.132604018918046,0.0678222262311732,-0.11421601898848,-0.127540784061492,-0.0160627816645082,0.247419410084636,0.254801480986179,0.179818544500832,-0.223187608341498,0.140513354654857,0.369541366017861,0.313772288397766,0.545432560767973,0.137080547430579,0.36050160239007,0.116096148869385,-0.17235428454951,-0.162045795918387,-0.249916230061154,-0.282485368734329,-0.0746944938110861,-0.0475255201761053,-0.116491628699229,-0.131924425273109,-0.159170318908576,-0.0946190867782103,-0.0865922689180532,-0.307762846039414,-0.309862083062626,-0.24989599373516,0.0895246797831519,0.244384918068455,0.194815331064376,0.304815590942658,0.280102780363352,0.222042658942682,0.36095110861774,0.13198526917486,0.00146426602554764,0.00391693649240104,-0.20169417128658,-0.216558665890693,-0.138213688160254,-0.0508650492003208,-0.260160389255901,0.120213741360952,0.129374746566554,0.00329937923946051,-0.121866995947831,-0.0790868425476761,-0.188563270340256,0.0284540030087546,0.197965097292958,0.24632711948021,0.336226246234252,1,0.588585414544949,0.400710034816871,0.464508122019539,0.504869953176584,0.120595161467862,-0.00519271378950345,-0.0480349314017468,-0.167534676186682,0.000836514453475969,0.0281321382772736,0.0117968875615848,-0.141940719072728,0.0210398520814981,-0.121798668934482,0.0132726934261841,-0.233725904382559,-0.0441817443661821,-0.265113357171872,-0.0810952672873384,-0.0503199877622923,-0.184985138714047,-0.168317825958463,-0.117613868760059,-0.0189368729360815,-0.0733570962428485,-0.157195264812053,-0.0187437582808047,-0.226962468933228,-0.104160841857366,0.0989346494080135,0.215180211916976,0.213022092007845,0.279067078773201,0.196097973837819,0.332589150364057,0.167570759370975
"继外祖父-继外孙子",-0.305607924847688,-0.237827147050924,-0.298180907651635,-0.145463657187361,-0.311724415675552,-0.171792402150233,-0.0313518660068136,-0.0889517429552509,-0.137856826802868,0.0940937905529616,-0.202464486439069,0.0011763429350557,-0.0879165863460961,-0.06018848069228,-0.128555821397315,-0.11455063899734,-0.172360086236473,0.0772464029467408,-0.135350748248572,-0.0132918304699767,-0.0702851421718398,0.0283147424411496,0.124684488260931,0.208248928927323,0.287833598677645,0.0125048561347241,0.182546443645654,0.135239679976955,0.264875243517612,0.188736794656863,0.314196448659606,0.233413679179876,0.387474979785458,0.192399827271106,0.240325409308193,-0.196237659250786,-0.362212132734652,-0.26436456437262,-0.150662154401945,-0.250749713039288,-0.419931127882634,-0.145728695940004,-0.324241923633983,-0.103214214870599,-0.421987440196967,-0.34332335088287,-0.435518663891744,-0.105438005356875,-0.0857971159900395,-0.237220742018583,-0.095913802317682,0.00690064923508764,0.0603915125411689,-0.183728578950197,0.0101116117572234,-0.0023520733071283,0.317257246454856,0.139873405165861,-0.280454816078565,0.24294668566154,0.20009494525494,0.158636008820996,0.537501467211539,-0.088073802516602,0.262440928852573,-0.0745866657742793,-0.177484147835279,-0.0839506233757954,-0.255329863620185,-0.140171912906068,-0.232536341413055,-0.0539537083533753,-0.259777173438478,-0.21596137344975,-0.345079293349465,-0.183184658733442,-0.216821799868276,-0.457151718347657,-0.410393809126991,-0.294323577762239,0.152911509770899,0.0545443953853811,-0.00477312761779912,0.381317138056661,0.455251218770006,0.312150785809478,0.484640387922976,0.387071972583083,-0.0859363194849,0.175726994975686,-0.389502115058887,-0.30534811623243,-0.168561449373087,-0.127767866604473,-0.3363963915487,-0.0252208981148755,0.065561523273061,-0.127979251942176,-0.273922601419994,-0.107140554916324,-0.355949330079006,-0.0713976901947184,0.168573887515249,0.28845491762554,0.347964974467141,0.588585414544949,1,0.597826274979638,0.699249097694176,0.629926879881865,-0.0768774219218035,0.0443688084851283,0.110795181297628,0.00360995398313475,0.0491072446212607,-0.15964894166248,-0.0241286936878181,-0.209054957429525,-0.120612887027638,-0.144196546865403,-0.115585347046373,-0.103216848159121,-0.118649048106247,-0.0900812594264484,0.00104740626470627,-0.192275080622464,-0.0627090393646262,-0.143175712287223,-0.128598901963896,-0.204872912134551,-0.100091052129188,-0.101190861478866,0.104954818116641,-0.139369329897466,-0.140823921183886,0.209251784358207,0.37143786963769,0.36500425866114,0.377386341588711,0.273694462347037,0.37854284717478,0.355603675576928
"继外祖父-继外孙女",-0.234778478425932,-0.200322482271872,-0.0394620878037866,-0.02621161957434,-0.126955804823804,-0.192857856257109,0.0016701658928624,0.0339260305833426,-0.140591938279047,-0.0860721533689757,-0.284791808289432,-0.0762515846882421,-0.0715993755487738,-0.0996129372778101,0.0372957540904256,-0.197030452022643,-0.0722258693000984,-0.170717110140122,-0.152721763098051,-0.0899760128727607,-0.194864551670949,-0.235878981843389,0.0083946490524236,-0.00117348198852953,0.173718371539586,-0.135537382497831,0.0582923688835348,0.330967059083944,0.180631285784848,0.179011263228609,0.0858487419531309,0.24931839871733,0.274661839196638,0.299591052679441,0.0619935146350633,-0.192596941755481,-0.430018517897012,-0.177774795320076,-0.216750190399588,0.0197360236089211,-0.429982926255115,-0.0110897750478922,-0.178496738661733,0.100436541003137,-0.317921354548972,-0.257028565611723,-0.372396390216335,-0.0560206846944544,0.0976856519602209,-0.113474193532536,-0.17720480852087,0.286378472560664,0.164952215835046,-0.128441002253318,-0.0280066254704663,-0.163295458921209,0.224108798952396,0.051357770992523,-0.260439720469069,0.28746446119852,0.0780697503903398,0.166656499728043,0.427009757074576,0.0484447937891225,0.284412371439193,-0.113336039268563,-0.149576960101471,-0.0959551317195517,-0.121114621401776,-0.12604880087621,-0.412135869278183,-0.253448413960229,-0.199685428204545,-0.219912470778642,-0.426693138024472,-0.182827842520721,-0.289203115876077,-0.309572102523112,-0.260568925031025,-0.319078025575816,0.0796712451090203,-0.0568728066307752,-0.212497781389929,0.208899935250793,0.496254878152,0.101145835603616,0.401409938346282,0.0908208296571889,-0.242565158341444,-0.0432183171987713,-0.484354609155509,-0.418112746727233,-0.30408789297154,-0.153125694289209,-0.216243231831717,-0.257247062104117,-0.0975691627978073,-0.214976817886294,-0.339760221493567,-0.242081126737478,-0.521375707344611,-0.218695513181597,0.196961557176714,0.458138418049181,0.339409174646065,0.400710034816871,0.597826274979638,1,0.494068106044099,0.557864002061042,0.082845058606459,0.366138356712355,0.120663724212071,0.155938926417892,-0.00604064105942302,-0.113465086930656,0.0162441210818013,0.0266789190494046,-0.0986653625289629,0.0648267146914048,-0.0523724221968604,0.0875602882914464,-0.146424022697233,0.111365391699884,0.0724729238757744,0.0434916992297049,-0.112136098096271,-0.0852266508529486,-0.205832710937796,-0.0803030311921084,-0.047622111820787,0.0159827338569111,0.403524984977503,0.0249120020822222,-0.0768137188472291,0.270271775073308,0.426051131135942,0.358886359278461,0.309570616899005,0.317293549172663,0.37006397706147,0.321360590130475
"继外祖母-继外孙子",-0.173573796149148,-0.120005900296453,-0.0529226595118596,0.0757412696737511,-0.0380209964448554,-0.162628629125062,-0.0984925592083156,0.00428129068736332,-0.121050721008505,0.104287268359176,-0.180512694597367,0.162722187625418,0.146837017880943,0.0102272762210408,0.0985306373030205,0.0521319490007624,0.00646199334050352,0.0477035004954595,-0.0358380088588082,0.126085461224268,-0.180426888686892,-0.222342903797167,-0.0793065591696173,-0.0120255941904595,0.204170291676591,-0.0855667640623347,0.0790017548832957,0.0797381782431523,0.24541436164537,0.214764504844004,0.100949012436566,0.137633180773426,0.337379038243331,0.321503425327038,0.197348072232602,-0.223657239618856,-0.236635286195799,-0.0974212523013783,-0.105320670070808,-0.0803874827409698,-0.265818718237583,0.0146533728209119,-0.133001951152609,0.0376514499284779,-0.327575751755912,-0.290626797031546,-0.411595515732734,-0.148765435984219,-0.0979922971061613,-0.177885860739657,-0.208476262292543,-0.152646353806938,0.00758031720914517,-0.174426056460334,-0.183213017893272,-0.171096711259203,0.176598307637653,0.078709260733752,-0.192760206604977,0.219249942643462,0.0553472734580999,0.0485890461445258,0.473949784169742,-0.0779455101826055,0.201944099741721,-0.0832411698263491,0.00349276047062715,0.14268365572688,-0.091215945325125,0.0899257346704039,-0.317047011451739,-0.0227657846446002,-0.362769806113346,-0.112940383831473,-0.314266605945377,-0.131977314539547,-0.231154422611086,-0.341684354764074,-0.219960478349297,-0.275116706739228,0.170762556405271,0.00505540146852286,0.0545235140568083,0.268108969198439,0.321342128723454,0.127601864276046,0.367934249828445,0.185487190428167,-0.199091110009633,-0.0209798192708434,-0.463574900405261,-0.416696869524985,-0.379182720736941,-0.234517748400959,-0.418860504455425,-0.251682592696841,-0.0142327223711908,-0.240239737751657,-0.252080138144973,-0.25414801845563,-0.405542735938846,-0.0566477310610568,0.157877997849235,0.398615910839868,0.368740875870524,0.464508122019539,0.699249097694176,0.494068106044099,1,0.586384299448625,0.098064810548823,0.230032739677976,0.206710392945693,0.187604345512494,0.0572947286171336,-0.192349579054863,-0.0657466115327119,-0.0907256386098329,-0.134758860506901,-0.109102117388009,-0.128605919403558,-0.0245939307584724,-0.172499611438336,-0.0759179972867006,0.0548220739755972,-0.0665987571952598,-0.0527905151641286,-0.116571004944347,-0.0790552056865429,-0.0779619812199743,-0.16487927014917,-0.188346727431883,0.0206415906880026,-0.125624869710906,-0.113390922180188,0.0591905516638465,0.109130508628312,0.219875874870254,0.196802768314431,0.143549558167226,0.273475835651161,0.211250995402218
"继外祖母-继外孙女",-0.269274172079136,-0.296900234992692,-0.193437768102617,-0.201467923407507,-0.15400353420433,-0.219762911873856,-0.111855488241263,-0.0867269404664146,-0.0481979075630292,0.0382108501080072,-0.152692273003398,0.0766807777338277,0.133592673997667,-0.185223210300661,0.0266320742706289,-0.0947334290098509,0.069495456207364,0.0426595842477877,0.107262601580563,0.0257289692993113,0.0695558253024535,-0.0986757055705018,0.157374721275776,0.0993143025621487,0.275001850568664,-0.0527512215263287,-0.0501549572407831,0.0985954067985367,0.129832738865651,0.208437358644799,0.153875429698334,0.256640318494434,0.328867695051377,0.403964182729998,0.194173866228066,-0.19592347354318,-0.337110045360855,-0.0481106495097078,-0.304603086265247,-0.237461027085533,-0.395173749123776,-0.0844752340222193,-0.179331804459044,-0.0796354200914061,-0.3954259535466,-0.229965645462334,-0.291288548258726,-0.0612680867302649,-0.130851038021205,0.043831433335469,-0.180401681851445,0.0610773687390953,-0.00513262632782663,0.131565899522118,-0.00834977093981948,0.0884983298424943,0.197471645755673,0.234471713831576,-0.286344138527052,0.184017306206343,0.194486071245617,0.337689535462275,0.458516702631394,0.0954292153978556,0.308700858776809,0.0315387733887474,-0.251586274282867,-0.0802395555542186,-0.155183947239907,-0.129158773506722,-0.381682044394149,-0.23524386354813,-0.333581906045495,-0.156126382647659,-0.349117900220052,-0.190617760590213,-0.13597008559495,-0.323532271508991,-0.256947121639276,-0.3632348376713,0.175456100233516,0.0428512315329943,-0.103074644868668,0.225273314906999,0.279902787739918,0.114259168569484,0.450702592618732,0.291250865222975,-0.0679664631923001,0.0781383748483072,-0.395132699396639,-0.342933711227119,-0.217858070007677,-0.0380736131242188,-0.0436803376928238,-0.192867495191687,-0.0155525161516579,-0.233213488267811,-0.0951758385777399,-0.391735228093516,-0.363516872017528,0.139910679767847,0.203439410222108,0.259971682745542,0.320894041610854,0.504869953176584,0.629926879881865,0.557864002061042,0.586384299448625,1,-0.041008009562543,0.0775599713405133,0.0631149231151542,0.0674046191514869,0.015027301229406,-0.0572051252556433,-0.0736729015777252,0.0275977539044651,-0.249320591221125,-0.138330875460836,-0.181063992447111,-0.128290364673291,-0.211448938313968,-0.0864648105670034,-0.123888466131944,-0.173707406434476,-0.204630333749725,-0.266371707605252,-0.228471837776032,-0.0561067782303117,-0.195028201588277,-0.114199614013421,0.130028868428907,-0.197062306818638,-0.125496439183434,0.196599488653454,0.299816577215799,0.335703243553724,0.264828393890898,0.3226407412993,0.296425912753117,0.240943445527401
"继父-继子",0.222102199102937,0.169864867795654,0.306880537527278,0.253379183903388,0.236584869318221,0.187427214881985,0.0146443445253987,0.16722459843094,0.0785256579240779,0.0647956810814771,-0.0831023454873358,-0.0869518123374394,-0.0617015616324757,-0.0179248664659299,0.195814359583437,0.246170047132901,0.0625830267592948,-0.177599801375244,-0.000757323724947306,-0.0810144656840162,-0.282380761916713,-0.323585095082748,-0.325508162729511,-0.191624232023079,-0.154445451935382,-0.0330424372246175,-0.106021683870063,-0.0964143440336497,0.029075084261756,-0.0564278531814618,-0.0852112276803211,-0.119271347303355,-0.0424182794751322,-0.0933401423455265,-0.165796875103386,-0.151463485464249,-0.103401702215304,-0.0530815277833697,-0.141712076141932,0.180077016435342,-0.0440225818422034,-0.0724711915568593,-0.0799035761468932,-0.0768332432024469,-0.121787366032153,-0.213422866128949,-0.0963692480986745,-0.351110383203452,-0.241335130791759,-0.218456816319987,0.0867650420169748,-0.147991843488564,-0.142495668590577,-0.118987229551791,-0.300234397063518,-0.0926195735865109,-0.100371835510094,-0.137000063175705,0.15867063897865,-0.0393575307361004,-0.0321195725847834,-0.040597489438542,-0.00687197840863554,0.0362840874537796,-0.0850481703148643,-0.215487898153844,0.109083103638487,0.104530706223781,-0.0823866742900387,0.0868116494468006,-0.217833367462169,-0.16485973400182,-0.240184015824608,-0.052408594433186,0.00099068720112051,-0.153529340705948,-0.195672487492856,0.00357968937789984,0.121293308104538,-0.199566418688607,0.0715349965092964,0.0455079380612348,0.0746955831912943,-0.0494409787881563,-0.109495047994444,-0.300633838251015,-0.243056776874126,-0.364580354088111,-0.0435270293484159,-0.212294911710232,-0.139417934318341,-0.219349889134865,-0.324331299827535,-0.278483713626912,-0.230226419040547,-0.200449307751228,-0.271065598451934,-0.0778373908517196,-0.253481684536922,-0.201310546656895,-0.214583278730091,-0.248352993539427,0.0398816268989716,0.0707930212103149,0.134495713446109,0.120595161467862,-0.0768774219218035,0.082845058606459,0.098064810548823,-0.041008009562543,1,0.477594840345724,0.444214607394162,0.33229945080693,0.284410572541501,0.132134071740082,0.206050921600915,-0.0593906492707667,0.245638967914718,0.227377807487827,0.198523760941911,0.241544963926989,0.0324383080550196,0.000320149899894597,0.198179278505684,0.262403421539838,0.178789870157217,0.141918884439614,0.181985881554363,0.245230970596939,0.189843388479729,0.114533063561615,0.00466539247090842,0.270190669661074,0.216328332071423,0.0194477089868122,-0.0731622233314246,0.0333589765966344,0.140921529343505,0.118916040672517,0.256488695086908,0.158848362255609
"继父-继女",0.00403068930770143,0.149704621698162,0.253461158241206,0.210779413172543,0.257272925331803,-0.0198424122051408,0.00240792396320825,0.0524990321966015,-0.111309363411921,-0.034602688333774,-0.3132661379316,-0.0855021160497861,-0.144200767702626,0.00812238601082443,0.0552230412906066,-0.124848252286996,-0.0687270295984535,-0.217789696413036,-0.164619099868351,-0.0592959843308042,-0.39978048588745,-0.296363458422107,-0.210151144388397,-0.290964726324416,-0.038291681349292,-0.159580959618427,-0.0647640489319924,0.0876916936435981,0.138209319808443,0.112035346248363,-0.148350444743136,0.0665475162859903,-0.00280935888190478,0.0665540050609163,-0.161185868102938,-0.251104020883111,-0.268024774418764,-0.122161293648026,-0.0401337395130395,0.301884496959942,-0.0769884715078935,0.0692694046978753,0.0585809471127826,0.196488998022351,-0.0734527209125759,-0.176178993489224,-0.230863784147902,-0.147633192592725,-0.0266396709723664,-0.212455902638494,-0.224725206446543,0.0310982560081747,0.0329751828203048,-0.307161865497266,-0.204235866809645,-0.240387381419017,-0.15219734375728,-0.129590480820421,0.0228102570776761,0.145827454431731,-0.146872372714926,-0.117615439792368,0.0783403854061865,-0.0581328219975159,0.061129014633113,-0.166510647151752,0.0470948579735073,0.12490846837506,0.207319306329224,0.271444129789457,-0.223563128202345,-0.165536561656649,-0.16981526315002,-0.0808077135408531,-0.16819529153661,-0.0774921514760053,-0.13075963756181,-0.0266833813073834,0.17863930484682,-0.00557914005499346,0.00933057794545802,-0.0777598065265082,-0.0614301892260981,-0.0694636779813865,0.102547016220297,-0.165731550412405,-0.0741897944949025,-0.209860922019379,-0.147731485636952,-0.152120363075039,-0.368821355636704,-0.381789792475533,-0.275134201621866,-0.156980979382129,-0.208068510541133,-0.359510292500112,-0.256465657623392,-0.117829728722464,-0.295798518949511,-0.189153302653003,-0.351626217122947,-0.255530213054931,0.117960733459076,0.251718130322179,0.221489232435184,-0.00519271378950345,0.0443688084851283,0.366138356712355,0.230032739677976,0.0775599713405133,0.477594840345724,1,0.413802692239214,0.379647078277319,0.004543721571809,0.0287506205406133,0.136479609473732,0.155446716936552,0.067023960001479,0.256203107430801,0.0730322764779864,0.265856075785176,0.0212411325509853,0.170218221147739,0.127750351416024,0.196137406211753,0.178678335295842,0.215358991661468,0.0465848426557971,0.0820208904572885,0.0865482916380322,-0.00460708255188442,0.184705217604344,0.226468926730275,0.0345938146622752,0.0426067195323342,0.0295674346226795,0.0610357071474888,0.186403159970272,0.206835921681573,0.221452591803413,0.0854130313122287
"继母-继子",0.183717532865348,0.100639974613162,0.154110010518121,0.278894091918777,0.174397496177522,0.040055408448767,-0.0125323025487813,0.201671338723773,0.0728168280477061,0.11313546593167,-0.00240991860865762,0.012722120294127,0.0196565722007511,0.0281095795539464,0.0944932509537256,0.101969939528886,-0.0394472669059888,-0.0723931483137026,-0.0999813701945836,0.00276763348347364,-0.299955154933301,-0.183456581749183,-0.0988272211816481,-0.148801024194465,0.010027293840848,-0.0452916744494437,-0.186965997996785,-0.0672478574122612,0.132009475118531,0.0573281774930661,-0.158400305748185,0.0424111748092963,0.0217294716678311,-0.0763459973020399,-0.172046911397738,-0.119612951781352,-0.131020710980929,-0.00221247110667797,-0.174519434596854,0.19800955852001,-0.184126866352988,-0.110560812917045,-0.160732135249325,-0.0223630696256828,-0.159146064003985,-0.166638243481799,-0.361297584955574,-0.422770605670457,-0.184100773963384,-0.338333036406318,-0.258882597214293,-0.116796272300299,-0.00954873986342751,-0.19230021830527,-0.276375272430454,-0.147103722830621,-0.0218182088062484,-0.115043411658006,-0.115147001690842,-0.136510125347347,-0.189077496170495,-0.228714152646352,-0.118828461368464,-0.109196970613247,-0.0503772339095827,-0.253391343941729,-0.00556288499631395,0.135727436234143,0.112467940972735,0.338668671268947,-0.223785915402809,-0.173889585216964,-0.260711332490404,-0.216112127975282,-0.130521645074071,-0.258402550164753,-0.0758457136695946,0.0183552140362877,0.314686220411511,-0.125301871981059,0.0778376607184437,-0.16702357011386,-0.0370161890595221,-0.151484612161122,-0.0648773529433244,-0.169732883514207,-0.131064189389202,-0.118470639592396,-0.213903318148621,-0.157772903480601,-0.253115314192387,-0.255319189395423,-0.281696355499218,-0.385911350256704,-0.153379922674281,-0.294026158933524,-0.168707023479146,-0.148940184425615,-0.292659548488057,-0.0889202612525938,-0.35104257685677,-0.186161115494384,0.0281155732158955,0.0298649260438482,0.231571657606228,-0.0480349314017468,0.110795181297628,0.120663724212071,0.206710392945693,0.0631149231151542,0.444214607394162,0.413802692239214,1,0.451382195298653,0.158772054825648,0.205754724442583,0.275010507264438,0.00569465558403975,0.21841826561685,0.3090630934067,0.216446561999582,0.426707782047242,-0.0476530644839842,0.141323219883579,0.249552550311629,0.0604089074158092,0.168805924981053,0.194366233934689,0.227133794869916,0.0752572170968921,-0.0823890713033959,0.249168425123409,-0.0410693472143807,0.363974173336389,-0.00649823946685416,0.0643561198930592,-0.0352722602045189,0.0857893616004407,0.212920130239764,0.266161580495588,0.207744018585033,0.264073215019354
"继母-继女",0.0707580002776599,0.0847837033042589,0.118889797280945,0.174048764699393,0.230751641140948,0.0879537528603077,0.0526257906085669,0.33049432859703,0.132420597727054,-0.0723551037893283,-0.201625074858789,-0.0927907514074797,0.0933737587608519,0.0266133935537649,0.124154497494883,-0.000945894806566362,0.0331658309781411,-0.233005201220241,-0.0253715427634535,-0.143039916027403,-0.392482651656984,-0.388478886458786,-0.182513307993869,-0.223219863980744,-0.120124014967122,-0.047494724656624,-0.105795028001147,0.178947217856506,0.170529606742869,0.237674724848235,-0.162730192137234,0.0568052229570608,0.057253590749688,0.182827225061893,-0.0463225303662571,-0.0890749822433821,-0.103664129627656,0.0807702394577657,0.0116972907655856,0.158938956953445,-0.0408889050604607,0.0433070467944439,0.0717704379603446,0.0669227361685842,-0.0048373313304645,-0.128347346503083,-0.167432205534696,-0.276922724177454,-0.0650841916047272,-0.0677687224573968,-0.149732694403892,-0.153867803468376,0.0415408437486702,0.0701303616320297,-0.238944321919194,-0.261005133161453,-0.0391959030373565,-0.0622457732524164,0.164744658093581,-0.0312559534266956,-0.225843300584635,-0.0684664140770986,-0.0298423230867354,0.0596602586316725,-0.0176689325677381,-0.0852395571174933,0.232172220583206,0.242317884770858,0.187628780380262,0.304290856393128,-0.200783068327594,-0.11827218570388,-0.171551732835491,0.0627637874600257,-0.058472048291023,-0.193614343986154,-0.131343559344621,-0.0172685653592068,0.138813890247499,-0.0982547952310612,0.271968086761675,-0.0504544515994332,-0.0653343963360644,-0.0648236047624558,0.0540421699682532,-0.280101448379798,-0.0420401683084327,-0.121905998866844,-0.239374904573143,-0.150579603944472,-0.320139012911522,-0.223642679203909,-0.331662367580069,-0.27231423322792,-0.091223300935074,-0.40225536858182,-0.238037174648923,-0.169852809311813,-0.234467598700826,-0.162795788355319,-0.342309833577525,-0.156555351863326,-0.179915120185561,-0.0205931811341727,0.0199010303404547,-0.167534676186682,0.00360995398313475,0.155938926417892,0.187604345512494,0.0674046191514869,0.33229945080693,0.379647078277319,0.451382195298653,1,0.24404986516617,-0.133567391920218,0.0216367456731378,0.100217922897468,-0.170273684499719,0.00281571734154953,-0.118180646901089,0.165375650007795,-0.14529919343044,0.0749384893960971,0.0948226427740116,0.102705028967097,0.260279269432855,0.222166473693531,0.136618827034192,0.299884371593446,-0.107123590353332,0.111049938350507,0.0617914188267492,0.246369775393275,0.04954847531959,0.0115017548905395,-0.130133922117303,0.0462174745979041,0.00292252348526861,0.0834833269645703,0.0751629032825066,0.118713379318351
"继兄-继弟",0.0912138198377534,0.00880315915113652,-0.0195969784805779,0.0498116290850317,0.0961136130367229,0.466133939670195,0.141160953192212,0.185510225287266,0.231217808596657,0.0161665698690728,-0.15066427430012,-0.134878598987547,-0.118357981667424,0.0592396647237657,0.00218489779255097,0.0675350376853955,-0.153394984488516,0.0412166656242678,-0.0503046264670311,-0.118397111105187,-0.170488641756809,-0.0749635070831969,-0.331835192244537,-0.0726022712762175,-0.118373780857508,0.10256457997319,0.0377161565076949,-0.139945704547717,-0.0263990247529236,-0.0436805393589949,0.0398079543259723,-0.0899617015767148,-0.0298850369253576,-0.0511689166552521,0.117736106132211,-0.169684332627102,-0.0764920599029177,-0.0807253072874911,0.0224516186224806,-0.1120138750519,-0.0671663334397373,-0.295445693560924,-0.114430182747328,-0.282314779648589,-0.15346147665758,-0.352299885453719,0.237423704218368,-0.0948269701563666,-0.115625605130199,-0.0920210887456134,0.218041345231702,-0.131587193234969,0.00928885968887851,0.121418117270309,-0.187179812034559,-0.0382397446605058,0.121368826961057,-0.0554734080047706,0.320147252207646,-0.137625564523208,-0.0123922215005873,-0.0987646416939007,-0.0197616914469479,-0.0731418278775456,-0.129929031305797,-0.0252162015352806,0.0637021403705302,-0.013847435761911,0.0107823809314727,0.00591904060056776,-0.247232046323377,-0.00931325107136708,-0.294626232457168,-0.0674800656131745,0.0144833236079572,0.0508391840016687,-0.157837675526694,0.000400454420022322,-0.0417752630339363,-0.0404563777910855,0.154046064415696,-0.0749349142655215,0.157879869924694,0.0759026664054799,-0.219045608774319,-0.192383142366298,-0.237853004293895,-0.134318366949537,0.236903945637995,0.232384081480724,0.0438143120065758,-0.0802373821400082,-0.0763983147468848,0.0160372115451369,-0.214533531522105,-0.0901738020726441,-0.29298311846721,-0.125692462973031,-0.0950737703600999,-0.131063947867812,-0.140571532036995,-0.11753289358069,-0.0934624159442662,-0.153850981236858,-0.0799367954704819,0.000836514453475969,0.0491072446212607,-0.00604064105942302,0.0572947286171336,0.015027301229406,0.284410572541501,0.004543721571809,0.158772054825648,0.24404986516617,1,0.0853307181648666,0.248258464318082,0.125647766538562,0.095180773600486,-0.0527886922856826,0.0455693786368801,-0.107643570318808,0.120588721121746,-0.139797227054617,0.178098395466812,-0.00275837065673759,0.0612436992693719,-0.152752350267318,0.125861600766136,-0.0120413312189902,0.18852398494664,-0.0553369721191144,-0.0903189877199608,0.148479055848929,0.166128037756651,-0.0226167613679026,-0.0487865298394725,0.131746808155576,0.218117677848193,0.0714549006221738,0.0955908102207425,0.169640549350445
"继兄-继妹",0.112732890993211,-0.0868513200416621,0.0239591111606474,0.0142540223943515,0.0143276500580693,-0.0320081926722772,-0.0659114308407005,-0.131418593060588,0.0581436479436866,-0.21637374909011,-0.0834592076879699,-0.178917089134715,-0.201668241924227,-0.256509725332781,-0.205766056765893,-0.0344193573423543,-0.149581693214526,-0.0701422523433518,-0.0114486450633977,-0.0935946850366462,0.0540297392155468,-0.0196976193429739,-0.106504991896898,0.0224642730930524,-0.0599619764367098,-0.189084432627396,-0.227783976385712,-0.284154100711207,-0.128928914082462,-0.247023306395672,-0.364574334891608,-0.260486295862859,-0.227067085069038,-0.286367317528187,-0.209714425728246,-0.090269896548757,-0.0553122566496405,-0.00362687800102136,-0.296571358145133,-0.0285542581385099,-0.00525216318239932,-0.155294277607529,-0.0284958841049374,-0.0824965584133684,-0.0070496933972787,-0.0107611002404843,0.107489298070498,0.0925184861335409,0.0202363026599832,0.0876509104942355,-0.0370257692658318,0.113645122024905,-0.174091941239243,0.00513078361804419,0.018983874704562,0.108580553879539,-0.179617047123567,-0.17649651814649,-0.0863880542394501,-0.270503949797469,-0.142677053623724,-0.196348895995136,-0.301444155947304,0.0103531849210155,-0.112020218734573,0.0477916398217369,-0.124183361370355,-0.11541939178496,0.129272352963363,-0.0293749370230179,0.0111183489190023,0.0162731685901069,0.0782942217423274,0.0148010032329911,0.175714644088314,0.145247929280463,0.260829361401924,0.285367728237876,0.331401349069024,0.0946364955336561,-0.150294368749249,-0.0400702488462571,-0.158686337897403,-0.376794300387082,-0.395246129250049,-0.14927516056743,-0.354179835336201,-0.283152261142423,0.0876713938479769,-0.134718297451982,0.0976053454213087,0.118424583221189,0.0396781123073685,0.0294153035026789,0.222436484180576,0.0473222749345736,0.0181661856725064,0.205252879776101,0.152430537586015,-0.00186547885327008,0.0598940022328794,0.0583977424763647,0.472081061217846,0.100695306331939,0.304603329141125,0.0281321382772736,-0.15964894166248,-0.113465086930656,-0.192349579054863,-0.0572051252556433,0.132134071740082,0.0287506205406133,0.205754724442583,-0.133567391920218,0.0853307181648666,1,0.700433621046186,0.358648043094674,0.324825032294604,0.330818379335889,0.388882431225113,0.1228354156035,0.0675178654153709,-0.0754920912327942,0.0149419996841617,-0.022922958044774,-0.17979563571041,-0.108322486283226,-0.0118171828566113,-0.091999571031664,0.168906296816979,0.270275806711521,0.145757675336675,0.269144906057304,0.262055026392593,0.0559801073921465,0.0995871944713297,0.092231357823306,0.405464008360249,0.495263551339332,0.153268559791505,0.00705940441069392
"继姐-继弟",0.102569739514305,-0.0084611604268527,0.00990032157831999,0.0856071077473364,0.187367966970136,0.0214478998318214,-0.00624878664409682,-0.0546284821912539,0.0757369729092846,-0.255433800248275,-0.21126964688459,-0.218650243818507,-0.169151087233618,-0.182556437367559,-0.148849877301121,-0.152388068118974,-0.142032013152988,-0.148789213471477,-0.0769557542615667,-0.17118076506915,-0.160774737771369,-0.0986399607003004,-0.18112444935721,-0.11307206779952,0.0338727613908125,-0.19819756263339,-0.0863285887254918,-0.102245006203937,0.0894990830880135,-0.0510709519691626,-0.293533371840122,-0.262405880154233,-0.21733365660135,-0.141787494470987,-0.0828143104813484,-0.14574601046687,-0.140953610504321,-0.0234119362717231,-0.116448868077799,0.0835081861757493,0.00593868509202545,-0.0448434702208235,0.0154324975823869,0.0488458621099115,0.0302530132671316,-0.143297577650072,0.0849383182536977,0.00273690271533141,0.15954842876527,0.0231071782708634,0.0370329035715803,0.097651594741101,-0.0556958840131196,-0.0512584934100763,-0.158395019009802,-0.125548017456087,-0.110262922771076,-0.163743931232288,0.00259145832740721,-0.195518663183114,-0.160370567354026,-0.244839487958042,-0.251251209100986,-0.0840183797802913,-0.104690737828771,-0.00470936730147984,-0.0276979856147582,-0.071928952690179,0.155371123230835,0.0727484050396376,-0.146684725003111,0.0045000926703881,-0.142365984469818,-0.094004066213196,0.157299164656314,0.16687290307958,0.244214419680592,0.153467072486918,0.192058857993088,0.10741070467094,-0.0821743945993061,-0.0491882701392371,-0.198045387882544,-0.353939895754626,-0.312600555093966,-0.146452514583674,-0.302647738418374,-0.362075589867483,-0.0218102864522543,-0.122320878476799,-0.0707911366028131,0.0639220393026337,-0.0635829998154366,0.0393844330641195,0.0545946151118842,-0.116468975711846,-0.141569065282069,0.0328553161552772,-0.028996533865847,-2.36209345548545e-05,-0.124793340502971,-0.00804274065837184,0.349495315145381,0.243011019218651,0.269967906503322,0.0117968875615848,-0.0241286936878181,0.0162441210818013,-0.0657466115327119,-0.0736729015777252,0.206050921600915,0.136479609473732,0.275010507264438,0.0216367456731378,0.248258464318082,0.700433621046186,1,0.419598874849329,0.212256537243896,0.169414937707099,0.233443723359489,0.0819775335287681,-0.00559267787332993,-0.102906113426583,0.0680713926082783,0.0203487047529476,-0.00629266761748436,-0.0481410840537325,0.179750815626635,-0.00139371733218522,0.166058594621325,0.16448025856183,0.152612512802199,0.330726143384925,0.252929929246588,0.048807269986893,0.0126811764407334,0.125538093377573,0.349062792857714,0.448116647471613,0.0864130829211392,0.042725358932364
"继姐-继妹",-0.0182012957509502,0.0153497339903241,0.118187263128224,0.115977511336209,0.350636628810966,-0.0877904307175879,0.0143386018048836,0.039576440602025,0.156509691692983,-0.250938093999821,-0.209292351269064,-0.0685155662275236,0.0548119746027701,-0.131312948608288,-0.0353221722324236,-0.146278717599564,0.105101135763985,-0.165234283572587,-0.00094689737603579,-0.0158787966054129,-0.0678005010632761,-0.152027301645603,0.000526157689618207,-0.114942028619464,0.182201465063229,-0.229630541593731,-0.23464410264031,-0.0331084554823549,-0.0648170155230971,0.14718758114631,-0.472584551417247,-0.0993658704582252,-0.29639048227006,0.143797326861264,-0.171489388138836,-0.178664486068881,-0.141449652241423,0.0865527189593096,-0.0168800304484614,0.0810085857434181,0.0920451806085648,0.14694476253586,0.293071506275401,0.287597099738941,0.137776291499005,0.0764627941108801,0.202854829189062,0.284664160203477,0.294104199050222,0.405697589491379,-0.192044599989781,0.171982413340714,0.0324990295181735,0.117299119792062,-0.0387960021104814,-0.141002972981907,-0.231277646104619,-0.0436806391410601,-0.0389344922542295,-0.0679491821889494,-0.277733236422274,-0.21298594159034,-0.288002994640304,0.024454425999983,0.0220471956960233,0.13620953919843,0.00642962205794882,0.0472336649162393,0.287326907592556,0.0796480012490286,-0.121897482455675,0.0882048880383354,-0.0946626644082663,0.0483609098278394,0.127746992500534,0.215336253755557,0.190375003527563,0.127230675207116,0.127462952875121,0.193403277488266,-0.20798087991149,-0.264288898878285,-0.356206398631263,-0.408273343821366,-0.21136734853336,-0.0951303203201168,-0.161279968452562,-0.249626321021293,0.00703445568285948,-0.107856719110331,-0.180355207677292,-0.0462308799971081,-0.0692174771828947,0.139434569020793,0.23415838441178,-0.284336775645875,-0.129827728232307,-0.146342087484347,0.0350274522901473,-0.197563578624876,-0.082692028416584,0.19609779568792,0.193417186258874,0.241318773991137,0.189922569518991,-0.141940719072728,-0.209054957429525,0.0266789190494046,-0.0907256386098329,0.0275977539044651,-0.0593906492707667,0.155446716936552,0.00569465558403975,0.100217922897468,0.125647766538562,0.358648043094674,0.419598874849329,1,-0.0559852598444564,0.0330229967803231,-0.00274324182537518,0.0214547523303597,-0.124924984016879,0.0479874224696498,-0.0707917379132303,-0.0162499433181059,-0.180344469025007,-0.245392480933079,-0.0181129447896307,-0.0285561988845687,0.031604439269814,0.0761097809462106,0.24545829093697,0.193895054919232,0.152027875495148,-0.0417919702045483,-0.100611712790976,-0.0384821677752199,-8.64143852258841e-05,0.222282376023558,-0.174690613304031,-0.130252496191922
"养父-养子",0.230938040998694,0.192263677253855,0.139724411204573,0.158592731925988,0.0279883854953303,0.249215430350412,0.151436249300463,-0.0566015199013193,0.0885045420032934,0.176659314304151,0.169960215331712,-0.0439117877020906,-0.181355395347897,-0.0210362058502244,-0.0248832450742794,0.229336411673657,-0.066701341679175,0.140023749147496,-0.08979358628818,0.029518645229133,0.014381713945917,0.166358920751724,-0.082855103288712,0.0471934980829201,0.0507778734957019,0.131247341004142,-0.0893102967779452,-0.151668654785093,-0.0771115705448105,-0.191916030235433,-0.0924292276879018,-0.0943914351003768,-0.142709160650206,-0.377406564170441,-0.235440798528511,-0.128701799721751,0.116203210020931,-0.128336798881059,0.0123723560772911,0.174252254084932,0.0393419883071348,-0.222020069750069,-0.274148683456431,-0.26085661539266,-0.0119225947834354,-0.0726416557820405,-0.0300250357021229,-0.229107540408002,-0.283033710334497,-0.225988358095246,-0.0712656935986816,-0.146858445626039,-0.23059048443343,-0.183551702676873,-0.255517965515403,0.00645511508414653,-0.140433851357347,-0.228249205724718,0.0198577815629631,-0.224991481222841,-0.145475938909397,-0.265764836678646,-0.31442807032402,-0.273598493923855,-0.262286374058272,-0.12200009940316,0.180130342464588,0.112435677049223,-0.0517790254025814,0.0829454628571966,-0.0900970037439085,-0.0974739494038581,-0.088737328217232,-0.286416575862639,0.0259577704391094,-0.213055780172325,-0.00278171963556411,-0.0121759332244376,0.0508228625676334,-0.0373314928684558,-0.194850278658661,-0.117234489527166,0.177949168121642,-0.115596974893908,-0.292384592412255,-0.252390859525951,-0.308322985707517,-0.232749168345157,0.0205684488739622,-0.0245727938338903,0.198432866721761,-0.0296875787360128,0.0544058708343048,-0.225121542141855,-0.0952812328629312,0.0264561193050237,-0.105461690039342,0.0223313467855334,-0.176377791730473,0.0767246338267894,0.0446256324242859,-0.191739949286334,-0.0156848868239254,-0.180681904788526,0.016356386184067,0.0210398520814981,-0.120612887027638,-0.0986653625289629,-0.134758860506901,-0.249320591221125,0.245638967914718,0.067023960001479,0.21841826561685,-0.170273684499719,0.095180773600486,0.324825032294604,0.212256537243896,-0.0559852598444564,1,0.711350463937306,0.807185983470666,0.392937515176911,0.494295490775922,0.140089876967136,0.487500423380632,0.268485534710416,0.0991088969235635,0.170987994320082,0.074596475275396,-0.0280174748302598,-0.0333091828708627,0.111252489204176,-0.19150026017054,0.142041056136256,0.0125403836076563,-0.0761480367785803,-0.127390983023457,-0.0168230568342403,0.132888954785672,-0.0309817850803027,-0.0236717183782892,0.132179741367302
"养父-养女",0.287175540343657,0.15444158422713,0.341756412837697,0.18677738107833,0.125053547732333,0.111298687961759,0.128233059469466,0.0485966170569813,0.101820867843757,0.0220024187388174,0.113598196117912,-0.0337578622259152,-0.0485548513595064,-0.14086395561313,-0.00706685842873915,0.10732881414142,-0.000843673638169705,-0.0418618065940503,-0.0956780180532042,-0.0455633735332749,-0.0913585193242777,-0.0412852910483569,-0.00452290973633064,-0.0936717613869782,0.0238931443842835,-0.020575052830518,-0.152349186347669,0.0606116324372909,-0.0802245416097972,-0.150108399099905,-0.239183627863381,0.0061774735322019,-0.153877859086722,-0.268686329500497,-0.39002374424521,-0.207795554717455,-0.0470396971667037,-0.104408242917928,-0.177821062199633,0.236396209965921,-0.129053380709596,-0.111825772855103,-0.250574015840259,-0.113420129798448,-0.0451637813613344,-0.0686180163331497,-0.185084187372682,-0.203486104971885,-0.206402357217129,-0.206401410227909,-0.291426764668556,-0.0494852842015029,-0.124637278401639,-0.143586159891887,-0.214512316937525,-0.138796330961311,-0.140289402405182,-0.20817272403881,-0.14904430633939,-0.0842020451273662,-0.282569180453517,-0.228689587474797,-0.379863074231463,-0.202481166830356,-0.253126753836431,-0.219191153066155,0.0862068871834435,0.159156951739034,0.0306079189795621,0.146958231882385,-0.21313710758632,-0.179655348497523,-0.0104820533001438,-0.224444206076544,-0.0336149391900448,-0.172887395671688,0.0196243447177002,0.0101385996438494,0.167972569426206,-0.107562965257889,-0.158220845990719,-0.202986631069638,-0.0649034365810478,-0.24302604570594,-0.0703841177926391,-0.296106832498965,-0.164568934950397,-0.297709377625831,-0.143549246875219,-0.140255033069783,-0.0302286513055922,-0.196231610645143,-0.0811137243914314,-0.251456195501858,0.0684968229916903,-0.155267394584017,-0.192246038689591,-0.0440163118869989,-0.15274561269549,-0.0796043917914311,-0.182277383565225,-0.252102907732446,0.0572438515643809,-0.0103664220991665,0.0568294535958578,-0.121798668934482,-0.144196546865403,0.0648267146914048,-0.109102117388009,-0.138330875460836,0.227377807487827,0.256203107430801,0.3090630934067,0.00281571734154953,-0.0527886922856826,0.330818379335889,0.169414937707099,0.0330229967803231,0.711350463937306,1,0.682802245644848,0.594274120010163,0.363015583255043,0.357123580372838,0.44539101477937,0.307500028494423,0.12859046584606,0.296564159306653,0.143235156117469,0.081966096890189,-0.0371972685230695,0.29089809037462,0.120289965077311,0.280026121312537,0.0841706730895872,0.0364804008245657,0.0290915571711715,-0.00967277476403933,0.107134483522375,0.0948047929127395,0.0142980399189454,0.131193508818485
"养母-养子",0.142879585155664,0.0405375080193502,0.0548292947004478,0.0729165633277311,-0.104671819013223,0.19854407348083,0.0569825462515919,-0.0236948088540197,0.0920716231461226,0.135865241115586,0.0741591226416177,0.0449741988310908,-0.147292228740716,-0.0585881889167901,-0.116711625825062,0.145526959216229,-0.104604510908565,0.0717579118228786,-0.115864100182239,-0.0949591907119314,0.007984543731336,0.157321390479443,-0.0421383675971055,0.111050873700287,-0.000124048152354053,0.16072211434598,-0.037822329463036,-0.100114567256655,-0.0481590691276974,-0.173937861515968,-0.151581501467307,-0.0840597704637918,-0.179659631412249,-0.347861738942926,-0.286587185488497,-0.16320477557666,0.0228017730326712,-0.174624475176312,-0.0713278367446788,0.0778294639195263,-0.118020006958392,-0.209734016624779,-0.299253646933793,-0.271950860464161,-0.0232527673118579,-0.0299004746560754,-0.0931306362573847,-0.156959420762111,-0.228880981708363,-0.174509093432278,-0.204758744290379,-0.145096705297694,-0.305817178985545,-0.168813826623121,-0.160317645411173,-0.0663614749820251,-0.16132541807046,-0.2168700655902,-0.0678517880863632,-0.199130120192923,-0.156805244698044,-0.196842491667342,-0.3007237571745,-0.265877809582437,-0.217490832561935,-0.132679696900075,0.0783335167568593,0.0667312984277293,-0.0980264346070725,-0.0345295086788172,-0.0779025990105533,-0.0898250713169391,-0.0781578482653771,-0.18312674421741,-0.0846560043942028,-0.201584866799397,-0.0357180471100702,-0.0179874046688156,-0.00532191449345622,-0.0937532311272748,-0.144390842733762,-0.219928111345691,0.0832722981686293,-0.0761871273683908,-0.24472744050688,-0.19690887030503,-0.221362422309998,-0.192982769979417,0.0677269275077784,-0.00479140093847461,0.170403673112604,0.0104469650708971,0.115775807825284,-0.080084752534329,-0.0257477125281661,0.0736465534709691,0.0207889232253267,0.0188875272812909,-0.0872090128899839,-0.0142690868346548,0.0209130633833938,-0.146384890498476,0.13361661271063,-0.150024800628536,0.0642353459015865,0.0132726934261841,-0.115585347046373,-0.0523724221968604,-0.128605919403558,-0.181063992447111,0.198523760941911,0.0730322764779864,0.216446561999582,-0.118180646901089,0.0455693786368801,0.388882431225113,0.233443723359489,-0.00274324182537518,0.807185983470666,0.682802245644848,1,0.464466921353829,0.444744753416788,0.144142384056067,0.481655249599053,0.255300528301617,0.0920395461204631,0.129490234130546,0.0658845032840144,-0.115329492849097,0.0611508893015075,0.259357604204929,-0.0792712031444005,0.214284192854012,0.174983225503764,0.0434340462401725,-0.0163190164066459,0.0400487466021318,0.25956449800935,0.106092248856101,0.0423217027435672,0.139285291580205
"养母-养女",0.292935944397233,0.127845309070468,0.289977006616125,0.295288563288828,0.177668770245424,-0.0178768435906149,0.00880505272789152,0.214520101933713,0.0698875078005707,0.0656134204588652,0.106603088379742,0.0530853148406895,0.0800539007529411,0.0160107169457795,0.150737354047345,0.0766230400082104,0.0126927128887187,-0.206892701830632,-0.212368305128965,-0.0669976264509476,-0.253551809705824,-0.180202429762095,-0.0625458712270628,-0.225411560249697,-0.0538727214786747,0.000983439138585027,-0.159512834516657,0.122680572566729,-0.149837343787094,-0.0699308687494348,-0.251191388078341,0.0568290267902877,-0.084551575580245,-0.133262389021568,-0.409523665977681,-0.107015898595392,-0.067410383000807,-0.0300255724766052,-0.10582210486075,0.312497513952707,-0.201457576041141,-0.0300534198490939,-0.194467461144676,0.00436785705061436,-0.0697484531450006,0.0531032639453679,-0.302972330495287,-0.230027617346327,-0.20266604315603,-0.19655321791378,-0.410616991002006,-0.0293963151411696,-0.00540812298921635,-0.116644658512666,-0.181789786172368,-0.287508033495418,-0.151714716311063,-0.117347973236392,-0.230202048619905,-0.0603940640652171,-0.247589400383135,-0.283482176865306,-0.296680362782227,-0.187934574225152,-0.243252764500489,-0.301414686961991,0.0620076696911698,0.218342756073723,0.03885218461612,0.304195272012865,-0.206754361361526,-0.218222943880458,-0.132561102743309,-0.199187527602895,-0.220875766548053,-0.17603351932959,-0.0637330763853092,0.0814521780416267,0.224610717870751,-0.0438408276822057,-0.036519489499578,-0.321860709020673,-0.0575294140837821,-0.14555328322529,-0.0133101208037767,-0.224273271038496,-0.102294457551335,-0.194648566812269,-0.261654857894319,-0.144082320617804,-0.136526976448268,-0.265892473603215,-0.0982250742384556,-0.252156024085832,0.0838809526863415,-0.304552013708724,-0.139938533713002,-0.135104317316965,-0.133953883304255,-0.0653978291095365,-0.318710449385305,-0.266546008037113,-0.0145416356686765,0.00417678045538204,0.0563528250529322,-0.233725904382559,-0.103216848159121,0.0875602882914464,-0.0245939307584724,-0.128290364673291,0.241544963926989,0.265856075785176,0.426707782047242,0.165375650007795,-0.107643570318808,0.1228354156035,0.0819775335287681,0.0214547523303597,0.392937515176911,0.594274120010163,0.464466921353829,1,0.218489730333842,0.476565849596196,0.511945413687203,0.334830092195154,0.149087648002934,0.27719129040239,0.176860306894641,0.168569524692467,-0.0276935456813728,0.359828040565376,0.0599185730283253,0.335777090310148,0.0749122507743391,0.125083269473424,0.0383337062159598,0.0526074859780517,0.0492240545061708,0.111301017055762,0.01213228249268,0.157259270198671
"义父-义子",0.150692784575323,0.193395582862732,0.0274595304625475,0.00696434735759237,-0.0428428366641657,0.397492260597386,0.139159919979008,-0.193579128981484,0.0517508009920343,-0.0148078573433461,-0.0501641651119063,-0.215561037438196,-0.263808761903004,-0.119268594301882,-0.152447290739375,-0.161413863340964,-0.212313624732614,0.149030975718153,-0.210835329331085,-0.0919384661751959,-0.0928717114554191,0.143811567552824,-0.104320672780894,0.00778792041445927,-0.280086280673642,0.318711276460821,0.0221555614357042,-0.15463220935081,-0.0318225290095953,-0.14821400051907,0.0206940040372657,-0.00838908716814602,-0.157336501564207,-0.350505417848026,-0.187675949094386,-0.241818511465761,0.014756613712279,-0.320125436998603,0.169327310152083,0.0305757673014123,-0.0783885388213593,-0.253326994860194,-0.228585797540952,-0.283576295052621,-0.0314483491884492,-0.202779298495386,0.0712778496435429,-0.0654994815307476,-0.387188415549723,-0.270299733904092,-0.0106529126284619,-0.145140087320874,-0.31310305248696,-0.237643429087027,-0.0927146607732064,-0.0832333182901116,-0.291102711488407,-0.116860988510293,0.00308593317389063,-0.0166652277582961,-0.0851593640287608,-0.18572128812967,-0.202632800036679,-0.311411931157371,-0.267439217635603,0.0641893115299896,0.222269889821132,0.199338314833403,0.0402894342835393,-0.0123041088083108,-0.0415335219126767,0.12307361666594,-0.125110315448408,-0.127954880986042,-0.103967225228553,-0.0376048373201357,-0.00891966236834894,-0.0978447017798701,-0.0959333776169746,0.0197714010406582,-0.086472950636592,-0.0573278850089813,0.294503987364386,0.0954466098319905,-0.145512410979966,-0.104067752807129,-0.147250595156504,-0.0296713626715908,0.244969076709147,0.294709407183355,0.170746825645576,-0.0121848165658108,0.202694263704965,0.131263815060409,-0.0714526778779414,0.0832132134359787,0.0180108579925198,0.180532780072955,-0.0569773703392994,0.130407081167421,-0.0293293361078952,-0.0977406367578537,-0.0989687103036992,-0.244951503070573,-0.0915208341729742,-0.0441817443661821,-0.118649048106247,-0.146424022697233,-0.172499611438336,-0.211448938313968,0.0324383080550196,0.0212411325509853,-0.0476530644839842,-0.14529919343044,0.120588721121746,0.0675178654153709,-0.00559267787332993,-0.124924984016879,0.494295490775922,0.363015583255043,0.444744753416788,0.218489730333842,1,0.405121719580196,0.658869058064223,0.525090977419563,0.28793569345796,0.287581164968618,0.128066119985868,0.0199346256311516,0.116904173694638,-0.00228286532174886,-0.184729557337999,-0.0212804338479531,0.0370382038274515,-0.140973822828369,-0.106917538232895,-0.00923517921533405,0.172114814561423,-0.0755992689984959,0.0646844095182394,0.0500114145613717
"义父-义女",0.0688391487529512,0.159153296749285,0.265389483149647,0.00279956850428403,-0.00477285872584718,0.109502311967326,0.135796135946537,0.028260067940879,-0.018848655737725,0.0366294278928066,-0.06805162821515,-0.0974582474818324,-0.135049889403136,-0.0517243425924561,0.0316285120801721,-0.179745293041606,-0.178574929492273,-0.181853711909819,-0.256887091284334,-0.0964782007763883,-0.290768060104199,-0.121012600463149,-0.0665410547413509,-0.132708918506138,-0.208028527318835,0.0114548068754271,-0.0567346939398304,0.13970461286059,-0.0549882758440371,-0.0705107719326588,-0.0994667331701553,0.296671760414576,-0.104192115490854,-0.0877932684759341,-0.307985061756141,-0.165227895770182,-0.0740798204741816,-0.218863918365822,0.0649879924733285,0.244001526434259,-0.0597295090715806,-0.121169474990212,-0.0414154067616504,0.0639852957289841,0.0663282928272788,-0.0377042088021496,-0.0656985677186616,-0.0423369378105785,-0.139726937403096,-0.106987864379973,-0.333644361058584,0.00886990814568154,-0.0112035302938001,-0.135246528388214,0.125230988720988,-0.150994294802965,-0.244334143096705,-0.0409074835781537,-0.0526981105194166,0.152872559844585,-0.247922927574715,-0.23580212730836,-0.238822549598988,-0.215590062246792,-0.189403991546433,-0.0229915522620307,0.15596429587969,0.249100596686045,0.206696706431776,0.19623810708001,-0.0961051558190395,-0.104391256257205,-0.0560033775673127,-0.117601179192425,-0.335804343475793,-0.112391473535004,-0.0991888348089668,-0.0400673449625197,0.020565736084987,-0.0142035563928386,-0.0699667339065327,-0.203996157708689,-0.0658056244056109,-0.0308357165426027,0.138664831275099,-0.00698609778801136,0.0455760129273393,-0.00577630160339721,0.0607673334890098,0.148385637010506,-0.0978512789504088,-0.140503219519872,0.052612716386443,0.0412150487795378,0.110780169213984,-0.247169244551855,-0.0420116671508388,-0.181890900652565,-0.160177898672114,-0.064265565192907,-0.191691742708633,-0.216173928696858,-0.0900494446507947,0.0111782069924222,-0.0120803828609982,-0.265113357171872,-0.0900812594264484,0.111365391699884,-0.0759179972867006,-0.0864648105670034,0.000320149899894597,0.170218221147739,0.141323219883579,0.0749384893960971,-0.139797227054617,-0.0754920912327942,-0.102906113426583,0.0479874224696498,0.140089876967136,0.357123580372838,0.144142384056067,0.476565849596196,0.405121719580196,1,0.454343287916036,0.269969020967188,0.163833346648985,0.247236859148783,0.0518299042081572,0.0950130917587107,-0.0271369241166775,0.0996842547672107,0.0756681218188019,0.0833052579047525,-0.0522856381282383,-0.0467953001253187,0.0108649680452252,0.0244848069353375,0.025428103870452,0.0204362187005679,-0.01101859946266,0.0439516549953425
"义母-义子",0.249882021126929,0.157453669069975,0.169459452770202,0.238976055771438,0.109351056579228,0.320520211496544,0.237045694167588,0.0580063537467083,0.167384952089658,-0.0117416701574463,0.00546361254540492,-0.108284865486421,-0.0468859269325577,-0.0698657892159658,0.0575872258979616,-0.0229622324973045,-0.0802864928394372,0.0314349303844415,-0.206261439748932,-0.0735356090254927,-0.217889467015797,-0.0584307825930961,-0.10016005630668,-0.142754096455535,-0.140162912621811,0.250358364873195,-0.0202142065019758,0.0331529326087298,0.0273605749911435,0.0153871655625625,-0.0937014877899151,0.026472058947651,0.00327446283810453,-0.207287335024852,-0.220640618743253,-0.18016962078064,-0.0236718687454933,-0.201825551046224,-0.0223661638884967,0.170707713508128,-0.216259390197013,-0.178477428313817,-0.319961257672673,-0.196471560147841,-0.139616385357801,-0.260582242303441,-0.152381667662462,-0.250444426906201,-0.324016572066273,-0.295795576749896,-0.185969358228632,-0.132813910376553,-0.189694104459105,-0.175748691409008,-0.291889095470318,-0.284112785352676,-0.174170518245799,-0.08392831572929,-0.130865076033133,0.044349062456892,-0.217086876445655,-0.289427367671726,-0.188741981728584,-0.308390066984129,-0.311014908481819,-0.138998769780803,0.238504995468774,0.297727990154508,-0.0283650018806993,0.16300244962459,-0.277962070912576,-0.0969273728939746,-0.259094015821175,-0.22555887404838,-0.201010986910818,-0.192909657774588,-0.192655411513423,-0.161374084994611,-0.107188949384647,-0.16766658205637,-0.0312550047567565,-0.154254685346363,0.168735187415389,0.100695309134934,-0.0644951010887391,-0.203716825582648,-0.0852435715510398,-0.117156871171968,-0.0657258305743356,0.0648137105430189,-0.0857118364053042,-0.216306464426613,-0.0766828016098375,-0.239935023205542,-0.125711932079946,-0.233503200862489,-0.196254567038242,-0.104452552376532,-0.235682781834291,-0.0064917639291732,-0.36297905049982,-0.216921649402866,-0.127862604354127,-0.0714039628089796,-0.0708953724215056,-0.0810952672873384,0.00104740626470627,0.0724729238757744,0.0548220739755972,-0.123888466131944,0.198179278505684,0.127750351416024,0.249552550311629,0.0948226427740116,0.178098395466812,0.0149419996841617,0.0680713926082783,-0.0707917379132303,0.487500423380632,0.44539101477937,0.481655249599053,0.511945413687203,0.658869058064223,0.454343287916036,1,0.577584203489337,0.222540895136188,0.226080633052075,0.291746772585289,0.142007249468947,-0.0239452288644043,0.118596330729821,-0.0812716507873766,0.152897144753542,0.0765519311281997,-0.0468249474943282,-0.0696623395494956,0.0529243227273433,0.152970314560797,0.0220026130673602,0.0811451555804405,0.195927247851356
"义母-义女",0.226288337591373,0.129014832217429,0.181983045175294,0.254242623415281,0.196753117778736,0.173710747186164,0.0938189289096398,-0.137870865681487,0.0797475926230074,-0.242261710701373,-0.0225742958189788,-0.180342469777769,0.0361097954145679,-0.186861080603418,0.0606622717521162,-0.013264591223289,0.122813023868607,-0.0471309164540373,-0.0588163927573594,-0.0480408857892772,-0.188136943901569,-0.180088093723484,-0.123812414864732,-0.24599747450644,-0.191330151469113,0.099513208686365,-0.0923948284202712,-0.0378103015539024,0.0988922729838195,-0.00907798650846336,-0.194378611472484,-0.185589631119847,-0.130618120293273,-0.186639900759262,-0.264192415752155,-0.0885212690121849,0.0288405960984263,-0.0400752291464309,0.0487981289185096,0.26857833688206,-0.0568120887246006,0.0452300431481787,-0.0789984441422995,-0.0352738727026012,0.0548103436339762,0.0262527201268122,-0.120447710456036,-0.144789654898836,-0.208396132145798,-0.183509005335901,0.0287404119690474,-0.0268225786331515,-0.276208224811544,-0.193504107362718,-0.291819142100531,-0.241363172354548,-0.286295850734142,-0.112935671836705,-0.114743227330622,0.0675663479359683,-0.0805087784321802,-0.073004781000884,-0.16682798206603,-0.0737144057348714,-0.146767540440507,-0.0787989105306035,0.222624623876948,0.228062240649303,0.0267683627991194,0.0491216646608243,-0.0787119519074996,0.0246782931134102,-0.114420092007912,-0.0955933508376626,-0.109678254110564,0.00462906140238693,-0.0410898814164647,-0.0937569104193698,0.0691437455941848,-0.13500025717408,-0.0719480413321011,0.0336372859114553,0.136727935524784,-0.0335110693685436,-0.031353376773577,-0.183762534099119,-0.0875791306657058,-0.197898890178728,-0.203458768999429,-0.185664914024433,-0.0412725545165851,-0.13814041626279,-0.14550591029432,-0.20838448156167,-0.0529429296580603,-0.183553689911471,-0.0520061368052599,0.112501868547959,-0.106689459411262,0.077243434233737,-0.19624410299733,-0.135412765765321,-0.0929945549400805,0.0674537570540629,-0.0455713738552903,-0.0503199877622923,-0.192275080622464,0.0434916992297049,-0.0665987571952598,-0.173707406434476,0.262403421539838,0.196137406211753,0.0604089074158092,0.102705028967097,-0.00275837065673759,-0.022922958044774,0.0203487047529476,-0.0162499433181059,0.268485534710416,0.307500028494423,0.255300528301617,0.334830092195154,0.525090977419563,0.269969020967188,0.577584203489337,1,0.349119644106859,0.423439543148263,0.358132168021441,0.421670661697194,0.00816025021693199,0.0905740492882111,0.0144546688737071,0.00328903033053466,0.0872214476704126,-0.00213591308870578,-0.127854355258631,-0.198941787152609,-0.0753966940381383,-0.152496815181541,0.0441050566696314,-0.0700277549812056
"干爹-干儿子",0.0731813209623496,0.212019151727169,0.0529247528249153,0.0778532938202511,0.11451129190388,0.119560771275986,-0.131872582476504,-0.0436146559117999,-0.0159987422091332,-0.0243960874705315,-0.151249798980596,-0.176543836150745,-0.0839638050312625,0.00733742612471096,-0.110452770210833,-0.103211552621766,-0.0850085197210839,0.00441037783544598,-0.115173606109749,-0.159250224405389,-0.198356147436449,0.0176599004990054,-0.0976095920752777,-0.141763188146912,-0.222375421888846,0.151411422995811,0.128843082819435,-0.0470156934656823,0.315707788219983,0.08912001071098,0.0822583018646312,-0.0887050696525741,-0.105882571543669,-0.0956744360968039,0.0469659310667877,-0.035618715107485,-0.0864211915980664,-0.0596090719653476,0.252654268895711,0.0866669742145083,0.00107622992470329,-0.00195016483625623,-0.0161482683000826,-0.0764520337707068,0.0890659650811984,-0.0730210026984375,-0.105998188154959,-0.389532650700426,-0.118553452448213,-0.277065980520182,0.0687899159795381,-0.139075726285637,-0.171924302755589,-0.170706544939006,-0.180993543476945,-0.226918498933499,-0.150004207712698,-0.117184972240192,0.13329282773647,-0.0939966983687224,0.0370946797094145,-0.0639151220783425,-0.0210820283701944,-0.147731745742184,-0.0457626229894287,-0.202401031001627,0.0980523154922183,0.196006191203162,0.00737479466387016,0.134770411198395,-0.0315749618469371,0.0896190330811797,-0.245546044230576,-0.121803369465429,0.0485810512782103,-0.0575936918847271,0.0328562866451128,-0.175314612607353,-0.0249336379927535,-0.103131960946586,0.0482599242398599,0.0668870903265773,0.00780955675738913,-0.0608417957532824,-0.0634777216801345,0.0208272265714673,-0.0730387559819436,-0.0630610865211585,-0.0175265623905849,0.0824652040990922,-0.0757946956952772,0.0791426536115766,-0.0639743233786006,-0.0311578726537729,-0.173108100041076,-0.101510615030993,-0.15293077278798,0.0200922307457132,-0.0177031044207795,0.0184000068116776,-0.070734099153004,-0.131571974138374,-0.172181190925824,-0.184430235766781,-0.206808271318408,-0.184985138714047,-0.0627090393646262,-0.112136098096271,-0.0527905151641286,-0.204630333749725,0.178789870157217,0.178678335295842,0.168805924981053,0.260279269432855,0.0612436992693719,-0.17979563571041,-0.00629266761748436,-0.180344469025007,0.0991088969235635,0.12859046584606,0.0920395461204631,0.149087648002934,0.28793569345796,0.163833346648985,0.222540895136188,0.349119644106859,1,0.79817265940802,0.534358422230666,0.301346180949107,0.059945175132628,0.0496510717306475,-0.0901940830594756,0.117307453584455,0.0424807704970534,-0.022356405530223,-0.166911093294792,-0.126617904174761,-0.0253131499298127,-0.109252375873931,0.0390949853627697,0.0332702387595635
"干爹-干女儿",0.0924024520652337,0.106672990752933,0.0440097405092437,0.0266386175193445,0.00359481739560529,0.0233702402092567,-0.0761882450869768,-0.0757347423720099,-0.0801185359926425,-0.0984878650640438,-0.126911526263176,-0.240211992831453,-0.143563126569473,-0.0423280697344496,-0.166386346275376,-0.16863820822927,-0.12098950812162,-0.098491845676025,-0.166627162577258,-0.174879300935458,-0.208012642400086,-0.093454834373576,-0.164294922897072,-0.201454741840854,-0.313399776849893,0.0210562112803998,0.017173332341388,-0.0358220359112026,0.231689201038033,-0.00975236242398223,0.0103805986196142,-0.115249514342385,-0.159400535539533,-0.131171093062707,-0.0576928256164191,0.00587270441671761,-0.0749499957323752,-0.065491259277176,0.127513420720098,0.131120342391053,0.0223543194373241,0.0449132947307129,-0.023181232803537,-0.015851766579763,0.116934044743763,0.0322609263726644,-0.192117946670942,-0.28567700852075,-0.0967564657244827,-0.265527517210215,0.0751542843753678,-0.00269364851240476,-0.0981438206823378,-0.173614515853258,-0.0835432551968834,-0.0843168943123832,-0.107541031155224,-0.0674573039690092,0.0642741446969197,-0.0512061487340001,0.0506449573930787,-0.00876108441233999,-0.0683095928304505,-0.0137837924777812,-0.0276611007919235,-0.134717842823204,0.10485019752855,0.152238657803297,0.0606077395639107,0.165786097217175,0.0678731936715055,0.0313053135266996,-0.0341348980590271,-0.136895529293439,0.0324257218897996,-0.0471906211016936,0.123754979948907,-0.0339981347903866,0.137001490528121,-0.0105398938677621,0.0192728817922112,0.120914997659263,0.0230022482946741,-0.135895403887472,0.0032460406204092,-0.0278458739812686,-0.0497000027019944,-0.077682187121667,-0.128259445703973,-0.0591457355835048,-0.0738138524158993,0.0603549520130156,-0.0401852902058086,-0.0821897268608328,-0.0207400134106637,-0.100124170945909,-0.077097035981966,0.141101409569319,0.00662785878213958,0.0651090477080234,-0.0414945963247125,-0.162762422075073,-0.194814708678074,-0.182206796465573,-0.187399956162622,-0.168317825958463,-0.143175712287223,-0.0852266508529486,-0.116571004944347,-0.266371707605252,0.141918884439614,0.215358991661468,0.194366233934689,0.222166473693531,-0.152752350267318,-0.108322486283226,-0.0481410840537325,-0.245392480933079,0.170987994320082,0.296564159306653,0.129490234130546,0.27719129040239,0.287581164968618,0.247236859148783,0.226080633052075,0.423439543148263,0.79817265940802,1,0.502178092920191,0.441777130900604,0.00484056283017017,0.106796848175727,0.00820832139980624,0.104453006000742,-0.0360212870564687,0.0479623162212435,-0.0729012153482171,-0.102540976830986,-0.0950186514944937,-0.124706057996777,0.0772913374493427,0.0352649869869124
"干妈-干儿子",0.254064946163419,0.129769588740136,0.120067699678175,0.194011485013539,0.280220814266049,0.0686643662419806,0.0101479443787982,-0.0531905753533607,0.158143542768595,-0.113809869076473,0.0341585290658193,-0.106796705320098,0.0714931380831464,0.0624026856707147,-0.04303447339899,0.0237195234156836,0.0511252653868764,0.0191873155176124,0.064909650432027,-0.105815868845972,-0.0707830010958621,-0.0732086778309865,-0.0799116188988022,-0.195710463748862,-0.0411930644547612,0.158772030539456,-0.0370506272737428,-0.0611462810226944,0.233957354472164,0.0572231331287967,-0.127828215392422,-0.29335577385994,-0.166286560401707,-0.205774950482509,-0.0448453847466089,-0.0162356963548817,-0.00346362589997961,0.0344866130479851,-0.00891367470774418,0.120595597357254,-0.020037113555798,-0.0370983304914922,-0.10137706989509,-0.0715460327241715,0.0232606417690404,-0.0585615261137604,-0.10130515876164,-0.413597345342881,-0.0791200745713096,-0.265614775634199,0.180204827105541,-0.137935923655332,-0.115068557967896,-0.01353774479249,-0.327570710983964,-0.218375690895002,-0.0873168842099792,-0.149073098908171,-0.0295394191286387,-0.0492155477995723,-0.0625659235460232,-0.15697348414486,-0.212736301581095,-0.150873985611652,-0.185996783750872,-0.157891022166444,0.121808289289348,0.280013308482085,0.157153427564589,0.304755837423987,0.00422604780432066,0.0977575680534861,-0.119523030444853,-0.109152465069586,0.0830361239004099,-0.0130261890213898,0.0767600356326851,0.00275624096391519,0.183410059792564,-0.100818445651002,0.0347195484718107,0.00836930350190062,0.0769290749450839,-0.0673224296521994,-0.139386678649284,-0.0182820209632761,-0.0647124593398574,-0.225345677256762,-0.209340820776641,-0.201508107245415,-0.0133286185028487,0.0255332523953815,-0.0803987335029012,-0.106633310829085,-0.0595180031764611,-0.0538408025486227,-0.185874963923263,-0.0984723670063345,0.0672788081354891,0.0376826857666802,-0.0989551296152245,0.0511779256090099,-0.202600013331372,-0.109267258554576,-0.241148246456385,-0.117613868760059,-0.128598901963896,-0.205832710937796,-0.0790552056865429,-0.228471837776032,0.181985881554363,0.0465848426557971,0.227133794869916,0.136618827034192,0.125861600766136,-0.0118171828566113,0.179750815626635,-0.0181129447896307,0.074596475275396,0.143235156117469,0.0658845032840144,0.176860306894641,0.128066119985868,0.0518299042081572,0.291746772585289,0.358132168021441,0.534358422230666,0.502178092920191,1,0.474779718427851,-0.0555594347998044,0.140037012767472,-0.0510791581851934,0.142355281895107,-0.0267501740281132,-0.101102062913541,-0.137550540959222,-0.255472547566837,-0.155913049658229,-0.119408854411063,-0.103898496625633,-0.109390001578259
"干妈-干女儿",0.235558598360651,0.00955800094205692,0.130465438814718,0.0654924320300252,0.289480735566296,-0.00440080234655689,0.00977590096685624,0.0791916521278738,0.144228433378071,-0.269400200009876,-0.0519263215070666,-0.16547928829552,0.142941542551678,-0.150895137835782,0.0607390540910416,-0.0825733210371863,0.189108703057365,-0.250941075828556,-0.0158341623167592,-0.089478616199427,-0.147903389432999,-0.33044309274094,-0.189213061895656,-0.347906709531154,-0.180745986792817,-0.104114907477374,-0.300911538104279,-0.0275602471983021,0.00918279083916572,0.00119372160841791,-0.172482985408544,-0.165710989108941,-0.0423069744343348,0.100351931194256,-0.134442507938366,-0.0669260352732252,-0.0568138241074272,0.0972880796697648,-0.101024776031005,0.134494188446475,0.0646017430249414,0.115105671508708,0.065521016695792,0.0751028659494433,0.0657601692128217,0.0867394771890588,-0.0868549236710717,-0.207078530528767,-0.125597739698023,-0.0297562663033567,0.152325914912278,0.041064725173215,-0.0588714708611593,0.1216699404958,-0.155726178126875,-0.0193476064225572,-0.00318248528593262,0.136867183377558,0.0666296805278683,0.041488811772427,0.100787078791569,0.145539721485058,-0.0265273274982855,0.230151921246643,-0.040056046198461,-0.041104603714584,0.141870157559053,0.146083091591077,0.0792989394914325,0.204351653669639,-0.0731745305682549,-0.164572526382837,-0.0790057398437435,-0.10722731416442,0.181563976761307,-0.00700029319051671,0.176022259801687,0.073103898195917,0.171695543183058,-0.0567909562822939,0.18534680364569,0.266945289750507,0.0652391084237424,-0.164375021261481,-0.0712435473866423,-0.268769637807652,0.0116335405467508,-0.211117691635665,-0.218733091289168,-0.248666673703979,-0.145897600919432,-0.0919624719335878,-0.207429455760387,-0.105528596205375,0.216913575606915,-0.259166390239657,-0.232700407568173,-0.0565521585782448,-0.00118682341394352,-0.108043781744806,-0.14981082826154,-0.0688098704145401,-0.274553389775098,-0.0264821320663159,-0.136264571459995,-0.0189368729360815,-0.204872912134551,-0.0803030311921084,-0.0779619812199743,-0.0561067782303117,0.245230970596939,0.0820208904572885,0.0752572170968921,0.299884371593446,-0.0120413312189902,-0.091999571031664,-0.00139371733218522,-0.0285561988845687,-0.0280174748302598,0.081966096890189,-0.115329492849097,0.168569524692467,0.0199346256311516,0.0950130917587107,0.142007249468947,0.421670661697194,0.301346180949107,0.441777130900604,0.474779718427851,1,-0.140880373840219,0.0723806463342724,0.0286933817647101,-0.0210850120339574,0.0263221023605348,8.81246036618717e-05,-0.122614047940227,-0.13172696673553,-0.22577801559943,-0.105760772593592,-0.0556364194639754,-0.0577168681548303
"同父异母兄-同父异母弟",-0.0200995537078401,-0.00194074836257632,-0.041823942993829,-0.0453720556429126,-0.0253569912901769,0.147150969389125,0.0162256571947364,0.0342017192301673,-0.080828481340303,-0.0241223070150506,-0.337205801755461,-0.189282263067198,-0.354261378832974,0.0341792741269178,-0.213314976817252,-0.150250199760805,-0.329312262168591,-0.148232948315391,-0.300807995716555,-0.213598170311382,-0.199890135439338,0.00266508715970672,-0.270134101155223,0.103650988320568,-0.241425483816588,-0.0378838041662173,0.0775898001897993,-0.177818816482907,0.0208989414762014,-0.223714639118136,-0.0466240818458799,-0.277600751504421,-0.297606313216944,-0.239314574051717,-0.123380964980433,-0.228452052411934,-0.28648877113256,-0.283406020606615,0.00135880571947599,-0.248053683724823,-0.0645133257189563,-0.068023288873651,-0.00209078454611076,-0.00681859322504557,0.0819963104234249,-0.131736694400665,0.181594161036583,0.245358873691852,0.0767370515885529,-0.0543951216410984,0.0472948712871221,0.0494288689857108,-0.139838100900604,-0.219446838281615,0.0740091563680107,-0.0755586758218921,-0.0312308019895107,-0.112236012541742,0.120927547135328,0.0207318854686657,0.0473213818817122,-0.0409454459491181,0.00777271755008748,0.0488422449563048,0.012421804971965,-0.0882914696541846,-0.100174661928735,-0.111073256322212,-0.0363494735000923,-0.1304314183763,-0.0222607410733001,0.0196035564135559,-0.0381914011517589,-0.032210680591078,0.125568827065531,0.229386549120211,0.0662913394479526,-0.037362827333261,-0.0731741217446876,0.143463714203785,-0.0460032843640296,0.00265277478349719,-0.0960556714746522,-0.0295432231397484,-0.00627726434104109,0.0421346571950709,-0.145773350284054,-0.206493793825242,0.354220463653457,0.197028002908706,0.0507294524401349,-0.012234993680619,0.105758004174083,0.323791898189615,-0.0560604598274439,0.226479446199816,-0.110739736668028,0.243655360448999,-0.0275490329176852,0.0799230865596274,0.0191219859022647,-0.192141438150619,0.22455880956394,0.0104562048911251,0.0353301902426524,-0.0733570962428485,-0.100091052129188,-0.047622111820787,-0.16487927014917,-0.195028201588277,0.189843388479729,0.0865482916380322,-0.0823890713033959,-0.107123590353332,0.18852398494664,0.168906296816979,0.166058594621325,0.031604439269814,-0.0333091828708627,-0.0371972685230695,0.0611508893015075,-0.0276935456813728,0.116904173694638,-0.0271369241166775,-0.0239452288644043,0.00816025021693199,0.059945175132628,0.00484056283017017,-0.0555594347998044,-0.140880373840219,1,0.326244279540333,0.355424230986055,0.377007963907701,0.547410657633543,0.363568394149725,0.339167172274298,0.203249312664623,0.359426170962263,0.232264208826869,0.303733829935932,0.135535100125357
"同父异母姐-同父异母妹",0.086295242785953,-0.154266600719564,0.0535891543596421,0.0175864239763382,0.0319539204624122,-0.0200518642650961,0.00579364003246621,0.143456125204282,0.197347878392377,-0.0948695835925099,-0.112420371578716,-0.154092575438147,-0.176363084832991,-0.0514309731130843,-0.15740119096361,-0.0469967293928312,-0.179041954722095,-0.249399409882616,-0.218310338167307,-0.203025792656788,-0.135996193714179,-0.0539803746280586,0.0337348566325987,0.0911664567587716,-0.136020300072062,-0.0258386031564928,-0.108406860515625,0.0270423046154228,0.00972988308963882,-0.0798900841579474,-0.312756613679379,-0.136489909880235,-0.218623028985792,-0.18076324311816,-0.274699771370661,-0.0634735603440657,-0.173858836330459,0.00610492737044294,-0.310847640912677,0.00726463253656623,-0.187095845875408,-0.0530235966907517,-0.243390844683401,-0.101950770205662,0.0859163251857429,0.0748628364334183,-0.166778920474343,-0.10021616023393,0.0274190399271913,-0.114956312282128,-0.186553549350936,0.0948992728256683,-0.0235483684217819,0.05211697192337,-0.0112812113733915,-0.0370018742316838,0.0719898876143667,0.0553289897913638,-0.153070232720799,-0.00235688323264105,-0.0166850927255489,0.00123894522492312,-0.19517311257281,0.141220818184649,-0.0180633521742063,-0.197037869247071,-0.202183984563444,-0.0407230525402908,-0.108786700680272,0.00207573724980447,-0.029132893073156,-0.171109914715798,0.0488258288272613,-0.16998037671053,0.0169288376827257,-0.151061084124279,0.0422696481530069,-0.00154610707302922,0.128878672192466,-0.105614116519919,-0.000175942243316353,-0.0867966074193947,-0.249055084756647,-0.156073983230046,0.0477715448010094,-0.0663382348825775,-0.0206077906804033,-0.11832796951403,-0.077976117405579,-0.0967880668289902,-0.0160731523605861,-0.0402932213257809,-0.0612218668989753,-0.10575674799865,0.27720841945006,0.0683894583917916,-0.0792385678098292,0.0491675444970426,-0.065009013805792,0.0225017071343715,-0.137762614895921,-0.138014057062376,-0.0607862922918167,-0.115798147538806,-0.0952709732848486,-0.157195264812053,-0.101190861478866,0.0159827338569111,-0.188346727431883,-0.114199614013421,0.114533063561615,-0.00460708255188442,0.249168425123409,0.111049938350507,-0.0553369721191144,0.270275806711521,0.16448025856183,0.0761097809462106,0.111252489204176,0.29089809037462,0.259357604204929,0.359828040565376,-0.00228286532174886,0.0996842547672107,0.118596330729821,0.0905740492882111,0.0496510717306475,0.106796848175727,0.140037012767472,0.0723806463342724,0.326244279540333,1,0.376086272154649,0.539726256200813,0.282396297046432,0.433216484821475,0.290970224067607,0.131927213479338,0.23454965343539,0.294245374751814,0.241263501449171,0.236707337019501
"同父异母兄-同父异母妹",-0.155049500652611,-0.18852231699153,0.0668416917173775,-0.0794291478075687,-0.00935314121625322,-0.1861679265493,0.0309069176542045,0.0244831923007256,-0.104804836671683,-0.352934814372564,-0.391514772225038,-0.245414720869028,-0.183482085039848,-0.208102411090085,-0.191979968084684,-0.380603929242784,-0.173537437157956,-0.367200594325703,-0.251114660301542,-0.265483417789918,-0.225909573223736,-0.235837690217493,-0.0499037477633889,-0.0374900893455352,-0.0238685123213847,-0.348271667097276,-0.0155721437087055,0.219017388748833,0.0803689693348731,0.0171533400265495,-0.175801483389669,-0.0697969876336628,-0.0586357395445619,0.119791113268447,-0.100637265797531,-0.127127743717509,-0.369881415767999,-0.0514400148383528,-0.232351760276344,-0.0232876157356021,-0.203349833799908,0.159345532419126,0.0428516700984475,0.21695212169409,-0.0127427146225579,-0.0918560755478075,-0.118421809909683,0.249027631460448,0.35292242103286,0.0849156900572264,-0.0844440280757453,0.444688557768353,0.139855373261404,-0.0189108574426937,0.170900997606928,-0.0797219176321805,0.135810438329152,-0.0247463846476343,-0.147862449442686,0.217345162966694,0.00724975651897005,0.135235403207026,0.069198475972378,0.354342118286268,0.237206505594151,-0.12020090927422,-0.189947779869528,-0.165879763544053,-0.0143589036735538,-0.0984981863142344,-0.15529573842493,-0.140676160154291,0.0869467767647486,0.0252738218664445,0.0842023644899175,0.17413984196978,0.15437090027006,0.00957982514388123,-0.0249876673912146,0.0348026090280308,-0.0189539221353908,-0.0318317665997583,-0.453631088861524,-0.210211984497404,0.222460632222191,0.0364420064779938,0.123200598142294,-0.194322747379038,-0.150766683292362,-0.121580017062373,-0.262049850872526,-0.234068632136965,-0.1905864153293,0.0786150780357182,0.143122782571881,-0.0920197692847239,-0.171722670257741,0.0837915220855942,-0.0286508793245641,-0.113999652325849,-0.239998636410354,-0.167627235344748,0.173294928626073,0.337730926305885,0.0943638541885065,-0.0187437582808047,0.104954818116641,0.403524984977503,0.0206415906880026,0.130028868428907,0.00466539247090842,0.184705217604344,-0.0410693472143807,0.0617914188267492,-0.0903189877199608,0.145757675336675,0.152612512802199,0.24545829093697,-0.19150026017054,0.120289965077311,-0.0792712031444005,0.0599185730283253,-0.184729557337999,0.0756681218188019,-0.0812716507873766,0.0144546688737071,-0.0901940830594756,0.00820832139980624,-0.0510791581851934,0.0286933817647101,0.355424230986055,0.376086272154649,1,0.402010655671942,0.245296127610077,0.320214795374139,0.566240688123002,0.24461423275076,0.195147269833273,0.334885919333275,0.227371863683799,0.11005027737735
"同父异母姐-同父异母弟",0.125989662390889,0.0723304327850226,0.192485717719377,0.149211728808764,0.206896675416432,0.0359829451098322,-0.0339884844494552,0.250322698019705,0.0887199595256348,-0.122630527310905,-0.157482752976699,-0.126526523219641,-0.168756531645482,0.073886630063339,-0.0734902210068391,-0.045808543694711,-0.213731526048045,-0.287486451228713,-0.227681522090632,-0.122990709646478,-0.264318965135869,-0.125840956612137,-0.153782798374538,-0.148928690992413,-0.0710214079940124,-0.148432608536518,-0.0839187624116105,-0.0439479146009261,0.0202157908504734,-0.0661275271154607,-0.253818927700162,-0.192136271164682,-0.245171065007085,-0.17816395788686,-0.192118779423084,-0.0561360772596066,-0.210805525370218,-0.0137699617259862,-0.0699815992192606,0.205645849550539,0.0136238142312809,-0.0371392242888442,-0.0420212907410821,0.0981211631337926,0.108291088810531,-0.108608265561422,-0.0870498253344772,-0.180333134874957,0.0572052896768288,-0.104678341428239,-0.161791380847946,-0.034490967578121,0.0871025750349423,-0.0323908938074998,-0.180099065583438,-0.198041612328889,0.0497521037918282,-0.185269397392451,0.055591658600781,-0.0911984381030881,-0.162958304757394,-0.230896053531375,-0.21753269003634,-0.0518910172776225,-0.0515253275131552,-0.244333478897409,-0.0139963238947882,0.0349245338251164,0.098520115940329,0.272126639265598,-0.108395845357364,-0.0484767737523935,-0.10364091229217,-0.093100950167207,0.243278991674812,-0.00242140789143245,0.0471367243246922,0.101973794761914,0.226499504536528,0.104335215054475,-0.0103187304607409,-0.140995079899606,-0.286139705417034,-0.349682025894923,-0.153546519965921,-0.154376795905915,-0.304645076382991,-0.396037274838518,-0.121597772850972,-0.125588684966478,-0.0279992473524705,-0.126802274641902,-0.168239707970343,-0.0973087358544573,-0.00151688298303725,-0.115106945032594,-0.337624602195353,0.0214659539232209,-0.174473421920739,0.0178688098662539,-0.158095122867057,-0.253093622532641,0.00784013493840098,-0.0402941440964131,0.0200833538269062,-0.226962468933228,-0.139369329897466,0.0249120020822222,-0.125624869710906,-0.197062306818638,0.270190669661074,0.226468926730275,0.363974173336389,0.246369775393275,0.148479055848929,0.269144906057304,0.330726143384925,0.193895054919232,0.142041056136256,0.280026121312537,0.214284192854012,0.335777090310148,-0.0212804338479531,0.0833052579047525,0.152897144753542,0.00328903033053466,0.117307453584455,0.104453006000742,0.142355281895107,-0.0210850120339574,0.377007963907701,0.539726256200813,0.402010655671942,1,0.336062298428026,0.309087187595604,0.15297082436667,0.160088392072524,0.203064649392009,0.257984769145055,0.150258534303205,0.219175946024899
"同母异父兄-同母异父弟",0.183252369003454,0.0163466092076495,0.0304809180345636,0.103838111456912,0.0795761547660355,0.156932950831559,0.000321280137431864,0.188554270095739,0.11070687688302,-0.0944959278433619,-0.231745373025748,0.00740034142036657,-0.049780006309864,-0.142175983041753,-0.115120752598981,0.0111210951862163,-0.0236582814966109,-0.210384193128147,-0.212531202282897,-0.224138867996194,-0.225543572976023,-0.12149622666465,-0.205559642771791,0.0217031990985448,-0.173608007113869,-0.0369190178829276,-0.0814723905694547,-0.104061122997726,0.0134444585047042,-0.189929902405785,-0.248439502646983,-0.230875572553215,-0.191597153054503,-0.122551877751876,-0.286036998508749,-0.305833845130778,-0.246326657903892,-0.285058584310047,-0.0592287433500857,-0.121132102541043,-0.0336137984955204,-0.0295892544784365,0.0378134508851705,0.0514381326003149,0.124051702468128,-0.0713612083314828,0.0693328250660249,0.168894070043754,-0.0143978427344975,0.201213284555453,-0.128322812555012,-0.113033165405555,-0.273560881211836,-0.107344347992961,-0.0487905262663409,-0.163539746169969,-0.183532366739917,-0.130367613720147,0.0804637056730882,-0.0941035619792436,-0.153595546038062,-0.0932454085033085,-0.116326000443592,-0.0362102065530149,-0.0853783543009337,-0.0976754494314375,0.0717482648590054,-0.0492303757350406,0.057249777411752,-0.0270321882079561,-0.102047840881802,0.00235101889512034,-0.0852315449943308,0.143442908388735,0.198360413302469,0.196605321336606,0.050179605228177,-0.052141699246469,-0.0527515424198444,0.10283838884304,-0.0208415489439994,-0.0110094562174241,-0.11349125925785,-0.141157504834182,-0.146452793423554,-0.213455524811131,-0.269405050363233,-0.290792375166826,0.190533750952136,0.0262940353549939,-0.0210976969418423,-0.0056476784860085,-0.0271826521754302,0.212067604032705,0.038289554106074,-0.00726099635487807,-0.127764527594992,0.160904233644427,-0.100333137955129,-0.0580117700689053,-0.0465167964466466,-0.0535360625331462,0.270166072851163,0.0601732466302018,0.153973935564655,-0.104160841857366,-0.140823921183886,-0.0768137188472291,-0.113390922180188,-0.125496439183434,0.216328332071423,0.0345938146622752,-0.00649823946685416,0.04954847531959,0.166128037756651,0.262055026392593,0.252929929246588,0.152027875495148,0.0125403836076563,0.0841706730895872,0.174983225503764,0.0749122507743391,0.0370382038274515,-0.0522856381282383,0.0765519311281997,0.0872214476704126,0.0424807704970534,-0.0360212870564687,-0.0267501740281132,0.0263221023605348,0.547410657633543,0.282396297046432,0.245296127610077,0.336062298428026,1,0.394945897387068,0.123007019738665,0.183132050881616,0.240862463587651,0.242612749469362,0.0898123749926454,0.0556142954374814
"同母异父姐-同母异父妹",-0.176067794780473,-0.399446516989129,-0.25896964788616,-0.225326791154859,-0.235022248797519,-0.0522460189983979,-0.0653245610641191,0.0824175572508738,0.0604045913385274,-0.142579667385675,-0.350411147685798,-0.122858193546935,-0.20514114787323,-0.263015553242284,-0.347097422131125,-0.243244335893752,-0.207778193201376,-0.266760731559909,-0.348683163281097,-0.273392803021169,-0.201538237054361,-0.17231800713605,-0.0998894324862035,-0.0431782087954697,-0.117830732811832,-0.139861646396677,0.0363669450320692,0.0773637419201355,0.130211800734958,-0.00472301815747701,-0.0328292758704194,0.0230215265149867,-0.0407251380506277,0.148864711754278,-0.0531544272465576,-0.179360687523939,-0.374528189623751,-0.127980524774401,-0.239501300439855,-0.241303024945157,-0.252883587026203,-0.0349154546600885,-0.168856229364707,-0.0665446550666027,-0.022272141944327,0.0540800951860666,-0.190424243016335,0.0855319605570261,0.0529451181463383,0.0949003341285117,-0.132383449440879,0.168560650398061,-0.0996913519332921,0.0331383262990643,0.175051530063841,0.103446282632615,0.196328702379242,0.204361615921888,-0.100469744458357,0.101469568787463,0.174704326566057,0.290589504442474,0.219842664498648,0.180102721192023,0.282924791309251,-0.142610599292847,-0.310721214511311,-0.312293959850029,-0.218568494683745,-0.185039208712747,-0.178837481920532,-0.19648035216643,-0.153809678803062,-0.211859617782674,-0.0854296721346557,-0.0290042462871186,0.0539068969063559,-0.17620043402162,-0.106547863238249,-0.124700871125772,0.15594674335357,0.123918581871558,-0.167063886974249,-0.000877728686589062,0.166860486723446,0.0115557342766643,0.172380786055296,0.219461265651563,0.0394886618803054,0.173012830694411,-0.183082322967655,-0.125327579737887,-0.0442664013016783,0.110050834244283,0.160994795645539,0.0133640620687627,-0.0580893547978989,0.0260511036189259,-0.0833107873388146,-0.187247097458715,-0.159890013772356,-0.070252058433524,0.108509931992634,-0.0291631663423068,0.0439793846047897,0.0989346494080135,0.209251784358207,0.270271775073308,0.0591905516638465,0.196599488653454,0.0194477089868122,0.0426067195323342,0.0643561198930592,0.0115017548905395,-0.0226167613679026,0.0559801073921465,0.048807269986893,-0.0417919702045483,-0.0761480367785803,0.0364804008245657,0.0434340462401725,0.125083269473424,-0.140973822828369,-0.0467953001253187,-0.0468249474943282,-0.00213591308870578,-0.022356405530223,0.0479623162212435,-0.101102062913541,8.81246036618717e-05,0.363568394149725,0.433216484821475,0.320214795374139,0.309087187595604,0.394945897387068,1,0.543053807227757,0.486966587054675,0.390676431730907,0.439051945163187,0.422786973829163,0.487749566321385
"同母异父兄-同母异父妹",-0.289117987325736,-0.427321370681915,-0.277661544772804,-0.239882545357843,-0.388477420663854,-0.21346072625167,-0.0930394684963976,-0.0641645705177054,-0.142532517804444,-0.181333792269106,-0.40575644682757,-0.24349447875149,-0.314683401646876,-0.266582801359459,-0.346030195984961,-0.410944989628961,-0.398284864439318,-0.263009732754591,-0.340016789082652,-0.283537341924206,-0.0972592179125234,-0.0865610158044409,-0.0126195156171869,0.133808734690793,-0.0869318418057268,-0.169250552268947,0.106391359293339,0.126083466133895,0.114572670948015,-0.0597023333736564,0.0645010706765695,-0.000985412907517247,0.122058267064406,0.0657296155938377,0.117744322063902,-0.117109784286415,-0.432118004473778,-0.194511493024539,-0.29173766009912,-0.370128081936771,-0.410005055421314,-0.0320025700590628,-0.192355421567187,-0.0408059822088807,-0.200860213039812,-0.140671445083373,-0.238290403930947,0.203096020249023,0.178662997178706,-0.0842739768211788,-0.014380185830775,0.458263985623648,0.156001978434487,-0.00543809533290177,0.411471847642409,0.144001771468508,0.335896329884158,0.114180175039649,-0.236730650889442,0.22270456089449,0.283627118529047,0.335144779189727,0.366130667993404,0.354342128731849,0.339812719158283,-0.0951987149450627,-0.421400831379831,-0.354593963791891,-0.227656118234267,-0.25968902974646,-0.181110298485973,-0.259918469316989,0.0314108122654488,-0.188215993043567,-0.164280330035267,-0.0509458383505923,0.0590717537473551,-0.157693595407287,-0.200437818005941,-0.156583367798562,0.0668824760685607,0.0690043817728723,-0.25944376848734,0.141986715959552,0.3028699439606,0.148287659734417,0.296801375836094,0.195733036652966,0.0248199298393517,0.207084457548666,-0.237205706697547,-0.165119851899038,0.0127924750412647,0.126093394509112,0.0388458866936312,0.133501754903978,-0.0874498107099402,0.118946720218628,0.0293278478148761,-0.0597804250833902,-0.191201095791034,-0.102703592240375,0.310613363251353,0.142978150743446,0.157341096389696,0.215180211916976,0.37143786963769,0.426051131135942,0.109130508628312,0.299816577215799,-0.0731622233314246,0.0295674346226795,-0.0352722602045189,-0.130133922117303,-0.0487865298394725,0.0995871944713297,0.0126811764407334,-0.100611712790976,-0.127390983023457,0.0290915571711715,-0.0163190164066459,0.0383337062159598,-0.106917538232895,0.0108649680452252,-0.0696623395494956,-0.127854355258631,-0.166911093294792,-0.0729012153482171,-0.137550540959222,-0.122614047940227,0.339167172274298,0.290970224067607,0.566240688123002,0.15297082436667,0.123007019738665,0.543053807227757,1,0.523065115427668,0.519890828073956,0.500384695133487,0.541542188944867,0.355236072227852
"同母异父姐-同母异父弟",-0.293462810515356,-0.438925274216217,-0.243957338718785,-0.317637931945694,-0.372271208728447,0.0278815692896615,0.0763692996531506,0.161561270853609,-0.0202580400695005,-0.0918507265509505,-0.359293121798592,-0.179727001073067,-0.368827361479071,-0.296074421340337,-0.237890550993293,-0.315480351019218,-0.419712025358631,-0.274412249901107,-0.369019383058931,-0.272447625736064,-0.233366450825891,-0.173895777604924,-0.163617438592849,0.0478679404700202,-0.132366343364415,-0.181153791943528,0.0313193543026788,0.135265397581132,0.00206549143928136,-0.0275313103421297,0.148705953479853,0.182042301161441,0.144107637129626,0.164199314994122,0.102286952831465,-0.244586155292081,-0.302249930830277,-0.237028372541011,-0.221498968205846,-0.28005005079311,-0.270844951223349,-0.178212406447761,-0.22180979486371,-0.160586193888889,-0.206978055781911,-0.234629370076216,-0.107340253670345,0.104644604053693,-0.00989098203998441,0.0351592976678708,-0.0418497210322941,0.265591598104171,0.110072945359559,0.108232539168021,0.282563751050492,0.214712681803255,0.342048896797425,0.225651696119409,0.0359943017124369,0.151927634243536,0.16042365383832,0.214582195947061,0.340835732678729,0.157988013895328,0.251767726252885,0.0739589216553408,-0.250932715711843,-0.272323849376984,-0.135015955298822,-0.205487906369698,-0.285152255896216,-0.219385152734035,-0.281587801678644,-0.244811003337838,-0.183329782977655,-0.0845552185648061,0.0011876046894736,-0.116240187010336,-0.238079978352291,-0.0607603194852999,0.212941745720857,0.0656117011233888,-0.0332420011492608,0.145584814103279,0.0747634972684439,-0.0632458989476059,0.135542123340114,0.233063233667813,0.187921381964497,0.291905541134691,-0.21248471288283,-0.165217834187584,-0.0564491931982896,0.127057269840378,0.0222558722250105,-0.165608676557683,-0.140055624326795,-0.135725137296431,-0.125974546240209,-0.315053309161234,-0.270797710535868,-0.0820401632174438,0.0925296863235858,-0.015986377757505,0.146048433374913,0.213022092007845,0.36500425866114,0.358886359278461,0.219875874870254,0.335703243553724,0.0333589765966344,0.0610357071474888,0.0857893616004407,0.0462174745979041,0.131746808155576,0.092231357823306,0.125538093377573,-0.0384821677752199,-0.0168230568342403,-0.00967277476403933,0.0400487466021318,0.0526074859780517,-0.00923517921533405,0.0244848069353375,0.0529243227273433,-0.198941787152609,-0.126617904174761,-0.102540976830986,-0.255472547566837,-0.13172696673553,0.203249312664623,0.131927213479338,0.24461423275076,0.160088392072524,0.183132050881616,0.486966587054675,0.523065115427668,1,0.540483722589923,0.578054425879572,0.415631413750904,0.514898599765324
"异父异母兄-异父异母弟",-0.213429678470498,-0.289385582017853,-0.28468631501999,-0.223609488268149,-0.302913840215422,0.0812789811372584,-0.0377580644815984,-0.120440000669411,-0.0567136245388185,-0.0735711026824085,-0.4794456884732,-0.26439580311561,-0.42135421308328,-0.295027659554489,-0.369861893069726,-0.300247286069092,-0.451398466645501,-0.107711943453595,-0.319213458249818,-0.291348184876522,-0.273591497997764,-0.0501227586839536,-0.167646149866638,0.0702062058130467,-0.219118655251713,-0.064041544971893,0.0550483429246343,-0.0449034871345472,0.147253024732214,-0.0558075176066129,-0.00975072906482335,0.0435344378933188,0.0992759291274581,-0.0460772513780364,0.0355611708410214,-0.30612964390814,-0.437138454247166,-0.357565836070905,-0.199084784330204,-0.297662711434594,-0.336093361561472,-0.255642810846796,-0.25016924665596,-0.211775520040374,-0.295916528981224,-0.365865204277213,-0.109683691305447,0.00136511687703226,-0.127225832939215,-0.196466088250352,-0.0730626992175655,0.203483859505011,-0.132937224041195,-0.127616871614012,0.182104720151862,0.0730920813805182,0.0296432030784207,-0.00773392132264313,-0.0357930296607125,0.0724374771608213,0.152436730120014,0.105495396161655,0.260260436957797,0.0228173163336162,0.194342582687152,-0.0497590519806198,-0.23983998291613,-0.194647259073904,-0.169967988846592,-0.222858233787319,-0.283074574598602,-0.0954198449326477,-0.278069651368101,-0.170323792919923,-0.22245069661355,-0.0718625102828871,-0.0627622585215741,-0.179564579185163,-0.203498625243162,-0.145753459857261,0.125925435293782,0.0778422874956589,-0.0943936356025701,0.14379407599962,0.0415299112525758,0.0263867734684862,0.0618759306122125,0.149852695309325,0.252463753889374,0.360115911777062,-0.223309136900366,-0.0861600325898446,-0.019247176942692,0.10242766869787,-0.124194363727579,-0.0104231001671332,-0.0705057375386788,0.0723645603043051,-0.101707631633501,-0.133701375914776,-0.271883078687003,-0.0947150815329804,0.383605505553471,0.0833384030773369,0.298743308002158,0.279067078773201,0.377386341588711,0.309570616899005,0.196802768314431,0.264828393890898,0.140921529343505,0.186403159970272,0.212920130239764,0.00292252348526861,0.218117677848193,0.405464008360249,0.349062792857714,-8.64143852258841e-05,0.132888954785672,0.107134483522375,0.25956449800935,0.0492240545061708,0.172114814561423,0.025428103870452,0.152970314560797,-0.0753966940381383,-0.0253131499298127,-0.0950186514944937,-0.155913049658229,-0.22577801559943,0.359426170962263,0.23454965343539,0.195147269833273,0.203064649392009,0.240862463587651,0.390676431730907,0.519890828073956,0.540483722589923,1,0.749989301147888,0.691536051840972,0.496352511737234
"异父异母姐-异父异母妹",-0.165884867756593,-0.33327371540242,-0.183055326016105,-0.192837531477146,-0.156007344930365,-0.112059271582585,0.0141821165442178,0.0680097244817399,0.0807234154184413,-0.167467462897814,-0.37680159446196,-0.208607467242984,-0.256964284802432,-0.349897772410716,-0.260421126809844,-0.308028710432156,-0.313902841155435,-0.242376641066118,-0.258461315808065,-0.297787633139799,-0.223913812804113,-0.206246747611291,-0.0726336643628989,-0.0213693963204213,-0.121404823224961,-0.164645424278254,-0.0518390152773142,0.0635984698440752,0.101309249658626,0.0823064263784951,-0.133180817457673,0.0730331605419005,0.0208257070451116,0.107390456978474,-0.041030115596915,-0.265470820684862,-0.434815636815731,-0.184532294167904,-0.341271767573192,-0.240556293416559,-0.357940338389392,-0.13927312112799,-0.142539572097345,-0.0342670331051912,-0.245245951859572,-0.233994563496575,-0.18018873370568,0.0452500655753547,0.00188833294472017,0.0681171707352481,-0.158904568905876,0.334765931173888,-0.0220468080112163,0.0761246187535178,0.212605484840327,0.0824682479498582,0.0618456903649092,0.106117108331109,-0.138269552319351,0.0851367663092516,0.0840500718327706,0.106933593191116,0.149427809621074,0.16463067823517,0.233173892512539,-0.0394356783469543,-0.348059277230014,-0.20380443055823,-0.1108921319425,-0.153012026822683,-0.315266245909689,-0.217267409478299,-0.259590456894685,-0.157393403784957,-0.148171565250718,-0.0747529673221039,0.0573466535624178,-0.0985462690312425,-0.0929614803333299,-0.173741088710256,0.0665778878239696,0.0368941149610815,-0.278912178183672,-0.0796489536090231,0.012674642083558,-0.0463490797967464,0.108102704305394,0.0762468902867781,0.113710925427365,0.136597085358527,-0.388830700448271,-0.158828160636526,-0.1631131717007,0.0268438719676017,0.0859498564415133,-0.202954434440018,-0.201426574750874,-0.0975218126776453,-0.0937348261320042,-0.293462080240178,-0.357698726735599,0.011747541874797,0.389795080105869,0.206194695645303,0.324395437840397,0.196097973837819,0.273694462347037,0.317293549172663,0.143549558167226,0.3226407412993,0.118916040672517,0.206835921681573,0.266161580495588,0.0834833269645703,0.0714549006221738,0.495263551339332,0.448116647471613,0.222282376023558,-0.0309817850803027,0.0948047929127395,0.106092248856101,0.111301017055762,-0.0755992689984959,0.0204362187005679,0.0220026130673602,-0.152496815181541,-0.109252375873931,-0.124706057996777,-0.119408854411063,-0.105760772593592,0.232264208826869,0.294245374751814,0.334885919333275,0.257984769145055,0.242612749469362,0.439051945163187,0.500384695133487,0.578054425879572,0.749989301147888,1,0.528202629143893,0.410625633703359
"异父异母兄-异父异母妹",-0.187467539954587,-0.360058181833713,-0.198073801167841,-0.199777584774094,-0.305407944489159,-0.0256528672351286,-0.0798142494296583,-0.12215612890502,-0.0880347064357785,-0.119596054675301,-0.379557322547832,-0.305995423580002,-0.320497592200388,-0.336296683530607,-0.277746123689761,-0.243754736937181,-0.358450944213372,-0.159458744285869,-0.284230316309878,-0.264785249030198,-0.240166911811417,-0.189249776667604,-0.185102505857509,0.0412620544103697,-0.325438789310014,-0.0124800779897605,0.000697832031881225,-0.0782575505022807,0.16363682009387,0.0344552641550383,0.108041496431101,0.0661749455138849,0.130173210685374,0.0727670018243064,0.0584473196174772,-0.175050629815931,-0.420377935739039,-0.220834582202374,-0.271447481573357,-0.270556791422927,-0.384597789212599,-0.149125068347261,-0.252616363496863,-0.213094774492769,-0.267946238943922,-0.265301401500571,-0.265067853761856,-0.0570358278066225,-0.130379703822271,-0.251971174383082,0.0765372194178035,0.245901264828662,-0.0799364511168974,-0.0961537091130466,0.160022951618083,0.194931255506193,0.179487694592555,0.14539845724876,-0.0871120088424104,0.240204297545172,0.327751126806327,0.357931655722564,0.470168892267697,0.286778005085404,0.392897074493826,-0.083209921493074,-0.333212573440355,-0.175057394891841,-0.317949668334833,-0.231762153142546,-0.285326819278096,-0.194848217519334,-0.255706422345502,-0.232321329169792,-0.253779121473776,-0.182269244147583,-0.0993252707118731,-0.22563956563517,-0.171152066676401,-0.278975818217004,0.240445092474556,0.234219465307025,-0.0438378932273357,0.195045545014289,0.189679550954612,-0.0186449560553627,0.168451354748966,0.195464987714962,0.099869663806807,0.250514626477461,-0.276743333481441,-0.0817254551076372,-0.147415765577117,-0.0312078867396363,-0.156846601657875,0.00109726189976878,-0.103968252199091,0.107735901704073,-0.148058845748236,-0.17167791098238,-0.306841126462794,-0.155607573004991,0.136361634411859,0.0365741932485768,0.157317368694681,0.332589150364057,0.37854284717478,0.37006397706147,0.273475835651161,0.296425912753117,0.256488695086908,0.221452591803413,0.207744018585033,0.0751629032825066,0.0955908102207425,0.153268559791505,0.0864130829211392,-0.174690613304031,-0.0236717183782892,0.0142980399189454,0.0423217027435672,0.01213228249268,0.0646844095182394,-0.01101859946266,0.0811451555804405,0.0441050566696314,0.0390949853627697,0.0772913374493427,-0.103898496625633,-0.0556364194639754,0.303733829935932,0.241263501449171,0.227371863683799,0.150258534303205,0.0898123749926454,0.422786973829163,0.541542188944867,0.415631413750904,0.691536051840972,0.528202629143893,1,0.640473530748041
"异父异母姐-异父异母弟",-0.0955216217168146,-0.324425260527852,-0.14662439919099,-0.220683463295801,-0.27593009003457,0.0672032914022474,0.0630579355119007,0.230072311783793,0.0622689308135814,-0.0127581044232614,-0.216458165647727,-0.142577876873074,-0.224058133794619,-0.2707462063991,-0.167223534379977,-0.159516110540398,-0.285246642060055,-0.121732615112951,-0.283340457307208,-0.276497109084516,-0.211119927747867,-0.158241506195106,-0.116364924445886,-0.0225007215956581,-0.193179267595758,0.0162221943381095,0.0356252977520977,0.0926718524236245,0.0755089544890867,0.07729370838559,0.156440147200689,0.242468575434767,0.225393941705927,0.155780671181793,0.00481110369388859,-0.126911635996368,-0.25067092266021,-0.171371814220157,-0.21886885306873,-0.17006554126271,-0.359660053570559,-0.20586234110573,-0.28987795822157,-0.303660579637037,-0.220864862857636,-0.248833608808946,-0.267934334502535,-0.136731131956992,-0.201468762401217,-0.206274594147748,-0.0299659106067113,0.0816948678626043,-0.000469073278114847,0.0606971517276318,0.0242979937547599,0.162076923335431,0.273232901400308,0.219244828716606,-0.0475200160937406,0.13106794410237,0.180701979213899,0.249103686391884,0.274663529078647,0.130971000275287,0.256145161161037,-0.198704091893937,-0.245358282555599,-0.126600079464684,-0.366114623823591,-0.157557580440284,-0.375121571104556,-0.235524130765396,-0.299814322915049,-0.338643161235953,-0.136490665589051,-0.281087457839006,-0.132261883224387,-0.153924739450356,-0.264621566754339,-0.277643630719456,0.316209585151386,0.146618534607039,0.020344761855457,0.183986093399595,0.106626840798348,-0.0890658507440705,0.13487298254454,0.233163955335458,0.0389893481054212,0.321162888884945,-0.2507784595724,-0.176918380335553,-0.174919968224801,-0.154416430916754,-0.0707079437391216,-0.159150722485208,-0.18820824907761,-0.109558530648957,-0.15079617548047,-0.279552273251585,-0.323139444769838,-0.222246090085178,-0.0991406955214425,-0.168273138517332,-0.0075132984990501,0.167570759370975,0.355603675576928,0.321360590130475,0.211250995402218,0.240943445527401,0.158848362255609,0.0854130313122287,0.264073215019354,0.118713379318351,0.169640549350445,0.00705940441069392,0.042725358932364,-0.130252496191922,0.132179741367302,0.131193508818485,0.139285291580205,0.157259270198671,0.0500114145613717,0.0439516549953425,0.195927247851356,-0.0700277549812056,0.0332702387595635,0.0352649869869124,-0.109390001578259,-0.0577168681548303,0.135535100125357,0.236707337019501,0.11005027737735,0.219175946024899,0.0556142954374814,0.487749566321385,0.355236072227852,0.514898599765324,0.496352511737234,0.410625633703359,0.640473530748041,1
