"","夫-妻","父-子","父-女","母-子","母-女","兄-弟","兄-妹","姐-弟","姐-妹","祖父-孙子","祖父-孙女","祖母-孙子","祖母-孙女","外祖父-外孙子","外祖父-外孙女","外祖母-外孙子","外祖母-外孙女","曾祖父-曾孙子","曾祖父-曾孙女","曾祖母-曾孙子","曾祖母-曾孙女","高祖父-玄孙","高祖母-玄孙","外曾祖父-外曾孙","外曾祖母-外曾孙","祖先-后代","伯父-侄子","伯父-侄女","伯母-侄子","伯母-侄女","叔父-侄子","叔父-侄女","叔母-侄子","叔母-侄女","姑父-侄子","姑父-侄女","姑母-侄子","姑母-侄女","舅父-外甥","舅父-外甥女","舅母-外甥","舅母-外甥女","姨父-外甥","姨父-外甥女","姨母-外甥","姨母-外甥女","堂兄-堂弟","堂兄-堂妹","堂姐-堂弟","堂姐-堂妹","表兄-表弟","表兄-表妹","表姐-表弟","表姐-表妹","姑表兄-姑表弟","姑表兄-姑表妹","姑表姐-姑表弟","姑表姐-姑表妹","舅表兄-舅表弟","舅表兄-舅表妹","舅表姐-舅表弟","舅表姐-舅表妹","姨表兄-姨表弟","姨表兄-姨表妹","姨表姐-姨表弟","姨表姐-姨表妹","岳父-女婿","岳母-女婿","公公-儿媳","婆婆-儿媳","舅父-甥媳","舅父-甥女婿","伯父-侄媳","伯父-侄女婿","姐夫-妻弟","妹夫-妻兄","妹夫-妻姐","叔-嫂","姑-嫂","弟媳-伯","兄妻-弟妻","姐夫-妹夫","亲家-亲家","从祖父-从孙子","从祖父-从孙女","从祖母-从孙子","从祖母-从孙女","从祖姑-从侄孙","再从兄-再从弟","三从兄-三从弟","堂伯-堂侄","表叔-表侄","族伯叔-族侄","族兄-族弟","族姐-族妹","堂祖父-堂侄孙","堂祖母-堂侄孙","堂姐夫-堂内弟","表嫂-表小叔","姻伯叔-姻侄","舅公-甥孙","姨婆-姨甥孙","继祖父-继孙子","继祖父-继孙女","继祖母-继孙子","继祖母-继孙女","继外祖父-继外孙子","继外祖父-继外孙女","继外祖母-继外孙子","继外祖母-继外孙女","继父-继子","继父-继女","继母-继子","继母-继女","继兄-继弟","继兄-继妹","继姐-继弟","继姐-继妹","养父-养子","养父-养女","养母-养子","养母-养女","义父-义子","义父-义女","义母-义子","义母-义女","干爹-干儿子","干爹-干女儿","干妈-干儿子","干妈-干女儿","同父异母兄-同父异母弟","同父异母姐-同父异母妹","同父异母兄-同父异母妹","同父异母姐-同父异母弟","同母异父兄-同母异父弟","同母异父姐-同母异父妹","同母异父兄-同母异父妹","同母异父姐-同母异父弟","异父异母兄-异父异母弟","异父异母姐-异父异母妹","异父异母兄-异父异母妹","异父异母姐-异父异母弟"
"夫-妻",1,0.446562578755762,0.662513828956811,0.414823736539624,0.396444171142294,0.141617845647785,0.045427115068663,0.391708758080096,0.241912026353963,0.102453493911334,0.346141210465147,0.18396908041799,0.191410788354835,-0.037981332680471,0.359402208316006,0.256105240662361,0.0253280591221713,0.0775500921363996,0.0946639596846516,-0.192666295303482,0.0914736291778077,0.158099606928902,0.116288402670777,-0.343018014425438,-0.233092348912013,0.314451844157049,-0.28311247778877,-0.297341200836436,-0.344061131902883,-0.307929429086142,-0.270296895725315,-0.194185955636249,-0.109331747755804,-0.229782887197509,-0.476031891894808,0.0903601169251102,0.021367590861342,-0.0675077950328625,-0.190840147970612,0.264125051401588,-0.0306593962726187,-0.319962302369693,-0.0624888819338203,-0.0771803807720928,-0.044194984500808,-0.09501569740604,0.058002660590363,-0.286751963158704,-0.313028233299568,-0.0836976426793768,0.10643896719397,-0.204692741038551,0.0324638421758037,0.133271411764059,-0.276790157361928,-0.223198304545116,-0.429356561760809,-0.181994523185719,-0.162874851699648,-0.400718834429602,-0.166022915100257,-0.373569727720124,-0.47045256489977,-0.201499971583158,-0.477585454025233,-0.177784452107233,0.254283970380742,0.352086802208425,0.223420170257734,0.448633208690692,0.0716975871624544,-0.140750918378482,0.0593176421394861,-0.0793545271798797,0.277113669233217,-0.0582016822042773,0.0978327679924322,0.365074796016321,0.458583697259262,-0.0271431512755654,0.0658334680233371,-0.0235074846153021,0.228518017430569,-0.16954698122269,-0.380380297583746,-0.448636936554203,-0.34751113571906,-0.340838024529176,-0.0513017287702638,-0.272604597948447,0.246552428768056,-0.0491623779628355,-0.0543368467751196,-0.0827490904753206,0.263567319664447,0.020613913229953,-0.166897983170874,-0.0651768162886631,0.172778356855074,-0.176612811611464,0.146971095395568,-0.243994599599624,-0.0482571974391751,-0.193435351482235,-0.105338872784054,-0.253410244860853,-0.46458538279285,-0.416717564518494,-0.402176179548423,-0.221955128779387,0.228947337864261,-0.0344606794920176,0.0608362737233339,0.0365002792544682,0.122251262195577,0.29915584279793,0.228200918334936,0.117296210798127,0.274891413553865,0.357358118797868,0.280626771789728,0.354421213071694,0.170386717383203,0.188974106424799,0.292574444632158,0.114641391511143,-0.0919358949152116,-0.0217889304017013,-0.0325005534851324,0.229624172729785,0.0595578942398073,-0.0221144886363067,-0.0861637553848803,0.18221875839644,0.0849449582651679,-0.147649537306421,-0.186016720897702,-0.322851181654031,-0.296425574153193,-0.164497240817188,-0.281626062599048,-0.127452644267115
"父-子",0.446562578755762,1,0.600408919858541,0.686618702045758,0.492166730182919,-0.0738413032591515,-0.0567065639560761,0.16439286530314,-0.126958185518823,0.06779290171574,0.155508390019755,0.223714706408157,0.149585631875637,0.132492295253134,0.268189225880498,-0.0103719050006782,0.123159182392157,0.0125661560233676,0.0962429056848044,-0.0544016563892752,0.108882696216571,0.144345751906824,0.05955249768083,-0.0751339114589719,-0.0455884708967521,0.240476112843256,0.0669086121034552,-0.124977391511476,-0.0802268159363156,-0.0942220958729165,-0.0677802004887429,-0.221912252392323,-0.223384633230595,-0.254235639831396,-0.179364362766809,-0.0630777749726967,0.00270815272905534,-0.106286511324842,0.19187454182293,0.194977309177694,-0.00649011492884603,0.0572114035844278,0.222600261868524,0.330765415516409,0.0671902581482603,-0.0396557603664075,0.0244177912335035,0.0314043846277817,0.0030500295035086,0.0120229959025216,0.00447146892496428,-0.146639708733481,-0.000362508173517965,-0.244283996466063,-0.160993662645082,-0.371855893416415,-0.285281154591827,-0.32176563789439,-0.192623979935222,-0.178041829297358,-0.196644392446947,-0.421053517744131,-0.170007009027912,-0.312271147496365,-0.323309136000784,-0.139661507951013,0.117935215146493,0.182019677302458,0.191771356738836,0.222337075404831,0.144554131905531,0.0692502321455352,0.116806027977337,0.0209888606087232,0.101475652320891,0.0346244480492408,-0.00681648320297027,0.0604379288308763,0.196214274769215,0.0796831628342858,-0.267809475236906,-0.130085007025277,-0.149626481193098,-0.191714708398829,-0.149949507617464,-0.192238235517891,-0.254839591497741,-0.439205408147626,-0.174707666996056,-0.30872910264682,-0.0293517260944597,0.0358761747661556,-0.0326443491472075,0.174327229918973,-0.188293383767028,0.0979987170578021,-0.136804236317332,-0.0519577988496098,-0.125062515597435,0.0894422898573086,0.0924971732444374,-0.182352013243148,0.15995617115792,0.230199698740587,0.100553149744149,-0.0612066444192594,-0.206932911380031,-0.168661837004669,-0.214273973945275,-0.296139742466854,0.241973435272296,0.168245658648405,-0.0421520826405541,-0.179103996213217,-0.0355378594352531,0.130692038008131,0.180008135809157,0.0412768754641619,0.0985277116017834,0.196147077478873,0.0482961281615987,0.0337820604109561,0.198712904820659,0.166413556865376,0.0070632675767937,-0.011237606163745,0.129332997311261,0.107407259225462,0.0377438788614075,0.000136305602547203,0.151555777208532,-0.184102136432772,0.0821634462577401,0.101366354258635,0.0937918882083378,-0.373990052931325,-0.176673916163067,-0.374790140618675,-0.310427761874434,-0.302210307102731,-0.323322767943843,-0.421841496462134
"父-女",0.662513828956811,0.600408919858541,1,0.529516670468252,0.55183505056842,-0.0614799644088563,0.0541963103611031,0.382279399284459,0.152110344184209,0.00956901325355203,0.26188248821094,0.173182666671586,0.242952266507073,0.00164839205351163,0.367583287045645,0.209821669198079,0.0707172509673106,-0.068865713969064,-0.0102911902044327,-0.146491547069148,0.12154113205396,0.0753442977866578,0.115262499955503,-0.239096528861744,-0.123625247815426,0.122922461342332,-0.121994785035833,-0.0962349870487968,-0.238921620985713,-0.0972739382271474,-0.198443345000225,-0.0645806214644071,-0.0334377136567288,-0.099415992159745,-0.35138231293311,0.0680086862745005,0.0241944551536133,-0.0666965833869627,-0.117099374563795,0.304516379747555,-0.0140801758872329,-0.0651316198126227,0.0208228051614473,0.219516527542124,0.0950210776245348,-0.124417591396391,-0.0273927788324648,-0.14914442896168,-0.14616108917013,-0.0968766417106834,0.0601056198447383,-0.0402145402774972,0.0986645653146214,0.121594734473177,-0.258749099808247,-0.296709750066049,-0.265375840655611,-0.0566983296055457,-0.0986446604249861,-0.103012430816827,-0.148984229509619,-0.331712633139983,-0.312797411796666,-0.127466021548873,-0.401117046767151,-0.236477647100074,0.223260971970922,0.25867908151988,0.131039885707424,0.345346335326093,0.132564661354355,-0.038106704638082,0.169829899837803,0.0335591062005409,0.282613356047823,-0.0735571706289074,0.0570280449550232,0.23670698736398,0.292163460483821,-0.0576839761825965,-0.0761484331248813,-0.0610391985388451,-0.00666994322074218,-0.194559501882009,-0.28644315495569,-0.405987332716134,-0.325566080109155,-0.45109186241253,-0.19790658260859,-0.478496223932959,0.0335074528650144,-0.0443333609664109,-0.205082430326409,-0.160627809580028,0.13504794055544,-0.0160244493859593,-0.274966763368822,-0.135372280092634,0.0464055037698584,-0.162318422794706,0.0868182563945017,-0.302224074911963,-0.0958967947215525,-0.106366967090671,-0.147474175199336,-0.216407450383015,-0.355342654322946,-0.276962180967755,-0.306845859917596,-0.25209669601266,0.277941746685754,0.0639345607427972,0.0865062093418164,0.0604088303196875,0.0421514544554136,0.0584349182602259,0.118387936635585,0.0200273267837321,0.185595614364393,0.392347374931472,0.0933588603804141,0.253314470633939,0.0269825923582078,0.26833626573308,0.129900127243032,-0.0608039908498541,0.0298230469250319,0.0532704268819204,0.0448806973495633,0.154209617462023,0.0169601397743425,-0.00901406185164205,0.0731197412981274,0.198735315706569,-0.0533962091052416,-0.281796584788175,-0.143558825283651,-0.344445452062792,-0.373569135379922,-0.252015907274651,-0.359937668710216,-0.217128507970363
"母-子",0.414823736539624,0.686618702045758,0.529516670468252,1,0.614097501494187,-0.183291550486729,-0.160042879826228,0.22074185311973,-0.0926835278705964,-0.118029624427891,0.0718423365799038,0.212956049357262,0.252286586294645,-0.02914826316948,0.30279908754493,0.0183836330479378,0.177997507593383,-0.181336003404979,-0.0244657133480099,-0.0460124255742759,0.0701237285965664,-0.0450599555463643,0.138088511606664,-0.0622721901989371,0.0958938112916952,0.113386637609474,0.00757838007801879,-0.103301534253923,0.0302292106236824,0.103718312284649,-0.27252733350802,-0.337689881592375,-0.218445629521518,-0.101325880118885,-0.207347518398511,-0.036955934895832,0.0299281933155829,0.0888311504040299,0.10123696992294,0.290816564485901,-0.0768669583827416,0.169644873974972,0.182202139515436,0.435347265901076,0.112002730278926,0.0651399561757368,-0.141987132157899,0.104728025612105,0.112505781619266,0.109036426453917,-0.0906828844519987,-0.0591929240760758,0.0868544356502104,-0.170144053115973,-0.29371251484836,-0.449403721970198,-0.203479191575185,-0.192832836748097,-0.284046027316909,-0.106570267399979,-0.259318569654932,-0.343100355381407,-0.120123753798777,-0.179400165649735,-0.203300696923089,0.0441324665220922,-0.0331113824170865,0.108235637764632,0.0930598579217795,0.237269946198388,0.0714720252241213,-0.0159953009612809,0.0316492204768126,-0.0145119395144917,0.0928901166383469,0.0224972341777448,0.0565643458390603,-0.00046515038624718,0.285033880374292,0.0786757752155243,-0.325954501455693,-0.178858288095649,-0.19610960466347,-0.334738605184031,-0.19942435222707,-0.270693893489484,-0.290745378642309,-0.451736831293704,-0.371445342512593,-0.453081708472122,-0.204260784728345,-0.0454057107477358,-0.237084729231828,0.0669085103169481,-0.0915992523096197,-0.0436289075433558,-0.220196869639653,-0.0749143423793049,-0.247529565687334,0.0679852754493821,-0.0603453168567212,-0.121489312893307,0.18662161123292,0.328740952418959,0.139499731372879,-0.0216708889768505,-0.136775803097578,-0.0644848971048212,-0.10530650505444,-0.144041548799847,0.225020942549278,0.189387716469141,0.101830175984565,-0.0890085112038602,-0.0159785684049614,0.166072275869516,0.264333773936769,0.208319844408656,0.0332674500123233,0.15049664903829,0.0458051969436838,0.205941109808288,0.0575460834131115,0.0200341983661996,0.0885928112532018,0.105426319297002,0.0788387632236179,0.0774380645568382,0.098028183478742,0.0729106292006078,0.0555378190844191,-0.0203362223027295,0.106767477475961,0.183832829825771,0.205891653605639,-0.179766098853246,-0.116351441459921,-0.282416098422153,-0.35898868245526,-0.168461510733639,-0.290493851360182,-0.387825637427792
"母-女",0.396444171142294,0.492166730182919,0.55183505056842,0.614097501494187,1,-0.0752077370344061,0.115230434518666,0.368768703614542,0.233140568042652,-0.122995914459481,0.00319215327177155,0.0728510181858777,0.277785067593881,0.0443257496566437,0.252709729001087,-0.00103671277452109,0.276121103815985,-0.234612234985872,0.0200626361409304,-0.0581240435306581,0.00285889506717213,-0.13728296029916,0.0634976362906888,-0.224105166128967,0.119255176576403,0.0165909143392594,-0.178954222107646,-0.110241745324486,-0.113803129472463,0.117542197441227,-0.321159932840299,-0.219406313943848,-0.192831808201024,0.082820872189605,-0.305166025519094,-0.208248358942971,-0.25543868591979,-0.0474900711975992,-0.126933031396235,0.167867658994199,-0.0651712414682993,0.204038853768561,0.0952377546582734,0.392507358958957,0.0546841776693904,0.0490093609326654,-0.126953882183015,-0.069495264581863,0.0680147220843126,-0.0211856067061718,-0.146762453939322,0.0203285993130674,0.0172298037084212,-0.0935003620235841,-0.354532841615018,-0.265864686405119,-0.0870633870455317,0.0648681884912182,-0.167138665362231,0.0549015634377561,-0.00513992336900207,-0.151798319402595,-0.0373130047668744,-0.014980778868881,-0.0749286952360774,-0.127701598765085,-0.0579009031584691,0.0763417665786107,-0.0239050347681235,0.271492657039755,-0.00202328715594831,0.00364675834198062,-0.131497245476446,-0.108340124202519,0.112905772272228,-0.0926809753291631,-0.00966019238972632,-0.110058987153205,0.221547610621741,-0.118038357605363,-0.142472349919074,-0.177360651937158,-0.18703276193053,-0.191916538761367,-0.0570909371759783,-0.200983392676803,-0.0312864674687865,-0.309274609631238,-0.292570455975797,-0.410996927311042,-0.184557994949274,-0.11561942547621,-0.198638694177448,-0.0278839284474071,0.0371875404713859,-0.149733742621096,-0.201488166382015,-0.201753593968316,-0.15726696285244,-0.122290758212258,-0.106491588987627,0.0102350598297257,-0.0403099634891032,0.161688833639895,0.00967338080553693,-0.0384774124409303,-0.153978974949009,0.0347871742005011,-0.0591571825669329,-0.0458361299884853,0.136739660378445,0.239638947585142,0.109470036003696,0.0178559000004455,-0.0610999999331009,0.0287097111132709,0.190979974222617,0.224150899490078,-0.0726668143606558,0.142039883109137,-0.0592136724348721,0.209970064063166,-0.109758688535978,0.0568828440304575,0.0299356211049642,0.141718232775708,0.0862765492190037,0.0506064143579084,0.144937668778559,0.312014775381791,-0.00387024744232878,0.133831541889229,0.132308800901567,0.181631563029022,0.0890925191417299,-0.0964041633402161,-0.15219604343646,-0.265328990105637,-0.32269919122955,-0.117340504396131,-0.267617453303051,-0.242923974150403
"兄-弟",0.141617845647785,-0.0738413032591515,-0.0614799644088563,-0.183291550486729,-0.0752077370344061,1,0.60981488210326,0.288089084277291,0.547377796592958,0.32309770766177,0.0935711422928797,-0.10015931468002,-0.15970728824186,0.107332565979179,0.111335844182694,0.178083747335102,-0.030278471937481,0.159394654641524,0.0993522034489581,-0.0261648327812447,-0.150265333353827,0.030187478669551,-0.180962542532579,-0.0678673654517342,-0.100436364105683,0.181202925360716,-0.256024393911774,-0.262816910362959,-0.172678789085249,-0.267922834224947,-0.0571247514232892,-0.0767189749841071,-0.15797150883804,-0.183506982584092,-0.264948739341032,-0.197086131163984,-0.0879744032284913,-0.108236411146754,-0.113895788554667,-0.0981473155767318,-0.0719104992930228,-0.278890134934542,-0.236876279275893,-0.424204910310249,-0.270849085260767,-0.136716408171603,0.253002818123478,-0.144462620297239,-0.296768801948721,-0.195301314631501,0.143970646644838,-0.0871098295262385,-0.208433057917028,-0.0462183987709269,0.04570302493398,0.156081457079465,-0.0448527912202908,-0.0152186592192477,0.267139939269796,-0.161658868347951,-0.0896026232001442,0.0509795505314781,-0.230166824635482,0.0260674181864837,-0.0765840280090082,-0.0510534392074459,0.0810741170188925,-0.0424552216821098,-0.132247651831824,-0.055147987932006,-0.183084491234896,-0.0259797041736183,-0.239190333052277,-0.176340782626669,-0.0871001218613819,-0.206654120281688,-0.237200921797018,-0.0460656185595963,-0.0410760533307091,-0.10867612230278,0.201153886458811,-0.166123308027792,0.337300152822592,0.180461776247337,-0.0036614589259667,-0.123007601787053,-0.0137116374013857,0.291002225698825,0.311055751282617,0.271258100619573,0.208098533988429,-0.0924821097106075,0.0868392091228876,-0.0866740460332578,-0.0175501498740094,0.0416156133017806,-0.0209816470376456,0.0261796396431897,0.0951548344141194,-0.174265016984958,-0.0233748717149237,-0.0296249614908083,-0.195559814765354,-0.244486374285349,-0.275561641829369,-0.169115988132725,-0.112523464744066,-0.0285877622959751,0.014553295167412,-0.0139148421070202,-0.0384176396706806,-0.0518796806535427,0.0521721801718807,0.268620192498421,0.315345457376181,0.0902914446102046,-0.0601773481969224,-0.0941786022308881,0.167612274734258,0.151157445304956,0.167151590814565,-0.0200903166438778,0.197743913222709,-0.0595145685988381,0.132669319165717,-0.0142249378993877,-0.0655089866591798,-0.106706700735944,-0.080629678773192,-0.0781290227398518,0.226471323176007,0.0314007240941953,-0.0349287329197118,-0.0379069605381226,0.163757168438292,0.159481244113304,0.0154740486659145,0.169205398581182,0.175435920815961,0.0785227170771159,0.135009041277781,0.372632038411999
"兄-妹",0.045427115068663,-0.0567065639560761,0.0541963103611031,-0.160042879826228,0.115230434518666,0.60981488210326,1,0.379004651121552,0.580854430629804,0.320381593167648,0.0253177404653731,-0.193588504893873,-0.13275708838673,0.0596785009177406,-0.0733775234665897,0.0824332033652645,-0.0205442641125208,0.0187682994014811,0.0420953700597306,-0.0903806763289015,-0.052930340939046,0.063258394352109,-0.112822935174514,-0.0510494953429922,-0.0384619558119608,0.0894845186565115,-0.208097958835308,-0.202417156665839,-0.154768978801155,-0.075622911650941,0.00562264621403752,0.0307815835761913,-0.0906008016999327,-0.107926185338573,-0.210202160544054,-0.198888778112169,-0.177989448936066,-0.200902128539911,-0.29446927013379,-0.29309289228171,-0.224519783275509,-0.110936010657675,-0.276921736162878,-0.210478471958749,-0.235755474515895,-0.199758483110426,0.0124250774616096,0.00735917376560722,-0.153930692030452,-0.21399322505058,0.108133906143133,0.153903316668133,-0.129260416719732,-0.0514905231258676,0.099047091767498,0.309823006942168,0.124206690743795,0.246879838203961,0.173066950466476,0.10620276777264,0.0689670535196341,0.0905945129500712,-0.02023881144205,0.178643455515279,0.0015542583400795,-0.281339437454621,-0.0258391051461978,-0.0750739202948054,-0.234385707722662,-0.158803153282086,-0.116955404644645,-0.13771118624134,-0.0966341175833539,-0.177122133813195,-0.0496942421143818,-0.110121711350283,-0.101738198656663,-0.120062735399877,-0.139531115280464,-0.20768061228042,0.140707765084017,-0.043667439320157,0.131440563726102,0.196970670609396,0.155127065649721,-0.074320618055129,0.203363978343086,0.227101198793678,0.218223329177674,0.141242308689857,0.0419563043252282,-0.0953604762964282,-0.00962640833419862,-0.192361983753541,-0.0253899032768293,0.0511419465499874,-0.114465209210142,-0.145698552339264,-0.0884001553096252,-0.183669737886292,-0.177119104689193,-0.089630394994442,-0.325480879741293,-0.188776812146111,-0.254103495249098,0.0235584540126965,-0.00491964499346487,0.0169071439485872,0.0201549249387288,-0.0121255728116568,-0.0570345800308591,-0.0958512556368426,0.064426866429495,0.187611480678453,0.0450802380749646,-0.0435880060273539,-0.0921460024272372,-0.12431308567394,0.0799347937055581,0.134881159319172,0.0687436869697208,-0.0787301501714974,-0.048475996797572,-0.0314457702091501,0.0239950868917173,-0.0842272638859868,-0.128551883367444,-0.129239272816578,-0.0598463340759793,0.0139717995289859,0.209050716480512,0.175397637902629,0.0963568153207935,-0.0177528981962873,0.00449517482606298,0.142997627663704,0.1267126737116,0.113930345920906,0.11168080302095,0.0990069875049261,0.177167858636051,0.305606011962098
"姐-弟",0.391708758080096,0.16439286530314,0.382279399284459,0.22074185311973,0.368768703614542,0.288089084277291,0.379004651121552,1,0.557041524100469,0.136739578918129,0.174173893728552,0.12296997712839,0.0486932792261117,0.0488302218767964,0.181663042888799,0.188689227592931,-0.0851553178530964,-0.161580953415928,-0.1365608139288,-0.198645341329474,-0.0106984493343933,0.0459858553232274,0.037224280469897,-0.21520663516884,-0.195999632672559,0.252472921032844,-0.18383433082898,-0.159990252338368,-0.290382200516878,-0.0262854951905458,-0.169609523407361,-0.115779839254278,-0.121743845976976,-0.182592775573964,-0.299855287970684,0.104336667660335,-0.0602466426292067,-0.0030812950622657,-0.0581406097580557,0.163544049766616,-0.025803728249676,-0.168832511780388,-0.0464794141935442,0.0261390677572097,0.096068353857995,-0.055923759489237,-0.0397109334708571,-0.216951269833106,-0.113739962022474,0.000821310859915275,0.102201808371256,0.00177059188804212,0.173287591383695,0.234512114190653,-0.176437839544313,-0.160352660838973,-0.0471819845258043,-0.00830367987233833,-0.0185867397000516,-0.132618098474926,-0.0405302312062026,-0.248739751699389,-0.207942530939498,-0.0148636014559687,-0.331564626224443,-0.216537400759653,-0.0505265624728068,0.0975403658882372,-0.0891333781487067,0.182132697086713,0.121149639829197,-0.13017498149545,0.0384370196555802,-0.111864615272384,0.419296250144625,-0.182614382384742,-0.00129247661115437,0.101805133562171,0.0899366316952852,-0.0627182006349722,0.100266627561316,0.0437830643933868,-0.0256556067477453,-0.0464496415395022,-0.217880330909478,-0.282932823922687,-0.224564181316009,-0.236657322035574,-0.0303233617365465,-0.250351808302557,0.0528373703430519,-0.0579335877377957,-0.212979931310154,-0.204555181398984,0.184307780038199,-0.0634812182696686,-0.388804901557641,-0.111908642665276,-0.0790908298062197,-0.259248809061854,0.0588982586234496,-0.176499254111339,-0.295019825876876,-0.333363850199975,-0.200754229950869,-0.151491592490779,-0.31805588626999,-0.200100825151254,-0.34580834579527,-0.23996057573151,0.180997205539322,-0.0676024413017834,-0.0265580379680722,0.128918446138193,0.13016901581298,0.0282171062547297,0.0872205215417182,0.0556459344792915,0.0153482672064831,0.102361723000121,0.0885256350700731,0.210920084623855,-0.0985392544368609,0.012324658631262,0.152270659871428,-0.0989322420653044,-0.133093955809497,-0.0938712423344129,-0.193267879305221,0.0934725765756582,0.233357872856957,0.268284458530954,0.139569060994262,0.526897962291242,0.0976264532126593,0.143798826143944,0.0290772322307224,0.0385125208919074,-0.258565980278841,-0.0113955700674889,-0.176463993497478,0.203008852209379
"姐-妹",0.241912026353963,-0.126958185518823,0.152110344184209,-0.0926835278705964,0.233140568042652,0.547377796592958,0.580854430629804,0.557041524100469,1,0.233988567011339,0.106772148614943,-0.0487307245323663,-0.0406130851548948,0.0132622008618888,0.0291383478722128,0.142827652397726,-0.105332758237504,-0.00674968445010853,-0.0253631858286186,-0.0548439508716857,0.0379703894861679,0.10705891615746,0.116558949609066,-0.123747236625832,-0.0260865732324355,0.184920272497498,-0.290491296621802,-0.233049014876198,-0.282885072353949,-0.0263828730372845,-0.128627914597425,0.0282012857500847,-0.0820708365746657,-0.0852874607995955,-0.291970047428318,-0.0282084514729732,-0.180501097686762,-0.0627478757060877,-0.324127966006006,-0.110906422997004,-0.176915324666179,-0.23721997091104,-0.257622387849221,-0.23549863925399,-0.0629294489881187,-0.15986256269432,-0.0400914332062539,-0.320642379842725,-0.239085386117646,-0.150810139028551,0.0261245947168488,0.01353047947861,-0.0494304701544756,0.276177494081261,-0.0669214063414635,0.103529718871594,0.03318945054923,0.306547204915261,0.118181494957225,-0.0200931043086744,0.0459344833805932,-0.0228306032933408,-0.192233886054108,0.076780685463599,-0.178201575833521,-0.184370174479331,-0.0575642896905155,0.0150890323504416,-0.0756463903446134,0.151912343265947,-0.068114625869908,-0.111341392094107,-0.148945388613378,-0.220443741193433,0.137323451155276,-0.341422576819721,-0.151670501267308,-0.0908618330583858,-0.0276959410219001,-0.303695863206818,0.153632401276514,-0.0834767706493433,0.13825070452101,0.183687294767807,-0.00399165517621833,-0.0905071227902885,0.12394967187512,0.197750012389371,0.155266485239021,0.0420858288349924,0.0483519152790383,-0.127359583256918,-0.117472769745687,-0.310637533523189,0.241359300259176,-0.0543609246361748,-0.179860085074401,-0.120081380618302,0.0108156230257177,-0.302178376512009,-0.0768347822846449,0.0292866180206872,-0.368546531357039,-0.390030626848699,-0.257163832042615,-0.11016156366702,-0.141971517033693,-0.101833754754917,-0.110582068652883,0.0271631343573771,-0.0941666374013145,-0.208934634411598,0.0455699420268578,0.216304108244105,0.0263077149073757,-0.00985292535285606,-0.056845497646191,-0.0158195997838855,0.0567582473672573,0.130244019549538,0.114922979495461,0.120515782107456,-0.0104846191765754,-0.0407059246038685,0.216197473686297,-0.0910124948031241,-0.115813714439472,-0.146804279236521,-0.0412671876727584,0.119012070221841,0.0438931280503766,0.297090561455031,-0.0554147963929017,0.126934799036395,-0.0657727572215069,0.173299877911482,0.0866713824096525,0.121497964550857,-0.0225307047059523,0.158607596148909,-0.0359067343025358,0.328491429151921
"祖父-孙子",0.102453493911334,0.06779290171574,0.00956901325355203,-0.118029624427891,-0.122995914459481,0.32309770766177,0.320381593167648,0.136739578918129,0.233988567011339,1,0.471570217961178,0.312882886672212,0.104967284607309,0.365094303692009,0.197481214348587,0.435295704469081,0.118347188427775,0.458995450898262,0.271633529838476,0.18494294306779,0.131992957240462,0.37481479789316,0.0655883248567319,0.0418478631096607,0.0142108842087567,0.216472389177489,-0.173189919365234,-0.149248470640884,-0.182706079729732,-0.181197458097294,0.0658454293281761,0.0751899158401455,-0.0574310869814392,-0.140721908295551,-0.179041956771958,0.015201209926224,0.0946435876019229,-0.176613172514049,-0.158781412650131,-0.234025777052696,-0.140923351075312,-0.324521554397362,-0.211178565204468,-0.386034343821217,-0.0803180000021995,-0.223180920385094,0.062411694775128,-0.270849528874513,-0.301312547373281,-0.0977817474005131,0.101768601101221,-0.244527857366955,-0.187965362217217,-0.0110390428990566,0.102555084574854,0.200108514080531,-0.206256614318603,-0.0221442242424104,0.220081641812857,-0.145320110641862,-0.0245302451839406,-0.167121413511444,-0.296151431182024,-0.190765611109743,-0.278388782660709,-0.316828473112444,0.190054830794759,0.220478996329999,0.108318474403033,0.180217376431474,-0.145655502320967,-0.286459574230612,-0.0477948621067564,-0.112790365953791,-0.145303801438668,-0.314082415025454,-0.303836901160948,-0.159734351984538,-0.229378576789814,-0.28980934744995,0.0667956822387591,-0.0418584626803373,0.217285489795254,0.297749212085381,0.0817605311581832,0.0519402337826241,0.0932737583775614,0.273018041958605,0.44514493815961,0.263573999443869,0.128902375018801,-0.0924093355197458,0.0393267288699761,-0.198896999569006,-0.0317633478890677,0.135169145299718,-0.0121432986575568,-0.239134799980685,-0.148379131106239,-0.220575850703445,0.0593069883456147,-0.165136498661604,-0.104372436566331,-0.251708522945627,-0.155949784605713,-0.164291303012944,-0.0833817936880287,-0.243258939274049,-0.0140095831823329,-0.00341698086794927,0.104783166907509,-0.121830097300051,0.169563762926055,0.130186021364596,0.00223462363960736,-0.132652030752062,-0.242534358703087,-0.185790554397488,0.239326578714299,0.0592945882989097,0.121230969524728,-0.00413485677698132,-0.0147053849809614,0.0760906409585705,0.095731566304993,-0.0901204234301326,-0.0969878384908347,-0.0677759175065212,-0.132739874339626,-0.14072374586301,0.121823850494545,-0.0892265404740818,-0.318925442554386,-0.190213827565199,-0.057173869257926,-0.0284499702995677,-0.216270168845569,-0.141711245767977,0.0397561213438539,-0.0633139599567759,0.0658963263239627,0.177934192862345
"祖父-孙女",0.346141210465147,0.155508390019755,0.26188248821094,0.0718423365799038,0.00319215327177155,0.0935711422928797,0.0253177404653731,0.174173893728552,0.106772148614943,0.471570217961178,1,0.601660607935891,0.533888817262921,0.413389461970216,0.589291389001681,0.641988443461715,0.340710762277136,0.533242565154412,0.44081213521421,0.333332236346058,0.446005950817964,0.431516774642579,0.401904575203001,0.0783925430436014,0.00954189625939781,0.487896413991532,-0.174018305928709,-0.0119702594637598,-0.392488194670566,-0.182760062377735,0.0434008671939028,0.0672091518058591,-0.0762941871007438,-0.286808228188971,-0.227398136808216,0.248240852906565,0.32208668031872,0.0905206292576735,-0.0395774724791941,0.170764019349244,0.0041886026228598,-0.337378827515398,-0.195881025681335,-0.207158432832186,-0.126026867444619,0.0737990561080771,0.085470348874526,-0.297724418760584,-0.317094276920377,-0.0836863614643561,0.00519709081658575,-0.355459188788797,-0.0598476826046363,0.135785566442156,-0.266941712631498,-0.0827240220577956,-0.333860202011624,-0.265003749438219,-0.178426453609385,-0.465601780491724,-0.214041003295381,-0.398897616212308,-0.505293432020309,-0.329794802886879,-0.501247037562802,-0.10501715893525,0.190056588403715,0.335565708252151,0.103873752161044,0.290303750033654,0.0815723981396405,-0.0667137141385663,0.130139943294616,0.14548689321413,-0.086156378414306,-0.312373510340443,-0.227381653307412,0.10658033246164,0.148908243493522,-0.192172239963348,0.0540353381191332,-0.241192114382349,0.22853323151128,0.0950091115352912,-0.152790515290097,-0.099817286809675,-0.14765744185835,-0.00845765094005437,0.000466398091863445,-0.123796735882012,0.287028634145831,-0.0291383678744431,0.108458469173058,-0.245010074679539,0.0733949487737295,0.2078893693105,0.147776083102671,-0.152128574032023,0.0479089476195244,-0.0507019528441265,0.176284213858067,0.0405120747875244,-0.0866960608202453,-0.274028543784957,-0.0896281091083658,-0.207398785851364,-0.310786056955324,-0.371696455066575,-0.258943248616463,-0.172693964646374,0.0157448990716507,-0.253221837432938,0.0263301297516451,0.113130308592504,-0.02928086186637,-0.0231872805957345,-0.207169855531217,-0.142244922838904,0.223645576724927,0.184746014884496,0.103651569703456,0.16343753193902,0.121390176713804,0.118139624217452,0.206760428196133,0.0122833076315351,-0.167376147128969,-0.0524751909208509,-0.182143488557658,-0.0578539429393198,-0.162379567853566,-0.214334681456187,-0.339989985130016,-0.112585594313646,-0.206708640273455,-0.250277030783879,-0.37934732855439,-0.352612220305112,-0.420974865994823,-0.355481026768011,-0.232400401469141,-0.118438910354849
"祖母-孙子",0.18396908041799,0.223714706408157,0.173182666671586,0.212956049357262,0.0728510181858777,-0.10015931468002,-0.193588504893873,0.12296997712839,-0.0487307245323663,0.312882886672212,0.601660607935891,1,0.676511151110754,0.322438907515106,0.460406329737365,0.460222123200798,0.406394859974265,0.41039400269725,0.344737668098898,0.341356598371619,0.28010841484663,0.202580269695513,0.284470721120262,0.0076669893369595,0.0765692868880295,0.216552993548604,-0.0021410156317805,0.0769379921795591,-0.182022991512908,-0.0458042695609412,-0.0537382820857613,0.0242088041183531,-0.0129118343022499,-0.150827786989081,-0.0891753846089529,0.113833959438587,0.322442353002811,0.0920095941634605,0.107180074126342,0.246864063254854,-0.0136063452743618,-0.159990715503807,0.0179462262737882,-0.0401904541014403,-0.0588795172875353,0.0369127524713803,0.0137406628632392,-0.167684320236739,-0.125995427751889,0.0758423596936658,-0.191665036776975,-0.317709669297497,-0.00802592127090112,0.0667737278980708,-0.20236306225267,-0.305131864299001,-0.311840983144039,-0.296550568856417,-0.19204045349268,-0.339416947218247,-0.353928693365062,-0.400601807453742,-0.362950303592848,-0.365461384774549,-0.361018642918777,-0.0811539083190146,0.053387644551547,0.278815138622801,0.245688150685691,0.326794593833921,0.0167978499728293,-0.0228281560804555,0.193060773530419,0.189952811629024,-0.0713069855537944,-0.15727093394815,-0.147915326246083,0.0994376690443379,0.181889555870258,0.00824014113443148,-0.0815773101993171,-0.293563500519916,-0.0184424381606502,-0.151877721223244,-0.202977120050601,-0.00945589086052494,-0.180763192564092,-0.104189056346998,-0.126190737964347,-0.185080097976273,0.0675470381115948,-0.0749971836968297,-0.0178078406430881,-0.0785968942088519,0.0375720193766411,0.0694564687957836,0.124896989526513,-0.163621031112806,-0.0396457766479325,-0.0544278770145177,0.142505077628853,0.126627754917666,0.101703556415003,-0.0774679927976371,0.215381592978459,-0.179819844581924,-0.183752962423284,-0.239168439381037,-0.102185029007735,-0.0423018874618107,0.0499542837627062,-0.104293313370139,0.118582420459549,0.0700688185723425,-0.030767069310365,-0.0272513284265894,-0.0701071609983252,0.0201209147062361,0.0368656886626512,0.0681886413549449,0.0363251356464894,0.126642168952968,-0.014323458775808,0.100450278205785,0.0519671588287936,-0.11872121233883,-0.11666277108142,-0.06636900733207,-0.184499343828878,-0.120499467270606,-0.224768349230179,-0.234346870860272,-0.184257624428351,0.0366351676009967,-0.0263904946862977,-0.239571118208604,-0.340828735021458,-0.315883313641145,-0.37751939026564,-0.302013912506254,-0.383982198848268,-0.205755862335955
"祖母-孙女",0.191410788354835,0.149585631875637,0.242952266507073,0.252286586294645,0.277785067593881,-0.15970728824186,-0.13275708838673,0.0486932792261117,-0.0406130851548948,0.104967284607309,0.533888817262921,0.676511151110754,1,0.0810954254800462,0.469193632194778,0.348181428791425,0.693701633953426,0.33143869264947,0.445622143293042,0.375037699139768,0.238190569408777,0.0379017816653953,0.358420832529485,-0.154625442573228,0.142846421938629,0.0325257424680388,-0.173148383141584,0.0860003401700423,-0.105013215298725,0.00271536662500314,-0.175024087437566,0.0150752426351329,-0.0203217187561852,0.123066094839235,-0.153073417251024,0.038670442936882,0.21303059659777,0.163877132060332,-0.0553586438752492,0.264819464389451,0.0426785118445593,0.0476975086643933,0.0713368256946632,0.0938258644879685,-0.0466858185550486,0.176146794888591,-0.0860272780804187,-0.0623352375470977,0.0179102563697457,0.110117811497463,-0.219841756971879,-0.213501364199524,-0.0637292253022516,0.0357150771945024,-0.290555146166669,-0.212091772570413,-0.212699485054745,-0.106751717877962,-0.229040624452999,-0.251531963596814,-0.284983514194825,-0.250097025592389,-0.330097744561952,-0.190687305734257,-0.18540286011532,-0.111992178619736,0.0118643859568247,0.197819826397512,0.0645085245184279,0.163136467988446,-0.0565398338252263,-0.0256409905534624,0.0119146740868754,0.162954079968827,-0.111408131844982,-0.0337848861597547,-0.0468996900926671,0.0172050521872844,0.253458433875037,-0.0980916998838483,-0.0512945513560041,-0.28172914758378,0.0397445748018777,-0.179740213331061,-0.116697255045575,-0.114505512215467,-0.0360173246601383,-0.0151362048418616,-0.279851767629424,-0.293630166776077,-0.00315096420271344,-0.103026634779734,-0.0791089312495472,-0.182584995475108,0.0902928289356836,-0.179221322636377,0.2169130209097,-0.242181876045941,-0.0545655981014118,-0.114117600990496,0.0014513722713378,0.110178517821364,0.0972720584964722,0.0671069623711654,0.0480539186615722,-0.182212226097922,-0.211485784495799,-0.136488993964276,0.00629227833304468,0.108467341023791,-0.0652883815784989,-0.0473511483721947,0.249735007730466,0.175621066015257,-0.0273593178752942,-0.031521723846687,-0.0465951958828994,0.128627635218258,-0.0165651586972968,0.168705826146598,-0.0228067799136952,0.162238326517894,-0.172201842205377,0.0934175042520615,0.0250268375151129,0.0533724703952786,-0.0827016672763353,-0.0168039869950788,-0.0357641207864437,0.079553772384924,-0.383520538068832,-0.258337730932576,-0.219208776225008,-0.118809726167998,-0.0416490367712091,-0.182848019075468,-0.442799050380532,-0.376678321135647,-0.411562209913631,-0.276576455592739,-0.335466044898373,-0.18086558192694
"外祖父-外孙子",-0.037981332680471,0.132492295253134,0.00164839205351163,-0.02914826316948,0.0443257496566437,0.107332565979179,0.0596785009177406,0.0488302218767964,0.0132622008618888,0.365094303692009,0.413389461970216,0.322438907515106,0.0810954254800462,1,0.37309583423202,0.40967068210403,0.141009649377742,0.366655342160397,0.243422378301243,0.370586690582562,0.195469703278394,0.248526823435807,0.102827657573999,0.447752764094957,0.184101019548402,0.310589693983516,0.0574839131114244,-0.00588460408947247,-0.10546784254237,-0.0952699515721019,0.120640664582087,-0.0356661200205165,-0.0978741390846632,-0.281348106400959,-0.0237004949288615,0.00827823801313664,0.0579816720823789,-0.121229045150209,0.0832576781532813,-0.176029544446738,-0.103251571830058,-0.212528467607327,-0.218379340020386,-0.153183498843818,-0.182000698204813,-0.139932372217915,0.117224909792327,-0.154139750106976,-0.116717087801917,-0.167352752712886,0.00190614893223778,-0.282466743786864,-0.0134659427315711,-0.250185712295545,-0.112538851691552,-0.0597962959252825,0.00228975463019758,-0.205951843970598,-0.0666408390102217,-0.213460325024107,-0.0264793883937211,-0.262767096591443,-0.0909070286395295,-0.221430799779435,-0.23476356016142,-0.0533333439469382,0.168306237165129,0.140150693066891,0.00935595749193581,0.153920663084557,0.167742101839967,0.132115132447783,0.118880775413283,0.132320844052972,-0.161956216859678,-0.371869963371125,-0.417436661197965,-0.160380989350537,-0.107903542536014,-0.138993822905736,-0.0660888280240729,-0.269717475632876,0.0445876118994756,0.253775898582495,0.134902202530926,0.282779278818157,0.144921156042613,0.092465331159551,0.0653636173302224,-0.00499089663282382,0.150040348943816,-0.0281218072867051,0.168522425556793,-0.0807091534828124,-0.249007623602037,0.447161974801485,0.211575741739635,0.0725569383589796,-0.039168552032649,0.25637242038523,0.0134009780975068,0.148697045118803,0.0108459696955762,0.000408609152568249,-0.0477020627512791,0.057999446939217,0.0559228015241766,-0.0538577450693985,0.0622060009652154,-0.157782697457104,-0.0168820568098441,-0.106291207961087,-0.0176122330906461,0.104159994373509,-0.0188381207289104,-0.194601716994346,-0.255088820521244,-0.289032763225644,-0.0120399947371773,-0.13339180760676,-0.152024083880044,-0.142760693578222,0.0429523596283006,-0.0781193998608172,-0.0417498985186732,-0.167475598168316,-0.0227799711255345,-0.0203316021965356,-0.0146214899724328,-0.200823722733314,0.0793280160840652,-0.0762617816999025,-0.0492338435670701,-0.0311871419577605,-0.0816096070430071,-0.237888633989294,-0.102610692791252,-0.183071831604536,-0.176176429262769,-0.283665850531597,-0.103709865092711,-0.170216976143726
"外祖父-外孙女",0.359402208316006,0.268189225880498,0.367583287045645,0.30279908754493,0.252709729001087,0.111335844182694,-0.0733775234665897,0.181663042888799,0.0291383478722128,0.197481214348587,0.589291389001681,0.460406329737365,0.469193632194778,0.37309583423202,1,0.562945337976125,0.373571505384698,0.239292678851941,0.373961783871703,0.200476453227374,0.200314287889096,0.109715553358354,0.262353138457297,0.0737894357636033,0.229310398338893,0.229094464774832,-0.197978556354295,-0.0128973265762122,-0.28314921941516,-0.123617454492059,-0.196501756892429,-0.107629757374016,-0.120186312778154,-0.117301185960609,-0.325929208557529,0.0378378117448774,0.181623192993729,0.157167454802857,-0.00858312701659799,0.424241543957075,-0.0464237186355581,-0.185395626390073,-0.0765837273811803,-0.0536990332286509,-0.181306292578672,-2.28021525545413e-05,0.13001137652956,-0.239161340152597,-0.229618822098716,0.037664370599905,-0.0949056367800716,-0.409496604507952,-0.039942868945593,0.0248655730984922,-0.467521529764767,-0.345963327944095,-0.286903845282952,-0.328354315586071,-0.216156542563052,-0.35091913711337,-0.301227091307394,-0.362830884684738,-0.433264939421752,-0.326470076060368,-0.378029321574082,0.0726882529273887,0.144582678600293,0.215024412124435,0.0937737099110346,0.286878932022313,-0.0442578868629892,-0.0138727931813933,0.0028043976578399,0.0681652755425252,-0.145826351818421,-0.309100643910794,-0.298795547428825,0.0841234257899927,0.182327434983752,-0.0584739039720325,-0.0320969278147271,-0.440637203029293,0.135131553398759,-0.0530118100919622,-0.214236383106684,-0.211391951939517,-0.230166087868433,-0.202121892641466,-0.208740605291429,-0.255658601314259,0.192584749889179,-0.158080205786578,-0.0332613084130289,-0.22207973672047,0.0138715808816273,0.132349197650921,0.126527196518312,-0.089974866440908,0.0537551712437292,-0.118673679421355,0.0566289611450796,0.0159531503759735,0.149534837391726,0.0119034745089783,0.0452239600390225,-0.160800674749416,-0.194532172882066,-0.100072000726744,-0.0570014075329916,0.064200006809398,0.0880427476040579,-0.0312376149820682,0.0678257818197025,0.221771659875728,0.283030463049666,0.125106009623993,0.108539362677993,0.113719222373719,0.20645951025481,0.19292564474607,0.119348375303655,0.212039706147105,0.0459979089029364,0.06448434504157,0.186155805529656,-0.0422336022935331,-0.18802158039909,-0.203360023171293,-0.111627201903066,0.0143732471915646,-0.0492588382872828,-0.159296847108585,-0.0685477350132025,0.110396803866352,0.0212717415484452,-0.21358430987337,-0.318149353089626,-0.284670077488222,-0.339747131160129,-0.249091703794855,-0.279468626726162,-0.110305808931844
"外祖母-外孙子",0.256105240662361,-0.0103719050006782,0.209821669198079,0.0183836330479378,-0.00103671277452109,0.178083747335102,0.0824332033652645,0.188689227592931,0.142827652397726,0.435295704469081,0.641988443461715,0.460222123200798,0.348181428791425,0.40967068210403,0.562945337976125,1,0.32611301176085,0.446762985580778,0.381085411194841,0.393507598070929,0.290155934702606,0.170221512605316,0.154534985968269,0.160315668469668,0.13297162618322,0.309567252632719,-0.269727142882446,-0.165252043344223,-0.250844981656013,-0.116702646660221,-0.0643247183353259,-0.0324231971955822,0.0152657259559162,-0.181793062503692,-0.231380040361993,0.112627050604449,0.290114982818887,0.0261168925549931,-0.0682894475993273,0.139242377304314,0.0230258665608214,-0.2744888689062,-0.275354353831105,-0.298750232446962,-0.157921122980606,-0.0299446627630069,0.083435554716244,-0.325814332183551,-0.369898175440467,-0.165367812731841,0.0229064336703664,-0.439927330170835,-0.190406434909624,0.0290320444905,-0.373939740839054,0.028330310477225,-0.240848247508209,-0.194179259367677,0.0513348766565871,-0.317945487571623,-0.165434997551651,-0.211394385733817,-0.332409073435768,-0.295238373047053,-0.360187187861747,-0.095343456365852,0.326597858962978,0.322968367773288,-0.00509212439846622,0.273516406197728,0.0238614919262312,-0.0609220387539274,-0.0589053327294111,0.000682926755588198,-0.10854029417499,-0.355286262335848,-0.371220794961877,-0.0042334899683544,0.0243293723558786,-0.265032856296123,0.195473391022836,-0.14678506530306,0.348642392090998,0.13853600428609,-0.0778504987958258,-0.112150733712588,-0.155535534853145,0.0265209887230746,0.0261476098864841,-0.13425371145964,0.142034532010523,-0.0940516952768846,-0.108795908479872,-0.402928471400847,-0.0688026900878223,0.175020290310209,0.0662815581213736,-0.0952170729786799,-0.0327374937285698,-0.133663595707672,0.0661814334537424,0.036366503960606,-0.117018277175721,-0.259842174156681,-0.0747777950284806,-0.0379074081465703,-0.0865675877929869,-0.231372768628844,0.044059336924343,-0.0302131346829241,0.166419798011838,-0.135371211060631,0.163421149299385,0.38539434249893,0.216566229264114,-0.0922972831800435,-0.194432665741836,-0.226981876286321,0.301816974794823,0.133378549791481,0.0961538425416912,0.154448864818018,0.00823230141572144,-0.0523071361950634,0.188263736814456,0.0269546100455319,-0.137404147758357,-0.075586780524579,-0.1170779718435,-0.0154161014081246,-0.0666308362664141,-0.17688234661923,-0.340259401938382,-0.115425048399093,-0.100770099858528,-0.0777320697369104,-0.327827564554489,-0.242310796459386,-0.224141278842692,-0.265800212727815,-0.0165356814267704,0.0750273844974964
"外祖母-外孙女",0.0253280591221713,0.123159182392157,0.0707172509673106,0.177997507593383,0.276121103815985,-0.030278471937481,-0.0205442641125208,-0.0851553178530964,-0.105332758237504,0.118347188427775,0.340710762277136,0.406394859974265,0.693701633953426,0.141009649377742,0.373571505384698,0.32611301176085,1,0.284657451323942,0.533606983535191,0.5416344749292,0.288813120914647,-0.000432169202024385,0.234496931587308,-0.0213863851018082,0.245959290358426,-0.00663907413635071,-0.249122164258174,-0.0375858030569885,0.0074525383027646,0.0790219663649317,-0.190619066320592,-0.150605128038936,-0.183148056037245,0.0995527715732487,-0.223870675935462,-0.23456639582899,0.0358707580272181,0.0421225820024826,-0.0726298866367182,0.0452222442716855,-0.0405344959481852,0.152313604803228,0.0561804664361195,0.0793923604449306,-0.168327012076582,0.208355442204231,-0.127076709010003,0.0177935497937144,0.032456910052651,0.0826934768811944,-0.165391580284402,-0.129480791058067,-0.243097834001512,-0.232408295348404,-0.153629816852969,0.0182894866130718,-0.147519968150121,-0.00866416181972346,-0.130010251934697,-0.117822322294262,-0.140338335644404,-0.0295982429234206,-0.140870346530242,-0.0361765673872914,0.0315052630713347,-0.0378266005664239,-0.0962136903448298,-0.00626814915886752,-0.0458720527434575,-0.00247817487798648,-0.0753323667518304,-0.0226232596457039,-0.118915007534858,0.0112287973661506,-0.28043496914146,-0.0703350873147751,-0.219867622975972,-0.174103423287664,0.114258554152231,-0.114978154285164,-0.0936310746892289,-0.259856797413843,0.0487855169921932,-0.0776359280831154,0.136525397002632,0.0266647147912086,0.144985268822876,0.148439319554991,-0.114794694852344,-0.158517079345304,-0.207646557880919,-0.115724803411371,-0.0769234463403962,-0.0959521705292228,-0.125911160249922,-0.109762072053111,0.24355869446261,-0.177518027878318,-0.221633665585611,-0.0917335065000237,-0.119610971098597,0.0840982111886147,0.118766229335658,0.257189303410787,0.0523696065320362,0.0325497422000693,-0.0658808661466255,0.0425745842773296,0.13104692008657,0.154140233509817,0.028209696664115,0.156505036998116,0.256779126416886,0.171388573937875,-0.0573951740911066,-0.0954382065536197,-0.12437694003645,0.0643090713350581,-0.082420309534187,0.0535034193673307,-0.103120789490348,0.00222891093804748,-0.202981696197558,-0.0763841841931865,-0.122394965119867,0.239273338734659,0.00250949341623793,0.0959520623065782,0.0343185452609616,0.11857143262141,-0.21550067424743,-0.242409765751742,-0.164081677308036,-0.292028233680416,0.154227378047318,-0.0182966862257518,-0.408272041359792,-0.330170084866394,-0.210520852876294,-0.183121844463707,-0.0426454745715197,-0.129854282138417
"曾祖父-曾孙子",0.0775500921363996,0.0125661560233676,-0.068865713969064,-0.181336003404979,-0.234612234985872,0.159394654641524,0.0187682994014811,-0.161580953415928,-0.00674968445010853,0.458995450898262,0.533242565154412,0.41039400269725,0.33143869264947,0.366655342160397,0.239292678851941,0.446762985580778,0.284657451323942,1,0.584970356576229,0.425285229221095,0.278176552956765,0.432851224291221,0.188316427722384,0.110426873569132,-0.00488877259856651,0.335372533885635,-0.00530630776949221,0.0659509773213315,-0.151243007168557,-0.199221447541642,0.131155542757459,0.163061114321886,0.00820468726883268,-0.170596073740782,-0.0307720816010296,0.0883990818160151,0.235295361228425,-0.0129713427857891,-0.00739394371467265,-0.108052770576145,0.0268062400584224,-0.313368193248147,-0.161998277723764,-0.422355347601543,-0.212713388438923,-0.111411697724359,0.131002919423534,-0.251230203795803,-0.292971219981805,-0.189073261588891,0.0598629346497381,-0.276642417934493,-0.204753506761851,-0.0688392533888205,-0.0560321325379866,0.105128410135798,-0.321398242426367,-0.234678935691361,0.0300144044509934,-0.362066960807578,-0.169098114741195,-0.165513469051773,-0.339043544221365,-0.220032632532702,-0.201919521751416,-0.189495055182317,0.214804303973274,0.186516323946592,0.0424759866990208,0.0441427095706909,-0.0332684209110641,0.00834137760309461,0.11495792329861,0.204163767295801,-0.297668693478251,-0.233608830855108,-0.34034886029813,-0.0534332014106178,-0.0192994493319178,-0.268389249933075,0.0732567207785818,-0.154321689371989,0.342419475583652,0.226916955904804,0.00482974164245698,0.063995210828796,0.0508294336925511,0.30915621155367,0.20669771875199,0.175901205103183,0.31060237370168,0.0210162795237099,0.208806640392025,-0.231073750051062,-0.124031448326862,0.207876686025255,0.254209129640176,-0.125117701919186,0.0545692784233981,-0.0131599182245416,0.199360132351712,0.0514130077268066,0.0737164468487178,-0.196142127595482,-0.0800944076804559,-0.176678399526383,-0.122981885291255,-0.248531165399883,-0.0233201136573985,-0.0538154998672952,0.000976907779638097,-0.115772445094819,0.211749733816738,0.215930563904351,0.0460612879230598,-0.0687758781855745,-0.290400269398907,-0.216730911330454,0.167770993437211,0.109187198844364,0.0690177287311716,-0.0693796762866221,0.0743831178906993,0.0285866643957927,0.0912696748038341,0.0303345487666286,-0.0393068986813412,0.0133270505285189,-0.0765146001821417,-0.184122410148195,-0.21049424017958,-0.356767442650919,-0.408751062006066,-0.364631888391926,-0.122075321053682,-0.174117632904404,-0.313437918430791,-0.294946378910588,-0.0663225355520139,-0.252990028030656,-0.0392433431676823,0.00242036890809192
"曾祖父-曾孙女",0.0946639596846516,0.0962429056848044,-0.0102911902044327,-0.0244657133480099,0.0200626361409304,0.0993522034489581,0.0420953700597306,-0.1365608139288,-0.0253631858286186,0.271633529838476,0.44081213521421,0.344737668098898,0.445622143293042,0.243422378301243,0.373961783871703,0.381085411194841,0.533606983535191,0.584970356576229,1,0.381309676601795,0.329301028147522,0.17979099657267,0.245539200090284,0.0291071467648449,0.146972205757541,0.25653959233688,-0.0793574327068223,0.000944758766836192,-0.0394376711195215,-0.066434139271834,0.0387423522808569,-0.01918524984545,-0.103823387865275,-0.0354669320101446,-0.00100527601734958,-0.00142941902087416,0.0394179477104009,0.0398379104769926,-0.115931593408351,-0.0260946115329889,-0.0426196399140571,-0.0799770163323551,-0.0668246652006602,-0.170166184772469,-0.270878447007554,-0.00460124914522584,0.0165420124706255,-0.188161021398265,-0.141233254180118,-0.0970158659167206,0.037234942920573,-0.255865648489523,-0.10778016100762,-0.0865487028568446,-0.187144676416798,0.125980237869282,-0.150657543528437,-0.166132276667032,-0.0768985103480636,-0.23515507055242,-0.096886429629271,-0.0333770332046076,-0.182220968942829,-0.138403257674324,-0.0407543023339146,-0.0644488670052999,0.0266491258142498,0.0703959190654591,-0.0750859203766855,-0.0428497449791888,-0.0736106485443693,-0.0148000251250488,0.0176529310864924,0.0898309773809025,-0.286465024291007,-0.257871639384345,-0.360252107948247,-0.0848131508137575,0.00386307632980402,-0.238960461083238,0.0121216437704775,-0.178766667299123,0.108898050778352,0.127920681037654,0.136022001703051,0.066987226920399,0.157002358593038,0.208486181225363,-0.0245045548914091,0.0019085220287138,0.0920602175634291,0.0232492959009001,0.0720076099183136,-0.153774112352176,-0.172007330027317,0.0964834783592907,0.308316814280674,-0.192618603029653,-0.0486259679028722,-0.0772939154233901,-0.0339680075437712,0.257542161908817,0.138968556019331,0.0877163772802933,-0.027292266110535,-0.000583612841934437,-0.0437860170428617,-0.0423890520548997,0.0814816796886021,0.105364893983203,0.0403853822141669,0.0839721174370031,0.187558376195932,0.185814115949621,0.00819961441411825,-0.0334186065542233,-0.132464042647585,-0.0920010392735553,-0.0807951495832348,-0.0118416561498714,-0.0920962824343743,-0.147246323505754,-0.107228560975086,-0.111597889154417,-0.125989102692447,0.0130832795933585,-0.00141163853532199,0.00190820641274612,-0.00526251193748504,-0.0681704803587396,-0.267233514398567,-0.371995855074871,-0.300930439210537,-0.324619437199295,-0.0533442765875934,-0.227498001535989,-0.375287994864394,-0.304564822981383,-0.0899805095805386,-0.200676720270745,-0.0497379447231059,-0.114499868352074
"曾祖母-曾孙子",-0.192666295303482,-0.0544016563892752,-0.146491547069148,-0.0460124255742759,-0.0581240435306581,-0.0261648327812447,-0.0903806763289015,-0.198645341329474,-0.0548439508716857,0.18494294306779,0.333332236346058,0.341356598371619,0.375037699139768,0.370586690582562,0.200476453227374,0.393507598070929,0.5416344749292,0.425285229221095,0.381309676601795,1,0.370174948862125,0.17666759908435,0.254913335719419,0.257708954811476,0.32186088738602,0.0622256577228731,-0.116315968010621,-0.0213309062679132,-0.047521176254191,-0.00985412510699912,0.0665117079949936,-0.0395983083007685,-0.0115397732941766,-0.0735772060413531,0.0941982692357084,-0.0356482856209076,0.152610885902131,0.0475504559106452,0.0672125458842143,-0.0668907361566329,-0.0407274014878071,-0.0184612974048269,-0.123429941700034,-0.129203798726295,-0.174150370051305,0.0781940359981371,-0.121146148721568,-0.123494955728183,-0.112274162193732,-0.143474921380492,-0.160734399421471,-0.23805577013359,-0.212501266770965,-0.223105737155009,-0.092807790078932,0.0750508873121449,0.0557596697393511,0.0293867356358091,-0.0389096371436544,-0.073640865234877,-0.112710711467326,-0.0678762326654747,-0.00939512835624819,-0.132715249025237,0.00509720498203409,-0.00015800227406802,0.107659436516629,0.163277981987016,0.00399792734266136,0.0879159198865944,-0.0172033128175498,0.110963283044381,-0.126077053781534,0.0776515542980804,-0.309414610157756,-0.203357376566564,-0.376858487888465,-0.216000441240283,-0.0170904069710133,-0.136602913170664,-0.00436572878836227,-0.195773422604835,0.137738759194043,0.179038096879975,0.274438020915136,0.285711633068189,0.204333810905257,0.360165807951022,-0.00712142143277667,0.0406694460319282,-0.169697877562919,-0.172287368970352,-0.0521180854560041,-0.228059461548899,-0.253622211592742,-0.000775611636081401,0.214341767357862,0.0505614703647645,-0.189705956528883,0.117192214410551,-0.173544849019503,0.130755241672748,0.00947719851003679,0.0984443854836104,0.0507254710122311,0.103457030844268,0.148029794560066,0.053256829217917,0.2800352449582,0.121910137157147,-0.0849941758227084,0.0166821480579487,0.225176227998044,0.220816500402718,-0.101025393549833,-0.262097864826276,-0.366224206837696,-0.234474817030535,-0.0612488464319243,-0.0871653244503318,-0.163005395006182,-0.0915449681066151,-0.100584105152161,-0.147542997265999,-0.0356213206866036,0.0478577776126941,-0.0159318511401065,0.0547128345883607,0.0280227523836974,-0.1298838404349,-0.192972359820355,-0.255331987261091,-0.298740480945445,-0.334973051308743,-0.0726294142867415,-0.121542262639992,-0.264228136054401,-0.149917755867962,-0.0858079163915604,-0.226921725618455,0.0566517235322094,-0.068968849182961
"曾祖母-曾孙女",0.0914736291778077,0.108882696216571,0.12154113205396,0.0701237285965664,0.00285889506717213,-0.150265333353827,-0.052930340939046,-0.0106984493343933,0.0379703894861679,0.131992957240462,0.446005950817964,0.28010841484663,0.238190569408777,0.195469703278394,0.200314287889096,0.290155934702606,0.288813120914647,0.278176552956765,0.329301028147522,0.370174948862125,1,0.591416295331627,0.525977205381669,0.329250501214514,0.270708492100797,0.452732026703007,0.0570639998681874,-0.0850951044870765,-0.0982405635702436,0.0760846961236223,0.194927129452691,-0.0404400202203155,-0.155251964441637,-0.211122272825609,-0.0688290617570658,0.148955272578636,0.111746393437367,-0.011678640728828,-0.117615760205598,-0.0920468759357493,-0.193613112490463,-0.158042446712787,-0.160507943652914,-0.0334805498467529,-0.0304799971414132,0.0633393362582062,-0.132263164816789,-0.128331013436329,-0.0942945594504693,-0.0396385307136494,0.101997404027575,-0.138411856775791,0.0517721693791204,0.0554943921652081,-0.171393187135207,-0.0134149768894768,-0.0541284798088268,0.0182359361579048,-0.168449257197975,-0.137332927436377,0.0558239699385271,-0.118252557606935,-0.109089649976897,-0.119484713518834,-0.18696875750621,-0.0337331377736714,-0.0594890553100653,0.0283402201414748,-0.0651334075586181,0.0400864943665918,0.195415023966781,-0.0899775556128363,0.186157705556526,-0.0857198467271083,-0.0760739730845031,-0.228565147194426,-0.200226703263122,-0.0727889651113548,-0.0919205638425764,-0.205466796568586,-0.13543184440078,-0.0898510434778113,-0.0606092339227287,0.106792549844886,0.0390835195894532,0.222152371245159,0.080149378417447,-0.0966760731588408,-0.0214435870066279,-0.0686225476575645,0.0181775922664347,0.086925050853507,0.0240919367382373,-0.0841697248549516,-0.0402234686214802,0.304164016559873,0.0800508735037636,-0.117828386284484,-0.105941747211388,0.0225959921331429,0.0583867073190317,-0.0878996167335497,-0.0970693952862733,-0.0816832711376294,-0.0377664858371692,0.23344536843754,-0.0706626818047812,-0.138648411121521,-0.183360358477411,-0.0272773481255502,0.0455213236332585,-0.187165763246769,-0.0834486136240003,-0.171897294577515,-0.16572289646489,-0.0707060161869553,-0.0990202358885414,-0.0664701823857046,-0.0279474104318764,-0.105244564750411,-0.0238914684358899,-0.0916420378637571,-0.0515062019069733,-0.14794184098192,-0.0497539149536578,-0.0239397235145569,0.0124934559057629,0.0912705884595129,0.0600436349577326,0.00569144298308086,-0.0460174195609253,-0.120410054974484,-0.15018930009856,-0.106723439624681,-0.217648915071282,-0.2273596418164,-0.181924265914613,-0.315530086715466,-0.329759938449677,-0.263152748102354,-0.100552571850532,-0.184827635948429
"高祖父-玄孙",0.158099606928902,0.144345751906824,0.0753442977866578,-0.0450599555463643,-0.13728296029916,0.030187478669551,0.063258394352109,0.0459858553232274,0.10705891615746,0.37481479789316,0.431516774642579,0.202580269695513,0.0379017816653953,0.248526823435807,0.109715553358354,0.170221512605316,-0.000432169202024385,0.432851224291221,0.17979099657267,0.17666759908435,0.591416295331627,1,0.53576149198413,0.217373219164997,0.0696096902455276,0.515733010751172,-0.0375347628737713,-0.168659638476679,-0.235187151226979,-0.189190759921118,0.107680964503085,0.0192713031119461,-0.145833457758047,-0.317023459320981,-0.183466448522211,0.139960567367945,0.137430388565749,-0.167076462912369,-0.0741739951137236,-0.170038798068316,-0.104720717580829,-0.339662545364846,-0.206248526604942,-0.248481524524276,-0.0076552462972299,-0.0820302952697079,0.121018533843351,-0.142336882629864,-0.23894585011848,-0.0900845158747034,0.187491713670666,-0.119141909732046,-0.0154210498156661,0.0371728819395188,0.0995873763731441,0.0647094927652748,-0.22014700255702,-0.0374543475556763,0.0144244754913186,-0.230503908029194,-0.0449740667651688,-0.282711903608983,-0.289431528354953,-0.173158984495273,-0.339097066569885,-0.194757391985787,0.0105838955383483,0.0388156545240636,0.00467168261104374,0.0464857612417519,0.193873624343119,-0.129267180267192,0.216742069164481,-0.0300360193346245,-0.0448176992211983,-0.163710146865104,-0.131031069560769,0.0305299860457237,-0.0513356645538282,-0.130921482159587,-0.0551701091988369,-0.0600818561946904,0.152521944761862,0.206578852388766,-0.100434262517155,0.0948830778127661,-0.0290332295313768,0.0737132911358481,0.292806751827903,0.266407341881518,0.366603513972481,0.105322327414489,0.365067829260201,-0.00201276774330409,0.096421976261567,0.413466160207336,0.121264714997235,-0.0953007883501564,0.0388733432020322,0.0817407631126528,0.284676093799856,-0.176591143789678,-0.0909107354501816,-0.268382069781513,-0.187945504427475,-0.0720561556066007,-0.213268233634381,-0.387632445141218,-0.382903394121736,-0.201402726899907,-0.0441822783417862,-0.271253716245283,0.00857311981697354,-0.151027390195503,-0.0927611170245783,-0.0112532021218393,-0.0788848537402709,-0.0579129469547917,0.160344217543392,-0.068161590536641,0.118874751147611,-0.0508889853325845,0.0797256931714779,-0.00320903158981896,0.119569722120608,-0.0384072283175713,-0.0917153028052961,-0.0487286202843905,-0.0763845561081965,-0.142294384872982,0.0902711687558594,-0.0766909471809226,-0.250684158070738,-0.0805079546636472,-0.138457684331213,-0.215037627343597,-0.143327520014043,-0.289995137434407,-0.188196486510857,-0.185224045014385,-0.131691771351047,-0.0902849735981356
"高祖母-玄孙",0.116288402670777,0.05955249768083,0.115262499955503,0.138088511606664,0.0634976362906888,-0.180962542532579,-0.112822935174514,0.037224280469897,0.116558949609066,0.0655883248567319,0.401904575203001,0.284470721120262,0.358420832529485,0.102827657573999,0.262353138457297,0.154534985968269,0.234496931587308,0.188316427722384,0.245539200090284,0.254913335719419,0.525977205381669,0.53576149198413,1,0.189320776514847,0.404864929603213,0.333286368369771,-0.104594347252559,-0.0017199673829443,-0.195221235486865,0.108560814921169,-0.109902283725194,0.0330087719988504,-0.0403109963054979,-0.0844347172057548,-0.190885633199847,0.0577479524015587,0.0881792853320877,0.0668511050404091,-0.134642027228844,0.0388985626493783,-0.236346099814071,-0.161971690170953,-0.163787815474801,0.0804140836454093,-0.120445709177922,0.0331774184240682,-0.0429575326681445,-0.132777281515453,-0.0700571091732537,0.0649272473887792,-0.163552879865956,-0.0603211728023049,0.0661054427941589,0.0982265049197214,-0.0978515071143795,-0.191572784277932,-0.170092210282947,-0.0183979667463434,-0.396415069292848,-0.223968627148358,-0.254219520586731,-0.286612507986204,-0.211250022988578,-0.18352253124181,-0.250700312451162,0.0328689533357238,-0.0291933340450942,0.11974555858352,0.0939908374223143,0.102527268137903,0.129892800303309,-0.0338522208427712,0.12729959636717,0.0295076622949072,-0.0885348623828991,-0.136524580539076,-0.0794960469404059,0.0307655530409378,0.14579604513542,-0.0995271216030909,-0.0984491050049698,-0.272387520445568,-0.140510524257118,0.0268446738461141,-0.0127922203788707,0.0809709578235013,0.0928712272564036,-0.0177848771784395,-0.139413864696562,-0.089487669108804,0.0260236384138344,-0.0871962765071926,0.105292187469784,-0.0730131329513359,0.269388765022973,0.199107127294718,0.217048012941381,-0.0277695878510175,-0.0447441225203062,0.00781374239703427,-0.00776122217278297,0.134661218206388,-0.0146515552312404,0.0120499180934951,0.00495884466773635,-0.0308328708933451,-0.0500302650572821,-0.0870472180176413,-0.2217245108929,0.127182391360394,-0.175998828873451,-0.245537727984127,-0.0309091009494671,-0.0145437130981151,-0.231075231472576,-0.0315361160312274,-0.0458179580702992,0.22194582151054,-0.117907342968356,-0.0479442234394256,-0.115647991044791,0.0478579204780643,-0.0926797577406877,0.00416746505689819,0.0296423444907283,-0.045819450112999,-0.200798037175198,-0.160662492815083,-0.0682069145545351,0.00297379975265443,-0.171621147596609,0.0650391620928654,-0.0575483555500515,0.0129010717127953,-0.117250744424592,-0.0974696869537659,-0.0540749871489049,-0.195334734937915,-0.31096662576468,-0.0923847244589354,-0.252333269832991,-0.198169808036799
"外曾祖父-外曾孙",-0.343018014425438,-0.0751339114589719,-0.239096528861744,-0.0622721901989371,-0.224105166128967,-0.0678673654517342,-0.0510494953429922,-0.21520663516884,-0.123747236625832,0.0418478631096607,0.0783925430436014,0.0076669893369595,-0.154625442573228,0.447752764094957,0.0737894357636033,0.160315668469668,-0.0213863851018082,0.110426873569132,0.0291071467648449,0.257708954811476,0.329250501214514,0.217373219164997,0.189320776514847,1,0.515454787644408,0.0852587744625629,0.157829668884453,-0.0148142309461858,0.170522274389965,0.0911664455998871,0.232434367474131,-0.099561910505396,-0.120142953583249,-0.174653417953232,0.142574416932539,-0.09069003519569,0.0118980137966756,-0.0587341140430511,0.0813790466215325,-0.38798413998691,-0.180607801552338,-0.0216067007770831,-0.205987956900949,-0.0917608641172136,-0.103382830606386,-0.0485853866740429,-0.067460254952542,0.148112902219286,0.0587842068474499,-0.0733416810614811,-0.0236603769819364,-0.147791913249364,-0.118422768313742,-0.279766647618645,-0.0180818224026812,-0.0198540179691744,0.2503701065704,-0.0959901479992233,-0.137044239008914,-0.011986399828639,0.0299598029016893,0.0416089509229464,0.242668748812323,-0.0988165363759503,0.0952028737494792,0.261076366764699,0.0958817996757181,-0.0842253200480148,-0.138431061930736,-0.143085411936687,0.0580781490869245,0.113068882674663,-0.00273449252739842,-0.0386791462534137,-0.240060522222104,-0.225550145021343,-0.263329344533801,-0.314280344354019,-0.28866639687627,-0.0798661547718521,-0.186634771896109,-0.140657597521485,-0.0622167869564391,0.182523594594805,0.290322819911247,0.341451794240096,0.241953410556087,0.0988013103098238,-0.0731211466461675,0.0856898491542977,-0.085631831290607,0.0178110566790778,0.0970632051877866,0.0193255213358674,-0.312333319344937,0.456485379836464,0.227280080883197,0.227273942401022,-0.153502348066572,0.387814918578872,-0.144678392944621,0.17805880170234,0.140317151512621,0.246395816868558,0.179224089325757,0.414540958255126,0.508975094567555,0.278783693592001,0.345899917862512,0.196312657463691,-0.169338665840877,-0.214876188075573,-0.127050801522863,-0.104352772034904,-0.171177828386251,-0.135069243176035,-0.184790130580619,-0.249139097046114,-0.0583805929521186,-0.210639768192884,-0.219119825187862,-0.326825516625756,-0.0275577617163602,-0.296472989102225,-0.274799597585325,-0.120678673334621,-0.025833386737515,-0.00842145391298082,0.0526595033127737,-0.185250157287868,0.0807293634202513,-0.0566478556818258,0.0274291267506251,-0.198309505395776,-0.102810264716786,-0.030804309828589,0.214348722600797,0.114089211463724,1.67606008619581e-05,-0.131226289015198,0.145186966595173,-0.0500080640961155
"外曾祖母-外曾孙",-0.233092348912013,-0.0455884708967521,-0.123625247815426,0.0958938112916952,0.119255176576403,-0.100436364105683,-0.0384619558119608,-0.195999632672559,-0.0260865732324355,0.0142108842087567,0.00954189625939781,0.0765692868880295,0.142846421938629,0.184101019548402,0.229310398338893,0.13297162618322,0.245959290358426,-0.00488877259856651,0.146972205757541,0.32186088738602,0.270708492100797,0.0696096902455276,0.404864929603213,0.515454787644408,1,-0.081911638884426,-0.0329305946982487,0.0628347013579224,0.184103178010144,0.270228110193492,-0.0520814399322459,-0.0351200300928528,0.0658907463482278,0.2452541764917,0.0410568776404929,-0.224307480184603,-0.136770853228711,0.0650348597181659,-0.209030838304225,-0.20096519615577,-0.286823167481936,0.0671610211886532,-0.192862595759769,0.0169157275421714,-0.226227840361272,-0.157692464320003,-0.125081128438379,-0.0374300536375188,0.0170924105132353,0.00762793569722352,-0.347119873138424,-0.232076157164581,-0.146879214198137,-0.191765644244441,-0.265158120792013,-0.0699941058639276,0.204077900513384,0.121634687798172,-0.223418611248744,0.133485969647134,-0.134737952021224,0.0524937516488691,0.128363843601179,-0.158690958364936,0.152766174004603,0.171910324248888,0.0305992076511476,-0.0329043135680176,0.00814323629354235,0.0488567116449605,-0.241851199507379,0.0437279870417168,-0.252949403498749,-0.141183480023911,-0.314792996280784,-0.247400754012674,-0.335315929613668,-0.346288999535977,-0.14130530081885,-0.121241496244906,-0.11567418475695,-0.351990680101236,-0.133828551803343,0.0838164598573134,0.269301655975319,0.182474836728439,0.295506529340726,0.104122788950459,-0.245806036374082,-0.0428125340931125,-0.231758574924732,-0.30665332535295,-0.0710427203341818,-0.164482596645017,-0.118037015322702,0.0762615680786543,0.186034609269174,0.0716593096638599,-0.159681348502606,0.08403291037308,-0.335686952538074,0.152504182331396,0.165638388401416,0.346399695785411,0.13287867989289,0.291257450859526,0.565142349513048,0.471648363534072,0.480085789321988,0.552858683102876,-0.227990642778519,-0.019970549796072,0.0619906638647503,0.0465153294258401,0.011274249127214,-0.104441765946672,-0.0410245486897431,0.158634157085787,0.0166104368050741,-0.0438036193643144,-0.115609366604556,-0.11112052022628,-0.266633018409337,-0.250688357523212,-0.135598436654719,-0.149583628535514,-0.12281951203576,-0.222186905231252,0.0895069680612709,-0.124664510946901,-0.101935210056728,-0.0013055356015588,0.0831401029570543,-0.0849371120530588,-0.0735592835877089,0.0113339394170586,0.0582355518223715,0.0380399185332227,-0.00301294461077016,-0.0372623331529267,-0.0177025482603392,0.011409478162064
"祖先-后代",0.314451844157049,0.240476112843256,0.122922461342332,0.113386637609474,0.0165909143392594,0.181202925360716,0.0894845186565115,0.252472921032844,0.184920272497498,0.216472389177489,0.487896413991532,0.216552993548604,0.0325257424680388,0.310589693983516,0.229094464774832,0.309567252632719,-0.00663907413635071,0.335372533885635,0.25653959233688,0.0622256577228731,0.452732026703007,0.515733010751172,0.333286368369771,0.0852587744625629,-0.081911638884426,1,-0.044291027461799,-0.187029078230931,-0.277472183145283,-0.147413180495613,0.0662338161785508,-0.0872560182425463,-0.233464828739112,-0.427487628654832,-0.249647516624255,0.0779283557053718,0.0462062842429439,-0.162689644247741,-0.00155747542341101,-0.0129172763345212,-0.124789724059993,-0.42037707299789,-0.260115757477645,-0.221239331918615,-0.185435772562681,-0.102174960202889,0.180180115720918,-0.238203658933371,-0.315159667668473,-0.165265112696705,0.14618853932721,-0.180492339585867,0.0140792326045069,-0.0140660756667029,-0.106924854389764,-0.0220519551632095,-0.283934797890028,-0.2776088213777,-0.109899045577844,-0.331994170146983,-0.110337660479289,-0.354729732728688,-0.271355138284275,-0.235679569552045,-0.408359285555235,-0.0848059153527819,0.00328804790594626,0.192914029038076,-0.129241411132214,0.0852580454872285,0.129765629796997,-0.101717227679314,0.0962825623392781,-0.12534178394725,-0.0924045748302093,-0.313547175196185,-0.254044077353323,-0.0120635911130367,-0.00204725776975142,-0.181105770947334,0.0664789324874241,-0.132252018921372,0.184886709565168,0.255694966374811,-0.115993645647221,0.00107317914069396,-0.0842829258876133,-0.137935228668469,0.13448626383534,0.0966526025507149,0.290370243982899,0.00203989136664548,0.340743546149511,0.12063760887215,0.0917622813652307,0.37005481295433,0.0104250550490703,-0.161773112353537,-0.0640727375622449,0.00872049680110763,0.151586851495447,-0.0276093218679868,-0.160446155245469,-0.259426381277072,-0.156611647581422,0.0354613269306782,-0.221667348965455,-0.278723315970949,-0.379860796731634,-0.246384923223087,0.142386619295593,-0.119933865150676,-0.116543421858323,-0.0325840248476674,0.104339757415827,0.0907111730912975,-0.0729039824957555,-0.069026808146695,0.157720179432518,0.0668375574579143,0.186065311609745,0.112433147970158,0.355733909651125,0.0960336391366306,0.26875459395776,0.0550761388953275,-0.0497206788710455,0.0104979190183209,-0.0794426942847877,-0.0216605275069529,0.143832694552454,0.0141331786561483,-0.0963759568390498,0.0866810918644058,-0.0913624253395937,-0.151860681652271,-0.0784134434284301,-0.205462814212968,-0.221361942985054,-0.134187462533009,-0.0460360455129816,-0.110601707230886
"伯父-侄子",-0.28311247778877,0.0669086121034552,-0.121994785035833,0.00757838007801879,-0.178954222107646,-0.256024393911774,-0.208097958835308,-0.18383433082898,-0.290491296621802,-0.173189919365234,-0.174018305928709,-0.0021410156317805,-0.173148383141584,0.0574839131114244,-0.197978556354295,-0.269727142882446,-0.249122164258174,-0.00530630776949221,-0.0793574327068223,-0.116315968010621,0.0570639998681874,-0.0375347628737713,-0.104594347252559,0.157829668884453,-0.0329305946982487,-0.044291027461799,1,0.633336866380357,0.493807938609454,0.349170649397293,0.462239924496957,0.228358522995119,0.277745988943363,-0.0280154413782113,0.568674562721607,0.28341858009853,0.267371516665538,0.214950130314885,0.20877151087976,-0.0403662070138999,-0.101701414677801,0.106458733144446,0.0737223536459675,0.167580965121195,0.0594846690592708,-0.0896603203777837,-0.0408469542703224,0.229466279638336,0.374849826552661,0.158186398152032,-0.0289757966375789,0.0367176234103757,0.251189060458607,0.0050758572565426,-0.0407838987537469,-0.246981971284386,0.131697191774957,-0.10249386063655,-0.162305734575502,0.0833719747973854,-0.0270661504210618,-0.00402115371279327,0.184399106201611,-0.108701252315566,0.0495914618853713,-0.00339250480356714,-0.06743616657045,-0.148721707187767,0.0149774244977928,-0.193379146008801,0.114412152682093,0.0948083223890002,0.555294314315358,0.49090699511685,0.0648731392488618,0.143673490822776,0.0443605827529017,0.0284907186027242,-0.179202841478382,0.153848239104918,-0.194862907272115,0.121200860859456,-0.408964267666788,-0.0699488937136888,0.0486241511854241,0.250426469128709,-0.0518179480848227,-0.198047105986839,-0.192337257276267,-0.125807749690483,-0.0498258655729811,0.230101466309157,-0.0506920609016165,0.122428298773529,-0.243850523228747,0.181758290500122,-0.0814378858934525,0.146486646132668,-0.00715982968363386,0.358266554165267,-0.0870027457335846,-0.0548510138382827,0.0900589105654761,0.149204414764669,0.0455227196485758,0.0937797884321597,0.0848279171384423,0.078788536318677,-0.0390368874297363,-0.217713108868952,0.0469981895565003,0.0273003079800836,-0.260393654857175,-0.314001441869415,-0.123355981796496,-0.123081104351316,0.0263722307440137,-0.142844651061786,-0.238804923866472,-0.149920854091481,-0.144795377302902,-0.26791486786371,-0.0178950516418551,-0.0613895061673071,-0.239570320319329,-0.285497776259362,0.146371804127501,0.0883942657482097,0.050136702821522,-0.254708531614781,-0.0696811029359522,-0.153476851357992,0.186753856647649,0.0550038080555277,-0.095049055760423,-0.268783008785551,0.0433441283044312,-0.14437204452932,-0.107858666182817,-0.177612540579256,-0.184838968139218,-0.285433857285088
"伯父-侄女",-0.297341200836436,-0.124977391511476,-0.0962349870487968,-0.103301534253923,-0.110241745324486,-0.262816910362959,-0.202417156665839,-0.159990252338368,-0.233049014876198,-0.149248470640884,-0.0119702594637598,0.0769379921795591,0.0860003401700423,-0.00588460408947247,-0.0128973265762122,-0.165252043344223,-0.0375858030569885,0.0659509773213315,0.000944758766836192,-0.0213309062679132,-0.0850951044870765,-0.168659638476679,-0.0017199673829443,-0.0148142309461858,0.0628347013579224,-0.187029078230931,0.633336866380357,1,0.236694840424102,0.434128964366013,0.252463771665118,0.501722867688569,0.393948530975317,0.305007219453915,0.402112431808651,0.293620394746425,0.170501520821377,0.342230781790946,0.062146004750866,0.0971080000722845,-0.0229836713870998,0.0893172509710264,0.0376225340338451,0.131433852250014,-0.0148163813733562,0.0117424093971797,-0.0406620070659433,0.089909250640097,0.258778463179196,0.187648697827684,-0.246018446288659,0.0247077060485998,0.18852051371756,0.222075476434693,-0.133708034759369,-0.182356524705959,0.135162672703836,-0.0166630087896036,-0.225185809933949,0.106443109362697,-0.106821165898671,-0.0145771695556263,-0.00882406752060521,-0.0772097475939158,0.025843553364938,0.0119293666263834,-0.0387200311270157,-0.0620689822817974,0.0890555849193317,-0.0704894628554189,-0.0784340729572262,0.0358525987351197,0.412226140773435,0.610473863033248,-0.0470841882300686,0.0417988659264947,-0.00329090993363474,0.00115738540386173,-0.122921680961574,0.0740008609536382,-0.0411948172557986,-0.0103739367539543,-0.248509853496156,-0.0332685016809688,0.0169183599512785,0.076430445348972,0.0227717192558373,-0.00867239101955303,-0.232144610966364,-0.167893865790217,-0.0904331788711439,-0.00326597186039246,-0.0625031445947404,-0.0851276544089559,-0.00545975431787036,-0.131566418818554,-0.0121713918038378,-0.0443718681415583,0.0242040298046035,0.0656263946371624,-0.138351098982328,-0.0136915733079402,0.0230580248768808,0.00981266365438573,-0.0415680887214022,-0.131648454993039,0.068546114250183,0.163560540827137,-0.000197347666239923,-0.00949105174119928,-0.089670648136214,0.0134449610313102,-0.119242332556429,-0.0224081684713164,-0.0789467114723392,-0.198626606666352,-0.141967039026473,-0.0273230326001915,-0.165010818266573,-0.0100621770225961,-0.108064315484778,-0.0314886444324104,-0.124604202342811,0.0968441119093779,-0.070457695520576,-0.209921904096945,-0.0910542149847451,-0.12492850957663,-0.0952850484371683,-0.228407043255462,-0.29271518179493,-0.0409039209799804,0.122571170739233,-0.00796054636394301,-0.141709764024661,-0.126005012677621,-0.0305236055278957,-0.0276291877137099,-0.0607044678691714,-0.103236833790062,-0.21020306051365,-0.106901499463999
"伯母-侄子",-0.344061131902883,-0.0802268159363156,-0.238921620985713,0.0302292106236824,-0.113803129472463,-0.172678789085249,-0.154768978801155,-0.290382200516878,-0.282885072353949,-0.182706079729732,-0.392488194670566,-0.182022991512908,-0.105013215298725,-0.10546784254237,-0.28314921941516,-0.250844981656013,0.0074525383027646,-0.151243007168557,-0.0394376711195215,-0.047521176254191,-0.0982405635702436,-0.235187151226979,-0.195221235486865,0.170522274389965,0.184103178010144,-0.277472183145283,0.493807938609454,0.236694840424102,1,0.466009517170213,0.287058238996611,0.0471491446865343,0.245391718420745,0.384274598140942,0.444837379562625,0.0762582767171986,0.0949534523651321,0.137881182842449,0.0352831184218694,-0.205053939211716,-0.0792053377823281,0.312077928173135,0.0808238224496687,0.11753794273752,0.0981731207611461,-0.0351440847443858,-0.247663417841889,0.214426350820506,0.389203872680487,0.018180032258983,0.0441687084875213,0.0714170674494643,-0.0439331436325932,-0.314258763367471,0.0419502583061233,-0.0152806866492184,0.256378446170877,0.0867071238753392,0.0714520101416101,0.283127453470628,0.17351450444104,0.36904263400065,0.417663932951168,0.16272752064662,0.504660055321966,0.00659046240461685,-0.138921184634378,-0.3150255160759,-0.180261458055758,-0.298273179425489,-0.084629333005766,-0.0489520889611128,-0.000450473997046842,0.0044891781159783,-0.0418164202291239,0.0711104563778864,-0.0424139985942931,-0.261588286025112,-0.295574078317725,-0.0169452533921049,-0.10896689922442,0.273627680476855,-0.267621507206269,0.0265689359743393,0.34195055699789,0.300537995360223,0.215103746408341,-0.0141044046832398,-0.171322469559741,-0.0681742041446163,-0.2571605244415,0.131183399410086,-0.213409137536165,0.0265312566599862,-0.360129566833356,0.0348864010841155,-0.0358578789470727,0.0811407479570486,-0.200114817090116,0.27019866208052,-0.261302246035204,-0.0806610069638989,0.116684960454929,0.3537607814655,-0.0164233883081436,0.338604597796692,0.31430942861449,0.305917262448648,0.350026423262211,0.0878560071040317,0.0255044179236772,0.204046785928231,0.056268519877966,-0.168749956575077,-0.118287912425256,-0.269634654946224,-0.0726027705427778,-0.182695671548017,-0.304444292666995,-0.286107193070679,-0.275816261394339,-0.373277403187994,-0.264628684861762,-0.305042347942145,-0.380093888447592,-0.0106913736597714,0.333888828901163,0.234814405582023,0.33319319085584,-0.042378402755974,-0.0271530128177771,-0.145728228576651,0.141864872956725,-0.180897176795312,-0.0223930741963779,0.0104112801623909,0.0171533001830631,-0.10854617791651,0.0944908629236582,0.0635497066300024,0.192894313887363,-0.0233649593576885
"伯母-侄女",-0.307929429086142,-0.0942220958729165,-0.0972739382271474,0.103718312284649,0.117542197441227,-0.267922834224947,-0.075622911650941,-0.0262854951905458,-0.0263828730372845,-0.181197458097294,-0.182760062377735,-0.0458042695609412,0.00271536662500314,-0.0952699515721019,-0.123617454492059,-0.116702646660221,0.0790219663649317,-0.199221447541642,-0.066434139271834,-0.00985412510699912,0.0760846961236223,-0.189190759921118,0.108560814921169,0.0911664455998871,0.270228110193492,-0.147413180495613,0.349170649397293,0.434128964366013,0.466009517170213,1,0.102549148456388,0.274768793865058,0.252639301131885,0.444604761260101,0.295464666825583,0.230359112376102,0.0672487903146226,0.406046075324446,0.0127287346190385,-0.0543526593672054,-0.0584465506033462,0.322392263679347,0.124986887057702,0.317302040578734,0.187516785588311,0.0563794478659048,-0.21949909424506,0.160736672713087,0.386606628474053,0.19708862482604,-0.132892372013472,0.119656949651119,0.148549748044566,-0.00175745241802055,-0.149838665035119,-0.100783339634845,0.173726264552706,0.20994361659464,-0.116999768207455,0.279016743505717,0.0159669995834864,0.102912053290525,0.265457721934533,-0.048438462669549,0.1895590333039,0.0628530502441847,-0.191631800859935,-0.157894249394715,-0.0617698895043412,-0.0445537027280433,-0.0173154527066949,0.00450019510267995,0.0974254180178084,0.0985676270993647,0.0157976891709749,-0.036619138404426,-0.0575145918775254,-0.195138830862433,-0.226806914823868,-0.0710279535827855,-0.173360664314699,0.0405805172797683,-0.442623497803756,-0.0992696027322367,0.175897129674013,0.189551792379966,0.164791299072465,-0.125341210469998,-0.228856225131953,-0.235542816288804,-0.394169278267289,0.0438338025857274,-0.298372483706372,-0.049810335478666,-0.0953391083211225,-0.0909690102791554,-0.1267156136123,-0.0996697127848395,-0.335774248379913,0.00386308065560534,-0.253798629230435,0.041135260744741,-0.168575177883648,0.179866806163121,0.00342656508709414,0.259213197116481,0.229341730237171,0.243473539828883,0.135612197816005,0.104680164113561,-0.0580487880996413,0.0345708203484865,-0.0685473377383436,-0.0977604152376926,-0.150710869741828,-0.302475462048293,-0.0416694300821141,0.0987895849486613,-0.298435701858656,-0.286223661990882,-0.252055704165715,-0.161535908320052,-0.26836301408105,-0.182490303415115,-0.190186167999994,-0.134536482523689,0.0106466946428771,-0.0300302691984141,0.0522823712206127,-0.0241445830165044,-0.225135300981937,0.0260655782254702,0.0935786032232515,-0.0288710393264489,-0.156544190353277,-0.0670082484640182,-0.0600403049374647,-0.0634523895483299,-0.102658308171461,0.0132779394418303,-0.0453851188661381,-0.0870231429294238
"叔父-侄子",-0.270296895725315,-0.0677802004887429,-0.198443345000225,-0.27252733350802,-0.321159932840299,-0.0571247514232892,0.00562264621403752,-0.169609523407361,-0.128627914597425,0.0658454293281761,0.0434008671939028,-0.0537382820857613,-0.175024087437566,0.120640664582087,-0.196501756892429,-0.0643247183353259,-0.190619066320592,0.131155542757459,0.0387423522808569,0.0665117079949936,0.194927129452691,0.107680964503085,-0.109902283725194,0.232434367474131,-0.0520814399322459,0.0662338161785508,0.462239924496957,0.252463771665118,0.287058238996611,0.102549148456388,1,0.552754541263039,0.28833762896506,0.0232985287225189,0.469513848980401,0.16251351039049,0.190548092966449,-0.0253813666230096,-0.0135858701500598,-0.325583700544255,-0.142322412978936,-0.157851455179292,-0.164717940128993,-0.24649090707684,-0.0980144119051971,-0.135783122467941,-0.0696754662003785,-0.0505509075485391,0.108635960192544,-0.149472489064211,0.250815804883887,0.00967666483120854,0.0344250787657019,-0.0304061304720006,0.0867912802498035,0.22156118202415,0.30454435219165,0.0844912960637585,0.0242055801794093,0.126544159805667,0.253320960252446,0.178703068192854,0.224265182645188,0.00407151183319865,0.125845802399433,-0.147952562386717,-0.0713110645063911,-0.125087285313535,-0.113356250790642,-0.152729149544308,-0.0336876497478062,-0.0982306267558209,0.189007100859824,0.0797954454182062,-0.100308065060192,-0.110494301444423,-0.144273904842682,-0.0758305380494278,-0.29181559241199,-0.0634722424702339,0.1539366445183,0.235895277500517,0.0198759326994978,0.290413023097169,0.322987362931789,0.246434198067093,0.155060462064345,0.120445247373994,-0.0251537277666677,0.172006238412834,0.0191504887750103,0.142966819863251,-0.015199652525105,-0.0177134715083274,-0.312893557209901,0.19226678995667,-0.0540944546507031,-0.00297600326698405,-0.145454560242884,0.202562147590288,-0.1402713843854,-0.127570652595377,-0.153240054342339,-0.0859524213077646,-0.0366733963100392,0.324244641808979,0.257309698104421,0.133917180036442,0.125010752960735,-0.014800571866946,0.0191797754381282,-0.011159198026704,-0.0831053737824114,-0.103622294023251,-0.104078770546536,-0.287302164476258,-0.253545662973404,-0.42988858912325,-0.140586732184187,-0.183219033864863,-0.178647664790439,-0.38899325682078,-0.0485095788315511,-0.180502952740729,-0.252887375397097,-0.16831654251158,0.141937310198164,0.133325926105152,-0.0261224233376183,-0.122534688076528,-0.0326501119301802,-0.263399443089117,-0.101364853085955,-0.222896074899318,-0.318812346398154,-0.135451109104779,-0.0597516360226229,-0.0262047007692797,0.00955938284755086,-0.183094564969234,0.190415563141887,0.0734542339084581
"叔父-侄女",-0.194185955636249,-0.221912252392323,-0.0645806214644071,-0.337689881592375,-0.219406313943848,-0.0767189749841071,0.0307815835761913,-0.115779839254278,0.0282012857500847,0.0751899158401455,0.0672091518058591,0.0242088041183531,0.0150752426351329,-0.0356661200205165,-0.107629757374016,-0.0324231971955822,-0.150605128038936,0.163061114321886,-0.01918524984545,-0.0395983083007685,-0.0404400202203155,0.0192713031119461,0.0330087719988504,-0.099561910505396,-0.0351200300928528,-0.0872560182425463,0.228358522995119,0.501722867688569,0.0471491446865343,0.274768793865058,0.552754541263039,1,0.496308515374576,0.387611156100878,0.298685792585463,0.233686724779775,0.22340136111818,0.155767249808497,-0.16613140825895,-0.153704183244337,-0.0701556382429259,-0.158040455134679,-0.121709928546246,-0.207225216337361,-0.0813026390788667,-0.158948937109067,0.0708492301109248,-0.0841389388594763,0.0765677813175222,0.0144102598676818,-0.0749240407779262,0.0871130486593472,0.0490787627383199,0.285376322562195,0.0801566866498967,0.160302831854177,0.0999938593206077,0.189814585125418,-0.0261503383862589,0.0938435528723189,-0.0153728788301068,0.0247705291959568,-0.0607171594816391,-0.0844282122189764,-0.0532523937780085,-0.195137114080362,-0.001788987278616,-0.0601508196038031,0.077104635827515,-0.0233933890478557,-0.169205491348253,-0.0869944161388172,0.212279106886035,0.258698490013065,-0.0993852755838612,-0.0598991270057037,-0.029854838676973,0.113584017227199,-0.119924659183443,-0.038727718462766,0.266845899153095,0.0481302703542114,0.0170577086177602,0.149490352068317,0.0661900442629127,-0.0105271472820922,0.0750703085507434,0.187085212482704,-0.0242453685447822,0.0969749184334895,0.0983880108196237,0.0275264706351034,0.0814046940172961,-0.123792196644563,0.130616899001826,-0.0928304061509218,0.0676639371128888,-0.189039747102158,0.0282488051233779,-0.131107667512769,-0.0640487948849622,-0.0405191067785809,-0.199780266578976,-0.275991116100831,-0.0945836426134476,-0.0711118569486021,0.0895232675613835,0.0542132852902896,0.0192002477337357,0.112883150643627,-0.144632308601201,-0.138300017289699,0.0240885455131882,0.0983991689469884,-0.0426754430541048,-0.241490703716266,-0.203187635082985,-0.0865404989456403,-0.0363844914167282,-0.0440473339491451,-0.0581237864223038,-0.0980260707510943,-0.0916057647846601,0.0719829881932496,-0.0406264944385328,-0.254749690197834,-0.186114686922994,-0.230921977407539,-0.272071414603168,-0.144507869205772,-0.328040104145055,-0.122603001934079,-0.171585702951625,-0.179729773333471,-0.398095844502418,-0.083489770386286,-0.132423968056983,0.0131699824760157,0.0543436623249623,-0.0608396265180571,-0.0365541723186736,0.163438580908142
"叔母-侄子",-0.109331747755804,-0.223384633230595,-0.0334377136567288,-0.218445629521518,-0.192831808201024,-0.15797150883804,-0.0906008016999327,-0.121743845976976,-0.0820708365746657,-0.0574310869814392,-0.0762941871007438,-0.0129118343022499,-0.0203217187561852,-0.0978741390846632,-0.120186312778154,0.0152657259559162,-0.183148056037245,0.00820468726883268,-0.103823387865275,-0.0115397732941766,-0.155251964441637,-0.145833457758047,-0.0403109963054979,-0.120142953583249,0.0658907463482278,-0.233464828739112,0.277745988943363,0.393948530975317,0.245391718420745,0.252639301131885,0.28833762896506,0.496308515374576,1,0.403980569635017,0.477047798375876,0.239097022594242,0.263419081862102,0.187088375155643,-0.0421255581315668,0.00501989779384751,-0.010050632893371,-0.0605389291729555,-0.0971249093144011,-0.066166622365214,-0.0674624858622477,-0.209875671658049,-0.0281551351824887,-0.16159202105343,0.0319663551522668,-0.055461179064896,-0.149049265844165,-0.031384418440119,0.160770417030906,0.185620058954685,-0.0817919681298028,0.0833778183958495,0.194886246423291,0.197434019195404,0.0592589995428117,0.198146115794864,0.0421043960847037,0.121248594428525,0.204354365778912,-0.0398183361607453,0.0763448274778964,-0.176534600184148,0.149861890592087,0.0184217253000294,0.160537727348832,0.0601348600598061,-0.0922560461864113,0.0650958259029922,0.125005946917493,0.253085389134303,0.0498286712732977,-0.00799028298661336,-0.0452975252572921,0.170121950436466,-0.0185252782418847,-0.0246226716609436,0.219116939611553,0.188254092655757,0.0219031956364765,0.155182515133976,0.0593167329130452,-0.0447756602385698,-0.0300504101337902,0.0795037359663068,-0.152313329755175,-0.0914284413895146,-0.0370705535651427,-0.0538460144706082,-0.138635039148028,-0.289515845372648,-0.0806810109714901,-0.102747007468272,-0.0269283743282969,0.112400615326255,0.114889779061518,0.0862594999626699,-0.121999718297611,-0.0546535879624625,-0.157872913393753,-0.150363629595932,-0.0412144291742227,0.0121219662261594,0.259425014982492,0.168558706491231,0.164785889713658,0.12924903513173,-0.153263134282927,-0.0690437777090254,0.0518074244897443,0.123402188904315,0.0822645840343651,-0.235553681278992,-0.152017076537605,-0.178778601392813,-0.0772814050948195,-0.106426825192927,-0.133527254931391,-0.135965460408265,-0.225793885323209,-0.0889507529770058,-0.061994365490344,-0.33107572923278,-0.139307603310049,-0.250764957874801,-0.144533565662604,-0.160668114502811,-0.407903741726922,-0.155929894702625,-0.0759797020972348,-0.0798413938529818,-0.302352166891891,-0.144454151617277,0.0131697920593673,0.00555141015937888,0.126794234138884,-0.0867701840201874,-0.0683543297223855,0.0601891111208559
"叔母-侄女",-0.229782887197509,-0.254235639831396,-0.099415992159745,-0.101325880118885,0.082820872189605,-0.183506982584092,-0.107926185338573,-0.182592775573964,-0.0852874607995955,-0.140721908295551,-0.286808228188971,-0.150827786989081,0.123066094839235,-0.281348106400959,-0.117301185960609,-0.181793062503692,0.0995527715732487,-0.170596073740782,-0.0354669320101446,-0.0735772060413531,-0.211122272825609,-0.317023459320981,-0.0844347172057548,-0.174653417953232,0.2452541764917,-0.427487628654832,-0.0280154413782113,0.305007219453915,0.384274598140942,0.444604761260101,0.0232985287225189,0.387611156100878,0.403980569635017,1,0.247149446340573,0.0283151497786213,-0.0701732459528521,0.260341869239167,-0.249262381664896,-0.0475892022533052,0.0309048342269154,0.324116264439144,0.10712348720656,0.10597679021945,0.0978925614443993,0.0264113570046062,-0.0966832640310678,0.0818728554973474,0.236537510189979,0.155982919992798,-0.168266116961896,0.0502301245877757,0.0110672072148699,0.0738571956732148,-0.0974039527542545,0.153760924137281,0.263636247861225,0.341777511741743,0.0997901995180282,0.373684848148722,0.144133747876319,0.389313819110761,0.227806833685808,0.21281807059526,0.426511490650887,-0.0361986101186721,-0.146019436099232,-0.231938475910811,-0.0955842062516637,-0.113664430871658,-0.377053892891872,-0.179627241835722,-0.25725008252274,-0.0691528029394653,-0.0950262844386552,0.0288615124399887,0.0205016752495954,-0.151454549534305,-0.133567867626147,-0.134069137867335,0.124254542253453,0.103282247793743,-0.118378044082016,-0.0290748768762584,0.16811815177764,-0.0422967805397915,0.18776434942697,0.137552354221106,-0.191013903142239,-0.07530625290201,-0.162303179505353,-0.0627422731429016,-0.137426174205251,-0.117898729442466,0.0980571997242706,-0.357514052925931,-0.00137742685165703,-0.170861513412918,-0.0685732886678961,-0.207838132013673,-0.166971476064542,0.00731132653227522,-0.0130067522827303,0.0995917584114837,-0.0832822067844096,0.0303357060679067,0.23521567703837,0.309556455165364,0.382487681066882,0.372889674168624,-0.162626259738842,0.112049964314553,0.201565114136175,0.0775817166777987,0.0155938887773487,-0.223166959017033,-0.0678304031045201,0.132774057398107,-0.144005060980712,-0.126886136744446,-0.122492845200495,-0.0870227599613926,-0.422999412350053,-0.172362720362895,-0.168274801856381,-0.0547270172075481,-0.0248383031900278,-0.115372604883928,0.0423049106006756,0.0353683478933459,-0.368346104822393,-0.0507686995607875,-0.00692044493896233,-0.15295189331699,-0.173798885201245,0.100075683533535,-0.162809771369259,0.0374720029533629,0.0907916677093521,0.079410872050713,0.0998589990146936,0.229967545765384
"姑父-侄子",-0.476031891894808,-0.179364362766809,-0.35138231293311,-0.207347518398511,-0.305166025519094,-0.264948739341032,-0.210202160544054,-0.299855287970684,-0.291970047428318,-0.179041956771958,-0.227398136808216,-0.0891753846089529,-0.153073417251024,-0.0237004949288615,-0.325929208557529,-0.231380040361993,-0.223870675935462,-0.0307720816010296,-0.00100527601734958,0.0941982692357084,-0.0688290617570658,-0.183466448522211,-0.190885633199847,0.142574416932539,0.0410568776404929,-0.249647516624255,0.568674562721607,0.402112431808651,0.444837379562625,0.295464666825583,0.469513848980401,0.298685792585463,0.477047798375876,0.247149446340573,1,0.426410717741456,0.253907915754672,0.420450332786047,0.218719823120712,-0.121437753545643,0.0495927628130707,0.209319815585117,0.128566240751197,0.103754508196114,0.0387585102704476,-0.0303858903673036,-0.0845063555112196,0.180993665925917,0.306948165800364,0.0767754193598398,-0.0147831563257898,0.0695398734446939,0.253322475393516,0.0341121994703703,0.0726746877447741,0.0837029457597285,0.409537858405134,0.123262192695759,0.0339346191749927,0.22193811391515,0.16951429977809,0.25831664241949,0.407051584319084,0.0398354545193664,0.300310301515529,0.0552129314476802,-0.0504092168775618,-0.154171530075231,-0.0170246710498638,-0.224456215083845,-0.00261822133631043,0.170938051074674,0.152480846861447,0.265724799877052,0.00177950033913986,0.105907188141959,-0.000986027731094571,-0.000996038707917356,-0.150676703501313,0.116109765535268,0.00906029980414783,0.244400148027948,-0.251199322485052,0.0325513497956878,0.15862857128315,0.228739807235505,0.0301300042201499,0.119746566014877,-0.218227236608823,-0.0359717853812307,-0.14634653720703,0.209663878203177,-0.0518954546192433,-0.0150135138136412,-0.352624635788483,-0.0582557828835335,-0.0153586023706331,0.183850306551835,0.0474013164901211,0.315457847671077,-0.114010886068965,0.191016618929511,0.0257586524034284,0.114708862655787,0.0922092969226885,0.149534545215531,0.330222442016942,0.210930688470102,0.278772332554691,0.0128735097948691,-0.199206991165939,-0.0392877167653591,-0.130250854079387,-0.15063874573599,-0.0952206520608081,-0.276927933566179,-0.170722414607151,-0.217512617283944,-0.309286925493702,-0.367206521234761,-0.314167088711795,-0.424749664506802,-0.19677849563423,-0.271525310908957,-0.339312817561599,-0.325972588634798,0.0524934258579577,-0.0405195967748051,-0.0221457386693773,-0.293694425842461,-0.333558104075553,-0.277403568011651,-0.0990265757918453,-0.170924003965016,-0.29644145927821,-0.220922284439412,0.0273845437777951,0.0745595906499899,0.112826714313467,-0.105113348019685,0.00599897333360887,-0.108852868357742
"姑父-侄女",0.0903601169251102,-0.0630777749726967,0.0680086862745005,-0.036955934895832,-0.208248358942971,-0.197086131163984,-0.198888778112169,0.104336667660335,-0.0282084514729732,0.015201209926224,0.248240852906565,0.113833959438587,0.038670442936882,0.00827823801313664,0.0378378117448774,0.112627050604449,-0.23456639582899,0.0883990818160151,-0.00142941902087416,-0.0356482856209076,0.148955272578636,0.139960567367945,0.0577479524015587,-0.09069003519569,-0.224307480184603,0.0779283557053718,0.28341858009853,0.293620394746425,0.0762582767171986,0.230359112376102,0.16251351039049,0.233686724779775,0.239097022594242,0.0283151497786213,0.426410717741456,1,0.406938474745221,0.573917626461912,0.0812628588015106,0.281711635123973,0.208502170758359,-0.0488502479425603,0.140483187121761,0.030557280358697,0.328829139082989,0.111129929650255,-0.101284400882237,-0.109344504934057,0.0210485040592212,0.122439953004503,0.192176876006024,-0.103292326146989,0.336918637593178,0.362948621547994,-0.127526653853028,-0.122417174994452,-0.0644819209105932,-0.049807554254196,-0.049106758863106,-0.135638494984588,0.00969516009256758,-0.157756185391153,-0.226657511930976,-0.0964417053076267,-0.204567545764304,-0.0336200558783373,0.0656057783468688,0.152849791071272,0.134877934600706,0.194754578146687,0.295944988219565,0.0132250458301223,0.387874523852862,0.322800177051786,0.321146140400526,-0.0733421950102872,0.0180176269341796,0.272459570673497,0.0626363715803729,-0.0417285026747845,0.0277455305750644,0.302491266062364,-0.0584497044275919,-0.0457254731900098,-0.224771333710096,0.010545738966929,-0.269608651837264,-0.148877438905745,-0.163336057751151,-0.242900671875658,0.184271428735218,0.209725976457658,-0.0821235383959387,-0.255785416074542,0.11895218183277,-0.0391481295746158,-0.143372170857954,0.0640548452952883,0.237139308547576,0.0185810316061755,0.24380709452261,-0.10566581780335,-0.171684411282321,-0.361739671573574,-0.18684454158685,-0.183785376805768,-0.296698197788811,-0.357185875959826,-0.339148369257156,-0.355559708836816,0.00128701717780452,-0.226598539517418,-0.135543862869089,-0.107960846420776,-0.115606220088232,-0.130676329202805,-0.122702960072538,-0.133420428380626,-0.0237366261210959,-0.147714313527534,0.0423936286278082,0.0631715456710537,-0.0895335431475225,0.0231968909426608,0.132133413351913,-0.174232890055698,-0.116199233900901,-0.0655966762462076,-0.119462662103981,-0.174140298751499,-0.219726875057396,-0.17866564361849,-0.189278478208831,0.0708011315105801,-0.333467138198081,-0.251910448357924,-0.204617223474156,-0.279957915529119,-0.269766300638798,-0.21366314810826,-0.284262840375844,-0.101546194724785
"姑母-侄子",0.021367590861342,0.00270815272905534,0.0241944551536133,0.0299281933155829,-0.25543868591979,-0.0879744032284913,-0.177989448936066,-0.0602466426292067,-0.180501097686762,0.0946435876019229,0.32208668031872,0.322442353002811,0.21303059659777,0.0579816720823789,0.181623192993729,0.290114982818887,0.0358707580272181,0.235295361228425,0.0394179477104009,0.152610885902131,0.111746393437367,0.137430388565749,0.0881792853320877,0.0118980137966756,-0.136770853228711,0.0462062842429439,0.267371516665538,0.170501520821377,0.0949534523651321,0.0672487903146226,0.190548092966449,0.22340136111818,0.263419081862102,-0.0701732459528521,0.253907915754672,0.406938474745221,1,0.47490538952438,0.389465519592005,0.253850050963781,0.256596123209583,-0.0235254762975259,0.130248838099472,-0.0779809489615352,0.158473133209883,0.236354896399503,0.233331952387792,0.145235427397823,0.0199105590544988,0.150898926589091,-0.0127609196205316,-0.249609946284942,-0.0350430299850655,0.060461647039754,-0.0758041551104257,-0.133876204980883,-0.208351343570141,-0.169106923959859,-0.0189423408147924,-0.302971303515817,-0.343312940919878,-0.302831830583838,-0.391011323846585,-0.360728425151034,-0.355609541672011,0.0504185826669043,0.149834192917323,0.175469626871858,0.176200879725637,0.116915441894752,0.231470947351865,0.055992428804573,0.326306022244699,0.293782231643094,-0.00575844026325944,0.151800359279532,0.0803010183238088,0.378410368542589,0.263939614301675,0.173982925601938,0.0107686610334921,-0.0269957054643585,0.0487851955729565,-0.273532612195139,-0.417570960602063,-0.217519116466577,-0.4543486418888,-0.0265532171618504,-0.068746002847988,-0.0814563629685215,0.30576698147022,0.236126289301082,0.138511696443699,-0.0738000173349674,0.0280106457778788,0.123481943266181,0.163433486769551,0.135710155344892,0.169771231063806,0.196947215752154,0.300620974212311,0.0411524956678392,-0.0749384959466501,-0.162290464899235,-0.100881527070204,-0.326682130480004,-0.299231030937255,-0.429562752218393,-0.189652499953451,-0.289895751027831,-0.0989344485390122,-0.317613528414587,-0.0490287722443619,-0.0402736065337902,9.73721423720477e-05,-0.0549177230881282,-0.0943590294909748,-0.095153135567168,0.155406351548602,-0.0093577494182462,0.069820057768221,0.00741070864591326,0.119891699130855,0.069824990363278,0.0630547324449865,-0.0924005764999526,-0.164482265417549,-0.027825056283863,-0.170138416930861,-0.225038845963096,-0.155973613831617,-0.272029983413909,-0.381379856212582,-0.131091030045942,-0.162044667741069,-0.211923623729352,-0.345173982640446,-0.284615649402877,-0.333066892223459,-0.409149911195122,-0.319255587757844,-0.165333897156344
"姑母-侄女",-0.0675077950328625,-0.106286511324842,-0.0666965833869627,0.0888311504040299,-0.0474900711975992,-0.108236411146754,-0.200902128539911,-0.0030812950622657,-0.0627478757060877,-0.176613172514049,0.0905206292576735,0.0920095941634605,0.163877132060332,-0.121229045150209,0.157167454802857,0.0261168925549931,0.0421225820024826,-0.0129713427857891,0.0398379104769926,0.0475504559106452,-0.011678640728828,-0.167076462912369,0.0668511050404091,-0.0587341140430511,0.0650348597181659,-0.162689644247741,0.214950130314885,0.342230781790946,0.137881182842449,0.406046075324446,-0.0253813666230096,0.155767249808497,0.187088375155643,0.260341869239167,0.420450332786047,0.573917626461912,0.47490538952438,1,0.220702162681985,0.334480726784415,0.208673379210024,0.227991651102141,0.207404808821076,0.147927170517899,0.184388270278712,0.294446184097627,0.0221607064636007,0.126516074977012,0.146074370008019,0.27765423228712,-0.134211311017941,-0.188122554989011,0.154277431128476,0.171000755921783,-0.238015484702719,-0.180955470262784,0.0178947272195885,0.0232352193643422,-0.161130221000563,-0.112601228287327,-0.183770036847463,-0.0320531925788897,-0.171276541307182,-0.15401234212465,-0.0435545318459576,0.235155641623567,-0.0623884714268456,-0.00620623459538824,0.10815267981,0.0569927707642092,0.0757291040398844,0.095756074082375,0.107934773318556,0.255743979659039,0.0760950606480264,0.0153802331918753,0.0329136161731287,0.158313952276551,0.222405570678134,0.127071251916052,-0.0278928983002213,-0.0608006881034484,-0.162654707526414,-0.332932872116868,-0.28319876539965,-0.150531954093517,-0.297465373243791,-0.0370507505200162,-0.3152551184708,-0.272857034109132,0.0352984614790521,0.147868735016875,-0.089494526772889,-0.140682227993601,0.0281608656356032,-0.146463379336913,0.0281771658657636,0.125844003322887,0.144854607570878,0.0401627002615971,0.11115025822265,0.180435351483382,0.0380363047448713,-0.0152927058073839,-0.0380649150630075,-0.215356906539813,-0.140388167767579,-0.113967420228723,-0.0529557854240712,-0.0222607732613265,-0.19208735225129,-0.164804161177071,-0.142043027318359,-0.00581020411982629,-0.0246245596915185,0.00633957954099922,0.0257631190553083,0.120169480979111,-0.0442159801401457,-0.066243894681771,-0.00647722524454713,-0.0355213963850219,-0.0946246426793163,-0.125579488101308,-0.0154669569666586,-0.185646834977032,-0.151232210093841,-0.157237295097735,-0.118381853005101,-0.165664754187864,-0.323476822628158,-0.106405430248151,-0.162424571577984,-0.0334471863907651,-0.159618508943502,-0.108319390152922,-0.221955714331046,-0.10532109175809,-0.236298680605595,-0.202488813330602,-0.26198344134196,-0.0821182361274372
"舅父-外甥",-0.190840147970612,0.19187454182293,-0.117099374563795,0.10123696992294,-0.126933031396235,-0.113895788554667,-0.29446927013379,-0.0581406097580557,-0.324127966006006,-0.158781412650131,-0.0395774724791941,0.107180074126342,-0.0553586438752492,0.0832576781532813,-0.00858312701659799,-0.0682894475993273,-0.0726298866367182,-0.00739394371467265,-0.115931593408351,0.0672125458842143,-0.117615760205598,-0.0741739951137236,-0.134642027228844,0.0813790466215325,-0.209030838304225,-0.00155747542341101,0.20877151087976,0.062146004750866,0.0352831184218694,0.0127287346190385,-0.0135858701500598,-0.16613140825895,-0.0421255581315668,-0.249262381664896,0.218719823120712,0.0812628588015106,0.389465519592005,0.220702162681985,1,0.369593738782161,0.564633034434644,0.318397933786145,0.490284060610877,0.246239926845809,0.369521847891628,0.333377812459991,0.182518289096112,0.229925789098804,0.101804180012968,0.059023658185502,-0.0194422001515214,-0.0242238409717827,0.0979097187566172,-0.197325873777508,0.0482567165306411,-0.29259890503827,-0.0606417752666343,-0.392614117328032,0.117992455370189,-0.1149411092847,-0.165881455462198,-0.157808066914294,0.00842870074505091,-0.235572669413998,-0.0894783960690515,0.264390631350619,0.166025814022396,0.123619952124758,0.0834561705876009,-0.0961371549550873,0.458191181252369,0.427596124456085,0.125188027701877,0.238003406833186,0.0939549431193513,0.227019924268579,0.130705532007565,0.117902692258412,0.0658271016891302,0.411734225906234,-0.201509338796307,-0.00365216571142499,-0.179912329344899,-0.294149377411102,-0.262725293550475,-0.0788184174743322,-0.414562317700063,-0.185886358464576,-0.108807738541019,-0.0489688923234001,0.00221175169434103,0.26254361930017,0.136077762550152,0.2561428810993,-0.280779192174201,0.0574405305022547,0.0968483969556317,0.280435580241395,0.0244967491855756,0.330011119075705,0.398025813583866,0.228889943765847,0.087639231348822,0.103885601757306,0.166998028984695,-0.139169445592202,-0.146894177929005,-0.171522487577602,-0.147126349195811,-0.373206852606433,-0.0512614035568396,-0.0427100263926939,-0.257554698677127,-0.179101777965667,-0.0226501748604892,-0.07389624201024,-0.0324511061077595,-0.0730427491028252,-0.0469943041049606,-0.138619119667234,-0.10510543863549,-0.0912136657972037,0.298994992531413,0.0535568300508172,-0.0851407493909785,-0.0145976317484039,0.113207355633907,0.155442995656169,-0.109298160744095,-0.202671836227154,0.0148769819165008,-0.236222784613368,-0.0748889177547823,0.00155250216979651,0.027993598092089,-0.262369361380116,-0.0869469206620206,-0.0683261525525152,-0.191866311008397,-0.311028307691032,-0.250490757745938,-0.327688912663319
"舅父-外甥女",0.264125051401588,0.194977309177694,0.304516379747555,0.290816564485901,0.167867658994199,-0.0981473155767318,-0.29309289228171,0.163544049766616,-0.110906422997004,-0.234025777052696,0.170764019349244,0.246864063254854,0.264819464389451,-0.176029544446738,0.424241543957075,0.139242377304314,0.0452222442716855,-0.108052770576145,-0.0260946115329889,-0.0668907361566329,-0.0920468759357493,-0.170038798068316,0.0388985626493783,-0.38798413998691,-0.20096519615577,-0.0129172763345212,-0.0403662070138999,0.0971080000722845,-0.205053939211716,-0.0543526593672054,-0.325583700544255,-0.153704183244337,0.00501989779384751,-0.0475892022533052,-0.121437753545643,0.281711635123973,0.253850050963781,0.334480726784415,0.369593738782161,1,0.339070189975022,0.188101934887618,0.346149023643628,0.359165616452229,0.249420137683264,0.376638522568321,0.023204427635624,-0.134527182709428,-0.102184703748876,0.0975675016089999,-0.105640190939834,-0.148763058846769,0.200472174565136,0.210333591862997,-0.326582048435144,-0.464020018659044,-0.299407076576797,-0.293988937817941,-0.046467360150461,-0.101873932203336,-0.24831421949264,-0.238541950660852,-0.313548280922043,-0.177131832736655,-0.23146891839269,0.19509373914273,0.107432918840781,0.222952846958334,0.16351883593666,0.247265000127592,0.257071650057975,0.232113427119005,0.0869203362354462,0.194757713081314,0.172456079898971,0.032579284078647,0.0537382163809842,0.303154527240589,0.310514697647789,0.17140883061387,-0.0886854281887851,-0.0798616252281251,-0.0622521247841281,-0.353467633801771,-0.430255994413295,-0.317211589343646,-0.480297326268915,-0.357233054957618,-0.311906831948126,-0.363896427885504,0.11001708655647,0.0213305604242341,-0.160216108560527,-0.117784762333506,0.165585058422702,-0.263147216420682,-0.11500657590479,0.0435102832395631,0.228365619276767,-0.114185274345973,0.328403965028454,0.0653044576861591,0.00979560393760391,-0.136470694686477,0.0460008842621827,-0.370711413796846,-0.40223672675685,-0.224922592860025,-0.291140020137188,-0.228939666976712,0.149420162660393,0.0812712903151369,-0.0537626947398752,0.0440995056438906,0.110031721168639,0.109526939163381,0.184658095946994,0.216408301152648,0.0742064663757375,0.159396177126851,0.168384268099362,0.424234456448641,0.132015349308891,0.281111690571439,0.301772831121679,0.0267675905919087,-0.0375819386925174,-0.0232367521082977,-0.0676401384607484,0.038301183823211,-0.1621336980953,-0.0675421774938585,0.0195683638154908,0.289767076004343,0.0107868944266427,-0.211981062903551,-0.25357131126768,-0.193915261792218,-0.335987374424372,-0.169458799371161,-0.396366331089952,-0.203650947939687
"舅母-外甥",-0.0306593962726187,-0.00649011492884603,-0.0140801758872329,-0.0768669583827416,-0.0651712414682993,-0.0719104992930228,-0.224519783275509,-0.025803728249676,-0.176915324666179,-0.140923351075312,0.0041886026228598,-0.0136063452743618,0.0426785118445593,-0.103251571830058,-0.0464237186355581,0.0230258665608214,-0.0405344959481852,0.0268062400584224,-0.0426196399140571,-0.0407274014878071,-0.193613112490463,-0.104720717580829,-0.236346099814071,-0.180607801552338,-0.286823167481936,-0.124789724059993,-0.101701414677801,-0.0229836713870998,-0.0792053377823281,-0.0584465506033462,-0.142322412978936,-0.0701556382429259,-0.010050632893371,0.0309048342269154,0.0495927628130707,0.208502170758359,0.256596123209583,0.208673379210024,0.564633034434644,0.339070189975022,1,0.452852575459813,0.566416015120495,0.192899854176624,0.630032679319202,0.43736619989178,0.200165307341325,0.0384541690451563,0.0140190982147883,0.00417111040120811,0.1544251889707,-0.0468874036154419,0.00516811611083553,0.0155966490224074,-0.0994477468700655,-0.0438492224206985,-0.156063179450111,-0.229720466747379,0.273949827985154,-0.0447578149736013,-0.0186992727727532,-0.00316325893067854,-0.140015887444884,-0.0792160043448737,-0.0660055859594897,0.0697807552419524,0.163674275001911,0.129384617706387,0.105437598563055,0.0416400528300028,0.450672846396664,0.42650373884103,0.0467033798630919,0.226413927653049,0.272042417747356,0.19153753592749,0.175029707820704,0.213031459486495,0.141896990986417,0.172097521629473,-0.00315377077340111,0.172444936424052,0.0411439952464197,-0.242442709646388,-0.32828366809615,-0.238855827704491,-0.359548450138679,-0.111093154072949,-0.0781521227008676,-0.136105555817976,0.2133088936076,0.320855553370373,0.107414328224106,0.0107812135787629,-0.0387571174428466,-0.138505892289335,0.141307708474516,0.0974907195125899,0.24004839620875,0.0293704735174971,0.634860672047094,0.206319734587976,-0.0364922340891599,-0.162205930935418,-0.10031884625732,-0.300298521209609,-0.299235492705477,-0.331196158273943,-0.175021111945742,-0.383410230229756,-0.0494089812470347,-0.0310330704676396,-0.102259474038979,-0.0720414081882404,-0.0236392381248913,-0.0818676729817598,-0.0662125071207056,-0.119136312700026,0.0688369798231328,-0.0751919542500075,-0.00177239894648209,-0.0122156601264219,0.0448119860867353,-2.42970462221428e-05,-0.00708944630872572,0.0688990834877322,0.126599240996162,0.145230717144475,-0.0548520946498247,-0.110285172956023,-0.115215791729386,-0.247202251034138,-0.303586402273098,-0.115844189421115,-0.0775225575004975,-0.0844523915566167,-0.253987826163714,-0.155270030912695,-0.179151590955135,-0.290272914006371,-0.208003115943909,-0.0597103093392172
"舅母-外甥女",-0.319962302369693,0.0572114035844278,-0.0651316198126227,0.169644873974972,0.204038853768561,-0.278890134934542,-0.110936010657675,-0.168832511780388,-0.23721997091104,-0.324521554397362,-0.337378827515398,-0.159990715503807,0.0476975086643933,-0.212528467607327,-0.185395626390073,-0.2744888689062,0.152313604803228,-0.313368193248147,-0.0799770163323551,-0.0184612974048269,-0.158042446712787,-0.339662545364846,-0.161971690170953,-0.0216067007770831,0.0671610211886532,-0.42037707299789,0.106458733144446,0.0893172509710264,0.312077928173135,0.322392263679347,-0.157851455179292,-0.158040455134679,-0.0605389291729555,0.324116264439144,0.209319815585117,-0.0488502479425603,-0.0235254762975259,0.227991651102141,0.318397933786145,0.188101934887618,0.452852575459813,1,0.544029949757821,0.686787080375286,0.501296369577093,0.471369810191695,-0.158835078650054,0.334878185623158,0.429729293350937,0.114386019860395,-0.0460114303112955,0.170207276659717,0.0153297353525193,-0.22645589649673,-0.0789309603860444,-0.127044305701431,0.144725692068909,0.0430925949606491,0.0917966525282053,0.313141996437735,0.0608172640731248,0.236194591201902,0.291384105928264,0.146600069934281,0.352745075909255,0.119956106688731,-0.0768177813727659,-0.146171178143212,-0.125784001534536,-0.246524752725544,0.206440403440821,0.326863664178524,-0.0248519858117288,0.1043938852813,0.131920654984399,0.223929201284908,0.161269624142843,-0.171977007077859,-0.0814724783952652,0.0863324977605819,-0.266406943320045,0.109072202550696,-0.413344853178301,-0.344956749967784,0.0762795801727834,-0.0159201832635969,0.0208014904511217,-0.131149310836483,-0.296802222074384,-0.318259880146379,-0.333616270624045,0.284431703764222,-0.173432345606941,0.0687681106261221,-0.223299842138311,-0.234526828932589,0.0868578097884392,0.0946338816788641,-0.122160038733951,0.12659098069982,0.12644035285262,0.203781447611962,0.188109265985354,0.416022441930524,0.0984324374218049,0.0395873123281158,0.0952271617340251,0.163046209706894,0.211684625071075,-0.0608763021231192,-0.0487948213692492,0.177562778417082,-0.0702087264768425,-0.212180576512478,-0.303730451205072,-0.13648854147714,0.0771450734179881,0.0174857534551891,-0.200699008567832,-0.185234744997719,-0.193916607026696,-0.198298221443168,-0.239731604638653,-0.224511567470666,-0.327943966754135,-0.000466325493029456,0.233344962293728,0.170942785409054,0.123304273484009,-0.0675926832141333,-0.140674515134996,-0.123024450402741,0.0199352090810842,-0.159082488889467,-0.0149066540207745,-0.0515500983945741,-0.102529297949909,-0.0618452053675505,-0.0890724694180949,-0.128729350324463,-0.0658973076723696,-0.162383441337137
"姨父-外甥",-0.0624888819338203,0.222600261868524,0.0208228051614473,0.182202139515436,0.0952377546582734,-0.236876279275893,-0.276921736162878,-0.0464794141935442,-0.257622387849221,-0.211178565204468,-0.195881025681335,0.0179462262737882,0.0713368256946632,-0.218379340020386,-0.0765837273811803,-0.275354353831105,0.0561804664361195,-0.161998277723764,-0.0668246652006602,-0.123429941700034,-0.160507943652914,-0.206248526604942,-0.163787815474801,-0.205987956900949,-0.192862595759769,-0.260115757477645,0.0737223536459675,0.0376225340338451,0.0808238224496687,0.124986887057702,-0.164717940128993,-0.121709928546246,-0.0971249093144011,0.10712348720656,0.128566240751197,0.140483187121761,0.130248838099472,0.207404808821076,0.490284060610877,0.346149023643628,0.566416015120495,0.544029949757821,1,0.51653569014856,0.652120680299949,0.423325042469902,-0.0118801625927309,0.208712020016285,0.261438441480567,0.273308324921469,0.0354926804163755,0.0575741342898428,0.129566963330585,-0.0349954038672636,-0.0191509608217911,-0.271633517275267,-0.175297273244149,-0.220682529794915,-0.036288880998646,0.0380259636970303,-0.0846056631799452,-0.124733209690806,-0.00757557858679834,-0.0523003828935202,0.0362595077222169,0.122122275287175,-0.0423608090173004,0.0140052489278198,0.191909998013338,-0.035390074216882,0.304061897067059,0.277810380367312,0.100979280325948,0.185390054516565,0.265228601341052,0.286378214274097,0.228527377549244,0.126666550431339,0.0880250117958972,0.226650705740626,-0.284596860043019,0.132213727124032,-0.352863198608882,-0.428381982799766,-0.249463712091323,-0.164944317358921,-0.278883218772095,-0.259528808602459,-0.197194041369966,-0.223934333029934,-0.0921993640891971,0.247313486116383,-0.0502297212355888,0.165785615072344,-0.045915316427741,-0.283008329390673,0.0142957156882627,0.0683233956295166,0.0576957140678877,0.0265103409753976,0.367707024235124,0.127134588358417,0.142105513567654,0.169288297602789,0.235212882099954,-0.21089890595906,-0.227083241605346,-0.147415464080107,-0.144696333914489,-0.239784790898267,0.0557543147801664,0.136107692683883,-0.0956788363631633,-0.227243842962158,-0.171454685336213,0.0435186620602484,0.12984150369092,0.177066078286082,-0.146488225564168,-0.163616734536694,-0.0995919059144326,-0.0640662147646372,-0.0659327097123049,0.0354523537114406,-0.137579510438391,0.105889904274908,0.103811006115035,0.102140411303295,-0.0529210668899625,0.0499528553939879,-0.088683246076326,-0.222838518726786,-0.0101753872584312,-0.00472014465556646,0.0506565641524712,-0.125690733824704,-0.19471202080799,-0.205253559746365,-0.197640101368916,-0.175115215594567,-0.248587184477453,-0.21287900039323
"姨父-外甥女",-0.0771803807720928,0.330765415516409,0.219516527542124,0.435347265901076,0.392507358958957,-0.424204910310249,-0.210478471958749,0.0261390677572097,-0.23549863925399,-0.386034343821217,-0.207158432832186,-0.0401904541014403,0.0938258644879685,-0.153183498843818,-0.0536990332286509,-0.298750232446962,0.0793923604449306,-0.422355347601543,-0.170166184772469,-0.129203798726295,-0.0334805498467529,-0.248481524524276,0.0804140836454093,-0.0917608641172136,0.0169157275421714,-0.221239331918615,0.167580965121195,0.131433852250014,0.11753794273752,0.317302040578734,-0.24649090707684,-0.207225216337361,-0.066166622365214,0.10597679021945,0.103754508196114,0.030557280358697,-0.0779809489615352,0.147927170517899,0.246239926845809,0.359165616452229,0.192899854176624,0.686787080375286,0.51653569014856,1,0.407671222932066,0.393183061500218,-0.19812936094153,0.315973867338364,0.429426485867712,0.240860275324587,-0.167974930934404,0.248727030169087,0.245373060864182,-0.091241216373268,-0.129497736901979,-0.393706965348266,-0.00845705005896009,-0.0985372987235258,-0.24549729899781,0.152980161516746,-0.0793639174458482,-0.132204214171744,0.243924328291058,0.0310593740516547,0.08892543322979,0.20489638342328,-0.09378110610515,-0.0613377004543303,0.110066956692324,-0.0213074585539842,0.252071924025663,0.31144372914567,0.14289298649578,0.161229513300774,0.248174722931185,0.267041789071991,0.250347537949578,0.00261536133676901,0.0686227451480273,0.16291104152293,-0.393587018831051,0.00568322675876046,-0.60828816288467,-0.435808839757589,-0.075852349587468,-0.0463530316699004,-0.12255560361072,-0.443158542042963,-0.440129244678901,-0.525527472135288,-0.394772639725243,0.175225558054628,-0.215432021204204,0.190986813804223,-0.0524203665421299,-0.24630631491945,-0.136582273783078,0.0567798977755738,-0.126549728718141,0.12219600186761,0.0205399418197136,0.169960204206091,0.177051606906345,0.450668268849583,0.179872579954268,-0.0128307406146343,-0.0642812790174681,0.106832709339732,-0.0639564668148236,-0.187735638378773,0.0484087276970451,0.188782728427422,-0.152298959664794,-0.256164393044668,-0.308482117668384,0.0126887633900864,0.284747429402771,0.266255108989174,-0.274503149659032,-0.151763098623233,-0.239772767386268,-0.0305747167642284,-0.188172839074576,0.00580323107656016,-0.228855075130327,-0.0680614451756543,0.117211282722357,0.0836902815618095,0.0842313290932101,-0.00936801234564295,-0.0879358936379945,0.0249029957984917,0.263942032283438,0.180143421544881,0.0376246041063656,-0.196379485304643,0.0310492179054861,-0.113445814056053,-0.212339722363085,-0.0411748479291314,-0.278878150259646,-0.432379964717203
"姨母-外甥",-0.044194984500808,0.0671902581482603,0.0950210776245348,0.112002730278926,0.0546841776693904,-0.270849085260767,-0.235755474515895,0.096068353857995,-0.0629294489881187,-0.0803180000021995,-0.126026867444619,-0.0588795172875353,-0.0466858185550486,-0.182000698204813,-0.181306292578672,-0.157921122980606,-0.168327012076582,-0.212713388438923,-0.270878447007554,-0.174150370051305,-0.0304799971414132,-0.0076552462972299,-0.120445709177922,-0.103382830606386,-0.226227840361272,-0.185435772562681,0.0594846690592708,-0.0148163813733562,0.0981731207611461,0.187516785588311,-0.0980144119051971,-0.0813026390788667,-0.0674624858622477,0.0978925614443993,0.0387585102704476,0.328829139082989,0.158473133209883,0.184388270278712,0.369521847891628,0.249420137683264,0.630032679319202,0.501296369577093,0.652120680299949,0.407671222932066,1,0.428232439035642,-0.0891690889844634,0.0857611826965516,0.207431994860079,0.167936045987035,0.193044973413869,0.0355120439900164,0.0912142437522255,0.131520885359129,-0.0710701474457872,-0.174132418281121,-0.0988630378421761,-0.0389674724836129,0.168682500182538,0.121718331755896,0.0965874709153264,-0.0487332299474508,-0.0285112127643908,0.0263666011632461,-0.0359785322145961,0.0387622115671935,0.0374963282138674,0.0774472161789013,0.123073388826953,0.0738235847201894,0.39074630241815,0.136409040223549,0.120205766639343,0.0753857636065197,0.401237393085271,0.132292862191864,0.222040601401964,0.0571008346080678,-0.053769427141403,0.0134301513736866,-0.245043682814244,0.347615779060818,-0.266736704776654,-0.266218833288759,-0.226078418558236,-0.104119707164592,-0.253299189013779,-0.264105934171347,-0.0719714263874457,-0.192431282457279,-0.0199096294450672,0.329054443827773,-0.136093125407901,-0.0235662360593191,0.0646960279602894,-0.182886639176561,-0.102621255537059,0.0586685520114053,0.0465182148954174,-0.0148946031654462,0.443706082491779,-0.032713089210595,-0.101583564285331,-0.128332166922637,-0.0862946757234519,-0.200638527912009,-0.292588481422773,-0.284257053025327,-0.239371835456121,-0.313579724072047,0.0607185773489604,-0.0338570948515773,-0.0867682420891938,-0.230804852483159,-0.299572213102325,-0.0986969586514884,0.0157379973896867,-0.0147309562081039,-0.00486995713583085,-0.129507342619276,0.0161407876990259,0.012795837458435,-0.0847307013859924,0.00520435400881572,-0.0172982275559529,0.0259380694400731,0.202997673943382,0.207810846449311,0.046858856110459,-0.023594016625749,-0.0241378915480068,-0.0626551319939647,-0.131185305363572,0.0147281914929641,-0.152562926777251,-0.0982183749784965,-0.188175792706811,-0.209505080759751,-0.273992005132228,-0.195734747494622,-0.20737775211742,-0.0556636555263689
"姨母-外甥女",-0.09501569740604,-0.0396557603664075,-0.124417591396391,0.0651399561757368,0.0490093609326654,-0.136716408171603,-0.199758483110426,-0.055923759489237,-0.15986256269432,-0.223180920385094,0.0737990561080771,0.0369127524713803,0.176146794888591,-0.139932372217915,-2.28021525545413e-05,-0.0299446627630069,0.208355442204231,-0.111411697724359,-0.00460124914522584,0.0781940359981371,0.0633393362582062,-0.0820302952697079,0.0331774184240682,-0.0485853866740429,-0.157692464320003,-0.102174960202889,-0.0896603203777837,0.0117424093971797,-0.0351440847443858,0.0563794478659048,-0.135783122467941,-0.158948937109067,-0.209875671658049,0.0264113570046062,-0.0303858903673036,0.111129929650255,0.236354896399503,0.294446184097627,0.333377812459991,0.376638522568321,0.43736619989178,0.471369810191695,0.423325042469902,0.393183061500218,0.428232439035642,1,-0.0848805041641782,0.164063764158473,0.137095093500064,0.121362288066459,-0.0384986513133426,-0.0226320414742533,-0.0623546868444533,0.00645771011170104,-0.0810179548384995,-0.0654097173749899,-0.0767066441464448,-0.109264881439128,-0.0603865404966445,-0.0897804899631483,-0.00713537776605285,0.0699074556328087,-0.0500899906880452,0.0826583841482375,0.0867841345429984,0.258672129452001,-0.148779134621898,-0.0165166696819847,-0.0544652078596934,-0.0470520356421098,0.305085013520248,0.167570067300874,-0.0170910465010685,0.0353376334422306,0.0484625476774254,0.0883161234763491,0.182711656266611,0.0246212681023,0.140756660036743,0.0149988708709057,-0.126303742106801,0.052302150851935,-0.128811092457531,-0.336594882380618,-0.208389480134321,-0.0442214655417714,-0.119861069465392,-0.0545778330698122,-0.214438260000287,-0.179326286579893,0.0667394975531865,0.312120649876191,0.0602377882497292,0.0511091913871429,0.071293757491716,-0.132934335821478,0.201727992921938,-0.0124604219009154,0.0642451747036912,0.0610508489682369,0.368654853179663,0.255783679235992,-0.0211895438143035,-0.00702068656059012,-0.0216653610695806,-0.120326484168976,-0.261506425498737,-0.177787362381266,-0.160667164154297,-0.21758850431368,-0.019497875747703,-0.032225002782286,-0.00750242833313868,-0.103964703762594,-0.31741701907047,-0.00456361102985111,-0.0370124561709717,0.0198947116396167,-0.040999053484612,-0.0801261669918656,0.0558360128320512,0.0787269665496667,-0.0584305347633437,-0.0543546876545642,-0.0317579487503659,0.263242813110602,0.0684904147449966,0.207247779615852,0.0357190037882405,0.104098937807841,-0.17872476029375,-0.017339369117292,-0.227722540883858,-0.166776737998773,-0.0576023638934118,0.0683324150373559,-0.268999780090099,-0.125451113546607,-0.300784182222392,-0.181703437695326,-0.087976218634189,-0.0955038368075624
"堂兄-堂弟",0.058002660590363,0.0244177912335035,-0.0273927788324648,-0.141987132157899,-0.126953882183015,0.253002818123478,0.0124250774616096,-0.0397109334708571,-0.0400914332062539,0.062411694775128,0.085470348874526,0.0137406628632392,-0.0860272780804187,0.117224909792327,0.13001137652956,0.083435554716244,-0.127076709010003,0.131002919423534,0.0165420124706255,-0.121146148721568,-0.132263164816789,0.121018533843351,-0.0429575326681445,-0.067460254952542,-0.125081128438379,0.180180115720918,-0.0408469542703224,-0.0406620070659433,-0.247663417841889,-0.21949909424506,-0.0696754662003785,0.0708492301109248,-0.0281551351824887,-0.0966832640310678,-0.0845063555112196,-0.101284400882237,0.233331952387792,0.0221607064636007,0.182518289096112,0.023204427635624,0.200165307341325,-0.158835078650054,-0.0118801625927309,-0.19812936094153,-0.0891690889844634,-0.0848805041641782,1,0.257523390752999,-0.000465729592027715,0.202629504046008,0.0669287516452067,-0.0611855505333036,-0.0294323767875403,0.0604198659795613,0.0424019772591917,0.0383822168782893,-0.213908286022273,-0.199816441698235,0.123991290032726,-0.224804322953885,-0.253901386030553,-0.215685525414388,-0.273660932612135,-0.21831535879933,-0.323480481117051,0.117278104791581,0.159459308919059,0.0302945084205805,0.084484694641146,-0.0368777034588011,-0.0924540260142698,0.0232575964482096,0.0680914680034515,0.0574417625956629,-0.0343586691773809,0.177794881976736,0.0560728344650322,0.275280347162561,0.161186072644729,0.257513469847238,0.123937343736264,-0.180297665184646,0.104710911017694,-0.138117138509859,-0.37275627128475,-0.305808405627138,-0.367248647825691,-0.0669604213737797,0.256825828692802,0.235593915911749,0.51852036855891,0.147085819267742,0.460260378598242,0.295968079135927,0.151565290515337,0.251688239697078,0.223163761028126,0.213196107077384,0.289243864650036,0.036287941391827,0.276879074746429,0.134177624994802,-0.0046795418634145,-0.146899628889175,-0.160725501557654,-0.393959842067885,-0.220574272672637,-0.231262126218373,-0.157692250213877,-0.148586086918794,-0.211095890790501,-0.230675927089194,-0.231231691983811,-0.053502432570822,0.351434386116843,0.16838942971512,0.0987710345513754,0.0848746517809635,0.206826893531142,0.0300866804264563,0.0773575465965602,-0.0731316697754276,0.287222723859356,0.0810071526619495,0.0643135863193271,-0.185581431455347,-0.173828173723427,-0.233761491427966,-0.26057666520064,-0.258157423380922,0.134990575557246,-0.0729240345381657,-0.0663732750530876,-0.00733174732578653,0.0529188322280511,-0.138333630999313,-0.0702682370994234,0.0109576546225095,0.0298390036785001,-0.173016252569691,-0.145730380467196,0.00352758555409937
"堂兄-堂妹",-0.286751963158704,0.0314043846277817,-0.14914442896168,0.104728025612105,-0.069495264581863,-0.144462620297239,0.00735917376560722,-0.216951269833106,-0.320642379842725,-0.270849528874513,-0.297724418760584,-0.167684320236739,-0.0623352375470977,-0.154139750106976,-0.239161340152597,-0.325814332183551,0.0177935497937144,-0.251230203795803,-0.188161021398265,-0.123494955728183,-0.128331013436329,-0.142336882629864,-0.132777281515453,0.148112902219286,-0.0374300536375188,-0.238203658933371,0.229466279638336,0.089909250640097,0.214426350820506,0.160736672713087,-0.0505509075485391,-0.0841389388594763,-0.16159202105343,0.0818728554973474,0.180993665925917,-0.109344504934057,0.145235427397823,0.126516074977012,0.229925789098804,-0.134527182709428,0.0384541690451563,0.334878185623158,0.208712020016285,0.315973867338364,0.0857611826965516,0.164063764158473,0.257523390752999,1,0.498577115355356,0.453333343110039,-0.141225541872756,0.229349513222232,0.026898685579062,-0.163795646746217,0.1597367306862,-0.00171792948191388,0.104886956449905,-0.0292670641263335,-0.146553998736571,0.0200352247286461,-0.191048867703298,0.00805480538844102,0.153234968091691,0.0416870432722945,0.141573200281727,0.350377973651979,-0.0854551681304111,-0.285865028165004,-0.0903558724115971,-0.360692988415679,-0.0398005235109187,0.0515050387630055,0.120256802884061,0.110662363443405,-0.0130307923187794,0.550430985708384,0.412219115198526,0.0563244735699422,-0.00679458669032681,0.419374095207078,-0.244112773606913,0.00717413462552615,-0.312406057939266,-0.419463352427869,-0.135935351776195,-0.076810490111559,-0.161965749896435,-0.108077123477125,-0.0681147180597538,0.0517795912851897,-0.0706089165714147,0.249688936080332,0.236927249320741,0.519758824074695,-0.0151691021610998,0.0906799793130535,0.147140701890719,0.22568884892568,-0.0498624775189456,0.275976137783473,-0.0649057240066778,0.100880589327824,0.223082746387916,0.416430912571231,0.0971971283564122,0.0208965557294983,0.0508073693957076,0.0388862578177828,0.106073181956317,-0.0393489324299225,-0.261812078015596,-0.10194195216402,-0.217251454208099,-0.291871566337189,-0.0654110561200347,0.193069243788146,0.264058615897815,0.238496970281011,-0.144161199352713,-0.169940878745061,-0.172086846645247,-0.275749730720724,0.0155703719913012,-0.0793529589421812,-0.353580422031144,-0.122943079808921,-0.181899326103054,-0.110906849608228,-0.168727246496152,-0.216004798681467,0.0540447052015839,-0.0648091233407543,0.216967159885254,-0.0619367012671691,0.152800486630268,-0.0537446659845759,0.0690729861793948,0.0803865338205455,-0.0106603072986221,-0.0247611254997851,-0.043894448980565,-0.196273825674234
"堂姐-堂弟",-0.313028233299568,0.0030500295035086,-0.14616108917013,0.112505781619266,0.0680147220843126,-0.296768801948721,-0.153930692030452,-0.113739962022474,-0.239085386117646,-0.301312547373281,-0.317094276920377,-0.125995427751889,0.0179102563697457,-0.116717087801917,-0.229618822098716,-0.369898175440467,0.032456910052651,-0.292971219981805,-0.141233254180118,-0.112274162193732,-0.0942945594504693,-0.23894585011848,-0.0700571091732537,0.0587842068474499,0.0170924105132353,-0.315159667668473,0.374849826552661,0.258778463179196,0.389203872680487,0.386606628474053,0.108635960192544,0.0765677813175222,0.0319663551522668,0.236537510189979,0.306948165800364,0.0210485040592212,0.0199105590544988,0.146074370008019,0.101804180012968,-0.102184703748876,0.0140190982147883,0.429729293350937,0.261438441480567,0.429426485867712,0.207431994860079,0.137095093500064,-0.000465729592027715,0.498577115355356,1,0.42908402198114,-0.0603320808411896,0.267608871728165,0.138191454548677,-0.109856093439095,0.00481512936856763,-0.162774975933913,0.172689756062969,0.0372161608958001,-0.196288581861655,0.150979423508753,0.0494233956564042,0.0980587647877769,0.329656243300132,0.0953096321419393,0.223447072251285,0.115733427839075,-0.246987132877684,-0.32882431193092,-0.0747614662225957,-0.293396361091654,0.0386282406935429,0.033057198925455,0.169365136906616,0.189440142622781,0.0640870959515931,0.306621641702581,0.229669609047628,-0.0753017624429859,-0.105464870552339,0.186825442980278,-0.212703805036718,0.00846687816728022,-0.485159759732888,-0.239759563801808,0.101652038334643,0.162792814349368,0.0569175120527227,-0.122467032106985,-0.182289987280783,-0.18383704252411,-0.207160734841412,0.256585535982429,-0.0394148752800139,0.25256941761426,-0.126409829464826,-0.0547143482657667,0.101714769729474,0.0142190608159011,-0.133122018229271,0.153887826929327,-0.120962111985069,0.0978943414016354,0.146032245880251,0.39690501039263,0.13102971179904,0.105781980140921,0.0915392684962661,0.204189833672584,0.130830145444173,-0.00255896833861773,-0.156214037296793,0.0205579686364976,-0.190089690347544,-0.264306006437045,-0.238097028930375,-0.0629626046229104,0.194811151148514,0.135391833024548,-0.388475785894069,-0.32199963473772,-0.28456668072954,-0.256766808164861,-0.281755467975257,-0.210327802843037,-0.348133907887671,-0.173855047508631,0.0563111682846993,-0.00751165195196349,0.0377837427078493,-0.0793602099115966,-0.0711675899783496,-0.024370886953418,0.184620643138128,-0.00086347652646003,0.0164467763101689,-0.0244544867462516,0.070330305081404,0.0596494267424305,-0.0406578043560601,-0.00682312367507049,-0.0887887413432118,-0.177776038807959
"堂姐-堂妹",-0.0836976426793768,0.0120229959025216,-0.0968766417106834,0.109036426453917,-0.0211856067061718,-0.195301314631501,-0.21399322505058,0.000821310859915275,-0.150810139028551,-0.0977817474005131,-0.0836863614643561,0.0758423596936658,0.110117811497463,-0.167352752712886,0.037664370599905,-0.165367812731841,0.0826934768811944,-0.189073261588891,-0.0970158659167206,-0.143474921380492,-0.0396385307136494,-0.0900845158747034,0.0649272473887792,-0.0733416810614811,0.00762793569722352,-0.165265112696705,0.158186398152032,0.187648697827684,0.018180032258983,0.19708862482604,-0.149472489064211,0.0144102598676818,-0.055461179064896,0.155982919992798,0.0767754193598398,0.122439953004503,0.150898926589091,0.27765423228712,0.059023658185502,0.0975675016089999,0.00417111040120811,0.114386019860395,0.273308324921469,0.240860275324587,0.167936045987035,0.121362288066459,0.202629504046008,0.453333343110039,0.42908402198114,1,-0.174097535527024,-0.000890456928108159,0.149320763593082,0.328460615103511,0.048449867116128,-0.118545830213721,-0.140597426523258,-0.0142717606823373,-0.205472342313629,-0.0671285120963608,-0.198044448660717,-0.119116014254217,-0.125955993215704,-0.0944648167352133,-0.127168767743933,0.278360552366442,-0.139433774410995,-0.078367659031893,0.246391199673799,-0.00540486951690809,-0.0775885073016613,-0.0520646677108907,0.130761089461146,0.157104428972857,0.119602861877605,0.344509415804035,0.255163505981034,0.17492103021855,0.0842864017185045,0.201919569111895,-0.23101057292663,-0.00707561432609333,-0.329608282284181,-0.449618403540967,-0.312600040033247,-0.123367095451694,-0.246629780393276,-0.177712701329556,-0.0368714512455336,-0.0991445871054305,-0.0800037290415626,0.157201283550361,-0.0249915946441549,0.228880843965784,0.249107026426883,-0.17964079498261,0.0314189529433471,-0.0223118731348556,-0.00308019709507872,-0.0851286015842237,0.0506000463709663,0.0394453273893948,0.131071341721655,0.159246832663152,0.0452852202316608,-0.22155355386493,-0.161610870601798,-0.0960743174963378,-0.147485294597799,0.0328329901838081,-0.136353547992472,-0.146385438047921,-0.22237822823575,-0.207434733486405,-0.0271879587871164,0.193884446515103,0.256219550834721,0.487895798745647,-0.127562988413777,-0.162045394756937,-0.0333007849953816,-0.00839633819266713,-0.132515301433037,0.0123470033191908,-0.110939064590947,-0.153001526892777,-0.261577357120557,-0.231671570901233,-0.316622904565939,-0.178122508481843,-0.066703015966416,0.0623467622300806,0.153667738317994,0.163232560022,0.243319688705002,0.0497261159950216,-0.130789148552083,-0.0308746281922199,-0.0977475222771812,0.0767220165732493,-0.188823034271588,-0.153829814014706
"表兄-表弟",0.10643896719397,0.00447146892496428,0.0601056198447383,-0.0906828844519987,-0.146762453939322,0.143970646644838,0.108133906143133,0.102201808371256,0.0261245947168488,0.101768601101221,0.00519709081658575,-0.191665036776975,-0.219841756971879,0.00190614893223778,-0.0949056367800716,0.0229064336703664,-0.165391580284402,0.0598629346497381,0.037234942920573,-0.160734399421471,0.101997404027575,0.187491713670666,-0.163552879865956,-0.0236603769819364,-0.347119873138424,0.14618853932721,-0.0289757966375789,-0.246018446288659,0.0441687084875213,-0.132892372013472,0.250815804883887,-0.0749240407779262,-0.149049265844165,-0.168266116961896,-0.0147831563257898,0.192176876006024,-0.0127609196205316,-0.134211311017941,-0.0194422001515214,-0.105640190939834,0.1544251889707,-0.0460114303112955,0.0354926804163755,-0.167974930934404,0.193044973413869,-0.0384986513133426,0.0669287516452067,-0.141225541872756,-0.0603320808411896,-0.174097535527024,1,0.158786753361555,0.236203537840904,0.0508715687528584,0.233299906135056,0.246812798649865,0.0975761304323323,0.0860761991821397,0.404182536386701,0.139280250157632,0.439967624064888,0.173128186056275,0.0689059605431106,0.314241828994707,0.0621585877938227,-0.183273411636762,-0.0165238370586864,-0.0258725943357836,-0.2012344615431,-0.0816564421638872,0.252609562911058,-0.0856875549105425,0.137376060687664,-0.0989843919036345,0.119188189607267,-0.0773542434773215,-0.135311724378971,-0.0301191232213918,-0.15486818643402,-0.208495090687664,0.0271078055706442,0.394309063445057,0.219480844342334,0.191444167231879,0.0717194233140544,0.0222177654930453,-0.0154243756146284,-0.0567083259010319,0.246060984483185,0.0266399575295604,0.16633991826575,0.187889681693259,-0.0484076903790081,-0.0562536403919135,-0.15626821866693,0.221576054098693,-0.156608432598386,-0.0198083136446031,0.0661473271638304,-0.0254932509499251,0.234866915362912,-0.264892713538284,-0.232005892770227,-0.222282023681962,-0.271951350954195,0.0891393209525276,-0.197038381239074,-0.235933042669277,-0.216653102540461,-0.332829522483041,0.204077249443347,-0.0611031166095113,-0.0475442729944879,-0.144456969352071,0.0439291407485389,-0.154777879960766,-0.15591230472109,-0.354273069200856,-0.0559285524428961,-0.18070759248726,-0.103933445227696,-0.235428015310606,-0.0232018611769644,-0.173586828189002,-0.131004435896067,0.084228508941996,0.19665984914304,0.227431135024218,0.166045283656723,0.0930153814604593,0.288238543535726,-0.143617648639457,-0.119757866378907,-0.13086950140023,-0.0855434386921247,-0.0385036926962916,-0.025388508787951,-0.156326119950171,-0.0267183105718451,-0.128232999662966,0.189913823844089,0.0890959705411412
"表兄-表妹",-0.204692741038551,-0.146639708733481,-0.0402145402774972,-0.0591929240760758,0.0203285993130674,-0.0871098295262385,0.153903316668133,0.00177059188804212,0.01353047947861,-0.244527857366955,-0.355459188788797,-0.317709669297497,-0.213501364199524,-0.282466743786864,-0.409496604507952,-0.439927330170835,-0.129480791058067,-0.276642417934493,-0.255865648489523,-0.23805577013359,-0.138411856775791,-0.119141909732046,-0.0603211728023049,-0.147791913249364,-0.232076157164581,-0.180492339585867,0.0367176234103757,0.0247077060485998,0.0714170674494643,0.119656949651119,0.00967666483120854,0.0871130486593472,-0.031384418440119,0.0502301245877757,0.0695398734446939,-0.103292326146989,-0.249609946284942,-0.188122554989011,-0.0242238409717827,-0.148763058846769,-0.0468874036154419,0.170207276659717,0.0575741342898428,0.248727030169087,0.0355120439900164,-0.0226320414742533,-0.0611855505333036,0.229349513222232,0.267608871728165,-0.000890456928108159,0.158786753361555,1,0.307690008864363,0.0532671505462309,0.481554293269364,0.117203655680383,0.156455946649157,0.180192606966611,0.0436372739106299,0.224596522520247,0.205947033518175,0.205701275115672,0.30562358355939,0.457957648676659,0.279359935695215,-0.0534780067050142,-0.263743928096671,-0.307809195744154,-0.174830580596812,-0.334446400517449,0.0203821780273869,-0.055807544566586,0.0782136655734598,-0.0875350097516804,0.0930597391829752,0.256298189030324,0.287695906232898,0.0207165695098662,-0.073372446123718,0.0948241336335208,-0.0756626749549955,0.125592413846524,-0.265432809989245,-0.101125037325393,0.0909796772592209,0.00676690882803445,0.119608565984332,-0.0562513772092422,0.0039859000136732,-0.00681690272668799,-0.216213009961675,0.0999758802496515,-0.0486327985255306,0.170429649621356,0.0512168901273548,-0.136299689305378,-0.211956043510435,-0.0948985504622086,-0.0915485884489741,-0.0878876441138337,-0.1123201097713,-0.0303727535474723,-0.136509486487382,0.0487443891910484,-0.0387299146712666,0.0322384604272769,-0.0198780391101314,0.243474521805789,-0.141908313604756,-0.118169066550841,-0.00116415974009843,0.104345708294286,-0.0338629812826536,-0.148692217187835,-0.129308599670754,-0.112930329564037,0.0171170863557436,0.11429749010465,-0.242804641108697,-0.113626708315215,-0.166633930089368,0.014786914661177,-0.104325791034373,0.0948136935740639,-0.125245640041155,0.00423950918007977,0.0681882237485794,0.0749691963116974,0.0127152612475888,0.0845483010610522,0.0263127497830567,0.185086905008036,0.204456769629511,0.0368520096767479,-0.0553472759750163,0.0576450796552062,0.372034341710242,0.242979446160516,0.274244091353049,0.372528436177184,0.134851733962116,-0.0324244786497053
"表姐-表弟",0.0324638421758037,-0.000362508173517965,0.0986645653146214,0.0868544356502104,0.0172298037084212,-0.208433057917028,-0.129260416719732,0.173287591383695,-0.0494304701544756,-0.187965362217217,-0.0598476826046363,-0.00802592127090112,-0.0637292253022516,-0.0134659427315711,-0.039942868945593,-0.190406434909624,-0.243097834001512,-0.204753506761851,-0.10778016100762,-0.212501266770965,0.0517721693791204,-0.0154210498156661,0.0661054427941589,-0.118422768313742,-0.146879214198137,0.0140792326045069,0.251189060458607,0.18852051371756,-0.0439331436325932,0.148549748044566,0.0344250787657019,0.0490787627383199,0.160770417030906,0.0110672072148699,0.253322475393516,0.336918637593178,-0.0350430299850655,0.154277431128476,0.0979097187566172,0.200472174565136,0.00516811611083553,0.0153297353525193,0.129566963330585,0.245373060864182,0.0912142437522255,-0.0623546868444533,-0.0294323767875403,0.026898685579062,0.138191454548677,0.149320763593082,0.236203537840904,0.307690008864363,1,0.361394927705917,0.0761720767345521,-0.130222389134573,0.278725915931594,0.0613233495746775,-0.0296031676842055,0.169108608201175,0.137487450070547,-0.0266095250884038,0.157168511571994,0.123440743470209,0.0376460040182124,0.108887739144039,-0.0918748196716431,-0.0140845994273594,0.0434470164428909,0.0339165395081968,0.247510004866477,0.0549022425082764,0.301609306635729,0.152858948223954,0.300449881293535,0.0264116425162912,0.0807518405067108,0.164628679148264,0.00922868839960221,0.134953701778646,-0.130247957527891,0.0905556496990996,-0.276899754777983,-0.126152820981805,-0.144400789806436,-0.0868478374979343,-0.235503027075393,-0.318289234268964,-0.264067060250517,-0.241078072884629,-0.0752888520934813,0.0791323662585156,-0.133885175996462,0.0186235309538828,0.0389227142490327,0.0256270945171132,-0.278180217004875,0.0528356107880398,0.107926158156437,0.0676585543299259,0.0454519040731814,0.0107448842147925,-0.106939889491013,-0.0841711583291389,-0.0256495131142056,-0.0526333291918721,-0.0830830414682688,-0.0327613374871384,-0.272416777892889,-0.222215406250673,0.0232346588600518,-0.0395268544495227,-0.178828368573662,-0.153036678846935,0.0782007929191688,-0.0737463195768666,0.0768727807036644,0.0972195088548475,-0.289916979136877,-0.266519577052522,-0.224574676381121,-0.0266441166043472,-0.0794919095044723,-0.0703618278735849,-0.0602971585436684,-0.304663972140045,-0.119732803839305,-0.133498691983325,-0.109784042471711,-0.102671353447361,-0.130646742322419,0.0297132381407647,0.190298747876921,0.310678787332776,-0.104436663525217,-0.297313873274338,0.141834220260686,0.00314219748898382,-0.114727560442277,-0.0356226042715983,-0.278564296622772,-0.274032785826603
"表姐-表妹",0.133271411764059,-0.244283996466063,0.121594734473177,-0.170144053115973,-0.0935003620235841,-0.0462183987709269,-0.0514905231258676,0.234512114190653,0.276177494081261,-0.0110390428990566,0.135785566442156,0.0667737278980708,0.0357150771945024,-0.250185712295545,0.0248655730984922,0.0290320444905,-0.232408295348404,-0.0688392533888205,-0.0865487028568446,-0.223105737155009,0.0554943921652081,0.0371728819395188,0.0982265049197214,-0.279766647618645,-0.191765644244441,-0.0140660756667029,0.0050758572565426,0.222075476434693,-0.314258763367471,-0.00175745241802055,-0.0304061304720006,0.285376322562195,0.185620058954685,0.0738571956732148,0.0341121994703703,0.362948621547994,0.060461647039754,0.171000755921783,-0.197325873777508,0.210333591862997,0.0155966490224074,-0.22645589649673,-0.0349954038672636,-0.091241216373268,0.131520885359129,0.00645771011170104,0.0604198659795613,-0.163795646746217,-0.109856093439095,0.328460615103511,0.0508715687528584,0.0532671505462309,0.361394927705917,1,-0.00450621390705878,0.104313776312119,0.0200453357869344,0.270120495317016,0.0259814782094787,0.0425034233804157,0.0522468102571335,0.0222307945343818,-0.264690442574984,0.0614610684435605,-0.209826456438273,0.0598651619632186,-0.010128762345504,0.0850509146398082,0.178304977396748,0.208890666356684,-0.0349985551411107,-0.086683463916139,0.173780084687289,0.137092403855057,0.268494661357027,-0.0626557552514684,0.105378755842618,0.277809952132586,0.0745216046142621,-0.0676228042540788,0.118740914997695,0.172714427808471,0.0165984843730678,-0.106428601569323,-0.311257936966485,-0.213028465376674,-0.175253805972462,-0.035892263782249,0.0364064445306757,-0.0523910017810658,0.130272408554971,0.0595624441974545,-0.107450016726802,-0.204003672152965,0.482010824898608,-0.264787004634507,-0.212561286399797,-0.144097016140081,0.311588960638556,-0.358908130809249,0.124843263604125,-0.0494285212578304,-0.326087469569454,-0.530213646484329,-0.220107054930058,-0.333886422627591,-0.266990789252192,-0.236507050919498,-0.356673193133087,-0.00983234884209497,-0.0708934718462472,-0.301025688640489,-0.0909676337304738,0.0206586815248806,0.0481965312231704,-0.0176412626802962,-0.0206755816166532,0.179211448423135,0.00216412844435228,0.0245251312238542,0.0869388682394621,0.188096493244646,-0.0850947221122998,0.138604650880415,0.161438308440461,-0.214724979675123,-0.229746818460525,-0.228618056036841,-0.231029305764532,-0.0411675528957001,-0.225793363088179,0.172052062448362,-0.060912588786316,0.223105754077761,-0.192430248548729,0.0366597433358896,-0.0573479029517911,0.0413692745774782,-0.0913930950839787,0.0659565591796924,-0.224736738506113,0.137486103903284
"姑表兄-姑表弟",-0.276790157361928,-0.160993662645082,-0.258749099808247,-0.29371251484836,-0.354532841615018,0.04570302493398,0.099047091767498,-0.176437839544313,-0.0669214063414635,0.102555084574854,-0.266941712631498,-0.20236306225267,-0.290555146166669,-0.112538851691552,-0.467521529764767,-0.373939740839054,-0.153629816852969,-0.0560321325379866,-0.187144676416798,-0.092807790078932,-0.171393187135207,0.0995873763731441,-0.0978515071143795,-0.0180818224026812,-0.265158120792013,-0.106924854389764,-0.0407838987537469,-0.133708034759369,0.0419502583061233,-0.149838665035119,0.0867912802498035,0.0801566866498967,-0.0817919681298028,-0.0974039527542545,0.0726746877447741,-0.127526653853028,-0.0758041551104257,-0.238015484702719,0.0482567165306411,-0.326582048435144,-0.0994477468700655,-0.0789309603860444,-0.0191509608217911,-0.129497736901979,-0.0710701474457872,-0.0810179548384995,0.0424019772591917,0.1597367306862,0.00481512936856763,0.048449867116128,0.233299906135056,0.481554293269364,0.0761720767345521,-0.00450621390705878,1,0.368141360929803,0.14518734847504,0.225886818613829,0.274402249195875,0.142179141553628,0.164385905811222,0.144496101113313,0.146163026187852,0.339255493081386,0.150855952743682,-0.0405970241861357,-0.181763880662565,-0.18304730633337,0.0139628254989076,-0.2611007607933,-0.0061000243876384,-0.0501950312111571,0.0194346300169118,-0.129636150007772,-0.0525262613892437,0.18983633679177,0.186016595322183,0.0327344951600186,-0.0574689365747751,0.126179323489582,-0.0358401374253667,0.146751220162616,0.0501779001025544,0.0615780784877192,0.0723455303108161,0.137867427056206,0.188556297309989,0.30112811137042,0.382252390138233,0.362043895484077,-0.0202996662261758,0.0184678172898747,0.205855924441145,0.280958638049802,0.0665235345806117,0.00256904749129293,0.00765371351011333,-0.032175124084809,0.0115045102097346,0.0723234359211185,0.0387886367324826,-0.0290979920623026,-0.090226836347082,-0.0347398347206342,-0.0515855414700286,-0.0648142259237594,-0.0125695807019079,-0.0809931924781415,-0.134350641450394,-0.0871879091289055,-0.117387533615583,-0.143298330000821,-0.0293809246361776,-0.20043869251313,-0.172424603779787,-0.0811458367786832,-0.148206057662605,-0.0694664875296786,-0.11557391084175,-0.160597378542555,-0.0979938947324192,-0.151824636563345,0.0765493362179903,0.149289747521047,-0.128354108163837,-0.0540842242930456,-0.015679280336104,0.0332975377707755,-0.0419772810248813,-0.0211424997330827,0.142491113877583,0.153662244625335,0.00813876639104342,-0.130530173383678,0.0115941457760505,0.0803667236782675,0.295707287992681,0.278745073579805,0.402896742216856,0.345120433152493,0.183590962873197,0.046299002012548
"姑表兄-姑表妹",-0.223198304545116,-0.371855893416415,-0.296709750066049,-0.449403721970198,-0.265864686405119,0.156081457079465,0.309823006942168,-0.160352660838973,0.103529718871594,0.200108514080531,-0.0827240220577956,-0.305131864299001,-0.212091772570413,-0.0597962959252825,-0.345963327944095,0.028330310477225,0.0182894866130718,0.105128410135798,0.125980237869282,0.0750508873121449,-0.0134149768894768,0.0647094927652748,-0.191572784277932,-0.0198540179691744,-0.0699941058639276,-0.0220519551632095,-0.246981971284386,-0.182356524705959,-0.0152806866492184,-0.100783339634845,0.22156118202415,0.160302831854177,0.0833778183958495,0.153760924137281,0.0837029457597285,-0.122417174994452,-0.133876204980883,-0.180955470262784,-0.29259890503827,-0.464020018659044,-0.0438492224206985,-0.127044305701431,-0.271633517275267,-0.393706965348266,-0.174132418281121,-0.0654097173749899,0.0383822168782893,-0.00171792948191388,-0.162774975933913,-0.118545830213721,0.246812798649865,0.117203655680383,-0.130222389134573,0.104313776312119,0.368141360929803,1,0.370407857077513,0.585885824940152,0.408208638773993,0.331425538913241,0.494138594550214,0.515247002535273,0.249330987384892,0.441737348568887,0.312250734993459,-0.0643687338632461,-0.10165900659199,-0.151756401549762,-0.240511198921691,-0.203081580872275,-0.21639601414586,-0.186126618981096,-0.269669586128572,-0.300959448681712,-0.216818313704833,-0.109966988505464,-0.115102780573415,-0.198740798041747,-0.210733150089587,-0.325949100841314,0.277327881953613,0.330490503334884,0.324219336978953,0.302311372210185,0.278340094353169,0.0867073086092506,0.353329823751685,0.507813509739612,0.382062932378082,0.406382418930244,0.0462903489096772,0.0185328370592088,0.0878021730152774,-0.107362529902551,-0.0525596638349402,-0.0393970850886433,0.0676558872683085,-0.165310574899476,-0.00632889713717555,-0.151995629436462,-0.0572006716228559,-0.0710605166452127,-0.336523380955406,-0.242470379003009,-0.323628462479659,0.156589188987059,0.170256354241201,-0.0276835811971835,0.169121280668768,0.126223787695001,-0.0954412060565345,-0.0570466121128588,0.199438924127728,0.0675153852771701,-0.0184227517283771,-0.195561361128567,-0.33399753963055,-0.268698122602078,0.0246021755575498,-0.144246462398549,-0.0914445188302995,-0.273521744549932,-0.154325065011868,-0.168476739810179,-0.167001595749624,0.0852029928724457,0.0304248604143521,0.0666424867144093,-0.00730716483951738,0.0027052918994113,-0.0725092416492048,0.00669378540817355,-0.284674500200136,-0.387209862465713,-0.134079426622061,0.20874232529302,-0.0475624402521515,0.135979326184783,0.320763889758852,0.143220203073904,0.519093854333624,0.362757299823985
"姑表姐-姑表弟",-0.429356561760809,-0.285281154591827,-0.265375840655611,-0.203479191575185,-0.0870633870455317,-0.0448527912202908,0.124206690743795,-0.0471819845258043,0.03318945054923,-0.206256614318603,-0.333860202011624,-0.311840983144039,-0.212699485054745,0.00228975463019758,-0.286903845282952,-0.240848247508209,-0.147519968150121,-0.321398242426367,-0.150657543528437,0.0557596697393511,-0.0541284798088268,-0.22014700255702,-0.170092210282947,0.2503701065704,0.204077900513384,-0.283934797890028,0.131697191774957,0.135162672703836,0.256378446170877,0.173726264552706,0.30454435219165,0.0999938593206077,0.194886246423291,0.263636247861225,0.409537858405134,-0.0644819209105932,-0.208351343570141,0.0178947272195885,-0.0606417752666343,-0.299407076576797,-0.156063179450111,0.144725692068909,-0.175297273244149,-0.00845705005896009,-0.0988630378421761,-0.0767066441464448,-0.213908286022273,0.104886956449905,0.172689756062969,-0.140597426523258,0.0975761304323323,0.156455946649157,0.278725915931594,0.0200453357869344,0.14518734847504,0.370407857077513,1,0.540207584990097,0.230377141909084,0.561324470847983,0.510125776568207,0.543599773822544,0.579340574461702,0.418350300107506,0.526323593973574,0.0524433762171162,-0.214025716307215,-0.26476895874592,-0.306517660461178,-0.279945048710437,-0.107513983054903,0.00389935567897871,-0.198743876995603,-0.132943762849421,-0.0379859655676628,-0.0720444029113096,-0.104853580436773,-0.340755094409353,-0.304500332508698,-0.073882332744924,0.0448371936355076,0.189473736323301,-0.0529716768736885,0.237461674639754,0.446253684012595,0.253098153492463,0.309316096513789,0.246820949619152,-0.107612885043953,0.0381531976963435,-0.290531289271138,-0.0642211743874389,-0.212762412967596,-0.0945476177401371,-0.340164278501617,-0.0257387444617793,-0.0960686300288858,0.099150262293968,-0.0934264566094192,0.202999716820581,-0.349773989214852,0.0128819839687174,-0.193703753249971,0.105931776443557,-0.074710620890985,0.34999710342388,0.463974220266662,0.387422157278415,0.364843995225808,0.219023405490277,-0.233104004097292,-0.0470648369305401,0.0100200023240777,-0.0449505298505557,0.00255935799435042,-0.303706990689854,-0.183239838559294,-0.276890091299302,-0.293746001539955,-0.284611701098817,-0.30534335776757,-0.376437598939842,-0.272384604345383,-0.365787814853893,-0.312574570102715,-0.191272859802351,0.0520311836233546,-0.0244533588961861,0.172730389327131,-0.0311493818149318,-0.03342373335941,0.0736255846827775,0.136625105644835,-0.0404391467470412,-0.153363875675309,0.0151196608664893,0.223416922637118,0.308485067443473,0.130656775394773,0.0261442258777363,0.236506038775051,0.150364166285579
"姑表姐-姑表妹",-0.181994523185719,-0.32176563789439,-0.0566983296055457,-0.192832836748097,0.0648681884912182,-0.0152186592192477,0.246879838203961,-0.00830367987233833,0.306547204915261,-0.0221442242424104,-0.265003749438219,-0.296550568856417,-0.106751717877962,-0.205951843970598,-0.328354315586071,-0.194179259367677,-0.00866416181972346,-0.234678935691361,-0.166132276667032,0.0293867356358091,0.0182359361579048,-0.0374543475556763,-0.0183979667463434,-0.0959901479992233,0.121634687798172,-0.2776088213777,-0.10249386063655,-0.0166630087896036,0.0867071238753392,0.20994361659464,0.0844912960637585,0.189814585125418,0.197434019195404,0.341777511741743,0.123262192695759,-0.049807554254196,-0.169106923959859,0.0232352193643422,-0.392614117328032,-0.293988937817941,-0.229720466747379,0.0430925949606491,-0.220682529794915,-0.0985372987235258,-0.0389674724836129,-0.109264881439128,-0.199816441698235,-0.0292670641263335,0.0372161608958001,-0.0142717606823373,0.0860761991821397,0.180192606966611,0.0613233495746775,0.270120495317016,0.225886818613829,0.585885824940152,0.540207584990097,1,0.323103646863673,0.601540760714102,0.508717275318186,0.533562029321282,0.289021908401259,0.477843552526681,0.342680749183492,-0.0730436054411311,-0.249138946095573,-0.23424078693204,-0.183154753355375,-0.0578743093551126,-0.140467606898851,-0.146114665786097,-0.172699881189624,-0.220864147417416,-0.0115054773374474,-0.12741960796947,-0.0781983206377576,-0.22202381096983,-0.125635509106865,-0.316409552006246,0.110239537376121,0.207942941304388,0.0812973025502346,0.191222217539826,0.269170642894722,0.110367548703256,0.38473897072294,0.386258192155573,0.158108231211538,0.102814270470099,-0.198257641252314,-0.110017074297965,-0.214671584188072,-0.252516274362645,0.0699884298354087,-0.117607364429223,-0.0883655250554567,-0.0914363830997603,-0.0388841940706033,-0.0981262471573711,-0.20230376188498,-0.159423313015171,-0.400698606134368,-0.155271678824016,-0.305069396244429,0.12958909786339,0.179403846583094,0.0855395726761338,0.148683644855305,0.247802745950361,-0.176354197557515,-0.107353961722983,0.196893851535658,0.0352400890360329,-0.130659488673731,-0.296030814913571,-0.19775117657417,-0.0884296194106035,-0.202647198862569,-0.193389807334633,-0.172089691050075,-0.225091250562906,-0.336869754193655,-0.243211120269412,-0.193358533901461,-0.105780603573966,0.0236661069900942,-0.0254644237383165,0.150769461687711,0.104224142020305,-0.105329419272677,0.25635206557815,-0.0991587232332145,-0.15512435239959,-0.168059409142249,0.13952580049881,-0.00704976290400459,0.109934887025187,0.128909902937107,0.125995890485123,0.19904299568056,0.254267230646736
"舅表兄-舅表弟",-0.162874851699648,-0.192623979935222,-0.0986446604249861,-0.284046027316909,-0.167138665362231,0.267139939269796,0.173066950466476,-0.0185867397000516,0.118181494957225,0.220081641812857,-0.178426453609385,-0.19204045349268,-0.229040624452999,-0.0666408390102217,-0.216156542563052,0.0513348766565871,-0.130010251934697,0.0300144044509934,-0.0768985103480636,-0.0389096371436544,-0.168449257197975,0.0144244754913186,-0.396415069292848,-0.137044239008914,-0.223418611248744,-0.109899045577844,-0.162305734575502,-0.225185809933949,0.0714520101416101,-0.116999768207455,0.0242055801794093,-0.0261503383862589,0.0592589995428117,0.0997901995180282,0.0339346191749927,-0.049106758863106,-0.0189423408147924,-0.161130221000563,0.117992455370189,-0.046467360150461,0.273949827985154,0.0917966525282053,-0.036288880998646,-0.24549729899781,0.168682500182538,-0.0603865404966445,0.123991290032726,-0.146553998736571,-0.196288581861655,-0.205472342313629,0.404182536386701,0.0436372739106299,-0.0296031676842055,0.0259814782094787,0.274402249195875,0.408208638773993,0.230377141909084,0.323103646863673,1,0.428450718757271,0.394149196566008,0.455407960773524,0.132124669389341,0.321842519409572,0.27043353920307,-0.166718551196611,0.0422507032080205,-0.077607272337537,-0.18693286546227,-0.11127071496855,0.0515528608252151,0.00637393665329923,-0.208214994013465,-0.208053549760149,0.0346938548591825,-0.100454893256505,-0.172355223359422,-0.155241043138366,-0.240286319801782,-0.198765692406431,0.100823772999849,0.278939527324405,0.28769217746771,0.20142967828155,0.0147859964524889,-0.0506323666809902,-0.029906597749191,0.227732835365678,0.381919482017665,0.238501201795019,0.0354117221283946,0.130503476423391,-0.0982079307702276,-0.188040086430034,-0.213010070207056,-0.0259469527092649,-0.111237600281245,-0.0377389392830735,0.0600305072187725,-0.0526372328304943,0.252529478579257,-0.142518905148939,-0.242464885663168,-0.306605541984766,-0.323366526002702,-0.101459886822485,-0.0444202239625591,-0.15312802644751,0.0591779460191631,-0.147699106860546,0.111181530576409,0.0837368517968623,0.182271797931883,0.10155924786829,0.218847456840255,-0.233725012223313,-0.192590424330545,-0.314892248829818,0.109055711811035,-0.110902552694024,0.0182635666859253,-0.15836695378828,-0.0376002191185402,-0.174012549526192,-0.0300301342003743,0.0143764621896624,0.223901669478743,0.154411430491012,0.13780218077995,-0.0583778613384028,0.122738502051012,-0.0397973170365684,-0.256247704328161,-0.183013899314216,0.0238970222904625,0.06321356714923,-0.14830703338638,0.0109267753111425,0.202379879088888,0.0402629173901263,0.238633629021725,0.272101744296045
"舅表兄-舅表妹",-0.400718834429602,-0.178041829297358,-0.103012430816827,-0.106570267399979,0.0549015634377561,-0.161658868347951,0.10620276777264,-0.132618098474926,-0.0200931043086744,-0.145320110641862,-0.465601780491724,-0.339416947218247,-0.251531963596814,-0.213460325024107,-0.35091913711337,-0.317945487571623,-0.117822322294262,-0.362066960807578,-0.23515507055242,-0.073640865234877,-0.137332927436377,-0.230503908029194,-0.223968627148358,-0.011986399828639,0.133485969647134,-0.331994170146983,0.0833719747973854,0.106443109362697,0.283127453470628,0.279016743505717,0.126544159805667,0.0938435528723189,0.198146115794864,0.373684848148722,0.22193811391515,-0.135638494984588,-0.302971303515817,-0.112601228287327,-0.1149411092847,-0.101873932203336,-0.0447578149736013,0.313141996437735,0.0380259636970303,0.152980161516746,0.121718331755896,-0.0897804899631483,-0.224804322953885,0.0200352247286461,0.150979423508753,-0.0671285120963608,0.139280250157632,0.224596522520247,0.169108608201175,0.0425034233804157,0.142179141553628,0.331425538913241,0.561324470847983,0.601540760714102,0.428450718757271,1,0.517109016534712,0.556662581147182,0.532237598298718,0.399886177950054,0.484628541632086,-0.0397046536203011,-0.180145683145068,-0.185008107139425,-0.201898945636208,-0.14887564863585,-0.0405016309757903,0.0105532890607267,-0.108613747300337,-0.143829369966382,-0.00597633373953381,-0.0471276550816691,-0.105683720484517,-0.318913910066544,-0.384264400547057,-0.187886904339604,-0.0433323912304311,0.3053112611962,-0.143965210792385,0.160663654211886,0.372541945043303,0.160074949448306,0.298781354286014,0.0831631099473143,-0.0256731140225806,0.0144854494931872,-0.345237764860861,-0.103502542963507,-0.30385053341063,-0.117968671423956,-0.181375519038079,-0.114659783775019,-0.199871382533366,-0.0651150952737053,-0.145520182832423,0.00550256991423237,-0.133295284250295,-0.134840052273373,-0.238313259764655,0.0669778142216672,-0.14281739793095,0.266368792938982,0.376237352457605,0.321040665649057,0.285675904618597,0.180636998315754,0.0300325088498613,0.20307351199819,0.117228790034215,-0.0703644123239389,-0.0847773120795968,-0.378872208002747,-0.185071103639676,-0.148335721094371,-0.330122759641705,-0.267442671306366,-0.295733135537091,-0.291908217587241,-0.319328865517581,-0.183709291267074,-0.264908130358588,-0.0845955228964375,0.130786817273496,0.0521054912666488,0.247241178308635,0.0252229144164505,0.0234866541090784,0.159192964921335,0.210070017264909,-0.0642709096072978,-0.0383903776695829,0.105634470100889,0.0996529476867914,0.0719472687077596,0.13059063457266,0.0773124214669588,0.26260349424941,0.130892274400949
"舅表姐-舅表弟",-0.166022915100257,-0.196644392446947,-0.148984229509619,-0.259318569654932,-0.00513992336900207,-0.0896026232001442,0.0689670535196341,-0.0405302312062026,0.0459344833805932,-0.0245302451839406,-0.214041003295381,-0.353928693365062,-0.284983514194825,-0.0264793883937211,-0.301227091307394,-0.165434997551651,-0.140338335644404,-0.169098114741195,-0.096886429629271,-0.112710711467326,0.0558239699385271,-0.0449740667651688,-0.254219520586731,0.0299598029016893,-0.134737952021224,-0.110337660479289,-0.0270661504210618,-0.106821165898671,0.17351450444104,0.0159669995834864,0.253320960252446,-0.0153728788301068,0.0421043960847037,0.144133747876319,0.16951429977809,0.00969516009256758,-0.343312940919878,-0.183770036847463,-0.165881455462198,-0.24831421949264,-0.0186992727727532,0.0608172640731248,-0.0846056631799452,-0.0793639174458482,0.0965874709153264,-0.00713537776605285,-0.253901386030553,-0.191048867703298,0.0494233956564042,-0.198044448660717,0.439967624064888,0.205947033518175,0.137487450070547,0.0522468102571335,0.164385905811222,0.494138594550214,0.510125776568207,0.508717275318186,0.394149196566008,0.517109016534712,1,0.659641573768757,0.530504120953475,0.595189052380812,0.493942354058808,-0.139151382872455,-0.218062626456712,-0.191601875894997,-0.337803044899269,-0.176053694613623,0.086979869971258,-0.100912674264992,-0.156979368193309,-0.219684802484992,0.0112050599291763,-0.174951868062296,-0.140763289550523,-0.319161376861901,-0.36099115038563,-0.363945789920105,0.0538395030219505,0.428511117071911,0.108821146625065,0.408500058211316,0.39448612807533,0.284868123527992,0.377767627161194,0.161937563758391,0.182179117718676,0.0535682726021884,-0.107116632380476,0.0944646636608601,-0.179298277992417,-0.167884531471374,-0.25969514971685,0.0687101721542882,-0.0948787099693921,-0.0688918085096357,-0.0397733959154179,0.0126679400082718,0.0029842474674527,-0.158805999265632,-0.250452692414789,-0.128165517894197,-0.159059890261146,0.353856270970025,0.147175984213598,0.136377857553041,0.0879724623820957,0.00584820873611966,0.0788552906361162,0.0629148511190887,0.00935060096135689,-0.159670947980361,-0.116730533386937,-0.286092800582742,-0.230793254632997,-0.334447539196303,-0.262045964123952,-0.333175171143645,-0.241186057117444,-0.286204634138121,-0.27600369967532,-0.296264300881698,-0.254806212337627,0.106888921847428,0.232596049540072,0.173179341303618,0.26563575106617,0.245751732230339,0.0945052705841776,0.0684989357210739,-0.0508835920238629,-0.180022249924627,-0.174266699747916,0.0945104636693478,0.0678802688771782,0.0374161433251567,0.144918122616195,0.0742943754334999,0.390053311840851,0.173101025094762
"舅表姐-舅表妹",-0.373569727720124,-0.421053517744131,-0.331712633139983,-0.343100355381407,-0.151798319402595,0.0509795505314781,0.0905945129500712,-0.248739751699389,-0.0228306032933408,-0.167121413511444,-0.398897616212308,-0.400601807453742,-0.250097025592389,-0.262767096591443,-0.362830884684738,-0.211394385733817,-0.0295982429234206,-0.165513469051773,-0.0333770332046076,-0.0678762326654747,-0.118252557606935,-0.282711903608983,-0.286612507986204,0.0416089509229464,0.0524937516488691,-0.354729732728688,-0.00402115371279327,-0.0145771695556263,0.36904263400065,0.102912053290525,0.178703068192854,0.0247705291959568,0.121248594428525,0.389313819110761,0.25831664241949,-0.157756185391153,-0.302831830583838,-0.0320531925788897,-0.157808066914294,-0.238541950660852,-0.00316325893067854,0.236194591201902,-0.124733209690806,-0.132204214171744,-0.0487332299474508,0.0699074556328087,-0.215685525414388,0.00805480538844102,0.0980587647877769,-0.119116014254217,0.173128186056275,0.205701275115672,-0.0266095250884038,0.0222307945343818,0.144496101113313,0.515247002535273,0.543599773822544,0.533562029321282,0.455407960773524,0.556662581147182,0.659641573768757,1,0.566021535642422,0.629582643264047,0.780222680379562,0.0466715063919656,-0.226760690394242,-0.364645745639564,-0.388190717645649,-0.368581987714028,-0.120140762488087,-0.0887914324137197,-0.2907384734048,-0.21939901126823,-0.136184195626936,-0.117061824952409,-0.132032295080174,-0.360758081129269,-0.330416406118229,-0.272246855098206,0.149047475756208,0.339591226595164,0.0781758059678143,0.237334807128461,0.413743363923551,0.223437812084929,0.392014249000923,0.325879180926582,0.0621935453385987,0.145445049097286,-0.175532244535644,0.103996580913543,-0.214096785907383,-0.151892789752656,-0.254383534147978,-0.0227768023007168,0.00900493059944987,0.00417831134857629,-0.0320297032591065,-0.0283184039924529,-0.0824307073069155,0.0135724704902699,-0.132640201333526,0.00513001001625854,-0.153558146931646,0.343365701396871,0.360866131688419,0.340930311991729,0.3752700666028,0.280406657879638,-0.0136968176582897,0.169383834761101,0.133511381370884,0.0339804216607039,-0.0423162463720398,-0.293053896859745,-0.238254999283614,-0.284742188364686,-0.284105563528539,-0.271833071754586,-0.235278427560306,-0.35421879535357,-0.338428699604885,-0.412162439479416,-0.375866736201371,0.0591906503797919,0.241636967813202,0.151594329398812,0.231866947877571,0.107235421668603,-0.0914095513301018,0.0635658391996,-0.0218010337807702,-0.313837453337263,-0.0729663019921705,0.273013266293102,0.0650982901797788,0.200490869198921,0.306866699500664,0.195023243747645,0.502082652656661,0.310963813128306
"姨表兄-姨表弟",-0.47045256489977,-0.170007009027912,-0.312797411796666,-0.120123753798777,-0.0373130047668744,-0.230166824635482,-0.02023881144205,-0.207942530939498,-0.192233886054108,-0.296151431182024,-0.505293432020309,-0.362950303592848,-0.330097744561952,-0.0909070286395295,-0.433264939421752,-0.332409073435768,-0.140870346530242,-0.339043544221365,-0.182220968942829,-0.00939512835624819,-0.109089649976897,-0.289431528354953,-0.211250022988578,0.242668748812323,0.128363843601179,-0.271355138284275,0.184399106201611,-0.00882406752060521,0.417663932951168,0.265457721934533,0.224265182645188,-0.0607171594816391,0.204354365778912,0.227806833685808,0.407051584319084,-0.226657511930976,-0.391011323846585,-0.171276541307182,0.00842870074505091,-0.313548280922043,-0.140015887444884,0.291384105928264,-0.00757557858679834,0.243924328291058,-0.0285112127643908,-0.0500899906880452,-0.273660932612135,0.153234968091691,0.329656243300132,-0.125955993215704,0.0689059605431106,0.30562358355939,0.157168511571994,-0.264690442574984,0.146163026187852,0.249330987384892,0.579340574461702,0.289021908401259,0.132124669389341,0.532237598298718,0.530504120953475,0.566021535642422,1,0.438936449570897,0.703309573591698,0.0534211519220997,-0.221571409959387,-0.321650445959221,-0.276353763328498,-0.356775796468829,-0.063402124327989,0.083542460616169,-0.198983088837355,-0.152979318988317,-0.0912039699588674,0.0339832503725569,-0.0561637255669961,-0.386039835454947,-0.371971350127612,-0.0958077227862565,-0.0311068789269332,0.272781338086067,-0.262030522618541,0.225278427590561,0.549965658820754,0.369396365701099,0.395423834521665,0.016596734441798,-0.133591343320637,0.0135087732393499,-0.431315247052468,0.0290510468120831,-0.23516172932523,0.0911569182472453,-0.45476811636625,0.0356639054269944,-0.0765202811395044,0.0793813744065625,-0.262434957809176,0.224879674608335,-0.342936562882896,0.0994143458169383,-0.0200615188812317,0.362620587290784,0.210778088950943,0.635800425912723,0.609927163599457,0.563713790779829,0.468517669764413,0.217328590615617,-0.0270277165391975,0.255449244901164,-0.0217205298618878,-0.108697684849024,-0.125786953295428,-0.288452959434617,-0.0999461090512215,-0.233247303300469,-0.4404575571494,-0.448127963782519,-0.451711087934433,-0.448621941979979,-0.281418550230196,-0.41751957570018,-0.450450577707643,-0.0417485369109111,0.253493590012252,0.103110595500152,0.214401058380204,0.0947105024507668,-0.0443307020115043,0.0128899349405117,0.251842311306675,-0.107128210054789,-0.0742092955321928,0.0408341044205328,0.312554348062824,0.257424508816029,0.307400309797173,0.172340669193212,0.457361239659938,0.00622868957553591
"姨表兄-姨表妹",-0.201499971583158,-0.312271147496365,-0.127466021548873,-0.179400165649735,-0.014980778868881,0.0260674181864837,0.178643455515279,-0.0148636014559687,0.076780685463599,-0.190765611109743,-0.329794802886879,-0.365461384774549,-0.190687305734257,-0.221430799779435,-0.326470076060368,-0.295238373047053,-0.0361765673872914,-0.220032632532702,-0.138403257674324,-0.132715249025237,-0.119484713518834,-0.173158984495273,-0.18352253124181,-0.0988165363759503,-0.158690958364936,-0.235679569552045,-0.108701252315566,-0.0772097475939158,0.16272752064662,-0.048438462669549,0.00407151183319865,-0.0844282122189764,-0.0398183361607453,0.21281807059526,0.0398354545193664,-0.0964417053076267,-0.360728425151034,-0.15401234212465,-0.235572669413998,-0.177131832736655,-0.0792160043448737,0.146600069934281,-0.0523003828935202,0.0310593740516547,0.0263666011632461,0.0826583841482375,-0.21831535879933,0.0416870432722945,0.0953096321419393,-0.0944648167352133,0.314241828994707,0.457957648676659,0.123440743470209,0.0614610684435605,0.339255493081386,0.441737348568887,0.418350300107506,0.477843552526681,0.321842519409572,0.399886177950054,0.595189052380812,0.629582643264047,0.438936449570897,1,0.60424560121768,-0.0336212062356152,-0.3468542131377,-0.337293265223651,-0.335697489284741,-0.315088062044002,-0.0300940910098741,-0.187285385126547,-0.147270169443352,-0.202392908628515,0.0116526692247333,-0.00462781728015284,0.0519951981353977,-0.220186358131679,-0.161929282158765,-0.224086274509529,0.0504447005121944,0.285848977932411,0.0517410196553337,0.158142432439751,0.246401077954896,0.108128367357656,0.311896506207464,0.225286277992034,0.100450656206893,0.0276208534807613,-0.150142121000815,0.0131735112022587,-0.157720836380268,-0.137793805264324,-0.0515414990981361,-0.0729880020812993,-0.128605722241122,-0.0706476074689436,0.0470091194791896,-0.0636703437457512,-0.0676516748655187,-0.0887451266297882,-0.186797064319102,-0.0915392740255431,-0.219985411949474,0.0904605032428673,0.0232113177214444,0.118824173899411,0.043839713301561,0.00768682306142955,0.0174156828334144,0.0584167430437277,0.152036748501896,0.0105266008794834,-0.0727796897599347,-0.151436125337918,-0.182427765068969,-0.16203566219436,-0.251281894241989,-0.190265180647764,-0.180466366855565,-0.171959635389352,-0.330917375039251,-0.195543214120834,-0.215022083768685,0.133004589777456,0.179232207408327,0.163205272745784,0.203919742221323,0.206701945870924,0.0694423311849075,0.231101383865421,0.140807464845844,-0.0636123839318535,0.0640053472033602,0.267121033434969,0.22032149083699,0.17154113301149,0.198194377373258,0.274400065831581,0.366067667318204,0.247455165937201
"姨表姐-姨表弟",-0.477585454025233,-0.323309136000784,-0.401117046767151,-0.203300696923089,-0.0749286952360774,-0.0765840280090082,0.0015542583400795,-0.331564626224443,-0.178201575833521,-0.278388782660709,-0.501247037562802,-0.361018642918777,-0.18540286011532,-0.23476356016142,-0.378029321574082,-0.360187187861747,0.0315052630713347,-0.201919521751416,-0.0407543023339146,0.00509720498203409,-0.18696875750621,-0.339097066569885,-0.250700312451162,0.0952028737494792,0.152766174004603,-0.408359285555235,0.0495914618853713,0.025843553364938,0.504660055321966,0.1895590333039,0.125845802399433,-0.0532523937780085,0.0763448274778964,0.426511490650887,0.300310301515529,-0.204567545764304,-0.355609541672011,-0.0435545318459576,-0.0894783960690515,-0.23146891839269,-0.0660055859594897,0.352745075909255,0.0362595077222169,0.08892543322979,-0.0359785322145961,0.0867841345429984,-0.323480481117051,0.141573200281727,0.223447072251285,-0.127168767743933,0.0621585877938227,0.279359935695215,0.0376460040182124,-0.209826456438273,0.150855952743682,0.312250734993459,0.526323593973574,0.342680749183492,0.27043353920307,0.484628541632086,0.493942354058808,0.780222680379562,0.703309573591698,0.60424560121768,1,0.14398640219448,-0.300998889448586,-0.411683739938173,-0.382411197980399,-0.417541385458237,-0.185521441722098,-0.00370815972882471,-0.327579030945303,-0.175392132264024,-0.184512511315702,0.00519959327692678,-0.0751497666801565,-0.429212005182438,-0.329299888621452,-0.162849903316542,0.00346500405415486,0.213092446423909,-0.077997097324466,0.1742118037948,0.493713904567611,0.285945337252849,0.428856048578014,0.241499975001172,-0.111154317223495,0.0982552265502204,-0.354003663561115,0.012940943416579,-0.194236081803665,-0.0344034001929675,-0.309703190158958,-0.113674764783437,0.0346768489604182,0.0157272497919357,-0.125292996652861,0.0752154923618252,-0.269869157249393,0.118228272247383,0.0952134511129431,0.28331356092788,0.0894798805964699,0.443590569466268,0.47471376264874,0.495616458071862,0.487909432211943,0.308861617670059,-0.0538603881074077,0.306933396032292,0.151228390106548,0.00783843674362315,-0.0694780932589533,-0.227456575434876,-0.125357724780206,-0.123804909808417,-0.362260335931294,-0.321955014752163,-0.325481351074797,-0.339872567570999,-0.351631235994751,-0.377659375373239,-0.400805994860597,0.110548261422435,0.26383589659594,0.153679381952893,0.273508045208932,0.118392431692527,-0.123815601251891,-0.0164385041969349,0.118812570139128,-0.245786433132659,-0.00351950067688013,0.200552504503942,0.135761265524442,0.180552171798482,0.307680164196367,0.253960587373745,0.437796009083598,0.162879023606883
"姨表姐-姨表妹",-0.177784452107233,-0.139661507951013,-0.236477647100074,0.0441324665220922,-0.127701598765085,-0.0510534392074459,-0.281339437454621,-0.216537400759653,-0.184370174479331,-0.316828473112444,-0.10501715893525,-0.0811539083190146,-0.111992178619736,-0.0533333439469382,0.0726882529273887,-0.095343456365852,-0.0378266005664239,-0.189495055182317,-0.0644488670052999,-0.00015800227406802,-0.0337331377736714,-0.194757391985787,0.0328689533357238,0.261076366764699,0.171910324248888,-0.0848059153527819,-0.00339250480356714,0.0119293666263834,0.00659046240461685,0.0628530502441847,-0.147952562386717,-0.195137114080362,-0.176534600184148,-0.0361986101186721,0.0552129314476802,-0.0336200558783373,0.0504185826669043,0.235155641623567,0.264390631350619,0.19509373914273,0.0697807552419524,0.119956106688731,0.122122275287175,0.20489638342328,0.0387622115671935,0.258672129452001,0.117278104791581,0.350377973651979,0.115733427839075,0.278360552366442,-0.183273411636762,-0.0534780067050142,0.108887739144039,0.0598651619632186,-0.0405970241861357,-0.0643687338632461,0.0524433762171162,-0.0730436054411311,-0.166718551196611,-0.0397046536203011,-0.139151382872455,0.0466715063919656,0.0534211519220997,-0.0336212062356152,0.14398640219448,1,-0.0056909994522596,-0.115521870055917,0.0446957659184851,-0.0261621380291758,0.0249957143524208,0.183988871364979,-0.114641200652551,0.00508884531393531,-0.106659230266552,0.100953016469937,0.0437696302879607,0.0129848584987059,0.0659955550709828,0.239433116254875,-0.171394590286722,-0.185271083399424,-0.166473439075286,-0.329210609218198,-0.177859770918429,-0.0634852404587491,-0.153917626056351,-0.0475807930067491,-0.189141498600974,0.0343937694401571,-0.0808585104439238,0.0980873247145495,0.159168108588389,0.270038058896159,0.0790950546169235,-0.00336334533820641,0.119353607352462,0.280753110355648,0.160409861248235,0.115917513581574,0.006293418698285,0.385070124379447,0.2185328421733,0.265940230558762,0.109202930343158,0.0444403222177402,0.132864879228623,0.122183037889144,0.120735051345038,0.169531853316582,-0.23821442215265,-0.0814500929219396,-0.25910086186762,-0.124044930107976,-0.00769760400191781,0.165619941058103,0.125191890867184,0.240521540136564,-0.119566204426164,-0.146121447112542,-0.134274292571284,-0.0559431358342042,0.137654286923817,-0.0433840044020725,-0.107989482427271,-0.0733365980258122,-0.101636885382166,-0.0683474817057474,-0.0333078786194068,-0.173203169544639,-0.0468244581863405,0.00161028380548644,0.101288473021806,-0.0101176110184877,0.0747427331708774,-0.00937364451317635,0.0950342684516934,0.179183705462907,-0.0327659948160504,0.0577387333826807,-0.0566567512779318,-0.195911735421877
"岳父-女婿",0.254283970380742,0.117935215146493,0.223260971970922,-0.0331113824170865,-0.0579009031584691,0.0810741170188925,-0.0258391051461978,-0.0505265624728068,-0.0575642896905155,0.190054830794759,0.190056588403715,0.053387644551547,0.0118643859568247,0.168306237165129,0.144582678600293,0.326597858962978,-0.0962136903448298,0.214804303973274,0.0266491258142498,0.107659436516629,-0.0594890553100653,0.0105838955383483,-0.0291933340450942,0.0958817996757181,0.0305992076511476,0.00328804790594626,-0.06743616657045,-0.0387200311270157,-0.138921184634378,-0.191631800859935,-0.0713110645063911,-0.001788987278616,0.149861890592087,-0.146019436099232,-0.0504092168775618,0.0656057783468688,0.149834192917323,-0.0623884714268456,0.166025814022396,0.107432918840781,0.163674275001911,-0.0768177813727659,-0.0423608090173004,-0.09378110610515,0.0374963282138674,-0.148779134621898,0.159459308919059,-0.0854551681304111,-0.246987132877684,-0.139433774410995,-0.0165238370586864,-0.263743928096671,-0.0918748196716431,-0.010128762345504,-0.181763880662565,-0.10165900659199,-0.214025716307215,-0.249138946095573,0.0422507032080205,-0.180145683145068,-0.218062626456712,-0.226760690394242,-0.221571409959387,-0.3468542131377,-0.300998889448586,-0.0056909994522596,1,0.664088484683316,0.326674657357513,0.338273443743528,0.0824656510498175,0.256079475464097,0.0515954149487244,0.162609674147856,0.105779146185228,0.0238809909782636,-0.00957387565172035,0.145844624558386,0.113922224462133,0.0581548215945617,0.0782565464682361,0.125375430653418,0.17238041541526,-0.065643566026975,-0.137301579144887,-0.189918461113325,-0.234211987318238,-0.0841737253894933,-0.0453690998825491,-0.121592767114594,0.068229275902559,-0.013821112872869,-0.0238267011947427,-0.165719979132718,-0.0622846721434153,-0.00405367730411947,-0.0342667039207683,0.230130386634688,0.158015748270662,0.0287426428670586,0.0482849255264169,-0.088589204455622,-0.00165867951168718,-0.0840189491717548,-0.0670506023379963,-0.175669317211372,-0.0330788630085366,-0.144400106300139,0.0839739555824941,-0.0586309587099782,-0.0101992698151229,-0.070649276920107,-0.0434022709009493,0.141482890462885,-0.00925111798350005,-0.0476978740230433,-0.193574494875696,-0.136793979015482,0.22462045099355,0.21456791389077,-0.0109274980182241,0.0461791943906757,0.143292750396106,0.195332509963818,0.030066616583466,-0.0601014415499318,-0.0335722063987187,0.0291033528959074,-0.0415540324968962,-0.111505184275915,-0.095738125941947,-0.302815330239696,-0.157898126402418,-0.163554855805265,-0.091716307861966,-0.253657086675689,-0.122686982101377,-0.162966933119459,-0.061896348718369,-0.316632284481425,-0.180339014056918,-0.0978673561869703
"岳母-女婿",0.352086802208425,0.182019677302458,0.25867908151988,0.108235637764632,0.0763417665786107,-0.0424552216821098,-0.0750739202948054,0.0975403658882372,0.0150890323504416,0.220478996329999,0.335565708252151,0.278815138622801,0.197819826397512,0.140150693066891,0.215024412124435,0.322968367773288,-0.00626814915886752,0.186516323946592,0.0703959190654591,0.163277981987016,0.0283402201414748,0.0388156545240636,0.11974555858352,-0.0842253200480148,-0.0329043135680176,0.192914029038076,-0.148721707187767,-0.0620689822817974,-0.3150255160759,-0.157894249394715,-0.125087285313535,-0.0601508196038031,0.0184217253000294,-0.231938475910811,-0.154171530075231,0.152849791071272,0.175469626871858,-0.00620623459538824,0.123619952124758,0.222952846958334,0.129384617706387,-0.146171178143212,0.0140052489278198,-0.0613377004543303,0.0774472161789013,-0.0165166696819847,0.0302945084205805,-0.285865028165004,-0.32882431193092,-0.078367659031893,-0.0258725943357836,-0.307809195744154,-0.0140845994273594,0.0850509146398082,-0.18304730633337,-0.151756401549762,-0.26476895874592,-0.23424078693204,-0.077607272337537,-0.185008107139425,-0.191601875894997,-0.364645745639564,-0.321650445959221,-0.337293265223651,-0.411683739938173,-0.115521870055917,0.664088484683316,1,0.384627839388843,0.567149453506066,0.128479494144694,0.145371967972345,0.051703985217619,0.101623831399987,0.125947426620322,-0.0704136536621552,-0.0135144966510044,0.179191420142878,0.23628520322567,-0.0391970367148663,0.0527134674663182,0.0791525159432067,0.140399501645414,-0.0788941914252275,-0.191714745702304,-0.206532929522099,-0.204207067587357,-0.133229966515117,-0.0768994986265205,-0.202083637581716,0.0322434049117916,-0.177763771885138,-0.117014019549947,-0.197734745377877,0.0827811151079124,-0.0888411044448385,-0.101540413294367,0.0241474346258778,0.0271634622845649,-0.050285841325565,0.101437691764929,-0.0803463111507113,-0.0979337910832848,-0.169237299471735,-0.0636492026524469,-0.237716172504115,-0.212043023301032,-0.281131223921544,-0.153318622477614,-0.151380213220859,0.0486953123134083,-0.0829429109681825,0.00411217827626623,0.0739110456291785,-0.0670506368410855,-0.0247670243402703,-0.193233160424733,-0.0448801232922034,0.231207587136494,0.24838110528522,0.0758282775078312,0.239356025097047,0.187157225582417,0.310501069103674,0.226869742909549,0.0744372967465963,-0.0829156998367036,0.0661549484754524,-0.0377320981790956,0.0193446422323919,-0.0803995766391283,-0.133872469577998,-0.161227451331687,-0.000184754605753803,-0.0413687464522681,-0.187433464329367,-0.201303683523754,-0.251838692575442,-0.241038985406716,-0.318375760735168,-0.241466855428313,-0.13868645029432
"公公-儿媳",0.223420170257734,0.191771356738836,0.131039885707424,0.0930598579217795,-0.0239050347681235,-0.132247651831824,-0.234385707722662,-0.0891333781487067,-0.0756463903446134,0.108318474403033,0.103873752161044,0.245688150685691,0.0645085245184279,0.00935595749193581,0.0937737099110346,-0.00509212439846622,-0.0458720527434575,0.0424759866990208,-0.0750859203766855,0.00399792734266136,-0.0651334075586181,0.00467168261104374,0.0939908374223143,-0.138431061930736,0.00814323629354235,-0.129241411132214,0.0149774244977928,0.0890555849193317,-0.180261458055758,-0.0617698895043412,-0.113356250790642,0.077104635827515,0.160537727348832,-0.0955842062516637,-0.0170246710498638,0.134877934600706,0.176200879725637,0.10815267981,0.0834561705876009,0.16351883593666,0.105437598563055,-0.125784001534536,0.191909998013338,0.110066956692324,0.123073388826953,-0.0544652078596934,0.084484694641146,-0.0903558724115971,-0.0747614662225957,0.246391199673799,-0.2012344615431,-0.174830580596812,0.0434470164428909,0.178304977396748,0.0139628254989076,-0.240511198921691,-0.306517660461178,-0.183154753355375,-0.18693286546227,-0.201898945636208,-0.337803044899269,-0.388190717645649,-0.276353763328498,-0.335697489284741,-0.382411197980399,0.0446957659184851,0.326674657357513,0.384627839388843,1,0.626325093302075,0.0563913865941022,0.119307398885678,0.162422748654287,0.195381741432391,0.174349087696656,0.153108904250015,0.180354156638203,0.402820775403905,0.344444531140511,0.281661190501316,-0.103236599539272,-0.0297625245899516,-0.128111409150265,-0.27627810796533,-0.295753250759894,-0.161077831339078,-0.289587561492173,-0.172203097502403,-0.116947806721029,-0.153325085082896,-0.00533067045666823,-0.126193396845451,-0.0134941957151059,0.0759688936944256,0.195842615229196,-0.15173129847723,-0.0955275436052196,0.0664846357526649,0.146568120938226,-0.0233224168990088,0.0833612977672468,0.00246114945583732,0.0575048902939657,-0.0196989884428503,0.092132828565258,-0.296854453972874,-0.159559772812836,-0.227551783488097,-0.169586914433643,-0.0553398631152456,-0.0982515343808575,-0.0872846421858275,-0.082178045289123,-0.0468334857783946,-0.118519851079895,0.0870325040870719,0.0764532656794407,0.163249565788599,0.0621197552717461,0.0416546766057374,0.00947116529339818,0.124721082853928,0.0777374460154812,0.219767657656177,0.11861244148294,-0.122270339465212,-0.0762182118782604,-0.0559677843668682,-0.105095441747803,-0.111085351609166,-0.157955469206601,-0.0924664464294958,-0.0528341039552454,0.0857563771530607,0.0476845336555852,-0.176249513072473,-0.106188241398027,-0.155654111294898,-0.142742553822956,-0.121972695029384,-0.390760841235663,-0.282939489916752
"婆婆-儿媳",0.448633208690692,0.222337075404831,0.345346335326093,0.237269946198388,0.271492657039755,-0.055147987932006,-0.158803153282086,0.182132697086713,0.151912343265947,0.180217376431474,0.290303750033654,0.326794593833921,0.163136467988446,0.153920663084557,0.286878932022313,0.273516406197728,-0.00247817487798648,0.0441427095706909,-0.0428497449791888,0.0879159198865944,0.0400864943665918,0.0464857612417519,0.102527268137903,-0.143085411936687,0.0488567116449605,0.0852580454872285,-0.193379146008801,-0.0704894628554189,-0.298273179425489,-0.0445537027280433,-0.152729149544308,-0.0233933890478557,0.0601348600598061,-0.113664430871658,-0.224456215083845,0.194754578146687,0.116915441894752,0.0569927707642092,-0.0961371549550873,0.247265000127592,0.0416400528300028,-0.246524752725544,-0.035390074216882,-0.0213074585539842,0.0738235847201894,-0.0470520356421098,-0.0368777034588011,-0.360692988415679,-0.293396361091654,-0.00540486951690809,-0.0816564421638872,-0.334446400517449,0.0339165395081968,0.208890666356684,-0.2611007607933,-0.203081580872275,-0.279945048710437,-0.0578743093551126,-0.11127071496855,-0.14887564863585,-0.176053694613623,-0.368581987714028,-0.356775796468829,-0.315088062044002,-0.417541385458237,-0.0261621380291758,0.338273443743528,0.567149453506066,0.626325093302075,1,0.0696190352063784,0.00953612477648075,0.0156398982620447,0.00577701193489887,0.172973265616406,-0.210954582307057,-0.0850729136028152,0.270171353985071,0.337961779797357,-0.037549437706512,0.0298591154239098,-0.0197857094485188,0.108516566406618,-0.100807535196833,-0.254900945300695,-0.190953183595574,-0.246702690560037,-0.180939696172477,-0.172575457147485,-0.230329036615402,0.0420459924721288,-0.267120016763607,-0.1593286133573,-0.196249008418973,0.246603993133477,-0.130382022574534,-0.232477197618925,-0.0290785780604198,0.0679907929427375,-0.162258488046388,0.0531945055025315,-0.0930968302452406,-0.161743335959982,-0.23094246088076,-0.0694042289782106,-0.205212675085379,-0.181219978491428,-0.28277140079097,-0.166067213271995,-0.0891314062936601,0.109516289872615,-0.0143463199156584,0.109629835790683,0.124506092168629,-0.0100703947906305,-0.00573447812940197,-0.024044619586961,0.0593564086620549,0.16001788980401,0.103760122620572,0.0762010813035222,0.306976229006292,0.0278768663743822,0.182657215940814,0.290554297544199,0.00384105150105099,-0.0725360932472685,-0.0158134293840672,0.0286378925371894,0.06578710694595,-0.112749534039315,-0.00906367976895629,-0.124748432971087,0.161390014033158,-0.0346737949018006,-0.122975191811658,-0.190552769255924,-0.273307482716007,-0.299006198902221,-0.194982559945261,-0.339791842258774,-0.167044129349249
"舅父-甥媳",0.0716975871624544,0.144554131905531,0.132564661354355,0.0714720252241213,-0.00202328715594831,-0.183084491234896,-0.116955404644645,0.121149639829197,-0.068114625869908,-0.145655502320967,0.0815723981396405,0.0167978499728293,-0.0565398338252263,0.167742101839967,-0.0442578868629892,0.0238614919262312,-0.0753323667518304,-0.0332684209110641,-0.0736106485443693,-0.0172033128175498,0.195415023966781,0.193873624343119,0.129892800303309,0.0580781490869245,-0.241851199507379,0.129765629796997,0.114412152682093,-0.0784340729572262,-0.084629333005766,-0.0173154527066949,-0.0336876497478062,-0.169205491348253,-0.0922560461864113,-0.377053892891872,-0.00261822133631043,0.295944988219565,0.231470947351865,0.0757291040398844,0.458191181252369,0.257071650057975,0.450672846396664,0.206440403440821,0.304061897067059,0.252071924025663,0.39074630241815,0.305085013520248,-0.0924540260142698,-0.0398005235109187,0.0386282406935429,-0.0775885073016613,0.252609562911058,0.0203821780273869,0.247510004866477,-0.0349985551411107,-0.0061000243876384,-0.21639601414586,-0.107513983054903,-0.140467606898851,0.0515528608252151,-0.0405016309757903,0.086979869971258,-0.120140762488087,-0.063402124327989,-0.0300940910098741,-0.185521441722098,0.0249957143524208,0.0824656510498175,0.128479494144694,0.0563913865941022,0.0696190352063784,1,0.43488407458728,0.529065792497376,0.323481587469841,0.364740160298285,0.028686877241469,0.0439044632319375,0.2173533184056,0.115378490155182,0.158452959919474,-0.114120735481963,0.108445689167709,-0.0706458135392314,-0.0902062824813942,-0.215189988646826,0.0183726643741077,-0.259612128819757,-0.230083103517657,-0.125597505818468,-0.280784641771323,0.148253613431551,0.311333852031383,0.051834869887007,-0.047836475238919,-0.0741847631818968,0.326545255057009,0.109568615241466,0.260740971748831,0.162998603785106,0.323060987958052,0.579943684811761,0.123427099637299,-0.124984298724165,-0.154147543604832,-0.088656182727234,-0.0279123316244575,-0.293359854774584,-0.365308670716774,-0.431385003444607,-0.527755898961837,0.0627271239730349,-0.152139310022368,-0.239205070957114,-0.134238750984952,-0.213282803394207,-0.144912434843343,-0.120543770942686,-0.209877423978141,-0.200821895296573,-0.245644929778282,-0.149312030563833,-0.0917750755033364,0.0545128304771846,-0.054367258060894,-0.0581428234634907,0.0076616437241446,0.0532057781200634,0.173190799019063,0.0168420016813585,-0.0188981237599423,0.0736047069900857,-0.0903864605154916,-0.0817994864616012,0.0418911262369971,-0.0688835675254721,-0.205883407956592,-0.0885781977416027,-0.324461246449292,-0.415384232038315,-0.389455752830301,-0.335959811775907,-0.39182455379555
"舅父-甥女婿",-0.140750918378482,0.0692502321455352,-0.038106704638082,-0.0159953009612809,0.00364675834198062,-0.0259797041736183,-0.13771118624134,-0.13017498149545,-0.111341392094107,-0.286459574230612,-0.0667137141385663,-0.0228281560804555,-0.0256409905534624,0.132115132447783,-0.0138727931813933,-0.0609220387539274,-0.0226232596457039,0.00834137760309461,-0.0148000251250488,0.110963283044381,-0.0899775556128363,-0.129267180267192,-0.0338522208427712,0.113068882674663,0.0437279870417168,-0.101717227679314,0.0948083223890002,0.0358525987351197,-0.0489520889611128,0.00450019510267995,-0.0982306267558209,-0.0869944161388172,0.0650958259029922,-0.179627241835722,0.170938051074674,0.0132250458301223,0.055992428804573,0.095756074082375,0.427596124456085,0.232113427119005,0.42650373884103,0.326863664178524,0.277810380367312,0.31144372914567,0.136409040223549,0.167570067300874,0.0232575964482096,0.0515050387630055,0.033057198925455,-0.0520646677108907,-0.0856875549105425,-0.055807544566586,0.0549022425082764,-0.086683463916139,-0.0501950312111571,-0.186126618981096,0.00389935567897871,-0.146114665786097,0.00637393665329923,0.0105532890607267,-0.100912674264992,-0.0887914324137197,0.083542460616169,-0.187285385126547,-0.00370815972882471,0.183988871364979,0.256079475464097,0.145371967972345,0.119307398885678,0.00953612477648075,0.43488407458728,1,0.153945187712633,0.390076019825556,0.154916031178095,0.098374531095445,-0.0102114118803056,0.117598304581061,0.109652323955985,0.209122830976916,-0.0895022704539927,-0.0953918664732517,-0.0746562052240094,-0.162953625432091,-0.114081285215673,0.018775256731943,-0.093396283643042,-0.0453397625102146,-0.232137384980522,-0.226289169740539,-0.0437781013246032,0.0913236418394498,0.0194286289140192,0.0248370451772373,-0.220924096433876,0.00850831487263883,0.270811278064017,0.310316561868496,0.251973787988167,0.293160846659975,0.263009457735861,0.389725161268487,0.0162709462835335,0.0998926015857817,0.150789683789512,-0.00931422600195507,0.0581431860365527,0.0376146896508348,0.0191472773408118,-0.183474447493463,-0.243497676943772,-0.124623970958231,-0.285452995776069,-0.136027830294127,-0.0768118257446007,-0.0704506393899092,-0.0430485334878528,-0.00781529565351021,-0.155132245742618,-0.158133111523603,-0.202393002658275,-0.172872406548135,0.138297247658043,-0.0680097426021127,-0.150829778215108,-0.133959615041866,0.00552138749234577,-0.0487186037962525,-0.0139431175634882,-0.164035205997317,-0.149020060436887,-0.189523991533443,0.0107854280662662,-0.0160423227990244,-0.0340027539452623,-0.206924237459844,-0.032335201368363,-0.0712561282504179,-0.090376939260587,-0.277589129094975,-0.298850833798703,-0.242443638738677
"伯父-侄媳",0.0593176421394861,0.116806027977337,0.169829899837803,0.0316492204768126,-0.131497245476446,-0.239190333052277,-0.0966341175833539,0.0384370196555802,-0.148945388613378,-0.0477948621067564,0.130139943294616,0.193060773530419,0.0119146740868754,0.118880775413283,0.0028043976578399,-0.0589053327294111,-0.118915007534858,0.11495792329861,0.0176529310864924,-0.126077053781534,0.186157705556526,0.216742069164481,0.12729959636717,-0.00273449252739842,-0.252949403498749,0.0962825623392781,0.555294314315358,0.412226140773435,-0.000450473997046842,0.0974254180178084,0.189007100859824,0.212279106886035,0.125005946917493,-0.25725008252274,0.152480846861447,0.387874523852862,0.326306022244699,0.107934773318556,0.125188027701877,0.0869203362354462,0.0467033798630919,-0.0248519858117288,0.100979280325948,0.14289298649578,0.120205766639343,-0.0170910465010685,0.0680914680034515,0.120256802884061,0.169365136906616,0.130761089461146,0.137376060687664,0.0782136655734598,0.301609306635729,0.173780084687289,0.0194346300169118,-0.269669586128572,-0.198743876995603,-0.172699881189624,-0.208214994013465,-0.108613747300337,-0.156979368193309,-0.2907384734048,-0.198983088837355,-0.147270169443352,-0.327579030945303,-0.114641200652551,0.0515954149487244,0.051703985217619,0.162422748654287,0.0156398982620447,0.529065792497376,0.153945187712633,1,0.633714183028133,0.303061648350065,0.0956672891855687,0.112961713649962,0.334524817548288,0.0730466095841809,0.20987046497144,-0.0928364858184314,0.0880190102321709,-0.214975697480074,-0.143378110967632,-0.231172660640894,-0.0396976673891028,-0.240008330696226,-0.264315634473045,-0.100955871365237,-0.235741430321387,0.18499939330695,0.251033383063043,0.0827570294325452,0.0179041888367717,0.0675777205622609,0.350692820257088,0.0305326225215133,0.185403667949544,0.170764929500115,0.229201197334979,0.304609996165155,-0.0819232468541668,-0.0126790893212598,-0.154324292861874,-0.0490107675892951,-0.143192490281071,-0.277024920901391,-0.288169066522694,-0.434874592803182,-0.438374044990443,0.0702546266428667,-0.175469404402513,-0.227132562259921,-0.200186128053804,-0.177536960028159,-0.0249733380468836,-0.0218744847982502,-0.120385269137204,-0.13176618514098,-0.0744436879221344,-0.0475345676308277,-0.11213957810127,0.0126046189431432,0.0797437610703246,-0.119463568737053,-0.253206183160699,-0.138256117847086,-0.0332447653159375,-0.18611638906969,-0.212888591125744,-0.00971666457353274,-0.129138461075189,0.0861035005301988,0.0948907214062681,-0.0521386820729254,-0.25645388212087,-0.0567525389568382,-0.348222149817848,-0.331926762454993,-0.337925463415426,-0.413040638956994,-0.354250856481847
"伯父-侄女婿",-0.0793545271798797,0.0209888606087232,0.0335591062005409,-0.0145119395144917,-0.108340124202519,-0.176340782626669,-0.177122133813195,-0.111864615272384,-0.220443741193433,-0.112790365953791,0.14548689321413,0.189952811629024,0.162954079968827,0.132320844052972,0.0681652755425252,0.000682926755588198,0.0112287973661506,0.204163767295801,0.0898309773809025,0.0776515542980804,-0.0857198467271083,-0.0300360193346245,0.0295076622949072,-0.0386791462534137,-0.141183480023911,-0.12534178394725,0.49090699511685,0.610473863033248,0.0044891781159783,0.0985676270993647,0.0797954454182062,0.258698490013065,0.253085389134303,-0.0691528029394653,0.265724799877052,0.322800177051786,0.293782231643094,0.255743979659039,0.238003406833186,0.194757713081314,0.226413927653049,0.1043938852813,0.185390054516565,0.161229513300774,0.0753857636065197,0.0353376334422306,0.0574417625956629,0.110662363443405,0.189440142622781,0.157104428972857,-0.0989843919036345,-0.0875350097516804,0.152858948223954,0.137092403855057,-0.129636150007772,-0.300959448681712,-0.132943762849421,-0.220864147417416,-0.208053549760149,-0.143829369966382,-0.219684802484992,-0.21939901126823,-0.152979318988317,-0.202392908628515,-0.175392132264024,0.00508884531393531,0.162609674147856,0.101623831399987,0.195381741432391,0.00577701193489887,0.323481587469841,0.390076019825556,0.633714183028133,1,0.105878604604292,0.150136476912424,0.0202802566677921,0.24045066881243,0.128622762398358,0.204586392157995,-0.0602939960232499,-0.0372778527767263,-0.0826858390632959,-0.133407842230838,-0.185565185091083,-0.0470009886458762,-0.238012716603207,-0.0406146917125106,-0.167998207879959,-0.264270896695795,0.0669013314858103,0.155617623288405,0.0452441369352191,-0.0822468776051144,-0.064959781670956,0.0341475211206046,0.185483094568015,0.203269533565192,0.233680785901942,0.236058952006129,0.158892106061598,0.125608107949102,0.110063194875716,-0.0264715234527547,0.0463932955038801,-0.229479279574602,-0.15755826457148,-0.15897913730214,-0.158638315692673,-0.263800182620282,-0.0747598679043022,-0.0739400224674498,-0.180379693685262,-0.00891171519620278,-0.10469401575142,-0.0743913968793512,-0.0702204963680073,-0.0882928102766005,-0.177238297924115,-0.0827286344029401,-0.153677831308746,-0.0929888594599322,-0.0111938647388249,0.0706888935038431,-0.0599525064926734,-0.191964911482588,-0.131867832811214,-0.12677381807787,-0.18055206539739,-0.238586671607795,-0.232220293906956,-0.29121894799912,0.00714942767482669,-0.0493319311157167,-0.025654781311092,-0.271258870571813,-0.130973565720454,-0.241311449685536,-0.20079088516948,-0.321040447283082,-0.387218702333886,-0.309677636374121
"姐夫-妻弟",0.277113669233217,0.101475652320891,0.282613356047823,0.0928901166383469,0.112905772272228,-0.0871001218613819,-0.0496942421143818,0.419296250144625,0.137323451155276,-0.145303801438668,-0.086156378414306,-0.0713069855537944,-0.111408131844982,-0.161956216859678,-0.145826351818421,-0.10854029417499,-0.28043496914146,-0.297668693478251,-0.286465024291007,-0.309414610157756,-0.0760739730845031,-0.0448176992211983,-0.0885348623828991,-0.240060522222104,-0.314792996280784,-0.0924045748302093,0.0648731392488618,-0.0470841882300686,-0.0418164202291239,0.0157976891709749,-0.100308065060192,-0.0993852755838612,0.0498286712732977,-0.0950262844386552,0.00177950033913986,0.321146140400526,-0.00575844026325944,0.0760950606480264,0.0939549431193513,0.172456079898971,0.272042417747356,0.131920654984399,0.265228601341052,0.248174722931185,0.401237393085271,0.0484625476774254,-0.0343586691773809,-0.0130307923187794,0.0640870959515931,0.119602861877605,0.119188189607267,0.0930597391829752,0.300449881293535,0.268494661357027,-0.0525262613892437,-0.216818313704833,-0.0379859655676628,-0.0115054773374474,0.0346938548591825,-0.00597633373953381,0.0112050599291763,-0.136184195626936,-0.0912039699588674,0.0116526692247333,-0.184512511315702,-0.106659230266552,0.105779146185228,0.125947426620322,0.174349087696656,0.172973265616406,0.364740160298285,0.154916031178095,0.303061648350065,0.105878604604292,1,0.210896330404731,0.46477074073477,0.339544065685574,0.116140313305819,0.273490841333477,0.0608201371681773,0.380122091974363,-0.182549702456755,-0.270157304506204,-0.305977561350651,-0.250034330003492,-0.346254399684628,-0.363339263125837,-0.154405913667371,-0.296822621568091,0.00112910408244212,0.194525425158732,-0.229020165552225,-0.0721844551001182,0.169363642131225,-0.0350698922434401,-0.33757531228191,0.281118557854117,0.171025704953752,0.045889910761992,0.214670587037426,-0.116217795249784,-0.195586302741601,-0.258292208369399,-0.149838128146394,-0.23559947083876,-0.342283964178586,-0.355494520897682,-0.406881282534124,-0.456727994749783,0.0231406682591723,-0.113623337896782,-0.161471276092557,-0.150476860601779,-0.0706919042728024,0.0435682683600101,0.1527928618832,0.0266172531142467,-0.0785333142536131,-0.0839464599833259,-0.0464214756712871,-0.0192607444778013,-0.0766710709482701,-0.108272801153407,-0.0416494870873353,-0.174335094076339,0.0295682851190417,0.0300955841079946,-0.0434952539989511,-8.55746233297232e-07,0.119141613266998,0.191291448172164,0.150982128165778,0.433485839820797,0.066563765807456,-0.0369205028253456,-0.0208310805113654,-0.0753584126798786,-0.245300083614348,-0.0684911822549576,-0.301672924747485,0.0308468186373595
"妹夫-妻兄",-0.0582016822042773,0.0346244480492408,-0.0735571706289074,0.0224972341777448,-0.0926809753291631,-0.206654120281688,-0.110121711350283,-0.182614382384742,-0.341422576819721,-0.314082415025454,-0.312373510340443,-0.15727093394815,-0.0337848861597547,-0.371869963371125,-0.309100643910794,-0.355286262335848,-0.0703350873147751,-0.233608830855108,-0.257871639384345,-0.203357376566564,-0.228565147194426,-0.163710146865104,-0.136524580539076,-0.225550145021343,-0.247400754012674,-0.313547175196185,0.143673490822776,0.0417988659264947,0.0711104563778864,-0.036619138404426,-0.110494301444423,-0.0598991270057037,-0.00799028298661336,0.0288615124399887,0.105907188141959,-0.0733421950102872,0.151800359279532,0.0153802331918753,0.227019924268579,0.032579284078647,0.19153753592749,0.223929201284908,0.286378214274097,0.267041789071991,0.132292862191864,0.0883161234763491,0.177794881976736,0.550430985708384,0.306621641702581,0.344509415804035,-0.0773542434773215,0.256298189030324,0.0264116425162912,-0.0626557552514684,0.18983633679177,-0.109966988505464,-0.0720444029113096,-0.12741960796947,-0.100454893256505,-0.0471276550816691,-0.174951868062296,-0.117061824952409,0.0339832503725569,-0.00462781728015284,0.00519959327692678,0.100953016469937,0.0238809909782636,-0.0704136536621552,0.153108904250015,-0.210954582307057,0.028686877241469,0.098374531095445,0.0956672891855687,0.150136476912424,0.210896330404731,1,0.782704429957315,0.398624006822918,0.219191288276835,0.583843918699233,-0.0799468773120038,0.127926004680455,-0.210156243929285,-0.424044775205822,-0.23596054222785,-0.108228069583969,-0.272201575023774,-0.223855367301422,-0.0212202805670655,-0.026853700514617,-0.0632571423750388,0.172059481908149,0.109587376103336,0.461180890195859,0.119024094160529,-0.187946552635809,0.0242133644420356,0.117401610897228,0.126717271795585,0.142076152469435,0.0199345978205757,-0.0225807188425869,0.160359986915193,0.278967106094269,0.128026626601915,-0.168774817770941,-0.153920106067053,-0.0936525402929986,-0.120150829650159,-0.135866821013525,-0.142446313983469,-0.0338475480561764,-0.237934692544498,-0.291974098712602,-0.0106994707880739,0.162217039240177,0.279107315715286,0.313010266548528,-0.111311227183084,-0.0693821757438071,-0.0850742609563914,-0.0648124715837494,0.0484081305193671,0.122467698362958,-0.162141723659294,0.0539872226054991,-0.00772763087917556,0.0605768658236405,0.00394755380754432,0.05074398449836,0.0628724837998671,-0.0727966683810346,0.164486220569639,0.0971285255983242,0.199718196184544,-0.069004774118203,0.0412523389784901,0.0328322998260307,-0.0383051385012848,-0.0102859118276665,-0.124060024379196,-0.217478664022648
"妹夫-妻姐",0.0978327679924322,-0.00681648320297027,0.0570280449550232,0.0565643458390603,-0.00966019238972632,-0.237200921797018,-0.101738198656663,-0.00129247661115437,-0.151670501267308,-0.303836901160948,-0.227381653307412,-0.147915326246083,-0.0468996900926671,-0.417436661197965,-0.298795547428825,-0.371220794961877,-0.219867622975972,-0.34034886029813,-0.360252107948247,-0.376858487888465,-0.200226703263122,-0.131031069560769,-0.0794960469404059,-0.263329344533801,-0.335315929613668,-0.254044077353323,0.0443605827529017,-0.00329090993363474,-0.0424139985942931,-0.0575145918775254,-0.144273904842682,-0.029854838676973,-0.0452975252572921,0.0205016752495954,-0.000986027731094571,0.0180176269341796,0.0803010183238088,0.0329136161731287,0.130705532007565,0.0537382163809842,0.175029707820704,0.161269624142843,0.228527377549244,0.250347537949578,0.222040601401964,0.182711656266611,0.0560728344650322,0.412219115198526,0.229669609047628,0.255163505981034,-0.135311724378971,0.287695906232898,0.0807518405067108,0.105378755842618,0.186016595322183,-0.115102780573415,-0.104853580436773,-0.0781983206377576,-0.172355223359422,-0.105683720484517,-0.140763289550523,-0.132032295080174,-0.0561637255669961,0.0519951981353977,-0.0751497666801565,0.0437696302879607,-0.00957387565172035,-0.0135144966510044,0.180354156638203,-0.0850729136028152,0.0439044632319375,-0.0102114118803056,0.112961713649962,0.0202802566677921,0.46477074073477,0.782704429957315,1,0.442937797243952,0.263601681745,0.546495205829896,-0.0346328745873067,0.164051783878159,-0.220055104912179,-0.45205979873624,-0.331688289208917,-0.217348059392717,-0.264856772324189,-0.273358706771516,-0.0993534925724519,-0.0540736803610323,0.0135012544214903,0.183369436909331,0.105592496716668,0.40077060076782,0.34332520762959,-0.166375172602301,-0.0871235719011315,0.0393340272776277,0.142502078961776,0.0689715283526584,0.106274635735068,-0.0148887957051702,0.0412943287926786,0.0579354584269378,0.0929096974118366,-0.226913933373621,-0.271140015085815,-0.235383567395158,-0.288993965940941,-0.204322835926344,-0.11642057707897,-0.109977389491568,-0.204387433671174,-0.294838570688484,-0.143353591996495,0.22182383378844,0.313555832165968,0.327786088795283,-0.0346068458617734,0.037271673942138,0.0031535295905195,0.0663731911907021,0.0611515400123722,0.151610652134542,-0.0890286896384926,0.0227407995458698,-0.0129986943153839,0.0746561529710294,-0.0145048140542091,0.160492137920795,-0.0155682275349709,0.166523984114618,0.126113067354521,0.251823524784178,0.100127351737625,0.0393647145833102,0.100828010092933,0.0992453814141071,-0.114525720754402,0.0970563486588946,-0.189744494936079,-0.112435300025679
"叔-嫂",0.365074796016321,0.0604379288308763,0.23670698736398,-0.00046515038624718,-0.110058987153205,-0.0460656185595963,-0.120062735399877,0.101805133562171,-0.0908618330583858,-0.159734351984538,0.10658033246164,0.0994376690443379,0.0172050521872844,-0.160380989350537,0.0841234257899927,-0.0042334899683544,-0.174103423287664,-0.0534332014106178,-0.0848131508137575,-0.216000441240283,-0.0727889651113548,0.0305299860457237,0.0307655530409378,-0.314280344354019,-0.346288999535977,-0.0120635911130367,0.0284907186027242,0.00115738540386173,-0.261588286025112,-0.195138830862433,-0.0758305380494278,0.113584017227199,0.170121950436466,-0.151454549534305,-0.000996038707917356,0.272459570673497,0.378410368542589,0.158313952276551,0.117902692258412,0.303154527240589,0.213031459486495,-0.171977007077859,0.126666550431339,0.00261536133676901,0.0571008346080678,0.0246212681023,0.275280347162561,0.0563244735699422,-0.0753017624429859,0.17492103021855,-0.0301191232213918,0.0207165695098662,0.164628679148264,0.277809952132586,0.0327344951600186,-0.198740798041747,-0.340755094409353,-0.22202381096983,-0.155241043138366,-0.318913910066544,-0.319161376861901,-0.360758081129269,-0.386039835454947,-0.220186358131679,-0.429212005182438,0.0129848584987059,0.145844624558386,0.179191420142878,0.402820775403905,0.270171353985071,0.2173533184056,0.117598304581061,0.334524817548288,0.24045066881243,0.339544065685574,0.398624006822918,0.442937797243952,1,0.644937169976543,0.521453030132841,0.103591805804545,0.00663251615673216,0.0272551407914894,-0.354443892651341,-0.558883689027628,-0.33807848558557,-0.515502135559323,-0.283603947402149,-0.0920690345723202,-0.140669285496025,0.325715716164905,0.0858244395844828,0.149646847209124,0.12370697916563,0.351344981478174,-0.0700381144479923,-0.0139486949778465,0.126532614107959,0.437385903344544,0.00979283613322114,0.280863051753997,0.000880308490749246,-0.0583192194409589,-0.21440666217742,-0.0573232837736899,-0.397692163786154,-0.414377527949322,-0.406165755165269,-0.430702473487319,-0.331290952006819,-0.0223748695186542,-0.162299140365249,-0.133619369938017,-0.0824566313799196,0.0772819843000058,0.202223601604742,0.220226506090269,0.209075319694264,0.0654512842566074,0.0679358203224512,0.133305372776353,0.217294651662439,0.129413847612679,0.207991784924257,0.147848841225037,-0.143042973812638,-0.267006562319056,-0.170860027607673,-0.229805450046615,-0.0827151473717161,-0.0899771392033212,-0.0975636829415888,-0.0332828560089612,0.248617182792777,0.0176783521286457,-0.166436795611954,-0.097460954082222,-0.125834637838272,-0.200380134983258,-0.131385550347432,-0.417402581939493,-0.17376935528023
"姑-嫂",0.458583697259262,0.196214274769215,0.292163460483821,0.285033880374292,0.221547610621741,-0.0410760533307091,-0.139531115280464,0.0899366316952852,-0.0276959410219001,-0.229378576789814,0.148908243493522,0.181889555870258,0.253458433875037,-0.107903542536014,0.182327434983752,0.0243293723558786,0.114258554152231,-0.0192994493319178,0.00386307632980402,-0.0170904069710133,-0.0919205638425764,-0.0513356645538282,0.14579604513542,-0.28866639687627,-0.14130530081885,-0.00204725776975142,-0.179202841478382,-0.122921680961574,-0.295574078317725,-0.226806914823868,-0.29181559241199,-0.119924659183443,-0.0185252782418847,-0.133567867626147,-0.150676703501313,0.0626363715803729,0.263939614301675,0.222405570678134,0.0658271016891302,0.310514697647789,0.141896990986417,-0.0814724783952652,0.0880250117958972,0.0686227451480273,-0.053769427141403,0.140756660036743,0.161186072644729,-0.00679458669032681,-0.105464870552339,0.0842864017185045,-0.15486818643402,-0.073372446123718,0.00922868839960221,0.0745216046142621,-0.0574689365747751,-0.210733150089587,-0.304500332508698,-0.125635509106865,-0.240286319801782,-0.384264400547057,-0.36099115038563,-0.330416406118229,-0.371971350127612,-0.161929282158765,-0.329299888621452,0.0659955550709828,0.113922224462133,0.23628520322567,0.344444531140511,0.337961779797357,0.115378490155182,0.109652323955985,0.0730466095841809,0.128622762398358,0.116140313305819,0.219191288276835,0.263601681745,0.644937169976543,1,0.300264556098221,0.0445251697953263,-0.157328503754139,0.144911130757274,-0.366566716023533,-0.452766203594405,-0.365814000493493,-0.367978943789645,-0.158812408054512,-0.197172577923672,-0.212955604338048,0.195713637424931,-0.0922803456181397,0.121702449073203,0.0463778088952859,0.253464145005756,-0.13430627994211,0.0623960265017275,0.0798296499756724,0.289492176403739,0.00370295321491236,0.15427587901886,0.0807359450032389,0.0629595286902816,-0.0138288423246268,0.0442528404899237,-0.341519578021521,-0.336684859724106,-0.307517793996934,-0.260034293503779,-0.155747463888908,-0.0537203521270975,-0.0497885732462268,0.0919459577348653,0.0845394928222791,0.00176081491029849,0.205041478998201,0.14519974667307,0.19016892207622,0.0706596218301363,0.196620469677743,0.0914620965232713,0.285107020840461,0.0759245928175902,0.182047485773956,0.161024172854789,0.106630262349353,-0.161869658803814,-0.0518929125082097,-0.10588570438787,0.104130070282644,-0.164753194949357,-0.0825126620281623,-0.106675486909928,0.0855941355742145,0.109912337951637,-0.0825444353035633,-0.136511279232671,-0.178475906396198,-0.272911649347674,-0.157824682334278,-0.355824065656089,-0.262698797499991
"弟媳-伯",-0.0271431512755654,0.0796831628342858,-0.0576839761825965,0.0786757752155243,-0.118038357605363,-0.10867612230278,-0.20768061228042,-0.0627182006349722,-0.303695863206818,-0.28980934744995,-0.192172239963348,0.00824014113443148,-0.0980916998838483,-0.138993822905736,-0.0584739039720325,-0.265032856296123,-0.114978154285164,-0.268389249933075,-0.238960461083238,-0.136602913170664,-0.205466796568586,-0.130921482159587,-0.0995271216030909,-0.0798661547718521,-0.121241496244906,-0.181105770947334,0.153848239104918,0.0740008609536382,-0.0169452533921049,-0.0710279535827855,-0.0634722424702339,-0.038727718462766,-0.0246226716609436,-0.134069137867335,0.116109765535268,-0.0417285026747845,0.173982925601938,0.127071251916052,0.411734225906234,0.17140883061387,0.172097521629473,0.0863324977605819,0.226650705740626,0.16291104152293,0.0134301513736866,0.0149988708709057,0.257513469847238,0.419374095207078,0.186825442980278,0.201919569111895,-0.208495090687664,0.0948241336335208,0.134953701778646,-0.0676228042540788,0.126179323489582,-0.325949100841314,-0.073882332744924,-0.316409552006246,-0.198765692406431,-0.187886904339604,-0.363945789920105,-0.272246855098206,-0.0958077227862565,-0.224086274509529,-0.162849903316542,0.239433116254875,0.0581548215945617,-0.0391970367148663,0.281661190501316,-0.037549437706512,0.158452959919474,0.209122830976916,0.20987046497144,0.204586392157995,0.273490841333477,0.583843918699233,0.546495205829896,0.521453030132841,0.300264556098221,1,-0.0273619812003088,-0.126261991552932,-0.185840668693222,-0.387066752732821,-0.341536594774081,-0.181034360108861,-0.455774997465375,-0.251569791586923,-0.133270416565682,-0.0093584189854001,0.0415093205184762,0.0748638422375474,0.218570200988955,0.491277152679064,0.0480034105794294,-0.0105438337905131,0.0156467560807652,0.335138209538658,0.169205834465875,0.305683627416906,0.0654609896653286,0.139470172497322,0.188507729177083,0.175276391052123,0.256300050113426,-0.178613856982229,-0.11643969447812,-0.103336311739967,-0.157377442716806,-0.164892836785647,-0.220162728981169,-0.071576851346324,-0.302398045660372,-0.208507617254403,0.112686831110643,0.213844534419495,0.310800626513885,0.26429355484825,-0.0559270235873155,-0.0807465126996129,-0.0317174756075475,-0.0231097196013328,0.218727859203205,0.0494100337322321,-0.0513804062877249,-0.160667214932364,-0.138272541900372,-0.118586073626449,-0.169770609203828,-0.127955385378961,0.0918140394689874,-0.0277348147311432,0.191146463544264,0.274796031626467,0.222146268866916,-0.157238105689641,0.0508698608740772,0.144018058185786,-0.0990188420125349,-0.0896446363477853,-0.326764678531507,-0.232843749860884
"兄妻-弟妻",0.0658334680233371,-0.267809475236906,-0.0761484331248813,-0.325954501455693,-0.142472349919074,0.201153886458811,0.140707765084017,0.100266627561316,0.153632401276514,0.0667956822387591,0.0540353381191332,-0.0815773101993171,-0.0512945513560041,-0.0660888280240729,-0.0320969278147271,0.195473391022836,-0.0936310746892289,0.0732567207785818,0.0121216437704775,-0.00436572878836227,-0.13543184440078,-0.0551701091988369,-0.0984491050049698,-0.186634771896109,-0.11567418475695,0.0664789324874241,-0.194862907272115,-0.0411948172557986,-0.10896689922442,-0.173360664314699,0.1539366445183,0.266845899153095,0.219116939611553,0.124254542253453,0.00906029980414783,0.0277455305750644,0.0107686610334921,-0.0278928983002213,-0.201509338796307,-0.0886854281887851,-0.00315377077340111,-0.266406943320045,-0.284596860043019,-0.393587018831051,-0.245043682814244,-0.126303742106801,0.123937343736264,-0.244112773606913,-0.212703805036718,-0.23101057292663,0.0271078055706442,-0.0756626749549955,-0.130247957527891,0.118740914997695,-0.0358401374253667,0.277327881953613,0.0448371936355076,0.110239537376121,0.100823772999849,-0.0433323912304311,0.0538395030219505,0.149047475756208,-0.0311068789269332,0.0504447005121944,0.00346500405415486,-0.171394590286722,0.0782565464682361,0.0527134674663182,-0.103236599539272,0.0298591154239098,-0.114120735481963,-0.0895022704539927,-0.0928364858184314,-0.0602939960232499,0.0608201371681773,-0.0799468773120038,-0.0346328745873067,0.103591805804545,0.0445251697953263,-0.0273619812003088,1,0.169224825360728,0.392817642126537,0.266143687457015,0.0808190410163978,-0.120708686647004,0.000934129557890676,0.240261214928709,0.0805656349007511,0.187526694967772,0.158512855496526,-0.0521214339804191,0.0480196182296794,-0.159831432106011,0.0934924260120856,-0.0538518845677185,-0.0496583782596187,0.0402606685221895,0.101719385308656,-0.14909770860448,-0.0399537703423438,-0.0165043372075021,-0.257000702297594,-0.363077959988458,-0.142302515887758,-0.0190964107336088,0.00535488909614805,-0.0264872605374986,0.0449238734700639,0.0624908373746588,-0.0456055106753372,-0.0479242060961508,0.084612227212554,0.332782119781327,0.197274062984896,-0.112461660668081,-0.203874256138898,-0.214698561197414,0.0398138754458461,0.0162802432430824,0.0163079933746301,-0.0222533779932394,-0.017776679899661,-0.0708434591448893,0.0519239445676229,0.0205491093651761,-0.0855382489374628,-0.0977711751605569,-0.154965680364518,0.0701297502883303,-0.0475473690131529,0.0109133355476922,-0.139603980775947,-0.040899851519859,-0.151479584582084,0.204385750257935,-0.0660815247418521,0.128574854981041,0.139772226349589,0.00190739928781863,0.196679075584414,0.391987542977031
"姐夫-妹夫",-0.0235074846153021,-0.130085007025277,-0.0610391985388451,-0.178858288095649,-0.177360651937158,-0.166123308027792,-0.043667439320157,0.0437830643933868,-0.0834767706493433,-0.0418584626803373,-0.241192114382349,-0.293563500519916,-0.28172914758378,-0.269717475632876,-0.440637203029293,-0.14678506530306,-0.259856797413843,-0.154321689371989,-0.178766667299123,-0.195773422604835,-0.0898510434778113,-0.0600818561946904,-0.272387520445568,-0.140657597521485,-0.351990680101236,-0.132252018921372,0.121200860859456,-0.0103739367539543,0.273627680476855,0.0405805172797683,0.235895277500517,0.0481302703542114,0.188254092655757,0.103282247793743,0.244400148027948,0.302491266062364,-0.0269957054643585,-0.0608006881034484,-0.00365216571142499,-0.0798616252281251,0.172444936424052,0.109072202550696,0.132213727124032,0.00568322675876046,0.347615779060818,0.052302150851935,-0.180297665184646,0.00717413462552615,0.00846687816728022,-0.00707561432609333,0.394309063445057,0.125592413846524,0.0905556496990996,0.172714427808471,0.146751220162616,0.330490503334884,0.189473736323301,0.207942941304388,0.278939527324405,0.3053112611962,0.428511117071911,0.339591226595164,0.272781338086067,0.285848977932411,0.213092446423909,-0.185271083399424,0.125375430653418,0.0791525159432067,-0.0297625245899516,-0.0197857094485188,0.108445689167709,-0.0953918664732517,0.0880190102321709,-0.0372778527767263,0.380122091974363,0.127926004680455,0.164051783878159,0.00663251615673216,-0.157328503754139,-0.126261991552932,0.169224825360728,1,0.0167914231615595,0.0882013094442893,0.15871747897317,0.0336885365647422,0.0143083219113052,-0.0427555704237297,0.0700243142758433,0.0142975301610225,-0.113376601041507,0.237150247032398,-0.242678099786636,-0.0962702776410828,-0.0817967350950513,-0.156878397465724,-0.306179554164658,0.0840809379932564,-0.0250785705392269,-0.063956344459664,0.0278266087854613,-0.333597071626026,-0.276814739646049,-0.223023003342316,-0.196374340134605,0.119438031510081,-0.0416783029294887,-0.143590008595472,-0.0866372123360155,-0.226046279689563,0.200831792886464,0.0979310284761545,0.0422888586246533,-0.132194323431625,-0.235549393420491,-0.257500354781791,-0.208644059237405,-0.329960600169461,-0.155853033789116,-0.249236480813298,-0.202083951245697,-0.180107839739129,-0.23038873560225,-0.118896609227896,-0.215508067547534,0.118390783294315,0.216818089847691,0.262899380746324,0.0730747537286463,0.104480414469768,0.00749903778591873,-0.0978151451583459,-0.0698906153717045,-0.0999524321099891,-0.116407730180544,0.0887826621526093,-0.075262049830374,-0.117022690853719,0.0507443709015245,-0.00181843961502157,0.301846197169959,0.188486983050324
"亲家-亲家",0.228518017430569,-0.149626481193098,-0.00666994322074218,-0.19610960466347,-0.18703276193053,0.337300152822592,0.131440563726102,-0.0256556067477453,0.13825070452101,0.217285489795254,0.22853323151128,-0.0184424381606502,0.0397445748018777,0.0445876118994756,0.135131553398759,0.348642392090998,0.0487855169921932,0.342419475583652,0.108898050778352,0.137738759194043,-0.0606092339227287,0.152521944761862,-0.140510524257118,-0.0622167869564391,-0.133828551803343,0.184886709565168,-0.408964267666788,-0.248509853496156,-0.267621507206269,-0.442623497803756,0.0198759326994978,0.0170577086177602,0.0219031956364765,-0.118378044082016,-0.251199322485052,-0.0584497044275919,0.0487851955729565,-0.162654707526414,-0.179912329344899,-0.0622521247841281,0.0411439952464197,-0.413344853178301,-0.352863198608882,-0.60828816288467,-0.266736704776654,-0.128811092457531,0.104710911017694,-0.312406057939266,-0.485159759732888,-0.329608282284181,0.219480844342334,-0.265432809989245,-0.276899754777983,0.0165984843730678,0.0501779001025544,0.324219336978953,-0.0529716768736885,0.0812973025502346,0.28769217746771,-0.143965210792385,0.108821146625065,0.0781758059678143,-0.262030522618541,0.0517410196553337,-0.077997097324466,-0.166473439075286,0.17238041541526,0.140399501645414,-0.128111409150265,0.108516566406618,-0.0706458135392314,-0.0746562052240094,-0.214975697480074,-0.0826858390632959,-0.182549702456755,-0.210156243929285,-0.220055104912179,0.0272551407914894,0.144911130757274,-0.185840668693222,0.392817642126537,0.0167914231615595,1,0.439131160845562,0.00667995529665018,-0.162343639459519,0.0168181976484564,0.428522546037727,0.347793570235493,0.306059735497256,0.330470245076675,-0.252627323960674,0.152475622973988,-0.269161778413835,-0.0118127166810431,0.0683230204778062,0.134322496922111,-0.0478699933135694,0.17183994573453,-0.0236777625024793,0.0992990227425442,-0.139182364043312,-0.151300722124161,-0.358087257609655,-0.215964838977241,-0.0436898142426846,-0.039196356775482,-0.187856822889996,0.0525852849216038,0.078532253861202,-0.0336606990972518,-0.108899838681619,0.250612771715571,0.347195791810342,0.361790635518557,-0.00585660318531375,-0.254256292663828,-0.285673626025567,0.32785291717891,0.177488378423952,0.197412899710086,0.099872894882688,0.207922076252561,0.0213992151674157,0.275413503146151,0.23041012860284,-0.14548830698184,-0.0840533884977149,-0.0568509320035316,0.0970817382054671,0.0372654144527115,-0.127925747187449,-0.386966547977896,-0.291660401773074,-0.0121884481821825,0.147710885101907,-0.113394622667421,0.0419898665578299,0.132320373392052,-0.0703425950312816,0.175285999837653,0.319833637873793
"从祖父-从孙子",-0.16954698122269,-0.191714708398829,-0.194559501882009,-0.334738605184031,-0.191916538761367,0.180461776247337,0.196970670609396,-0.0464496415395022,0.183687294767807,0.297749212085381,0.0950091115352912,-0.151877721223244,-0.179740213331061,0.253775898582495,-0.0530118100919622,0.13853600428609,-0.0776359280831154,0.226916955904804,0.127920681037654,0.179038096879975,0.106792549844886,0.206578852388766,0.0268446738461141,0.182523594594805,0.0838164598573134,0.255694966374811,-0.0699488937136888,-0.0332685016809688,0.0265689359743393,-0.0992696027322367,0.290413023097169,0.149490352068317,0.155182515133976,-0.0290748768762584,0.0325513497956878,-0.0457254731900098,-0.273532612195139,-0.332932872116868,-0.294149377411102,-0.353467633801771,-0.242442709646388,-0.344956749967784,-0.428381982799766,-0.435808839757589,-0.266218833288759,-0.336594882380618,-0.138117138509859,-0.419463352427869,-0.239759563801808,-0.449618403540967,0.191444167231879,-0.101125037325393,-0.126152820981805,-0.106428601569323,0.0615780784877192,0.302311372210185,0.237461674639754,0.191222217539826,0.20142967828155,0.160663654211886,0.408500058211316,0.237334807128461,0.225278427590561,0.158142432439751,0.1742118037948,-0.329210609218198,-0.065643566026975,-0.0788941914252275,-0.27627810796533,-0.100807535196833,-0.0902062824813942,-0.162953625432091,-0.143378110967632,-0.133407842230838,-0.270157304506204,-0.424044775205822,-0.45205979873624,-0.354443892651341,-0.366566716023533,-0.387066752732821,0.266143687457015,0.0882013094442893,0.439131160845562,1,0.644618538837352,0.435106709565131,0.514117863248239,0.441726995423076,0.334051939992375,0.320665445238273,0.0401139689380925,-0.258947405859753,0.0480019736049486,-0.26558065765128,-0.229389160520534,0.228131015297376,0.113001022632236,-0.0820217903735471,-0.147529690301509,0.0357982282371713,-0.196921024918178,-0.121966762073812,-0.183059684026432,-0.180156110464651,-0.0863463614767415,0.337152315917698,0.315873296400382,0.209271546465781,0.19268206901557,0.176547388149389,-0.00459121423137632,0.0401888453159404,0.107583281990334,0.221834008079023,0.090198972023564,-0.276456030934952,-0.373578129133355,-0.432179280838743,-0.0611931404629623,-0.150634633709256,-0.0889328604942638,-0.171815172641271,-0.046386005799234,-0.173139953964163,0.0505411840612079,0.0533272825828301,-0.00267166610026961,-0.0951957082818882,0.0545025288847773,0.0598956107647612,0.0824931001108652,-0.00707554122185752,-0.102220381260868,-0.228784228785339,-0.214860467776359,0.0930510172881211,0.113369978247673,0.108698134326272,0.23320002484576,0.0704986131511342,0.350306522711751,0.282050725118148
"从祖父-从孙女",-0.380380297583746,-0.149949507617464,-0.28644315495569,-0.19942435222707,-0.0570909371759783,-0.0036614589259667,0.155127065649721,-0.217880330909478,-0.00399165517621833,0.0817605311581832,-0.152790515290097,-0.202977120050601,-0.116697255045575,0.134902202530926,-0.214236383106684,-0.0778504987958258,0.136525397002632,0.00482974164245698,0.136022001703051,0.274438020915136,0.0390835195894532,-0.100434262517155,-0.0127922203788707,0.290322819911247,0.269301655975319,-0.115993645647221,0.0486241511854241,0.0169183599512785,0.34195055699789,0.175897129674013,0.322987362931789,0.0661900442629127,0.0593167329130452,0.16811815177764,0.15862857128315,-0.224771333710096,-0.417570960602063,-0.28319876539965,-0.262725293550475,-0.430255994413295,-0.32828366809615,0.0762795801727834,-0.249463712091323,-0.075852349587468,-0.226078418558236,-0.208389480134321,-0.37275627128475,-0.135935351776195,0.101652038334643,-0.312600040033247,0.0717194233140544,0.0909796772592209,-0.144400789806436,-0.311257936966485,0.0723455303108161,0.278340094353169,0.446253684012595,0.269170642894722,0.0147859964524889,0.372541945043303,0.39448612807533,0.413743363923551,0.549965658820754,0.246401077954896,0.493713904567611,-0.177859770918429,-0.137301579144887,-0.191714745702304,-0.295753250759894,-0.254900945300695,-0.215189988646826,-0.114081285215673,-0.231172660640894,-0.185565185091083,-0.305977561350651,-0.23596054222785,-0.331688289208917,-0.558883689027628,-0.452766203594405,-0.341536594774081,0.0808190410163978,0.15871747897317,0.00667995529665018,0.644618538837352,1,0.583026264812341,0.723181494343355,0.383523600162918,0.0729582385287152,0.176734056639208,-0.387932297436511,-0.227552990220401,-0.204657570395365,-0.12022100872407,-0.392279981356981,0.0311740482317048,0.0349431051683517,-0.063373687412162,-0.41423008678659,0.0937467819285233,-0.504133310962086,-0.0627271448120423,-0.0506261933647142,0.289398122153293,0.101053391243306,0.56953344180344,0.562704306204253,0.533875447914188,0.490355002223892,0.342539181279277,-0.00683891963078785,0.226043767739697,0.127091512849603,0.0739414145324034,-0.224417539054671,-0.388905890096782,-0.327956093226109,-0.362245969985275,-0.326517739617887,-0.211923346422206,-0.356032230189477,-0.339749831160987,-0.249765769396506,-0.249974783950521,-0.304103884582451,0.0976014871051253,0.209624066354683,0.140079681568179,0.203862272008853,0.10326683431858,0.015221520714084,-0.060429548988062,0.110111920238508,-0.298349989278345,-0.136563059570468,0.125560185490198,0.139329515683776,0.10808376118003,0.236167112529976,0.0897381167553902,0.48190937922458,0.182071255968465
"从祖母-从孙子",-0.448636936554203,-0.192238235517891,-0.405987332716134,-0.270693893489484,-0.200983392676803,-0.123007601787053,-0.074320618055129,-0.282932823922687,-0.0905071227902885,0.0519402337826241,-0.099817286809675,-0.00945589086052494,-0.114505512215467,0.282779278818157,-0.211391951939517,-0.112150733712588,0.0266647147912086,0.063995210828796,0.066987226920399,0.285711633068189,0.222152371245159,0.0948830778127661,0.0809709578235013,0.341451794240096,0.182474836728439,0.00107317914069396,0.250426469128709,0.076430445348972,0.300537995360223,0.189551792379966,0.246434198067093,-0.0105271472820922,-0.0447756602385698,-0.0422967805397915,0.228739807235505,0.010545738966929,-0.217519116466577,-0.150531954093517,-0.0788184174743322,-0.317211589343646,-0.238855827704491,-0.0159201832635969,-0.164944317358921,-0.0463530316699004,-0.104119707164592,-0.0442214655417714,-0.305808405627138,-0.076810490111559,0.162792814349368,-0.123367095451694,0.0222177654930453,0.00676690882803445,-0.0868478374979343,-0.213028465376674,0.137867427056206,0.0867073086092506,0.253098153492463,0.110367548703256,-0.0506323666809902,0.160074949448306,0.284868123527992,0.223437812084929,0.369396365701099,0.108128367357656,0.285945337252849,-0.0634852404587491,-0.189918461113325,-0.206532929522099,-0.161077831339078,-0.190953183595574,0.0183726643741077,0.018775256731943,-0.0396976673891028,-0.0470009886458762,-0.250034330003492,-0.108228069583969,-0.217348059392717,-0.33807848558557,-0.365814000493493,-0.181034360108861,-0.120708686647004,0.0336885365647422,-0.162343639459519,0.435106709565131,0.583026264812341,1,0.599100951276025,0.281720842662771,0.173984140013621,0.235631524343748,-0.161717773460432,-0.0329924716404732,-0.0404367398202912,0.0856431672280373,-0.227947998175426,0.131144967895628,0.148196826358703,-0.0410815192683439,-0.145971782034686,0.210178476138762,-0.219609163484854,0.06595488434162,-0.00707562509156596,0.176626188659411,0.104940939542032,0.411870634633808,0.292940232032169,0.256903565944825,0.208252346188719,0.15440126612408,-0.0447883212355706,0.00163136050933173,-0.0795210488219317,-0.167437253829687,-0.273170176773984,-0.298334285507796,-0.209498589493277,-0.208752343834202,-0.348488766188588,-0.353618218716451,-0.234372894317794,-0.254204334038336,-0.150988014416446,-0.14499400587559,-0.187638906965369,0.0181706228609547,0.227073718105002,0.159237201698852,0.303415384088638,0.0270569827481709,0.0483345643818023,0.0223790103974126,0.12633311839694,-0.138031936076221,-0.151377904897562,-0.0435546571377827,0.0960398192449433,0.0129120499679417,0.131040986973817,0.0802763670733975,0.253443357167813,-0.0471287280660534
"从祖母-从孙女",-0.34751113571906,-0.254839591497741,-0.325566080109155,-0.290745378642309,-0.0312864674687865,-0.0137116374013857,0.203363978343086,-0.224564181316009,0.12394967187512,0.0932737583775614,-0.14765744185835,-0.180763192564092,-0.0360173246601383,0.144921156042613,-0.230166087868433,-0.155535534853145,0.144985268822876,0.0508294336925511,0.157002358593038,0.204333810905257,0.080149378417447,-0.0290332295313768,0.0928712272564036,0.241953410556087,0.295506529340726,-0.0842829258876133,-0.0518179480848227,0.0227717192558373,0.215103746408341,0.164791299072465,0.155060462064345,0.0750703085507434,-0.0300504101337902,0.18776434942697,0.0301300042201499,-0.269608651837264,-0.4543486418888,-0.297465373243791,-0.414562317700063,-0.480297326268915,-0.359548450138679,0.0208014904511217,-0.278883218772095,-0.12255560361072,-0.253299189013779,-0.119861069465392,-0.367248647825691,-0.161965749896435,0.0569175120527227,-0.246629780393276,-0.0154243756146284,0.119608565984332,-0.235503027075393,-0.175253805972462,0.188556297309989,0.353329823751685,0.309316096513789,0.38473897072294,-0.029906597749191,0.298781354286014,0.377767627161194,0.392014249000923,0.395423834521665,0.311896506207464,0.428856048578014,-0.153917626056351,-0.234211987318238,-0.204207067587357,-0.289587561492173,-0.246702690560037,-0.259612128819757,-0.093396283643042,-0.240008330696226,-0.238012716603207,-0.346254399684628,-0.272201575023774,-0.264856772324189,-0.515502135559323,-0.367978943789645,-0.455774997465375,0.000934129557890676,0.0143083219113052,0.0168181976484564,0.514117863248239,0.723181494343355,0.599100951276025,1,0.494432337484502,0.213626067572995,0.28460493458749,-0.239123176762727,-0.241047130403785,-0.0770549092505235,-0.110168564623078,-0.13688382351037,0.037126909296497,0.201650293075527,-0.218836634296713,-0.263816878886825,-0.0636453269785526,-0.380707464517688,0.0399872072584825,-0.0906174397068334,0.167957899998732,0.00348681774272143,0.449360829703841,0.461786117100703,0.418102105856277,0.414382512134125,0.418537510242184,-0.14922330586408,0.0100707475339645,0.149172201299456,0.0207451564338498,-0.274274683826586,-0.29536311094014,-0.300780411010417,-0.192353465329917,-0.265478377178206,-0.161897716142649,-0.206983471308738,-0.227373283933728,-0.255261783340054,-0.136376078384327,-0.209786214001404,0.0573951543605387,0.0833661550351992,0.0311072061366897,0.243005273200743,0.142113750173574,-0.0301792471087857,0.174150026257904,0.0487068332024438,-0.267501183230245,-0.144308894776905,0.237132823659579,0.169680702683658,0.183285628559071,0.315080192587845,0.272089420705156,0.41061155718668,0.231962622981619
"从祖姑-从侄孙",-0.340838024529176,-0.439205408147626,-0.45109186241253,-0.451736831293704,-0.309274609631238,0.291002225698825,0.227101198793678,-0.236657322035574,0.197750012389371,0.273018041958605,-0.00845765094005437,-0.104189056346998,-0.0151362048418616,0.092465331159551,-0.202121892641466,0.0265209887230746,0.148439319554991,0.30915621155367,0.208486181225363,0.360165807951022,-0.0966760731588408,0.0737132911358481,-0.0177848771784395,0.0988013103098238,0.104122788950459,-0.137935228668469,-0.198047105986839,-0.00867239101955303,-0.0141044046832398,-0.125341210469998,0.120445247373994,0.187085212482704,0.0795037359663068,0.137552354221106,0.119746566014877,-0.148877438905745,-0.0265532171618504,-0.0370507505200162,-0.185886358464576,-0.357233054957618,-0.111093154072949,-0.131149310836483,-0.259528808602459,-0.443158542042963,-0.264105934171347,-0.0545778330698122,-0.0669604213737797,-0.108077123477125,-0.122467032106985,-0.177712701329556,-0.0567083259010319,-0.0562513772092422,-0.318289234268964,-0.035892263782249,0.30112811137042,0.507813509739612,0.246820949619152,0.386258192155573,0.227732835365678,0.0831631099473143,0.161937563758391,0.325879180926582,0.016596734441798,0.225286277992034,0.241499975001172,-0.0475807930067491,-0.0841737253894933,-0.133229966515117,-0.172203097502403,-0.180939696172477,-0.230083103517657,-0.0453397625102146,-0.264315634473045,-0.0406146917125106,-0.363339263125837,-0.223855367301422,-0.273358706771516,-0.283603947402149,-0.158812408054512,-0.251569791586923,0.240261214928709,-0.0427555704237297,0.428522546037727,0.441726995423076,0.383523600162918,0.281720842662771,0.494432337484502,1,0.3986656597675,0.518211961667357,0.03655909307215,-0.14844361860903,0.137814280814807,-0.247627398841695,-0.106519432988547,-0.0812508304248639,0.292903357882819,-0.0150490656510976,0.00995429406575297,0.0300212856785323,-0.144273298201171,0.180435890175472,-0.139853760224844,-0.159318908781256,-0.177211878688613,-0.0704019572382421,0.215089820547257,0.0804147741999601,0.329421343347799,0.305492082862578,-0.331353810036384,-0.165798645748849,0.253721282359659,0.254384219614671,-0.0744224170275968,-0.21016119046485,-0.404918176752062,-0.239488357398772,-0.0340654334869195,-0.0851391170300829,-0.078026280249936,-0.17586032905301,-0.105608925703464,-0.123513626954207,-0.0311488930886596,-0.00224040584230004,-0.0982665545852498,-0.115287934363919,-0.0548579484444395,-0.148081817908142,-0.164590966857505,0.0139140666681535,-0.365295141851515,-0.43790024111458,-0.0932300910380291,0.233681003522439,0.00355448821693591,0.289011138696024,0.378616653042014,0.140406488437034,0.296237099735476,0.404524884383175
"再从兄-再从弟",-0.0513017287702638,-0.174707666996056,-0.19790658260859,-0.371445342512593,-0.292570455975797,0.311055751282617,0.218223329177674,-0.0303233617365465,0.155266485239021,0.44514493815961,0.000466398091863445,-0.126190737964347,-0.279851767629424,0.0653636173302224,-0.208740605291429,0.0261476098864841,-0.114794694852344,0.20669771875199,-0.0245045548914091,-0.00712142143277667,-0.0214435870066279,0.292806751827903,-0.139413864696562,-0.0731211466461675,-0.245806036374082,0.13448626383534,-0.192337257276267,-0.232144610966364,-0.171322469559741,-0.228856225131953,-0.0251537277666677,-0.0242453685447822,-0.152313329755175,-0.191013903142239,-0.218227236608823,-0.163336057751151,-0.068746002847988,-0.3152551184708,-0.108807738541019,-0.311906831948126,-0.0781521227008676,-0.296802222074384,-0.197194041369966,-0.440129244678901,-0.0719714263874457,-0.214438260000287,0.256825828692802,-0.0681147180597538,-0.182289987280783,-0.0368714512455336,0.246060984483185,0.0039859000136732,-0.264067060250517,0.0364064445306757,0.382252390138233,0.382062932378082,-0.107612885043953,0.158108231211538,0.381919482017665,-0.0256731140225806,0.182179117718676,0.0621935453385987,-0.133591343320637,0.100450656206893,-0.111154317223495,-0.189141498600974,-0.0453690998825491,-0.0768994986265205,-0.116947806721029,-0.172575457147485,-0.125597505818468,-0.232137384980522,-0.100955871365237,-0.167998207879959,-0.154405913667371,-0.0212202805670655,-0.0993534925724519,-0.0920690345723202,-0.197172577923672,-0.133270416565682,0.0805656349007511,0.0700243142758433,0.347793570235493,0.334051939992375,0.0729582385287152,0.173984140013621,0.213626067572995,0.3986656597675,1,0.59288647560922,0.18728449568516,-0.00584971791406946,0.205672627920211,0.116062863917243,0.0641820267475703,0.108694944601044,0.0575212778530612,-0.140627745529248,-0.0128158135973261,-0.13621609480311,0.0914095110845393,-0.231260093901431,-0.15101267327778,-0.274300858173099,-0.194947919083759,-0.143949509652333,-0.144305642155979,-0.22822799796495,-0.118432848019647,-0.0243872454905563,-0.0127993026387833,-0.168163413645879,-0.0166527878221036,-0.0566061037835175,0.131920665608587,0.02159434630422,-0.0688443788033357,-0.103641190806613,0.172175666739841,-0.0371466780793609,0.145267832395866,-0.0543310822903725,0.183146899232303,0.0989803206841124,0.121842586827446,0.0729367725333129,-0.0193945200628166,-0.0336460363615024,-0.0527702091088286,-0.0128168104980094,0.389843383605151,0.153045293924128,-0.184910891490829,-0.140360673341377,0.150714680687305,0.197328881068185,0.0509851648801318,0.170702733398366,0.366876823107339,0.226659090948746,0.304486320822194,0.277600991270569
"三从兄-三从弟",-0.272604597948447,-0.30872910264682,-0.478496223932959,-0.453081708472122,-0.410996927311042,0.271258100619573,0.141242308689857,-0.250351808302557,0.0420858288349924,0.263573999443869,-0.123796735882012,-0.185080097976273,-0.293630166776077,-0.00499089663282382,-0.255658601314259,-0.13425371145964,-0.158517079345304,0.175901205103183,0.0019085220287138,0.0406694460319282,-0.0686225476575645,0.266407341881518,-0.089487669108804,0.0856898491542977,-0.0428125340931125,0.0966526025507149,-0.125807749690483,-0.167893865790217,-0.0681742041446163,-0.235542816288804,0.172006238412834,0.0969749184334895,-0.0914284413895146,-0.07530625290201,-0.0359717853812307,-0.242900671875658,-0.0814563629685215,-0.272857034109132,-0.0489688923234001,-0.363896427885504,-0.136105555817976,-0.318259880146379,-0.223934333029934,-0.525527472135288,-0.192431282457279,-0.179326286579893,0.235593915911749,0.0517795912851897,-0.18383704252411,-0.0991445871054305,0.0266399575295604,-0.00681690272668799,-0.241078072884629,-0.0523910017810658,0.362043895484077,0.406382418930244,0.0381531976963435,0.102814270470099,0.238501201795019,0.0144854494931872,0.0535682726021884,0.145445049097286,0.0135087732393499,0.0276208534807613,0.0982552265502204,0.0343937694401571,-0.121592767114594,-0.202083637581716,-0.153325085082896,-0.230329036615402,-0.280784641771323,-0.226289169740539,-0.235741430321387,-0.264270896695795,-0.296822621568091,-0.026853700514617,-0.0540736803610323,-0.140669285496025,-0.212955604338048,-0.0093584189854001,0.187526694967772,0.0142975301610225,0.306059735497256,0.320665445238273,0.176734056639208,0.235631524343748,0.28460493458749,0.518211961667357,0.59288647560922,1,0.253289465621783,-0.0579773440594452,0.423352926211603,0.242018663985163,0.0668000225151028,0.0981568448196127,0.141506385548915,-0.0185807972247662,0.029404703698016,-0.0113698502322721,-0.0250184275128945,0.00773816849487555,-0.0999123671905172,-0.169519541137178,-0.0408298289586524,0.00759136268526844,0.141081385224513,-0.0200934320392227,0.113406554332152,0.222437759891115,-0.208546803220927,-0.111012066104907,0.0365308548110348,0.0158905856371608,0.152758151570963,-0.0226741707725718,-0.100566311950392,-0.0565581284380132,0.0946324664507995,-0.0987856280093019,0.0711673832424024,-0.112214658906027,0.215874921542941,0.067082150873677,0.0839729594376436,0.0789884948972,-0.0724213243797222,-0.100521752684079,-0.102608562294978,-0.101893666823676,0.142523975162119,0.0638575894890941,-0.153734355320376,-0.18196591883871,0.00543534591042345,0.180739265496166,0.0952498160074846,0.281532832951597,0.422543040041449,0.245198034809047,0.375082473642552,0.328928285064984
"堂伯-堂侄",0.246552428768056,-0.0293517260944597,0.0335074528650144,-0.204260784728345,-0.184557994949274,0.208098533988429,0.0419563043252282,0.0528373703430519,0.0483519152790383,0.128902375018801,0.287028634145831,0.0675470381115948,-0.00315096420271344,0.150040348943816,0.192584749889179,0.142034532010523,-0.207646557880919,0.31060237370168,0.0920602175634291,-0.169697877562919,0.0181775922664347,0.366603513972481,0.0260236384138344,-0.085631831290607,-0.231758574924732,0.290370243982899,-0.0498258655729811,-0.0904331788711439,-0.2571605244415,-0.394169278267289,0.0191504887750103,0.0983880108196237,-0.0370705535651427,-0.162303179505353,-0.14634653720703,0.184271428735218,0.30576698147022,0.0352984614790521,0.00221175169434103,0.11001708655647,0.2133088936076,-0.333616270624045,-0.0921993640891971,-0.394772639725243,-0.0199096294450672,0.0667394975531865,0.51852036855891,-0.0706089165714147,-0.207160734841412,-0.0800037290415626,0.16633991826575,-0.216213009961675,-0.0752888520934813,0.130272408554971,-0.0202996662261758,0.0462903489096772,-0.290531289271138,-0.198257641252314,0.0354117221283946,-0.345237764860861,-0.107116632380476,-0.175532244535644,-0.431315247052468,-0.150142121000815,-0.354003663561115,-0.0808585104439238,0.068229275902559,0.0322434049117916,-0.00533067045666823,0.0420459924721288,0.148253613431551,-0.0437781013246032,0.18499939330695,0.0669013314858103,0.00112910408244212,-0.0632571423750388,0.0135012544214903,0.325715716164905,0.195713637424931,0.0415093205184762,0.158512855496526,-0.113376601041507,0.330470245076675,0.0401139689380925,-0.387932297436511,-0.161717773460432,-0.239123176762727,0.03655909307215,0.18728449568516,0.253289465621783,1,0.210933303339963,0.586703729106334,0.0823777970803949,0.330376688242797,0.402347871087579,0.325570935340805,0.0649689702832783,0.493054421451745,0.0596418437536028,0.551768869332672,0.0548234469291279,-0.141373983845779,-0.428359893626243,-0.278777577610136,-0.363862169577072,-0.39499798965578,-0.43829464266133,-0.350889554197734,-0.240569808210962,-0.172441377488385,-0.3715050746843,-0.106514778139061,-0.0837476417674692,0.167721511919586,0.113556485326164,-0.0334393269692416,-0.104423204420382,0.263386654031477,0.0846363600283634,0.295079125408223,0.0917922290731498,0.236559859972167,0.171943056994848,0.256615030699471,-0.0195258435632991,-0.175917891714013,-0.161742749868992,-0.131093682948397,-0.0871548135846903,0.0371319467246643,-0.047319311081985,-0.22375485742327,0.0199250374479431,-0.162833443410621,-0.0931872473814326,-0.140368064395507,-0.119355754532663,-0.147044408833596,-0.257315450507609,-0.186443606677521,0.0783474242327622
"表叔-表侄",-0.0491623779628355,0.0358761747661556,-0.0443333609664109,-0.0454057107477358,-0.11561942547621,-0.0924821097106075,-0.0953604762964282,-0.0579335877377957,-0.127359583256918,-0.0924093355197458,-0.0291383678744431,-0.0749971836968297,-0.103026634779734,-0.0281218072867051,-0.158080205786578,-0.0940516952768846,-0.115724803411371,0.0210162795237099,0.0232492959009001,-0.172287368970352,0.086925050853507,0.105322327414489,-0.0871962765071926,0.0178110566790778,-0.30665332535295,0.00203989136664548,0.230101466309157,-0.00326597186039246,0.131183399410086,0.0438338025857274,0.142966819863251,0.0275264706351034,-0.0538460144706082,-0.0627422731429016,0.209663878203177,0.209725976457658,0.236126289301082,0.147868735016875,0.26254361930017,0.0213305604242341,0.320855553370373,0.284431703764222,0.247313486116383,0.175225558054628,0.329054443827773,0.312120649876191,0.147085819267742,0.249688936080332,0.256585535982429,0.157201283550361,0.187889681693259,0.0999758802496515,0.0791323662585156,0.0595624441974545,0.0184678172898747,0.0185328370592088,-0.0642211743874389,-0.110017074297965,0.130503476423391,-0.103502542963507,0.0944646636608601,0.103996580913543,0.0290510468120831,0.0131735112022587,0.012940943416579,0.0980873247145495,-0.013821112872869,-0.177763771885138,-0.126193396845451,-0.267120016763607,0.311333852031383,0.0913236418394498,0.251033383063043,0.155617623288405,0.194525425158732,0.172059481908149,0.183369436909331,0.0858244395844828,-0.0922803456181397,0.0748638422375474,-0.0521214339804191,0.237150247032398,-0.252627323960674,-0.258947405859753,-0.227552990220401,-0.0329924716404732,-0.241047130403785,-0.14844361860903,-0.00584971791406946,-0.0579773440594452,0.210933303339963,1,0.159994410922074,0.136373314440364,-0.0885160718900158,0.106894374662852,0.120858859338946,0.12769695526762,0.207319449192882,0.137191817651752,0.391723730905132,0.156730136819221,0.0367142566019208,-0.0378075199650109,-0.0491008097669568,-0.094184008469182,-0.263777533308497,-0.277474005872365,-0.207894040682194,-0.349358547012804,0.018865351815323,-0.0964058869041665,-0.272573077793589,-0.266375754959554,-0.217970533905548,0.00129805343679918,0.0863842202833792,-0.0921272964829091,-0.102157592290432,-0.193323228505654,-0.0742574860065485,-0.204203040851083,-0.0359679395619169,-0.135013413183313,-0.223666504294403,-0.074009501573647,0.241920863911993,0.224093337603999,0.0141193032734327,-0.0860397572880422,-0.0812389417576335,-0.190746768544474,-0.199187119244947,-0.191276009181353,-0.135432545353102,-0.195757074608947,-0.193917391115992,-0.15225733460484,-0.122969298775755,-0.179969342777421,-0.0444767515122416,-0.157874962204867
"族伯叔-族侄",-0.0543368467751196,-0.0326443491472075,-0.205082430326409,-0.237084729231828,-0.198638694177448,0.0868392091228876,-0.00962640833419862,-0.212979931310154,-0.117472769745687,0.0393267288699761,0.108458469173058,-0.0178078406430881,-0.0791089312495472,0.168522425556793,-0.0332613084130289,-0.108795908479872,-0.0769234463403962,0.208806640392025,0.0720076099183136,-0.0521180854560041,0.0240919367382373,0.365067829260201,0.105292187469784,0.0970632051877866,-0.0710427203341818,0.340743546149511,-0.0506920609016165,-0.0625031445947404,-0.213409137536165,-0.298372483706372,-0.015199652525105,0.0814046940172961,-0.138635039148028,-0.137426174205251,-0.0518954546192433,-0.0821235383959387,0.138511696443699,-0.089494526772889,0.136077762550152,-0.160216108560527,0.107414328224106,-0.173432345606941,-0.0502297212355888,-0.215432021204204,-0.136093125407901,0.0602377882497292,0.460260378598242,0.236927249320741,-0.0394148752800139,-0.0249915946441549,-0.0484076903790081,-0.0486327985255306,-0.133885175996462,-0.107450016726802,0.205855924441145,0.0878021730152774,-0.212762412967596,-0.214671584188072,-0.0982079307702276,-0.30385053341063,-0.179298277992417,-0.214096785907383,-0.23516172932523,-0.157720836380268,-0.194236081803665,0.159168108588389,-0.0238267011947427,-0.117014019549947,-0.0134941957151059,-0.1593286133573,0.051834869887007,0.0194286289140192,0.0827570294325452,0.0452441369352191,-0.229020165552225,0.109587376103336,0.105592496716668,0.149646847209124,0.121702449073203,0.218570200988955,0.0480196182296794,-0.242678099786636,0.152475622973988,0.0480019736049486,-0.204657570395365,-0.0404367398202912,-0.0770549092505235,0.137814280814807,0.205672627920211,0.423352926211603,0.586703729106334,0.159994410922074,1,0.495668690640226,0.279766850699005,0.328536798260676,0.454716757709185,0.0232265701093844,0.306652492159103,0.170159756969572,0.325741860867204,0.240031386829588,0.118225441821009,-0.0722218005439968,0.00177633476694965,-0.171476284090296,-0.133245836684785,-0.209588653762244,-0.182808604027596,-0.093152354084256,-0.297750461338662,-0.24271095283367,-0.209356039625392,-0.199024858958025,0.00911473708077066,0.151433683316628,0.0199435614483084,0.0434442548657778,0.119109737194306,-0.0340711997138274,0.100606306751487,-0.0449788814618713,0.284844608739046,0.172520900654315,0.0535510808803781,0.0201623470958455,-0.208684126401813,-0.155837780085948,-0.186651181260436,-0.125001991783409,0.0206673622159726,-0.0909806100821592,-0.154176107402941,-0.144641883956368,-0.0847624717835764,-0.0702370873291065,0.0236161304576869,0.0310889907908353,0.0055823441550723,-0.10543458779749,-0.118610949173597,-0.113779698024412
"族兄-族弟",-0.0827490904753206,0.174327229918973,-0.160627809580028,0.0669085103169481,-0.0278839284474071,-0.0866740460332578,-0.192361983753541,-0.204555181398984,-0.310637533523189,-0.198896999569006,-0.245010074679539,-0.0785968942088519,-0.182584995475108,-0.0807091534828124,-0.22207973672047,-0.402928471400847,-0.0959521705292228,-0.231073750051062,-0.153774112352176,-0.228059461548899,-0.0841697248549516,-0.00201276774330409,-0.0730131329513359,0.0193255213358674,-0.164482596645017,0.12063760887215,0.122428298773529,-0.0851276544089559,0.0265312566599862,-0.049810335478666,-0.0177134715083274,-0.123792196644563,-0.289515845372648,-0.117898729442466,-0.0150135138136412,-0.255785416074542,-0.0738000173349674,-0.140682227993601,0.2561428810993,-0.117784762333506,0.0107812135787629,0.0687681106261221,0.165785615072344,0.190986813804223,-0.0235662360593191,0.0511091913871429,0.295968079135927,0.519758824074695,0.25256941761426,0.228880843965784,-0.0562536403919135,0.170429649621356,0.0186235309538828,-0.204003672152965,0.280958638049802,-0.107362529902551,-0.0945476177401371,-0.252516274362645,-0.188040086430034,-0.117968671423956,-0.167884531471374,-0.151892789752656,0.0911569182472453,-0.137793805264324,-0.0344034001929675,0.270038058896159,-0.165719979132718,-0.197734745377877,0.0759688936944256,-0.196249008418973,-0.047836475238919,0.0248370451772373,0.0179041888367717,-0.0822468776051144,-0.0721844551001182,0.461180890195859,0.40077060076782,0.12370697916563,0.0463778088952859,0.491277152679064,-0.159831432106011,-0.0962702776410828,-0.269161778413835,-0.26558065765128,-0.12022100872407,0.0856431672280373,-0.110168564623078,-0.247627398841695,0.116062863917243,0.242018663985163,0.0823777970803949,0.136373314440364,0.495668690640226,1,0.17384940626725,0.136629686158957,0.0916242345576302,-0.0161950666366657,-0.033231415255565,0.17188096875796,0.0493432896042044,0.116855810119983,0.218601218816233,0.350370385741775,0.242010257014084,0.0717815277196163,-0.0611824771745496,0.0066762937075405,-0.148539052173795,-0.0634131578272002,-0.10589352880377,0.00400766415273469,-0.391498798004407,-0.456818883519364,-0.0306737618487152,0.234766675424303,0.341168692383565,0.273214810754621,-0.142919518443411,-0.161516243806625,-0.0497021095021412,-0.128382991267051,0.315228890437659,0.127340784678371,-0.170992510070291,0.0393564678268337,0.0192455586761053,0.0348445955308832,-0.0499727372422619,0.0379735768685399,0.204750293585084,0.0034627842752214,0.241198230175168,0.0989292692453763,0.203995516166472,-0.100534517582318,0.13375728725308,0.0891894202495211,0.0365334076276113,0.0413722660364531,-0.0614904941452978,-0.348837964838888
"族姐-族妹",0.263567319664447,-0.188293383767028,0.13504794055544,-0.0915992523096197,0.0371875404713859,-0.0175501498740094,-0.0253899032768293,0.184307780038199,0.241359300259176,-0.0317633478890677,0.0733949487737295,0.0375720193766411,0.0902928289356836,-0.249007623602037,0.0138715808816273,-0.0688026900878223,-0.125911160249922,-0.124031448326862,-0.172007330027317,-0.253622211592742,-0.0402234686214802,0.096421976261567,0.269388765022973,-0.312333319344937,-0.118037015322702,0.0917622813652307,-0.243850523228747,-0.00545975431787036,-0.360129566833356,-0.0953391083211225,-0.312893557209901,0.130616899001826,-0.0806810109714901,0.0980571997242706,-0.352624635788483,0.11895218183277,0.0280106457778788,0.0281608656356032,-0.280779192174201,0.165585058422702,-0.0387571174428466,-0.223299842138311,-0.045915316427741,-0.0524203665421299,0.0646960279602894,0.071293757491716,0.151565290515337,-0.0151691021610998,-0.126409829464826,0.249107026426883,-0.15626821866693,0.0512168901273548,0.0389227142490327,0.482010824898608,0.0665235345806117,-0.0525596638349402,-0.340164278501617,0.0699884298354087,-0.213010070207056,-0.181375519038079,-0.25969514971685,-0.254383534147978,-0.45476811636625,-0.0515414990981361,-0.309703190158958,0.0790950546169235,-0.0622846721434153,0.0827811151079124,0.195842615229196,0.246603993133477,-0.0741847631818968,-0.220924096433876,0.0675777205622609,-0.064959781670956,0.169363642131225,0.119024094160529,0.34332520762959,0.351344981478174,0.253464145005756,0.0480034105794294,0.0934924260120856,-0.0817967350950513,-0.0118127166810431,-0.229389160520534,-0.392279981356981,-0.227947998175426,-0.13688382351037,-0.106519432988547,0.0641820267475703,0.0668000225151028,0.330376688242797,-0.0885160718900158,0.279766850699005,0.17384940626725,1,-0.170532403503308,-0.000529716946003508,-0.149710947983596,0.27355403014295,-0.381122668857452,0.17913417117098,0.00638687566793883,-0.1442972894146,-0.347328608317498,-0.160666144518312,-0.410218155109547,-0.377401667600488,-0.30670648480961,-0.429357097836976,0.0310899868912114,-0.0855443097125481,-0.261528908678416,-0.0986626403180535,-0.0390409417920262,-0.0365610846537097,0.197647005614572,0.173060592544576,0.454928537809351,0.0800669125102303,0.167963611849129,0.220788823906383,0.442015564471447,0.0201231216685963,0.409830638211258,0.296915554100371,0.0224661966693054,-0.26883059378117,-0.1771097009444,-0.13271223997362,0.162788783244341,-0.050381500006079,0.341508061434321,0.0414433842363405,0.318241742343509,-0.0169996440610996,0.208101756769824,0.0233622502645797,0.0192608194090717,-0.125784819382705,0.179695356357512,-0.248409302564107,0.100991615813838
"堂祖父-堂侄孙",0.020613913229953,0.0979987170578021,-0.0160244493859593,-0.0436289075433558,-0.149733742621096,0.0416156133017806,0.0511419465499874,-0.0634812182696686,-0.0543609246361748,0.135169145299718,0.2078893693105,0.0694564687957836,-0.179221322636377,0.447161974801485,0.132349197650921,0.175020290310209,-0.109762072053111,0.207876686025255,0.0964834783592907,-0.000775611636081401,0.304164016559873,0.413466160207336,0.199107127294718,0.456485379836464,0.0762615680786543,0.37005481295433,0.181758290500122,-0.131566418818554,0.0348864010841155,-0.0909690102791554,0.19226678995667,-0.0928304061509218,-0.102747007468272,-0.357514052925931,-0.0582557828835335,-0.0391481295746158,0.123481943266181,-0.146463379336913,0.0574405305022547,-0.263147216420682,-0.138505892289335,-0.234526828932589,-0.283008329390673,-0.24630631491945,-0.182886639176561,-0.132934335821478,0.251688239697078,0.0906799793130535,-0.0547143482657667,-0.17964079498261,0.221576054098693,-0.136299689305378,0.0256270945171132,-0.264787004634507,0.00256904749129293,-0.0393970850886433,-0.0257387444617793,-0.117607364429223,-0.0259469527092649,-0.114659783775019,0.0687101721542882,-0.0227768023007168,0.0356639054269944,-0.0729880020812993,-0.113674764783437,-0.00336334533820641,-0.00405367730411947,-0.0888411044448385,-0.15173129847723,-0.130382022574534,0.326545255057009,0.00850831487263883,0.350692820257088,0.0341475211206046,-0.0350698922434401,-0.187946552635809,-0.166375172602301,-0.0700381144479923,-0.13430627994211,-0.0105438337905131,-0.0538518845677185,-0.156878397465724,0.0683230204778062,0.228131015297376,0.0311740482317048,0.131144967895628,0.037126909296497,-0.0812508304248639,0.108694944601044,0.0981568448196127,0.402347871087579,0.106894374662852,0.328536798260676,0.136629686158957,-0.170532403503308,1,0.311834986909961,0.292527851543929,0.0281117146541732,0.416430055433937,0.235918123264998,0.0249950562700427,0.0316066501859212,-0.0312249898045604,-0.0504975893613228,0.241265377781955,0.0751537094690044,-0.0973141784156039,-0.104449509987531,-0.176593295578177,-0.068954416817826,-0.260867562982606,-0.208814438811725,-0.161812404405303,0.00621906362261654,-0.0234234966583227,-0.117097118895619,-0.334966380760103,-0.0386743856845724,-0.181015794892726,-0.0746661213092241,-0.334260140374333,0.206067108744468,-0.21957323983011,-0.150476584314701,-0.141881325967025,-0.0834467222362298,-0.0561525820931556,-0.0187277607662062,-0.117675568319681,0.283666209694637,0.028104180207833,0.0492943182599452,-0.0375409694247229,-0.0294024241612606,-0.114498997120704,0.10699074198252,-0.136326075016934,-0.170320741050707,-0.267336300966056,-0.020356950390339,-0.165387223238202
"堂祖母-堂侄孙",-0.166897983170874,-0.136804236317332,-0.274966763368822,-0.220196869639653,-0.201488166382015,-0.0209816470376456,-0.114465209210142,-0.388804901557641,-0.179860085074401,-0.0121432986575568,0.147776083102671,0.124896989526513,0.2169130209097,0.211575741739635,0.126527196518312,0.0662815581213736,0.24355869446261,0.254209129640176,0.308316814280674,0.214341767357862,0.0800508735037636,0.121264714997235,0.217048012941381,0.227280080883197,0.186034609269174,0.0104250550490703,-0.0814378858934525,-0.0121713918038378,-0.0358578789470727,-0.1267156136123,-0.0540944546507031,0.0676639371128888,-0.0269283743282969,-0.00137742685165703,-0.0153586023706331,-0.143372170857954,0.163433486769551,0.0281771658657636,0.0968483969556317,-0.11500657590479,0.141307708474516,0.0868578097884392,0.0142957156882627,-0.136582273783078,-0.102621255537059,0.201727992921938,0.223163761028126,0.147140701890719,0.101714769729474,0.0314189529433471,-0.156608432598386,-0.211956043510435,-0.278180217004875,-0.212561286399797,0.00765371351011333,0.0676558872683085,-0.0960686300288858,-0.0883655250554567,-0.111237600281245,-0.199871382533366,-0.0948787099693921,0.00900493059944987,-0.0765202811395044,-0.128605722241122,0.0346768489604182,0.119353607352462,-0.0342667039207683,-0.101540413294367,-0.0955275436052196,-0.232477197618925,0.109568615241466,0.270811278064017,0.0305326225215133,0.185483094568015,-0.33757531228191,0.0242133644420356,-0.0871235719011315,-0.0139486949778465,0.0623960265017275,0.0156467560807652,-0.0496583782596187,-0.306179554164658,0.134322496922111,0.113001022632236,0.0349431051683517,0.148196826358703,0.201650293075527,0.292903357882819,0.0575212778530612,0.141506385548915,0.325570935340805,0.120858859338946,0.454716757709185,0.0916242345576302,-0.000529716946003508,0.311834986909961,1,0.14364330340782,0.209328940042538,0.199357793997508,0.236225783019839,0.380578809085702,0.236202104405054,0.175173244775987,0.129090463637237,0.0419917404009491,0.127125649286118,0.0284614494254601,0.184949303714089,0.188543867645599,-0.339407887866615,-0.220319170765322,-0.0673498134948678,-0.0276962837848212,-0.117063100582008,0.0836440465182309,-0.0691074676843481,-0.0141764074186764,-0.034929493493253,-0.144386184227169,-0.0519470786945775,-0.2004800491468,0.0316561922372908,-0.101095697187355,-0.148340069101385,-0.022252233353586,-0.201901848500415,-0.20840718365415,-0.151216522676699,-0.114592945202845,-0.212329012024012,-0.23816762800175,-0.248557408945716,-0.40963400540905,-0.0944572101247486,-0.0182940772056013,-0.174786135920731,-0.0654947594384318,-0.0238054630013143,-0.21361091068495,-0.0750977690694371,-0.0755960837230591
"堂姐夫-堂内弟",-0.0651768162886631,-0.0519577988496098,-0.135372280092634,-0.0749143423793049,-0.201753593968316,0.0261796396431897,-0.145698552339264,-0.111908642665276,-0.120081380618302,-0.239134799980685,-0.152128574032023,-0.163621031112806,-0.242181876045941,0.0725569383589796,-0.089974866440908,-0.0952170729786799,-0.177518027878318,-0.125117701919186,-0.192618603029653,0.0505614703647645,-0.117828386284484,-0.0953007883501564,-0.0277695878510175,0.227273942401022,0.0716593096638599,-0.161773112353537,0.146486646132668,-0.0443718681415583,0.0811407479570486,-0.0996697127848395,-0.00297600326698405,-0.189039747102158,0.112400615326255,-0.170861513412918,0.183850306551835,0.0640548452952883,0.135710155344892,0.125844003322887,0.280435580241395,0.0435102832395631,0.0974907195125899,0.0946338816788641,0.0683233956295166,0.0567798977755738,0.0586685520114053,-0.0124604219009154,0.213196107077384,0.22568884892568,0.0142190608159011,-0.0223118731348556,-0.0198083136446031,-0.0948985504622086,0.0528356107880398,-0.144097016140081,-0.032175124084809,-0.165310574899476,0.099150262293968,-0.0914363830997603,-0.0377389392830735,-0.0651150952737053,-0.0688918085096357,0.00417831134857629,0.0793813744065625,-0.0706476074689436,0.0157272497919357,0.280753110355648,0.230130386634688,0.0241474346258778,0.0664846357526649,-0.0290785780604198,0.260740971748831,0.310316561868496,0.185403667949544,0.203269533565192,0.281118557854117,0.117401610897228,0.0393340272776277,0.126532614107959,0.0798296499756724,0.335138209538658,0.0402606685221895,0.0840809379932564,-0.0478699933135694,-0.0820217903735471,-0.063373687412162,-0.0410815192683439,-0.218836634296713,-0.0150490656510976,-0.140627745529248,-0.0185807972247662,0.0649689702832783,0.12769695526762,0.0232265701093844,-0.0161950666366657,-0.149710947983596,0.292527851543929,0.14364330340782,1,0.318952872560481,0.473194803405467,0.0526866963301297,0.130219637774418,0.104862458970633,0.073523930273673,0.0357390788435131,-0.0480010487024102,0.0995741208096141,0.0351722513882802,0.0734350141787374,-0.113074698279718,-0.25910212615626,-0.171578851137561,-0.269136449457686,-0.100099633245911,-0.0234414030606618,0.0794296576950414,-0.0395939013453633,-0.168018678718358,-0.0484435901586081,-0.107364627053536,-0.14818163787475,-0.208377597174435,0.156449750498505,-0.19441866670328,-0.112126528747919,-0.170795894702128,-0.0783461558021298,-0.0850044692274933,-0.0765629578426481,-0.278851165114831,0.148354303203732,-0.0407463411441317,0.15896228343375,0.0671007261420453,0.0341205496095474,-0.0926372667352113,0.160965244181238,0.0569115463392263,-0.0228448040609535,-0.200312783405418,-0.081905452040255,-0.0166960496053093
"表嫂-表小叔",0.172778356855074,-0.125062515597435,0.0464055037698584,-0.247529565687334,-0.15726696285244,0.0951548344141194,-0.0884001553096252,-0.0790908298062197,0.0108156230257177,-0.148379131106239,0.0479089476195244,-0.0396457766479325,-0.0545655981014118,-0.039168552032649,0.0537551712437292,-0.0327374937285698,-0.221633665585611,0.0545692784233981,-0.0486259679028722,-0.189705956528883,-0.105941747211388,0.0388733432020322,-0.0447441225203062,-0.153502348066572,-0.159681348502606,-0.0640727375622449,-0.00715982968363386,0.0242040298046035,-0.200114817090116,-0.335774248379913,-0.145454560242884,0.0282488051233779,0.114889779061518,-0.0685732886678961,0.0474013164901211,0.237139308547576,0.169771231063806,0.144854607570878,0.0244967491855756,0.228365619276767,0.24004839620875,-0.122160038733951,0.0576957140678877,-0.126549728718141,0.0465182148954174,0.0642451747036912,0.289243864650036,-0.0498624775189456,-0.133122018229271,-0.00308019709507872,0.0661473271638304,-0.0915485884489741,0.107926158156437,0.311588960638556,0.0115045102097346,-0.00632889713717555,-0.0934264566094192,-0.0388841940706033,0.0600305072187725,-0.145520182832423,-0.0397733959154179,-0.0320297032591065,-0.262434957809176,0.0470091194791896,-0.125292996652861,0.160409861248235,0.158015748270662,0.0271634622845649,0.146568120938226,0.0679907929427375,0.162998603785106,0.251973787988167,0.170764929500115,0.233680785901942,0.171025704953752,0.126717271795585,0.142502078961776,0.437385903344544,0.289492176403739,0.169205834465875,0.101719385308656,-0.0250785705392269,0.17183994573453,-0.147529690301509,-0.41423008678659,-0.145971782034686,-0.263816878886825,0.00995429406575297,-0.0128158135973261,0.029404703698016,0.493054421451745,0.207319449192882,0.306652492159103,-0.033231415255565,0.27355403014295,0.0281117146541732,0.209328940042538,0.318952872560481,1,0.0756792200390413,0.380167904523539,0.174059380763514,-0.0358553696259825,-0.313769645788488,-0.129539298414557,-0.410183554237064,-0.309755812196656,-0.285400453393629,-0.244648857906197,-0.159717439926086,-0.243983552336586,-0.307769155832063,-0.222645360296994,-0.10092338149087,0.0664303684074105,0.0898610581993265,-0.00320401445082188,0.0230162862437176,0.0557196952919624,0.0523068444032957,0.092694011238633,0.11960596296353,0.128808720577215,0.175830534533842,0.132629212506453,-0.11653799445127,-0.115700085544682,-0.152896663896544,0.00600990682330817,-0.0799796953726374,-0.147351215090032,-0.0908583459624133,-0.0536814936125182,0.0361465254720331,-0.147498712668174,-0.160003273830609,0.0208718646172407,-0.07201356266772,-0.0879475982987521,-0.167791260108806,-0.336218859319187,-0.0205492544741587
"姻伯叔-姻侄",-0.176612811611464,0.0894422898573086,-0.162318422794706,0.0679852754493821,-0.122290758212258,-0.174265016984958,-0.183669737886292,-0.259248809061854,-0.302178376512009,-0.220575850703445,-0.0507019528441265,-0.0544278770145177,-0.114117600990496,0.25637242038523,-0.118673679421355,-0.133663595707672,-0.0917335065000237,-0.0131599182245416,-0.0772939154233901,0.117192214410551,0.0225959921331429,0.0817407631126528,0.00781374239703427,0.387814918578872,0.08403291037308,0.00872049680110763,0.358266554165267,0.0656263946371624,0.27019866208052,0.00386308065560534,0.202562147590288,-0.131107667512769,0.0862594999626699,-0.207838132013673,0.315457847671077,0.0185810316061755,0.196947215752154,0.0401627002615971,0.330011119075705,-0.114185274345973,0.0293704735174971,0.12659098069982,0.0265103409753976,0.12219600186761,-0.0148946031654462,0.0610508489682369,0.036287941391827,0.275976137783473,0.153887826929327,-0.0851286015842237,-0.0254932509499251,-0.0878876441138337,0.0676585543299259,-0.358908130809249,0.0723234359211185,-0.151995629436462,0.202999716820581,-0.0981262471573711,-0.0526372328304943,0.00550256991423237,0.0126679400082718,-0.0283184039924529,0.224879674608335,-0.0636703437457512,0.0752154923618252,0.115917513581574,0.0287426428670586,-0.050285841325565,-0.0233224168990088,-0.162258488046388,0.323060987958052,0.293160846659975,0.229201197334979,0.236058952006129,0.045889910761992,0.142076152469435,0.0689715283526584,0.00979283613322114,0.00370295321491236,0.305683627416906,-0.14909770860448,-0.063956344459664,-0.0236777625024793,0.0357982282371713,0.0937467819285233,0.210178476138762,-0.0636453269785526,0.0300212856785323,-0.13621609480311,-0.0113698502322721,0.0596418437536028,0.137191817651752,0.170159756969572,0.17188096875796,-0.381122668857452,0.416430055433937,0.199357793997508,0.473194803405467,0.0756792200390413,1,0.016786707459358,0.219432465062403,0.109309733976432,0.288866499301454,0.103596408092028,0.1437765969227,0.136765944584512,0.011057579689673,0.0356754811447468,-0.180861908406919,-0.219458298961052,-0.131450318207627,-0.176682703800914,-0.261243509304169,-0.152706327471202,-0.0699564368894206,-0.047277711580436,-0.242568785835253,-0.15312896683945,-0.249056529520632,-0.253019419515325,-0.364872670371157,0.157008051812255,-0.251113260757555,-0.229372695408572,-0.0693501595958891,0.0481178577158336,0.0522101764718867,0.0822461430115023,-0.187750220468723,0.053692080297552,-0.0838189122976511,0.0523383292438617,-0.0869945096503038,-0.0332982839361103,-0.336145700127061,0.067635416988842,-0.0902525981132613,-0.137506081481123,-0.317098840421705,-0.122287532074858,-0.352198508145135
"舅公-甥孙",0.146971095395568,0.0924971732444374,0.0868182563945017,-0.0603453168567212,-0.106491588987627,-0.0233748717149237,-0.177119104689193,0.0588982586234496,-0.0768347822846449,0.0593069883456147,0.176284213858067,0.142505077628853,0.0014513722713378,0.0134009780975068,0.0566289611450796,0.0661814334537424,-0.119610971098597,0.199360132351712,-0.0339680075437712,-0.173544849019503,0.0583867073190317,0.284676093799856,-0.00776122217278297,-0.144678392944621,-0.335686952538074,0.151586851495447,-0.0870027457335846,-0.138351098982328,-0.261302246035204,-0.253798629230435,-0.1402713843854,-0.0640487948849622,-0.121999718297611,-0.166971476064542,-0.114010886068965,0.24380709452261,0.300620974212311,0.11115025822265,0.398025813583866,0.328403965028454,0.634860672047094,0.12644035285262,0.367707024235124,0.0205399418197136,0.443706082491779,0.368654853179663,0.276879074746429,-0.0649057240066778,-0.120962111985069,0.0506000463709663,0.234866915362912,-0.1123201097713,0.0454519040731814,0.124843263604125,0.0387886367324826,-0.0572006716228559,-0.349773989214852,-0.20230376188498,0.252529478579257,-0.133295284250295,0.0029842474674527,-0.0824307073069155,-0.342936562882896,-0.0676516748655187,-0.269869157249393,0.006293418698285,0.0482849255264169,0.101437691764929,0.0833612977672468,0.0531945055025315,0.579943684811761,0.263009457735861,0.304609996165155,0.158892106061598,0.214670587037426,0.0199345978205757,0.106274635735068,0.280863051753997,0.15427587901886,0.0654609896653286,-0.0399537703423438,0.0278266087854613,0.0992990227425442,-0.196921024918178,-0.504133310962086,-0.219609163484854,-0.380707464517688,-0.144273298201171,0.0914095110845393,-0.0250184275128945,0.551768869332672,0.391723730905132,0.325741860867204,0.0493432896042044,0.17913417117098,0.235918123264998,0.236225783019839,0.0526866963301297,0.380167904523539,0.016786707459358,1,0.13338403856372,-0.0419514150539022,-0.383921339497891,-0.136567658486462,-0.387073359076342,-0.469194577373913,-0.533543437161185,-0.458894703952695,-0.444242860330127,0.0415337174994809,-0.21881085686568,-0.182833929821893,-0.213833892761066,-0.0434397358394615,0.0561082747303908,-0.0190183862857744,-0.0540366922195206,0.144176922023225,-0.0396193428286984,0.183574023731867,0.0210341903318357,0.130146936321088,0.0787446631514978,0.0789598257616932,0.0162478780504623,-0.0248070880859577,0.0489953486105591,-0.150131429408349,-0.093085741733886,-0.00730990903297755,-0.122698754050396,-0.262429913067774,-0.0271567382896981,-0.0587685502128706,-0.0815400829262496,-0.270264503022297,-0.266839033575263,-0.296142102126199,-0.332026007682453,-0.31033640221482,-0.124073755775277
"姨婆-姨甥孙",-0.243994599599624,-0.182352013243148,-0.302224074911963,-0.121489312893307,0.0102350598297257,-0.0296249614908083,-0.089630394994442,-0.176499254111339,0.0292866180206872,-0.165136498661604,0.0405120747875244,0.126627754917666,0.110178517821364,0.148697045118803,0.0159531503759735,0.036366503960606,0.0840982111886147,0.0514130077268066,0.257542161908817,0.130755241672748,-0.0878996167335497,-0.176591143789678,0.134661218206388,0.17805880170234,0.152504182331396,-0.0276093218679868,-0.0548510138382827,-0.0136915733079402,-0.0806610069638989,0.041135260744741,-0.127570652595377,-0.0405191067785809,-0.0546535879624625,0.00731132653227522,0.191016618929511,-0.10566581780335,0.0411524956678392,0.180435351483382,0.228889943765847,0.0653044576861591,0.206319734587976,0.203781447611962,0.127134588358417,0.169960204206091,-0.032713089210595,0.255783679235992,0.134177624994802,0.100880589327824,0.0978943414016354,0.0394453273893948,-0.264892713538284,-0.0303727535474723,0.0107448842147925,-0.0494285212578304,-0.0290979920623026,-0.0710605166452127,0.0128819839687174,-0.159423313015171,-0.142518905148939,-0.134840052273373,-0.158805999265632,0.0135724704902699,0.0994143458169383,-0.0887451266297882,0.118228272247383,0.385070124379447,-0.088589204455622,-0.0803463111507113,0.00246114945583732,-0.0930968302452406,0.123427099637299,0.389725161268487,-0.0819232468541668,0.125608107949102,-0.116217795249784,-0.0225807188425869,-0.0148887957051702,0.000880308490749246,0.0807359450032389,0.139470172497322,-0.0165043372075021,-0.333597071626026,-0.139182364043312,-0.121966762073812,-0.0627271448120423,0.06595488434162,0.0399872072584825,0.180435890175472,-0.231260093901431,0.00773816849487555,0.0548234469291279,0.156730136819221,0.240031386829588,0.116855810119983,0.00638687566793883,0.0249950562700427,0.380578809085702,0.130219637774418,0.174059380763514,0.219432465062403,0.13338403856372,1,0.0899514397005345,0.14251681284814,0.23383117584875,-0.0441723926169514,0.127233580490446,0.0962766061067083,0.170128326498683,0.117202522568894,-0.344751413367819,-0.152448704265958,-0.170573404383664,0.0218832795095486,-0.113435314767146,-0.00955082176244796,0.0134229165869714,0.129994559690201,-0.231772202543788,-0.235766579262813,-0.247341556405322,-0.147474108124065,0.0396374345388953,-0.12559665144943,-0.128150017056389,-0.145934786718018,-0.0839177763385901,-0.151543248200015,-0.0638225928289565,-0.120530033787071,-0.315849535860495,-0.0136386613575124,-0.106719358603471,-0.129621361780736,-0.10122644745772,-0.0837388969075713,-0.00466262037694769,0.157469270408416,-0.0437201959899696,-0.0113366008851226,-0.176685418169793,-0.175518321174531
"继祖父-继孙子",-0.0482571974391751,0.15995617115792,-0.0958967947215525,0.18662161123292,-0.0403099634891032,-0.195559814765354,-0.325480879741293,-0.295019825876876,-0.368546531357039,-0.104372436566331,-0.0866960608202453,0.101703556415003,0.0972720584964722,0.0108459696955762,0.149534837391726,-0.117018277175721,0.118766229335658,0.0737164468487178,0.138968556019331,0.00947719851003679,-0.0970693952862733,-0.0909107354501816,-0.0146515552312404,0.140317151512621,0.165638388401416,-0.160446155245469,0.0900589105654761,0.0230580248768808,0.116684960454929,-0.168575177883648,-0.153240054342339,-0.199780266578976,-0.157872913393753,-0.0130067522827303,0.0257586524034284,-0.171684411282321,-0.0749384959466501,0.0380363047448713,0.087639231348822,0.00979560393760391,-0.0364922340891599,0.188109265985354,0.142105513567654,0.177051606906345,-0.101583564285331,-0.0211895438143035,-0.0046795418634145,0.223082746387916,0.146032245880251,0.131071341721655,-0.232005892770227,-0.136509486487382,-0.106939889491013,-0.326087469569454,-0.090226836347082,-0.336523380955406,-0.193703753249971,-0.400698606134368,-0.242464885663168,-0.238313259764655,-0.250452692414789,-0.132640201333526,-0.0200615188812317,-0.186797064319102,0.0952134511129431,0.2185328421733,-0.00165867951168718,-0.0979337910832848,0.0575048902939657,-0.161743335959982,-0.124984298724165,0.0162709462835335,-0.0126790893212598,0.110063194875716,-0.195586302741601,0.160359986915193,0.0412943287926786,-0.0583192194409589,0.0629595286902816,0.188507729177083,-0.257000702297594,-0.276814739646049,-0.151300722124161,-0.183059684026432,-0.0506261933647142,-0.00707562509156596,-0.0906174397068334,-0.139853760224844,-0.15101267327778,-0.0999123671905172,-0.141373983845779,0.0367142566019208,0.118225441821009,0.218601218816233,-0.1442972894146,0.0316066501859212,0.236202104405054,0.104862458970633,-0.0358553696259825,0.109309733976432,-0.0419514150539022,0.0899514397005345,1,0.60179126189001,0.408634719204952,0.0837295879432096,0.173619195956376,0.228304426763354,0.241017621854155,0.205191208071598,0.113324105235791,0.288659262243729,-0.0261248497057738,-0.0561416582050473,0.0506528235943814,0.515222445961176,0.445266614252338,0.248706721414829,0.0889034313475634,0.128959669226506,0.0745445826797422,-0.011526055727329,-0.0196279613567926,-0.0570866701408129,-0.128254905786225,-0.0169553501994766,-0.00414700512448419,-0.0397248817854308,-0.0536276395889421,-0.177152986207459,0.0459355339457521,-0.226801553536222,0.122223306401961,-0.045430906764401,0.300066536072121,-0.0189188884480858,0.0738401151463881,0.00279875355253237,0.147185228419526,0.118080846716001,-0.0375340516790055,-0.251234261338709
"继祖父-继孙女",-0.193435351482235,0.230199698740587,-0.106366967090671,0.328740952418959,0.161688833639895,-0.244486374285349,-0.188776812146111,-0.333363850199975,-0.390030626848699,-0.251708522945627,-0.274028543784957,-0.0774679927976371,0.0671069623711654,0.000408609152568249,0.0119034745089783,-0.259842174156681,0.257189303410787,-0.196142127595482,0.0877163772802933,0.0984443854836104,-0.0816832711376294,-0.268382069781513,0.0120499180934951,0.246395816868558,0.346399695785411,-0.259426381277072,0.149204414764669,0.00981266365438573,0.3537607814655,0.179866806163121,-0.0859524213077646,-0.275991116100831,-0.150363629595932,0.0995917584114837,0.114708862655787,-0.361739671573574,-0.162290464899235,-0.0152927058073839,0.103885601757306,-0.136470694686477,-0.162205930935418,0.416022441930524,0.169288297602789,0.450668268849583,-0.128332166922637,-0.00702068656059012,-0.146899628889175,0.416430912571231,0.39690501039263,0.159246832663152,-0.222282023681962,0.0487443891910484,-0.0841711583291389,-0.530213646484329,-0.0347398347206342,-0.242470379003009,0.105931776443557,-0.155271678824016,-0.306605541984766,0.0669778142216672,-0.128165517894197,0.00513001001625854,0.362620587290784,-0.0915392740255431,0.28331356092788,0.265940230558762,-0.0840189491717548,-0.169237299471735,-0.0196989884428503,-0.23094246088076,-0.154147543604832,0.0998926015857817,-0.154324292861874,-0.0264715234527547,-0.258292208369399,0.278967106094269,0.0579354584269378,-0.21440666217742,-0.0138288423246268,0.175276391052123,-0.363077959988458,-0.223023003342316,-0.358087257609655,-0.180156110464651,0.289398122153293,0.176626188659411,0.167957899998732,-0.159318908781256,-0.274300858173099,-0.169519541137178,-0.428359893626243,-0.0378075199650109,-0.0722218005439968,0.350370385741775,-0.347328608317498,-0.0312249898045604,0.175173244775987,0.073523930273673,-0.313769645788488,0.288866499301454,-0.383921339497891,0.14251681284814,0.60179126189001,1,0.383492045002855,0.382339458083152,0.392430397359664,0.465053775629055,0.446938908011773,0.296447037845119,-0.0392716681141457,0.310827519671621,-0.031905832111958,-0.158960350522998,-0.106863650703555,0.174767658274724,0.325798871654736,0.230669855910473,-0.219237832782151,-0.105627479130435,-0.251083354161815,-0.247431836660612,-0.123872522573341,-0.180153157623848,-0.376291663078283,0.0256679004086951,0.064121072979873,0.0383788260112,0.155603552361725,-0.0407255480281503,0.0366084287776139,-0.166235211355274,0.277891772875733,-0.122610601958891,0.22526912212356,-0.10702252818416,0.10770922161735,0.0220436753087332,0.0764564393209995,0.0783387758533076,0.0806711790341029,-0.370799736127822
"继祖母-继孙子",-0.105338872784054,0.100553149744149,-0.147474175199336,0.139499731372879,0.00967338080553693,-0.275561641829369,-0.254103495249098,-0.200754229950869,-0.257163832042615,-0.155949784605713,-0.0896281091083658,0.215381592978459,0.0480539186615722,-0.0477020627512791,0.0452239600390225,-0.0747777950284806,0.0523696065320362,-0.0800944076804559,-0.027292266110535,0.0507254710122311,-0.0377664858371692,-0.187945504427475,0.00495884466773635,0.179224089325757,0.13287867989289,-0.156611647581422,0.0455227196485758,-0.0415680887214022,-0.0164233883081436,0.00342656508709414,-0.0366733963100392,-0.0945836426134476,-0.0412144291742227,-0.0832822067844096,0.0922092969226885,-0.18684454158685,-0.100881527070204,-0.0380649150630075,0.166998028984695,0.0460008842621827,-0.10031884625732,0.0984324374218049,0.235212882099954,0.179872579954268,-0.0862946757234519,-0.0216653610695806,-0.160725501557654,0.0971971283564122,0.13102971179904,0.0452852202316608,-0.271951350954195,-0.0387299146712666,-0.0256495131142056,-0.220107054930058,-0.0515855414700286,-0.323628462479659,-0.074710620890985,-0.305069396244429,-0.323366526002702,-0.14281739793095,-0.159059890261146,-0.153558146931646,0.210778088950943,-0.219985411949474,0.0894798805964699,0.109202930343158,-0.0670506023379963,-0.0636492026524469,0.092132828565258,-0.0694042289782106,-0.088656182727234,0.150789683789512,-0.0490107675892951,0.0463932955038801,-0.149838128146394,0.128026626601915,0.0929096974118366,-0.0573232837736899,0.0442528404899237,0.256300050113426,-0.142302515887758,-0.196374340134605,-0.215964838977241,-0.0863463614767415,0.101053391243306,0.104940939542032,0.00348681774272143,-0.177211878688613,-0.194947919083759,-0.0408298289586524,-0.278777577610136,-0.0491008097669568,0.00177633476694965,0.242010257014084,-0.160666144518312,-0.0504975893613228,0.129090463637237,0.0357390788435131,-0.129539298414557,0.103596408092028,-0.136567658486462,0.23383117584875,0.408634719204952,0.383492045002855,1,0.288055129978926,0.269384676490056,0.253197526657815,0.191802046433638,0.232397227451001,0.0472117876689111,0.184179866656578,-0.122269580061346,-0.0969857951632927,-0.0767909471274487,0.223620078978264,0.268462668428901,0.192666912475352,-0.104550904240263,-0.0519780428810594,-0.0712965132560046,0.00794848683203957,0.0845057510363983,-0.0356563481413794,-0.110246647480748,0.163098723546769,-0.0434463899973856,-0.10598795266671,-0.156005332242421,0.291065346787345,-0.0793499466490781,-0.12296083551274,0.101698790415886,0.0275421561053643,0.0842880817652381,-0.0400655181264764,0.129900582604485,0.129207541432204,0.0773626050094662,0.0923359606762437,-0.00635280430801014,-0.230514446482535
"继祖母-继孙女",-0.253410244860853,-0.0612066444192594,-0.216407450383015,-0.0216708889768505,-0.0384774124409303,-0.169115988132725,0.0235584540126965,-0.151491592490779,-0.11016156366702,-0.164291303012944,-0.207398785851364,-0.179819844581924,-0.182212226097922,0.057999446939217,-0.160800674749416,-0.0379074081465703,0.0325497422000693,-0.176678399526383,-0.000583612841934437,0.103457030844268,0.23344536843754,-0.0720561556066007,-0.0308328708933451,0.414540958255126,0.291257450859526,0.0354613269306782,0.0937797884321597,-0.131648454993039,0.338604597796692,0.259213197116481,0.324244641808979,-0.0711118569486021,0.0121219662261594,0.0303357060679067,0.149534545215531,-0.183785376805768,-0.326682130480004,-0.215356906539813,-0.139169445592202,-0.370711413796846,-0.300298521209609,0.0395873123281158,-0.21089890595906,-0.0128307406146343,-0.200638527912009,-0.120326484168976,-0.393959842067885,0.0208965557294983,0.105781980140921,-0.22155355386493,0.0891393209525276,0.0322384604272769,-0.0526333291918721,-0.333886422627591,-0.0648142259237594,0.156589188987059,0.34999710342388,0.12958909786339,-0.101459886822485,0.266368792938982,0.353856270970025,0.343365701396871,0.635800425912723,0.0904605032428673,0.443590569466268,0.0444403222177402,-0.175669317211372,-0.237716172504115,-0.296854453972874,-0.205212675085379,-0.0279123316244575,-0.00931422600195507,-0.143192490281071,-0.229479279574602,-0.23559947083876,-0.168774817770941,-0.226913933373621,-0.397692163786154,-0.341519578021521,-0.178613856982229,-0.0190964107336088,0.119438031510081,-0.0436898142426846,0.337152315917698,0.56953344180344,0.411870634633808,0.449360829703841,-0.0704019572382421,-0.143949509652333,0.00759136268526844,-0.363862169577072,-0.094184008469182,-0.171476284090296,0.0717815277196163,-0.410218155109547,0.241265377781955,0.0419917404009491,-0.0480010487024102,-0.410183554237064,0.1437765969227,-0.387073359076342,-0.0441723926169514,0.0837295879432096,0.382339458083152,0.288055129978926,1,0.647477754698103,0.528890895232852,0.445843746304831,0.342540576058821,0.104319890876186,0.219497278324398,-0.0186131521112709,-0.0548959240053366,-0.0450467824666373,-0.111376572771646,-0.0246069205778478,-0.205580712738042,-0.250454284064656,-0.280095904950097,-0.243540917225892,-0.322003224190371,-0.135395349511591,-0.399089700722564,-0.316387605126777,0.0873600159810458,0.121154592308658,0.0968488225848343,0.145732778618993,0.16360240591757,0.0694416158893143,-0.105266609455615,0.173469722947673,-0.16401043974149,-0.0934336559982658,0.061590750986999,0.176390746269332,0.0570451053060407,0.122909592945036,0.0916726908238177,0.434469574330847,-0.0529037849180582
"继外祖父-继外孙子",-0.46458538279285,-0.206932911380031,-0.355342654322946,-0.136775803097578,-0.153978974949009,-0.112523464744066,-0.00491964499346487,-0.31805588626999,-0.141971517033693,-0.0833817936880287,-0.310786056955324,-0.183752962423284,-0.211485784495799,0.0559228015241766,-0.194532172882066,-0.0865675877929869,-0.0658808661466255,-0.122981885291255,-0.0437860170428617,0.148029794560066,-0.0706626818047812,-0.213268233634381,-0.0500302650572821,0.508975094567555,0.565142349513048,-0.221667348965455,0.0848279171384423,0.068546114250183,0.31430942861449,0.229341730237171,0.257309698104421,0.0895232675613835,0.259425014982492,0.23521567703837,0.330222442016942,-0.296698197788811,-0.299231030937255,-0.140388167767579,-0.146894177929005,-0.40223672675685,-0.299235492705477,0.0952271617340251,-0.227083241605346,-0.0642812790174681,-0.292588481422773,-0.261506425498737,-0.220574272672637,0.0508073693957076,0.0915392684962661,-0.161610870601798,-0.197038381239074,-0.0198780391101314,-0.0830830414682688,-0.266990789252192,-0.0125695807019079,0.170256354241201,0.463974220266662,0.179403846583094,-0.0444202239625591,0.376237352457605,0.147175984213598,0.360866131688419,0.609927163599457,0.0232113177214444,0.47471376264874,0.132864879228623,-0.0330788630085366,-0.212043023301032,-0.159559772812836,-0.181219978491428,-0.293359854774584,0.0581431860365527,-0.277024920901391,-0.15755826457148,-0.342283964178586,-0.153920106067053,-0.271140015085815,-0.414377527949322,-0.336684859724106,-0.11643969447812,0.00535488909614805,-0.0416783029294887,-0.039196356775482,0.315873296400382,0.562704306204253,0.292940232032169,0.461786117100703,0.215089820547257,-0.144305642155979,0.141081385224513,-0.39499798965578,-0.263777533308497,-0.133245836684785,-0.0611824771745496,-0.377401667600488,0.0751537094690044,0.127125649286118,0.0995741208096141,-0.309755812196656,0.136765944584512,-0.469194577373913,0.127233580490446,0.173619195956376,0.392430397359664,0.269384676490056,0.647477754698103,1,0.747402107880142,0.767712664630742,0.628442806168122,-0.144708296369455,0.140177257404648,0.0780914636568758,0.127325969818525,0.0465177559034002,-0.195457000056151,-0.152242299072478,-0.151330028164731,-0.187240077597702,-0.220925383440653,-0.289196081210664,-0.338725539469049,-0.221572924103264,-0.346081460510017,-0.326797525460272,-0.179742934342932,-0.027086665159002,-0.156470115177627,0.0393991930192988,-0.132063398595101,-0.103099701573727,-0.0820897592201775,0.139802220150084,-0.200399504750763,-0.0899514624001284,0.145823210366473,0.306339761839038,0.351680897833283,0.357425809507957,0.158102761821753,0.391002236491974,0.13826659319855
"继外祖父-继外孙女",-0.416717564518494,-0.168661837004669,-0.276962180967755,-0.0644848971048212,0.0347871742005011,-0.0285877622959751,0.0169071439485872,-0.200100825151254,-0.101833754754917,-0.243258939274049,-0.371696455066575,-0.239168439381037,-0.136488993964276,-0.0538577450693985,-0.100072000726744,-0.231372768628844,0.0425745842773296,-0.248531165399883,-0.0423890520548997,0.053256829217917,-0.138648411121521,-0.387632445141218,-0.0870472180176413,0.278783693592001,0.471648363534072,-0.278723315970949,0.078788536318677,0.163560540827137,0.305917262448648,0.243473539828883,0.133917180036442,0.0542132852902896,0.168558706491231,0.309556455165364,0.210930688470102,-0.357185875959826,-0.429562752218393,-0.113967420228723,-0.171522487577602,-0.224922592860025,-0.331196158273943,0.163046209706894,-0.147415464080107,0.106832709339732,-0.284257053025327,-0.177787362381266,-0.231262126218373,0.0388862578177828,0.204189833672584,-0.0960743174963378,-0.235933042669277,0.243474521805789,-0.0327613374871384,-0.236507050919498,-0.0809931924781415,-0.0276835811971835,0.387422157278415,0.0855395726761338,-0.15312802644751,0.321040665649057,0.136377857553041,0.340930311991729,0.563713790779829,0.118824173899411,0.495616458071862,0.122183037889144,-0.144400106300139,-0.281131223921544,-0.227551783488097,-0.28277140079097,-0.365308670716774,0.0376146896508348,-0.288169066522694,-0.15897913730214,-0.355494520897682,-0.0936525402929986,-0.235383567395158,-0.406165755165269,-0.307517793996934,-0.103336311739967,-0.0264872605374986,-0.143590008595472,-0.187856822889996,0.209271546465781,0.533875447914188,0.256903565944825,0.418102105856277,0.0804147741999601,-0.22822799796495,-0.0200934320392227,-0.43829464266133,-0.277474005872365,-0.209588653762244,0.0066762937075405,-0.30670648480961,-0.0973141784156039,0.0284614494254601,0.0351722513882802,-0.285400453393629,0.011057579689673,-0.533543437161185,0.0962766061067083,0.228304426763354,0.465053775629055,0.253197526657815,0.528890895232852,0.747402107880142,1,0.628679001610243,0.609375706238082,-0.0644040777048682,0.314951639684885,-0.0047181791982252,0.091566257750333,0.068143452428332,-0.0993545104370144,-0.0409819926537931,0.0414829929986895,-0.206557653570883,-0.0721406532181343,-0.184348545346747,-0.173427751410491,-0.186674485419158,-0.216816566203191,-0.249523664119702,-0.0712814088004203,0.0422276929783258,-0.105468671272803,0.0469912405529566,-0.0231991282803814,-0.0414575658739939,0.00496868617914147,0.373107516679927,-0.0577850550477947,-0.016323243264029,0.175761548020961,0.347536811974929,0.351745710640447,0.35665039478135,0.233950177205129,0.351740987357805,0.12119403747839
"继外祖母-继外孙子",-0.402176179548423,-0.214273973945275,-0.306845859917596,-0.10530650505444,-0.0591571825669329,0.014553295167412,0.0201549249387288,-0.34580834579527,-0.110582068652883,-0.0140095831823329,-0.258943248616463,-0.102185029007735,0.00629227833304468,0.0622060009652154,-0.0570014075329916,0.044059336924343,0.13104692008657,-0.0233201136573985,0.0814816796886021,0.2800352449582,-0.183360358477411,-0.382903394121736,-0.2217245108929,0.345899917862512,0.480085789321988,-0.379860796731634,-0.0390368874297363,-0.000197347666239923,0.350026423262211,0.135612197816005,0.125010752960735,0.0192002477337357,0.164785889713658,0.382487681066882,0.278772332554691,-0.339148369257156,-0.189652499953451,-0.0529557854240712,-0.147126349195811,-0.291140020137188,-0.175021111945742,0.211684625071075,-0.144696333914489,-0.0639564668148236,-0.239371835456121,-0.160667164154297,-0.157692250213877,0.106073181956317,0.130830145444173,-0.147485294597799,-0.216653102540461,-0.141908313604756,-0.272416777892889,-0.356673193133087,-0.134350641450394,0.169121280668768,0.364843995225808,0.148683644855305,0.0591779460191631,0.285675904618597,0.0879724623820957,0.3752700666028,0.468517669764413,0.043839713301561,0.487909432211943,0.120735051345038,0.0839739555824941,-0.153318622477614,-0.169586914433643,-0.166067213271995,-0.431385003444607,0.0191472773408118,-0.434874592803182,-0.158638315692673,-0.406881282534124,-0.120150829650159,-0.288993965940941,-0.430702473487319,-0.260034293503779,-0.157377442716806,0.0449238734700639,-0.0866372123360155,0.0525852849216038,0.19268206901557,0.490355002223892,0.208252346188719,0.414382512134125,0.329421343347799,-0.118432848019647,0.113406554332152,-0.350889554197734,-0.207894040682194,-0.182808604027596,-0.148539052173795,-0.429357097836976,-0.104449509987531,0.184949303714089,0.0734350141787374,-0.244648857906197,0.0356754811447468,-0.458894703952695,0.170128326498683,0.241017621854155,0.446938908011773,0.191802046433638,0.445843746304831,0.767712664630742,0.628679001610243,1,0.614001225597003,-0.152149280288759,0.189777216036759,0.23738830716133,0.219590963220567,0.0468387255440617,-0.152557321682207,-0.123174902258565,-0.163038011710605,-0.0722592034758338,-0.0871744754191023,-0.222392791479706,-0.271656582386155,-0.23270519529202,-0.305474609038083,-0.263527732651781,-0.0826810651818477,0.0283350777074029,-0.0654304273149747,0.114934480733875,-0.13392463653569,-0.171846622583918,-0.20518220100571,-0.0144605552841715,-0.357597053977404,-0.031124089100205,0.14775137848456,0.0958348477736106,0.311440704326389,0.339336421762625,0.101766272163734,0.385029264950754,0.23165132748696
"继外祖母-继外孙女",-0.221955128779387,-0.296139742466854,-0.25209669601266,-0.144041548799847,-0.0458361299884853,-0.0139148421070202,-0.0121255728116568,-0.23996057573151,0.0271631343573771,-0.00341698086794927,-0.172693964646374,-0.0423018874618107,0.108467341023791,-0.157782697457104,0.064200006809398,-0.0302131346829241,0.154140233509817,-0.0538154998672952,0.105364893983203,0.121910137157147,-0.0272773481255502,-0.201402726899907,0.127182391360394,0.196312657463691,0.552858683102876,-0.246384923223087,-0.217713108868952,-0.00949105174119928,0.0878560071040317,0.104680164113561,-0.014800571866946,0.112883150643627,0.12924903513173,0.372889674168624,0.0128735097948691,-0.355559708836816,-0.289895751027831,-0.0222607732613265,-0.373206852606433,-0.228939666976712,-0.383410230229756,-0.0608763021231192,-0.239784790898267,-0.187735638378773,-0.313579724072047,-0.21758850431368,-0.148586086918794,-0.0393489324299225,-0.00255896833861773,0.0328329901838081,-0.332829522483041,-0.118169066550841,-0.222215406250673,-0.00983234884209497,-0.0871879091289055,0.126223787695001,0.219023405490277,0.247802745950361,-0.147699106860546,0.180636998315754,0.00584820873611966,0.280406657879638,0.217328590615617,0.00768682306142955,0.308861617670059,0.169531853316582,-0.0586309587099782,-0.151380213220859,-0.0553398631152456,-0.0891314062936601,-0.527755898961837,-0.183474447493463,-0.438374044990443,-0.263800182620282,-0.456727994749783,-0.135866821013525,-0.204322835926344,-0.331290952006819,-0.155747463888908,-0.164892836785647,0.0624908373746588,-0.226046279689563,0.078532253861202,0.176547388149389,0.342539181279277,0.15440126612408,0.418537510242184,0.305492082862578,-0.0243872454905563,0.222437759891115,-0.240569808210962,-0.349358547012804,-0.093152354084256,-0.0634131578272002,0.0310899868912114,-0.176593295578177,0.188543867645599,-0.113074698279718,-0.159717439926086,-0.180861908406919,-0.444242860330127,0.117202522568894,0.205191208071598,0.296447037845119,0.232397227451001,0.342540576058821,0.628442806168122,0.609375706238082,0.614001225597003,1,-0.208290882632063,0.0544307066803161,0.15113272574821,0.230485203024649,0.127073932407617,0.0470365367168708,0.0372022503491301,0.227451384290867,-0.103849285325517,-0.00382545584715076,-0.0948657149260806,-0.0877576988397351,-0.228225296385603,-0.116849090261165,-0.133242976946689,-0.0591100824815706,-0.15916435825966,-0.259791039756332,-0.0271664068400851,0.054053656294501,-0.187097342755798,0.0329535455855543,0.0791697799979516,-0.17626870806694,-0.0550275564481756,0.216674247543456,0.152268424389519,0.337560565558804,0.303274712484356,0.270650131653646,0.272767690850917,0.239190058024784
"继父-继子",0.228947337864261,0.241973435272296,0.277941746685754,0.225020942549278,0.136739660378445,-0.0384176396706806,-0.0570345800308591,0.180997205539322,-0.0941666374013145,0.104783166907509,0.0157448990716507,0.0499542837627062,-0.0652883815784989,-0.0168820568098441,0.0880427476040579,0.166419798011838,0.028209696664115,0.000976907779638097,0.0403853822141669,-0.0849941758227084,0.0455213236332585,-0.0441822783417862,-0.175998828873451,-0.169338665840877,-0.227990642778519,0.142386619295593,0.0469981895565003,-0.089670648136214,0.0255044179236772,-0.0580487880996413,0.0191797754381282,-0.144632308601201,-0.153263134282927,-0.162626259738842,-0.199206991165939,0.00128701717780452,-0.0989344485390122,-0.19208735225129,-0.0512614035568396,0.149420162660393,-0.0494089812470347,-0.0487948213692492,0.0557543147801664,0.0484087276970451,0.0607185773489604,-0.019497875747703,-0.211095890790501,-0.261812078015596,-0.156214037296793,-0.136353547992472,0.204077249443347,-0.00116415974009843,0.0232346588600518,-0.0708934718462472,-0.117387533615583,-0.0954412060565345,-0.233104004097292,-0.176354197557515,0.111181530576409,0.0300325088498613,0.0788552906361162,-0.0136968176582897,-0.0270277165391975,0.0174156828334144,-0.0538603881074077,-0.23821442215265,-0.0101992698151229,0.0486953123134083,-0.0982515343808575,0.109516289872615,0.0627271239730349,-0.243497676943772,0.0702546266428667,-0.0747598679043022,0.0231406682591723,-0.142446313983469,-0.11642057707897,-0.0223748695186542,-0.0537203521270975,-0.220162728981169,-0.0456055106753372,0.200831792886464,-0.0336606990972518,-0.00459121423137632,-0.00683891963078785,-0.0447883212355706,-0.14922330586408,-0.331353810036384,-0.0127993026387833,-0.208546803220927,-0.172441377488385,0.018865351815323,-0.297750461338662,-0.10589352880377,-0.0855443097125481,-0.068954416817826,-0.339407887866615,-0.25910212615626,-0.243983552336586,-0.219458298961052,0.0415337174994809,-0.344751413367819,0.113324105235791,-0.0392716681141457,0.0472117876689111,0.104319890876186,-0.144708296369455,-0.0644040777048682,-0.152149280288759,-0.208290882632063,1,0.664710510235724,0.258297299410045,0.147245012633396,0.0580765174660711,0.0548881915859273,0.114258547643754,-0.0860511716434708,0.112276151065073,0.155999523517427,0.137076877896151,0.200525864535659,-0.0649780901938356,0.0477265264603184,0.0738811846834816,0.232784994063075,0.297065816170917,0.338830866577151,0.144321353210218,0.212540091835524,0.189588559691663,-0.0702631463044481,0.0553099027409625,0.111693670845825,0.137385643099007,0.071342727654314,-0.0696900347812928,-0.225206362597722,-0.0473167120665352,0.0794937201970415,0.216022940349008,-0.0545931958020497
"继父-继女",-0.0344606794920176,0.168245658648405,0.0639345607427972,0.189387716469141,0.239638947585142,-0.0518796806535427,-0.0958512556368426,-0.0676024413017834,-0.208934634411598,-0.121830097300051,-0.253221837432938,-0.104293313370139,-0.0473511483721947,-0.106291207961087,-0.0312376149820682,-0.135371211060631,0.156505036998116,-0.115772445094819,0.0839721174370031,0.0166821480579487,-0.187165763246769,-0.271253716245283,-0.245537727984127,-0.214876188075573,-0.019970549796072,-0.119933865150676,0.0273003079800836,0.0134449610313102,0.204046785928231,0.0345708203484865,-0.011159198026704,-0.138300017289699,-0.0690437777090254,0.112049964314553,-0.0392877167653591,-0.226598539517418,-0.317613528414587,-0.164804161177071,-0.0427100263926939,0.0812712903151369,-0.0310330704676396,0.177562778417082,0.136107692683883,0.188782728427422,-0.0338570948515773,-0.032225002782286,-0.230675927089194,-0.10194195216402,0.0205579686364976,-0.146385438047921,-0.0611031166095113,0.104345708294286,-0.0395268544495227,-0.301025688640489,-0.143298330000821,-0.0570466121128588,-0.0470648369305401,-0.107353961722983,0.0837368517968623,0.20307351199819,0.0629148511190887,0.169383834761101,0.255449244901164,0.0584167430437277,0.306933396032292,-0.0814500929219396,-0.070649276920107,-0.0829429109681825,-0.0872846421858275,-0.0143463199156584,-0.152139310022368,-0.124623970958231,-0.175469404402513,-0.0739400224674498,-0.113623337896782,-0.0338475480561764,-0.109977389491568,-0.162299140365249,-0.0497885732462268,-0.071576851346324,-0.0479242060961508,0.0979310284761545,-0.108899838681619,0.0401888453159404,0.226043767739697,0.00163136050933173,0.0100707475339645,-0.165798645748849,-0.168163413645879,-0.111012066104907,-0.3715050746843,-0.0964058869041665,-0.24271095283367,0.00400766415273469,-0.261528908678416,-0.260867562982606,-0.220319170765322,-0.171578851137561,-0.307769155832063,-0.131450318207627,-0.21881085686568,-0.152448704265958,0.288659262243729,0.310827519671621,0.184179866656578,0.219497278324398,0.140177257404648,0.314951639684885,0.189777216036759,0.0544307066803161,0.664710510235724,1,0.324475319259012,0.222659559569312,0.0600690802738405,0.0437162467709456,0.138333451450394,0.0156729778379209,-0.0764142197978561,0.0806572748653099,-0.0637696722183808,0.0454744943705238,-0.153961198343929,-0.0819638108558437,-0.0940210816219196,0.257851182721842,0.339449003939293,0.286218390619034,0.157187984275487,0.152430362813979,-0.00298540661668799,-0.162266352369872,0.141550720770678,-0.0361201777331047,0.178402835571237,0.0631609997537382,-0.0495894223816198,-0.0825603702081101,0.140102684194746,0.199377594337521,0.265276269235064,-0.0859470940428037
"继母-继子",0.0608362737233339,-0.0421520826405541,0.0865062093418164,0.101830175984565,0.109470036003696,0.0521721801718807,0.064426866429495,-0.0265580379680722,0.0455699420268578,0.169563762926055,0.0263301297516451,0.118582420459549,0.249735007730466,-0.0176122330906461,0.0678257818197025,0.163421149299385,0.256779126416886,0.211749733816738,0.187558376195932,0.225176227998044,-0.0834486136240003,0.00857311981697354,-0.0309091009494671,-0.127050801522863,0.0619906638647503,-0.116543421858323,-0.260393654857175,-0.119242332556429,0.056268519877966,-0.0685473377383436,-0.0831053737824114,0.0240885455131882,0.0518074244897443,0.201565114136175,-0.130250854079387,-0.135543862869089,-0.0490287722443619,-0.142043027318359,-0.257554698677127,-0.0537626947398752,-0.102259474038979,-0.0702087264768425,-0.0956788363631633,-0.152298959664794,-0.0867682420891938,-0.00750242833313868,-0.231231691983811,-0.217251454208099,-0.190089690347544,-0.22237822823575,-0.0475442729944879,-0.0338629812826536,-0.178828368573662,-0.0909676337304738,-0.0293809246361776,0.199438924127728,0.0100200023240777,0.196893851535658,0.182271797931883,0.117228790034215,0.00935060096135689,0.133511381370884,-0.0217205298618878,0.152036748501896,0.151228390106548,-0.25910086186762,-0.0434022709009493,0.00411217827626623,-0.082178045289123,0.109629835790683,-0.239205070957114,-0.285452995776069,-0.227132562259921,-0.180379693685262,-0.161471276092557,-0.237934692544498,-0.204387433671174,-0.133619369938017,0.0919459577348653,-0.302398045660372,0.084612227212554,0.0422888586246533,0.250612771715571,0.107583281990334,0.127091512849603,-0.0795210488219317,0.149172201299456,0.253721282359659,-0.0166527878221036,0.0365308548110348,-0.106514778139061,-0.272573077793589,-0.209356039625392,-0.391498798004407,-0.0986626403180535,-0.208814438811725,-0.0673498134948678,-0.269136449457686,-0.222645360296994,-0.176682703800914,-0.182833929821893,-0.170573404383664,-0.0261248497057738,-0.031905832111958,-0.122269580061346,-0.0186131521112709,0.0780914636568758,-0.0047181791982252,0.23738830716133,0.15113272574821,0.258297299410045,0.324475319259012,1,0.594233332654669,0.0682672314274622,-0.109377807603634,-0.099125506052834,-0.080331752867606,0.114224541990411,0.124725284030787,0.0779529865149182,0.0971779535017085,-0.273077680089726,-0.0702341840393732,0.070739881339033,0.180609522038019,0.0407723558119059,0.0810277436203998,0.0967889807079027,0.0260203488069866,-0.158471097699784,-0.0322431534388132,-0.23084951584458,-0.176478580470524,0.0589045154023986,0.167332017823189,-0.190645012289378,-0.0590945956167614,0.112449617297828,0.157841616806411,0.229053351608081,0.24314821311711
"继母-继女",0.0365002792544682,-0.179103996213217,0.0604088303196875,-0.0890085112038602,0.0178559000004455,0.268620192498421,0.187611480678453,0.128918446138193,0.216304108244105,0.130186021364596,0.113130308592504,0.0700688185723425,0.175621066015257,0.104159994373509,0.221771659875728,0.38539434249893,0.171388573937875,0.215930563904351,0.185814115949621,0.220816500402718,-0.171897294577515,-0.151027390195503,-0.0145437130981151,-0.104352772034904,0.0465153294258401,-0.0325840248476674,-0.314001441869415,-0.0224081684713164,-0.168749956575077,-0.0977604152376926,-0.103622294023251,0.0983991689469884,0.123402188904315,0.0775817166777987,-0.15063874573599,-0.107960846420776,-0.0402736065337902,-0.00581020411982629,-0.179101777965667,0.0440995056438906,-0.0720414081882404,-0.212180576512478,-0.227243842962158,-0.256164393044668,-0.230804852483159,-0.103964703762594,-0.053502432570822,-0.291871566337189,-0.264306006437045,-0.207434733486405,-0.144456969352071,-0.148692217187835,-0.153036678846935,0.0206586815248806,-0.20043869251313,0.0675153852771701,-0.0449505298505557,0.0352400890360329,0.10155924786829,-0.0703644123239389,-0.159670947980361,0.0339804216607039,-0.108697684849024,0.0105266008794834,0.00783843674362315,-0.124044930107976,0.141482890462885,0.0739110456291785,-0.0468334857783946,0.124506092168629,-0.134238750984952,-0.136027830294127,-0.200186128053804,-0.00891171519620278,-0.150476860601779,-0.291974098712602,-0.294838570688484,-0.0824566313799196,0.0845394928222791,-0.208507617254403,0.332782119781327,-0.132194323431625,0.347195791810342,0.221834008079023,0.0739414145324034,-0.167437253829687,0.0207451564338498,0.254384219614671,-0.0566061037835175,0.0158905856371608,-0.0837476417674692,-0.266375754959554,-0.199024858958025,-0.456818883519364,-0.0390409417920262,-0.161812404405303,-0.0276962837848212,-0.100099633245911,-0.10092338149087,-0.261243509304169,-0.213833892761066,0.0218832795095486,-0.0561416582050473,-0.158960350522998,-0.0969857951632927,-0.0548959240053366,0.127325969818525,0.091566257750333,0.219590963220567,0.230485203024649,0.147245012633396,0.222659559569312,0.594233332654669,1,0.307675464663553,-0.0770931836326469,-0.157866812060403,-0.0846308775762613,0.0534272643100934,0.173622015445727,0.0188389546056499,0.141068668442098,-0.150484090824531,-0.0286414691042854,0.133621592853226,0.0168197153354075,-0.0449345420123148,-0.0676002632722722,-0.0741624200411924,0.0065475343490552,-0.129506914645859,0.0227023983783802,-0.144094781422239,-0.0519612118023105,0.0328713474261019,0.2034497263316,-0.0826617723579045,0.0980067372007036,0.145126171587543,0.148686994647589,0.180731144181966,0.286325372240963
"继兄-继弟",0.122251262195577,-0.0355378594352531,0.0421514544554136,-0.0159785684049614,-0.0610999999331009,0.315345457376181,0.0450802380749646,0.13016901581298,0.0263077149073757,0.00223462363960736,-0.02928086186637,-0.030767069310365,-0.0273593178752942,-0.0188381207289104,0.283030463049666,0.216566229264114,-0.0573951740911066,0.0460612879230598,0.00819961441411825,-0.101025393549833,-0.16572289646489,-0.0927611170245783,-0.231075231472576,-0.171177828386251,0.011274249127214,0.104339757415827,-0.123355981796496,-0.0789467114723392,-0.118287912425256,-0.150710869741828,-0.104078770546536,-0.0426754430541048,0.0822645840343651,0.0155938887773487,-0.0952206520608081,-0.115606220088232,9.73721423720477e-05,-0.0246245596915185,-0.0226501748604892,0.110031721168639,-0.0236392381248913,-0.303730451205072,-0.171454685336213,-0.308482117668384,-0.299572213102325,-0.31741701907047,0.351434386116843,-0.0654110561200347,-0.238097028930375,-0.0271879587871164,0.0439291407485389,-0.129308599670754,0.0782007929191688,0.0481965312231704,-0.172424603779787,-0.0184227517283771,0.00255935799435042,-0.130659488673731,0.218847456840255,-0.0847773120795968,-0.116730533386937,-0.0423162463720398,-0.125786953295428,-0.0727796897599347,-0.0694780932589533,-0.00769760400191781,-0.00925111798350005,-0.0670506368410855,-0.118519851079895,-0.0100703947906305,-0.213282803394207,-0.0768118257446007,-0.177536960028159,-0.10469401575142,-0.0706919042728024,-0.0106994707880739,-0.143353591996495,0.0772819843000058,0.00176081491029849,0.112686831110643,0.197274062984896,-0.235549393420491,0.361790635518557,0.090198972023564,-0.224417539054671,-0.273170176773984,-0.274274683826586,-0.0744224170275968,0.131920665608587,0.152758151570963,0.167721511919586,-0.217970533905548,0.00911473708077066,-0.0306737618487152,-0.0365610846537097,0.00621906362261654,-0.117063100582008,-0.0234414030606618,0.0664303684074105,-0.152706327471202,-0.0434397358394615,-0.113435314767146,0.0506528235943814,-0.106863650703555,-0.0767909471274487,-0.0450467824666373,0.0465177559034002,0.068143452428332,0.0468387255440617,0.127073932407617,0.0580765174660711,0.0600690802738405,0.0682672314274622,0.307675464663553,1,0.257653371552298,0.238898621994619,0.184699607177794,0.263360626397214,0.105292594057247,0.203675111384698,0.0727577789718684,0.16823356712319,-0.0594576370428549,0.239789731595621,-0.0448526600961038,-0.157713980408977,-0.266231362393055,-0.103761122723686,-0.0543125214965064,0.17485685916102,-0.057718859710851,0.0722794666835612,0.228899218664423,0.221996214193833,0.0199378384331631,-0.00667085384169889,0.117581809783699,0.163537837011401,0.0894256095300334,0.0309906826411501,0.177363790293335
"继兄-继妹",0.29915584279793,0.130692038008131,0.0584349182602259,0.166072275869516,0.0287097111132709,0.0902914446102046,-0.0435880060273539,0.0282171062547297,-0.00985292535285606,-0.132652030752062,-0.0231872805957345,-0.0272513284265894,-0.031521723846687,-0.194601716994346,0.125106009623993,-0.0922972831800435,-0.0954382065536197,-0.0687758781855745,-0.0334186065542233,-0.262097864826276,-0.0707060161869553,-0.0112532021218393,-0.0315361160312274,-0.135069243176035,-0.104441765946672,0.0907111730912975,-0.123081104351316,-0.198626606666352,-0.269634654946224,-0.302475462048293,-0.287302164476258,-0.241490703716266,-0.235553681278992,-0.223166959017033,-0.276927933566179,-0.130676329202805,-0.0549177230881282,0.00633957954099922,-0.07389624201024,0.109526939163381,-0.0818676729817598,-0.13648854147714,0.0435186620602484,0.0126887633900864,-0.0986969586514884,-0.00456361102985111,0.16838942971512,0.193069243788146,-0.0629626046229104,0.193884446515103,-0.154777879960766,-0.112930329564037,-0.0737463195768666,-0.0176412626802962,-0.0811458367786832,-0.195561361128567,-0.303706990689854,-0.296030814913571,-0.233725012223313,-0.378872208002747,-0.286092800582742,-0.293053896859745,-0.288452959434617,-0.151436125337918,-0.227456575434876,0.165619941058103,-0.0476978740230433,-0.0247670243402703,0.0870325040870719,-0.00573447812940197,-0.144912434843343,-0.0704506393899092,-0.0249733380468836,-0.0743913968793512,0.0435682683600101,0.162217039240177,0.22182383378844,0.202223601604742,0.205041478998201,0.213844534419495,-0.112461660668081,-0.257500354781791,-0.00585660318531375,-0.276456030934952,-0.388905890096782,-0.298334285507796,-0.29536311094014,-0.21016119046485,0.02159434630422,-0.0226741707725718,0.113556485326164,0.00129805343679918,0.151433683316628,0.234766675424303,0.197647005614572,-0.0234234966583227,0.0836440465182309,0.0794296576950414,0.0898610581993265,-0.0699564368894206,0.0561082747303908,-0.00955082176244796,0.515222445961176,0.174767658274724,0.223620078978264,-0.111376572771646,-0.195457000056151,-0.0993545104370144,-0.152557321682207,0.0470365367168708,0.0548881915859273,0.0437162467709456,-0.109377807603634,-0.0770931836326469,0.257653371552298,1,0.710502363672174,0.475743083076622,0.388360774894763,0.363159256797976,0.453198500744452,0.22861154324689,0.246468433840683,0.0757259603807512,0.216520954980456,-0.011551930618018,-0.223433118263017,-0.199222186065414,-0.210425804411034,-0.0511319541477873,0.178387467883447,0.095582627460839,0.157340343897392,0.23547750943413,0.330360334971416,0.0630329421014393,0.0933576269220714,0.116777938194256,0.116810939862386,0.25972380703466,-0.10195237917653,-0.0597654492245906
"继姐-继弟",0.228200918334936,0.180008135809157,0.118387936635585,0.264333773936769,0.190979974222617,-0.0601773481969224,-0.0921460024272372,0.0872205215417182,-0.056845497646191,-0.242534358703087,-0.207169855531217,-0.0701071609983252,-0.0465951958828994,-0.255088820521244,0.108539362677993,-0.194432665741836,-0.12437694003645,-0.290400269398907,-0.132464042647585,-0.366224206837696,-0.0990202358885414,-0.0788848537402709,-0.0458179580702992,-0.184790130580619,-0.0410245486897431,-0.0729039824957555,0.0263722307440137,-0.141967039026473,-0.0726027705427778,-0.0416694300821141,-0.253545662973404,-0.203187635082985,-0.152017076537605,-0.0678304031045201,-0.170722414607151,-0.122702960072538,-0.0943590294909748,0.0257631190553083,-0.0324511061077595,0.184658095946994,-0.0662125071207056,0.0771450734179881,0.12984150369092,0.284747429402771,0.0157379973896867,-0.0370124561709717,0.0987710345513754,0.264058615897815,0.194811151148514,0.256219550834721,-0.15591230472109,0.0171170863557436,0.0768727807036644,-0.0206755816166532,-0.148206057662605,-0.33399753963055,-0.183239838559294,-0.19775117657417,-0.192590424330545,-0.185071103639676,-0.230793254632997,-0.238254999283614,-0.0999461090512215,-0.182427765068969,-0.125357724780206,0.125191890867184,-0.193574494875696,-0.193233160424733,0.0764532656794407,-0.024044619586961,-0.120543770942686,-0.0430485334878528,-0.0218744847982502,-0.0702204963680073,0.1527928618832,0.279107315715286,0.313555832165968,0.220226506090269,0.14519974667307,0.310800626513885,-0.203874256138898,-0.208644059237405,-0.254256292663828,-0.373578129133355,-0.327956093226109,-0.209498589493277,-0.300780411010417,-0.404918176752062,-0.0688443788033357,-0.100566311950392,-0.0334393269692416,0.0863842202833792,0.0199435614483084,0.341168692383565,0.173060592544576,-0.117097118895619,-0.0691074676843481,-0.0395939013453633,-0.00320401445082188,-0.047277711580436,-0.0190183862857744,0.0134229165869714,0.445266614252338,0.325798871654736,0.268462668428901,-0.0246069205778478,-0.152242299072478,-0.0409819926537931,-0.123174902258565,0.0372022503491301,0.114258547643754,0.138333451450394,-0.099125506052834,-0.157866812060403,0.238898621994619,0.710502363672174,1,0.596464983433959,0.14091051706855,0.101017207147185,0.238172482847796,0.140511364830187,0.026389784613794,-0.00807394800753479,0.0636447163888974,-0.148160915645341,-0.111213123047816,-0.185101867099144,-0.0777416912651521,0.0125727190734595,0.156022218401287,0.108955399712455,0.21895340776427,0.368682196200298,0.285072250100396,-0.0372152618929815,0.0698632482453045,0.0966534370959482,0.0579273554836376,0.296632243250215,-0.18973289750826,-0.162987415062256
"继姐-继妹",0.117296210798127,0.0412768754641619,0.0200273267837321,0.208319844408656,0.224150899490078,-0.0941786022308881,-0.12431308567394,0.0556459344792915,-0.0158195997838855,-0.185790554397488,-0.142244922838904,0.0201209147062361,0.128627635218258,-0.289032763225644,0.113719222373719,-0.226981876286321,0.0643090713350581,-0.216730911330454,-0.0920010392735553,-0.234474817030535,-0.0664701823857046,-0.0579129469547917,0.22194582151054,-0.249139097046114,0.158634157085787,-0.069026808146695,-0.142844651061786,-0.0273230326001915,-0.182695671548017,0.0987895849486613,-0.42988858912325,-0.0865404989456403,-0.178778601392813,0.132774057398107,-0.217512617283944,-0.133420428380626,-0.095153135567168,0.120169480979111,-0.0730427491028252,0.216408301152648,-0.119136312700026,0.0174857534551891,0.177066078286082,0.266255108989174,-0.0147309562081039,0.0198947116396167,0.0848746517809635,0.238496970281011,0.135391833024548,0.487895798745647,-0.354273069200856,0.11429749010465,0.0972195088548475,0.179211448423135,-0.0694664875296786,-0.268698122602078,-0.276890091299302,-0.0884296194106035,-0.314892248829818,-0.148335721094371,-0.334447539196303,-0.284742188364686,-0.233247303300469,-0.16203566219436,-0.123804909808417,0.240521540136564,-0.136793979015482,-0.0448801232922034,0.163249565788599,0.0593564086620549,-0.209877423978141,-0.00781529565351021,-0.120385269137204,-0.0882928102766005,0.0266172531142467,0.313010266548528,0.327786088795283,0.209075319694264,0.19016892207622,0.26429355484825,-0.214698561197414,-0.329960600169461,-0.285673626025567,-0.432179280838743,-0.362245969985275,-0.208752343834202,-0.192353465329917,-0.239488357398772,-0.103641190806613,-0.0565581284380132,-0.104423204420382,-0.0921272964829091,0.0434442548657778,0.273214810754621,0.454928537809351,-0.334966380760103,-0.0141764074186764,-0.168018678718358,0.0230162862437176,-0.242568785835253,-0.0540366922195206,0.129994559690201,0.248706721414829,0.230669855910473,0.192666912475352,-0.205580712738042,-0.151330028164731,0.0414829929986895,-0.163038011710605,0.227451384290867,-0.0860511716434708,0.0156729778379209,-0.080331752867606,-0.0846308775762613,0.184699607177794,0.475743083076622,0.596464983433959,1,0.0424260938151191,0.10100374767246,0.184333488108434,0.295263011928764,-0.00769304640374834,0.203327702398512,0.133442988713388,-0.0198911472535754,-0.256689662921877,-0.272855436099593,-0.130449534539339,0.0457759063901379,-0.0452969357644709,0.215325678351012,0.232136309502691,0.359281637141389,0.221546629386835,0.0415918574462101,-0.00290688828804107,0.070018612518096,-0.0332783241771451,0.303393905082095,-0.287098805288851,-0.134737566935835
"养父-养子",0.274891413553865,0.0985277116017834,0.185595614364393,0.0332674500123233,-0.0726668143606558,0.167612274734258,0.0799347937055581,0.0153482672064831,0.0567582473672573,0.239326578714299,0.223645576724927,0.0368656886626512,-0.0165651586972968,-0.0120399947371773,0.20645951025481,0.301816974794823,-0.082420309534187,0.167770993437211,-0.0807951495832348,-0.0612488464319243,-0.0279474104318764,0.160344217543392,-0.117907342968356,-0.0583805929521186,0.0166104368050741,0.157720179432518,-0.238804923866472,-0.165010818266573,-0.304444292666995,-0.298435701858656,-0.140586732184187,-0.0363844914167282,-0.0772814050948195,-0.144005060980712,-0.309286925493702,-0.0237366261210959,0.155406351548602,-0.0442159801401457,-0.0469943041049606,0.0742064663757375,0.0688369798231328,-0.200699008567832,-0.146488225564168,-0.274503149659032,-0.00486995713583085,-0.040999053484612,0.206826893531142,-0.144161199352713,-0.388475785894069,-0.127562988413777,-0.0559285524428961,-0.242804641108697,-0.289916979136877,0.00216412844435228,-0.11557391084175,0.0246021755575498,-0.293746001539955,-0.202647198862569,0.109055711811035,-0.330122759641705,-0.262045964123952,-0.284105563528539,-0.4404575571494,-0.251281894241989,-0.362260335931294,-0.119566204426164,0.22462045099355,0.231207587136494,0.0621197552717461,0.16001788980401,-0.200821895296573,-0.155132245742618,-0.13176618514098,-0.177238297924115,-0.0785333142536131,-0.111311227183084,-0.0346068458617734,0.0654512842566074,0.0706596218301363,-0.0559270235873155,0.0398138754458461,-0.155853033789116,0.32785291717891,-0.0611931404629623,-0.326517739617887,-0.348488766188588,-0.265478377178206,-0.0340654334869195,0.172175666739841,0.0946324664507995,0.263386654031477,-0.102157592290432,0.119109737194306,-0.142919518443411,0.0800669125102303,-0.0386743856845724,-0.034929493493253,-0.0484435901586081,0.0557196952919624,-0.15312896683945,0.144176922023225,-0.231772202543788,0.0889034313475634,-0.219237832782151,-0.104550904240263,-0.250454284064656,-0.187240077597702,-0.206557653570883,-0.0722592034758338,-0.103849285325517,0.112276151065073,-0.0764142197978561,0.114224541990411,0.0534272643100934,0.263360626397214,0.388360774894763,0.14091051706855,0.0424260938151191,1,0.658115282872512,0.761608290509503,0.449274394951356,0.394354369053122,0.25538409416326,0.53083408621128,0.112797015272628,-0.0879195623362469,-0.0418673989709723,-0.122341105642302,-0.106584415430452,0.118290962767305,0.0272032014693189,-0.215816567073378,0.00493909577148728,0.0197235036108773,0.0195766732362128,-0.0649480001040658,0.0144819481631574,0.0669824731451039,-0.0177257906024664,0.00611800359188626,0.193206348431572
"养父-养女",0.357358118797868,0.196147077478873,0.392347374931472,0.15049664903829,0.142039883109137,0.151157445304956,0.134881159319172,0.102361723000121,0.130244019549538,0.0592945882989097,0.184746014884496,0.0681886413549449,0.168705826146598,-0.13339180760676,0.19292564474607,0.133378549791481,0.0535034193673307,0.109187198844364,-0.0118416561498714,-0.0871653244503318,-0.105244564750411,-0.068161590536641,-0.0479442234394256,-0.210639768192884,-0.0438036193643144,0.0668375574579143,-0.149920854091481,-0.0100621770225961,-0.286107193070679,-0.286223661990882,-0.183219033864863,-0.0440473339491451,-0.106426825192927,-0.126886136744446,-0.367206521234761,-0.147714313527534,-0.0093577494182462,-0.066243894681771,-0.138619119667234,0.159396177126851,-0.0751919542500075,-0.185234744997719,-0.163616734536694,-0.151763098623233,-0.129507342619276,-0.0801261669918656,0.0300866804264563,-0.169940878745061,-0.32199963473772,-0.162045394756937,-0.18070759248726,-0.113626708315215,-0.266519577052522,0.0245251312238542,-0.160597378542555,-0.144246462398549,-0.284611701098817,-0.193389807334633,-0.110902552694024,-0.267442671306366,-0.333175171143645,-0.271833071754586,-0.448127963782519,-0.190265180647764,-0.321955014752163,-0.146121447112542,0.21456791389077,0.24838110528522,0.0416546766057374,0.103760122620572,-0.245644929778282,-0.158133111523603,-0.0744436879221344,-0.0827286344029401,-0.0839464599833259,-0.0693821757438071,0.037271673942138,0.0679358203224512,0.196620469677743,-0.0807465126996129,0.0162802432430824,-0.249236480813298,0.177488378423952,-0.150634633709256,-0.211923346422206,-0.353618218716451,-0.161897716142649,-0.0851391170300829,-0.0371466780793609,-0.0987856280093019,0.0846363600283634,-0.193323228505654,-0.0340711997138274,-0.161516243806625,0.167963611849129,-0.181015794892726,-0.144386184227169,-0.107364627053536,0.0523068444032957,-0.249056529520632,-0.0396193428286984,-0.235766579262813,0.128959669226506,-0.105627479130435,-0.0519780428810594,-0.280095904950097,-0.220925383440653,-0.0721406532181343,-0.0871744754191023,-0.00382545584715076,0.155999523517427,0.0806572748653099,0.124725284030787,0.173622015445727,0.105292594057247,0.363159256797976,0.101017207147185,0.10100374767246,0.658115282872512,1,0.629950799545306,0.561262828827406,0.347984363797651,0.526204619552794,0.453001681950962,0.152330081314584,0.026442026892207,0.126786276319003,-0.013078982495692,0.0497782206283721,0.0295273050397001,0.091931065621943,0.0251045070298168,0.0872414869246872,0.0762893295582428,0.0745716199640531,0.0497111119800012,0.0216869307498337,-0.00460009611768785,0.0494782019466108,-0.0918374098411647,0.0921165806777915
"养母-养子",0.280626771789728,0.0482961281615987,0.0933588603804141,0.0458051969436838,-0.0592136724348721,0.167151590814565,0.0687436869697208,0.0885256350700731,0.114922979495461,0.121230969524728,0.103651569703456,0.0363251356464894,-0.0228067799136952,-0.152024083880044,0.119348375303655,0.0961538425416912,-0.103120789490348,0.0690177287311716,-0.0920962824343743,-0.163005395006182,-0.0238914684358899,0.118874751147611,-0.115647991044791,-0.219119825187862,-0.115609366604556,0.186065311609745,-0.144795377302902,-0.108064315484778,-0.275816261394339,-0.252055704165715,-0.178647664790439,-0.0581237864223038,-0.133527254931391,-0.122492845200495,-0.314167088711795,0.0423936286278082,0.069820057768221,-0.00647722524454713,-0.10510543863549,0.168384268099362,-0.00177239894648209,-0.193916607026696,-0.0995919059144326,-0.239772767386268,0.0161407876990259,0.0558360128320512,0.0773575465965602,-0.172086846645247,-0.28456668072954,-0.0333007849953816,-0.103933445227696,-0.166633930089368,-0.224574676381121,0.0869388682394621,-0.0979938947324192,-0.0914445188302995,-0.30534335776757,-0.172089691050075,0.0182635666859253,-0.295733135537091,-0.241186057117444,-0.235278427560306,-0.451711087934433,-0.180466366855565,-0.325481351074797,-0.134274292571284,-0.0109274980182241,0.0758282775078312,0.00947116529339818,0.0762010813035222,-0.149312030563833,-0.202393002658275,-0.0475345676308277,-0.153677831308746,-0.0464214756712871,-0.0850742609563914,0.0031535295905195,0.133305372776353,0.0914620965232713,-0.0317174756075475,0.0163079933746301,-0.202083951245697,0.197412899710086,-0.0889328604942638,-0.356032230189477,-0.234372894317794,-0.206983471308738,-0.078026280249936,0.145267832395866,0.0711673832424024,0.295079125408223,-0.0742574860065485,0.100606306751487,-0.0497021095021412,0.220788823906383,-0.0746661213092241,-0.0519470786945775,-0.14818163787475,0.092694011238633,-0.253019419515325,0.183574023731867,-0.247341556405322,0.0745445826797422,-0.251083354161815,-0.0712965132560046,-0.243540917225892,-0.289196081210664,-0.184348545346747,-0.222392791479706,-0.0948657149260806,0.137076877896151,-0.0637696722183808,0.0779529865149182,0.0188389546056499,0.203675111384698,0.453198500744452,0.238172482847796,0.184333488108434,0.761608290509503,0.629950799545306,1,0.585765831557495,0.376978225657583,0.300124356754693,0.635535973503003,0.15316405445184,-0.106301258642566,-0.0659756928754759,-0.100820977238842,-0.0254276518910893,0.130304170747184,0.131016018302305,-0.0983420006094074,0.181175542095028,0.12982430096747,0.0910763004091445,-0.0143883051383118,0.0493530700839134,0.0720826255503057,0.113398286249067,-0.0791884195804423,0.152173934277249
"养母-养女",0.354421213071694,0.0337820604109561,0.253314470633939,0.205941109808288,0.209970064063166,-0.0200903166438778,-0.0787301501714974,0.210920084623855,0.120515782107456,-0.00413485677698132,0.16343753193902,0.126642168952968,0.162238326517894,-0.142760693578222,0.212039706147105,0.154448864818018,0.00222891093804748,-0.0693796762866221,-0.147246323505754,-0.0915449681066151,-0.0916420378637571,-0.0508889853325845,0.0478579204780643,-0.326825516625756,-0.11112052022628,0.112433147970158,-0.26791486786371,-0.0314886444324104,-0.373277403187994,-0.161535908320052,-0.38899325682078,-0.0980260707510943,-0.135965460408265,-0.0870227599613926,-0.424749664506802,0.0631715456710537,0.00741070864591326,-0.0355213963850219,-0.0912136657972037,0.424234456448641,-0.0122156601264219,-0.198298221443168,-0.0640662147646372,-0.0305747167642284,0.012795837458435,0.0787269665496667,-0.0731316697754276,-0.275749730720724,-0.256766808164861,-0.00839633819266713,-0.235428015310606,0.014786914661177,-0.0266441166043472,0.188096493244646,-0.151824636563345,-0.273521744549932,-0.376437598939842,-0.225091250562906,-0.15836695378828,-0.291908217587241,-0.286204634138121,-0.35421879535357,-0.448621941979979,-0.171959635389352,-0.339872567570999,-0.0559431358342042,0.0461791943906757,0.239356025097047,0.124721082853928,0.306976229006292,-0.0917750755033364,-0.172872406548135,-0.11213957810127,-0.0929888594599322,-0.0192607444778013,-0.0648124715837494,0.0663731911907021,0.217294651662439,0.285107020840461,-0.0231097196013328,-0.0222533779932394,-0.180107839739129,0.099872894882688,-0.171815172641271,-0.339749831160987,-0.254204334038336,-0.227373283933728,-0.17586032905301,-0.0543310822903725,-0.112214658906027,0.0917922290731498,-0.204203040851083,-0.0449788814618713,-0.128382991267051,0.442015564471447,-0.334260140374333,-0.2004800491468,-0.208377597174435,0.11960596296353,-0.364872670371157,0.0210341903318357,-0.147474108124065,-0.011526055727329,-0.247431836660612,0.00794848683203957,-0.322003224190371,-0.338725539469049,-0.173427751410491,-0.271656582386155,-0.0877576988397351,0.200525864535659,0.0454744943705238,0.0971779535017085,0.141068668442098,0.0727577789718684,0.22861154324689,0.140511364830187,0.295263011928764,0.449274394951356,0.561262828827406,0.585765831557495,1,0.28389750415864,0.602754444798624,0.744234434885568,0.301967782065586,-0.0884020888742975,0.0210530179722793,-0.0405546986629792,0.186494170417447,-0.0450498492141721,0.220584908898788,-0.0394065068638899,0.314316184799984,0.0678139471108106,0.10101199232446,0.0721427519433633,0.0628147651788555,-0.0119821459069794,0.207005412339093,-0.207004211031075,-0.000730069371453341
"义父-义子",0.170386717383203,0.198712904820659,0.0269825923582078,0.0575460834131115,-0.109758688535978,0.197743913222709,-0.048475996797572,-0.0985392544368609,-0.0104846191765754,-0.0147053849809614,0.121390176713804,-0.014323458775808,-0.172201842205377,0.0429523596283006,0.0459979089029364,0.00823230141572144,-0.202981696197558,0.0743831178906993,-0.107228560975086,-0.100584105152161,-0.0515062019069733,0.0797256931714779,-0.0926797577406877,-0.0275577617163602,-0.266633018409337,0.355733909651125,-0.0178950516418551,-0.124604202342811,-0.264628684861762,-0.26836301408105,-0.0485095788315511,-0.0916057647846601,-0.225793885323209,-0.422999412350053,-0.19677849563423,-0.0895335431475225,0.119891699130855,-0.0946246426793163,0.298994992531413,0.132015349308891,0.0448119860867353,-0.239731604638653,-0.0659327097123049,-0.188172839074576,-0.0847307013859924,-0.0584305347633437,0.287222723859356,0.0155703719913012,-0.281755467975257,-0.132515301433037,-0.0232018611769644,-0.104325791034373,-0.0794919095044723,-0.0850947221122998,0.0765493362179903,-0.154325065011868,-0.272384604345383,-0.336869754193655,-0.0376002191185402,-0.319328865517581,-0.27600369967532,-0.338428699604885,-0.281418550230196,-0.330917375039251,-0.351631235994751,0.137654286923817,0.143292750396106,0.187157225582417,0.0777374460154812,0.0278768663743822,0.0545128304771846,0.138297247658043,0.0126046189431432,-0.0111938647388249,-0.0766710709482701,0.0484081305193671,0.0611515400123722,0.129413847612679,0.0759245928175902,0.218727859203205,-0.017776679899661,-0.23038873560225,0.207922076252561,-0.046386005799234,-0.249765769396506,-0.150988014416446,-0.255261783340054,-0.105608925703464,0.183146899232303,0.215874921542941,0.236559859972167,-0.0359679395619169,0.284844608739046,0.315228890437659,0.0201231216685963,0.206067108744468,0.0316561922372908,0.156449750498505,0.128808720577215,0.157008051812255,0.130146936321088,0.0396374345388953,-0.0196279613567926,-0.123872522573341,0.0845057510363983,-0.135395349511591,-0.221572924103264,-0.186674485419158,-0.23270519529202,-0.228225296385603,-0.0649780901938356,-0.153961198343929,-0.273077680089726,-0.150484090824531,0.16823356712319,0.246468433840683,0.026389784613794,-0.00769304640374834,0.394354369053122,0.347984363797651,0.376978225657583,0.28389750415864,1,0.398634553575419,0.48282103297231,0.217500798892705,0.0152242334652508,0.0539258070938434,-0.0923419641612594,-0.0174612556604568,0.181029729761902,0.0593543057396714,-0.00101375746512449,0.0568181007357326,0.0689543145530048,-0.175783243409871,0.115248717732009,0.109416255351755,0.0445273043586643,-0.0574621094409576,-0.113298108789889,-0.159552020735493
"义父-义女",0.188974106424799,0.166413556865376,0.26833626573308,0.0200341983661996,0.0568828440304575,-0.0595145685988381,-0.0314457702091501,0.012324658631262,-0.0407059246038685,0.0760906409585705,0.118139624217452,0.100450278205785,0.0934175042520615,-0.0781193998608172,0.06448434504157,-0.0523071361950634,-0.0763841841931865,0.0285866643957927,-0.111597889154417,-0.147542997265999,-0.14794184098192,-0.00320903158981896,0.00416746505689819,-0.296472989102225,-0.250688357523212,0.0960336391366306,-0.0613895061673071,0.0968441119093779,-0.305042347942145,-0.182490303415115,-0.180502952740729,0.0719829881932496,-0.0889507529770058,-0.172362720362895,-0.271525310908957,0.0231968909426608,0.069824990363278,-0.125579488101308,0.0535568300508172,0.281111690571439,-2.42970462221428e-05,-0.224511567470666,0.0354523537114406,0.00580323107656016,0.00520435400881572,-0.0543546876545642,0.0810071526619495,-0.0793529589421812,-0.210327802843037,0.0123470033191908,-0.173586828189002,0.0948136935740639,-0.0703618278735849,0.138604650880415,0.149289747521047,-0.168476739810179,-0.365787814853893,-0.243211120269412,-0.174012549526192,-0.183709291267074,-0.296264300881698,-0.412162439479416,-0.41751957570018,-0.195543214120834,-0.377659375373239,-0.0433840044020725,0.195332509963818,0.310501069103674,0.219767657656177,0.182657215940814,-0.054367258060894,-0.0680097426021127,0.0797437610703246,0.0706888935038431,-0.108272801153407,0.122467698362958,0.151610652134542,0.207991784924257,0.182047485773956,0.0494100337322321,-0.0708434591448893,-0.118896609227896,0.0213992151674157,-0.173139953964163,-0.249974783950521,-0.14499400587559,-0.136376078384327,-0.123513626954207,0.0989803206841124,0.067082150873677,0.171943056994848,-0.135013413183313,0.172520900654315,0.127340784678371,0.409830638211258,-0.21957323983011,-0.101095697187355,-0.19441866670328,0.175830534533842,-0.251113260757555,0.0787446631514978,-0.12559665144943,-0.0570866701408129,-0.180153157623848,-0.0356563481413794,-0.399089700722564,-0.346081460510017,-0.216816566203191,-0.305474609038083,-0.116849090261165,0.0477265264603184,-0.0819638108558437,-0.0702341840393732,-0.0286414691042854,-0.0594576370428549,0.0757259603807512,-0.00807394800753479,0.203327702398512,0.25538409416326,0.526204619552794,0.300124356754693,0.602754444798624,0.398634553575419,1,0.49741929125352,0.147927105032392,-0.0541009089882019,0.0999114945013343,-0.024519209685943,0.127598185263743,-0.0157274623146281,0.086066810786272,0.0842504958125483,0.146151999200206,-0.0362970136061149,-0.089361379683973,0.10585603809881,-0.0168378777944101,-0.0108130308274222,0.0750591651534262,-0.242419415802049,-0.143232616550746
"义母-义子",0.292574444632158,0.0070632675767937,0.129900127243032,0.0885928112532018,0.0299356211049642,0.132669319165717,0.0239950868917173,0.152270659871428,0.216197473686297,0.095731566304993,0.206760428196133,0.0519671588287936,0.0250268375151129,-0.0417498985186732,0.186155805529656,0.188263736814456,-0.122394965119867,0.0912696748038341,-0.125989102692447,-0.0356213206866036,-0.0497539149536578,0.119569722120608,0.0296423444907283,-0.274799597585325,-0.135598436654719,0.26875459395776,-0.239570320319329,-0.070457695520576,-0.380093888447592,-0.190186167999994,-0.252887375397097,-0.0406264944385328,-0.061994365490344,-0.168274801856381,-0.339312817561599,0.132133413351913,0.0630547324449865,-0.0154669569666586,-0.0851407493909785,0.301772831121679,-0.00708944630872572,-0.327943966754135,-0.137579510438391,-0.228855075130327,-0.0172982275559529,-0.0317579487503659,0.0643135863193271,-0.353580422031144,-0.348133907887671,-0.110939064590947,-0.131004435896067,-0.125245640041155,-0.0602971585436684,0.161438308440461,-0.128354108163837,-0.167001595749624,-0.312574570102715,-0.193358533901461,-0.0300301342003743,-0.264908130358588,-0.254806212337627,-0.375866736201371,-0.450450577707643,-0.215022083768685,-0.400805994860597,-0.107989482427271,0.030066616583466,0.226869742909549,0.11861244148294,0.290554297544199,-0.0581428234634907,-0.150829778215108,-0.119463568737053,-0.0599525064926734,-0.0416494870873353,-0.162141723659294,-0.0890286896384926,0.147848841225037,0.161024172854789,-0.0513804062877249,0.0519239445676229,-0.215508067547534,0.275413503146151,0.0505411840612079,-0.304103884582451,-0.187638906965369,-0.209786214001404,-0.0311488930886596,0.121842586827446,0.0839729594376436,0.256615030699471,-0.223666504294403,0.0535510808803781,-0.170992510070291,0.296915554100371,-0.150476584314701,-0.148340069101385,-0.112126528747919,0.132629212506453,-0.229372695408572,0.0789598257616932,-0.128150017056389,-0.128254905786225,-0.376291663078283,-0.110246647480748,-0.316387605126777,-0.326797525460272,-0.249523664119702,-0.263527732651781,-0.133242976946689,0.0738811846834816,-0.0940210816219196,0.070739881339033,0.133621592853226,0.239789731595621,0.216520954980456,0.0636447163888974,0.133442988713388,0.53083408621128,0.453001681950962,0.635535973503003,0.744234434885568,0.48282103297231,0.49741929125352,1,0.263202844374612,-0.136213491408503,-0.0813935426428668,-0.0210773028936627,0.0859860096402591,0.0275720174528378,0.177385072316172,-0.0735011529342434,0.245121444726613,0.0355207415578782,0.00721440489429195,0.0394530964010453,0.0650777213367985,-0.00669897456500996,0.122560774807735,-0.137703673209605,0.0903311964559856
"义母-义女",0.114641391511143,-0.011237606163745,-0.0608039908498541,0.105426319297002,0.141718232775708,-0.0142249378993877,-0.0842272638859868,-0.0989322420653044,-0.0910124948031241,-0.0901204234301326,0.0122833076315351,-0.11872121233883,0.0533724703952786,-0.167475598168316,-0.0422336022935331,0.0269546100455319,0.239273338734659,0.0303345487666286,0.0130832795933585,0.0478577776126941,-0.0239397235145569,-0.0384072283175713,-0.045819450112999,-0.120678673334621,-0.149583628535514,0.0550761388953275,-0.285497776259362,-0.209921904096945,-0.0106913736597714,-0.134536482523689,-0.16831654251158,-0.254749690197834,-0.33107572923278,-0.0547270172075481,-0.325972588634798,-0.174232890055698,-0.0924005764999526,-0.185646834977032,-0.0145976317484039,0.0267675905919087,0.0688990834877322,-0.000466325493029456,0.105889904274908,-0.0680614451756543,0.0259380694400731,0.263242813110602,-0.185581431455347,-0.122943079808921,-0.173855047508631,-0.153001526892777,0.084228508941996,0.00423950918007977,-0.304663972140045,-0.214724979675123,-0.0540842242930456,0.0852029928724457,-0.191272859802351,-0.105780603573966,0.0143764621896624,-0.0845955228964375,0.106888921847428,0.0591906503797919,-0.0417485369109111,0.133004589777456,0.110548261422435,-0.0733365980258122,-0.0601014415499318,0.0744372967465963,-0.122270339465212,0.00384105150105099,0.0076616437241446,-0.133959615041866,-0.253206183160699,-0.191964911482588,-0.174335094076339,0.0539872226054991,0.0227407995458698,-0.143042973812638,0.106630262349353,-0.160667214932364,0.0205491093651761,0.118390783294315,0.23041012860284,0.0533272825828301,0.0976014871051253,0.0181706228609547,0.0573951543605387,-0.00224040584230004,0.0729367725333129,0.0789884948972,-0.0195258435632991,-0.074009501573647,0.0201623470958455,0.0393564678268337,0.0224661966693054,-0.141881325967025,-0.022252233353586,-0.170795894702128,-0.11653799445127,-0.0693501595958891,0.0162478780504623,-0.145934786718018,-0.0169553501994766,0.0256679004086951,0.163098723546769,0.0873600159810458,-0.179742934342932,-0.0712814088004203,-0.0826810651818477,-0.0591100824815706,0.232784994063075,0.257851182721842,0.180609522038019,0.0168197153354075,-0.0448526600961038,-0.011551930618018,-0.148160915645341,-0.0198911472535754,0.112797015272628,0.152330081314584,0.15316405445184,0.301967782065586,0.217500798892705,0.147927105032392,0.263202844374612,1,0.258470193082301,0.405860561462914,0.237164413268338,0.56964614707786,0.10939101242846,0.00374545820740271,-0.0965541851108949,-0.167888305471114,0.226091435188014,0.252992442018468,-0.113884730106569,-0.167477027487208,-0.0689106289097373,0.0284678346859393,0.295966826981413,-0.0276503049737634
"干爹-干儿子",-0.0919358949152116,0.129332997311261,0.0298230469250319,0.0788387632236179,0.0862765492190037,-0.0655089866591798,-0.128551883367444,-0.133093955809497,-0.115813714439472,-0.0969878384908347,-0.167376147128969,-0.11666277108142,-0.0827016672763353,-0.0227799711255345,-0.18802158039909,-0.137404147758357,0.00250949341623793,-0.0393068986813412,-0.00141163853532199,-0.0159318511401065,0.0124934559057629,-0.0917153028052961,-0.200798037175198,-0.025833386737515,-0.12281951203576,-0.0497206788710455,0.146371804127501,-0.0910542149847451,0.333888828901163,0.0106466946428771,0.141937310198164,-0.186114686922994,-0.139307603310049,-0.0248383031900278,0.0524934258579577,-0.116199233900901,-0.164482265417549,-0.151232210093841,0.113207355633907,-0.0375819386925174,0.126599240996162,0.233344962293728,0.103811006115035,0.117211282722357,0.202997673943382,0.0684904147449966,-0.173828173723427,-0.181899326103054,0.0563111682846993,-0.261577357120557,0.19665984914304,0.0681882237485794,-0.119732803839305,-0.229746818460525,-0.015679280336104,0.0304248604143521,0.0520311836233546,0.0236661069900942,0.223901669478743,0.130786817273496,0.232596049540072,0.241636967813202,0.253493590012252,0.179232207408327,0.26383589659594,-0.101636885382166,-0.0335722063987187,-0.0829156998367036,-0.0762182118782604,-0.0725360932472685,0.0532057781200634,0.00552138749234577,-0.138256117847086,-0.131867832811214,0.0295682851190417,-0.00772763087917556,-0.0129986943153839,-0.267006562319056,-0.161869658803814,-0.138272541900372,-0.0855382489374628,0.216818089847691,-0.14548830698184,-0.00267166610026961,0.209624066354683,0.227073718105002,0.0833661550351992,-0.0982665545852498,-0.0193945200628166,-0.0724213243797222,-0.175917891714013,0.241920863911993,-0.208684126401813,0.0192455586761053,-0.26883059378117,-0.0834467222362298,-0.201901848500415,-0.0783461558021298,-0.115700085544682,0.0481178577158336,-0.0248070880859577,-0.0839177763385901,-0.00414700512448419,0.064121072979873,-0.0434463899973856,0.121154592308658,-0.027086665159002,0.0422276929783258,0.0283350777074029,-0.15916435825966,0.297065816170917,0.339449003939293,0.0407723558119059,-0.0449345420123148,-0.157713980408977,-0.223433118263017,-0.111213123047816,-0.256689662921877,-0.0879195623362469,0.026442026892207,-0.106301258642566,-0.0884020888742975,0.0152242334652508,-0.0541009089882019,-0.136213491408503,0.258470193082301,1,0.848411884112051,0.641304054435208,0.272328363999122,0.044897858883777,-0.0541589640161005,-0.0537212268086679,-0.117908575477992,-0.0459732960794218,-0.0751667120290062,-0.0768574522233629,-0.162043671926918,-0.0205340958572877,-0.0490332453816505,0.20261396086511,-0.0774611852564832
"干爹-干女儿",-0.0217889304017013,0.107407259225462,0.0532704268819204,0.0774380645568382,0.0506064143579084,-0.106706700735944,-0.129239272816578,-0.0938712423344129,-0.146804279236521,-0.0677759175065212,-0.0524751909208509,-0.06636900733207,-0.0168039869950788,-0.0203316021965356,-0.203360023171293,-0.075586780524579,0.0959520623065782,0.0133270505285189,0.00190820641274612,0.0547128345883607,0.0912705884595129,-0.0487286202843905,-0.160662492815083,-0.00842145391298082,-0.222186905231252,0.0104979190183209,0.0883942657482097,-0.12492850957663,0.234814405582023,-0.0300302691984141,0.133325926105152,-0.230921977407539,-0.250764957874801,-0.115372604883928,-0.0405195967748051,-0.0655966762462076,-0.027825056283863,-0.157237295097735,0.155442995656169,-0.0232367521082977,0.145230717144475,0.170942785409054,0.102140411303295,0.0836902815618095,0.207810846449311,0.207247779615852,-0.233761491427966,-0.110906849608228,-0.00751165195196349,-0.231671570901233,0.227431135024218,0.0749691963116974,-0.133498691983325,-0.228618056036841,0.0332975377707755,0.0666424867144093,-0.0244533588961861,-0.0254644237383165,0.154411430491012,0.0521054912666488,0.173179341303618,0.151594329398812,0.103110595500152,0.163205272745784,0.153679381952893,-0.0683474817057474,0.0291033528959074,0.0661549484754524,-0.0559677843668682,-0.0158134293840672,0.173190799019063,-0.0487186037962525,-0.0332447653159375,-0.12677381807787,0.0300955841079946,0.0605768658236405,0.0746561529710294,-0.170860027607673,-0.0518929125082097,-0.118586073626449,-0.0977711751605569,0.262899380746324,-0.0840533884977149,-0.0951957082818882,0.140079681568179,0.159237201698852,0.0311072061366897,-0.115287934363919,-0.0336460363615024,-0.100521752684079,-0.161742749868992,0.224093337603999,-0.155837780085948,0.0348445955308832,-0.1771097009444,-0.0561525820931556,-0.20840718365415,-0.0850044692274933,-0.152896663896544,0.0522101764718867,0.0489953486105591,-0.151543248200015,-0.0397248817854308,0.0383788260112,-0.10598795266671,0.0968488225848343,-0.156470115177627,-0.105468671272803,-0.0654304273149747,-0.259791039756332,0.338830866577151,0.286218390619034,0.0810277436203998,-0.0676002632722722,-0.266231362393055,-0.199222186065414,-0.185101867099144,-0.272855436099593,-0.0418673989709723,0.126786276319003,-0.0659756928754759,0.0210530179722793,0.0539258070938434,0.0999114945013343,-0.0813935426428668,0.405860561462914,0.848411884112051,1,0.588522239322291,0.333213862804096,0.0687375361064925,-0.0754857303106155,-0.103795807243339,-0.16616442877156,0.00640532211836772,-0.0210198800861013,-0.155048440839135,-0.237622062787915,-0.1698965859442,-0.125308118003746,0.177761501191442,-0.139304781192647
"干妈-干儿子",-0.0325005534851324,0.0377438788614075,0.0448806973495633,0.098028183478742,0.144937668778559,-0.080629678773192,-0.0598463340759793,-0.193267879305221,-0.0412671876727584,-0.132739874339626,-0.182143488557658,-0.184499343828878,-0.0357641207864437,-0.0146214899724328,-0.111627201903066,-0.1170779718435,0.0343185452609616,-0.0765146001821417,-0.00526251193748504,0.0280227523836974,0.0600436349577326,-0.0763845561081965,-0.0682069145545351,0.0526595033127737,0.0895069680612709,-0.0794426942847877,0.050136702821522,-0.0952850484371683,0.33319319085584,0.0522823712206127,-0.0261224233376183,-0.272071414603168,-0.144533565662604,0.0423049106006756,-0.0221457386693773,-0.119462662103981,-0.170138416930861,-0.118381853005101,-0.109298160744095,-0.0676401384607484,-0.0548520946498247,0.123304273484009,-0.0529210668899625,0.0842313290932101,0.046858856110459,0.0357190037882405,-0.26057666520064,-0.168727246496152,0.0377837427078493,-0.316622904565939,0.166045283656723,0.0127152612475888,-0.109784042471711,-0.231029305764532,-0.0419772810248813,-0.00730716483951738,0.172730389327131,0.150769461687711,0.13780218077995,0.247241178308635,0.26563575106617,0.231866947877571,0.214401058380204,0.203919742221323,0.273508045208932,-0.0333078786194068,-0.0415540324968962,-0.0377320981790956,-0.105095441747803,0.0286378925371894,0.0168420016813585,-0.0139431175634882,-0.18611638906969,-0.18055206539739,-0.0434952539989511,0.00394755380754432,-0.0145048140542091,-0.229805450046615,-0.10588570438787,-0.169770609203828,-0.154965680364518,0.0730747537286463,-0.0568509320035316,0.0545025288847773,0.203862272008853,0.303415384088638,0.243005273200743,-0.0548579484444395,-0.0527702091088286,-0.102608562294978,-0.131093682948397,0.0141193032734327,-0.186651181260436,-0.0499727372422619,-0.13271223997362,-0.0187277607662062,-0.151216522676699,-0.0765629578426481,0.00600990682330817,0.0822461430115023,-0.150131429408349,-0.0638225928289565,-0.0536276395889421,0.155603552361725,-0.156005332242421,0.145732778618993,0.0393991930192988,0.0469912405529566,0.114934480733875,-0.0271664068400851,0.144321353210218,0.157187984275487,0.0967889807079027,-0.0741624200411924,-0.103761122723686,-0.210425804411034,-0.0777416912651521,-0.130449534539339,-0.122341105642302,-0.013078982495692,-0.100820977238842,-0.0405546986629792,-0.0923419641612594,-0.024519209685943,-0.0210773028936627,0.237164413268338,0.641304054435208,0.588522239322291,1,0.389798056324338,0.108570584812945,0.097406401333178,0.0259961657336178,-0.0786229523956622,-0.0531397810632727,-0.0532878311019413,0.0340309773763846,-0.153155508950067,-0.0758967882142003,0.0206948170259726,0.12938015925457,-0.0753548526327822
"干妈-干女儿",0.229624172729785,0.000136305602547203,0.154209617462023,0.0729106292006078,0.312014775381791,-0.0781290227398518,0.0139717995289859,0.0934725765756582,0.119012070221841,-0.14072374586301,-0.0578539429393198,-0.120499467270606,0.079553772384924,-0.200823722733314,0.0143732471915646,-0.0154161014081246,0.11857143262141,-0.184122410148195,-0.0681704803587396,-0.1298838404349,0.00569144298308086,-0.142294384872982,0.00297379975265443,-0.185250157287868,-0.124664510946901,-0.0216605275069529,-0.254708531614781,-0.228407043255462,-0.042378402755974,-0.0241445830165044,-0.122534688076528,-0.144507869205772,-0.160668114502811,0.0353683478933459,-0.293694425842461,-0.174140298751499,-0.225038845963096,-0.165664754187864,-0.202671836227154,0.038301183823211,-0.110285172956023,-0.0675926832141333,0.0499528553939879,-0.00936801234564295,-0.023594016625749,0.104098937807841,-0.258157423380922,-0.216004798681467,-0.0793602099115966,-0.178122508481843,0.0930153814604593,0.0845483010610522,-0.102671353447361,-0.0411675528957001,-0.0211424997330827,0.0027052918994113,-0.0311493818149318,0.104224142020305,-0.0583778613384028,0.0252229144164505,0.245751732230339,0.107235421668603,0.0947105024507668,0.206701945870924,0.118392431692527,-0.173203169544639,-0.111505184275915,0.0193446422323919,-0.111085351609166,0.06578710694595,-0.0188981237599423,-0.164035205997317,-0.212888591125744,-0.238586671607795,-8.55746233297232e-07,0.05074398449836,0.160492137920795,-0.0827151473717161,0.104130070282644,-0.127955385378961,0.0701297502883303,0.104480414469768,0.0970817382054671,0.0598956107647612,0.10326683431858,0.0270569827481709,0.142113750173574,-0.148081817908142,-0.0128168104980094,-0.101893666823676,-0.0871548135846903,-0.0860397572880422,-0.125001991783409,0.0379735768685399,0.162788783244341,-0.117675568319681,-0.114592945202845,-0.278851165114831,-0.0799796953726374,-0.187750220468723,-0.093085741733886,-0.120530033787071,-0.177152986207459,-0.0407255480281503,0.291065346787345,0.16360240591757,-0.132063398595101,-0.0231991282803814,-0.13392463653569,0.054053656294501,0.212540091835524,0.152430362813979,0.0260203488069866,0.0065475343490552,-0.0543125214965064,-0.0511319541477873,0.0125727190734595,0.0457759063901379,-0.106584415430452,0.0497782206283721,-0.0254276518910893,0.186494170417447,-0.0174612556604568,0.127598185263743,0.0859860096402591,0.56964614707786,0.272328363999122,0.333213862804096,0.389798056324338,1,0.0346870908884763,0.136793085848048,-0.0011597435240673,-0.00651234719826532,0.0108040986709902,0.117518301563153,-0.0448919875637582,-0.109361582916182,-0.129547735097076,0.0754774410175783,0.131761356836063,-0.0192310724866728
"同父异母兄-同父异母弟",0.0595578942398073,0.151555777208532,0.0169601397743425,0.0555378190844191,-0.00387024744232878,0.226471323176007,0.209050716480512,0.233357872856957,0.0438931280503766,0.121823850494545,-0.162379567853566,-0.224768349230179,-0.383520538068832,0.0793280160840652,-0.0492588382872828,-0.0666308362664141,-0.21550067424743,-0.21049424017958,-0.267233514398567,-0.192972359820355,-0.0460174195609253,0.0902711687558594,-0.171621147596609,0.0807293634202513,-0.101935210056728,0.143832694552454,-0.0696811029359522,-0.29271518179493,-0.0271530128177771,-0.225135300981937,-0.0326501119301802,-0.328040104145055,-0.407903741726922,-0.368346104822393,-0.333558104075553,-0.219726875057396,-0.155973613831617,-0.323476822628158,0.0148769819165008,-0.1621336980953,-0.115215791729386,-0.140674515134996,-0.088683246076326,-0.0879358936379945,-0.0241378915480068,-0.17872476029375,0.134990575557246,0.0540447052015839,-0.0711675899783496,-0.066703015966416,0.288238543535726,0.0263127497830567,-0.130646742322419,-0.225793363088179,0.142491113877583,-0.0725092416492048,-0.03342373335941,-0.105329419272677,0.122738502051012,0.0234866541090784,0.0945052705841776,-0.0914095513301018,-0.0443307020115043,0.0694423311849075,-0.123815601251891,-0.0468244581863405,-0.095738125941947,-0.0803995766391283,-0.157955469206601,-0.112749534039315,0.0736047069900857,-0.149020060436887,-0.00971666457353274,-0.232220293906956,0.119141613266998,0.0628724837998671,-0.0155682275349709,-0.0899771392033212,-0.164753194949357,0.0918140394689874,-0.0475473690131529,0.00749903778591873,0.0372654144527115,0.0824931001108652,0.015221520714084,0.0483345643818023,-0.0301792471087857,-0.164590966857505,0.389843383605151,0.142523975162119,0.0371319467246643,-0.0812389417576335,0.0206673622159726,0.204750293585084,-0.050381500006079,0.283666209694637,-0.212329012024012,0.148354303203732,-0.147351215090032,0.053692080297552,-0.00730990903297755,-0.315849535860495,0.0459355339457521,0.0366084287776139,-0.0793499466490781,0.0694416158893143,-0.103099701573727,-0.0414575658739939,-0.171846622583918,-0.187097342755798,0.189588559691663,-0.00298540661668799,-0.158471097699784,-0.129506914645859,0.17485685916102,0.178387467883447,0.156022218401287,-0.0452969357644709,0.118290962767305,0.0295273050397001,0.130304170747184,-0.0450498492141721,0.181029729761902,-0.0157274623146281,0.0275720174528378,0.10939101242846,0.044897858883777,0.0687375361064925,0.108570584812945,0.0346870908884763,1,0.378320872276466,0.382374371158166,0.354446802632094,0.450830019887278,0.310738143312538,0.287566206300256,0.134088660860529,0.123511069163034,0.159224250933128,0.266800985512925,0.165699604821935
"同父异母姐-同父异母妹",-0.0221144886363067,-0.184102136432772,-0.00901406185164205,-0.0203362223027295,0.133831541889229,0.0314007240941953,0.175397637902629,0.268284458530954,0.297090561455031,-0.0892265404740818,-0.214334681456187,-0.234346870860272,-0.258337730932576,-0.0762617816999025,-0.159296847108585,-0.17688234661923,-0.242409765751742,-0.356767442650919,-0.371995855074871,-0.255331987261091,-0.120410054974484,-0.0766909471809226,0.0650391620928654,-0.0566478556818258,-0.0013055356015588,0.0141331786561483,-0.153476851357992,-0.0409039209799804,-0.145728228576651,0.0260655782254702,-0.263399443089117,-0.122603001934079,-0.155929894702625,-0.0507686995607875,-0.277403568011651,-0.17866564361849,-0.272029983413909,-0.106405430248151,-0.236222784613368,-0.0675421774938585,-0.247202251034138,-0.123024450402741,-0.222838518726786,0.0249029957984917,-0.0626551319939647,-0.017339369117292,-0.0729240345381657,-0.0648091233407543,-0.024370886953418,0.0623467622300806,-0.143617648639457,0.185086905008036,0.0297132381407647,0.172052062448362,0.153662244625335,0.00669378540817355,0.0736255846827775,0.25635206557815,-0.0397973170365684,0.159192964921335,0.0684989357210739,0.0635658391996,0.0128899349405117,0.231101383865421,-0.0164385041969349,0.00161028380548644,-0.302815330239696,-0.133872469577998,-0.0924664464294958,-0.00906367976895629,-0.0903864605154916,-0.189523991533443,-0.129138461075189,-0.29121894799912,0.191291448172164,-0.0727966683810346,0.166523984114618,-0.0975636829415888,-0.0825126620281623,-0.0277348147311432,0.0109133355476922,-0.0978151451583459,-0.127925747187449,-0.00707554122185752,-0.060429548988062,0.0223790103974126,0.174150026257904,0.0139140666681535,0.153045293924128,0.0638575894890941,-0.047319311081985,-0.190746768544474,-0.0909806100821592,0.0034627842752214,0.341508061434321,0.028104180207833,-0.23816762800175,-0.0407463411441317,-0.0908583459624133,-0.0838189122976511,-0.122698754050396,-0.0136386613575124,-0.226801553536222,-0.166235211355274,-0.12296083551274,-0.105266609455615,-0.0820897592201775,0.00496868617914147,-0.20518220100571,0.0329535455855543,-0.0702631463044481,-0.162266352369872,-0.0322431534388132,0.0227023983783802,-0.057718859710851,0.095582627460839,0.108955399712455,0.215325678351012,0.0272032014693189,0.091931065621943,0.131016018302305,0.220584908898788,0.0593543057396714,0.086066810786272,0.177385072316172,0.00374545820740271,-0.0541589640161005,-0.0754857303106155,0.097406401333178,0.136793085848048,0.378320872276466,1,0.357247092376906,0.482919942608728,0.1724454135689,0.437617908272196,0.422838672408405,0.437541834689663,0.175595935176806,0.488415697730525,0.137608122250553,0.260864284957906
"同父异母兄-同父异母妹",-0.0861637553848803,0.0821634462577401,0.0731197412981274,0.106767477475961,0.132308800901567,-0.0349287329197118,0.0963568153207935,0.139569060994262,-0.0554147963929017,-0.318925442554386,-0.339989985130016,-0.184257624428351,-0.219208776225008,-0.0492338435670701,-0.0685477350132025,-0.340259401938382,-0.164081677308036,-0.408751062006066,-0.300930439210537,-0.298740480945445,-0.15018930009856,-0.250684158070738,-0.0575483555500515,0.0274291267506251,0.0831401029570543,-0.0963759568390498,0.186753856647649,0.122571170739233,0.141864872956725,0.0935786032232515,-0.101364853085955,-0.171585702951625,-0.0759797020972348,-0.00692044493896233,-0.0990265757918453,-0.189278478208831,-0.381379856212582,-0.162424571577984,-0.0748889177547823,0.0195683638154908,-0.303586402273098,0.0199352090810842,-0.0101753872584312,0.263942032283438,-0.131185305363572,-0.227722540883858,-0.0663732750530876,0.216967159885254,0.184620643138128,0.153667738317994,-0.119757866378907,0.204456769629511,0.190298747876921,-0.060912588786316,0.00813876639104342,-0.284674500200136,0.136625105644835,-0.0991587232332145,-0.256247704328161,0.210070017264909,-0.0508835920238629,-0.0218010337807702,0.251842311306675,0.140807464845844,0.118812570139128,0.101288473021806,-0.157898126402418,-0.161227451331687,-0.0528341039552454,-0.124748432971087,-0.0817994864616012,0.0107854280662662,0.0861035005301988,0.00714942767482669,0.150982128165778,0.164486220569639,0.126113067354521,-0.0332828560089612,-0.106675486909928,0.191146463544264,-0.139603980775947,-0.0698906153717045,-0.386966547977896,-0.102220381260868,0.110111920238508,0.12633311839694,0.0487068332024438,-0.365295141851515,-0.184910891490829,-0.153734355320376,-0.22375485742327,-0.199187119244947,-0.154176107402941,0.241198230175168,0.0414433842363405,0.0492943182599452,-0.248557408945716,0.15896228343375,-0.0536814936125182,0.0523383292438617,-0.262429913067774,-0.106719358603471,0.122223306401961,0.277891772875733,0.101698790415886,0.173469722947673,0.139802220150084,0.373107516679927,-0.0144605552841715,0.0791697799979516,0.0553099027409625,0.141550720770678,-0.23084951584458,-0.144094781422239,0.0722794666835612,0.157340343897392,0.21895340776427,0.232136309502691,-0.215816567073378,0.0251045070298168,-0.0983420006094074,-0.0394065068638899,-0.00101375746512449,0.0842504958125483,-0.0735011529342434,-0.0965541851108949,-0.0537212268086679,-0.103795807243339,0.0259961657336178,-0.0011597435240673,0.382374371158166,0.357247092376906,1,0.531593519948566,0.29779776191707,0.112259759249637,0.451755813593155,0.15400413391429,0.0202036133188212,0.208402432491369,0.056475314677979,-0.053747247234176
"同父异母姐-同父异母弟",0.18221875839644,0.101366354258635,0.198735315706569,0.183832829825771,0.181631563029022,-0.0379069605381226,-0.0177528981962873,0.526897962291242,0.126934799036395,-0.190213827565199,-0.112585594313646,0.0366351676009967,-0.118809726167998,-0.0311871419577605,0.110396803866352,-0.115425048399093,-0.292028233680416,-0.364631888391926,-0.324619437199295,-0.334973051308743,-0.106723439624681,-0.0805079546636472,0.0129010717127953,-0.198309505395776,-0.0849371120530588,0.0866810918644058,0.0550038080555277,-0.00796054636394301,-0.180897176795312,-0.0288710393264489,-0.222896074899318,-0.179729773333471,-0.0798413938529818,-0.15295189331699,-0.170924003965016,0.0708011315105801,-0.131091030045942,-0.0334471863907651,0.00155250216979651,0.289767076004343,-0.115844189421115,-0.159082488889467,-0.00472014465556646,0.180143421544881,0.0147281914929641,-0.166776737998773,-0.00733174732578653,-0.0619367012671691,-0.00086347652646003,0.163232560022,-0.13086950140023,0.0368520096767479,0.310678787332776,0.223105754077761,-0.130530173383678,-0.387209862465713,-0.0404391467470412,-0.15512435239959,-0.183013899314216,-0.0642709096072978,-0.180022249924627,-0.313837453337263,-0.107128210054789,-0.0636123839318535,-0.245786433132659,-0.0101176110184877,-0.163554855805265,-0.000184754605753803,0.0857563771530607,0.161390014033158,0.0418911262369971,-0.0160423227990244,0.0948907214062681,-0.0493319311157167,0.433485839820797,0.0971285255983242,0.251823524784178,0.248617182792777,0.0855941355742145,0.274796031626467,-0.040899851519859,-0.0999524321099891,-0.291660401773074,-0.228784228785339,-0.298349989278345,-0.138031936076221,-0.267501183230245,-0.43790024111458,-0.140360673341377,-0.18196591883871,0.0199250374479431,-0.191276009181353,-0.144641883956368,0.0989292692453763,0.318241742343509,-0.0375409694247229,-0.40963400540905,0.0671007261420453,0.0361465254720331,-0.0869945096503038,-0.0271567382896981,-0.129621361780736,-0.045430906764401,-0.122610601958891,0.0275421561053643,-0.16401043974149,-0.200399504750763,-0.0577850550477947,-0.357597053977404,-0.17626870806694,0.111693670845825,-0.0361201777331047,-0.176478580470524,-0.0519612118023105,0.228899218664423,0.23547750943413,0.368682196200298,0.359281637141389,0.00493909577148728,0.0872414869246872,0.181175542095028,0.314316184799984,0.0568181007357326,0.146151999200206,0.245121444726613,-0.167888305471114,-0.117908575477992,-0.16616442877156,-0.0786229523956622,-0.00651234719826532,0.354446802632094,0.482919942608728,0.531593519948566,1,0.280289936933861,0.161738105826607,0.293125889363823,0.195711591734083,-0.093684606685674,0.217865165161774,-0.22101669675929,0.0684620951117252
"同母异父兄-同母异父弟",0.0849449582651679,0.0937918882083378,-0.0533962091052416,0.205891653605639,0.0890925191417299,0.163757168438292,0.00449517482606298,0.0976264532126593,-0.0657727572215069,-0.057173869257926,-0.206708640273455,-0.0263904946862977,-0.0416490367712091,-0.0816096070430071,0.0212717415484452,-0.100770099858528,0.154227378047318,-0.122075321053682,-0.0533442765875934,-0.0726294142867415,-0.217648915071282,-0.138457684331213,-0.117250744424592,-0.102810264716786,-0.0735592835877089,-0.0913624253395937,-0.095049055760423,-0.141709764024661,-0.0223930741963779,-0.156544190353277,-0.318812346398154,-0.398095844502418,-0.302352166891891,-0.173798885201245,-0.29644145927821,-0.333467138198081,-0.162044667741069,-0.159618508943502,0.027993598092089,0.0107868944266427,-0.0775225575004975,-0.0149066540207745,0.0506565641524712,0.0376246041063656,-0.152562926777251,-0.0576023638934118,0.0529188322280511,0.152800486630268,0.0164467763101689,0.243319688705002,-0.0855434386921247,-0.0553472759750163,-0.104436663525217,-0.192430248548729,0.0115941457760505,-0.134079426622061,-0.153363875675309,-0.168059409142249,0.0238970222904625,-0.0383903776695829,-0.174266699747916,-0.0729663019921705,-0.0742092955321928,0.0640053472033602,-0.00351950067688013,0.0747427331708774,-0.091716307861966,-0.0413687464522681,0.0476845336555852,-0.0346737949018006,-0.0688835675254721,-0.0340027539452623,-0.0521386820729254,-0.025654781311092,0.066563765807456,0.199718196184544,0.100127351737625,0.0176783521286457,0.109912337951637,0.222146268866916,-0.151479584582084,-0.116407730180544,-0.0121884481821825,-0.214860467776359,-0.136563059570468,-0.151377904897562,-0.144308894776905,-0.0932300910380291,0.150714680687305,0.00543534591042345,-0.162833443410621,-0.135432545353102,-0.0847624717835764,0.203995516166472,-0.0169996440610996,-0.0294024241612606,-0.0944572101247486,0.0341205496095474,-0.147498712668174,-0.0332982839361103,-0.0587685502128706,-0.10122644745772,0.300066536072121,0.22526912212356,0.0842880817652381,-0.0934336559982658,-0.0899514624001284,-0.016323243264029,-0.031124089100205,-0.0550275564481756,0.137385643099007,0.178402835571237,0.0589045154023986,0.0328713474261019,0.221996214193833,0.330360334971416,0.285072250100396,0.221546629386835,0.0197235036108773,0.0762893295582428,0.12982430096747,0.0678139471108106,0.0689543145530048,-0.0362970136061149,0.0355207415578782,0.226091435188014,-0.0459732960794218,0.00640532211836772,-0.0531397810632727,0.0108040986709902,0.450830019887278,0.1724454135689,0.29779776191707,0.280289936933861,1,0.400381256976195,0.101477390687268,0.115207738468001,0.128259902506588,0.212956484343525,0.0788844288628859,0.0151272391345753
"同母异父姐-同母异父妹",-0.147649537306421,-0.373990052931325,-0.281796584788175,-0.179766098853246,-0.0964041633402161,0.159481244113304,0.142997627663704,0.143798826143944,0.173299877911482,-0.0284499702995677,-0.250277030783879,-0.239571118208604,-0.182848019075468,-0.237888633989294,-0.21358430987337,-0.0777320697369104,-0.0182966862257518,-0.174117632904404,-0.227498001535989,-0.121542262639992,-0.2273596418164,-0.215037627343597,-0.0974696869537659,-0.030804309828589,0.0113339394170586,-0.151860681652271,-0.268783008785551,-0.126005012677621,0.0104112801623909,-0.0670082484640182,-0.135451109104779,-0.083489770386286,-0.144454151617277,0.100075683533535,-0.220922284439412,-0.251910448357924,-0.211923623729352,-0.108319390152922,-0.262369361380116,-0.211981062903551,-0.0844523915566167,-0.0515500983945741,-0.125690733824704,-0.196379485304643,-0.0982183749784965,0.0683324150373559,-0.138333630999313,-0.0537446659845759,-0.0244544867462516,0.0497261159950216,-0.0385036926962916,0.0576450796552062,-0.297313873274338,0.0366597433358896,0.0803667236782675,0.20874232529302,0.0151196608664893,0.13952580049881,0.06321356714923,0.105634470100889,0.0945104636693478,0.273013266293102,0.0408341044205328,0.267121033434969,0.200552504503942,-0.00937364451317635,-0.253657086675689,-0.187433464329367,-0.176249513072473,-0.122975191811658,-0.205883407956592,-0.206924237459844,-0.25645388212087,-0.271258870571813,-0.0369205028253456,-0.069004774118203,0.0393647145833102,-0.166436795611954,-0.0825444353035633,-0.157238105689641,0.204385750257935,0.0887826621526093,0.147710885101907,0.0930510172881211,0.125560185490198,-0.0435546571377827,0.237132823659579,0.233681003522439,0.197328881068185,0.180739265496166,-0.0931872473814326,-0.195757074608947,-0.0702370873291065,-0.100534517582318,0.208101756769824,-0.114498997120704,-0.0182940772056013,-0.0926372667352113,-0.160003273830609,-0.336145700127061,-0.0815400829262496,-0.0837388969075713,-0.0189188884480858,-0.10702252818416,-0.0400655181264764,0.061590750986999,0.145823210366473,0.175761548020961,0.14775137848456,0.216674247543456,0.071342727654314,0.0631609997537382,0.167332017823189,0.2034497263316,0.0199378384331631,0.0630329421014393,-0.0372152618929815,0.0415918574462101,0.0195766732362128,0.0745716199640531,0.0910763004091445,0.10101199232446,-0.175783243409871,-0.089361379683973,0.00721440489429195,0.252992442018468,-0.0751667120290062,-0.0210198800861013,-0.0532878311019413,0.117518301563153,0.310738143312538,0.437617908272196,0.112259759249637,0.161738105826607,0.400381256976195,1,0.285281510816695,0.3961848372518,0.299221184846385,0.44391058104772,0.461094175365648,0.580569993340677
"同母异父兄-同母异父妹",-0.186016720897702,-0.176673916163067,-0.143558825283651,-0.116351441459921,-0.15219604343646,0.0154740486659145,0.1267126737116,0.0290772322307224,0.0866713824096525,-0.216270168845569,-0.37934732855439,-0.340828735021458,-0.442799050380532,-0.102610692791252,-0.318149353089626,-0.327827564554489,-0.408272041359792,-0.313437918430791,-0.375287994864394,-0.264228136054401,-0.181924265914613,-0.143327520014043,-0.0540749871489049,0.214348722600797,0.0582355518223715,-0.0784134434284301,0.0433441283044312,-0.0305236055278957,0.0171533001830631,-0.0600403049374647,-0.0597516360226229,-0.132423968056983,0.0131697920593673,-0.162809771369259,0.0273845437777951,-0.204617223474156,-0.345173982640446,-0.221955714331046,-0.0869469206620206,-0.25357131126768,-0.253987826163714,-0.102529297949909,-0.19471202080799,0.0310492179054861,-0.188175792706811,-0.268999780090099,-0.0702682370994234,0.0690729861793948,0.070330305081404,-0.130789148552083,-0.025388508787951,0.372034341710242,0.141834220260686,-0.0573479029517911,0.295707287992681,-0.0475624402521515,0.223416922637118,-0.00704976290400459,-0.14830703338638,0.0996529476867914,0.0678802688771782,0.0650982901797788,0.312554348062824,0.22032149083699,0.135761265524442,0.0950342684516934,-0.122686982101377,-0.201303683523754,-0.106188241398027,-0.190552769255924,-0.0885781977416027,-0.032335201368363,-0.0567525389568382,-0.130973565720454,-0.0208310805113654,0.0412523389784901,0.100828010092933,-0.097460954082222,-0.136511279232671,0.0508698608740772,-0.0660815247418521,-0.075262049830374,-0.113394622667421,0.113369978247673,0.139329515683776,0.0960398192449433,0.169680702683658,0.00355448821693591,0.0509851648801318,0.0952498160074846,-0.140368064395507,-0.193917391115992,0.0236161304576869,0.13375728725308,0.0233622502645797,0.10699074198252,-0.174786135920731,0.160965244181238,0.0208718646172407,0.067635416988842,-0.270264503022297,-0.00466262037694769,0.0738401151463881,0.10770922161735,0.129900582604485,0.176390746269332,0.306339761839038,0.347536811974929,0.0958348477736106,0.152268424389519,-0.0696900347812928,-0.0495894223816198,-0.190645012289378,-0.0826617723579045,-0.00667085384169889,0.0933576269220714,0.0698632482453045,-0.00290688828804107,-0.0649480001040658,0.0497111119800012,-0.0143883051383118,0.0721427519433633,0.115248717732009,0.10585603809881,0.0394530964010453,-0.113884730106569,-0.0768574522233629,-0.155048440839135,0.0340309773763846,-0.0448919875637582,0.287566206300256,0.422838672408405,0.451755813593155,0.293125889363823,0.101477390687268,0.285281510816695,1,0.619325534078844,0.490534030365272,0.485659985939379,0.184987482289665,0.10398827193185
"同母异父姐-同母异父弟",-0.322851181654031,-0.374790140618675,-0.344445452062792,-0.282416098422153,-0.265328990105637,0.169205398581182,0.113930345920906,0.0385125208919074,0.121497964550857,-0.141711245767977,-0.352612220305112,-0.315883313641145,-0.376678321135647,-0.183071831604536,-0.284670077488222,-0.242310796459386,-0.330170084866394,-0.294946378910588,-0.304564822981383,-0.149917755867962,-0.315530086715466,-0.289995137434407,-0.195334734937915,0.114089211463724,0.0380399185332227,-0.205462814212968,-0.14437204452932,-0.0276291877137099,-0.10854617791651,-0.0634523895483299,-0.0262047007692797,0.0131699824760157,0.00555141015937888,0.0374720029533629,0.0745595906499899,-0.279957915529119,-0.284615649402877,-0.10532109175809,-0.0683261525525152,-0.193915261792218,-0.155270030912695,-0.0618452053675505,-0.205253559746365,-0.113445814056053,-0.209505080759751,-0.125451113546607,0.0109576546225095,0.0803865338205455,0.0596494267424305,-0.0308746281922199,-0.156326119950171,0.242979446160516,0.00314219748898382,0.0413692745774782,0.278745073579805,0.135979326184783,0.308485067443473,0.109934887025187,0.0109267753111425,0.0719472687077596,0.0374161433251567,0.200490869198921,0.257424508816029,0.17154113301149,0.180552171798482,0.179183705462907,-0.162966933119459,-0.251838692575442,-0.155654111294898,-0.273307482716007,-0.324461246449292,-0.0712561282504179,-0.348222149817848,-0.241311449685536,-0.0753584126798786,0.0328322998260307,0.0992453814141071,-0.125834637838272,-0.178475906396198,0.144018058185786,0.128574854981041,-0.117022690853719,0.0419898665578299,0.108698134326272,0.10808376118003,0.0129120499679417,0.183285628559071,0.289011138696024,0.170702733398366,0.281532832951597,-0.119355754532663,-0.15225733460484,0.0310889907908353,0.0891894202495211,0.0192608194090717,-0.136326075016934,-0.0654947594384318,0.0569115463392263,-0.07201356266772,-0.0902525981132613,-0.266839033575263,0.157469270408416,0.00279875355253237,0.0220436753087332,0.129207541432204,0.0570451053060407,0.351680897833283,0.351745710640447,0.311440704326389,0.337560565558804,-0.225206362597722,-0.0825603702081101,-0.0590945956167614,0.0980067372007036,0.117581809783699,0.116777938194256,0.0966534370959482,0.070018612518096,0.0144819481631574,0.0216869307498337,0.0493530700839134,0.0628147651788555,0.109416255351755,-0.0168378777944101,0.0650777213367985,-0.167477027487208,-0.162043671926918,-0.237622062787915,-0.153155508950067,-0.109361582916182,0.134088660860529,0.437541834689663,0.15400413391429,0.195711591734083,0.115207738468001,0.3961848372518,0.619325534078844,1,0.622002856971396,0.56744515187786,0.294036777080151,0.418657344753314
"异父异母兄-异父异母弟",-0.296425574153193,-0.310427761874434,-0.373569135379922,-0.35898868245526,-0.32269919122955,0.175435920815961,0.11168080302095,-0.258565980278841,-0.0225307047059523,0.0397561213438539,-0.420974865994823,-0.37751939026564,-0.411562209913631,-0.176176429262769,-0.339747131160129,-0.224141278842692,-0.210520852876294,-0.0663225355520139,-0.0899805095805386,-0.0858079163915604,-0.329759938449677,-0.188196486510857,-0.31096662576468,1.67606008619581e-05,-0.00301294461077016,-0.221361942985054,-0.107858666182817,-0.0607044678691714,0.0944908629236582,-0.102658308171461,0.00955938284755086,0.0543436623249623,0.126794234138884,0.0907916677093521,0.112826714313467,-0.269766300638798,-0.333066892223459,-0.236298680605595,-0.191866311008397,-0.335987374424372,-0.179151590955135,-0.0890724694180949,-0.197640101368916,-0.212339722363085,-0.273992005132228,-0.300784182222392,0.0298390036785001,-0.0106603072986221,-0.0406578043560601,-0.0977475222771812,-0.0267183105718451,0.274244091353049,-0.114727560442277,-0.0913930950839787,0.402896742216856,0.320763889758852,0.130656775394773,0.128909902937107,0.202379879088888,0.13059063457266,0.144918122616195,0.306866699500664,0.307400309797173,0.198194377373258,0.307680164196367,-0.0327659948160504,-0.061896348718369,-0.241038985406716,-0.142742553822956,-0.299006198902221,-0.415384232038315,-0.090376939260587,-0.331926762454993,-0.20079088516948,-0.245300083614348,-0.0383051385012848,-0.114525720754402,-0.200380134983258,-0.272911649347674,-0.0990188420125349,0.139772226349589,0.0507443709015245,0.132320373392052,0.23320002484576,0.236167112529976,0.131040986973817,0.315080192587845,0.378616653042014,0.366876823107339,0.422543040041449,-0.147044408833596,-0.122969298775755,0.0055823441550723,0.0365334076276113,-0.125784819382705,-0.170320741050707,-0.0238054630013143,-0.0228448040609535,-0.0879475982987521,-0.137506081481123,-0.296142102126199,-0.0437201959899696,0.147185228419526,0.0764564393209995,0.0773626050094662,0.122909592945036,0.357425809507957,0.35665039478135,0.339336421762625,0.303274712484356,-0.0473167120665352,0.140102684194746,0.112449617297828,0.145126171587543,0.163537837011401,0.116810939862386,0.0579273554836376,-0.0332783241771451,0.0669824731451039,-0.00460009611768785,0.0720826255503057,-0.0119821459069794,0.0445273043586643,-0.0108130308274222,-0.00669897456500996,-0.0689106289097373,-0.0205340958572877,-0.1698965859442,-0.0758967882142003,-0.129547735097076,0.123511069163034,0.175595935176806,0.0202036133188212,-0.093684606685674,0.128259902506588,0.299221184846385,0.490534030365272,0.622002856971396,1,0.648309037423565,0.494040720487963,0.383339011248316
"异父异母姐-异父异母妹",-0.164497240817188,-0.302210307102731,-0.252015907274651,-0.168461510733639,-0.117340504396131,0.0785227170771159,0.0990069875049261,-0.0113955700674889,0.158607596148909,-0.0633139599567759,-0.355481026768011,-0.302013912506254,-0.276576455592739,-0.283665850531597,-0.249091703794855,-0.265800212727815,-0.183121844463707,-0.252990028030656,-0.200676720270745,-0.226921725618455,-0.263152748102354,-0.185224045014385,-0.0923847244589354,-0.131226289015198,-0.0372623331529267,-0.134187462533009,-0.177612540579256,-0.103236833790062,0.0635497066300024,0.0132779394418303,-0.183094564969234,-0.0608396265180571,-0.0867701840201874,0.079410872050713,-0.105113348019685,-0.21366314810826,-0.409149911195122,-0.202488813330602,-0.311028307691032,-0.169458799371161,-0.290272914006371,-0.128729350324463,-0.175115215594567,-0.0411748479291314,-0.195734747494622,-0.181703437695326,-0.173016252569691,-0.0247611254997851,-0.00682312367507049,0.0767220165732493,-0.128232999662966,0.372528436177184,-0.0356226042715983,0.0659565591796924,0.345120433152493,0.143220203073904,0.0261442258777363,0.125995890485123,0.0402629173901263,0.0773124214669588,0.0742943754334999,0.195023243747645,0.172340669193212,0.274400065831581,0.253960587373745,0.0577387333826807,-0.316632284481425,-0.318375760735168,-0.121972695029384,-0.194982559945261,-0.389455752830301,-0.277589129094975,-0.337925463415426,-0.321040447283082,-0.0684911822549576,-0.0102859118276665,0.0970563486588946,-0.131385550347432,-0.157824682334278,-0.0896446363477853,0.00190739928781863,-0.00181843961502157,-0.0703425950312816,0.0704986131511342,0.0897381167553902,0.0802763670733975,0.272089420705156,0.140406488437034,0.226659090948746,0.245198034809047,-0.257315450507609,-0.179969342777421,-0.10543458779749,0.0413722660364531,0.179695356357512,-0.267336300966056,-0.21361091068495,-0.200312783405418,-0.167791260108806,-0.317098840421705,-0.332026007682453,-0.0113366008851226,0.118080846716001,0.0783387758533076,0.0923359606762437,0.0916726908238177,0.158102761821753,0.233950177205129,0.101766272163734,0.270650131653646,0.0794937201970415,0.199377594337521,0.157841616806411,0.148686994647589,0.0894256095300334,0.25972380703466,0.296632243250215,0.303393905082095,-0.0177257906024664,0.0494782019466108,0.113398286249067,0.207005412339093,-0.0574621094409576,0.0750591651534262,0.122560774807735,0.0284678346859393,-0.0490332453816505,-0.125308118003746,0.0206948170259726,0.0754774410175783,0.159224250933128,0.488415697730525,0.208402432491369,0.217865165161774,0.212956484343525,0.44391058104772,0.485659985939379,0.56744515187786,0.648309037423565,1,0.420372986046598,0.29983598358953
"异父异母兄-异父异母妹",-0.281626062599048,-0.323322767943843,-0.359937668710216,-0.290493851360182,-0.267617453303051,0.135009041277781,0.177167858636051,-0.176463993497478,-0.0359067343025358,0.0658963263239627,-0.232400401469141,-0.383982198848268,-0.335466044898373,-0.103709865092711,-0.279468626726162,-0.0165356814267704,-0.0426454745715197,-0.0392433431676823,-0.0497379447231059,0.0566517235322094,-0.100552571850532,-0.131691771351047,-0.252333269832991,0.145186966595173,-0.0177025482603392,-0.0460360455129816,-0.184838968139218,-0.21020306051365,0.192894313887363,-0.0453851188661381,0.190415563141887,-0.0365541723186736,-0.0683543297223855,0.0998589990146936,0.00599897333360887,-0.284262840375844,-0.319255587757844,-0.26198344134196,-0.250490757745938,-0.396366331089952,-0.208003115943909,-0.0658973076723696,-0.248587184477453,-0.278878150259646,-0.20737775211742,-0.087976218634189,-0.145730380467196,-0.043894448980565,-0.0887887413432118,-0.188823034271588,0.189913823844089,0.134851733962116,-0.278564296622772,-0.224736738506113,0.183590962873197,0.519093854333624,0.236506038775051,0.19904299568056,0.238633629021725,0.26260349424941,0.390053311840851,0.502082652656661,0.457361239659938,0.366067667318204,0.437796009083598,-0.0566567512779318,-0.180339014056918,-0.241466855428313,-0.390760841235663,-0.339791842258774,-0.335959811775907,-0.298850833798703,-0.413040638956994,-0.387218702333886,-0.301672924747485,-0.124060024379196,-0.189744494936079,-0.417402581939493,-0.355824065656089,-0.326764678531507,0.196679075584414,0.301846197169959,0.175285999837653,0.350306522711751,0.48190937922458,0.253443357167813,0.41061155718668,0.296237099735476,0.304486320822194,0.375082473642552,-0.186443606677521,-0.0444767515122416,-0.118610949173597,-0.0614904941452978,-0.248409302564107,-0.020356950390339,-0.0750977690694371,-0.081905452040255,-0.336218859319187,-0.122287532074858,-0.31033640221482,-0.176685418169793,-0.0375340516790055,0.0806711790341029,-0.00635280430801014,0.434469574330847,0.391002236491974,0.351740987357805,0.385029264950754,0.272767690850917,0.216022940349008,0.265276269235064,0.229053351608081,0.180731144181966,0.0309906826411501,-0.10195237917653,-0.18973289750826,-0.287098805288851,0.00611800359188626,-0.0918374098411647,-0.0791884195804423,-0.207004211031075,-0.113298108789889,-0.242419415802049,-0.137703673209605,0.295966826981413,0.20261396086511,0.177761501191442,0.12938015925457,0.131761356836063,0.266800985512925,0.137608122250553,0.056475314677979,-0.22101669675929,0.0788844288628859,0.461094175365648,0.184987482289665,0.294036777080151,0.494040720487963,0.420372986046598,1,0.493561680372915
"异父异母姐-异父异母弟",-0.127452644267115,-0.421841496462134,-0.217128507970363,-0.387825637427792,-0.242923974150403,0.372632038411999,0.305606011962098,0.203008852209379,0.328491429151921,0.177934192862345,-0.118438910354849,-0.205755862335955,-0.18086558192694,-0.170216976143726,-0.110305808931844,0.0750273844974964,-0.129854282138417,0.00242036890809192,-0.114499868352074,-0.068968849182961,-0.184827635948429,-0.0902849735981356,-0.198169808036799,-0.0500080640961155,0.011409478162064,-0.110601707230886,-0.285433857285088,-0.106901499463999,-0.0233649593576885,-0.0870231429294238,0.0734542339084581,0.163438580908142,0.0601891111208559,0.229967545765384,-0.108852868357742,-0.101546194724785,-0.165333897156344,-0.0821182361274372,-0.327688912663319,-0.203650947939687,-0.0597103093392172,-0.162383441337137,-0.21287900039323,-0.432379964717203,-0.0556636555263689,-0.0955038368075624,0.00352758555409937,-0.196273825674234,-0.177776038807959,-0.153829814014706,0.0890959705411412,-0.0324244786497053,-0.274032785826603,0.137486103903284,0.046299002012548,0.362757299823985,0.150364166285579,0.254267230646736,0.272101744296045,0.130892274400949,0.173101025094762,0.310963813128306,0.00622868957553591,0.247455165937201,0.162879023606883,-0.195911735421877,-0.0978673561869703,-0.13868645029432,-0.282939489916752,-0.167044129349249,-0.39182455379555,-0.242443638738677,-0.354250856481847,-0.309677636374121,0.0308468186373595,-0.217478664022648,-0.112435300025679,-0.17376935528023,-0.262698797499991,-0.232843749860884,0.391987542977031,0.188486983050324,0.319833637873793,0.282050725118148,0.182071255968465,-0.0471287280660534,0.231962622981619,0.404524884383175,0.277600991270569,0.328928285064984,0.0783474242327622,-0.157874962204867,-0.113779698024412,-0.348837964838888,0.100991615813838,-0.165387223238202,-0.0755960837230591,-0.0166960496053093,-0.0205492544741587,-0.352198508145135,-0.124073755775277,-0.175518321174531,-0.251234261338709,-0.370799736127822,-0.230514446482535,-0.0529037849180582,0.13826659319855,0.12119403747839,0.23165132748696,0.239190058024784,-0.0545931958020497,-0.0859470940428037,0.24314821311711,0.286325372240963,0.177363790293335,-0.0597654492245906,-0.162987415062256,-0.134737566935835,0.193206348431572,0.0921165806777915,0.152173934277249,-0.000730069371453341,-0.159552020735493,-0.143232616550746,0.0903311964559856,-0.0276503049737634,-0.0774611852564832,-0.139304781192647,-0.0753548526327822,-0.0192310724866728,0.165699604821935,0.260864284957906,-0.053747247234176,0.0684620951117252,0.0151272391345753,0.580569993340677,0.10398827193185,0.418657344753314,0.383339011248316,0.29983598358953,0.493561680372915,1
