"","表嫂-表小叔","表叔-表侄","表兄-表弟","表兄-表妹","表姐-表弟","表姐-表妹","伯父-侄女","伯父-侄媳","伯父-侄女婿","伯父-侄子","伯母-侄女","伯母-侄子","曾祖父-曾孙女","曾祖父-曾孙子","曾祖母-曾孙女","曾祖母-曾孙子","从祖父-从孙女","从祖父-从孙子","从祖姑-从侄孙","从祖母-从孙女","从祖母-从孙子","兄-弟","同父异母兄-同父异母弟","母亲-亲生子女","母亲-非亲生子女","同父异母兄-同父异母弟","同父异母兄-同父异母妹","同父异母子女-同父异母子女","同父异母姐-同父异母弟","同父异母姐-同父异母妹","弟媳-伯","夫-妻","夫-妻","出轨者-第三者","夫-妻","父-女","父-子","高祖父-玄孙","高祖母-玄孙","公公-儿媳","姑表兄-姑表弟","姑表兄-姑表妹","姑表姐-姑表弟","姑表姐-姑表妹","姑母-侄女","姑母-侄子","姑-嫂","姑父-侄女","姑父-侄子","亲家-亲家","继父-继女","继父-继子","继母-继女","继母-继子","继外祖父-继外孙女","继外祖父-继外孙子","继外祖母-继外孙女","继外祖母-继外孙子","继兄-继弟","继兄-继妹","继姐-继弟","继姐-继妹","继祖父-继孙女","继祖父-继孙子","继祖母-继孙女","继祖母-继孙子","舅表兄-舅表弟","舅表兄-舅表妹","舅表姐-舅表弟","舅表姐-舅表妹","舅父-外甥女","舅父-甥媳","舅父-甥女婿","舅父-外甥","舅公-甥孙","舅母-外甥女","舅母-外甥","妹夫-妻兄","妹夫-妻姐","母-女","母-子","婆婆-儿媳","原配-第三者","三从兄-三从弟","叔父-侄女","叔父-侄子","叔母-侄女","叔母-侄子","叔-嫂","继母-继子女","继母-继子女","堂伯-堂侄","堂兄-堂弟","堂兄-堂妹","堂姐-堂弟","堂姐-堂妹","堂姐夫-堂内弟","堂祖父-堂侄孙","堂祖母-堂侄孙","外曾祖父-外曾孙","外曾祖母-外曾孙","外祖父-外孙女","外祖父-外孙子","外祖母-外孙女","外祖母-外孙子","兄-弟","兄-妹","兄妻-弟妻","养父-养女","养父-养子","养母-养女","养母-养子","姨表兄-姨表弟","姨表兄-姨表妹","姨表姐-姨表弟","姨表姐-姨表妹","姨母-外甥女","姨母-外甥","姨婆-姨甥孙","姨父-外甥女","姨父-外甥","义父-义女","义父-义子","义母-义女","义母-义子","姻伯叔-姻侄","原配-继室","岳父-女婿","岳母-女婿","再从兄-再从弟","姐-弟","姐-妹","姐夫-妹夫","姐夫-妻弟","兄-弟","族伯叔-族侄","族兄-族弟","族姐-族妹","祖父-孙女","祖父-孙子","祖母-孙女","祖母-孙子","祖先-后代"
"表嫂-表小叔",1,0.497959954124559,0.308586612950088,0.167069228936933,0.0313034582384838,0.111639435526532,-0.115460536133026,-0.0950140959443374,0.219045433191057,0.0566426009423942,-0.103476308552282,-0.0352380367285256,-0.0690533392936152,-0.189592248189649,-0.138995683950365,0.0609182959409891,-0.0838100251667945,-0.0674214322177293,-0.00670025305152558,-0.2844421633647,0.0116629066620206,0.229443020592804,0.0934480292127124,-0.177680013410869,-0.242979835458809,0.0659759373355297,0.156111273332102,0.239915941016659,-0.135551641394033,-0.0275761653467111,0.271752408085329,-0.326299768659552,-0.253857263672167,-0.0973022813549988,-0.127899128181699,-0.286373785553966,-0.0336948632014183,-0.126039284869233,-0.122982599441709,-0.01993161722612,-0.0727260373759759,0.0858115555161484,0.168113479340041,0.1243574437707,-0.172938334304948,0.0254117046023693,0.34450238342616,-0.193414439641016,0.219456197189932,-0.234223833035154,-0.257583488036548,-0.136566452429551,-0.200556193214893,-0.240761961998222,-0.171167285005985,-0.227994303601418,-0.103420236476121,-0.168429447112563,0.0616894741347251,-0.124836616727583,-0.155752584380789,-0.172553402516737,0.18915842608943,0.30675013337715,-0.147575888949093,0.233743323184496,0.458086145831617,0.239682680409257,-0.24805519275689,-0.0395759181854272,-0.10913907218143,0.0518447535903594,0.129355472173275,-0.135362953319696,0.354200246732224,-0.172225330490023,-0.111394309180775,0.440593864150912,0.377869590281173,-0.0743532585472889,-0.284292096432011,-0.0741065041407239,-0.0670368764445813,-0.173489080984762,-0.12041137673729,-0.018481939751363,-0.150118592485255,-0.188848702067342,-0.0292228901958863,-0.108724481189937,-0.104871345700314,0.240073127749476,-0.183604743031817,-0.143568982836662,-0.210299447705606,-0.0639241805069604,0.437085057415293,0.104067447339025,0.456783123135012,0.0742868488309658,-0.107655544346358,0.0266189132814451,-0.175643154533882,0.138392364333482,0.101356360332659,-0.167450326162029,-0.179765609308647,-0.0916762525451924,-0.316234931307468,-0.24888974977879,-0.0704355537238823,0.0291775491316828,0.0790648859940679,0.157697080007912,-0.0766649794768304,0.365544399828748,-0.0616603766425544,-0.193696334087875,0.282141477939737,-0.235705711822044,-0.0903015416927504,0.0396009331747919,0.235129521738268,-0.175460404152454,0.0583987183580034,0.461586340939949,0.0641841425897451,0.121711751842672,0.0537733008094145,-0.0137824224960973,-0.170162606525632,-0.205822475823911,0.0643251919911813,0.4760730060199,0.128468040994662,0.49895979748212,0.328620396681317,0.443507529697242,-0.00054888665015057,-0.203679883346901,-0.192975479867811,-0.266898675634454,-0.0684342270860617
"表叔-表侄",0.497959954124559,1,0.0622690369297649,0.104170784820669,-0.171260194878143,0.0242116871587538,-0.0774516506135443,0.0244783921818672,-0.173379457682919,0.229757386094256,0.00201025693441034,0.135332653193258,-0.263125134296796,-0.0391712021176726,-0.266832512732842,-0.158456299775261,-0.155970326016253,-0.141517891454022,0.152109952699712,-0.225590874950412,0.28149789656382,0.375753004978478,0.183771184496016,-0.180644300623594,0.141140181588428,0.0910670774074355,0.0715466743543844,-0.174397661931237,-0.0721336326026676,-0.352974519367216,0.121774903392729,-0.299030335155132,-0.198063333503035,-0.195327201405389,0.0779952272963097,-0.194292261474908,-0.222395588418035,0.00204490642798151,0.00173469654059302,-0.198443229801387,0.0242293664737469,-0.177220421808812,-0.101800694127556,0.135909228531334,-0.146598781910328,-0.177425187298441,0.485158120584766,-0.108494190927051,0.477487778448539,-0.142598598560774,-0.150998595737376,-0.181830078466054,-0.220963377545431,-0.361277073500125,-0.0316874221181209,-0.231560297483241,-0.0608847440481777,0.0589458628676427,0.291975374745097,0.0133968251192079,-0.0329956235327379,0.0129148656970531,-0.0697047861102436,0.00844413215885795,-0.11350048011628,0.059521701211406,0.210356344100033,0.034281953665814,-0.074631820882686,-0.0631530930705203,-0.113623680495957,0.0498125518826365,0.330562931636066,-0.0896066821348397,0.191273925131831,-0.0952102946126996,-0.0409229554034073,0.201151423147256,0.379302337556799,-0.262351343296453,-0.264527051510052,-0.323822290782364,0.182789818505217,0.0262489014268541,-0.0603957164021156,-0.0740951749498447,-0.256936494111929,-0.206467099412764,-0.00363874921526428,0.169334857537027,0.0176822168643712,0.349069277382514,-0.0439921979925345,0.0308208892104265,-0.31534754774331,0.167507127003516,0.433057178679861,0.367309809902753,0.42024274890768,0.0810262691829526,-0.345944764329051,0.0803134877940662,-0.179386048077136,-0.155032172405249,-0.179595941896245,-0.0684014963005362,-0.0610002069537876,-0.305084200135498,-0.161689244661873,-0.157949152638943,-0.0804158767134409,-0.106207669168575,-0.13516134700494,-0.123717890532305,-0.166467308920511,0.32843009200743,-0.310552597465031,-0.090182644466278,0.0068631180133753,-0.146668768373904,-0.0829203289793469,0.216076407287564,0.00256333789178904,0.0157282594678302,0.143084823139996,0.495448430426459,0.21183862402779,0.0933265330214778,0.159774088121523,0.15440313617999,-0.0290571061979576,-0.0213601086366593,-0.200219782840292,0.293242825498789,0.268381118919275,0.439200253500283,0.513610167129339,0.289466641283042,0.136971276096657,0.00174277372407505,-0.073037876694484,-0.12786403529771,-0.237856432666128
"表兄-表弟",0.308586612950088,0.0622690369297649,1,0.542186954720287,0.413565028197105,0.36971577542767,-0.0201094471987803,-0.126183542697164,0.190120539111359,0.109716481566745,0.0841579317990345,-0.226014157535844,0.470505669589413,-0.134996828004089,0.316257531079453,0.335502082827221,0.125423960595296,-0.0208838788114566,-0.161997710713849,-0.284755527366254,-0.199528320461092,0.042150457898133,0.257756472594161,-0.10079953725468,-0.347821303975154,0.195153069474645,0.411625104034032,0.527165955407214,0.0251566593338779,0.221100266809816,0.188679625080539,-0.226505572620601,-0.0119506875523708,-0.0989355620621289,-0.408119362303615,0.0217653445737772,0.0285175808562247,0.0936242279951768,0.156004733243006,0.104426968038554,-0.0188546717070769,0.104480503388402,0.633590988971582,0.186688364993561,-0.164192676189422,0.0351419287648012,0.0246773783966101,-0.427266070616289,-0.199394794513494,-0.0885135432282868,-0.331739600440337,-0.0453523703039505,0.102195819178562,0.00453522038310088,-0.136054522687923,0.0469721234791391,-0.0108091159976511,-0.262521083198716,-0.271461120957484,-0.261170527731623,-0.379321602886243,-0.350354329813702,0.293116738546141,0.270679084157657,0.032678403193172,0.433928517283117,0.500935478162137,0.402564334453836,-0.0971954136952387,0.201770797543584,-0.163536852501295,-0.206676525755704,-0.153699930920715,-0.33352066896507,0.26849423701533,-0.294162482477798,-0.343981346414077,0.465121794178596,0.242223068631753,0.381956337805957,0.123809472750562,-0.0339971417346575,-0.306259587335056,-0.35015241811479,-0.310244814989453,-0.169659933629805,-0.00510921159570728,-0.099391945430355,-0.0285778736267194,-0.292724104680693,-0.232107020352313,0.0963859892599445,-0.174976143225399,-0.204761141760584,0.0499161407310541,-0.205693295273114,0.118453228549279,-0.244064865120508,0.113866714880272,0.335876845467119,0.321168636470821,-0.196900295926145,-0.0422928547941333,0.451588735927283,0.583009702777343,-0.267871666526502,-0.327745432137342,0.138728182701347,-0.327001901045849,-0.382585611337902,0.0932822820300809,0.24526898577177,0.298778359129928,0.0226444095235654,0.145351278723471,0.327340777251265,0.114845507056089,-0.317471252373946,0.159431036880406,-0.229237919545407,-0.155923702366337,-0.0715348799799681,0.388858963476957,-0.143863002805809,0.0372035703178393,0.160116139535385,-0.0467805184296701,0.213569578210345,0.108109016684209,-0.13226671078348,-0.31141580190281,-0.342911825879225,0.207291056061229,0.299683241167436,0.100200303676691,0.117243118898029,-0.0323201841237984,0.37115823979648,-0.204823703015494,-0.289787185981927,-0.276854796004833,-0.423816613432255,0.0941688482877758
"表兄-表妹",0.167069228936933,0.104170784820669,0.542186954720287,1,0.305996322659351,0.446642100252848,-0.10503304710242,-0.0228237350023493,0.0259644894053386,0.0939997000881572,0.211921568079625,-0.178903103200347,0.436277725083746,-0.010526174602374,0.302831247089063,0.397068015122232,0.1248792337053,-0.3404544345964,-0.163707751129337,-0.257331715282373,-0.168056728762639,0.00154094808923216,0.0812972058600597,-0.211116770520501,-0.23288232964189,0.107672747525783,0.362432155094213,0.360951357288819,-0.0694186661106483,-0.0101377860870448,0.198318301624542,-0.15944708966944,0.134880584302946,-0.17218672614505,-0.21473998114887,0.253015254779731,0.067799636336779,0.205417787903649,0.0966055267453373,0.208863001889214,0.10147467795598,-0.0160737847444377,0.431243723779529,0.179014568401402,-0.247001397741902,0.0212724129536416,0.208419330044794,-0.284599711253221,-0.212764393388069,0.0245764892743822,-0.16111143321378,-0.20314269480725,-0.185524005438491,-0.200310176413467,-0.158363525509658,-0.0569797866155518,0.0645706703813564,-0.213118267701412,-0.150566651617231,-0.212570384185495,-0.179205161491254,-0.221819827665057,0.352455152258395,0.288245082276999,0.103112525507672,0.2302849982937,0.410466138759161,0.502814128384034,0.00600332114222652,0.168252046828637,-0.205066749223249,-0.154632473077256,0.00932654908780339,-0.212484901060742,0.183141562226777,-0.190875173460928,-0.218360021062554,0.454094496645788,0.224427976655595,0.322975563458283,0.272132836319571,-0.112270044901303,-0.0889123758127703,-0.087878806567106,-0.139719095370079,-0.401688236161168,0.00652640195581546,0.016567128933806,0.101720296867924,-0.285564580027876,-0.0889450487628873,-0.178775281257008,-0.269048573250187,-0.155705316845327,-0.180845138809648,-0.154000798662698,0.0628760384289277,-0.187159990488725,-0.0144610152768202,0.392753504177905,0.348956470964327,-0.132787192235136,-0.263200849614755,0.502677478201565,0.520450498283496,-0.144768397716027,-0.237069181132628,0.00146277294378985,-0.227632662808939,-0.296021039126329,-0.00939627662678425,-0.0591964648814213,0.217567538174572,0.0320233904139245,0.0304928446141481,0.261850240579515,-0.0214133886272744,-0.27223322194783,0.0315963046748528,-0.15961683347867,-0.221958357762812,0.0349696531313264,0.282515055687252,0.0917076008244728,0.0692846797886212,0.200220747605664,-0.239614760780945,0.12172492840887,0.0248355349306097,-0.137727013916286,-0.157132577921102,-0.103935555589154,0.163308245592205,0.190247568838392,0.0558756333273722,0.025280371974125,0.144466091172647,0.0718766124794622,-0.0954934704148829,-0.298685230214734,-0.131954904183274,-0.341440410990853,0.126686311308816
"表姐-表弟",0.0313034582384838,-0.171260194878143,0.413565028197105,0.305996322659351,1,0.397128421641455,-0.0675885889686558,-0.0928099100492738,0.209310291202881,-0.20707818594212,0.0513236275795764,-0.22273969321755,0.418574512240187,-0.261622854551142,0.258157679158342,0.210334371362879,0.422607363708476,0.158603457128866,-0.432088870939998,-0.248687286564986,-0.236062395424089,-0.238242352395067,-0.0572860671647376,0.0525592880585401,-0.15023356460295,0.0017066657913829,-0.00618180717332357,0.335856451756762,0.327844497108509,0.500188027197217,0.0236187304094657,-0.0155674228497668,0.217970314582262,0.129300192833983,-0.55528212850878,-0.119266134685042,-0.0759723703483525,0.181059311379067,0.014151582688047,0.209848587749154,0.221726591579344,0.221313965552951,0.45551074085609,0.156744223918133,-0.0336873358589224,-0.00401813873965714,-0.19875464741879,-0.376381874554108,-0.41249792695874,0.142102944503655,-0.19570260371939,0.157418614344456,0.288531980296186,0.0475369633547361,0.251899919387449,0.24391185520469,0.148189682512062,-0.406872528321306,-0.394401797366184,-0.389849408495044,-0.407167378483682,-0.284552212350192,0.219126874179806,0.0412294094489588,-0.142702417679781,0.146680523025139,0.142130466439856,0.223579554085879,0.131847120145093,0.526823111726207,-0.0685398523714257,-0.363212696694455,-0.197291222492553,-0.353921929210761,-0.174382441769363,-0.307826586479064,-0.399559793829323,0.0517714933981338,-0.169939064555405,0.304709230314606,0.0182959327814073,0.394821598475096,-0.191298946480369,-0.375810154195136,-0.226233899712317,-0.120489464500726,0.366904465703568,0.173000279674743,-0.0684842339986683,-0.191504285605721,0.111669878024916,-0.318454424106041,-0.0705035204546128,0.0415706443049555,0.153537993786997,-0.0450191545592608,-0.0780264674439558,-0.391872438627102,-0.116192337767465,-0.00997887037375505,0.509277247705076,-0.00484539266261854,0.0113732832907572,0.377463877440959,0.309819346587062,-0.300307293258264,-0.37670511722741,0.432545050703639,-0.271444981645858,-0.328786903554119,0.0629691274107874,-0.0245919128406752,0.648377216872259,0.271700053453474,0.51320838788941,0.125665821617036,0.159195338149186,-0.314634652838733,0.149293025139274,-0.145481992967408,-0.158026104014628,0.015319431760224,0.325112794778805,0.125656829755881,0.183377185115532,-0.140100075829164,-0.24481977317416,0.324150769928823,0.33014603283693,-0.265172281889763,-0.373958208688325,-0.383530345706601,0.384944672245542,0.206021287467599,-0.117533721099742,-0.155013673265139,-0.380464738653387,0.043523162940761,-0.0266645665506512,-0.0300137431957317,-0.0155690245300061,-0.318915262576332,0.0393591393251104
"表姐-表妹",0.111639435526532,0.0242116871587538,0.36971577542767,0.446642100252848,0.397128421641455,1,-0.215453999968664,-0.0728205896378505,0.208793900892272,-0.196403909912442,0.370607318211351,-0.204518564816334,0.468291121942569,-0.0117443112488182,0.478157517057116,0.381372252657405,0.245379654264023,-0.223078393072401,-0.303155064866302,-0.00573018219854689,-0.38213959267273,-0.321311724351036,-0.140983809805954,-0.0921405374619027,-0.236803392908493,-0.185165909848373,-0.0511588897187558,0.340421312145697,-0.122062685305987,0.298057314341103,0.181050208129972,-0.0835658214597897,0.217693568220909,0.00990521020547182,-0.457765369783759,0.0367636738989496,-0.000904963707291983,0.300564885982864,0.0949823639886496,0.119827544340112,0.104769474761223,0.0965910623659586,0.416918141021469,0.263617897293989,-0.12953903005132,-0.130341569182158,-0.0454622338635655,-0.252504002818032,-0.42211283075209,0.134172173036423,-0.202670395426111,-0.0975400718916536,0.0177343751284342,-0.1899424748404,-0.163198437867532,-0.0300586608788561,0.255681087117045,-0.246373143880029,-0.512065702942475,-0.281434710376398,-0.132503484246412,-0.03662056043472,0.462745315076797,0.222111060712397,0.0720729813378623,0.0393480732524837,0.0574344722427557,0.545099520568933,-0.0927297032263737,0.314026141845978,-0.185346974379655,-0.247323463783598,0.204692738739327,-0.280896925213971,-0.115736561924545,-0.110767506069584,-0.306653082240961,0.196322116796909,-0.0306302230310928,0.52340743538995,0.210827500724205,0.190032301767439,-0.245830858301489,-0.281847909140211,-0.171814896928104,-0.414756118374824,0.261970992811837,0.0627614175668867,0.14112738403715,-0.315611263367265,0.0193430568656304,-0.324474203277223,-0.322520505988027,-0.266605700788796,-0.0112809269175026,-0.167190330672406,0.228839684998105,-0.371651370885345,0.0594798179415217,0.0141100842912896,0.344232809713284,0.200641556952399,-0.187124549917901,0.542821336481412,0.391066059781301,-0.185968069386425,-0.29653230517312,0.0965043540892944,-0.00764052189958325,-0.19888299792571,0.140272064042568,0.00918390046275913,0.453388346575611,0.102997226797228,0.250760871476278,0.115276061082961,0.145194312119625,-0.223123247200439,-0.0160034627676197,0.0960691632284485,-0.258397205092901,0.299830277017164,0.369314099285474,0.131313838184744,0.153305661581933,0.201150134473556,-0.205369364200325,0.315521099086449,0.401279103654383,-0.367411853609222,-0.193515362197043,-0.0558768243593464,0.0922582447223155,0.172406144708985,-0.240407752126724,-0.162324634231809,-0.162367905474337,0.130488313762711,0.0136974577727073,-0.128680064168247,0.101098016007488,-0.0757248153387881,0.0837091512291917
"伯父-侄女",-0.115460536133026,-0.0774516506135443,-0.0201094471987803,-0.10503304710242,-0.0675885889686558,-0.215453999968664,1,0.170006489935158,0.144706610983841,0.348155066784835,0.351029664473919,0.246597005347544,0.020646414957864,0.138404532291063,-0.0100195304399295,0.103642556223046,-0.0954828979266235,0.235427337167559,0.197349225403806,-0.200407757653341,0.0333167740027605,-0.082041467013029,0.0971525501668964,0.0255057151088762,0.406554587851762,-0.0331186902581637,0.0453024894260483,-0.058737340435147,0.149318657945917,-0.075668575773874,-0.0365213090948022,-0.107993953701814,0.161282049090677,-0.0140059474137282,0.231112670489704,0.0114571498122112,0.172486979987337,-0.110665845716062,0.0581202893033793,-0.275857275694742,-0.201602254782514,-0.179245100334995,0.168649721682769,0.303094232222029,0.0380301468651862,-0.300077720279391,-0.14630220566215,-0.134508229408612,0.0796126429239222,-0.16241354842566,-0.267060388851098,0.0981591521800885,0.0657103689601624,-0.0637076290684028,0.2973678317302,0.0428248324752121,0.254026108198658,0.120822897856532,0.0570054217862034,-0.269093638656643,-0.297949752811297,-0.31940772595353,0.0162657292779996,-0.151601096728716,0.211073445477858,-0.110013183098973,0.122452345917964,0.013066045590978,-0.0909818059129211,-0.210623387697255,0.0135096349925052,-0.000453641892580846,0.0342568615610005,-0.298076683721769,0.17112089375048,-0.215983256038025,-0.222034372664424,-0.301361471099071,0.00374824599368217,0.0239636737069698,0.0617706115162385,0.0404060368646265,0.274948749437302,-0.031951386359931,-0.350349022264135,0.228670247992379,-0.0110236076071283,0.0351779689259439,0.0105540883928078,0.231716542195889,0.219600989546092,0.106381422323838,0.0539810800009169,0.265415092688718,-0.0744942146839648,0.237084503565713,-0.0852583416945129,0.0515643577708647,-0.0845419591426773,0.068750092822702,-0.207345448070506,0.173510195479928,0.0138566146091088,0.0693528181853737,0.0697042375039144,-0.222617198901294,-0.167526504532424,0.0627083124386785,-0.235128003660898,-0.255330581504978,0.237826768322779,0.317330813088307,-0.231296642176357,-0.0843954393521684,0.00283385002364721,-0.157649868056294,-0.248030046800721,-0.316648829697576,0.00169161536488367,-0.243228716805334,-0.00429420805542288,0.10036456039174,0.0992797816953618,0.153981151146401,0.30747244033153,-0.151370762377277,0.24405244497134,-0.267383186827203,-0.261822903791905,0.113829700298471,-0.267371242336492,-0.26581052412115,-0.118594393073046,0.0496505710512188,0.0432489543193097,-0.15697223023258,-0.0774934819652279,0.0593924251493471,0.161998433762583,0.159845062984812,-0.0155956153702291,-0.27012485327035,0.298775776246587
"伯父-侄媳",-0.0950140959443374,0.0244783921818672,-0.126183542697164,-0.0228237350023493,-0.0928099100492738,-0.0728205896378505,0.170006489935158,1,0.246757153119245,0.279413247299285,0.133580605127395,0.100331794670053,0.197423175504566,0.111614883939233,-0.0128514128670565,0.0295792922138852,-0.363477118511724,-0.193437064508504,-0.091839794198443,-0.22705996465115,-0.0935346271079038,-0.0937474421494013,-0.294231103796601,0.0817742178831171,0.0314254829081599,0.0178248918659702,0.0955358495846823,0.118542182452435,-0.265778976388166,-0.0628198008512321,0.18701884827717,-0.179108005662943,0.25402160218896,0.158917240765861,0.0328417665076085,0.0249700690755299,0.275994667097103,-0.240173696623556,-0.265329035539508,0.156153986288754,-0.417069931969932,-0.134674086204623,-0.0861267605723824,-0.0694745353667746,-0.255746270903564,-0.0569689387931875,0.228736795500412,0.150751987200923,-0.0739979926770754,-0.199213771676395,0.0420556338246942,0.323395217113079,-0.0804239134574423,-0.25713573139845,-0.073811376381285,-0.0721154345564785,0.125500443100204,0.314556108135997,-0.105572213882832,-0.038438745003068,0.0182726501299825,-0.108327249044658,0.100282376626271,0.205514931725383,0.389712573481536,0.0799111519329174,-0.0496944013885141,-0.0192607880787082,-0.25650425226804,-0.358178121887359,-0.252721416207735,0.396746437756487,0.273464866656431,-0.0304697847951812,0.0612134726378854,0.0651975794052271,-0.127752750519422,-0.099485127621949,0.121197618085098,-0.0892080353128934,0.148469962065106,-0.117374323008187,-0.0697460181180692,-0.00954459821567991,0.0234594264807421,-0.0178766472011122,0.221328069235185,0.265664665947106,0.0698901297467172,-0.0741159561010581,-0.0297786738396077,-0.10531623616788,0.229350349207739,0.348607548864575,-0.132027725620057,-0.0149620520313707,-0.0911810628691095,-0.0676161362325625,0.248430634988618,-0.205546874211289,-0.0823800037502254,-0.054588721953095,-0.260064574317993,0.217830978216807,-0.019353313648844,0.0336930597208538,-0.0722030678959696,-0.0920268262272214,-0.096872665087363,-0.0919665461202403,0.364887174996684,0.320087156026972,-0.181763813198177,-0.0391211394466628,-0.260767576857291,-0.141843238956197,-0.186517506479712,-0.224169430895304,0.00985629982066494,-0.26276523984323,-0.34675134709861,0.204157680124067,0.243260873050409,0.207413376395351,0.272758925227094,-0.144106187672125,-0.000269011097559655,-0.00999039601132426,-0.163785952073255,-0.0922807760092534,0.0453619588666642,-0.0306117605119223,-0.107962991292382,0.0237684561636402,-0.220899139597848,0.0666804716701545,0.126425929391523,0.234441705115744,0.158440239532359,-0.211262547402536,-0.0113814834217543,-0.103032206429071,0.219613110932534
"伯父-侄女婿",0.219045433191057,-0.173379457682919,0.190120539111359,0.0259644894053386,0.209310291202881,0.208793900892272,0.144706610983841,0.246757153119245,1,0.0328651706704044,0.22981107792549,-0.132686674752268,0.366476510194165,-0.00155376027802336,0.285994683604649,0.421839605534003,0.0865948261953521,0.109555650015892,-0.0363510058122717,-0.286677781516765,-0.22552064125355,-0.221329355069343,-0.069102251201216,0.178739145732145,-0.0543036408299333,-0.244919814493578,-0.0485035006249887,0.427796745333811,-0.047307851862985,0.323061360977865,0.132690137808934,-0.289442175631248,0.239627132339011,0.0680542085252798,-0.33020012527323,-0.188692812909379,0.152287090103769,-0.186185105297041,-0.13945053492592,-0.119015294002043,-0.185910665832689,0.1574012422509,0.233924935372002,0.219736725670715,-0.0764111058814241,-0.230308301004282,-0.185535594627773,-0.31168434896025,-0.183755967597851,-0.124645852284211,-0.379436950527154,0.240404682430484,0.13897929202688,-0.1008081059503,0.00166802963401914,-0.0387875415633813,0.294656184976375,-0.124823027509354,-0.349832082481664,-0.418451491930822,-0.290937029543212,-0.360656463238946,0.360055705595187,0.16636714579111,0.162210519573434,0.132784623832266,0.240818090061756,0.330900674767298,-0.278092395151999,0.0309702023535627,-0.136224990387901,-0.0896795043780605,0.193976923473183,-0.404105896883278,0.107252257644662,-0.31206414570365,-0.453981731137872,0.0544492197360974,0.0566679956022689,0.278791292305023,-0.00633073370005618,0.456954079489185,-0.209401586233171,-0.354251938237238,-0.338068178249889,0.0261813869596165,0.269186088395003,0.0772879762192105,0.0202759688185466,-0.220377074639828,-0.00237177730692496,-0.213121184404981,-0.0773999633845119,-0.0323586220209885,0.0149605712252992,-0.0791917097684854,0.148108370851345,-0.305942092539847,0.311551022910846,-0.0867168494041613,0.0166790452817084,0.209364159012248,-0.0443544375570348,0.460397624840073,0.224879011032721,-0.327575346341865,-0.446498045797757,0.249870225381063,-0.250649819316695,-0.377353047189122,0.340829099063622,0.502183385458786,0.186208977591605,0.171703671835754,0.126444541219067,-0.0858110628508209,-0.00295216246222875,-0.458802307652147,0.16687701561438,-0.26707235961408,-0.173274027174466,0.159933774970985,0.500656950962982,0.0669207806192093,0.327309685626702,0.0409351619175801,0.0797712795012995,0.0115590545111947,-0.0403084926172359,-0.121097350950303,-0.364221456433515,-0.311222270384521,0.172199956996376,0.406214605047864,-0.142326062874982,-0.0892348825783245,-0.253837016505777,0.409315846595119,0.127428283508962,-0.113681445072412,-0.000294053723032253,-0.33161296099235,0.315715891317567
"伯父-侄子",0.0566426009423942,0.229757386094256,0.109716481566745,0.0939997000881572,-0.20707818594212,-0.196403909912442,0.348155066784835,0.279413247299285,0.0328651706704044,1,0.0635270102902445,0.32218449248749,0.0256059238726327,0.172146030870779,-0.0997865802570871,-0.0399916947144591,-0.288422107895527,0.0889774718692011,0.250284420062834,-0.402253615744311,0.250017165474634,0.437758601771151,0.290180765279057,0.024566071953783,0.222380281764294,0.2980846019645,0.55880970317902,-0.082270239752616,0.198083098991576,-0.253128338194864,0.133621058031062,-0.22706774966991,-0.0403982772912452,-0.179943318480185,0.281574237982009,0.114710114394633,0.169128400933724,-0.179000377553975,0.0435936105991125,-0.120991606987039,-0.273465582325492,-0.227128256674998,0.060757464601593,0.163486768689924,-0.158188894020508,-0.121842183572414,0.172337597798242,-0.106580819299629,0.280055696688573,-0.450173179334774,-0.176776562841098,0.117482347527723,-0.182325970912516,-0.152259068958269,0.0711539126078262,-0.178532870321982,-0.0315344447642234,0.150516957484745,0.271054815371178,-0.114274604730182,-0.18514420690386,-0.316445597956673,-0.0942783996941721,-0.0064154905125036,0.0625217469022092,0.299490256617264,0.251500583913117,-0.0672711141721999,-0.161283914791527,-0.290338106012669,-0.111470617467774,0.0975804013477352,-0.0131243309267982,-0.148440687591767,0.428598775204601,-0.188131347407318,-0.124941231638116,-0.0314286134682657,0.377911067314853,-0.178383164831199,0.0698744726795986,-0.383661731461994,0.229461668129649,0.0877313295548284,-0.195785437786302,0.0850554914185848,-0.280213624171652,-0.149001927982417,-0.126932631017878,0.225211092550507,0.0561761242484969,0.318811301137476,0.275236265829985,0.175788350183498,-0.184005837823446,0.0886150021582374,-0.113201177860193,0.286479119020889,0.0599058561612549,0.151259915855697,-0.299002527439622,-0.234221097193484,-0.121693129073304,0.00587828123750832,0.0473252640142009,-0.120439502772058,-0.133446310601755,-0.179691880767599,-0.390568673334941,-0.302887081935723,0.0944425335853542,0.267701416617247,-0.351685261929303,-0.107996733742206,-0.32419760365399,0.0450228718102062,-0.345467675918088,-0.291778566027838,0.0837147471509996,-0.452145171026448,-0.130621026486795,-0.0888732817873571,0.10705992900851,-0.0718952563179451,0.207666738189719,-0.00376087135010444,0.263022748270271,-0.138075275570119,-0.46193353062169,0.239487367630198,-0.106146695246853,-0.188819376082124,-0.188281965949174,0.0330794816492342,0.359891031529974,0.231838973883767,0.311271742607636,0.288874143595653,-0.0168414281744361,0.0141483971496061,-0.264524480802352,-0.282877243696085,0.242209491493896
"伯母-侄女",-0.103476308552282,0.00201025693441034,0.0841579317990345,0.211921568079625,0.0513236275795764,0.370607318211351,0.351029664473919,0.133580605127395,0.22981107792549,0.0635270102902445,1,-0.0210561934035686,0.388843425201804,0.202103466411687,0.465369317400863,0.442838671699691,0.128932133187418,-0.228593712268753,-0.129361147910928,0.0694959144051862,-0.24485105405852,-0.320122064340953,0.0606425070325906,0.00244608825026396,0.259945026520971,-0.241438488669662,-0.198796382523614,0.154942862107799,-0.206596543768479,0.0186157396599463,0.0458977360739316,-0.12448079029302,0.404268826239174,-0.107255414132601,-0.197279227497903,0.205744766260119,0.106929620727732,0.193661790805941,0.0802005199954815,-0.263704963211572,0.0331942047350333,-0.0992897018679498,0.262327126426687,0.248844521730982,-0.0977119504146966,-0.363992224239075,-0.204994489899745,-0.226303313674597,-0.166738306669669,0.219597761814244,-0.281427926876157,-0.166678066593557,-0.0229399893940826,-0.276842165505051,0.0800655604097101,0.0335589642461966,0.495519749726808,-0.0485302498329346,-0.358182857572294,-0.334049626557075,-0.161214179658849,-0.105156793002622,0.414101715798134,0.0221358696801976,0.34389930881967,-0.238412864145494,0.0551484593432416,0.42269612034949,0.0515594902638456,-0.0033908524138271,-0.269827883340358,-0.264389949407699,0.423713451983512,-0.415877590210455,-0.0237300328666973,-0.213199558982862,-0.379390125576217,-0.175033913841417,-0.10389139771135,0.539238239148541,0.332213414467448,0.18636385682846,-0.0432779478339591,-0.217954057906182,-0.312424026787836,-0.210332062994159,0.378468421809259,0.10066257305231,0.293662732182411,-0.0271551386482027,0.00130456297839828,-0.166969448831212,-0.278545801880672,-0.0319337800890477,-0.13301407912045,-0.00258502278095451,0.257892016551905,-0.243857030567851,-0.0237423249331158,0.158388285524376,0.143621811893506,0.436067595249141,-0.153949784300265,0.475851013184161,0.353122593052857,-0.247155053071956,-0.317549623405301,-0.00531762464386742,0.105022157804633,-0.170939823474585,0.283191849615815,0.223700507146631,0.0873890648887111,-0.133040169531272,0.133951877190765,-0.0853300276215906,-0.0599581199190045,-0.308820571397713,-0.163845691396347,0.0876744543596975,-0.255711909457935,0.425936234357772,0.175282712059331,0.33212284820067,0.253060917548339,0.165913746833778,0.0361377061279994,-0.0424067446732981,0.19313943500057,-0.262561578890524,-0.263173941949364,-0.113676847279856,-0.154251538282402,0.0372172351186482,-0.117727264931106,-0.350325242919758,-0.166327824179829,0.0300443146853192,0.217803683863649,0.103619646282446,0.276778185466781,-0.119571390292839,0.278293497896053
"伯母-侄子",-0.0352380367285256,0.135332653193258,-0.226014157535844,-0.178903103200347,-0.22273969321755,-0.204518564816334,0.246597005347544,0.100331794670053,-0.132686674752268,0.32218449248749,-0.0210561934035686,1,-0.201434841995873,0.222559856748253,-0.272538507182491,-0.197158347788032,-0.357392986793539,-0.0746682522707844,0.173530269674136,-0.191987798309072,0.277297598185272,0.34695009484106,0.0382705208174791,-0.126627269654765,0.170272932770712,0.00793947244678398,0.0968428089521897,-0.273919140251813,0.0257394064618107,-0.369504177314042,0.0730048427386748,-0.138548365215576,-0.147226980622277,-0.213303239935262,0.369658847976794,0.0853133786534036,0.0861837389387441,-0.198548496903505,0.0112895214189052,-0.022774661208798,-0.109271666267227,-0.0220599610302143,-0.105576077053981,0.0783507567771298,-0.0384633374178573,-0.118629801142549,0.22695709907926,0.0602458098171074,0.321875983789177,-0.292604869639387,-0.146637586477594,0.196245728196345,-0.240728098751856,-0.156680975544119,-0.0167067617532778,-0.219354325423229,-0.0745415535680254,0.184102165119843,0.31329283584844,-0.0447117454465851,0.0066955162853218,-0.117557063288194,-0.0537976771582901,0.0159064641666188,-0.0985491808149434,-0.0138316950249731,0.0796302649233026,-0.18116069377699,-0.193885866787956,-0.24361506622644,-0.0165658386781805,0.217075973810548,0.000939535847389898,0.00230690472564416,0.128141600684587,-0.128999820079513,0.0786363071503064,-0.138579999383251,0.301176708643998,-0.252605797551218,0.0424309964549655,-0.176184951678135,0.35810032598114,0.300923070550889,-0.127023293577028,-0.0407577451401855,-0.232787471836562,-0.234278860980928,0.159295311450357,0.431685115463662,0.249424785892661,0.244010300165403,0.0818167817020472,0.0634083288135518,-0.251543793629007,0.236411578986244,0.102549383786163,0.400376457978918,-0.0202106030848421,-0.0068929811949956,-0.292935873499208,-0.0783042495119091,-0.105974340963629,-0.254095646823284,-0.246021290131363,-0.129499822160153,0.0449007886004841,-0.294509819451212,-0.128044531182058,-0.0164338839173019,0.00809064457899732,-0.0381836473139123,-0.28249080153654,0.0524238379719718,-0.242777814574258,0.00971085953942403,-0.298807805509535,-0.0584185497160154,0.171367343775441,-0.22506247353979,-0.0232016785515377,-0.0652843301242408,-0.198055085859462,-0.0595607725758756,0.0809510175159151,0.110684670078743,0.288422610852274,-0.233136013065539,-0.234662962000566,0.168492999373012,-0.0055597382240829,-0.054149657233948,-0.330258648977995,0.0363267362453589,0.256587038549256,0.193137078111769,0.204367352896906,-0.121476307927507,-0.00155955139888651,-0.0123680973426181,-0.149952934870404,-0.049638409478186,0.049460520183631
"曾祖父-曾孙女",-0.0690533392936152,-0.263125134296796,0.470505669589413,0.436277725083746,0.418574512240187,0.468291121942569,0.020646414957864,0.197423175504566,0.366476510194165,0.0256059238726327,0.388843425201804,-0.201434841995873,1,0.179338908330267,0.657142858396681,0.533965536207599,0.179507504173882,-0.24119646427784,-0.329456656348514,-0.201014924380358,-0.435089908687647,-0.264161930185369,0.0279752390206338,-0.0455189427338583,-0.236669614225727,-0.00644858513298821,0.182138617708318,0.504007223045691,-0.092756089847942,0.30260616474477,0.215891499781005,-0.0507195112696262,0.332296154810383,0.00866832853831094,-0.41864366457023,0.206139807802064,0.334619770361202,0.0853329530349235,0.0171715708306507,0.211517054198618,-0.0583316910580938,-0.0346488568585513,0.464106918132678,-0.0034181146737018,-0.171486178981448,-0.0862271003823979,-0.133509285386709,-0.275589697498356,-0.423686168666144,0.0724146112442702,-0.208281921515585,-0.0268747734568881,0.0132510124404271,-0.0653126268943855,-0.149915239887402,-0.031937006105734,0.26197383319683,-0.21729660592402,-0.500339129746471,-0.330396405940091,-0.229359981560744,-0.251849353844444,0.521261656850649,0.302915038940998,0.225977693287745,0.146053748435658,0.1901933535114,0.486408556715321,0.0159564218284168,0.201020418713365,-0.243537285687076,-0.202600078934405,0.151283646005343,-0.332101905069042,0.0345577734586053,-0.205532135466504,-0.436358489982143,0.175433435334501,0.0306715016764168,0.573518352819014,0.534915141961385,0.145412958830876,-0.422880265782096,-0.307686842902556,-0.241993304661282,-0.274769131933061,0.266611684337056,0.175560411288932,0.268126321031956,-0.362365131885854,-0.228578211730492,-0.302635626578672,-0.269503250419938,-0.183873451448291,0.0199071150350735,-0.31644649755109,0.0190791642921176,-0.471976910259458,-0.0635249846627182,0.149711385707291,0.440540863992785,0.0418544955329867,-0.177259043931458,0.631229266229498,0.682103030714318,-0.197035908309658,-0.373852461309129,0.170201865415653,-0.131999198611637,-0.300349092309637,0.378690682394929,0.257802869078472,0.397827993726005,0.0351503327110981,0.0919809519396625,0.0917863431378469,0.114166819318588,-0.374294353793766,0.091037570350289,-0.152020245214304,-0.330323758876127,0.165628070719057,0.410837966126533,0.12608106824162,0.123341374663139,0.0316651878712792,-0.171488228445237,0.196019230984267,0.156607224323226,-0.374527100494954,-0.243622184543042,-0.199683709152878,0.0762832772014295,0.249833657656511,-0.137730509813527,-0.219518839164733,-0.202041210534665,0.136116008052334,-0.115703945803562,-0.193675582639138,0.0539603866016018,-0.2747325576944,0.378072581055201
"曾祖父-曾孙子",-0.189592248189649,-0.0391712021176726,-0.134996828004089,-0.010526174602374,-0.261622854551142,-0.0117443112488182,0.138404532291063,0.111614883939233,-0.00155376027802336,0.172146030870779,0.202103466411687,0.222559856748253,0.179338908330267,1,0.350187903670925,0.200912193403728,-0.198388296077039,-0.144526788779748,0.244834628167393,0.0629625284436445,0.0753889586920371,0.14656797414031,0.193801236826317,-0.0781562774361937,0.120587805682975,0.147668808080189,0.145546737930357,-0.121005607942683,-0.218272215528539,-0.286650253778502,0.121360047074137,0.0567143532016131,0.0102073908921526,-0.271138409537693,0.233808353912178,0.345439454853741,0.493918498339702,0.230461648827578,0.187490812491212,-0.0432582772190961,-0.154201919667262,-0.223993877073268,-0.184927537735321,-0.166360391820664,-0.239459613379443,-0.284554474472528,0.117969297765241,0.0378828226996228,0.00891563039671851,-0.0188101217043415,-0.130753662006461,-0.0116983771421069,-0.278849907295232,-0.137190115264903,-0.33229807420935,-0.245132547358013,-0.0490095163055685,0.142729186822473,0.0626060573305408,0.0475632885961012,0.0895462961955896,0.0535392662128017,0.151547056947278,0.247920118451751,0.24959964255076,-0.0644366392298193,0.00362742182363019,0.0640014311824983,-0.152155583844972,-0.179775170458978,-0.282818744036406,0.0713827655145657,0.108530381198993,0.0293322769549914,0.0885680044013166,-0.0327397382527716,0.0456354425015041,-0.122857533867172,0.0682778836482578,0.0696087309498019,0.416776552432007,-0.189385006783611,-0.0600131677754748,0.219436965796874,-0.1405492592297,-0.121290141400143,-0.161522050364275,-0.153928882502637,0.436313165280815,0.0169668523587842,-0.105684268399223,0.18970891091703,-0.0126848814732878,-0.101076225247051,-0.314251869686419,-0.123643735598899,0.0652939906120401,0.211923585905919,0.00752119668266645,0.18443861946121,-0.101875882546835,0.072771517257108,-0.243301285169353,-0.0804878409569424,0.0270446155725806,0.0400784780936022,0.0685134167417339,-0.365573027608323,0.171368006030463,0.105246005616646,0.240061471558236,0.080853561775397,-0.151285191815429,-0.243386371114989,-0.333515431873002,-0.0795942263048892,-0.278817551878504,-0.0471638160251766,-0.0382849254424503,-0.0598499084445818,-0.247149315295337,-0.0598035266963042,-0.00838240456772116,-0.0873266421648115,-0.00803775558103596,0.0755768556593951,0.216582467083181,-0.0978229099352484,-0.206179252016938,0.0811884352126674,-0.0116975656219249,0.023326731779863,-0.407381607848663,-0.078668844118718,0.162521883980445,0.0408524639685568,0.263805874838392,-0.0891828777574219,-0.122514020262744,-0.0222469339589199,0.00450675285908371,0.14707252784486,0.407418164827227
"曾祖母-曾孙女",-0.138995683950365,-0.266832512732842,0.316257531079453,0.302831247089063,0.258157679158342,0.478157517057116,-0.0100195304399295,-0.0128514128670565,0.285994683604649,-0.0997865802570871,0.465369317400863,-0.272538507182491,0.657142858396681,0.350187903670925,1,0.618057405602442,0.305571949818868,-0.108296025691802,-0.193117893730035,-0.0373965012350726,-0.315272855472435,-0.333690693916351,0.0967682464642522,0.109751363760694,-0.13540532754271,-0.0541987206642553,0.028379492237924,0.380480026530848,-0.0627817021465872,0.274691036033842,0.0388934706915764,0.0948875927476143,0.254872800281899,-0.0175334432252399,-0.344970352239698,0.24397586040789,0.272242071666634,0.369871460581964,0.281466760448548,0.0427705948427943,0.0705312970321767,0.081227920288245,0.288682825986082,0.00792704479540712,-0.167492894606441,-0.141063128667465,-0.247657508656438,-0.350865849025111,-0.399040604980001,0.22257481977926,-0.295805109845958,-0.0677566213906691,0.0781794817982185,-0.0138811346624452,-0.168632574333186,-0.0190687982828151,0.25736185959319,-0.298870178945937,-0.490485211082428,-0.336229242794874,-0.234977706131706,-0.165142392503127,0.430537675721606,0.200834891474363,0.137627128603517,0.0428790337307392,0.0742347480067693,0.474157700051387,0.0419128674427747,0.254862423986354,-0.288018484319515,-0.305127772596047,0.148261872584086,-0.328854469696275,-0.0104703120608014,-0.224267196699388,-0.392770268537082,0.075750159745038,-0.179334727025068,0.658578081316075,0.451471282019571,0.24613467630665,-0.420152664074024,-0.292858890358513,-0.292315802694025,-0.17415313652679,0.266584564892505,0.0895889935834988,0.330197658403088,-0.337348615665155,-0.136999190479467,-0.281951511077164,-0.274627262265844,-0.316819995417239,-0.0362721288690677,-0.271878017097942,0.108772210400191,-0.404415717255255,-0.107560224116272,0.220135253263767,0.441552036354078,0.161844441083066,-0.111397790420198,0.502507684789889,0.615514804996086,-0.239977619153776,-0.334104668987065,0.154046155748497,0.0320533850325505,-0.204514227478752,0.154181344939233,0.229565977751306,0.464508548727234,-0.0821378410406579,0.163049011142139,0.00650059301587147,0.174714597197832,-0.294345908035182,-0.0120843745002347,-0.0476017582503012,-0.28639107928982,0.164407850554834,0.248427076299066,0.0500158130507428,0.0677377284141633,0.013866568075127,-0.190741416671043,0.109996972989232,0.141787494400576,-0.287648665525225,-0.284012715102801,-0.217767064659191,0.0902693649924764,0.114048575892343,-0.129611655948769,-0.320004222634332,-0.204205834587558,-0.00823890281764136,-0.0164448357941731,0.0872808829077986,0.211117073205527,-0.13783445464254,0.385306802865214
"曾祖母-曾孙子",0.0609182959409891,-0.158456299775261,0.335502082827221,0.397068015122232,0.210334371362879,0.381372252657405,0.103642556223046,0.0295792922138852,0.421839605534003,-0.0399916947144591,0.442838671699691,-0.197158347788032,0.533965536207599,0.200912193403728,0.618057405602442,1,0.183957973944926,-0.131077517048461,-0.123404267313145,-0.144662953082028,-0.212330748030132,-0.27973659739194,0.0795120446065085,0.0187798954182261,-0.110296967224468,-0.103547597717949,0.0144177887978592,0.410248836435885,-0.0726657904191661,0.11750994810138,0.0252383664568619,-0.180049013348991,0.363012458717434,-0.163956813112617,-0.297122783120002,0.11061009904735,0.134066453474349,0.327545002653541,0.272228222121495,-0.0441112536619983,0.0357520321716016,0.107514628587546,0.420628141183064,0.238912709874636,-0.156282965777319,-0.188782357050729,-0.240196256494252,-0.426914665058474,-0.293168202105216,0.068218832585833,-0.403907213733763,-0.0589773338937764,-0.0429078792054364,-0.191844470528764,-0.0969595448188568,-0.0913006363354888,0.320865128625626,-0.26872187153196,-0.381989166965179,-0.463436862765476,-0.341305733574211,-0.372708710641829,0.513986218163818,0.199426452060385,0.204377357903493,0.123693275814668,0.451499960399533,0.662601120766654,-0.108543653293889,0.216045265827874,-0.271938211559904,-0.258192985377252,0.194023496978519,-0.436485045194253,0.176424753941075,-0.36664156432615,-0.465028364364904,0.0883638956174876,0.000667964108849845,0.576005445934291,0.326470671378556,0.181778465864086,-0.23597850238881,-0.245113075602771,-0.374850682768863,-0.132359980919766,0.265365083580462,0.00518741122594477,0.0536757459296889,-0.226509345746278,-0.0372627214930467,-0.247582342388434,-0.28783150065197,-0.292979603997531,-0.135416796715585,-0.104939364426118,0.162822599763308,-0.309374358920444,0.0711134229618927,0.282962665377677,0.293525122806491,0.145107637517011,-0.168601384419461,0.690816947853156,0.582899545796252,-0.380002495455914,-0.473312658120618,0.189658022105307,-0.188961224643947,-0.364334993608658,0.19805650859236,0.316485364224685,0.251713402521102,0.127060177117537,0.228116834917559,-0.0819263329038391,0.0906609790077911,-0.398791856741217,0.0599135864157663,-0.154576055372392,-0.24115830562377,0.206508093066059,0.368608321718334,0.0872989653748596,0.216248512768806,0.205344074750382,-0.00986916622441779,-0.0724319877550454,-0.0346826763548995,-0.168998584763431,-0.396953938851466,-0.325428720060043,0.125908526228119,0.283956690193994,-0.0544544746674578,-0.243112419893152,-0.172596279215604,0.048182271339907,0.123052160057801,0.0342713427838332,0.0326361275263228,-0.354524172475155,0.53629250415126
"从祖父-从孙女",-0.0838100251667945,-0.155970326016253,0.125423960595296,0.1248792337053,0.422607363708476,0.245379654264023,-0.0954828979266235,-0.363477118511724,0.0865948261953521,-0.288422107895527,0.128932133187418,-0.357392986793539,0.179507504173882,-0.198388296077039,0.305571949818868,0.183957973944926,1,0.411358651199902,-0.149130701123956,0.0367048297677759,-0.163863202967621,-0.251836429459758,0.112714024152822,0.208597822761367,0.111123532002158,-0.15368716238132,-0.160734732831669,0.0786862653402816,0.480095209554817,0.451050543142909,-0.182264720003792,0.217968997293178,0.248908722182499,0.126462435340911,-0.321430531330068,-0.117391603697066,-0.277186205628814,0.303516706542283,0.0778444405818698,-0.0194804469048078,0.474228855695712,0.125924352458971,0.102757398331414,-0.018494838383986,0.0562310409504023,-0.0836986529238267,-0.404963988813263,-0.405375250133835,-0.179041567103577,0.474462473699669,-0.187184752342305,-0.105966752493642,0.334387160208484,0.233352248175177,0.319509011770567,0.324582649688309,0.153039529982864,-0.307073371530239,-0.28199589851835,-0.342431472133156,-0.271197830070538,-0.176244287115896,0.165922340788404,-0.130014999804261,-0.109989011822287,-0.109053378153781,-0.0950392832691817,0.230085061884383,0.509082253666472,0.634273310120528,-0.000499554100564681,-0.526542886097421,-0.00309987140131046,-0.327879336171927,-0.197548575284974,-0.306718219208322,-0.38442157907199,-0.0198624732813613,-0.366181799567989,0.364570154853231,-0.1249357546342,0.45006010324731,-0.0977329103031331,-0.303733771004147,-0.198697799565121,0.0646050694956798,0.395645800640362,0.161348956876448,-0.147067193560911,-0.0610212960325646,0.111599008841024,-0.351962653492476,-0.00440241905578865,-0.17320727929077,0.186356893847649,-0.0705499293623744,0.00422183744085186,-0.312554237134587,-0.166986733674841,0.0766775321409707,0.442549440107037,0.347337526297763,0.176521302622005,0.165208667229899,0.209206583772696,-0.317194630692312,-0.418978894255422,0.407791122451837,-0.0819912089805193,-0.263752506031324,-0.0888422878137627,-0.136050228034133,0.528129632412334,0.0971503504603793,0.526144765399878,-0.035360980318401,0.24361217296007,-0.182560209505196,-0.200014453578115,0.120724524914637,0.00895827641659127,0.019987710508601,-0.09080503705709,0.143186436251703,-0.0333920807327104,0.0283648324220466,-0.102566011392249,0.271532191332507,0.32700165153597,-0.132236057009517,-0.380558068406937,-0.238969575659297,0.427382597247654,0.017392890405527,-0.0500484804462075,-0.425879501364741,-0.454376134422572,-0.179454489403365,0.107136812560193,0.275285719544818,0.300059863172611,-0.193703070657848,-0.0886624517214866
"从祖父-从孙子",-0.0674214322177293,-0.141517891454022,-0.0208838788114566,-0.3404544345964,0.158603457128866,-0.223078393072401,0.235427337167559,-0.193437064508504,0.109555650015892,0.0889774718692011,-0.228593712268753,-0.0746682522707844,-0.24119646427784,-0.144526788779748,-0.108296025691802,-0.131077517048461,0.411358651199902,1,0.218471635036746,-0.155209129092949,0.280751105979946,0.107251378348158,0.177020379526443,0.340395208234705,0.168532039619742,0.037364664269338,0.00925237091194396,-0.119138754245863,0.616799212219711,0.301805419255619,-0.32532705004224,0.0623569904728631,-0.112953273433896,0.164570486579578,-0.0336470590324502,-0.424152506148726,-0.283454845134639,0.0580503829421979,0.101115155696494,-0.235467930726708,0.152825847324973,0.156032055262592,-0.0229197376062145,0.103720172190662,0.173737686113234,-0.115637278267203,-0.351484100563945,-0.31205767139939,0.0713510895579245,0.0645444457947877,-0.234185438909337,0.279443279730305,0.411697540165945,0.285013839773736,0.433032194523144,0.232436729210287,-0.0434883867349866,-0.144312693100544,0.134772624472239,-0.215486195990958,-0.388278460654651,-0.280819061638089,-0.237098630952271,-0.285034455755247,-0.266897376731164,0.12936831044114,-0.0773133570859737,-0.31680023734663,0.165128169415632,0.270688333411252,0.156403804852369,-0.299545179396729,-0.37083056571954,-0.243875757012091,-0.0290253584334048,-0.268293517331749,-0.200810729754252,-0.300758119133526,-0.23599216249387,-0.143790576157719,-0.441374260547074,0.298845979915096,0.117025879283231,-0.202839799160643,-0.256561129752941,0.527046466445181,0.0420437980667891,0.0274452765519638,-0.457320244464527,0.171117873921564,0.167798991833437,0.0778364047881722,0.466356246303701,0.0558837623510082,0.265594090427374,0.125031472282732,-0.132691128487822,0.111081148862583,-0.00718482088752113,-0.0692397645276044,-0.0317071365054977,0.0229936257201941,0.332099206093574,-0.25768080939758,-0.194182693479524,-0.219112307346164,-0.231457184604262,0.368722297091013,-0.305098940461245,-0.2555002602578,-0.145179862782412,0.135361619906628,0.16117678600945,0.0848201107428956,0.313818084961903,-0.112361950747259,0.0226104496832316,-0.186956930462311,0.0376847587327554,-0.200382880963073,0.183978660586944,-0.289219851562061,-0.0408504183000282,-0.191883155424949,0.0451890547311058,-0.25924005418438,0.221358796029262,0.0561444198167165,-0.150248977863139,0.276860823984992,-0.311515393964554,-0.359729798657646,0.340781296720439,-0.0460883329036422,0.233737538878088,-0.0367060564821864,-0.275496434976711,0.0621237540259047,0.0339292563620874,0.325313299890991,0.0202681510953915,-0.200353815645382,0.0084871780337724
"从祖姑-从侄孙",-0.00670025305152558,0.152109952699712,-0.161997710713849,-0.163707751129337,-0.432088870939998,-0.303155064866302,0.197349225403806,-0.091839794198443,-0.0363510058122717,0.250284420062834,-0.129361147910928,0.173530269674136,-0.329456656348514,0.244834628167393,-0.193117893730035,-0.123404267313145,-0.149130701123956,0.218471635036746,1,-0.0828930866637755,0.481314931777602,0.256273083692519,0.183006838080339,0.0380648790499777,0.333412581966507,0.022374235069511,0.065477705466355,-0.210948783509775,0.0748670232606725,-0.296863295310764,-0.0968942577342435,-0.065291750520006,-0.0669721263041646,-0.171387069614211,0.457578672836382,0.0525375636837523,-0.0653262233718886,-0.185584640487118,0.0354784165395566,-0.268609739080418,0.00741302232366044,-0.140927687491258,-0.244419043456954,0.0175763382175818,-0.0626514474056028,-0.15020647472138,-0.0066813113273786,-0.0545409512322194,0.402570546180788,-0.1396584482462,-0.153900004803623,0.096971885946534,-0.0634085954505783,-0.0720154136594309,-0.0612983247770294,-0.0790322263546719,-0.0360246439168524,0.430489660575989,0.496926543228809,-0.0211013913984556,-0.044820482573982,-0.171955639504633,-0.17323355764579,-0.134946632328652,0.125004496685678,-0.0100761467398066,0.00543050682769073,-0.131779817085875,-0.00553898162211526,-0.175809361631734,-0.0423030241118526,0.105383867438519,-0.0163013056200889,-0.0545920548529479,0.157604700624251,-0.157665416138623,0.0537668359689643,-0.0704765069470964,0.0856885692957035,-0.276697079295067,-0.128561955287288,-0.207920619113904,0.305030773471831,0.305648509563777,-0.177959659695608,0.134536774902346,-0.304461180182061,-0.153198475243494,-0.0626942459245469,0.343829130473423,0.132550123385607,0.382407467927251,0.178795494017529,0.174082962114912,-0.163187288461791,0.182344284363564,0.0155289489684739,0.42414990298147,0.16166368285296,0.247808116422237,-0.449550864123123,0.051679900217303,-0.0501522101694936,-0.336013328656157,-0.243220454046738,-0.0952725206943758,0.00912444952569562,-0.251818652295094,-0.17590125781914,-0.0624222284028347,0.0130725800705152,0.0840534848684687,-0.384491098530552,-0.129634061183623,-0.306338689168544,-0.106248713962939,-0.199480560239222,-0.0365295418032929,-0.0813395633823188,-0.149314926027924,0.0705028859805842,-0.101886730072224,-0.165061775392998,-0.029362025429897,-0.0530659298335609,0.0825001243255319,0.267780319132898,-0.329781658640691,-0.434472958683759,0.684753811511768,-0.0723852338942861,-0.0432926821718491,-0.178253083138245,-0.11499433583752,0.276677359367133,0.15071866847305,0.189634181455166,0.0548815808452602,0.0711858998403186,0.0359906642274319,-0.0580826431089636,-0.118287130914336,-0.0842571279043666
"从祖母-从孙女",-0.2844421633647,-0.225590874950412,-0.284755527366254,-0.257331715282373,-0.248687286564986,-0.00573018219854689,-0.200407757653341,-0.22705996465115,-0.286677781516765,-0.402253615744311,0.0694959144051862,-0.191987798309072,-0.201014924380358,0.0629625284436445,-0.0373965012350726,-0.144662953082028,0.0367048297677759,-0.155209129092949,-0.0828930866637755,1,-0.209020349051549,-0.256021747041483,-0.116527758744571,-0.159084884452506,-0.0585143976120602,-0.148561466745574,-0.364956391807898,-0.260048879965032,-0.334122936841756,-0.162914615896692,-0.206446787514751,0.269631705665054,-0.0340018139291686,-0.0872269708791783,0.0295494827912129,0.237066666182604,-0.0688194371504031,0.249130664601736,0.0499994725775606,-0.102181760776074,0.0305010774082516,-0.103307895978991,-0.251365643098026,-0.290062548685709,0.213667674722193,0.0876685903865646,-0.237824319362697,0.492398421775313,-0.20824555197121,0.215614605549314,0.54929541220976,-0.304892915556648,-0.0563706071831474,0.153903440351009,-0.16800062766669,0.0676291596112546,-0.0841953731011428,0.0285182080167118,-0.140440184848451,0.543666510576413,0.605828378201437,0.725415298800154,-0.142989205458153,-0.177316768525574,0.0692272536141156,-0.352068631931245,-0.455437440998407,-0.088665510856841,0.141124324711087,-0.104838100372026,0.176199311595371,-0.0688552872838666,0.0918011769229406,0.519107437356126,-0.280148953869836,0.595031054314216,0.542884189071096,-0.156063643902349,-0.40313464685001,0.123748352843914,0.0882297243706717,-0.0291191729125437,-0.144599542069013,0.114357303757269,0.531450492773868,-0.233643466456137,0.0290764304661986,-0.0603850514273371,0.106059598490984,-0.0971102413117898,-0.22324391888803,-0.0173398503511572,-0.240036759875539,-0.265570891232931,0.1807292427228,-0.235862869695299,-0.0962244680476705,-0.03099192527373,-0.279770699727064,0.0457218705797478,0.105465988036059,0.0768866472511227,0.0819064159743231,-0.200914331370785,-0.132608927268726,0.487111481411665,0.516270490697157,-0.163611977452754,0.836598364082403,0.739840836290204,-0.110488921419912,-0.306013290401838,-0.171403323700411,-0.180009343543245,0.000185548577234966,-0.326352418143636,0.221216958188413,0.761499158503557,-0.318082622456225,0.920609364669178,0.2703417276733,0.060004442399988,-0.327819782507739,-0.0497791165514383,-0.366754951906987,-0.019522168273567,-0.132965065481209,0.0034033701686237,0.259368902709398,-0.142948900700299,0.471867752595038,0.584766949647135,-0.273481842270109,-0.464633385595494,-0.181388976939332,-0.366365996993079,-0.184954605635116,-0.398998922297046,-0.0629845727171677,0.0066901255737118,0.0877117927122115,0.749291752926768,-0.228816284970545
"从祖母-从孙子",0.0116629066620206,0.28149789656382,-0.199528320461092,-0.168056728762639,-0.236062395424089,-0.38213959267273,0.0333167740027605,-0.0935346271079038,-0.22552064125355,0.250017165474634,-0.24485105405852,0.277297598185272,-0.435089908687647,0.0753889586920371,-0.315272855472435,-0.212330748030132,-0.163863202967621,0.280751105979946,0.481314931777602,-0.209020349051549,1,0.531031142583935,0.302802397515108,0.165748414988959,0.299017632176573,-0.0326893994122534,0.117828308352383,-0.351404669341376,0.166437869853745,-0.268145264969598,-0.245114110764914,-0.180808321603316,-0.123949289798003,-0.0463080850491294,0.351270623964109,-0.189553941041886,-0.312078102090953,-0.00817899961918423,0.143071352932804,-0.248828157971155,0.0806981215327562,0.0447623056240978,-0.254704888621757,0.0769501180536007,-0.0321889468889394,-0.149440207170981,0.0784507090134587,-0.163778946316136,0.504246346216781,-0.128511749075501,-0.235900834355655,0.213197773472497,0.00696286780195685,-0.0998421686328074,0.128954387771937,0.0386925034778408,-0.111318279669184,0.157496797614251,0.704885654086942,-0.13285549286954,-0.216289178017526,-0.246335059127335,-0.345312352780217,-0.243269960416306,-0.215709487058882,0.0915688639710661,0.0645526545229986,-0.382945451919437,-0.0279857198240965,-0.151398127509891,-0.0279596846779029,-0.0468015022727809,-0.164672579913924,-0.132058471270804,0.0364018729644868,-0.300369102770149,0.00347361101548876,-0.244468769413248,0.0155501403981146,-0.452996418091521,-0.337572658468484,-0.264325208989458,0.537226371455289,0.310049343385215,-0.254048314365234,0.196874246387369,-0.330952794991323,-0.27952429000643,-0.256368883669948,0.594125510186507,0.273340599982718,0.339791294630603,0.416004853124688,0.173884860503535,-0.135165939069097,0.419788951837207,0.0855696991857933,0.613629317466432,0.201393617368529,0.162338812792062,-0.386398166080398,-0.0851513249093188,0.0638903694894841,-0.403253809549378,-0.417275834017983,-0.229052873230063,-0.0597602161123252,-0.143620301324836,-0.314174909538446,-0.1474148543653,-0.200407300798998,-0.00510926087048693,-0.278449314370276,-0.00750448579327803,-0.0877345810505492,-0.0644809631154711,-0.261064505367872,-0.0995318684146336,-0.0461330840806228,-0.290001772017992,0.0548462704776363,-0.166717295526849,-0.19022765820853,-0.0248615807079262,0.0421986463437834,0.118262042134864,0.40751208024173,-0.266569394476713,-0.31441611466298,0.654590779202215,-0.149005190667069,-0.178586169332164,-0.0560237725268017,-0.0721283690236293,0.565530000362181,0.288205031777807,0.170891431511782,0.0715145635011356,0.142466056496809,0.186163192608391,-0.139887477037669,-0.219213103268076,-0.0388151878801458
"兄-弟",0.229443020592804,0.375753004978478,0.042150457898133,0.00154094808923216,-0.238242352395067,-0.321311724351036,-0.082041467013029,-0.0937474421494013,-0.221329355069343,0.437758601771151,-0.320122064340953,0.34695009484106,-0.264161930185369,0.14656797414031,-0.333690693916351,-0.27973659739194,-0.251836429459758,0.107251378348158,0.256273083692519,-0.256021747041483,0.531031142583935,1,0.554579415056646,-0.0756197693536798,0.0352878169008926,0.348704103723474,0.495395540851161,-0.107861786887508,0.147186670613574,-0.351795808625607,0.0735152697858278,-0.148564541564983,-0.43799643370706,-0.263446819125661,0.339267884879278,-0.086941232622904,-0.0630031654018455,-0.123996383654397,0.0197394298315193,-0.0869639640928108,-0.0695614290877901,-0.0960706019879436,-0.147992939768514,-0.0799128637394452,-0.156044897587922,-0.0520641461447367,0.390835838792647,-0.0337944647287819,0.50131660473915,-0.279630371202965,-0.0897592416167754,0.0222565155222632,-0.270679320342539,-0.176563669072235,-0.207058172556303,-0.266086319622077,-0.425181602884329,0.0786738698821048,0.637700047862709,0.144216978910014,-0.0108474895600232,-0.128724909133329,-0.181800274092445,0.105048505825738,-0.314641082809755,0.4030299710833,0.254210615980629,-0.281685432487116,-0.0450807738528086,-0.148349209482007,-0.0787907461621634,0.117146220321297,-0.181547874557926,0.0616614074426345,0.202297384529602,-0.142524694914361,0.137543257597113,0.193625213585132,0.338040384337881,-0.437296111435909,-0.191092520688289,-0.409713863914009,0.306105587766529,0.236555337852873,-0.0859447937353104,0.0722653519912527,-0.475051131525276,-0.360761662270535,-0.0575477357956464,0.272757850296788,0.000818296950861519,0.55861970103908,0.254800232480249,-0.000673624086165532,-0.313467058109193,0.0876623749082237,0.0532350774715911,0.643102904580013,0.170087679988702,0.239817384347182,-0.358216419076039,-0.296866278064889,-0.121540226069754,-0.401493323906259,-0.221664596441908,-0.0198264790791733,0.127397022527372,-0.276539218240969,-0.272156957026666,-0.0714216391436723,-0.224083978588218,-0.102906877315371,-0.274274597773825,-0.115057301956836,-0.353302781360478,0.3388887978785,-0.343333105055354,-0.0241329647767162,0.0906457150648893,-0.332158927359953,-0.0373209577636128,-0.368579770191461,-0.189669518147571,-0.263888403206394,-0.189330752917553,0.209131396632623,0.291849714907233,-0.066130011902864,-0.292318756588237,0.386444051145689,0.0395527688415235,-0.0419810369055699,-0.205502302484719,0.0699374860778299,0.714193200603964,0.559029854056834,0.494091085731283,0.121438004959567,-0.174038757110128,-0.101003133669339,-0.305976828296269,-0.140314635419126,-0.0723600375351221
"同父异母兄-同父异母弟",0.0934480292127124,0.183771184496016,0.257756472594161,0.0812972058600597,-0.0572860671647376,-0.140983809805954,0.0971525501668964,-0.294231103796601,-0.069102251201216,0.290180765279057,0.0606425070325906,0.0382705208174791,0.0279752390206338,0.193801236826317,0.0967682464642522,0.0795120446065085,0.112714024152822,0.177020379526443,0.183006838080339,-0.116527758744571,0.302802397515108,0.554579415056646,1,0.0755522893200399,0.205139508424735,0.294938664212526,0.287135970276597,0.124918197910292,0.205563484723252,-0.109401147060995,-0.0820010301526292,-0.164386074906465,-0.130732474882672,-0.214506877098489,0.063111323724332,0.0475685242931935,-0.0852823151004098,0.187384156433633,0.249495231229259,-0.317577579209503,0.20266028840212,-0.113244039694791,0.0921307693257116,-0.0354746363853874,-0.0378353332153949,-0.254962091552395,-0.0601769894911476,-0.349152675494868,0.273722459887108,-0.0230056237096164,-0.303778368606851,-0.103726519516585,-0.0075275935984945,0.00333226961930246,-0.0108498492924569,-0.00115991422232289,-0.0996451765883564,-0.159209815998593,0.263391600556577,-0.132056271362911,-0.279581151549374,-0.237581155533408,-0.0509342385721335,-0.038389953251474,-0.202048193349889,0.247243636246549,0.241354811921308,-0.0210291859414037,0.15768074904888,0.0311102398688763,-0.118711401276751,-0.297914616602008,-0.137151644646804,-0.279037248879321,0.151200979526462,-0.351408523938169,-0.201109759723386,0.143520985234346,0.0296392934871612,0.0616628740250755,-0.0119229216768784,-0.202387883108108,0.15599346333941,-0.0839005557250183,-0.341325186058978,0.1628314339127,-0.226860350640385,-0.27384522216654,-0.0035129862129265,0.167241661078494,-0.0379043577291694,0.477219211785918,0.0653248771777618,-0.114376877923217,-0.0573065691680689,0.0352013411615977,0.119727757302944,0.229420049725884,-0.00667814589690302,0.430155013386758,-0.144648223896335,-0.0322930649748557,0.0781037797326763,-0.140604624719421,0.100922734894155,-0.237694598677088,-0.214332934379302,-0.0613125748994414,-0.17177949313451,-0.199542044164698,-0.0256155785887625,0.170563436947716,-0.0763535451900845,-0.225663864711546,0.0542990988155204,0.149230609213852,-0.163101354177244,-0.165412310599626,-0.0810293496609349,-0.163338342710741,0.00298868435737045,-0.213115109934522,-0.0739728239546034,-0.157299450344783,-0.101611355709064,0.280427509592129,0.347152137493043,-0.048593956412864,-0.0990303450480863,0.298389193084976,-0.273029096072389,-0.253278961273267,-0.172652842098651,0.0634465446761378,0.67148261899054,0.111421946358384,0.0973003742626123,0.136589664629859,-0.0528735745402067,0.148334434653353,-0.194611282150913,-0.252588075156379,0.130801732194816
"母亲-亲生子女",-0.177680013410869,-0.180644300623594,-0.10079953725468,-0.211116770520501,0.0525592880585401,-0.0921405374619027,0.0255057151088762,0.0817742178831171,0.178739145732145,0.024566071953783,0.00244608825026396,-0.126627269654765,-0.0455189427338583,-0.0781562774361937,0.109751363760694,0.0187798954182261,0.208597822761367,0.340395208234705,0.0380648790499777,-0.159084884452506,0.165748414988959,-0.0756197693536798,0.0755522893200399,1,0.189400942790103,-0.164149495278948,-0.0550139214975281,0.0197602068370285,0.200293252912206,0.273716735711516,-0.117308073331377,0.00816046349585853,0.0788302725520645,0.407955041619036,-0.0962772931185581,-0.142204363489045,-0.191224386610964,0.0490430786190729,0.0585032351340888,-0.0889365558163064,0.0405854609082695,0.276806507442856,-0.0675681686815922,0.0707160599385073,-0.0394219232523226,-0.105228759528996,-0.36740351018172,-0.276474773103263,-0.0768932616930996,0.285976702588192,-0.249122696031271,0.310112454722549,0.386582666378017,0.0679057777573425,0.388509026864564,0.245801173668432,0.0532007416368384,-0.144260950303813,-0.0495415843653864,-0.297818493101911,-0.324582695384324,-0.296887427674336,-0.121796187283342,-0.233007070804798,-0.0790131146064682,-0.0208425755432031,-0.143608276914178,-0.181953432610974,0.0453882331666086,0.135626004444822,-0.106472340428724,-0.204344721707849,-0.0856003746368965,-0.304856944784871,-0.107283583781865,-0.27768397961257,-0.324928536941089,-0.209520161364011,-0.210363341376808,-0.0615839257064838,-0.270849632346561,0.235056144139811,0.0395360531163517,-0.18929529232592,-0.326207004279127,0.417559543897523,0.221682965012889,0.188885805517604,-0.165512773565053,0.109174693770614,0.17678869618538,-0.0646603752776569,0.477622046702409,0.130406047416592,0.0555432335035569,0.057814602080184,-0.0838281914309906,-0.164448919779011,0.156949416755917,-0.0794376277013789,0.0334032828680368,0.144224409572473,0.130282120038119,-0.0700291657238905,-0.0879779799585717,-0.282201273955448,-0.332922559443109,0.237889769324927,-0.208619291300271,-0.258278296543964,-0.0252074740348679,0.356438200005752,0.0915872556626599,0.0905755431896812,0.249329840683028,-0.205429484229703,0.0476902097622923,-0.336280624076744,-0.166351298209384,-0.231001253687682,-0.132712167893734,0.112741674542106,0.200837316360437,0.0611233332989747,0.215108929579895,-0.142964015639845,0.125055393531966,0.0102004961684448,-0.00808033274262402,0.184389127801391,-0.365337259509419,-0.352277074977875,0.323696133041718,-0.0361231368112012,0.00229587612559456,-0.15977308645771,-0.257655026636854,0.279234895339483,0.256272828587923,0.377761373249928,0.267022724427099,-0.248667435429691,0.0242770136671028
"母亲-非亲生子女",-0.242979835458809,0.141140181588428,-0.347821303975154,-0.23288232964189,-0.15023356460295,-0.236803392908493,0.406554587851762,0.0314254829081599,-0.0543036408299333,0.222380281764294,0.259945026520971,0.170272932770712,-0.236669614225727,0.120587805682975,-0.13540532754271,-0.110296967224468,0.111123532002158,0.168532039619742,0.333412581966507,-0.0585143976120602,0.299017632176573,0.0352878169008926,0.205139508424735,0.189400942790103,1,-0.0981714259738223,-0.173761026440358,-0.330262995640593,0.245661594951713,-0.154927217456409,-0.196022016304764,-3.0906768115997e-05,0.280676977644758,0.012585263844195,0.331716106096372,-0.0828603869510244,-0.109003600187094,0.00714370757751707,0.0134690192698648,-0.401996574072954,0.0632683853755761,-0.248952925291987,-0.269137853825244,0.131470260300612,-0.0297091351817895,-0.391305055233139,-0.153121851042483,-0.103396526471909,0.314116033880607,0.122783375168813,-0.146309266174627,0.0606072530701691,0.145125551418393,-0.133880132203066,0.445380724814046,0.114084331925018,0.240637709344112,0.284449082046302,0.234959420044606,-0.190571924244804,-0.180831824690662,-0.149756314029009,-0.208451647194526,-0.44540226544484,0.161088067192454,-0.301233726629174,-0.126609960413368,-0.127658015859599,0.210713529921748,-0.0374276422928817,-0.10229700147389,-0.124174654783064,0.185707559701387,-0.247498786002933,-0.12829581138011,-0.203182101664242,-0.190897565591733,-0.434613059606371,-0.143726904085051,-0.16055621923268,-0.0620971998324824,-0.0370899211703343,0.502842597049402,0.0666454104578304,-0.212169360974803,0.20671572878166,0.0318212239891153,0.0415914293966096,-0.0688868284669976,0.610872456923877,0.402017674765721,0.0279766635128428,0.205702243373076,0.491042713641254,-0.119010479030523,0.445275700501519,-0.0962986837150304,0.14601614954927,-0.0393509788239579,-0.0752847368110884,-0.296097383641129,0.429434573631168,0.00344586124658085,-0.195338830512742,-0.298844068102542,-0.152144479687115,-0.153230911869503,-0.0415471853432274,-0.0861987001856481,-0.16598891569885,0.143426649546984,0.0266927251458643,-0.214268056155179,-0.1661393862695,0.0840086717633132,-0.16582363843506,-0.32307935255868,-0.164535407025213,-0.241403439733727,-0.054460953290909,-0.0667397438373417,0.190646574514966,-0.120310257297801,0.38566838840957,0.29675400694288,-0.0469656361972349,0.310110341353533,-0.20103410728376,-0.100291771087421,0.305108915611173,-0.207672037773494,-0.108821668643071,-0.182618969004609,-0.124955817488395,0.124797525683595,-0.216292215491086,-0.0748900719403377,-0.0541432274984536,0.375542568457936,0.408999613836111,0.205393812536775,-0.12998068510335,-0.0746257295742944
"同父异母兄-同父异母弟",0.0659759373355297,0.0910670774074355,0.195153069474645,0.107672747525783,0.0017066657913829,-0.185165909848373,-0.0331186902581637,0.0178248918659702,-0.244919814493578,0.2980846019645,-0.241438488669662,0.00793947244678398,-0.00644858513298821,0.147668808080189,-0.0541987206642553,-0.103547597717949,-0.15368716238132,0.037364664269338,0.022374235069511,-0.148561466745574,-0.0326893994122534,0.348704103723474,0.294938664212526,-0.164149495278948,-0.0981714259738223,1,0.449488596649641,0.129190832450352,0.162713441131715,-0.130692605070198,-0.0150058300397178,0.0449548523913156,-0.273759490575757,-0.177705500059456,0.147306152790046,0.106115330718477,0.206463993520703,0.0343915699951746,0.0196437948010091,0.109571330442656,0.00214912404432107,-0.350161933764633,0.0219105137462689,-0.269502588888563,-0.0991754317045623,0.0652354681265425,0.205120646492773,0.0401696513389606,0.133304530159727,-0.108760468658189,0.213418532838894,-0.219803870112832,-0.176342017395474,0.088044398541465,-0.196157801007502,-0.0690908477208303,-0.251983300274151,-0.00902192015580982,0.2092494487962,0.294794413820851,-0.00807491945970803,-0.000571260622463134,-0.173166901217529,0.100259179311888,-0.0594469447136205,0.271608923788362,0.133974837217257,-0.221652288863706,0.109268636908687,-0.0704775525312185,-0.0490462135472263,0.136804642606858,-0.276928289670436,0.2277084605109,0.368472603582545,0.125024377263844,0.195014073996005,0.307251333403225,0.277459690129025,-0.119892858151751,0.112036548573427,-0.284489174251347,-0.103281248275429,0.132157704161011,0.187617304522703,0.130109891504189,-0.244665326683314,0.0647994954470879,0.0582014699156188,-0.126890565980604,-0.29946280533105,0.363166808977818,0.0809990557235335,0.00491234355791792,-0.0616908426875621,-0.202584549753989,-0.217484798677925,0.138591011680507,-0.206392650794276,0.166920436137671,-0.0695648860000022,-0.370877276527953,-0.0642885262201278,-0.196628898878182,0.0521303902689363,0.280040867683781,0.184351435486023,-0.0434389431241701,-0.07756548396346,0.0370806056264782,-0.135635680407647,-0.0591222082189379,-0.137986061740261,-0.326315690213531,-0.267548605361405,0.221277854821233,-0.232734234736698,0.0484097603141877,-0.0048161347690753,-0.195368255807362,-0.0188680495204676,-0.382925055477161,-0.00633394389399294,-0.20256852396622,-0.254976939096904,-0.164965398185959,-0.0356613582682485,0.158288768700542,-0.244512217183937,0.0984005936314792,0.130632843958668,-0.0634208094168671,-0.12482629413676,-0.0989327628189111,0.284928020481781,0.273896636929651,0.474328718146622,0.041506838250004,-0.240013634591277,-0.072305815417515,-0.144715387242972,-0.00628508351086139,-0.0110792004823401
"同父异母兄-同父异母妹",0.156111273332102,0.0715466743543844,0.411625104034032,0.362432155094213,-0.00618180717332357,-0.0511588897187558,0.0453024894260483,0.0955358495846823,-0.0485035006249887,0.55880970317902,-0.198796382523614,0.0968428089521897,0.182138617708318,0.145546737930357,0.028379492237924,0.0144177887978592,-0.160734732831669,0.00925237091194396,0.065477705466355,-0.364956391807898,0.117828308352383,0.495395540851161,0.287135970276597,-0.0550139214975281,-0.173761026440358,0.449488596649641,1,0.15989300283694,0.18102647107564,-0.170869052542749,0.317693187974864,-0.085534880581783,-0.236688033714561,-0.17242297494116,0.165314470608159,0.189176717834195,0.288374088009876,-0.0833335803280093,0.0385188584550151,0.306254629738107,-0.248508567460757,-0.00777403265593349,0.221389389167018,-0.00877821111352519,-0.337654336615105,0.205178232233504,0.315664741724363,-0.102278913511154,0.0548960627748489,-0.408202125752084,-0.0585104180208998,0.0902480386480777,-0.254490990435779,-0.0471338666445022,-0.250310698086186,-0.230655371438428,-0.41624141833794,0.000335868505040567,0.174387783440227,0.0434585284539698,-0.0710530648721945,-0.22017037840069,0.0392833233202389,0.276970616975715,-0.0326114126924236,0.568278801541131,0.347193717921275,0.0375474118530893,-0.137490722451184,-0.0919041401669295,-0.219312068863915,0.14265803212632,-0.248300647772905,0.0537652759118194,0.383525414568765,-0.0873414042564041,0.00994241034448446,0.338751631158356,0.400784831327992,-0.132497143318858,0.110895663702195,-0.40200455516057,0.0378948936719418,0.00472167985968173,-0.0584449641976403,-0.131052908728259,-0.309083397710029,-0.165537296377856,-0.0496643936373855,-0.0520344576091263,-0.0444740941234901,0.220574388145703,0.096870483425039,-0.0909178687417738,-0.261634071973444,-0.169506633402115,-0.141493177727008,0.117450955702248,-0.0177023924263043,0.257802447236697,0.0573943965988528,-0.49639684652905,-0.169442269659298,0.0630517619439626,0.28210307487733,-0.052053763590682,0.0165281423553206,-0.184662189954989,-0.335540279266493,-0.193143667051322,-0.0988095683352663,0.116823936635352,-0.0783021131850297,-0.0825713441010324,-0.360734943984584,0.275657948205872,-0.106373109623643,-0.161002079530683,0.151699961223898,-0.423443112959085,-0.236691237453392,-0.345670692360835,0.140106815365046,-0.258018713356662,-0.131412570616768,-0.0105923483524139,-0.0324341963826394,0.0683619292420878,-0.317866657081218,0.0576649793949883,-0.00817011374451434,-0.143991961485118,-0.0126936655047635,0.0621298473242795,0.374521893056319,0.269805389687397,0.267252894814822,0.224978862155869,-0.242612534159594,-0.277852328239554,-0.402581580749478,-0.244823359639376,0.16837261094321
"同父异母子女-同父异母子女",0.239915941016659,-0.174397661931237,0.527165955407214,0.360951357288819,0.335856451756762,0.340421312145697,-0.058737340435147,0.118542182452435,0.427796745333811,-0.082270239752616,0.154942862107799,-0.273919140251813,0.504007223045691,-0.121005607942683,0.380480026530848,0.410248836435885,0.0786862653402816,-0.119138754245863,-0.210948783509775,-0.260048879965032,-0.351404669341376,-0.107861786887508,0.124918197910292,0.0197602068370285,-0.330262995640593,0.129190832450352,0.15989300283694,1,-0.104292261846076,0.369947535047524,0.130820518295952,-0.200274987124888,0.137861290305965,0.113840242859988,-0.395133361441479,-0.0226330776899251,0.0946093945244226,-0.0403981084348735,-0.071961872374615,0.163690648522464,-0.0567111942786358,0.146799444147503,0.400424922961899,0.00684553663900833,-0.16104542606134,0.0164251920112612,-0.0453734593221056,-0.310281166176006,-0.282597827735894,-0.0212079240022749,-0.189851928464302,0.0261128790653583,0.0714820880428833,-0.100930991327393,-0.192646597378932,0.0454513678522305,0.152055919462851,-0.165053419523203,-0.360768456629963,-0.225710941964904,-0.279069365165858,-0.313189648659144,0.418492449230672,0.374129991892112,0.144924321969225,0.342508695846889,0.261841824432183,0.342863267443667,-0.12954181579151,0.0987182787990064,-0.212014213714626,-0.073018808728028,-0.0249881351809982,-0.293008493149365,0.178100668131865,-0.219382480483443,-0.367488424335174,0.436039702362305,0.11479302450999,0.333348693329577,0.150515822051722,0.131711019455046,-0.361271125432883,-0.348194237317804,-0.214686079420926,-0.0548825396260022,0.266456796839355,0.196661604694975,0.0779017553289327,-0.409534130518338,-0.2355651557544,-0.0679013236084202,-0.208532329206761,-0.127455770097675,0.00890207604267819,-0.28764157206287,0.041414266245529,-0.329290549335394,0.111277186837263,0.166414826740038,0.306058330763461,-0.0623821020900865,-0.147366186534562,0.564440537508347,0.515539278229643,-0.221022077905173,-0.325827322996387,0.216796909812217,-0.218529342728227,-0.290557024227568,0.190367340936477,0.308129092661969,0.283704253184833,0.0737234663013865,0.081633846500601,0.197079666882401,0.094975597112707,-0.340029565087017,0.145205210851931,-0.220041601930008,-0.238183953506665,-0.0530226662239891,0.389402208539662,0.0629299797930351,0.0203600188925349,-0.000209389253683784,-0.184169268989048,0.130941873845763,0.0629891861180663,-0.221854748447721,-0.26682369080378,-0.30341972806404,0.139786446885266,0.193362605774303,-0.0843530158304753,0.0848011654722941,-0.0927024690020636,0.315764092397513,-0.0162525845029603,-0.277269185806258,-0.0915784006694308,-0.373683465121966,0.163478304804111
"同父异母姐-同父异母弟",-0.135551641394033,-0.0721336326026676,0.0251566593338779,-0.0694186661106483,0.327844497108509,-0.122062685305987,0.149318657945917,-0.265778976388166,-0.047307851862985,0.198083098991576,-0.206596543768479,0.0257394064618107,-0.092756089847942,-0.218272215528539,-0.0627817021465872,-0.0726657904191661,0.480095209554817,0.616799212219711,0.0748670232606725,-0.334122936841756,0.166437869853745,0.147186670613574,0.205563484723252,0.200293252912206,0.245661594951713,0.162713441131715,0.18102647107564,-0.104292261846076,1,0.281404220590246,-0.195154969071179,0.181752294239732,-0.0493462921167879,0.0160951205109461,-0.0294072967250083,-0.230709475420222,-0.255496462307621,0.0306409079817604,0.102414996661425,-0.033410850038933,0.349300143845062,0.0658072346422008,0.11954771890135,0.122678858471733,0.139067608555589,0.0465716652077867,-0.251672244588459,-0.318776240235938,0.126098058171531,0.0790901867075753,-0.181366615476797,0.138247522593228,0.272163131864433,0.267749244832091,0.421418415681718,0.170382978561339,-0.0801919270198652,-0.170952134833741,0.0893172390694214,-0.297817156001699,-0.366682291029435,-0.350590169533705,-0.188613375309613,-0.332223128477739,-0.361476460479088,0.151491545576662,0.118013404883474,-0.166588897022385,0.415923855345069,0.478916183490972,0.164928953896423,-0.304948397597218,-0.320068498837955,-0.252819271370819,-0.0158071520556185,-0.350474092027444,-0.259155727277789,-0.14147173545682,-0.0871618208598081,-0.0526354696512621,-0.271717632112749,0.214535475841311,0.213012168312775,-0.135332810755564,-0.224548570441368,0.314780044206841,0.010096812493126,-0.0114158349183347,-0.377103250149934,0.215493042238301,0.277829154140267,-0.08739707336859,0.303520072831693,0.105410946503099,0.173678458000554,0.221969997564762,-0.230472861512188,-0.00310024950785453,-0.261657176712152,-0.100468013976298,0.0254257167293643,-0.0672306151805269,0.274362293975007,-0.154160696124295,-0.0865752912814274,-0.280644255530282,-0.259304226007172,0.363147740982692,-0.414066100912281,-0.379458288664295,-0.252214826321679,-0.0990337731552422,0.247450885978235,0.0643772841924769,0.296547856515797,0.0906718616324195,0.0736732285692207,-0.234539947893409,0.0627352328515278,-0.289269378912,0.138490516561166,-0.324403105854573,-0.134424595129535,-0.11531101721072,0.0348318599861226,-0.18245827722492,0.0441917365862074,0.123956392925778,-0.114542009224745,0.0951299990601953,-0.280955948515028,-0.337951174598698,0.407063634729129,0.0422194619650326,0.26195664387336,-0.0946590190849406,-0.233843423497117,-0.122050822330273,-0.0425556927079691,0.348923519338303,0.0235112206879374,-0.29681513520039,0.0143406022147643
"同父异母姐-同父异母妹",-0.0275761653467111,-0.352974519367216,0.221100266809816,-0.0101377860870448,0.500188027197217,0.298057314341103,-0.075668575773874,-0.0628198008512321,0.323061360977865,-0.253128338194864,0.0186157396599463,-0.369504177314042,0.30260616474477,-0.286650253778502,0.274691036033842,0.11750994810138,0.451050543142909,0.301805419255619,-0.296863295310764,-0.162914615896692,-0.268145264969598,-0.351795808625607,-0.109401147060995,0.273716735711516,-0.154927217456409,-0.130692605070198,-0.170869052542749,0.369947535047524,0.281404220590246,1,-0.0668753705380698,0.0972389565316694,0.245448563413592,0.444162648991459,-0.486579420395095,-0.279875623044254,-0.120731757183666,0.0628187612731013,-0.0632896892123736,0.0249973679386626,0.230747937544813,0.146089081933956,0.243138587671406,0.0866077556614792,0.125930906791611,-0.0543747852260525,-0.400898002513015,-0.288005812817658,-0.31600241606868,0.340265785682933,-0.202635680613874,0.0953367148972832,0.493275941301091,0.271944345735577,0.253909179378866,0.310059606378379,0.291524192091071,-0.258538418388213,-0.371888515585986,-0.358609643038905,-0.337678213604388,-0.218980198120501,0.106232128544466,-0.0590361524246544,-0.105852703100049,0.0128927092813935,-0.0831904147703246,0.0275480937099379,0.153757958732854,0.422159677925919,0.0800702106084853,-0.307926267608319,-0.100411060658564,-0.360898116390556,-0.23168654025833,-0.232722055689703,-0.409539449853509,-0.053198390165036,-0.305307009396287,0.302035728527308,-0.128121629642256,0.445013252862825,-0.248578717307006,-0.357943199922764,-0.24029618058251,0.243467638661597,0.342141316263469,0.273941186179478,-0.128990210412095,-0.29387681651276,-0.021468346137929,-0.367745223730548,0.0844079821876595,0.0547152013995523,0.38184189254466,-0.0982942182137144,-0.108852176856386,-0.460552251981161,-0.0666976026246671,-0.235537965017638,0.288953067660928,0.148699270268589,0.221067047132159,0.255773153577285,0.190790673568699,-0.255593281825142,-0.382493527892128,0.639400611999841,-0.15551296556566,-0.282620739768404,0.116864669004589,0.216740061716471,0.509767096449396,0.121046233175084,0.456150725837542,0.00140548693649314,0.223110439662544,-0.305622947896493,0.00528579639680299,-0.0900449753983111,0.000593167787447564,0.0105430039222264,0.293016185851651,0.0568597789364559,0.133639032574693,-0.221234322928282,-0.15820103886382,0.171788778773381,0.263462342676122,-0.251449672803505,-0.333171549688257,-0.288592143782722,0.516235473887845,0.156946066239955,-0.254576903883728,-0.232143770068851,-0.467903952276295,0.173752382135258,-0.0346434508219031,0.163978445515218,0.225273038909066,-0.23540831381004,0.0223641718590383
"弟媳-伯",0.271752408085329,0.121774903392729,0.188679625080539,0.198318301624542,0.0236187304094657,0.181050208129972,-0.0365213090948022,0.18701884827717,0.132690137808934,0.133621058031062,0.0458977360739316,0.0730048427386748,0.215891499781005,0.121360047074137,0.0388934706915764,0.0252383664568619,-0.182264720003792,-0.32532705004224,-0.0968942577342435,-0.206446787514751,-0.245114110764914,0.0735152697858278,-0.0820010301526292,-0.117308073331377,-0.196022016304764,-0.0150058300397178,0.317693187974864,0.130820518295952,-0.195154969071179,-0.0668753705380698,1,0.0920890958164835,-0.0525051764442448,-0.133356630705111,-0.0771064626987558,0.221458423889286,0.454182472193732,-0.187119156566456,-0.172287491311059,0.373646066526775,-0.32920993225461,0.0271064609279775,0.239289440859976,0.00928199149222821,-0.252806803393405,0.161902241929197,0.425034708080367,0.0584770241749007,-0.171571626484449,-0.210229347975852,-0.100570400386257,0.0272103679382838,-0.34081753774686,-0.219779628617638,-0.283800055821005,-0.410224915100054,-0.256048830802999,-0.0767539030655985,-0.192667080258216,-0.0221298022327055,0.0255562000235023,-0.0287943067143286,0.438382882209449,0.454664263573129,0.233840953376819,0.171534869550682,0.268571741642033,0.244612755873616,-0.142734563942757,0.0191423907881757,-0.196447330604618,0.305502295637523,0.142802652981666,-0.0332383475811386,0.0620852942896387,-0.0294257683113793,-0.081604030137809,0.357767684678771,0.322723334083765,0.0118298113801801,0.143500400943419,-0.174956916992824,-0.210350124917837,-0.104629929397018,-0.0339775564278669,-0.28912406482318,-0.07681662381823,-0.111887107634683,0.311722988777022,-0.174839915391402,-0.0321676013024103,0.0649913854709087,-0.164258699597235,0.0886105638586638,-0.234800917975267,-0.15825610716608,0.160002320712354,-0.130093223494365,0.214395869837803,-0.0687316672049994,0.0974669687267529,-0.014068827518564,-0.297340828820785,0.15258592528918,0.162314861698915,-0.0398617454911274,0.0308466215928692,-0.272498174742728,-0.108963622694257,-0.0906332669952105,0.104995935866941,-0.0131569522662906,0.0928346838714564,-0.0303354961431394,-0.258124102185158,0.261761512175629,0.0255881212966117,-0.186030326271516,0.200908261079528,-0.176592206684587,-0.317950389898383,0.028992188119342,0.152590203411747,-0.127171983062192,-0.0632087664930207,0.221467209471865,-0.0732013428163944,0.16614050011901,0.181836297721487,-0.192233756321204,-0.0396945112158877,0.0283618280959797,-0.104562780375105,0.329489862771299,-0.130993947502038,0.173029290858121,0.131910309553153,0.305012354625632,-0.210135674005658,-0.41981204834539,-0.118333848665946,-0.0345228799452398,0.0892925071793024
"夫-妻",-0.326299768659552,-0.299030335155132,-0.226505572620601,-0.15944708966944,-0.0155674228497668,-0.0835658214597897,-0.107993953701814,-0.179108005662943,-0.289442175631248,-0.22706774966991,-0.12448079029302,-0.138548365215576,-0.0507195112696262,0.0567143532016131,0.0948875927476143,-0.180049013348991,0.217968997293178,0.0623569904728631,-0.065291750520006,0.269631705665054,-0.180808321603316,-0.148564541564983,-0.164386074906465,0.00816046349585853,-3.0906768115997e-05,0.0449548523913156,-0.085534880581783,-0.200274987124888,0.181752294239732,0.0972389565316694,0.0920890958164835,1,-0.137403962764937,0.0652956221500463,0.185100077198127,0.261175190949547,0.236831181467057,0.166069111523412,0.0535056809478825,0.248312782773237,0.0585257784847615,-0.128902164015523,-0.109066834560628,-0.24284249314494,0.149457824408276,0.221243719699288,-0.0586229161261056,0.183168599456471,-0.1695932027849,0.298334677389106,0.28322972354541,-0.223913811248231,-0.0220956647358021,0.282987683397917,-0.0545005094952341,-0.0809922641677634,-0.209371327360168,-0.0319616928027092,-0.129645702359967,0.138629584297257,0.105614887130601,0.232007233092263,-0.143867891381361,-0.204371096494926,0.0305807464555324,-0.146406394299638,-0.304306131848925,-0.195047194542336,0.451390335787432,0.358479098256679,0.194110329190606,0.00506835737661958,-0.110969333402944,0.232103733869228,-0.325165960953704,0.206681115844649,0.170574862712528,-0.0588549889810774,-0.243966723750238,0.0880322283814525,0.239233634900118,0.0865380986842733,-0.052124403329588,0.0186982880927987,0.216458308557484,0.042696047547272,-0.0744795587467534,0.014775141696965,0.109843398394256,-0.0511507456103176,-0.15242861495877,-0.170194952333419,-0.0145315438214362,-0.0186961291769794,0.164942423764487,-0.115272549517988,-0.204267565976905,-0.157789179158568,-0.322615472081169,-0.145205552024762,0.179618128666378,0.0415769242034853,0.143095827861936,-0.263989443415343,-0.0781546382149255,0.231592999934488,0.252267729423974,0.118832951817221,0.227807344755378,0.219428775301604,-0.228885995163648,-0.292898771155394,0.139761589978225,-0.202751190022181,-0.124606304182732,-0.00649677809560217,0.220296506512038,0.281227699713833,-0.0479833041154547,0.253281901306081,0.123692448909283,-0.0749061309148658,-0.276296772882608,-0.130016317162772,-0.282316733592745,-0.133480094874255,-0.221136864769865,0.188102388472761,0.155350053279757,-0.143325583956071,0.125362114030909,0.232372906739069,0.18101345890036,-0.223835732520649,-0.141902855541435,-0.277426451920116,-0.133668203383631,-0.368315489238423,-0.132562322640137,0.0819495253242362,0.269301705687955,0.303318429024235,-0.0446965427987774
"夫-妻",-0.253857263672167,-0.198063333503035,-0.0119506875523708,0.134880584302946,0.217970314582262,0.217693568220909,0.161282049090677,0.25402160218896,0.239627132339011,-0.0403982772912452,0.404268826239174,-0.147226980622277,0.332296154810383,0.0102073908921526,0.254872800281899,0.363012458717434,0.248908722182499,-0.112953273433896,-0.0669721263041646,-0.0340018139291686,-0.123949289798003,-0.43799643370706,-0.130732474882672,0.0788302725520645,0.280676977644758,-0.273759490575757,-0.236688033714561,0.137861290305965,-0.0493462921167879,0.245448563413592,-0.0525051764442448,-0.137403962764937,1,0.149945065704151,-0.165164982794773,0.092431718608102,0.00390689111704409,0.104757679787993,-0.0853252166619896,-0.0863163070465189,0.0623872781701547,-0.0810456631490979,0.048043043910639,-0.00370363189198598,-0.109866647322567,-0.251943299080541,-0.315000267661338,-0.186792736511707,-0.206564258830021,0.168726881543163,-0.153710438036802,0.119178432098701,0.206934646805323,-0.116462387589824,0.165863553073103,0.341194311030302,0.517809539288528,0.161367073734933,-0.226203243796152,-0.334392818897001,-0.167655173587458,-0.185560384158367,0.303948602219329,0.0303641001952074,0.472396154415325,-0.258039195393584,-0.0962687854069984,0.328385738290236,0.0825432799266104,0.0689423511695731,-0.230318239105483,-0.186360078977497,0.242131698945189,-0.367506646363731,-0.134827838243439,-0.227160275567906,-0.418927904616479,-0.243036051778174,-0.227508192032314,0.293612755934017,0.191688687875289,0.172226448049602,0.00198601477360902,-0.109259799172012,-0.203065507513385,-0.115532349683622,0.504528999727681,0.318006988941416,0.0038810116438386,0.0513519277652983,0.123014955701067,-0.381739714807964,-0.0545346620218542,0.261237966590356,0.0232677810699268,0.0504565054784596,-0.126471222215265,-0.260806105372114,0.00475954931119298,0.00823276918147932,0.177747874682415,0.367357665301632,-0.124802167866383,0.458159062856198,0.198986124537777,-0.252360127104271,-0.392309207713215,0.179901970484208,-0.0406755393896278,-0.210801909428091,0.459361301855999,0.175083038018882,0.112952735861154,0.130333947973421,0.280329490634684,-0.330227033338601,-0.0255072925669375,-0.291592470533583,-0.220589905443091,0.028287897062881,-0.235469010593946,0.35447276338592,0.179361378710366,0.635525569812726,0.346789158740856,-0.0803979186702912,0.00552344555559285,-0.146442084831078,0.0587628349072774,-0.0820019286340008,-0.263225615009878,-0.14832695508421,-0.00171571793623451,-0.108581635567618,-0.312211313902971,-0.426941991637697,-0.337007414331756,-0.0610644073604488,0.287762915302975,0.0524663757419861,0.151272388229109,-0.198596058191527,0.17134895465906
"出轨者-第三者",-0.0973022813549988,-0.195327201405389,-0.0989355620621289,-0.17218672614505,0.129300192833983,0.00990521020547182,-0.0140059474137282,0.158917240765861,0.0680542085252798,-0.179943318480185,-0.107255414132601,-0.213303239935262,0.00866832853831094,-0.271138409537693,-0.0175334432252399,-0.163956813112617,0.126462435340911,0.164570486579578,-0.171387069614211,-0.0872269708791783,-0.0463080850491294,-0.263446819125661,-0.214506877098489,0.407955041619036,0.012585263844195,-0.177705500059456,-0.17242297494116,0.113840242859988,0.0160951205109461,0.444162648991459,-0.133356630705111,0.0652956221500463,0.149945065704151,1,-0.181014495678861,-0.268691877864983,-0.122074012585957,-0.0662199564188919,-0.173965436375615,0.010155462728533,-0.0473216132470659,0.0869262156933171,-0.105652678305991,-0.0512490394730898,0.00434387296263877,0.00308183820236379,-0.219039416301166,-0.0511872474731997,-0.154581001234632,0.181339438889077,-0.0117703761934325,0.151086775989835,0.48741827711323,0.136723289270793,0.330050673884475,0.416475260401368,0.196688723333977,-0.00528162357539824,-0.155549056738108,-0.128660263889544,-0.134376458215934,-0.0706112777797289,-0.190330649519192,-0.110316729391411,0.0330474236067706,-0.0569118334515959,-0.282107820321064,-0.20527522792031,-0.0029169632921998,0.026687619007724,-0.0169630007935161,0.0273898064941295,-0.0175547796699066,-0.14846191592992,-0.2380564653764,-0.0119605696982607,-0.177588813233067,-0.0824911178740285,-0.310367733039232,-0.108282975709762,-0.202581067926884,0.213803503291112,-0.0454316724298034,-0.164492403652649,-0.0870988210580532,0.309181304907918,0.210969498118009,0.396273850915689,-0.140067542212605,-0.0508904917007052,0.0573188711022585,-0.262095104106416,0.247497017716607,0.218693956411221,0.259921090144536,0.0329938926508363,-0.063006306645237,-0.272374648928833,0.108798541239229,-0.265333469027161,0.0367271048824027,0.138249667974741,0.127670435030286,0.0144859148231282,-0.000568145943577142,-0.0683043559785102,-0.178164849864895,0.293564809328618,-0.0453914563859796,-0.0950452337600651,0.0635411085162557,0.207080217902865,0.177587395886738,0.114716652514367,0.189922381536783,-0.126342681696215,0.10192271133859,-0.171538085019934,-0.14465169023668,-0.0762062023400118,-0.0903760648752699,0.175950203503719,0.138015600845518,0.219142780561062,0.225739863968811,-0.278713022812863,-0.0629682877362496,0.033088695611289,0.154539078643058,-0.0346777761212358,-0.127321004111016,-0.137824266516135,0.219220564413211,-0.0608678136964144,-0.286871126278312,-0.125306424729876,-0.267756273963092,0.221641071450825,0.142209878537782,0.209825464143107,0.228154906972694,-0.09417529710592,-0.0895104803152358
"夫-妻",-0.127899128181699,0.0779952272963097,-0.408119362303615,-0.21473998114887,-0.55528212850878,-0.457765369783759,0.231112670489704,0.0328417665076085,-0.33020012527323,0.281574237982009,-0.197279227497903,0.369658847976794,-0.41864366457023,0.233808353912178,-0.344970352239698,-0.297122783120002,-0.321430531330068,-0.0336470590324502,0.457578672836382,0.0295494827912129,0.351270623964109,0.339267884879278,0.063111323724332,-0.0962772931185581,0.331716106096372,0.147306152790046,0.165314470608159,-0.395133361441479,-0.0294072967250083,-0.486579420395095,-0.0771064626987558,0.185100077198127,-0.165164982794773,-0.181014495678861,1,0.156685032711302,0.152116243264273,-0.188764242599508,-0.0378061533133452,-0.16662692621581,-0.127569874565717,-0.29288016600249,-0.407294366591097,-0.139237573929315,-0.0412819404309353,-0.0297169642990773,0.257908188049043,0.308734255679223,0.528217281390724,-0.189289591246926,0.202982778663758,-0.0120591588425663,-0.27664479345802,-0.141802912728741,-0.0973323798237471,-0.241824796632501,-0.196694540899008,0.493883315953568,0.58630028632102,0.244109555703354,0.202297092307508,0.0514636026130387,-0.356702625991558,-0.172118643895626,0.0569562799788817,-0.147099933329201,-0.153291275165529,-0.301818706709673,-0.0127906093372264,-0.377913289752465,0.0317755905749159,0.35499635809558,-0.0214993184518188,0.299472332753581,0.143734759114692,0.187942762710716,0.385177229929751,-0.10545829117398,0.189309637231859,-0.403382923739808,0.0526610996674162,-0.386407181181097,0.47566485578024,0.540878587926188,0.142942446593973,0.066752062428347,-0.387747933044799,-0.154119974309906,0.00512279771097954,0.420563036919171,0.105937363998142,0.27857817476987,0.0951842105869845,0.18186044306719,-0.277344810530491,0.191926869929907,-0.0755922178097501,0.487004809266529,-0.0376266902055433,0.0730993197332533,-0.429675127260608,-0.101072153198256,-0.154450165120655,-0.469798462963045,-0.303632792006138,0.195157405616076,0.333283360883884,-0.327249455993939,-0.00692516596425993,0.167728744439999,-0.117211404845093,-0.147604934513511,-0.529837218041721,-0.234034694019132,-0.504408020709324,-0.0570593128953404,-0.298727075088253,0.220214110448082,-0.0855325391652263,-0.0515801103550433,0.0901233585211062,-0.112754169103358,-0.343659201505047,0.0402887552459254,-0.161420029172083,-0.00435394476758587,0.233247182924236,-0.412355423190047,-0.474860777142092,0.395970122887352,0.251494056666403,0.252918643335453,-0.31572824435053,-0.213324561712139,0.20323755431489,0.104850166210469,0.383386053081222,-0.231278190081921,0.0208383266392931,0.0303346480139124,-0.0458288639406344,0.0977469261143475,-0.110766198854459
"父-女",-0.286373785553966,-0.194292261474908,0.0217653445737772,0.253015254779731,-0.119266134685042,0.0367636738989496,0.0114571498122112,0.0249700690755299,-0.188692812909379,0.114710114394633,0.205744766260119,0.0853133786534036,0.206139807802064,0.345439454853741,0.24397586040789,0.11061009904735,-0.117391603697066,-0.424152506148726,0.0525375636837523,0.237066666182604,-0.189553941041886,-0.086941232622904,0.0475685242931935,-0.142204363489045,-0.0828603869510244,0.106115330718477,0.189176717834195,-0.0226330776899251,-0.230709475420222,-0.279875623044254,0.221458423889286,0.261175190949547,0.092431718608102,-0.268691877864983,0.156685032711302,1,0.348113695616139,0.157160750587156,0.145019845366691,0.231884382057423,-0.0982380482815139,-0.152782327561445,0.0715706842211358,-0.157025135523704,-0.121021275586955,0.134780443780316,0.0622402859356433,0.150903608307338,-0.261747583795202,-0.0355994819413437,0.150607577981368,-0.108084042959429,-0.278762619724379,0.00090081744982743,-0.266576539490713,-0.0999217263331904,-0.0825167224136054,0.047280136078127,-0.116618561657604,0.162055999383403,0.229683199965527,0.146423737805263,0.15200491883058,0.0866046624218043,0.347419277298922,-0.0171749643213752,-0.0897750109559262,0.0984489709841586,0.0640256182116014,-0.124500273048965,-0.149310978054555,0.120851652148871,-0.0327506140016222,0.19981686971686,0.0126085945156209,0.128618741737386,0.206887526608184,0.1356603186415,-0.0390611195914732,0.282347140521124,0.575240760415385,-0.171012639904964,-0.0602955781059644,0.252538371780493,0.0912308148620823,-0.339648365551723,-0.0384340749604507,-0.144579912405524,0.365377429511283,-0.0950980001518281,-0.209648567096502,0.0532573983567999,-0.211155363249938,-0.127081123480246,-0.145999973612349,-0.231622626951627,-0.105658316954851,-0.0191051500969121,-0.300920930060402,0.370776793369782,0.161813370108155,-0.164427107542654,-0.135822245614774,0.107942267465345,0.264482404984881,0.112563785096453,0.201984496075605,-0.292850006955128,0.246048446755018,0.246952304582838,0.0026953614995286,-0.0321544674341791,-0.218540206290817,-0.191783742773463,-0.260222121888353,-0.202467504222832,0.030966345753737,0.177193328428497,-0.0874453762920367,0.16309482376676,-0.133114920445673,-0.000666101457124464,-0.156353507306353,-0.0287830116436397,-0.211089828806621,-0.00254417396827461,-0.218877046230618,-0.0921223125616907,-0.0331771349295238,-0.0420619584885039,0.138019581471659,0.173009094116884,-0.27214590512419,-0.278294425627664,-0.0486919563947686,-0.236680093589466,0.0161278412362825,-0.25381312192949,-0.0981001735248405,-0.187243943217989,-0.0921494687834084,0.177381272281791,0.0985445999684154
"父-子",-0.0336948632014183,-0.222395588418035,0.0285175808562247,0.067799636336779,-0.0759723703483525,-0.000904963707291983,0.172486979987337,0.275994667097103,0.152287090103769,0.169128400933724,0.106929620727732,0.0861837389387441,0.334619770361202,0.493918498339702,0.272242071666634,0.134066453474349,-0.277186205628814,-0.283454845134639,-0.0653262233718886,-0.0688194371504031,-0.312078102090953,-0.0630031654018455,-0.0852823151004098,-0.191224386610964,-0.109003600187094,0.206463993520703,0.288374088009876,0.0946093945244226,-0.255496462307621,-0.120731757183666,0.454182472193732,0.236831181467057,0.00390689111704409,-0.122074012585957,0.152116243264273,0.348113695616139,1,-0.105354126674955,-0.149068428182306,0.298543033401057,-0.405286725894383,-0.207936951396706,0.0651483712053821,-0.190814917831955,-0.229791580578628,0.0849968331525609,0.232975520085267,0.24197713051561,-0.188626687618031,-0.249566403465829,0.12294447067164,-0.0727873439835479,-0.35656235892958,-0.0469590244326244,-0.371180771812137,-0.362209358172382,-0.163191796890472,0.0812279647250421,-0.167633269450864,0.122897004525221,0.128392804586339,0.076723407028463,0.215437485926531,0.35466672643557,0.356180525961924,0.00762787145300887,0.0927908571439585,0.122082869968586,-0.197057472252071,-0.202037455886039,-0.172480947139133,0.314022737273042,-0.028167586054383,0.183871341468011,0.11389686872911,0.196297009456457,0.0694576837686635,0.0579550953590644,0.172860220116872,0.109669350752343,0.53404734630881,-0.15123602379558,-0.283460977665878,0.0427429974071298,0.110618286974823,-0.168659814235056,-0.0801975199146121,0.00412435827384592,0.405251392526845,-0.251072201045008,-0.178673830299013,-0.01698969698092,-0.214379053518634,-0.0152916201163993,-0.198359938831555,-0.284962913093467,-0.102839484992313,-0.15803050253301,-0.0820830425668413,-0.00920541589065712,0.0923644579280961,-0.1030865861291,-0.258256087744298,0.137369740687386,0.254027181053423,0.24527575656817,0.184195441275682,-0.186572605190257,0.0980980707337949,0.0992417090493454,0.256721874210878,0.148725687975031,-0.0140770543363175,-0.139446266686788,-0.387604524371407,0.00992305106226733,-0.0535606072387429,-0.0233070302400572,0.144389564130228,-0.135403458483962,-0.267243200220304,-0.0570656198654506,0.198705210521605,-0.0850986734969427,-0.00451336991858698,-0.101724763044784,-0.11105085655966,0.0318535967575029,-0.186793255645588,-0.216200813943612,0.140419542611262,0.120884567730351,-0.218166426582282,0.100713370971479,-0.160957689833429,-0.0435960710965742,0.188897433929071,-0.00828590311300192,-0.25275473715478,-0.304982981930834,-0.0897791360936984,0.141777105380416,0.367982714231244
"高祖父-玄孙",-0.126039284869233,0.00204490642798151,0.0936242279951768,0.205417787903649,0.181059311379067,0.300564885982864,-0.110665845716062,-0.240173696623556,-0.186185105297041,-0.179000377553975,0.193661790805941,-0.198548496903505,0.0853329530349235,0.230461648827578,0.369871460581964,0.327545002653541,0.303516706542283,0.0580503829421979,-0.185584640487118,0.249130664601736,-0.00817899961918423,-0.123996383654397,0.187384156433633,0.0490430786190729,0.00714370757751707,0.0343915699951746,-0.0833335803280093,-0.0403981084348735,0.0306409079817604,0.0628187612731013,-0.187119156566456,0.166069111523412,0.104757679787993,-0.0662199564188919,-0.188764242599508,0.157160750587156,-0.105354126674955,1,0.605790200028812,-0.0891724529875283,0.294504984255227,0.0385343845607403,0.110266761926402,0.126868110472426,-0.0430331632763267,-0.207255605883724,-0.194067352634586,-0.306507967422949,-0.277111717551878,0.346513790517499,-0.181940447709173,-0.221287774651729,0.07029323393695,-0.00354056790008311,-0.00366247643566116,0.128930204059112,0.109295751784321,-0.335705444819062,-0.194687953909667,-0.201069937066963,-0.190126389112565,0.0198441286559834,0.0198453533468144,-0.0693937419760499,-0.0359083831237086,0.0168315834357471,0.0134304048202143,0.204827931903409,0.151880921279985,0.297392440179141,-0.133580666643095,-0.381697812788313,-0.0385869058851143,-0.21333326117107,-0.129924027294912,-0.187306660024241,-0.151642885168764,-0.0510588613485821,-0.313516489862049,0.342594207169739,0.180868596172873,0.0532029065660851,-0.0645930754436015,-0.152362583342746,-0.165282666558946,-0.0180144593076234,0.0432427189400027,-0.070820924771005,-0.0184416475533781,-0.0698358160100366,0.00908276572096738,-0.11090837375701,-0.0389752724700915,-0.276773461518572,0.0174798878442233,-0.0162029547358834,0.0780848535264516,-0.108597068011219,-0.135420549023879,0.220884333413179,0.325832156933874,0.154133452869888,0.0497261242148888,0.103860440139381,0.157214938387948,-0.172496442012417,-0.177012364252438,0.159393899934438,0.124269249005886,-0.00792674399951743,-0.110408489194962,-0.0588155023069891,0.25494681217863,-0.136294353007265,0.284812147236761,-0.0739905780232232,0.0273743409966879,-0.0125967944581769,-0.16243512439972,0.193774314130117,-0.04653273437088,0.119565660360533,0.046241312635907,-0.0181880104940962,0.00387490335008765,0.133113118438959,-0.011761235999779,0.162418841380962,0.297841823259048,-0.0970101307000951,-0.213463409476055,-0.157236646184996,0.127611993915195,-0.118657893511117,0.133611534217223,-0.233351971749356,-0.155778804005997,-0.173622575240233,0.0938703236768738,0.309906793246308,0.0858019608675045,0.0338514090300713,0.233751681224932
"高祖母-玄孙",-0.122982599441709,0.00173469654059302,0.156004733243006,0.0966055267453373,0.014151582688047,0.0949823639886496,0.0581202893033793,-0.265329035539508,-0.13945053492592,0.0435936105991125,0.0802005199954815,0.0112895214189052,0.0171715708306507,0.187490812491212,0.281466760448548,0.272228222121495,0.0778444405818698,0.101115155696494,0.0354784165395566,0.0499994725775606,0.143071352932804,0.0197394298315193,0.249495231229259,0.0585032351340888,0.0134690192698648,0.0196437948010091,0.0385188584550151,-0.071961872374615,0.102414996661425,-0.0632896892123736,-0.172287491311059,0.0535056809478825,-0.0853252166619896,-0.173965436375615,-0.0378061533133452,0.145019845366691,-0.149068428182306,0.605790200028812,1,-0.159308237490166,0.192051547938103,0.168997863048697,0.161467402880713,0.416989367339963,-0.00180474508824692,-0.186839531147659,-0.196713347798482,-0.367381199463726,-0.11700827151033,0.129950563888011,-0.376812762201973,-0.0435489767580929,0.164685661657367,0.0192636086450376,0.0591615189020882,0.125774864255717,0.0178055360423524,-0.257888797843651,-0.106155937011826,-0.252053195651248,-0.282150041156739,-0.172712441498071,-0.114967080375244,-0.148909252360009,-0.143785821687024,0.213559114639906,0.202209088617675,0.0953657752384258,-0.0230001295751683,0.14631680070863,-0.0712925991477479,-0.291763651282928,-0.231441412269007,-0.258129708786436,0.104506501397285,-0.301277997667575,-0.153060806728148,-0.0434442560125519,-0.143059268846194,0.259293889401692,0.171820728964463,0.0484015510869245,0.1006389775335,-0.143911034350463,-0.341178477839063,0.0475867039888094,-0.209442135756237,-0.336677486583503,-0.0515422000096549,0.116806931029044,0.15557265418405,0.0879820814928162,0.0242854648955578,-0.271734533288524,-0.0392794747323894,0.219872339150954,0.0845497628815632,-0.0305753092190958,-0.110649989540575,0.227601669732419,0.115873229208155,-0.0313855183943932,0.157259552927433,0.0267152237624702,0.145717875389262,-0.286977496749668,-0.176616868926705,0.0278117289717332,-0.06589218344928,-0.121648376731549,-0.134411727910868,0.10526656360917,0.0669349592901043,-0.0906041322375141,0.156722221742013,0.0876507570616269,-0.0356638482217159,-0.101702604268645,0.0144123722811982,-0.0478962990821077,0.0490998793300923,-0.00800357882223485,0.014076640801071,-0.219254686653364,0.121366775561575,0.057805756497426,0.185246313772345,-0.0156467527786369,0.0501314707008972,0.0838444068725454,-0.244444832671062,-0.245389348966908,0.144046043670049,0.00817911441871095,0.258003260717837,-0.0563435617113749,-0.168726145102017,-0.0498136659847428,-0.0431148646378362,0.360839079400581,-0.0565660206522707,-0.0765330570863865,0.231001918314775
"公公-儿媳",-0.01993161722612,-0.198443229801387,0.104426968038554,0.208863001889214,0.209848587749154,0.119827544340112,-0.275857275694742,0.156153986288754,-0.119015294002043,-0.120991606987039,-0.263704963211572,-0.022774661208798,0.211517054198618,-0.0432582772190961,0.0427705948427943,-0.0441112536619983,-0.0194804469048078,-0.235467930726708,-0.268609739080418,-0.102181760776074,-0.248828157971155,-0.0869639640928108,-0.317577579209503,-0.0889365558163064,-0.401996574072954,0.109571330442656,0.306254629738107,0.163690648522464,-0.033410850038933,0.0249973679386626,0.373646066526775,0.248312782773237,-0.0863163070465189,0.010155462728533,-0.16662692621581,0.231884382057423,0.298543033401057,-0.0891724529875283,-0.159308237490166,1,-0.188768951314951,0.185067925534661,0.12914184223918,-0.204025348875291,-0.234512215653597,0.569360312974161,0.292040871030205,0.141966655572086,-0.349297597148404,-0.120183297637203,0.207352758525693,0.119589235060088,-0.248885243745985,0.0617445174928576,-0.241805687162826,-0.179148342387949,-0.364968936388029,-0.0754301183241681,-0.191549292824506,0.115650643384842,0.151114865345003,0.0334583607609659,0.304586585042391,0.442891388320744,0.0728936418116305,0.204782591495724,0.0160068268775974,0.0871483300539284,0.0183761276331202,0.178588193913472,-0.124290951366228,0.286855446150473,-0.19661257687256,0.243606698564762,0.00422716135559583,0.153672710128485,0.0900526039790291,0.254112354691617,0.174463704168557,0.0118867640308786,0.223215438974987,-0.0316963324523439,-0.25571160193426,-0.00290159471285068,0.271959431820932,-0.26743941333001,0.0825745795207161,0.101766419313715,0.183962671149396,-0.228660910881794,-0.056597403468491,-0.144495962964697,-0.0547133033082978,-0.111711357725288,-0.107559801548913,-0.334373408164366,-0.203401100671899,-0.171934721047034,-0.16902808458842,-0.0666976232734393,0.477833132605861,-0.296307141683494,-0.16324311884987,0.143766008344586,0.192777672089877,0.0657115687208166,0.108004483302419,-0.092349759732162,-0.0282815606686463,0.102168391778,-0.0677414342104124,-0.229976364361067,0.234145668810541,0.122993614444341,-0.157838965482387,0.0831875674835331,0.344659471428872,0.0771722873860844,0.192132084955779,-0.0858224271805945,-0.227266872936863,-0.215662542130017,-0.0350857790878576,-0.127336108759774,-0.249390088745837,-0.134480799982962,-0.418814087726721,0.310042991687858,0.129007356364765,-0.342899425633619,0.109024936371513,-0.0139171468371424,0.115568288231508,-0.0666110321398347,-0.206689407259799,0.071470490587362,-0.00726090855480557,-0.135866140271976,-0.196329180992775,-0.357824519110076,-0.129419080180095,0.0703183167968622,0.00489679402688024
"姑表兄-姑表弟",-0.0727260373759759,0.0242293664737469,-0.0188546717070769,0.10147467795598,0.221726591579344,0.104769474761223,-0.201602254782514,-0.417069931969932,-0.185910665832689,-0.273465582325492,0.0331942047350333,-0.109271666267227,-0.0583316910580938,-0.154201919667262,0.0705312970321767,0.0357520321716016,0.474228855695712,0.152825847324973,0.00741302232366044,0.0305010774082516,0.0806981215327562,-0.0695614290877901,0.20266028840212,0.0405854609082695,0.0632683853755761,0.00214912404432107,-0.248508567460757,-0.0567111942786358,0.349300143845062,0.230747937544813,-0.32920993225461,0.0585257784847615,0.0623872781701547,-0.0473216132470659,-0.127569874565717,-0.0982380482815139,-0.405286725894383,0.294504984255227,0.192051547938103,-0.188768951314951,1,0.0460750669481491,0.0164619711611229,-0.0341276245304713,0.147258965324941,-0.0471620734413823,-0.296104642780814,-0.311852544745641,0.161174743935425,0.48843260697738,-0.136737304458404,-0.217573805058992,0.174790304139053,0.147002876633205,0.197709578410168,0.301463724031771,0.252451023799471,-0.155983733323681,0.0709237466073116,-0.212675427893253,-0.193137755113634,-0.111025197752061,-0.107229353471696,-0.252557079746151,-0.304063509393756,-0.172088288999124,-0.00852638451385874,0.105356860117507,0.497889899084388,0.426172110333476,0.0834292892322995,-0.464320424365433,-0.0177684624942552,-0.221610993542136,-0.09132412534049,-0.283033543253547,-0.183990001801038,0.00379773427561812,-0.245520276046211,0.165942307928631,-0.178211522914507,0.243699711267985,0.0233656478973921,-0.099727173592012,-0.122580668009225,0.152018278514496,0.140093846308615,0.127962107395422,-0.0992556223156641,0.0401634509738807,0.0909834448255953,-0.0819309760645516,-0.0162958009274493,-0.131685267040973,0.164653352409837,0.0929403482636167,0.0844973995834197,-0.0608067573853853,-0.189840931230958,0.0940301898375869,0.175582550791078,0.192989853033459,0.152940458092074,-0.0651060866265196,-0.0736324689040397,-0.216685119774615,-0.263376576746369,0.244043331821641,-0.0271339696964343,-0.136609038062347,-0.168629710472988,-0.247510650575291,0.264129345554732,-0.0187422600102895,0.462844170956237,0.0554480449716208,0.131833651335947,-0.0273783142378922,-0.167941551343978,0.122048429293156,0.206491935555145,-0.0249504188407935,-0.222484878366596,0.0874042677064356,-0.142133723644693,0.129373604155445,-0.0160295682634102,0.0304491180825377,0.159961710905612,0.0470406600410852,-0.21048965686083,-0.143975785640783,0.301824507041901,-0.0117362568272617,0.162728911780164,-0.166938098374582,-0.183046286789819,-0.292291442087982,0.0688626409175439,0.359804952727856,0.239673332723028,-0.160341845782979,-0.175309898934086
"姑表兄-姑表妹",0.0858115555161484,-0.177220421808812,0.104480503388402,-0.0160737847444377,0.221313965552951,0.0965910623659586,-0.179245100334995,-0.134674086204623,0.1574012422509,-0.227128256674998,-0.0992897018679498,-0.0220599610302143,-0.0346488568585513,-0.223993877073268,0.081227920288245,0.107514628587546,0.125924352458971,0.156032055262592,-0.140927687491258,-0.103307895978991,0.0447623056240978,-0.0960706019879436,-0.113244039694791,0.276806507442856,-0.248952925291987,-0.350161933764633,-0.00777403265593349,0.146799444147503,0.0658072346422008,0.146089081933956,0.0271064609279775,-0.128902164015523,-0.0810456631490979,0.0869262156933171,-0.29288016600249,-0.152782327561445,-0.207936951396706,0.0385343845607403,0.168997863048697,0.185067925534661,0.0460750669481491,1,0.186829320975905,0.223154686375634,-0.049992821182124,0.200169088485505,-0.143334471693786,-0.24927686071297,-0.255874837243278,0.00246770053156554,-0.270346511498125,0.409568355247321,0.192442904750122,0.0635351287370225,0.0680023715266129,0.100366741282071,-0.152316769186651,-0.323846204542944,-0.212370223812786,-0.240526120323939,-0.162247540661863,-0.187218158101721,0.145600776341757,0.0996821795044774,-0.219267921485465,0.214257964476023,0.126133525889901,0.117405179092152,-0.17343548229495,0.14154331041307,-0.0546584515883736,-0.0863598973805167,-0.236005773505306,-0.147234357989929,-0.0587832001253324,-0.233835422997089,-0.163502834920886,-0.0144428402388377,-0.091755309999149,0.0139960110837957,-0.248238503000214,0.262110351019085,-0.0604351734258711,-0.260029466928,-0.200505160611846,0.00540675109529773,0.201081644531208,-0.12258478437558,-0.158561871310191,-0.0531241555637053,0.261840176726035,-0.147268808252952,0.0631352042648048,-0.196187957350196,-0.00817379896866444,0.0264639702245334,0.0999674069115252,-0.183851404430129,0.0719382717547849,-0.0503511485124815,0.251106037244385,-0.0862532761986868,0.134396672299643,0.117008751080034,0.0338086115375071,-0.323823384647264,-0.168230286438478,0.0514163401172936,-0.139714570585617,-0.103290557884008,-0.213295272797398,0.0826972361969591,0.299475443016244,0.469095053564706,0.356495287276066,-0.00514960460249816,0.309012630526857,-0.128332300445698,0.217876039844163,-0.131177773861572,-0.0412671717264996,-0.0697869124945167,0.0600688136133521,-0.160026146961992,0.0410260628783962,0.0345048427400775,-0.101974870502416,0.0359120339251724,0.107228852892149,-0.0920928956417279,-0.216814120950561,-0.262984474078572,0.293183976261941,0.0973712566109148,-0.00734697033110596,-0.00719940941064726,-0.392376086931018,0.0890489159091979,0.0927286930121131,0.00722255870396889,-0.0915389727951712,-0.12565907377956,-0.0233183657537502
"姑表姐-姑表弟",0.168113479340041,-0.101800694127556,0.633590988971582,0.431243723779529,0.45551074085609,0.416918141021469,0.168649721682769,-0.0861267605723824,0.233924935372002,0.060757464601593,0.262327126426687,-0.105576077053981,0.464106918132678,-0.184927537735321,0.288682825986082,0.420628141183064,0.102757398331414,-0.0229197376062145,-0.244419043456954,-0.251365643098026,-0.254704888621757,-0.147992939768514,0.0921307693257116,-0.0675681686815922,-0.269137853825244,0.0219105137462689,0.221389389167018,0.400424922961899,0.11954771890135,0.243138587671406,0.239289440859976,-0.109066834560628,0.048043043910639,-0.105652678305991,-0.407294366591097,0.0715706842211358,0.0651483712053821,0.110266761926402,0.161467402880713,0.12914184223918,0.0164619711611229,0.186829320975905,1,0.372138135239783,0.0459270313645264,0.019003913620723,-0.0520427529740786,-0.37205717951509,-0.315148783444845,-0.0904551063904703,-0.320003403130702,-0.0225233909763752,0.0987899613423656,-0.00947894552610646,0.000199465102469313,-0.0305901107913941,0.109588396144349,-0.367123765335768,-0.403645088990062,-0.413626696394032,-0.399008234601792,-0.37629887545815,0.30912405441239,0.0931355718744768,0.0010616913128613,0.312367526843651,0.416930448738211,0.382242224642577,-0.116683743385519,0.197083783389982,-0.00190961933107543,-0.241996895838265,-0.123658240850729,-0.407239472905745,0.123288927776717,-0.300724804979822,-0.391256761998746,0.24561042121603,0.10158542672147,0.457544732933664,0.153451150276222,0.170381719689868,-0.169474730069161,-0.375053504793434,-0.337993185363423,-0.159720408090565,0.062479164981042,-0.0488775240127997,-0.0361516671651541,-0.225653487708603,-0.0391237266154606,-0.110356282705788,-0.20873609991658,-0.140407759906672,0.131040816034373,-0.0798157233633077,0.0761930386103301,-0.333550273653818,-0.0362602059191509,0.136060806134265,0.249932961982879,-0.0798480013245532,0.04816454114871,0.471937818774684,0.49384423415147,-0.324010899710999,-0.359438206955349,0.273227645180987,-0.326533984847926,-0.416698023243894,0.000683787991474844,0.242289209039411,0.245498619831558,0.134388431171612,0.248512887858128,0.178699483434781,0.165035882266685,-0.384433016004565,0.280775222712862,-0.204244584721357,-0.0763822308458361,-0.00429095794224479,0.417473366023107,-0.0772507049898507,0.138577860657171,0.124113395564741,-0.102419712225174,0.184608460378628,0.146366905164002,-0.286514201050201,-0.332231384841525,-0.323975646589738,0.221939051456344,0.294003566935898,-0.00885545567402879,-0.124636818434445,-0.256666142913168,0.235485785251291,-0.115363513907796,-0.175740033162334,-0.134471347123584,-0.36294215775373,0.244507410365281
"姑表姐-姑表妹",0.1243574437707,0.135909228531334,0.186688364993561,0.179014568401402,0.156744223918133,0.263617897293989,0.303094232222029,-0.0694745353667746,0.219736725670715,0.163486768689924,0.248844521730982,0.0783507567771298,-0.0034181146737018,-0.166360391820664,0.00792704479540712,0.238912709874636,-0.018494838383986,0.103720172190662,0.0175763382175818,-0.290062548685709,0.0769501180536007,-0.0799128637394452,-0.0354746363853874,0.0707160599385073,0.131470260300612,-0.269502588888563,-0.00877821111352519,0.00684553663900833,0.122678858471733,0.0866077556614792,0.00928199149222821,-0.24284249314494,-0.00370363189198598,-0.0512490394730898,-0.139237573929315,-0.157025135523704,-0.190814917831955,0.126868110472426,0.416989367339963,-0.204025348875291,-0.0341276245304713,0.223154686375634,0.372138135239783,1,0.0137672625473618,-0.238161326940074,-0.105270908234964,-0.388515785208861,-0.0640353033965917,-0.0972267690402731,-0.464394411689624,0.11144892308499,0.19932716608087,-0.169095233411471,0.266269033771535,-0.0371722886491926,0.224505357756122,-0.175451112888558,-0.129775444498684,-0.467702838839182,-0.394255599225789,-0.348234805086561,0.00794034656058436,-0.201586333050567,-0.114305890324064,0.148900384373463,0.346653183311513,0.203746086808371,-0.290887157581754,0.110813017677477,-0.000371018186026893,-0.163451258576287,-0.0311409836428488,-0.456067687851422,0.0686708284740859,-0.378469801044726,-0.353858841598109,-0.0980665722777877,0.0899211034568796,0.12122395594595,-0.082861924113488,0.120222619897727,0.34991260174699,-0.219795554107909,-0.455077887554028,0.0231350078282206,-0.0637197606486246,-0.270508873890979,-0.257935790747641,0.142111046083717,0.438932972338375,-0.115956744430018,0.0390239368610186,0.0343817430014918,-0.0875616588424859,0.451179396812358,0.115198731918771,-0.138113626754793,0.144672024410205,-0.0195714773655359,-0.123111962940692,0.091495666558044,0.101219786791647,0.261041968990075,0.0730614563118109,-0.412483850590092,-0.343499789215513,0.151740403839078,-0.363918140272637,-0.40428249889379,0.0310981324372631,0.277017744929426,0.0159111765326953,0.204974994304891,0.249573904215041,0.135411601091099,-0.108075027440065,-0.400148228482141,0.123129651663556,-0.271386537676454,-0.0318157133698084,0.184418195444136,0.351355351327164,-0.0397026731719609,0.514712186954919,0.0761612109903427,0.167814907697057,-0.0458916914602154,0.0292048203999273,0.0334956451456468,-0.34532912492437,-0.285631848353438,0.301326827454314,0.322929252301347,0.0519233247281027,-0.00229107297397892,-0.213925693996169,0.300699542707775,0.157105205277852,0.155222994909069,-0.142925880915279,-0.348347584530154,0.178926052624352
"姑母-侄女",-0.172938334304948,-0.146598781910328,-0.164192676189422,-0.247001397741902,-0.0336873358589224,-0.12953903005132,0.0380301468651862,-0.255746270903564,-0.0764111058814241,-0.158188894020508,-0.0977119504146966,-0.0384633374178573,-0.171486178981448,-0.239459613379443,-0.167492894606441,-0.156282965777319,0.0562310409504023,0.173737686113234,-0.0626514474056028,0.213667674722193,-0.0321889468889394,-0.156044897587922,-0.0378353332153949,-0.0394219232523226,-0.0297091351817895,-0.0991754317045623,-0.337654336615105,-0.16104542606134,0.139067608555589,0.125930906791611,-0.252806803393405,0.149457824408276,-0.109866647322567,0.00434387296263877,-0.0412819404309353,-0.121021275586955,-0.229791580578628,-0.0430331632763267,-0.00180474508824692,-0.234512215653597,0.147258965324941,-0.049992821182124,0.0459270313645264,0.0137672625473618,1,-0.0035356359265634,-0.258011559316361,0.023751959710271,-0.00130314649622658,0.0444302103112262,0.143904423028188,-0.170946753322754,0.123488273967919,0.633517636814246,0.181617428934789,0.0933521451192237,0.0990360671939993,-0.137426079345798,-0.0249747309901632,0.0356202718095273,-0.0566852326037345,0.111505073835799,-0.264182230843922,-0.377610832817853,-0.284506034247928,-0.224869851650313,-0.164582301359807,-0.260514234399884,0.119007178674694,0.0901440085979343,0.928016961323535,-0.21389640445201,-0.161198931811451,0.0410846281226644,-0.188685875106215,0.077788413646896,0.0835979764866261,-0.169804436506647,-0.230632165801787,-0.00781412011517562,-0.130023323648464,0.153815034798611,0.00564121395527549,-0.0490681012769806,0.0558522160195721,0.148943739985453,-0.133179053153462,-0.0596856223142318,-0.175374701073486,-0.00741816163752861,-0.14002287231941,-0.0576058755480956,-0.0983204006422939,-0.0374611046006316,0.727121134057951,0.105661898656404,-0.0959454262539165,-0.0556208118968686,-0.203723089294832,-0.139091382161507,-0.158181023810758,-0.0456318093096201,0.754481598310967,-0.21339966790688,-0.200737058994347,0.0773031618656715,0.0688672626659208,0.288885025585266,0.0990007503738995,0.0726379285286133,-0.11756070996037,-0.0382830068166129,-0.0741622212941841,-0.0410518778689726,0.149636307728413,-0.137981091986179,0.140059293344885,0.206283864199102,0.0684854069362978,0.26275051955843,0.89925584164726,-0.0429661238387876,-0.152155368321407,-0.086941718286012,-0.0733359107451851,-0.150959018442697,0.01603290642751,-0.0747078420303782,-0.0167527133697236,-0.0459847712466564,0.0642269761925373,0.0920036900082225,0.0703790399088904,-0.0520761822358018,-0.0796842200638066,-0.160408164902742,-0.196807924203081,-0.169368916588499,-0.127026276974172,0.118231607296793,0.0763127968990691,0.151614755321355,-0.0512736403648406
"姑母-侄子",0.0254117046023693,-0.177425187298441,0.0351419287648012,0.0212724129536416,-0.00401813873965714,-0.130341569182158,-0.300077720279391,-0.0569689387931875,-0.230308301004282,-0.121842183572414,-0.363992224239075,-0.118629801142549,-0.0862271003823979,-0.284554474472528,-0.141063128667465,-0.188782357050729,-0.0836986529238267,-0.115637278267203,-0.15020647472138,0.0876685903865646,-0.149440207170981,-0.0520641461447367,-0.254962091552395,-0.105228759528996,-0.391305055233139,0.0652354681265425,0.205178232233504,0.0164251920112612,0.0465716652077867,-0.0543747852260525,0.161902241929197,0.221243719699288,-0.251943299080541,0.00308183820236379,-0.0297169642990773,0.134780443780316,0.0849968331525609,-0.207255605883724,-0.186839531147659,0.569360312974161,-0.0471620734413823,0.200169088485505,0.019003913620723,-0.238161326940074,-0.0035356359265634,1,0.139567180744445,0.267523000792446,-0.150931901822616,-0.158545515376234,0.406407667991224,0.0613740339530324,-0.202565714837727,0.254652652265877,-0.145513647971051,-0.129229505689374,-0.400013733853066,0.0100787189288256,-0.0221052882187923,0.304637599626958,0.246933485240926,0.166005761495343,-0.00837629457434514,0.143638742482483,-0.0675185465808185,0.118632822950489,-0.0278297994756779,-0.0466541727655643,0.116913204742423,0.0522157593353878,0.139875990391204,0.24505280721704,-0.281390316220029,0.422692439434482,-0.0161165655418654,0.332438204403327,0.335673256821528,0.168655093282843,0.0664268432522021,-0.107287937776162,-0.0243301080823559,-0.0586174988734912,-0.215866172575612,0.0347634859202836,0.427752207545463,-0.114177840113854,-0.0271851623189118,0.0166873453881339,-0.0506760224512637,-0.20163759927228,-0.0946710111955123,-0.0626198715852784,-0.0336303754766531,-0.108295607518898,0.11155677517775,-0.281654620671128,-0.149301349203634,-0.109922959173249,-0.232610981916568,-0.100337189498683,0.295019675234105,-0.431648404245047,0.0384394030411258,-0.0236139502204813,0.053239067374861,0.254124412652257,0.316190648667896,-0.0981060105877986,0.0429175149646084,0.211079667413733,-0.293621366401586,-0.228588982818801,0.0866081799799201,0.0723618390011409,-0.0983060018540219,0.0396085535246702,0.712853439829386,0.346793367514841,0.0941605382912193,0.0871478434883792,0.0827154203055429,-0.313975794785763,-0.216212257651803,-0.281008123242076,-0.399150515103527,-0.209098455776893,-0.394767885503749,0.0806930062860533,-0.0273429459167008,-0.226445975928262,0.300930831218936,0.154202791859831,0.165022586712305,-0.161465318353371,-0.191741559446503,0.123070323275065,0.0271435608795318,-0.193156239511501,-0.211027868461274,-0.193138220963503,-0.244764554905879,0.159357379496274,-0.155818190572152
"姑-嫂",0.34450238342616,0.485158120584766,0.0246773783966101,0.208419330044794,-0.19875464741879,-0.0454622338635655,-0.14630220566215,0.228736795500412,-0.185535594627773,0.172337597798242,-0.204994489899745,0.22695709907926,-0.133509285386709,0.117969297765241,-0.247657508656438,-0.240196256494252,-0.404963988813263,-0.351484100563945,-0.0066813113273786,-0.237824319362697,0.0784507090134587,0.390835838792647,-0.0601769894911476,-0.36740351018172,-0.153121851042483,0.205120646492773,0.315664741724363,-0.0453734593221056,-0.251672244588459,-0.400898002513015,0.425034708080367,-0.0586229161261056,-0.315000267661338,-0.219039416301166,0.257908188049043,0.0622402859356433,0.232975520085267,-0.194067352634586,-0.196713347798482,0.292040871030205,-0.296104642780814,-0.143334471693786,-0.0520427529740786,-0.105270908234964,-0.258011559316361,0.139567180744445,1,0.221927600920939,0.300626437548633,-0.371122425465348,0.111647972478962,-0.0403672063576888,-0.431242911201394,-0.324769809874195,-0.329082863919228,-0.429234550383798,-0.383520805937144,0.198349749018286,0.221049629063511,0.256364946424696,0.19258148323781,0.146437511023097,0.0417736661164113,0.361016462337664,0.0143199367403191,0.210524439141085,0.156186656899802,-0.044951285109445,-0.257817458025357,-0.242224803605139,-0.128441624349221,0.457009442363895,0.0775724619010696,0.258049990273584,0.200992047977951,0.169560916016002,0.244306143031736,0.344161248000742,0.540550213677548,-0.310161465204503,0.0732346918441749,-0.422192081510759,0.102568296850077,0.200849228558418,0.209807612533097,-0.269413981871015,-0.29282056200638,-0.163349937700144,0.147160349461267,0.0268679586755303,-0.096271670636761,0.234793686223368,-0.0799570646441408,0.0896600811589819,-0.365988866653214,-0.0214460852329122,0.161051455343885,0.323861008935779,0.244674464825298,-0.0604535122881386,-0.193927543742736,-0.270222253170006,-0.335314966083607,-0.154453517667434,-0.0951609159791965,0.170987005981702,0.269748425650135,-0.40768366429447,-0.0779568721727593,0.0292794796643141,-0.0749580773776419,-0.233631625018224,-0.197624335865404,-0.0912089485242806,-0.493207381147667,0.403522055901689,-0.25491257973733,0.0750498443423393,0.239249994219936,-0.205457461973733,-0.186999875769035,-0.117283881663835,-0.0452019999765341,-0.137780624162375,-0.120717434165071,0.242282712090323,-0.0366569696553686,0.134923280889958,-0.0163951294229903,-0.0462759544117072,0.251201567782582,0.205178281787401,-0.281937143340019,0.169748569358466,0.0623187634081557,0.499414914664198,0.568550244753249,0.111853735653995,-0.127984027565288,-0.451716319734316,-0.209505146732285,0.0340028135950021,-0.131030991966359
"姑父-侄女",-0.193414439641016,-0.108494190927051,-0.427266070616289,-0.284599711253221,-0.376381874554108,-0.252504002818032,-0.134508229408612,0.150751987200923,-0.31168434896025,-0.106580819299629,-0.226303313674597,0.0602458098171074,-0.275589697498356,0.0378828226996228,-0.350865849025111,-0.426914665058474,-0.405375250133835,-0.31205767139939,-0.0545409512322194,0.492398421775313,-0.163778946316136,-0.0337944647287819,-0.349152675494868,-0.276474773103263,-0.103396526471909,0.0401696513389606,-0.102278913511154,-0.310281166176006,-0.318776240235938,-0.288005812817658,0.0584770241749007,0.183168599456471,-0.186792736511707,-0.0511872474731997,0.308734255679223,0.150903608307338,0.24197713051561,-0.306507967422949,-0.367381199463726,0.141966655572086,-0.311852544745641,-0.24927686071297,-0.37205717951509,-0.388515785208861,0.023751959710271,0.267523000792446,0.221927600920939,1,0.0378922526184619,-0.189129856655985,0.776420304691547,-0.155717974228084,-0.277938147233188,-0.04353380230022,-0.24606441147554,-0.195428829120164,-0.280838690439695,0.376861090792575,0.111089751651443,0.7678457962429,0.815067566497448,0.701816599340785,-0.232412567282486,0.0100073197690066,0.124706336617463,-0.281912312114037,-0.439127532041166,-0.319650486748856,-0.0496523892911901,-0.414840931825103,0.117962155412079,0.548849260198797,0.0225507535605676,0.818863562187263,-0.13580839667951,0.864879890084322,0.773175253469486,-0.126773950324736,0.0588017643539811,-0.325318207448768,0.0682176802094999,-0.283909761820399,-0.0843762758246011,0.385543201597582,0.765464850301119,-0.20519065444305,-0.120256226481453,0.0437147405464671,0.116293956234944,-0.0641960851368549,-0.191419608686652,0.0276573597250999,-0.071391317502331,0.112964890832852,-0.052567173374568,-0.182702687804724,-0.267287879864694,0.142760962488843,-0.203718572243255,-0.283710846359039,-0.173780021934554,-0.244634760031477,-0.188518556513375,-0.295249933905145,-0.297904503306246,0.777532156077308,0.816169642215783,-0.33104142077472,0.56749728165763,0.702464473852971,-0.0512244977353582,-0.364377383129299,-0.351314816011389,-0.0618288309994785,-0.402806690061202,-0.152766142806383,-0.0497928471047938,0.684839431413637,-0.11800310886173,0.446681841698441,0.0646619832030699,-0.109078034141604,-0.297901976765199,-0.0226341276999788,-0.323883431229706,-0.251878990994374,-0.14406059017792,-0.119640245196228,-0.125266862413249,-0.124287952329561,0.86291490734235,0.794472628527604,-0.389639968379106,-0.393593710656855,-0.323341568295793,0.010366089804025,0.253570485075057,-0.299582761612938,-0.227489484721359,-0.235341308162265,-0.0597373912087238,0.703500617827445,-0.234269908829173
"姑父-侄子",0.219456197189932,0.477487778448539,-0.199394794513494,-0.212764393388069,-0.41249792695874,-0.42211283075209,0.0796126429239222,-0.0739979926770754,-0.183755967597851,0.280055696688573,-0.166738306669669,0.321875983789177,-0.423686168666144,0.00891563039671851,-0.399040604980001,-0.293168202105216,-0.179041567103577,0.0713510895579245,0.402570546180788,-0.20824555197121,0.504246346216781,0.50131660473915,0.273722459887108,-0.0768932616930996,0.314116033880607,0.133304530159727,0.0548960627748489,-0.282597827735894,0.126098058171531,-0.31600241606868,-0.171571626484449,-0.1695932027849,-0.206564258830021,-0.154581001234632,0.528217281390724,-0.261747583795202,-0.188626687618031,-0.277111717551878,-0.11700827151033,-0.349297597148404,0.161174743935425,-0.255874837243278,-0.315148783444845,-0.0640353033965917,-0.00130314649622658,-0.150931901822616,0.300626437548633,0.0378922526184619,1,-0.0893130960351345,-0.0848693977961781,-0.11449602753923,-0.166775877542016,-0.186304704424891,0.0315495566555991,-0.160323119918151,-0.0441519430346003,0.357430419169372,0.597257264294997,0.0455954183190053,-0.0340860776247977,-0.104310686424157,-0.335505144166062,-0.178711818846102,-0.201731553880597,-0.0578023119217313,0.107334856824051,-0.256189681999384,0.0811895180035333,-0.237199583547881,0.056117660808635,0.0557926144864594,0.149505880491582,0.00409025361999259,0.301656670836354,-0.103941199366426,0.0774538651662376,0.0379699018491273,0.352931715181921,-0.413552326527662,-0.325885613174501,-0.259295405415798,0.387259230237353,0.226864655830634,-0.0527507707071997,0.251015954750888,-0.32702079132498,-0.174742934615736,-0.0836750383809615,0.458510909351899,0.0887969226107967,0.35451903043292,0.132858830318183,0.190683651804983,-0.208591811065612,0.321525473829488,0.214855675000227,0.544165717166145,0.238189340529075,0.0210602881521689,-0.520682762899178,0.0155558130504743,-0.0743816395273759,-0.420982153181192,-0.376526975809695,-0.0256080763195827,0.0275617345979245,-0.219463351115717,-0.184904912291233,-0.140235992814484,-0.150950571899893,-0.103228528002176,-0.400032326184024,-0.139353141899193,-0.276443240565784,0.269534938127091,-0.363828603072987,0.000518678179172326,0.0144695366077631,-0.19044249632651,0.145590237630139,-0.132907422340562,-0.287685833445303,0.04969045432062,-0.0260378600662811,0.22269818571143,0.401280598744679,-0.216218433909481,-0.314451952641113,0.351753616625032,0.0452461161955616,0.0427738274951723,-0.147093239258371,0.125518841189445,0.342682922224913,0.351231944719146,0.457397754366974,0.0363832198680912,0.0525583015773284,0.131604194922244,-0.0254412048806181,-0.158362658612486,-0.220102051271681
"亲家-亲家",-0.234223833035154,-0.142598598560774,-0.0885135432282868,0.0245764892743822,0.142102944503655,0.134172173036423,-0.16241354842566,-0.199213771676395,-0.124645852284211,-0.450173179334774,0.219597761814244,-0.292604869639387,0.0724146112442702,-0.0188101217043415,0.22257481977926,0.068218832585833,0.474462473699669,0.0645444457947877,-0.1396584482462,0.215614605549314,-0.128511749075501,-0.279630371202965,-0.0230056237096164,0.285976702588192,0.122783375168813,-0.108760468658189,-0.408202125752084,-0.0212079240022749,0.0790901867075753,0.340265785682933,-0.210229347975852,0.298334677389106,0.168726881543163,0.181339438889077,-0.189289591246926,-0.0355994819413437,-0.249566403465829,0.346513790517499,0.129950563888011,-0.120183297637203,0.48843260697738,0.00246770053156554,-0.0904551063904703,-0.0972267690402731,0.0444302103112262,-0.158545515376234,-0.371122425465348,-0.189129856655985,-0.0893130960351345,1,-0.0878946196870495,-0.215851675563986,0.247145263335189,0.0818711794017564,0.171047145526638,0.324810488755893,0.212620770709901,-0.191841143723809,-0.175660875391877,-0.165235672149518,-0.106142160049192,0.00851944052546385,-0.0229453333238355,-0.205099911955957,0.0277874439603554,-0.341050670097682,-0.205552137094858,0.00697200582890951,0.50392782202641,0.403728392450823,-0.0517127536908366,-0.3374439805905,0.128755424299333,-0.189317662065777,-0.261468297494994,-0.130713786050103,-0.212209765544557,-0.0646016262097211,-0.338750309127455,0.253493685845512,-0.0539334436612109,0.332094966484354,-0.116311362968355,-0.122987793908701,-0.126406903014273,0.183035535965735,0.312018752089039,0.271604322259794,0.128941452262295,-0.0472227330015397,-0.0269884972533484,-0.254863781900667,0.047746961418596,-0.0294527160757881,0.0762376029208682,0.00995339264355482,0.0449032311203086,-0.233549211506752,-0.07664728830575,-0.0284319521234379,0.282796290497006,0.399258598675407,0.0663343583864303,-0.0454432300814728,-0.0420087441284817,-0.10922085844259,-0.203632322965626,0.245127831546248,0.201944924076763,-0.0133711851477503,-0.104304415219773,-0.140017691451151,0.279155133724539,-0.0523810852463973,0.33856039659611,-0.018394760444909,0.110091716793028,-0.0659774607295801,-0.308519658119959,0.244881027074314,-0.00241948641031563,0.178823220551064,-0.0631941961963045,0.205702348919885,-0.0562845237756585,0.00349596060689922,-0.0856086740763808,0.115994986974891,0.353950683933843,-0.111884192633083,-0.199771376842382,-0.0816536300877887,0.334617738693165,-0.0806214075132994,-0.123128256162881,-0.286358066633272,-0.228173566656533,-0.1734769180669,0.119892184465819,0.362745375378692,0.531972743742699,-0.00981241797620524,-0.201129609094274
"继父-继女",-0.257583488036548,-0.150998595737376,-0.331739600440337,-0.16111143321378,-0.19570260371939,-0.202670395426111,-0.267060388851098,0.0420556338246942,-0.379436950527154,-0.176776562841098,-0.281427926876157,-0.146637586477594,-0.208281921515585,-0.130753662006461,-0.295805109845958,-0.403907213733763,-0.187184752342305,-0.234185438909337,-0.153900004803623,0.54929541220976,-0.235900834355655,-0.0897592416167754,-0.303778368606851,-0.249122696031271,-0.146309266174627,0.213418532838894,-0.0585104180208998,-0.189851928464302,-0.181366615476797,-0.202635680613874,-0.100570400386257,0.28322972354541,-0.153710438036802,-0.0117703761934325,0.202982778663758,0.150607577981368,0.12294447067164,-0.181940447709173,-0.376812762201973,0.207352758525693,-0.136737304458404,-0.270346511498125,-0.320003403130702,-0.464394411689624,0.143904423028188,0.406407667991224,0.111647972478962,0.776420304691547,-0.0848693977961781,-0.0878946196870495,1,-0.255704545417619,-0.224286658675835,0.16672227209345,-0.197770760630753,-0.0979667599160864,-0.258036679142044,0.260369302041446,0.0620945498990509,0.811136627890786,0.73674537226579,0.731236546252141,-0.277915573990219,-0.0799701948176483,0.0132047185375642,-0.21565826662975,-0.46645653799887,-0.320215637549451,0.129591721620437,-0.242828271056327,0.241590997104197,0.341526519977347,-0.0738766817852576,0.821726096788843,-0.177810485714619,0.870108173078045,0.722535776789938,-0.0152883098418204,-0.0780844964847389,-0.246742516117584,0.073461674432233,-0.210186892570748,-0.15778035816041,0.30399169558642,0.896353060169746,-0.205274181703491,-0.106392829043021,0.172605541258276,0.0223624472275847,-0.199454955400227,-0.273742336923358,-0.0769425316919687,-0.146397100816733,0.0100270750967901,0.132529324408677,-0.315535882202193,-0.37086122454651,0.00991163855703096,-0.356703708665723,-0.18783243766491,-0.018703218285345,-0.303907535160532,-0.0392605063908436,-0.266677919633023,-0.218509995825722,0.820134872906658,0.736751270888245,-0.158440385281747,0.588444103030722,0.71211291584471,-0.15258319153643,-0.407006786208752,-0.231232557836625,-0.148411338761207,-0.303212540995361,-0.157725382603297,0.119456251366721,0.742052958683601,-0.19235003209895,0.550342689227232,0.192001875352654,-0.132860536737704,-0.2716825478241,0.0236070062768338,-0.404107925872053,-0.31470354415384,-0.352795087625968,0.0400074037790218,-0.0255523832867142,-0.164353901267949,0.791831948434776,0.710730447582913,-0.23082879067252,-0.45633116880262,-0.280891155632321,-0.0933348517671889,0.173894526799724,-0.392773744571965,-0.196119179139123,-0.22002686710087,-0.0539153763008922,0.675852598873689,-0.319673528707323
"继父-继子",-0.136566452429551,-0.181830078466054,-0.0453523703039505,-0.20314269480725,0.157418614344456,-0.0975400718916536,0.0981591521800885,0.323395217113079,0.240404682430484,0.117482347527723,-0.166678066593557,0.196245728196345,-0.0268747734568881,-0.0116983771421069,-0.0677566213906691,-0.0589773338937764,-0.105966752493642,0.279443279730305,0.096971885946534,-0.304892915556648,0.213197773472497,0.0222565155222632,-0.103726519516585,0.310112454722549,0.0606072530701691,-0.219803870112832,0.0902480386480777,0.0261128790653583,0.138247522593228,0.0953367148972832,0.0272103679382838,-0.223913811248231,0.119178432098701,0.151086775989835,-0.0120591588425663,-0.108084042959429,-0.0727873439835479,-0.221287774651729,-0.0435489767580929,0.119589235060088,-0.217573805058992,0.409568355247321,-0.0225233909763752,0.11144892308499,-0.170946753322754,0.0613740339530324,-0.0403672063576888,-0.155717974228084,-0.11449602753923,-0.215851675563986,-0.255704545417619,1,0.217011638581485,-0.065370882136765,0.147857929051169,0.100373604675492,-0.0702152135060521,0.124510955778725,0.0309882942107611,-0.253280647542403,-0.195564327209754,-0.30759754851167,0.0287420576550616,0.0633512668299635,0.0201745082835824,0.22629583530284,-0.0560242957935439,-0.171302160065674,-0.26997727095848,-0.0651189926563351,-0.17724407314767,0.167858546076747,-0.173743867284562,-0.188671569493498,-0.120740615521778,-0.245921163581113,-0.187685456363747,-0.246024545669615,-0.0529792017991579,-0.191223783926734,-0.103103413575427,0.0794332669633799,0.136224571632472,-0.0291954159900736,-0.253833168232855,0.0606675080995554,0.163960457487605,-0.0550897757477031,-0.199540560965301,0.185825726955882,0.373281143069833,-0.0452028860580463,0.40363523910244,0.230317931905405,-0.0636492411462954,0.135406816935132,-0.1166240592906,0.0526499787803443,0.147038180627652,-0.137383352381393,-0.0102864969536655,-0.131281818797962,-0.000881221458352473,0.030620718587969,-0.11848040690223,-0.297283593542248,-0.187982055657336,-0.000356449840605862,-0.290817918932092,-0.161313411603809,0.130053611373968,0.251380639396149,0.0318239093065705,0.281211098264572,0.103445719416565,-0.214275265695667,0.0554844247221547,-0.238154750837651,0.152325494373676,-0.347759341122621,-0.221591677354336,-0.0349313520583576,0.103383971965381,0.00869641820545066,0.206970104152309,-0.176704175059381,0.0622281003797065,-0.163997685326009,-0.155923975793522,0.185869157776277,-0.201459368817356,-0.308365528952398,0.0620764700900406,-0.0545746032949462,0.0169778036353318,0.0515496213365436,-0.271680812627429,0.157553440319919,0.180543958187073,-0.0682916186710814,-0.231433834505006,-0.20081251949368,0.0794092569826417
"继母-继女",-0.200556193214893,-0.220963377545431,0.102195819178562,-0.185524005438491,0.288531980296186,0.0177343751284342,0.0657103689601624,-0.0804239134574423,0.13897929202688,-0.182325970912516,-0.0229399893940826,-0.240728098751856,0.0132510124404271,-0.278849907295232,0.0781794817982185,-0.0429078792054364,0.334387160208484,0.411697540165945,-0.0634085954505783,-0.0563706071831474,0.00696286780195685,-0.270679320342539,-0.0075275935984945,0.386582666378017,0.145125551418393,-0.176342017395474,-0.254490990435779,0.0714820880428833,0.272163131864433,0.493275941301091,-0.34081753774686,-0.0220956647358021,0.206934646805323,0.48741827711323,-0.27664479345802,-0.278762619724379,-0.35656235892958,0.07029323393695,0.164685661657367,-0.248885243745985,0.174790304139053,0.192442904750122,0.0987899613423656,0.19932716608087,0.123488273967919,-0.202565714837727,-0.431242911201394,-0.277938147233188,-0.166775877542016,0.247145263335189,-0.224286658675835,0.217011638581485,1,0.250911263698876,0.479901775055097,0.614397966613338,0.257938177964252,-0.114301039598883,-0.200976463384221,-0.31318217007508,-0.315245059757719,-0.204521326165473,-0.291419109863957,-0.384912989836171,-0.0930437634958508,-0.0653615594610627,-0.18328321246018,-0.16425880388946,0.0462395252629749,0.210099727653438,0.034102414172329,-0.336957919828056,-0.126823895737043,-0.333456909199719,-0.305077230508565,-0.262411582636103,-0.310435222492995,-0.241724518207103,-0.442008931163608,0.0213327087310618,-0.216143261651863,0.315292324191773,0.058159165536155,-0.270817648198453,-0.306937892121153,0.374847838626967,0.248773507064136,0.263541882410592,-0.368976540045609,0.0240862055369917,0.125403352785176,-0.190498140984852,0.316283301730234,0.212638897586519,0.391157853939693,0.265041050758491,-0.187853916852846,-0.268847557153507,-0.0243756643622694,-0.150113316668524,0.0351452633926478,0.147736665411723,0.34551509459835,0.00864281977022579,0.00233891303633389,-0.276407051527975,-0.312154494547077,0.496649126415709,-0.134673376099361,-0.237254879272305,0.0714008067335176,0.272985126995145,0.199059258095141,0.112736885038947,0.508696890571268,-0.0885271871601411,0.0392971775782036,-0.191885704887876,-0.0783865419268963,-0.0444988461481467,0.040917611848076,0.0924997445546768,0.199007196853579,0.134665569288142,0.314912951091314,-0.27587425328075,0.00436424467574194,-0.00323156803415802,0.176264754731425,0.120127666893548,-0.297514043445734,-0.278962421120728,0.376957845016309,-0.0569645283272758,-0.13837934997351,-0.258823776962495,-0.501243213505287,0.179311405102424,0.211417499422432,0.36450761067269,0.18458477767053,-0.213136418638802,-0.166412403684021
"继母-继子",-0.240761961998222,-0.361277073500125,0.00453522038310088,-0.200310176413467,0.0475369633547361,-0.1899424748404,-0.0637076290684028,-0.25713573139845,-0.1008081059503,-0.152259068958269,-0.276842165505051,-0.156680975544119,-0.0653126268943855,-0.137190115264903,-0.0138811346624452,-0.191844470528764,0.233352248175177,0.285013839773736,-0.0720154136594309,0.153903440351009,-0.0998421686328074,-0.176563669072235,0.00333226961930246,0.0679057777573425,-0.133880132203066,0.088044398541465,-0.0471338666445022,-0.100930991327393,0.267749244832091,0.271944345735577,-0.219779628617638,0.282987683397917,-0.116462387589824,0.136723289270793,-0.141802912728741,0.00090081744982743,-0.0469590244326244,-0.00354056790008311,0.0192636086450376,0.0617445174928576,0.147002876633205,0.0635351287370225,-0.00947894552610646,-0.169095233411471,0.633517636814246,0.254652652265877,-0.324769809874195,-0.04353380230022,-0.186304704424891,0.0818711794017564,0.16672227209345,-0.065370882136765,0.250911263698876,1,0.135894708598667,0.240156309119965,-0.0775320545111838,-0.188243551508948,-0.121953116105018,0.073510859692299,-0.0482037895165846,0.0695037099610054,-0.2773332859168,-0.240814518617436,-0.238573893281863,-0.065419699254245,-0.144970316360471,-0.245324732967017,0.215413854271108,0.172768029415618,0.660163315628175,-0.230064044021317,-0.346584367531187,0.131503841947975,-0.182844730458869,0.048399991968287,0.0894575839673874,-0.0993688103800117,-0.327081368948919,0.0314108238389622,-0.0651719482246464,0.178358141647802,-0.155755985352246,-0.0654975379897347,0.0710284990969527,0.208330425020276,-0.0961805193358358,0.0333216935255934,-0.145695850786452,-0.139578068688946,-0.15796450660953,-0.0933682109648091,0.0241174143446688,-0.103310209146787,0.763790561006228,-0.11435315418327,-0.256124145562278,-0.225879125265299,-0.341883112920951,-0.11169039677409,0.13244369549257,-0.188834646387142,0.794214911981171,-0.196014019631437,-0.0448685190060846,0.0512656698189048,0.0541469833781302,0.337136745989292,0.108273022776566,0.119919188459722,-0.142021465646851,0.0428584482575348,0.0996786758066044,-0.0669962505683324,0.160505224637852,-0.148146291949546,0.360116875957728,0.211884957061139,0.0091920702222283,0.168677378756236,0.657550298590249,-0.28829832084241,-0.154050114348835,-0.259707405547593,-0.218535988873323,-0.297807230982272,-0.145263756321875,0.0925928768133059,-0.0526760140242923,-0.0889425757012112,0.00113287402511913,-0.0550591391713382,0.268056942355139,-0.148793383907893,-0.0734257732538829,-0.239821922337423,-0.320360362488552,-0.192711774130068,-0.250946262879224,0.116811530983665,-0.0151878612653115,0.12631491522329,-0.0085304548739113
"继外祖父-继外孙女",-0.171167285005985,-0.0316874221181209,-0.136054522687923,-0.158363525509658,0.251899919387449,-0.163198437867532,0.2973678317302,-0.073811376381285,0.00166802963401914,0.0711539126078262,0.0800655604097101,-0.0167067617532778,-0.149915239887402,-0.33229807420935,-0.168632574333186,-0.0969595448188568,0.319509011770567,0.433032194523144,-0.0612983247770294,-0.16800062766669,0.128954387771937,-0.207058172556303,-0.0108498492924569,0.388509026864564,0.445380724814046,-0.196157801007502,-0.250310698086186,-0.192646597378932,0.421418415681718,0.253909179378866,-0.283800055821005,-0.0545005094952341,0.165863553073103,0.330050673884475,-0.0973323798237471,-0.266576539490713,-0.371180771812137,-0.00366247643566116,0.0591615189020882,-0.241805687162826,0.197709578410168,0.0680023715266129,0.000199465102469313,0.266269033771535,0.181617428934789,-0.145513647971051,-0.329082863919228,-0.24606441147554,0.0315495566555991,0.171047145526638,-0.197770760630753,0.147857929051169,0.479901775055097,0.135894708598667,1,0.40617803154884,0.310450070955727,-0.108114093349493,-0.0158464506204708,-0.320423386068269,-0.382348423406529,-0.259604088310471,-0.233456687163136,-0.458474208247771,-0.142371523629947,-0.13243416941979,-0.0953167914305717,-0.181112837942184,0.17927361072446,0.210809292617664,0.12582731821102,-0.345372799505711,-0.118369393658217,-0.352140398010536,-0.143726442477977,-0.268286089422101,-0.306027969351,-0.398912950760278,-0.255191818882365,-0.0933334709437424,-0.287536959876774,0.313321761949965,0.272293198220988,-0.205421658405571,-0.28179332725165,0.396176911096,0.255876425495036,0.225147152098591,-0.327277553493176,0.299711890021923,0.334737547894317,-0.149248889484076,0.322560382111073,0.283412876744704,0.234772932823487,0.359264438810573,-0.105621928695961,-0.146766895276748,-0.100228263923821,-0.199612494934852,0.0318784970072631,0.187021552526159,0.274359856759749,-0.0336011116654027,-0.146320558382815,-0.269898277244612,-0.317341108425496,0.357547102591594,-0.249552588029735,-0.3198036392962,0.00322056137009087,0.0984155952191545,0.111262184652359,0.166868350215979,0.482648216243273,-0.15420856385984,-0.00981630522550481,-0.258112041993142,-0.0905689408543035,-0.128535209938433,0.0842925125028567,0.105587917532187,0.0248571834059838,0.155786663198601,0.366961794094655,-0.230167607543379,0.127313302320725,-0.0265678778622261,0.108536473374029,0.0884672826753539,-0.335600482645065,-0.293940018918114,0.267251726697791,-0.0171419509977477,-0.0482594815916998,-0.222054815014848,-0.362216458951965,0.0368967019478959,0.26057185782731,0.462913453354443,0.230827038765196,-0.304320102371637,-0.109194094618246
"继外祖父-继外孙子",-0.227994303601418,-0.231560297483241,0.0469721234791391,-0.0569797866155518,0.24391185520469,-0.0300586608788561,0.0428248324752121,-0.0721154345564785,-0.0387875415633813,-0.178532870321982,0.0335589642461966,-0.219354325423229,-0.031937006105734,-0.245132547358013,-0.0190687982828151,-0.0913006363354888,0.324582649688309,0.232436729210287,-0.0790322263546719,0.0676291596112546,0.0386925034778408,-0.266086319622077,-0.00115991422232289,0.245801173668432,0.114084331925018,-0.0690908477208303,-0.230655371438428,0.0454513678522305,0.170382978561339,0.310059606378379,-0.410224915100054,-0.0809922641677634,0.341194311030302,0.416475260401368,-0.241824796632501,-0.0999217263331904,-0.362209358172382,0.128930204059112,0.125774864255717,-0.179148342387949,0.301463724031771,0.100366741282071,-0.0305901107913941,-0.0371722886491926,0.0933521451192237,-0.129229505689374,-0.429234550383798,-0.195428829120164,-0.160323119918151,0.324810488755893,-0.0979667599160864,0.100373604675492,0.614397966613338,0.240156309119965,0.40617803154884,1,0.252968945327116,-0.0546033688863476,-0.0989672412686402,-0.167945242218357,-0.172935192339881,-0.116325916627832,-0.194652933181947,-0.208047858388614,0.0403616676542472,-0.112258684596679,-0.215100437040045,-0.157387314944131,0.18135440911781,0.0601818901522284,0.00497898057322585,-0.304281363526631,-0.197802912675815,-0.19950262528987,-0.109231629571225,-0.163042915498354,-0.202991571715765,-0.198416013680197,-0.453696033570854,0.0987455592676516,-0.142961701692323,0.271857356436943,0.0376504630531146,-0.139983238129789,-0.173156161853448,0.247507546454396,0.299495056158528,0.286930329325838,-0.244520715815806,0.0228298166043088,0.0410691726003747,-0.167347584250004,0.20890563295367,0.129410451094186,0.32496600853911,0.172235931528361,-0.142207103894062,-0.217505598094774,-0.103136259856257,-0.0261392296789982,0.120102181908694,0.126744641024934,0.27790602994079,0.0194185030348406,-0.0168257383358543,-0.158362502242302,-0.238164801954812,0.322811840074658,0.0143371493780167,-0.0821787219706189,0.075269832921905,0.12962962909937,0.0810262914814632,0.0795220757785859,0.404680676608082,-0.235958411779018,0.0378692895992218,-0.109033008724324,-0.209778112959554,0.0747857732134234,0.0760313111066187,0.0991785129764121,0.0245172533636605,0.248644759494745,0.155957922811508,-0.267336269007892,-0.0244405476255842,0.00035386763879773,0.0907006272638496,0.0823342242856582,-0.188359684194994,-0.210486685353548,0.238802125961121,-0.263592509776588,-0.0629788898127432,-0.254952515642476,-0.384346170594994,-0.0254296085927633,0.152691231298471,0.247775572579218,0.152143359557675,-0.120350921020434,-0.13889229525361
"继外祖母-继外孙女",-0.103420236476121,-0.0608847440481777,-0.0108091159976511,0.0645706703813564,0.148189682512062,0.255681087117045,0.254026108198658,0.125500443100204,0.294656184976375,-0.0315344447642234,0.495519749726808,-0.0745415535680254,0.26197383319683,-0.0490095163055685,0.25736185959319,0.320865128625626,0.153039529982864,-0.0434883867349866,-0.0360246439168524,-0.0841953731011428,-0.111318279669184,-0.425181602884329,-0.0996451765883564,0.0532007416368384,0.240637709344112,-0.251983300274151,-0.41624141833794,0.152055919462851,-0.0801919270198652,0.291524192091071,-0.256048830802999,-0.209371327360168,0.517809539288528,0.196688723333977,-0.196694540899008,-0.0825167224136054,-0.163191796890472,0.109295751784321,0.0178055360423524,-0.364968936388029,0.252451023799471,-0.152316769186651,0.109588396144349,0.224505357756122,0.0990360671939993,-0.400013733853066,-0.383520805937144,-0.280838690439695,-0.0441519430346003,0.212620770709901,-0.258036679142044,-0.0702152135060521,0.257938177964252,-0.0775320545111838,0.310450070955727,0.252968945327116,1,0.0758148868093149,-0.182249699844699,-0.410351625986029,-0.306331774842195,-0.23359430987365,0.141991552581529,-0.172746741866039,0.205487203311851,-0.264925497331726,-0.0675465732642947,0.279860291679737,0.0168367324647417,0.0322151425003623,-0.0412644395461864,-0.296732119678632,0.316087951276381,-0.461991600414063,-0.0642798588265897,-0.259553209253326,-0.403733718989868,-0.196864687889152,-0.20986316180387,0.331977594188957,0.0609814284114749,0.294430402476883,-0.01544200582774,-0.11131565499423,-0.3161101226561,0.0567926354786988,0.282743469469069,0.307303198438129,0.0260602405647766,-0.0247322896712332,0.0659659086760024,-0.298683811882148,-0.14685396637886,0.111940762257765,0.15213554932833,0.126655816208645,0.0785621608246281,-0.233631961970128,0.0333086765933001,0.00116856283987049,0.0239643742881194,0.424632831264045,-0.00102683325901572,0.431881320495343,0.156616553657682,-0.262833102655815,-0.436221465853593,0.327442126775379,-0.0863267869220517,-0.28086788321851,0.374562653643232,0.250757422319487,0.103289060537028,-0.00937502682426848,0.304111513806806,-0.215239008376558,-0.113289546843562,-0.345776609759741,-0.113287820521454,-0.0102721322995909,-0.029723164180626,0.423332451514204,0.262138948790014,0.492244885276244,0.406462564993957,-0.0416859160897224,0.0935651730936413,-0.221326449193354,0.0551374738544567,-0.0550468290245336,-0.321256263072965,-0.199332544107601,0.0461435146632312,0.0307404949643605,-0.229208220185851,-0.302043569435511,-0.181496114933728,0.0564678293012554,0.284752833365489,0.270447372923888,0.254479794680041,-0.271043585726975,0.154039278933623
"继外祖母-继外孙子",-0.168429447112563,0.0589458628676427,-0.262521083198716,-0.213118267701412,-0.406872528321306,-0.246373143880029,0.120822897856532,0.314556108135997,-0.124823027509354,0.150516957484745,-0.0485302498329346,0.184102165119843,-0.21729660592402,0.142729186822473,-0.298870178945937,-0.26872187153196,-0.307073371530239,-0.144312693100544,0.430489660575989,0.0285182080167118,0.157496797614251,0.0786738698821048,-0.159209815998593,-0.144260950303813,0.284449082046302,-0.00902192015580982,0.000335868505040567,-0.165053419523203,-0.170952134833741,-0.258538418388213,-0.0767539030655985,-0.0319616928027092,0.161367073734933,-0.00528162357539824,0.493883315953568,0.047280136078127,0.0812279647250421,-0.335705444819062,-0.257888797843651,-0.0754301183241681,-0.155983733323681,-0.323846204542944,-0.367123765335768,-0.175451112888558,-0.137426079345798,0.0100787189288256,0.198349749018286,0.376861090792575,0.357430419169372,-0.191841143723809,0.260369302041446,0.124510955778725,-0.114301039598883,-0.188243551508948,-0.108114093349493,-0.0546033688863476,0.0758148868093149,1,0.331573645424533,0.258985459959454,0.264920528628759,0.120767862238026,-0.176490837083329,-0.0408283761133388,0.349668456252339,-0.1344094912471,-0.236395889132884,-0.165745814691895,-0.0083997759013713,-0.350452303210557,-0.0957839782210278,0.407719397043701,0.13773474949972,0.228797061100411,0.024680521679429,0.251958657227042,0.238218458167788,-0.157887340874993,0.122490948832426,-0.33326699359688,0.0831129555118962,-0.2751283867738,0.23873196887667,0.314907085397669,0.181676895827787,-0.108906427941266,-0.108642841206856,0.0902507242939862,-0.00766684479309118,0.290212313025566,0.0444838609524825,0.116042990434262,0.140294581459723,0.391095416109695,-0.18168232363794,0.0792867310919006,-0.158826023375316,0.268356085636757,0.0959310361965349,-0.109165714351835,-0.328872798634934,-0.0529208501477147,-0.227719819637329,-0.167122438728818,-0.259238078072728,0.191038774494511,0.236995713131181,-0.275026962614013,0.0608501155044316,0.161537223039831,0.292759880914495,-0.0039305349128184,-0.409556007401387,-0.161088907911622,-0.480946677200434,-0.0815240770042467,-0.223092201862086,0.194845062576491,-0.106953339116825,0.00633810165740066,-0.0891820456693248,0.0552773802786097,-0.193321429055487,0.303465811102179,-0.0147036352516701,-0.166785627807394,0.152912219604506,-0.347193474124688,-0.354488591389662,0.226731444403544,0.284120120465631,0.251237407119579,-0.330858446969464,-0.331364717121523,-0.129819295018958,0.0966118663764415,0.246989316394513,-0.0654397089167589,0.0570735132834233,-0.173788655493731,-0.097739660258551,0.112591547508945,-0.149395421134672
"继兄-继弟",0.0616894741347251,0.291975374745097,-0.271461120957484,-0.150566651617231,-0.394401797366184,-0.512065702942475,0.0570054217862034,-0.105572213882832,-0.349832082481664,0.271054815371178,-0.358182857572294,0.31329283584844,-0.500339129746471,0.0626060573305408,-0.490485211082428,-0.381989166965179,-0.28199589851835,0.134772624472239,0.496926543228809,-0.140440184848451,0.704885654086942,0.637700047862709,0.263391600556577,-0.0495415843653864,0.234959420044606,0.2092494487962,0.174387783440227,-0.360768456629963,0.0893172390694214,-0.371888515585986,-0.192667080258216,-0.129645702359967,-0.226203243796152,-0.155549056738108,0.58630028632102,-0.116618561657604,-0.167633269450864,-0.194687953909667,-0.106155937011826,-0.191549292824506,0.0709237466073116,-0.212370223812786,-0.403645088990062,-0.129775444498684,-0.0249747309901632,-0.0221052882187923,0.221049629063511,0.111089751651443,0.597257264294997,-0.175660875391877,0.0620945498990509,0.0309882942107611,-0.200976463384221,-0.121953116105018,-0.0158464506204708,-0.0989672412686402,-0.182249699844699,0.331573645424533,1,0.191720468285203,0.0498439165849985,-0.0715484092473767,-0.384077877908439,-0.149054302017553,-0.177998333937434,-0.0166973842842476,0.00435400319010728,-0.415296322565091,0.0367810129361493,-0.252942039256081,0.0444821616275666,0.179466649323071,-0.151993780423689,0.162422921041774,0.115923157629652,-0.044680560757851,0.291447007920898,-0.085591654716215,0.168939818012009,-0.585300048588875,-0.296829286500268,-0.400067295098048,0.448419801738084,0.559613801595522,0.019667958490223,0.19304096838885,-0.433814198394285,-0.188616046364459,-0.149372426724625,0.406775008572756,0.126518402487781,0.467330993509332,0.275049842589119,0.194665573093146,-0.228275250236639,0.233580734861969,-0.0577707380740539,0.746814723998251,0.104082107810258,0.216432544100367,-0.485037978278508,-0.209290799822613,-0.099095407601427,-0.508977293557483,-0.439822293536471,0.0842589826298329,0.235779934840966,-0.23433288522107,-0.212437646049306,0.0625707760965109,-0.173614726976252,-0.179471573768477,-0.437727078772325,-0.103358958574638,-0.305076901166543,0.00106835866645085,-0.336902904075454,0.107125621211442,-0.0556748750805794,-0.21753643756819,0.132672659816736,-0.22605975356268,-0.322606738681005,0.00842226102548751,-0.156409514103411,0.0205045730002933,0.251839468271788,-0.413693223307397,-0.436916627596445,0.614777066517382,0.125690500771765,0.051816123386148,-0.19254868868948,-0.139306964433716,0.510570780401565,0.408824817150198,0.480186817070488,-0.0905412340620694,0.0335780732101087,0.0415580705366662,-0.196859362213375,-0.0936250685757962,-0.191621301880726
"继兄-继妹",-0.124836616727583,0.0133968251192079,-0.261170527731623,-0.212570384185495,-0.389849408495044,-0.281434710376398,-0.269093638656643,-0.038438745003068,-0.418451491930822,-0.114274604730182,-0.334049626557075,-0.0447117454465851,-0.330396405940091,0.0475632885961012,-0.336229242794874,-0.463436862765476,-0.342431472133156,-0.215486195990958,-0.0211013913984556,0.543666510576413,-0.13285549286954,0.144216978910014,-0.132056271362911,-0.297818493101911,-0.190571924244804,0.294794413820851,0.0434585284539698,-0.225710941964904,-0.297817156001699,-0.358609643038905,-0.0221298022327055,0.138629584297257,-0.334392818897001,-0.128660263889544,0.244109555703354,0.162055999383403,0.122897004525221,-0.201069937066963,-0.252053195651248,0.115650643384842,-0.212675427893253,-0.240526120323939,-0.413626696394032,-0.467702838839182,0.0356202718095273,0.304637599626958,0.256364946424696,0.7678457962429,0.0455954183190053,-0.165235672149518,0.811136627890786,-0.253280647542403,-0.31318217007508,0.073510859692299,-0.320423386068269,-0.167945242218357,-0.410351625986029,0.258985459959454,0.191720468285203,1,0.809736829492612,0.81407761493408,-0.263658815608917,0.0693037580077328,0.0118164962505784,-0.113107341829779,-0.353619794730836,-0.350514774088377,-0.00492867701735668,-0.378874285199618,0.133429509913625,0.423689009152819,-0.132187670655854,0.868592991519692,-0.0349122415320259,0.83547892204556,0.838128673014953,0.0761001213238615,0.0605744110783369,-0.321884717045579,-0.00163784034028997,-0.316206314744914,-0.177446664284933,0.345938188064418,0.820668847306785,-0.151833828060605,-0.237108760455582,-0.00882619407275482,0.0952178269426559,-0.175950136493528,-0.342529467469356,0.208939022069942,-0.11231259323265,-0.0928378659933588,-0.0298011686235632,-0.326002186339757,-0.231884133948308,0.230541774751016,-0.241333222181582,-0.0973453551907623,-0.159761924035567,-0.339460233407831,-0.109577403981817,-0.412244945891528,-0.259445925668625,0.850163561102946,0.869478840974728,-0.390097087671343,0.656825497744021,0.791744559081641,-0.178162353539585,-0.386430825072463,-0.350663800271678,-0.208943565307943,-0.39921892821823,-0.0328369945770211,-0.0254534820807987,0.779063485774773,-0.171000594638104,0.492890909225486,0.157326808717627,-0.277063273196204,-0.355343874004613,-0.188717245559003,-0.489418495258323,-0.207506174508831,-0.193684743529764,-0.00012419986501488,-0.0743947926176196,-0.0576875555318444,0.835985368828034,0.73147235006097,-0.423706682370566,-0.408453355448699,-0.122649736440602,0.141071324513415,0.37827809368714,-0.288093324481163,-0.300362270689179,-0.256559429615149,-0.128132592931294,0.749436527945662,-0.356587999198246
"继姐-继弟",-0.155752584380789,-0.0329956235327379,-0.379321602886243,-0.179205161491254,-0.407167378483682,-0.132503484246412,-0.297949752811297,0.0182726501299825,-0.290937029543212,-0.18514420690386,-0.161214179658849,0.0066955162853218,-0.229359981560744,0.0895462961955896,-0.234977706131706,-0.341305733574211,-0.271197830070538,-0.388278460654651,-0.044820482573982,0.605828378201437,-0.216289178017526,-0.0108474895600232,-0.279581151549374,-0.324582695384324,-0.180831824690662,-0.00807491945970803,-0.0710530648721945,-0.279069365165858,-0.366682291029435,-0.337678213604388,0.0255562000235023,0.105614887130601,-0.167655173587458,-0.134376458215934,0.202297092307508,0.229683199965527,0.128392804586339,-0.190126389112565,-0.282150041156739,0.151114865345003,-0.193137755113634,-0.162247540661863,-0.399008234601792,-0.394255599225789,-0.0566852326037345,0.246933485240926,0.19258148323781,0.815067566497448,-0.0340860776247977,-0.106142160049192,0.73674537226579,-0.195564327209754,-0.315245059757719,-0.0482037895165846,-0.382348423406529,-0.172935192339881,-0.306331774842195,0.264920528628759,0.0498439165849985,0.809736829492612,1,0.817187063871351,-0.105803389376704,0.116154979311767,0.0696882733839171,-0.220821951459425,-0.380779713876906,-0.141159707645225,-0.0469895914502618,-0.373371628505971,0.0215550384089957,0.439491802848853,0.143462277439752,0.81647572937875,-0.145334496221027,0.804103885000773,0.755293874929435,0.00945420550685734,0.0159893481764591,-0.1971730695428,0.0859907322029971,-0.253516475916777,-0.141801195753033,0.379102516416824,0.790717926234379,-0.341062525843395,-0.102126857259585,-0.0392991223909206,0.169075761515356,-0.162476354591245,-0.201990923846685,-0.0193191579585067,-0.222834681257116,-0.156782932893758,-0.158079487741723,-0.29306649725789,-0.152581749093064,0.120934570250708,-0.207563419319238,-0.134749042266897,-0.123687432234927,-0.146618312503001,-0.185157764580843,-0.241075112340113,-0.182876071684352,0.707483056180209,0.762996469512915,-0.42227373547695,0.733879855847479,0.814650694809923,-0.122440015722606,-0.396493945416229,-0.325186794595913,-0.09148653072022,-0.368765426339387,-0.143035142157058,0.0243425846966999,0.739248424393653,-0.215273610664728,0.569927009586193,0.0381593052773594,-0.048064100594109,-0.365147528113733,-0.0501513937141572,-0.406027861254627,-0.0578100643726976,-0.259498677499993,-0.0607437293364212,0.02137745808179,-0.175475577060095,0.848182382904977,0.804720163527962,-0.403286790518598,-0.370620347497492,-0.215859626243323,-0.031920514089984,0.193222456939133,-0.374810589820642,-0.162164578491018,-0.234254505889911,-0.0527960307648547,0.788803457325642,-0.27858806521125
"继姐-继妹",-0.172553402516737,0.0129148656970531,-0.350354329813702,-0.221819827665057,-0.284552212350192,-0.03662056043472,-0.31940772595353,-0.108327249044658,-0.360656463238946,-0.316445597956673,-0.105156793002622,-0.117557063288194,-0.251849353844444,0.0535392662128017,-0.165142392503127,-0.372708710641829,-0.176244287115896,-0.280819061638089,-0.171955639504633,0.725415298800154,-0.246335059127335,-0.128724909133329,-0.237581155533408,-0.296887427674336,-0.149756314029009,-0.000571260622463134,-0.22017037840069,-0.313189648659144,-0.350590169533705,-0.218980198120501,-0.0287943067143286,0.232007233092263,-0.185560384158367,-0.0706112777797289,0.0514636026130387,0.146423737805263,0.076723407028463,0.0198441286559834,-0.172712441498071,0.0334583607609659,-0.111025197752061,-0.187218158101721,-0.37629887545815,-0.348234805086561,0.111505073835799,0.166005761495343,0.146437511023097,0.701816599340785,-0.104310686424157,0.00851944052546385,0.731236546252141,-0.30759754851167,-0.204521326165473,0.0695037099610054,-0.259604088310471,-0.116325916627832,-0.23359430987365,0.120767862238026,-0.0715484092473767,0.81407761493408,0.817187063871351,1,-0.195604532000045,-0.0213520906034669,-0.0123535203797041,-0.286190521426774,-0.464959232533223,-0.20638591705533,0.0310773868870739,-0.220111306119395,0.163444301626792,0.224331052390478,0.0763391186353187,0.72691090129508,-0.27530399932265,0.811010408839455,0.700202047789323,-0.0819279958552656,-0.142578858333326,-0.101524435028742,0.0538702699117703,-0.158973262727505,-0.190524200019396,0.194003866422499,0.769307377594072,-0.279266146350889,-0.105032425091076,-0.0228715682377897,0.142364466064932,-0.202064953607655,-0.254107883801157,-0.0446080716978214,-0.253178314577003,-0.170718675083475,0.0514215554625101,-0.260637918334645,-0.0913600037300789,0.0198478287765869,-0.256602682191146,-0.194402401107014,-0.0737621857299735,-0.0853810405540471,-0.0430218232616932,-0.307405923719128,-0.232176151851272,0.760293074098333,0.747692768062662,-0.310642093090242,0.857600432391612,0.825081929870174,-0.127819247244385,-0.407676348565612,-0.180946458214616,-0.159113647493359,-0.202961594825038,-0.0996643928259421,0.076738855355116,0.79385649808105,-0.238093550775924,0.732774671764789,0.162615000515128,-0.007516523148296,-0.302254775434775,-0.0966507271572415,-0.365042996476744,-0.061191431287413,-0.257214999073245,0.112775277425486,0.240344412232656,-0.228979250288204,0.772057359328976,0.818546174707729,-0.363823276445353,-0.358057631880669,-0.259882051752009,-0.115389230119702,0.123013181263849,-0.344932766228183,-0.189283998284651,-0.157728769628907,0.0428040582863187,0.880300180763711,-0.322238605868435
"继祖父-继孙女",0.18915842608943,-0.0697047861102436,0.293116738546141,0.352455152258395,0.219126874179806,0.462745315076797,0.0162657292779996,0.100282376626271,0.360055705595187,-0.0942783996941721,0.414101715798134,-0.0537976771582901,0.521261656850649,0.151547056947278,0.430537675721606,0.513986218163818,0.165922340788404,-0.237098630952271,-0.17323355764579,-0.142989205458153,-0.345312352780217,-0.181800274092445,-0.0509342385721335,-0.121796187283342,-0.208451647194526,-0.173166901217529,0.0392833233202389,0.418492449230672,-0.188613375309613,0.106232128544466,0.438382882209449,-0.143867891381361,0.303948602219329,-0.190330649519192,-0.356702625991558,0.15200491883058,0.215437485926531,0.0198453533468144,-0.114967080375244,0.304586585042391,-0.107229353471696,0.145600776341757,0.30912405441239,0.00794034656058436,-0.264182230843922,-0.00837629457434514,0.0417736661164113,-0.232412567282486,-0.335505144166062,-0.0229453333238355,-0.277915573990219,0.0287420576550616,-0.291419109863957,-0.2773332859168,-0.233456687163136,-0.194652933181947,0.141991552581529,-0.176490837083329,-0.384077877908439,-0.263658815608917,-0.105803389376704,-0.195604532000045,1,0.631287095252607,0.32348876206557,0.123684100951295,0.269668898560935,0.61067573783233,-0.0694041664708233,0.207229486062259,-0.326261659925163,-0.0299920462580135,0.225677324303939,-0.30712947582716,0.109702154346389,-0.227250572094193,-0.358742303227655,0.227711853500843,0.149775861754636,0.460961725252203,0.244883623081152,0.174990797935995,-0.345935681723894,-0.202755343724505,-0.196118832596668,-0.351277455213305,0.352297883708912,0.0747608721979275,0.350595914662952,-0.286639216825327,-0.0533651775566463,-0.133935181532203,-0.36613241245428,-0.239741210863404,-0.277772277131553,-0.366896799956008,0.26303784706818,-0.208910578034913,0.0740955654707721,0.159955467051239,0.426536655525726,0.236504911263351,-0.333250182384643,0.583350780316427,0.494375232960816,-0.283625959042666,-0.313097903481659,-0.0983815087898091,-0.101559052697172,-0.216841264252908,0.242311606717914,0.0527908394795759,0.344352239538578,0.104131219184992,0.0540185076729071,-0.00150301854535005,0.156044052162008,-0.361316969814806,0.109055979237039,-0.106591705462926,-0.359453610738145,0.129285731149343,0.211764030659907,0.0948122010994951,-0.00751849951240228,0.25881797417303,-0.0997982530556862,0.128006724036897,0.178451945470125,-0.338102987041735,-0.280431230498874,-0.201258300927095,-0.062752552136248,0.246390067064678,-0.15581671457129,-0.0583796700509033,-0.065941647805908,0.0828393578623224,-0.0302462819092152,-0.317488023489919,0.0537774153609277,-0.20087872419698,0.282369916921919
"继祖父-继孙子",0.30675013337715,0.00844413215885795,0.270679084157657,0.288245082276999,0.0412294094489588,0.222111060712397,-0.151601096728716,0.205514931725383,0.16636714579111,-0.0064154905125036,0.0221358696801976,0.0159064641666188,0.302915038940998,0.247920118451751,0.200834891474363,0.199426452060385,-0.130014999804261,-0.285034455755247,-0.134946632328652,-0.177316768525574,-0.243269960416306,0.105048505825738,-0.038389953251474,-0.233007070804798,-0.44540226544484,0.100259179311888,0.276970616975715,0.374129991892112,-0.332223128477739,-0.0590361524246544,0.454664263573129,-0.204371096494926,0.0303641001952074,-0.110316729391411,-0.172118643895626,0.0866046624218043,0.35466672643557,-0.0693937419760499,-0.148909252360009,0.442891388320744,-0.252557079746151,0.0996821795044774,0.0931355718744768,-0.201586333050567,-0.377610832817853,0.143638742482483,0.361016462337664,0.0100073197690066,-0.178711818846102,-0.205099911955957,-0.0799701948176483,0.0633512668299635,-0.384912989836171,-0.240814518617436,-0.458474208247771,-0.208047858388614,-0.172746741866039,-0.0408283761133388,-0.149054302017553,0.0693037580077328,0.116154979311767,-0.0213520906034669,0.631287095252607,1,0.245904185086566,0.284433274558998,0.221648088277385,0.340115809492301,-0.264568901855014,-0.0988098223464564,-0.34136176308779,0.298566633917322,-0.0162109744184215,0.0287120630495732,0.269137016633557,0.00988854326489404,-0.0532360476838104,0.41097480778182,0.311343121614637,0.16762553179443,0.201780703234575,-0.0628640862390743,-0.43123942021825,-0.0584935922822144,0.0234293805654568,-0.317146149620658,0.10387132467339,-0.000251509124899731,0.31642853829348,-0.396297041949255,-0.181060036970293,0.101222800574097,-0.229638509252465,-0.241284226099802,-0.330977809400281,-0.442438261770054,0.180392805666378,0.0102565886670946,0.209834673886334,0.0835391703047483,0.290413487559978,-0.0973506519935027,-0.40020172772216,0.318032085377406,0.352557092542873,-0.0122140421701724,-0.0367937248416559,-0.30299105318319,-0.0178882430436566,0.010136905521064,0.226763994522202,-0.00803106581427397,0.184324873456717,0.0785895495906799,-0.229703085616965,0.160304652352384,0.0580051703987192,-0.149947338192725,0.191410667547898,-0.166871623285359,-0.357838843527483,-0.10940987570506,0.133651702571082,-0.0809805849000475,-0.16678370812664,0.13597863130806,-0.119365231288215,0.0984701440108943,-0.0177535980873177,-0.24163230934837,0.0302844032671997,-0.0407300218195538,-0.185085055833101,0.0991280577603007,-0.0878221102475808,0.317028851146521,0.275528721228006,0.093172795958326,-0.249493562729687,-0.498725337473783,-0.176079928296809,-0.0289905538815683,0.1973850171836
"继祖母-继孙女",-0.147575888949093,-0.11350048011628,0.032678403193172,0.103112525507672,-0.142702417679781,0.0720729813378623,0.211073445477858,0.389712573481536,0.162210519573434,0.0625217469022092,0.34389930881967,-0.0985491808149434,0.225977693287745,0.24959964255076,0.137627128603517,0.204377357903493,-0.109989011822287,-0.266897376731164,0.125004496685678,0.0692272536141156,-0.215709487058882,-0.314641082809755,-0.202048193349889,-0.0790131146064682,0.161088067192454,-0.0594469447136205,-0.0326114126924236,0.144924321969225,-0.361476460479088,-0.105852703100049,0.233840953376819,0.0305807464555324,0.472396154415325,0.0330474236067706,0.0569562799788817,0.347419277298922,0.356180525961924,-0.0359083831237086,-0.143785821687024,0.0728936418116305,-0.304063509393756,-0.219267921485465,0.0010616913128613,-0.114305890324064,-0.284506034247928,-0.0675185465808185,0.0143199367403191,0.124706336617463,-0.201731553880597,0.0277874439603554,0.0132047185375642,0.0201745082835824,-0.0930437634958508,-0.238573893281863,-0.142371523629947,0.0403616676542472,0.205487203311851,0.349668456252339,-0.177998333937434,0.0118164962505784,0.0696882733839171,-0.0123535203797041,0.32348876206557,0.245904185086566,1,-0.141841368722075,-0.0916637985102181,0.213491810729591,-0.042168248105657,-0.225517759434544,-0.322779624309679,0.238582518219676,0.210608387192157,-0.040946608080267,0.0907798918527266,0.099007502233876,-0.0691108690597206,-0.0565927549717361,0.0310368809932698,0.162466247670618,0.352074029387026,-0.0693216725331719,-0.154333053404653,0.0499364836801312,-0.011007699105106,-0.181330159829519,0.266104707487289,0.232676081838582,0.176545552372887,-0.0707203034266446,-0.122593099760735,-0.0391563974173681,-0.0790789867754149,0.2016679783317,-0.186745531797191,-0.176382151269574,-0.0409300792288101,-0.0909470324763671,0.151871379330832,0.0530582069493049,0.0982713358843809,0.146602706444658,-0.330428701708732,0.297936813882566,0.185845950229139,0.0627164431778018,-0.034661854739834,-0.234734238735781,0.0911507172005106,-0.00365440106573904,0.405592411003768,0.19516975065435,-0.175059981764788,-0.102328355131759,-0.207647263665462,-0.281329805750783,-0.0822283106433158,-0.130415843001597,-0.135366813540395,0.0119349645591597,-0.339032293511096,0.253794185733079,0.169001748652152,0.336803273814948,0.136494857518382,-0.107994627159975,0.0182932612784125,-0.114130042522608,-0.0970307337044742,-0.0218245113228685,-0.0146102853532156,0.0412626642733014,-0.298360126321184,-0.222624177493176,-0.340702955136454,-0.190749352240449,0.0348680665874503,0.128975402736842,0.0870297382969888,-0.233199649176867,0.0790779683368446,-0.0185588912153633,0.10261251876509
"继祖母-继孙子",0.233743323184496,0.059521701211406,0.433928517283117,0.2302849982937,0.146680523025139,0.0393480732524837,-0.110013183098973,0.0799111519329174,0.132784623832266,0.299490256617264,-0.238412864145494,-0.0138316950249731,0.146053748435658,-0.0644366392298193,0.0428790337307392,0.123693275814668,-0.109053378153781,0.12936831044114,-0.0100761467398066,-0.352068631931245,0.0915688639710661,0.4030299710833,0.247243636246549,-0.0208425755432031,-0.301233726629174,0.271608923788362,0.568278801541131,0.342508695846889,0.151491545576662,0.0128927092813935,0.171534869550682,-0.146406394299638,-0.258039195393584,-0.0569118334515959,-0.147099933329201,-0.0171749643213752,0.00762787145300887,0.0168315834357471,0.213559114639906,0.204782591495724,-0.172088288999124,0.214257964476023,0.312367526843651,0.148900384373463,-0.224869851650313,0.118632822950489,0.210524439141085,-0.281912312114037,-0.0578023119217313,-0.341050670097682,-0.21565826662975,0.22629583530284,-0.0653615594610627,-0.065419699254245,-0.13243416941979,-0.112258684596679,-0.264925497331726,-0.1344094912471,-0.0166973842842476,-0.113107341829779,-0.220821951459425,-0.286190521426774,0.123684100951295,0.284433274558998,-0.141841368722075,1,0.380672156627445,0.053166632245967,-0.229313190301036,0.0361352986115423,-0.16170456406014,0.0560704311762046,-0.306236496095313,-0.168423310884567,0.247594669019238,-0.214330396014271,-0.156546550749306,0.350500625634778,0.240876696765721,-0.01807636385299,-0.0369558761088832,-0.148167045630922,-0.042392734849665,-0.216370012791793,-0.184113969842486,-0.031675917170467,-0.189216607763672,-0.23003552449508,-0.195881952279911,-0.101037622563319,-0.0113204451978736,0.183790592357518,0.110289093798127,-0.183668767847089,-0.124870179692048,-0.109057074067844,-0.0189917614499659,0.0512633623749713,0.143215620478891,0.184302340938152,0.0905217292657443,-0.363843872277075,-0.0394985080706972,0.164765951799607,0.253125726309892,-0.226932258707988,-0.170084745371934,0.0138912496169769,-0.377584427426083,-0.262123506358075,-0.0963374735111,0.216011213655554,0.0635575802223771,0.0856654884675338,-0.140848657734682,0.266716440621767,-0.0261745954579104,-0.221812882267251,0.272716637342478,-0.396435720939231,-0.178894367919061,-0.26689332637699,0.207305460401816,-0.284105867795599,-0.0135299708017548,0.0430220172004947,0.00935393583441111,0.130191981605064,-0.142595429636679,0.0374524756997794,-0.15434652595911,-0.277971995455055,0.158150085182923,0.124491333010191,0.3340217174721,0.340126515687009,0.0347394777243616,0.353272725809974,-0.213111764970542,-0.238040022248419,-0.394914022159888,-0.294704011321168,0.171039927298343
"舅表兄-舅表弟",0.458086145831617,0.210356344100033,0.500935478162137,0.410466138759161,0.142130466439856,0.0574344722427557,0.122452345917964,-0.0496944013885141,0.240818090061756,0.251500583913117,0.0551484593432416,0.0796302649233026,0.1901933535114,0.00362742182363019,0.0742347480067693,0.451499960399533,-0.0950392832691817,-0.0773133570859737,0.00543050682769073,-0.455437440998407,0.0645526545229986,0.254210615980629,0.241354811921308,-0.143608276914178,-0.126609960413368,0.133974837217257,0.347193717921275,0.261841824432183,0.118013404883474,-0.0831904147703246,0.268571741642033,-0.304306131848925,-0.0962687854069984,-0.282107820321064,-0.153291275165529,-0.0897750109559262,0.0927908571439585,0.0134304048202143,0.202209088617675,0.0160068268775974,-0.00852638451385874,0.126133525889901,0.416930448738211,0.346653183311513,-0.164582301359807,-0.0278297994756779,0.156186656899802,-0.439127532041166,0.107334856824051,-0.205552137094858,-0.46645653799887,-0.0560242957935439,-0.18328321246018,-0.144970316360471,-0.0953167914305717,-0.215100437040045,-0.0675465732642947,-0.236395889132884,0.00435400319010728,-0.353619794730836,-0.380779713876906,-0.464959232533223,0.269668898560935,0.221648088277385,-0.0916637985102181,0.380672156627445,1,0.40720563610106,-0.147533318873115,0.127362771729187,-0.136872897453186,-0.0988481873619539,-0.0283415908012329,-0.341929202194019,0.406156919087124,-0.484238230309457,-0.336811079822216,0.330078477138511,0.33063990776719,0.135107277984979,-0.0170545955815574,-0.106995507348295,-0.000423705354832648,-0.214183599802641,-0.382475849869957,0.00488666210934808,-0.171617983129138,-0.288076188438208,-0.0786574445706883,-0.0710621010648616,0.0332175178757652,0.147852512027302,-0.157658835970816,-0.136938505253651,-0.22093747612652,0.0955028404725044,0.211079726638449,-0.0044656879928,0.228675437393973,0.262656825829977,0.01041488665629,-0.113236138850253,-0.0820603320605095,0.359034853608821,0.314179241805125,-0.401701178646645,-0.340616896506171,0.0254589001241495,-0.463782867773628,-0.434267680471795,-0.000855912677725935,0.232411034861522,0.102973995899737,0.0699009274154656,0.0214592488015095,0.321999571404669,-0.0761350831727092,-0.403920168962852,0.303910744733006,-0.456190518457079,-0.108759834491253,-0.0741771765844662,0.256239029752981,-0.192809412197324,0.161466905192574,0.335545330130613,0.104771797037731,-0.0238577558995755,-0.186685855155398,-0.0412132893979458,-0.367436056674344,-0.423551811716356,0.215175702080399,0.58091276436109,0.305744640480693,0.311004089369866,0.141808855308444,0.273676070382451,-0.0695684125895177,-0.130904407397849,-0.293306083841685,-0.483458432879785,0.356043205414765
"舅表兄-舅表妹",0.239682680409257,0.034281953665814,0.402564334453836,0.502814128384034,0.223579554085879,0.545099520568933,0.013066045590978,-0.0192607880787082,0.330900674767298,-0.0672711141721999,0.42269612034949,-0.18116069377699,0.486408556715321,0.0640014311824983,0.474157700051387,0.662601120766654,0.230085061884383,-0.31680023734663,-0.131779817085875,-0.088665510856841,-0.382945451919437,-0.281685432487116,-0.0210291859414037,-0.181953432610974,-0.127658015859599,-0.221652288863706,0.0375474118530893,0.342863267443667,-0.166588897022385,0.0275480937099379,0.244612755873616,-0.195047194542336,0.328385738290236,-0.20527522792031,-0.301818706709673,0.0984489709841586,0.122082869968586,0.204827931903409,0.0953657752384258,0.0871483300539284,0.105356860117507,0.117405179092152,0.382242224642577,0.203746086808371,-0.260514234399884,-0.0466541727655643,-0.044951285109445,-0.319650486748856,-0.256189681999384,0.00697200582890951,-0.320215637549451,-0.171302160065674,-0.16425880388946,-0.245324732967017,-0.181112837942184,-0.157387314944131,0.279860291679737,-0.165745814691895,-0.415296322565091,-0.350514774088377,-0.141159707645225,-0.20638591705533,0.61067573783233,0.340115809492301,0.213491810729591,0.053166632245967,0.40720563610106,1,-0.0795905742932968,0.215217454315768,-0.293674100011661,-0.187338582013064,0.377653995039958,-0.338974161105701,0.188846054379765,-0.263899800608221,-0.391678008548546,0.253980804006073,0.0998036784262112,0.556247822877983,0.234462491820332,0.100952216291557,-0.237819265588326,-0.279398329615406,-0.222069795775928,-0.365993886369044,0.273651834263131,0.0490135752049585,0.178486515511089,-0.276549767049437,0.0162181356183166,-0.264522401320723,-0.449641911783911,-0.295918270904259,-0.209720494100711,-0.149445953749068,0.246823963241358,-0.352127509019549,0.0986483641656734,0.225536658050235,0.345395550427929,0.254002635450858,-0.283603058259841,0.690077707095298,0.572284741110215,-0.315677750551881,-0.386211888899966,-0.0147764065782235,-0.096892520063036,-0.280139629372556,0.233126677253742,0.0907192324352228,0.312465208614389,0.130105975759785,0.174304613643307,0.0746281214741871,0.196890205045774,-0.289555460867804,0.0269088334196485,-0.014142144537584,-0.269996153454795,0.300906499929861,0.262793919701822,0.152914704584597,0.104000567362954,0.358335587100982,-0.141503996239898,0.0487948871957054,0.148799610031728,-0.291595034231248,-0.279403917569131,-0.156032906813787,0.0586557720980034,0.301337596154696,-0.171216699799897,-0.168779805408725,-0.120117238953122,0.0292360903997293,0.0787230026253684,-0.108759223652493,0.00270686947013166,-0.273038962117766,0.295606526826827
"舅表姐-舅表弟",-0.24805519275689,-0.074631820882686,-0.0971954136952387,0.00600332114222652,0.131847120145093,-0.0927297032263737,-0.0909818059129211,-0.25650425226804,-0.278092395151999,-0.161283914791527,0.0515594902638456,-0.193885866787956,0.0159564218284168,-0.152155583844972,0.0419128674427747,-0.108543653293889,0.509082253666472,0.165128169415632,-0.00553898162211526,0.141124324711087,-0.0279857198240965,-0.0450807738528086,0.15768074904888,0.0453882331666086,0.210713529921748,0.109268636908687,-0.137490722451184,-0.12954181579151,0.415923855345069,0.153757958732854,-0.142734563942757,0.451390335787432,0.0825432799266104,-0.0029169632921998,-0.0127906093372264,0.0640256182116014,-0.197057472252071,0.151880921279985,-0.0230001295751683,0.0183761276331202,0.497889899084388,-0.17343548229495,-0.116683743385519,-0.290887157581754,0.119007178674694,0.116913204742423,-0.257817458025357,-0.0496523892911901,0.0811895180035333,0.50392782202641,0.129591721620437,-0.26997727095848,0.0462395252629749,0.215413854271108,0.17927361072446,0.18135440911781,0.0168367324647417,-0.0083997759013713,0.0367810129361493,-0.00492867701735668,-0.0469895914502618,0.0310773868870739,-0.0694041664708233,-0.264568901855014,-0.042168248105657,-0.229313190301036,-0.147533318873115,-0.0795905742932968,1,0.465101021482041,0.0881267347726735,-0.278885207181091,-0.0433764071822447,-0.0140346837463183,-0.208678155411972,-0.0491232725605902,-0.050440421369671,-0.0376222720436113,-0.311370863458249,0.113849924472154,0.0274791838832533,0.174102281544504,-0.0468205478310582,-0.0424239760506882,0.0548705743853424,0.148589498671033,0.168767570837628,0.230020697045124,0.026844951068061,0.0881125006536191,-0.08887304610132,-0.0905065184868284,0.0646046695806084,0.102935386914564,0.157856703927108,-0.047253852950338,-0.153767844986193,-0.0983537335734078,-0.377803992197836,0.0510715576228393,0.254043327080497,0.141284067493715,0.0943798838654175,-0.156167804511064,-0.0667197839485337,-0.00979143978126231,-0.043192563554554,0.147911646743017,0.0612152186378945,0.0097416394922188,-0.158099376306115,-0.336859457197404,0.227835342554383,-0.218450058601995,0.166007241173383,0.0457224135193232,0.177342065962921,0.128169100511136,-0.232762574093031,0.201994556968743,0.124233184354306,-0.0670951708763955,-0.381843713938106,0.0910909869062763,-0.300288754837601,-0.0652087759862315,-0.123914767382696,0.126716994241978,0.150800088351433,-0.0570325554073811,-0.0317217880920312,0.00217975415485481,0.216025918890606,-0.23095150029022,0.0385814745670885,-0.273883818396765,-0.100665259898537,-0.36505009502193,-0.00480615285058817,0.253152956561628,0.291605326866971,-0.00747848360822495,-0.196946082622385
"舅表姐-舅表妹",-0.0395759181854272,-0.0631530930705203,0.201770797543584,0.168252046828637,0.526823111726207,0.314026141845978,-0.210623387697255,-0.358178121887359,0.0309702023535627,-0.290338106012669,-0.0033908524138271,-0.24361506622644,0.201020418713365,-0.179775170458978,0.254862423986354,0.216045265827874,0.634273310120528,0.270688333411252,-0.175809361631734,-0.104838100372026,-0.151398127509891,-0.148349209482007,0.0311102398688763,0.135626004444822,-0.0374276422928817,-0.0704775525312185,-0.0919041401669295,0.0987182787990064,0.478916183490972,0.422159677925919,0.0191423907881757,0.358479098256679,0.0689423511695731,0.026687619007724,-0.377913289752465,-0.124500273048965,-0.202037455886039,0.297392440179141,0.14631680070863,0.178588193913472,0.426172110333476,0.14154331041307,0.197083783389982,0.110813017677477,0.0901440085979343,0.0522157593353878,-0.242224803605139,-0.414840931825103,-0.237199583547881,0.403728392450823,-0.242828271056327,-0.0651189926563351,0.210099727653438,0.172768029415618,0.210809292617664,0.0601818901522284,0.0322151425003623,-0.350452303210557,-0.252942039256081,-0.378874285199618,-0.373371628505971,-0.220111306119395,0.207229486062259,-0.0988098223464564,-0.225517759434544,0.0361352986115423,0.127362771729187,0.215217454315768,0.465101021482041,1,0.0546647861022827,-0.417103705202882,-0.0778853107042025,-0.322695319803371,-0.268279996231071,-0.360492406144049,-0.381418669126739,0.0464006236469956,-0.181785394456133,0.274922083941751,-0.0332731177766058,0.291323365227982,-0.111480606935087,-0.333867089168997,-0.227253658421603,0.0247823200012438,0.193459535374194,0.055040941318781,-0.116966788578309,-0.107851114090686,0.0548566650630015,-0.267688405400395,-0.00912251657421772,-0.114658658852225,0.142684555167016,-0.00809465700283131,-0.0184298530499125,-0.301163340274142,-0.111855498860442,-0.00112900741946672,0.433983453153497,0.145224914789663,0.149206958099403,0.145839318400069,0.167061766519159,-0.342528291220178,-0.379948735948449,0.370964587592812,-0.220592260463181,-0.316725291233031,-0.0740800207157973,-0.196642174610478,0.664284667812645,0.0921796778619892,0.431096986726003,0.171056299848349,0.284608126896424,-0.180295439583312,0.0624746056178523,-0.00954190018024797,0.0208882611454069,0.0342905189838951,0.043156557363126,-0.027457402614801,-0.0120250357239942,0.0638278369106104,-0.179574257200295,0.279749167552518,0.367943343403378,-0.144277718276453,-0.403853974772149,-0.300258698025556,0.504472006841228,0.185143915899153,-0.038565393165542,-0.186091714803047,-0.329104989610677,-0.102116296135984,-0.0160873926958338,0.169352406634417,0.179716024408265,-0.242145459703549,-0.0392941405994862
"舅父-外甥女",-0.10913907218143,-0.113623680495957,-0.163536852501295,-0.205066749223249,-0.0685398523714257,-0.185346974379655,0.0135096349925052,-0.252721416207735,-0.136224990387901,-0.111470617467774,-0.269827883340358,-0.0165658386781805,-0.243537285687076,-0.282818744036406,-0.288018484319515,-0.271938211559904,-0.000499554100564681,0.156403804852369,-0.0423030241118526,0.176199311595371,-0.0279596846779029,-0.0787907461621634,-0.118711401276751,-0.106472340428724,-0.10229700147389,-0.0490462135472263,-0.219312068863915,-0.212014213714626,0.164928953896423,0.0800702106084853,-0.196447330604618,0.194110329190606,-0.230318239105483,-0.0169630007935161,0.0317755905749159,-0.149310978054555,-0.172480947139133,-0.133580666643095,-0.0712925991477479,-0.124290951366228,0.0834292892322995,-0.0546584515883736,-0.00190961933107543,-0.000371018186026893,0.928016961323535,0.139875990391204,-0.128441624349221,0.117962155412079,0.056117660808635,-0.0517127536908366,0.241590997104197,-0.17724407314767,0.034102414172329,0.660163315628175,0.12582731821102,0.00497898057322585,-0.0412644395461864,-0.0957839782210278,0.0444821616275666,0.133429509913625,0.0215550384089957,0.163444301626792,-0.326261659925163,-0.34136176308779,-0.322779624309679,-0.16170456406014,-0.136872897453186,-0.293674100011661,0.0881267347726735,0.0546647861022827,1,-0.134166678248142,-0.207488970355913,0.189203931364627,-0.135164182616357,0.182173518791377,0.223686279516196,-0.0942920947411403,-0.12362638049863,-0.134885378735594,-0.189572034275288,0.0728837371323628,0.045367018234588,0.0106662208190891,0.178976527724272,0.117479041364209,-0.262111837701365,-0.0897890650561284,-0.202553943135494,-0.0203859443511643,-0.10668320379188,-0.0606673968657411,-0.0762489651058041,-0.0318945055708386,0.682407682590247,0.0744861807341592,-0.133023536474074,-0.00733138587861894,-0.219464735790888,-0.176483587118639,-0.168283241198326,-0.157290039175558,0.717400605262675,-0.274816687343192,-0.253756927783902,0.175532862148609,0.18433759421582,0.242642423464927,0.0750314678007636,0.110092233052494,-0.203527357265271,-0.136800318914791,-0.110101533846457,-0.0232349243568685,0.0441695722406171,-0.0516837909591386,0.148961600537863,0.294164706589854,0.111984104181638,0.241998079069146,0.930756727259747,-0.148868654393521,-0.174197347799851,-0.181071842546997,-0.138443672260985,-0.1702679975763,-0.0504799967660633,0.00190809115734415,-0.0783653983920915,-0.0302098901180399,0.161819308038555,0.158107769578153,0.1128255816451,-0.0234342971002485,-0.0893584704289351,-0.0608331147678184,-0.088507018638405,-0.177524714683848,-0.227878057204675,0.0210749276001953,-0.033705910450115,0.180177533422041,-0.112511218276988
"舅父-甥媳",0.0518447535903594,0.0498125518826365,-0.206676525755704,-0.154632473077256,-0.363212696694455,-0.247323463783598,-0.000453641892580846,0.396746437756487,-0.0896795043780605,0.0975804013477352,-0.264389949407699,0.217075973810548,-0.202600078934405,0.0713827655145657,-0.305127772596047,-0.258192985377252,-0.526542886097421,-0.299545179396729,0.105383867438519,-0.0688552872838666,-0.0468015022727809,0.117146220321297,-0.297914616602008,-0.204344721707849,-0.124174654783064,0.136804642606858,0.14265803212632,-0.073018808728028,-0.304948397597218,-0.307926267608319,0.305502295637523,0.00506835737661958,-0.186360078977497,0.0273898064941295,0.35499635809558,0.120851652148871,0.314022737273042,-0.381697812788313,-0.291763651282928,0.286855446150473,-0.464320424365433,-0.0863598973805167,-0.241996895838265,-0.163451258576287,-0.21389640445201,0.24505280721704,0.457009442363895,0.548849260198797,0.0557926144864594,-0.3374439805905,0.341526519977347,0.167858546076747,-0.336957919828056,-0.230064044021317,-0.345372799505711,-0.304281363526631,-0.296732119678632,0.407719397043701,0.179466649323071,0.423689009152819,0.439491802848853,0.224331052390478,-0.0299920462580135,0.298566633917322,0.238582518219676,0.0560704311762046,-0.0988481873619539,-0.187338582013064,-0.278885207181091,-0.417103705202882,-0.134166678248142,1,0.0107838398107817,0.452827397151709,0.0793984112607276,0.427164452413951,0.399901067654591,0.160732229058954,0.348925091008737,-0.364775594283495,0.107643545184661,-0.326478736798877,-0.00706314426933663,0.32878978811809,0.388482639484366,-0.130675151163668,-0.188809305185742,-0.0343765167203738,0.100914896636849,-0.0428978561676919,-0.0267752676951484,0.125440183062634,-0.00397897490531384,0.211178736825339,-0.303814758666215,-0.0814988916609845,-0.11311787327057,0.181632533114071,0.104831417823542,-0.200848038295017,-0.27603463646696,-0.266613623018235,-0.297260564389784,-0.164283834301604,-0.142262783547696,0.37306506172955,0.460535533473609,-0.392816243417365,0.0848580735928797,0.309774398348512,0.0537347177333612,-0.0941877077611537,-0.327823463559052,-0.0394493435994054,-0.532064027544476,-0.0275284955923338,-0.131453038674886,0.179542278909013,0.0590088946549002,-0.121415304911916,-0.194746407110198,-0.033962787062684,-0.0901795796342344,-0.0200223377989859,-0.128842466207703,-0.119664864260111,-0.0774213283487052,-0.239868298932391,-0.267656590940797,0.0245522599050899,0.479753717321751,0.331502041006658,-0.318315409070696,-0.104209135346854,-0.175939841670107,0.30780749434085,0.394285753281135,0.0253765060908323,-0.0939091512264085,-0.335729495761961,-0.2466267589023,0.25530954218377,-0.0911414918726119
"舅父-甥女婿",0.129355472173275,0.330562931636066,-0.153699930920715,0.00932654908780339,-0.197291222492553,0.204692738739327,0.0342568615610005,0.273464866656431,0.193976923473183,-0.0131243309267982,0.423713451983512,0.000939535847389898,0.151283646005343,0.108530381198993,0.148261872584086,0.194023496978519,-0.00309987140131046,-0.37083056571954,-0.0163013056200889,0.0918011769229406,-0.164672579913924,-0.181547874557926,-0.137151644646804,-0.0856003746368965,0.185707559701387,-0.276928289670436,-0.248300647772905,-0.0249881351809982,-0.320068498837955,-0.100411060658564,0.142802652981666,-0.110969333402944,0.242131698945189,-0.0175547796699066,-0.0214993184518188,-0.0327506140016222,-0.028167586054383,-0.0385869058851143,-0.231441412269007,-0.19661257687256,-0.0177684624942552,-0.236005773505306,-0.123658240850729,-0.0311409836428488,-0.161198931811451,-0.281390316220029,0.0775724619010696,0.0225507535605676,0.149505880491582,0.128755424299333,-0.0738766817852576,-0.173743867284562,-0.126823895737043,-0.346584367531187,-0.118369393658217,-0.197802912675815,0.316087951276381,0.13773474949972,-0.151993780423689,-0.132187670655854,0.143462277439752,0.0763391186353187,0.225677324303939,-0.0162109744184215,0.210608387192157,-0.306236496095313,-0.0283415908012329,0.377653995039958,-0.0433764071822447,-0.0778853107042025,-0.207488970355913,0.0107838398107817,1,-0.127959309385052,-0.0835577339420741,-0.0228500721272099,-0.171203628346077,0.024404985843882,0.0328632749469225,0.0802995206397918,0.0376289849658822,-0.0653592875349525,-0.0142823619872398,-0.0239743429353241,-0.00740249406548487,-0.150192084253172,0.179326560336132,0.141342350600206,0.266954327918201,0.00136501954316184,0.0120785557700748,-0.148424674175738,-0.215783237530281,0.0766436858867304,-0.222198914557425,0.0371454025835289,0.330144490628208,-0.0560517884944915,0.281801718019856,-0.0311282634009077,-0.128174022503096,0.492327669141728,-0.27821720067526,0.203061987725972,0.044501721925848,-0.091861689510059,-0.157499245694301,-0.120520592136793,0.171779741611193,-0.0142933065092661,0.192070374318103,0.0112203782797373,-0.0727215469466941,-0.115329961896801,-0.0770501152254535,0.00772628669688921,-0.135828469202768,-0.080830688761478,-0.203411220760749,0.162630691495243,-0.209833414563339,0.539504076986388,0.00978761405439723,0.329015235310691,0.177641427668688,0.409602634042523,0.000943631061742788,-0.00799122038771266,0.267773548615468,-0.1352736371275,-0.0598093464588785,0.112093020197281,-0.192413552295015,0.239818551429695,-0.174316588623267,-0.101646272854418,0.0802713984673264,0.0877992072351072,0.35075343715586,0.130181033274639,0.297691705558651,0.00375131126919433,0.0267223412423152
"舅父-外甥",-0.135362953319696,-0.0896066821348397,-0.33352066896507,-0.212484901060742,-0.353921929210761,-0.280896925213971,-0.298076683721769,-0.0304697847951812,-0.404105896883278,-0.148440687591767,-0.415877590210455,0.00230690472564416,-0.332101905069042,0.0293322769549914,-0.328854469696275,-0.436485045194253,-0.327879336171927,-0.243875757012091,-0.0545920548529479,0.519107437356126,-0.132058471270804,0.0616614074426345,-0.279037248879321,-0.304856944784871,-0.247498786002933,0.2277084605109,0.0537652759118194,-0.293008493149365,-0.252819271370819,-0.360898116390556,-0.0332383475811386,0.232103733869228,-0.367506646363731,-0.14846191592992,0.299472332753581,0.19981686971686,0.183871341468011,-0.21333326117107,-0.258129708786436,0.243606698564762,-0.221610993542136,-0.147234357989929,-0.407239472905745,-0.456067687851422,0.0410846281226644,0.422692439434482,0.258049990273584,0.818863562187263,0.00409025361999259,-0.189317662065777,0.821726096788843,-0.188671569493498,-0.333456909199719,0.131503841947975,-0.352140398010536,-0.19950262528987,-0.461991600414063,0.228797061100411,0.162422921041774,0.868592991519692,0.81647572937875,0.72691090129508,-0.30712947582716,0.0287120630495732,-0.040946608080267,-0.168423310884567,-0.341929202194019,-0.338974161105701,-0.0140346837463183,-0.322695319803371,0.189203931364627,0.452827397151709,-0.127959309385052,1,-0.0478287470747818,0.849727351399558,0.914570348420901,0.0330000288468816,0.0491375132125867,-0.33091485476794,0.0424012026375477,-0.30163894132875,-0.124423247469968,0.434392184370035,0.843447099618516,-0.21787843517814,-0.256999954261211,-0.0690211659536137,0.066087649429795,-0.157888418977945,-0.274004249879794,0.0843271852950306,-0.110900248194451,-0.105998273699156,-0.0295611425438771,-0.271019682603457,-0.288458166789969,0.171069943938023,-0.261924311832473,-0.142095849115725,-0.0788597301372231,-0.393812499261345,-0.0718465591693121,-0.38365945699667,-0.273760766716626,0.797269336942235,0.870743688424288,-0.350721870291738,0.591942425669322,0.785670955884353,-0.258971319552329,-0.436106002657822,-0.290898025334765,-0.140799815420339,-0.405113391591493,-0.0714408545435076,0.0572605172781172,0.826419387489958,-0.081130095736967,0.473490746356093,0.185525059036532,-0.273299332907276,-0.365895801565125,-0.236000500630757,-0.495126792117314,-0.220686345681953,-0.267099818357819,0.0150702865218371,-0.124060995591635,-0.08242937152276,0.835470147233977,0.696898321847596,-0.313756178161834,-0.388903316830831,-0.171488235685142,0.0994889276141688,0.308267727774825,-0.374976722990637,-0.289946626185239,-0.257765008362755,-0.167353277781079,0.748469925527801,-0.295020030027799
"舅公-甥孙",0.354200246732224,0.191273925131831,0.26849423701533,0.183141562226777,-0.174382441769363,-0.115736561924545,0.17112089375048,0.0612134726378854,0.107252257644662,0.428598775204601,-0.0237300328666973,0.128141600684587,0.0345577734586053,0.0885680044013166,-0.0104703120608014,0.176424753941075,-0.197548575284974,-0.0290253584334048,0.157604700624251,-0.280148953869836,0.0364018729644868,0.202297384529602,0.151200979526462,-0.107283583781865,-0.12829581138011,0.368472603582545,0.383525414568765,0.178100668131865,-0.0158071520556185,-0.23168654025833,0.0620852942896387,-0.325165960953704,-0.134827838243439,-0.2380564653764,0.143734759114692,0.0126085945156209,0.11389686872911,-0.129924027294912,0.104506501397285,0.00422716135559583,-0.09132412534049,-0.0587832001253324,0.123288927776717,0.0686708284740859,-0.188685875106215,-0.0161165655418654,0.200992047977951,-0.13580839667951,0.301656670836354,-0.261468297494994,-0.177810485714619,-0.120740615521778,-0.305077230508565,-0.182844730458869,-0.143726442477977,-0.109231629571225,-0.0642798588265897,0.024680521679429,0.115923157629652,-0.0349122415320259,-0.145334496221027,-0.27530399932265,0.109702154346389,0.269137016633557,0.0907798918527266,0.247594669019238,0.406156919087124,0.188846054379765,-0.208678155411972,-0.268279996231071,-0.135164182616357,0.0793984112607276,-0.0835577339420741,-0.0478287470747818,1,-0.109066115184365,-0.056587524023054,0.301799729408496,0.525043992677426,0.0239011374654843,0.0101211549924273,-0.18418416127635,-0.0322465229349496,-0.0279808411504772,-0.070654986651137,0.0704478422234194,-0.138015003101583,-0.103584447352478,0.0605889935829107,0.00612240952884179,-0.143011775275348,0.296781762307205,-0.0279988035873231,-0.180985954642622,-0.264065365909624,-0.111496951788898,0.150204752921432,0.137566994486941,0.182178456926784,0.236569312776176,-0.0689874259210849,-0.21793186028797,-0.182373297979333,0.13780132581844,0.172761209750001,-0.0690846270532161,-0.140329807469867,-0.212148381017595,-0.254021245105764,-0.251145359051323,0.0104912815270974,0.157192872241715,-0.25341127191276,-0.0266712869821058,-0.279459690171483,0.147362906854178,-0.221075315880545,-0.244591266405363,0.207254484016164,-0.33297118999981,-0.0557617249577154,-0.176009067974777,0.125145838713273,-0.133879910873321,0.00551750237169641,0.0810472548259036,0.199634052773673,0.0117816601839779,-0.375019163600278,0.0591469028156021,-0.094222160004377,-0.204627418700864,-0.104871451632756,0.172442843788142,0.193216377303851,0.289693352642891,0.378531207367245,0.254147954815162,-0.154692389962475,-0.123328769106565,-0.18802584126205,-0.258857191099687,0.148569336960412
"舅母-外甥女",-0.172225330490023,-0.0952102946126996,-0.294162482477798,-0.190875173460928,-0.307826586479064,-0.110767506069584,-0.215983256038025,0.0651975794052271,-0.31206414570365,-0.188131347407318,-0.213199558982862,-0.128999820079513,-0.205532135466504,-0.0327397382527716,-0.224267196699388,-0.36664156432615,-0.306718219208322,-0.268293517331749,-0.157665416138623,0.595031054314216,-0.300369102770149,-0.142524694914361,-0.351408523938169,-0.27768397961257,-0.203182101664242,0.125024377263844,-0.0873414042564041,-0.219382480483443,-0.350474092027444,-0.232722055689703,-0.0294257683113793,0.206681115844649,-0.227160275567906,-0.0119605696982607,0.187942762710716,0.128618741737386,0.196297009456457,-0.187306660024241,-0.301277997667575,0.153672710128485,-0.283033543253547,-0.233835422997089,-0.300724804979822,-0.378469801044726,0.077788413646896,0.332438204403327,0.169560916016002,0.864879890084322,-0.103941199366426,-0.130713786050103,0.870108173078045,-0.245921163581113,-0.262411582636103,0.048399991968287,-0.268286089422101,-0.163042915498354,-0.259553209253326,0.251958657227042,-0.044680560757851,0.83547892204556,0.804103885000773,0.811010408839455,-0.227250572094193,0.00988854326489404,0.099007502233876,-0.214330396014271,-0.484238230309457,-0.263899800608221,-0.0491232725605902,-0.360492406144049,0.182173518791377,0.427164452413951,-0.0228500721272099,0.849727351399558,-0.109066115184365,1,0.790092673544195,-0.0309020147613459,0.0253563261192884,-0.184313841383455,0.0935251963987942,-0.214678606634819,-0.216353088544493,0.265620476557807,0.862704970546937,-0.267855008921781,-0.147155776447478,0.0784101865230406,0.0925933511313785,-0.221913643557946,-0.297758327672591,-0.0423644603404696,-0.194160704534422,-0.0775150320233451,0.0504654780034927,-0.328102582098754,-0.245935215589347,-0.00107891469120455,-0.232937869313151,-0.245180913246094,-0.0532397025028282,-0.271555044565188,-0.116866257690721,-0.237156797182482,-0.172914892234484,0.871230688177856,0.79813805967676,-0.287535440146565,0.674249841240846,0.740629346107814,-0.0961203700756663,-0.343563003535623,-0.263117134386922,-0.144325197723901,-0.359264517610312,-0.134567468178729,0.0896838252976187,0.754020915987651,-0.167273309708292,0.585008801015182,0.135484984848603,-0.0721741732731102,-0.190884786903245,-0.0821288460981521,-0.358162169040544,-0.266972215252705,-0.254962521803375,0.0388681724273151,-0.00464000125913778,-0.220416034089536,0.867530759146698,0.791264656412697,-0.345457883437998,-0.418321284901873,-0.362751114100062,-0.0443917908470105,0.22411439993177,-0.266925177485924,-0.267169588267345,-0.249745238945062,-0.0603652188857821,0.784967856818818,-0.285597740268079
"舅母-外甥",-0.111394309180775,-0.0409229554034073,-0.343981346414077,-0.218360021062554,-0.399559793829323,-0.306653082240961,-0.222034372664424,-0.127752750519422,-0.453981731137872,-0.124941231638116,-0.379390125576217,0.0786363071503064,-0.436358489982143,0.0456354425015041,-0.392770268537082,-0.465028364364904,-0.38442157907199,-0.200810729754252,0.0537668359689643,0.542884189071096,0.00347361101548876,0.137543257597113,-0.201109759723386,-0.324928536941089,-0.190897565591733,0.195014073996005,0.00994241034448446,-0.367488424335174,-0.259155727277789,-0.409539449853509,-0.081604030137809,0.170574862712528,-0.418927904616479,-0.177588813233067,0.385177229929751,0.206887526608184,0.0694576837686635,-0.151642885168764,-0.153060806728148,0.0900526039790291,-0.183990001801038,-0.163502834920886,-0.391256761998746,-0.353858841598109,0.0835979764866261,0.335673256821528,0.244306143031736,0.773175253469486,0.0774538651662376,-0.212209765544557,0.722535776789938,-0.187685456363747,-0.310435222492995,0.0894575839673874,-0.306027969351,-0.202991571715765,-0.403733718989868,0.238218458167788,0.291447007920898,0.838128673014953,0.755293874929435,0.700202047789323,-0.358742303227655,-0.0532360476838104,-0.0691108690597206,-0.156546550749306,-0.336811079822216,-0.391678008548546,-0.050440421369671,-0.381418669126739,0.223686279516196,0.399901067654591,-0.171203628346077,0.914570348420901,-0.056587524023054,0.790092673544195,1,-0.0110008817734345,0.0258562369309845,-0.37269854534048,-0.01300897300704,-0.325295366492431,0.0132646615515335,0.541179668614904,0.738933090308056,-0.197925469049085,-0.349644968805571,-0.139912789476048,0.0429982634132676,-0.0354792255502137,-0.226981870338543,0.185834008755592,-0.0994057204247444,-0.0880940205941707,-0.0267517833873306,-0.191659594984735,-0.215557339323773,0.327878874570389,-0.263990287026513,-0.0714670573200766,-0.178559595122957,-0.372263750410405,-0.0657811013468824,-0.453614665028449,-0.331211165583359,0.737946107341887,0.894731923607212,-0.371197568052869,0.546688293129622,0.776193517559672,-0.317800415030208,-0.443951726938703,-0.376328298433691,-0.176423178816044,-0.386659717485317,-0.075556295509578,-0.0169376428475149,0.838497961251883,-0.0879560201822616,0.479825957347954,0.255273907885453,-0.304025747410169,-0.393899429312201,-0.278488817290731,-0.477894815840567,-0.193019356050694,-0.164980968302004,-0.0760072018037179,-0.147943671900634,0.0427916092479297,0.789775879500283,0.676406980195525,-0.373795833577174,-0.413512768627865,-0.0835222401540496,0.132077254856738,0.329740378378901,-0.354665248051227,-0.29087510092309,-0.205270049698008,-0.199657772058358,0.714868007080666,-0.335652463832024
"妹夫-妻兄",0.440593864150912,0.201151423147256,0.465121794178596,0.454094496645788,0.0517714933981338,0.196322116796909,-0.301361471099071,-0.099485127621949,0.0544492197360974,-0.0314286134682657,-0.175033913841417,-0.138579999383251,0.175433435334501,-0.122857533867172,0.075750159745038,0.0883638956174876,-0.0198624732813613,-0.300758119133526,-0.0704765069470964,-0.156063643902349,-0.244468769413248,0.193625213585132,0.143520985234346,-0.209520161364011,-0.434613059606371,0.307251333403225,0.338751631158356,0.436039702362305,-0.14147173545682,-0.053198390165036,0.357767684678771,-0.0588549889810774,-0.243036051778174,-0.0824911178740285,-0.10545829117398,0.1356603186415,0.0579550953590644,-0.0510588613485821,-0.0434442560125519,0.254112354691617,0.00379773427561812,-0.0144428402388377,0.24561042121603,-0.0980665722777877,-0.169804436506647,0.168655093282843,0.344161248000742,-0.126773950324736,0.0379699018491273,-0.0646016262097211,-0.0152883098418204,-0.246024545669615,-0.241724518207103,-0.0993688103800117,-0.398912950760278,-0.198416013680197,-0.196864687889152,-0.157887340874993,-0.085591654716215,0.0761001213238615,0.00945420550685734,-0.0819279958552656,0.227711853500843,0.41097480778182,-0.0565927549717361,0.350500625634778,0.330078477138511,0.253980804006073,-0.0376222720436113,0.0464006236469956,-0.0942920947411403,0.160732229058954,0.024404985843882,0.0330000288468816,0.301799729408496,-0.0309020147613459,-0.0110008817734345,1,0.376143700120763,0.0981191730472928,0.0371034829066983,-0.139434727038498,-0.271741193240061,-0.112908215054077,0.064665486438528,-0.193656909232179,-0.168205679095438,-0.0442262787059852,0.161747393872065,-0.333681836503516,-0.291877938792019,0.142203212942911,-0.312813108347934,-0.21469398012893,-0.137791311875922,-0.28859334586885,0.201119441487051,-0.0776930578375222,0.163427776043317,0.263176451869884,0.136806673991182,-0.192746843067663,-0.182522178522528,0.161152815467699,0.32942692611487,-0.0172689689654425,-0.0395517698411046,-0.101776097584748,-0.130533814244558,-0.0970607713910972,-0.148058211716528,-0.106914955105491,0.0786537605726182,-0.0692571744027224,-0.228945747472411,0.459148595350964,-0.00502153139454326,-0.0491126538435873,0.12602642051438,-0.0909100531988083,-0.0724654782124484,-0.121148932923202,0.106042851981546,-0.114238386419548,-0.245166506079762,0.268848103938775,-0.159123160130097,0.198448861981706,0.0787975050251928,-0.110089954389508,-0.010322733013377,-0.0465050003116854,0.0573768665509036,0.262407561179884,0.0624487626498235,0.316807402849577,0.333797642830092,0.238003878254502,-0.214116263840924,-0.373461379742796,-0.212349449107237,-0.155571536586561,-0.138637762819146
"妹夫-妻姐",0.377869590281173,0.379302337556799,0.242223068631753,0.224427976655595,-0.169939064555405,-0.0306302230310928,0.00374824599368217,0.121197618085098,0.0566679956022689,0.377911067314853,-0.10389139771135,0.301176708643998,0.0306715016764168,0.0682778836482578,-0.179334727025068,0.000667964108849845,-0.366181799567989,-0.23599216249387,0.0856885692957035,-0.40313464685001,0.0155501403981146,0.338040384337881,0.0296392934871612,-0.210363341376808,-0.143726904085051,0.277459690129025,0.400784831327992,0.11479302450999,-0.0871618208598081,-0.305307009396287,0.322723334083765,-0.243966723750238,-0.227508192032314,-0.310367733039232,0.189309637231859,-0.0390611195914732,0.172860220116872,-0.313516489862049,-0.143059268846194,0.174463704168557,-0.245520276046211,-0.091755309999149,0.10158542672147,0.0899211034568796,-0.230632165801787,0.0664268432522021,0.540550213677548,0.0588017643539811,0.352931715181921,-0.338750309127455,-0.0780844964847389,-0.0529792017991579,-0.442008931163608,-0.327081368948919,-0.255191818882365,-0.453696033570854,-0.20986316180387,0.122490948832426,0.168939818012009,0.0605744110783369,0.0159893481764591,-0.142578858333326,0.149775861754636,0.311343121614637,0.0310368809932698,0.240876696765721,0.33063990776719,0.0998036784262112,-0.311370863458249,-0.181785394456133,-0.12362638049863,0.348925091008737,0.0328632749469225,0.0491375132125867,0.525043992677426,0.0253563261192884,0.0258562369309845,0.376143700120763,1,-0.163423620786317,0.00776030409855965,-0.320086612586885,0.0657858528263751,0.0804481664600169,0.0451670530437808,-0.178362270327503,-0.274180579346828,-0.170910861588753,0.0819030257443735,0.0896838823375027,-0.0729179037817938,0.260336137350242,-0.0761546964853776,-0.0323980276292106,-0.354556219608929,0.00360442048819869,0.172939554899931,0.223386714208748,0.254035556527944,-0.0306853664095975,-0.221663047821644,-0.253278224615024,-0.303107964230851,0.00254924279477192,0.016006589139467,0.0402780908738815,0.0278515256802758,-0.316039931201544,-0.296795722798423,-0.238889737589208,0.00963649075748743,-0.0189569928103837,-0.227340822249613,0.0928059251101695,-0.412948016284344,0.376830128854526,-0.242942863590936,-0.174439693951918,0.245600530952071,-0.376277677494299,-0.164511929960799,-0.132981255736545,0.127398705411204,-0.137806932071514,-0.0400161368516873,0.226290224625468,0.180177500332804,0.0405750642261611,-0.234268815305104,0.0168762434091227,0.102667195277925,0.0128818673234124,-0.181902656795798,0.2947885553622,0.10208940890332,0.495617732937893,0.519799122035124,0.275386444001107,-0.159867936408851,-0.364534295991375,-0.222503390039726,-0.183777245947854,0.0141382053037196
"母-女",-0.0743532585472889,-0.262351343296453,0.381956337805957,0.322975563458283,0.304709230314606,0.52340743538995,0.0239636737069698,-0.0892080353128934,0.278791292305023,-0.178383164831199,0.539238239148541,-0.252605797551218,0.573518352819014,0.0696087309498019,0.658578081316075,0.576005445934291,0.364570154853231,-0.143790576157719,-0.276697079295067,0.123748352843914,-0.452996418091521,-0.437296111435909,0.0616628740250755,-0.0615839257064838,-0.16055621923268,-0.119892858151751,-0.132497143318858,0.333348693329577,-0.0526354696512621,0.302035728527308,0.0118298113801801,0.0880322283814525,0.293612755934017,-0.108282975709762,-0.403382923739808,0.282347140521124,0.109669350752343,0.342594207169739,0.259293889401692,0.0118867640308786,0.165942307928631,0.0139960110837957,0.457544732933664,0.12122395594595,-0.00781412011517562,-0.107287937776162,-0.310161465204503,-0.325318207448768,-0.413552326527662,0.253493685845512,-0.246742516117584,-0.191223783926734,0.0213327087310618,0.0314108238389622,-0.0933334709437424,0.0987455592676516,0.331977594188957,-0.33326699359688,-0.585300048588875,-0.321884717045579,-0.1971730695428,-0.101524435028742,0.460961725252203,0.16762553179443,0.162466247670618,-0.01807636385299,0.135107277984979,0.556247822877983,0.113849924472154,0.274922083941751,-0.134885378735594,-0.364775594283495,0.0802995206397918,-0.33091485476794,0.0239011374654843,-0.184313841383455,-0.37269854534048,0.0981191730472928,-0.163423620786317,1,0.428422483913316,0.359936695234626,-0.353747198504464,-0.326644617846937,-0.214944143131396,-0.243766995259865,0.314886065311234,-0.0505534470978238,0.200004457558625,-0.327148169191419,-0.205234184932169,-0.286681873522451,-0.39157033304673,-0.403361519913058,0.14231653226276,-0.223847074987548,0.173795104750667,-0.46195557216811,-0.151624593030131,0.180884902192733,0.42468375116075,0.222578576671645,0.00794039985684884,0.570662105282115,0.575085811098638,-0.195316282083956,-0.336854431521697,0.159710626625437,0.111098319037469,-0.159717720709018,0.166247269695761,0.167135105690394,0.347985566113745,-0.093857613281669,0.285765146560419,-0.080045444141663,0.320182817631157,-0.199095393052358,-0.0380906092295596,0.180001248848042,-0.114810256789939,0.207037848893622,0.183287838714077,0.0031566725125468,-0.00951322714681822,0.169211083342115,-0.145225592029341,0.182360887454846,0.286043478328646,-0.395772034304578,-0.231218061783556,-0.112923637866891,0.133258873547509,0.0983095350683663,-0.171894081972125,-0.419969934628218,-0.355137233976522,-0.082481197253909,-0.0646896015977821,-0.0478534756319049,0.147957437131349,-0.0717095520045866,0.331380883868226
"母-子",-0.284292096432011,-0.264527051510052,0.123809472750562,0.272132836319571,0.0182959327814073,0.210827500724205,0.0617706115162385,0.148469962065106,-0.00633073370005618,0.0698744726795986,0.332213414467448,0.0424309964549655,0.534915141961385,0.416776552432007,0.451471282019571,0.326470671378556,-0.1249357546342,-0.441374260547074,-0.128561955287288,0.0882297243706717,-0.337572658468484,-0.191092520688289,-0.0119229216768784,-0.270849632346561,-0.0620971998324824,0.112036548573427,0.110895663702195,0.150515822051722,-0.271717632112749,-0.128121629642256,0.143500400943419,0.239233634900118,0.191688687875289,-0.202581067926884,0.0526610996674162,0.575240760415385,0.53404734630881,0.180868596172873,0.171820728964463,0.223215438974987,-0.178211522914507,-0.248238503000214,0.153451150276222,-0.082861924113488,-0.130023323648464,-0.0243301080823559,0.0732346918441749,0.0682176802094999,-0.325885613174501,-0.0539334436612109,0.073461674432233,-0.103103413575427,-0.216143261651863,-0.0651719482246464,-0.287536959876774,-0.142961701692323,0.0609814284114749,0.0831129555118962,-0.296829286500268,-0.00163784034028997,0.0859907322029971,0.0538702699117703,0.244883623081152,0.201780703234575,0.352074029387026,-0.0369558761088832,-0.0170545955815574,0.234462491820332,0.0274791838832533,-0.0332731177766058,-0.189572034275288,0.107643545184661,0.0376289849658822,0.0424012026375477,0.0101211549924273,0.0935251963987942,-0.01300897300704,0.0371034829066983,0.00776030409855965,0.428422483913316,1,-0.115445561732667,-0.178369243298022,0.0570394735891973,0.0129970048629107,-0.371757145875839,0.0232188437886013,-0.00123942714421405,0.389917069660035,-0.169091463068701,-0.24593675690184,-0.134125726168269,-0.295455719667069,-0.101958928122293,-0.101560752830047,-0.253958787682505,-0.12489110159326,-0.226304070459737,-0.284042739574432,0.168721037772877,0.225867267253954,-0.0675365072153992,-0.172768511836689,0.309187763696015,0.431284830097424,0.106962454189864,0.0590613168064085,-0.13341986006376,0.178665770616187,0.123041001252086,0.338104204218648,0.0619328698617146,0.0170262298822577,-0.200453566052051,-0.261657528196099,-0.0358578903663784,0.00498493147372814,0.0474633290231242,0.0321679011528904,0.0785546623539182,-0.222932961461975,0.119277534543866,0.0768143377353651,0.0536783221012256,-0.0125828493826802,-0.0182603418049157,-0.21402119338115,-0.00184406460421858,0.0243048853093763,-0.234980142777367,0.109112270938242,0.110924624488843,-0.229204940399512,-0.113762648415321,-0.143965125584488,-0.239247734443456,-0.00210850751467057,-0.238653876286338,-0.107364806190683,-0.235195011795385,-0.0171570695221565,0.127449625225707,0.301312660165933
"婆婆-儿媳",-0.0741065041407239,-0.323822290782364,-0.0339971417346575,-0.112270044901303,0.394821598475096,0.190032301767439,0.0404060368646265,-0.117374323008187,0.456954079489185,-0.383661731461994,0.18636385682846,-0.176184951678135,0.145412958830876,-0.189385006783611,0.24613467630665,0.181778465864086,0.45006010324731,0.298845979915096,-0.207920619113904,-0.0291191729125437,-0.264325208989458,-0.409713863914009,-0.202387883108108,0.235056144139811,-0.0370899211703343,-0.284489174251347,-0.40200455516057,0.131711019455046,0.214535475841311,0.445013252862825,-0.174956916992824,0.0865380986842733,0.172226448049602,0.213803503291112,-0.386407181181097,-0.171012639904964,-0.15123602379558,0.0532029065660851,0.0484015510869245,-0.0316963324523439,0.243699711267985,0.262110351019085,0.170381719689868,0.120222619897727,0.153815034798611,-0.0586174988734912,-0.422192081510759,-0.283909761820399,-0.259295405415798,0.332094966484354,-0.210186892570748,0.0794332669633799,0.315292324191773,0.178358141647802,0.313321761949965,0.271857356436943,0.294430402476883,-0.2751283867738,-0.400067295098048,-0.316206314744914,-0.253516475916777,-0.158973262727505,0.174990797935995,-0.0628640862390743,-0.0693216725331719,-0.148167045630922,-0.106995507348295,0.100952216291557,0.174102281544504,0.291323365227982,0.0728837371323628,-0.326478736798877,-0.0653592875349525,-0.30163894132875,-0.18418416127635,-0.214678606634819,-0.325295366492431,-0.139434727038498,-0.320086612586885,0.359936695234626,-0.115445561732667,1,-0.203728861843539,-0.326256094574837,-0.211327008909008,0.120210978180158,0.389955048113893,0.214795458569176,0.0768528592813504,-0.122016398483197,0.0932908927553545,-0.348845932741954,-0.0781519087980338,-0.108301899175836,0.223837980610231,-0.0279202180933958,0.106850869995612,-0.344792310388092,-0.119257015410848,-0.19446567575545,0.289427249990596,0.299468119344401,0.200726169411279,0.19740798804017,0.0773985022789191,-0.240471035889091,-0.330579662036334,0.402984502138904,-0.0292618281807497,-0.165318982080334,-0.0227965458567831,0.0611514116463038,0.391526536983785,0.161481590050418,0.423378442279869,-0.0680879075129324,0.255355979167432,-0.233781119912824,0.0442322593562445,0.00589847825603421,0.0454183632506055,0.0219121410400638,0.0575381149576861,0.0448869148398838,0.130857647976259,-0.191713359404082,-0.0957584190577706,0.186186516610338,0.234030763205601,-0.27337541586799,-0.307115696457608,-0.252621432186075,0.346642019484819,0.110204354314592,-0.23824748853272,-0.284008490479066,-0.442588466105909,-0.0924382252348948,0.0460008774467701,0.222473474097768,0.320508912810648,-0.10651603261814,0.0422258005711206
"原配-第三者",-0.0670368764445813,0.182789818505217,-0.306259587335056,-0.0889123758127703,-0.191298946480369,-0.245830858301489,0.274948749437302,-0.0697460181180692,-0.209401586233171,0.229461668129649,-0.0432779478339591,0.35810032598114,-0.422880265782096,-0.0600131677754748,-0.420152664074024,-0.23597850238881,-0.0977329103031331,0.117025879283231,0.305030773471831,-0.144599542069013,0.537226371455289,0.306105587766529,0.15599346333941,0.0395360531163517,0.502842597049402,-0.103281248275429,0.0378948936719418,-0.361271125432883,0.213012168312775,-0.248578717307006,-0.210350124917837,-0.052124403329588,0.00198601477360902,-0.0454316724298034,0.47566485578024,-0.0602955781059644,-0.283460977665878,-0.0645930754436015,0.1006389775335,-0.25571160193426,0.0233656478973921,-0.0604351734258711,-0.169474730069161,0.34991260174699,0.00564121395527549,-0.215866172575612,0.102568296850077,-0.0843762758246011,0.387259230237353,-0.116311362968355,-0.15778035816041,0.136224571632472,0.058159165536155,-0.155755985352246,0.272293198220988,0.0376504630531146,-0.01544200582774,0.23873196887667,0.448419801738084,-0.177446664284933,-0.141801195753033,-0.190524200019396,-0.345935681723894,-0.43123942021825,-0.154333053404653,-0.042392734849665,-0.000423705354832648,-0.237819265588326,-0.0468205478310582,-0.111480606935087,0.045367018234588,-0.00706314426933663,-0.0142823619872398,-0.124423247469968,-0.0322465229349496,-0.216353088544493,0.0132646615515335,-0.271741193240061,0.0657858528263751,-0.353747198504464,-0.178369243298022,-0.203728861843539,1,0.240162329631188,-0.198614397450889,0.100438985545234,-0.212846587299863,-0.21428466840975,-0.248959082756049,0.682324645890464,0.464198880307877,0.0973197220301146,0.284500219688921,0.317456942847289,-0.162963626248201,0.638895680274825,-0.0231220520243818,0.330233286756047,0.0104189086157745,-0.0116423395658356,-0.442113459262226,0.0595702994204819,0.0883168666657188,-0.302591718572657,-0.395400481655847,-0.228946615192846,-0.0543511044870559,-0.0698453394429022,-0.259566270665259,-0.162097165711296,-0.108363955095598,-0.0681334610600191,-0.388968139417888,0.0154465078603137,-0.0480812099449018,-0.0496359999913438,-0.305411597975356,-0.0708525104567357,-0.0896257794823408,-0.158282329843184,0.0683979286711818,0.0106096188039095,-0.189344044460044,0.0824260524749118,0.182061305745883,0.117447420254442,0.308620405195072,-0.204787919488249,-0.170336446997911,0.40190526106303,-0.13516880680342,-0.0624126707163618,-0.0586568610773345,-0.0700035756755588,0.376593304669822,0.0280890823794176,-0.0284469262808539,-0.0297420969282125,0.285463325522077,0.183368465960328,-0.064350000825725,-0.187060342916007,-0.0688245701022543
"三从兄-三从弟",-0.173489080984762,0.0262489014268541,-0.35015241811479,-0.087878806567106,-0.375810154195136,-0.281847909140211,-0.031951386359931,-0.00954459821567991,-0.354251938237238,0.0877313295548284,-0.217954057906182,0.300923070550889,-0.307686842902556,0.219436965796874,-0.292858890358513,-0.245113075602771,-0.303733771004147,-0.202839799160643,0.305648509563777,0.114357303757269,0.310049343385215,0.236555337852873,-0.0839005557250183,-0.18929529232592,0.0666454104578304,0.132157704161011,0.00472167985968173,-0.348194237317804,-0.135332810755564,-0.357943199922764,-0.104629929397018,0.0186982880927987,-0.109259799172012,-0.164492403652649,0.540878587926188,0.252538371780493,0.0427429974071298,-0.152362583342746,-0.143911034350463,-0.00290159471285068,-0.099727173592012,-0.260029466928,-0.375053504793434,-0.219795554107909,-0.0490681012769806,0.0347634859202836,0.200849228558418,0.385543201597582,0.226864655830634,-0.122987793908701,0.30399169558642,-0.0291954159900736,-0.270817648198453,-0.0654975379897347,-0.205421658405571,-0.139983238129789,-0.11131565499423,0.314907085397669,0.559613801595522,0.345938188064418,0.379102516416824,0.194003866422499,-0.202755343724505,-0.0584935922822144,0.0499364836801312,-0.216370012791793,-0.214183599802641,-0.279398329615406,-0.0424239760506882,-0.333867089168997,0.0106662208190891,0.32878978811809,-0.0239743429353241,0.434392184370035,-0.0279808411504772,0.265620476557807,0.541179668614904,-0.112908215054077,0.0804481664600169,-0.326644617846937,0.0570394735891973,-0.326256094574837,0.240162329631188,1,0.245812009042887,-0.118463984605186,-0.312526033493367,-0.108016934021861,0.122910583714405,0.204773152917794,-0.00914706586881826,0.148754770099839,0.0117539811490994,0.0789037733956831,-0.231428841508463,0.00486005356924935,-0.119354781854132,0.527114943936531,-0.121113638398151,0.155975556006711,-0.295348641798394,-0.139125793209103,-0.170552384195697,-0.345566215919479,-0.255070249013751,0.278783445272745,0.456361044443598,-0.315580544668769,0.135761327561893,0.362662570374398,-0.179089695861743,-0.270778756316117,-0.425941681629073,-0.1245328824424,-0.364735910844819,-0.144848725639095,-0.230145954799025,0.297905154975996,-0.123786727982909,0.0525568877116968,0.0457188564464408,-0.193174682766068,-0.334105637238997,-0.00962445724980148,-0.229656451740978,-0.0564075439620519,-0.00997649488466179,-0.310546980669439,-0.317200781179801,0.367359270496847,0.337049601362535,0.315197038299178,-0.331942764308954,-0.273615178354952,0.104247608130053,0.111326729849922,0.360079545639683,-0.311982359322017,-0.0831677636110558,-0.0857192139825718,-0.0737432499727191,0.224472352663059,-0.134435155186311
"叔父-侄女",-0.12041137673729,-0.0603957164021156,-0.310244814989453,-0.139719095370079,-0.226233899712317,-0.171814896928104,-0.350349022264135,0.0234594264807421,-0.338068178249889,-0.195785437786302,-0.312424026787836,-0.127023293577028,-0.241993304661282,-0.1405492592297,-0.292315802694025,-0.374850682768863,-0.198697799565121,-0.256561129752941,-0.177959659695608,0.531450492773868,-0.254048314365234,-0.0859447937353104,-0.341325186058978,-0.326207004279127,-0.212169360974803,0.187617304522703,-0.0584449641976403,-0.214686079420926,-0.224548570441368,-0.24029618058251,-0.0339775564278669,0.216458308557484,-0.203065507513385,-0.0870988210580532,0.142942446593973,0.0912308148620823,0.110618286974823,-0.165282666558946,-0.341178477839063,0.271959431820932,-0.122580668009225,-0.200505160611846,-0.337993185363423,-0.455077887554028,0.0558522160195721,0.427752207545463,0.209807612533097,0.765464850301119,-0.0527507707071997,-0.126406903014273,0.896353060169746,-0.253833168232855,-0.306937892121153,0.0710284990969527,-0.28179332725165,-0.173156161853448,-0.3161101226561,0.181676895827787,0.019667958490223,0.820668847306785,0.790717926234379,0.769307377594072,-0.196118832596668,0.0234293805654568,-0.011007699105106,-0.184113969842486,-0.382475849869957,-0.222069795775928,0.0548705743853424,-0.227253658421603,0.178976527724272,0.388482639484366,-0.00740249406548487,0.843447099618516,-0.070654986651137,0.862704970546937,0.738933090308056,0.064665486438528,0.0451670530437808,-0.214944143131396,0.0129970048629107,-0.211327008909008,-0.198614397450889,0.245812009042887,1,-0.233767906062524,-0.0985716754846563,0.104160993172109,0.0296429903443329,-0.212060530428077,-0.262121938615896,-0.081578027176731,-0.175454188376417,-0.0783377374519341,0.0543878457831488,-0.314048176389004,-0.264863957793696,0.0122584393492109,-0.284226295173136,-0.22644916999958,0.00831373393877107,-0.25705961714584,-0.102115776637642,-0.238630179384898,-0.209274392927035,0.822462321322877,0.726409676737065,-0.235652297853535,0.612956273390917,0.708366573867979,-0.220928314055408,-0.484370114002209,-0.193581813035789,-0.124774416100658,-0.303578770751503,-0.0753815037127676,0.134655566788194,0.747534361739164,-0.144767316736749,0.551839528715638,0.160998431721593,-0.173804046457763,-0.310354302041053,-0.0719191148611043,-0.452669733145146,-0.206273471995523,-0.332967272019206,0.130916571741637,0.033015734491568,-0.216795990723757,0.812524737878529,0.73218295014072,-0.230605470573677,-0.357487624014692,-0.278062767503884,-0.0108582411999031,0.222676570405135,-0.371283316615421,-0.218808908763998,-0.244413522280919,-0.0648976890579648,0.733351462779705,-0.308820907903041
"叔父-侄子",-0.018481939751363,-0.0740951749498447,-0.169659933629805,-0.401688236161168,-0.120489464500726,-0.414756118374824,0.228670247992379,-0.0178766472011122,0.0261813869596165,0.0850554914185848,-0.210332062994159,-0.0407577451401855,-0.274769131933061,-0.121290141400143,-0.17415313652679,-0.132359980919766,0.0646050694956798,0.527046466445181,0.134536774902346,-0.233643466456137,0.196874246387369,0.0722653519912527,0.1628314339127,0.417559543897523,0.20671572878166,0.130109891504189,-0.131052908728259,-0.0548825396260022,0.314780044206841,0.243467638661597,-0.28912406482318,0.042696047547272,-0.115532349683622,0.309181304907918,0.066752062428347,-0.339648365551723,-0.168659814235056,-0.0180144593076234,0.0475867039888094,-0.26743941333001,0.152018278514496,0.00540675109529773,-0.159720408090565,0.0231350078282206,0.148943739985453,-0.114177840113854,-0.269413981871015,-0.20519065444305,0.251015954750888,0.183035535965735,-0.205274181703491,0.0606675080995554,0.374847838626967,0.208330425020276,0.396176911096,0.247507546454396,0.0567926354786988,-0.108906427941266,0.19304096838885,-0.151833828060605,-0.341062525843395,-0.279266146350889,-0.351277455213305,-0.317146149620658,-0.181330159829519,-0.031675917170467,0.00488666210934808,-0.365993886369044,0.148589498671033,0.0247823200012438,0.117479041364209,-0.130675151163668,-0.150192084253172,-0.21787843517814,0.0704478422234194,-0.267855008921781,-0.197925469049085,-0.193656909232179,-0.178362270327503,-0.243766995259865,-0.371757145875839,0.120210978180158,0.100438985545234,-0.118463984605186,-0.233767906062524,1,0.0318769033725464,0.208794072815727,-0.272934792870342,0.0819511576173415,0.0540789288344292,0.136879902632322,0.500335707652092,0.236281348922982,0.196237199727156,0.251368368963767,-0.114060318950626,0.0523921588406558,0.0278267588049134,-0.165280697686002,-0.229974633481542,0.123285283356883,0.280341009862717,-0.305362712146291,-0.272555733740963,-0.121861961088619,-0.184879845276814,0.337490962926551,-0.265132263367205,-0.230602000228915,-0.117954537199508,0.266223989309662,-0.0889510847606921,-0.00675937392082325,0.224811271519774,-0.0344316980783904,-0.0802461421403676,-0.240911263927769,0.00237610172058263,-0.305457404211993,0.144467016667664,-0.136376406204049,-0.0351522659044229,-0.0994818879694952,0.120071967838363,-0.192605302062417,0.171645094517796,-0.0707396694388633,-0.17702404176317,0.231235251132167,-0.25611590480827,-0.312555340343984,0.301514932726673,0.10481453958125,0.127897633020564,0.0705168063084051,-0.0414770535695801,0.116405260918167,0.157078352004561,0.526621247930516,0.245745788852511,-0.251801420319062,0.0351539272635955
"叔母-侄女",-0.150118592485255,-0.256936494111929,-0.00510921159570728,0.00652640195581546,0.366904465703568,0.261970992811837,-0.0110236076071283,0.221328069235185,0.269186088395003,-0.280213624171652,0.378468421809259,-0.232787471836562,0.266611684337056,-0.161522050364275,0.266584564892505,0.265365083580462,0.395645800640362,0.0420437980667891,-0.304461180182061,0.0290764304661986,-0.330952794991323,-0.475051131525276,-0.226860350640385,0.221682965012889,0.0318212239891153,-0.244665326683314,-0.309083397710029,0.266456796839355,0.010096812493126,0.342141316263469,-0.07681662381823,-0.0744795587467534,0.504528999727681,0.210969498118009,-0.387747933044799,-0.0384340749604507,-0.0801975199146121,0.0432427189400027,-0.209442135756237,0.0825745795207161,0.140093846308615,0.201081644531208,0.062479164981042,-0.0637197606486246,-0.133179053153462,-0.0271851623189118,-0.29282056200638,-0.120256226481453,-0.32702079132498,0.312018752089039,-0.106392829043021,0.163960457487605,0.248773507064136,-0.0961805193358358,0.255876425495036,0.299495056158528,0.282743469469069,-0.108642841206856,-0.433814198394285,-0.237108760455582,-0.102126857259585,-0.105032425091076,0.352297883708912,0.10387132467339,0.266104707487289,-0.189216607763672,-0.171617983129138,0.273651834263131,0.168767570837628,0.193459535374194,-0.262111837701365,-0.188809305185742,0.179326560336132,-0.256999954261211,-0.138015003101583,-0.147155776447478,-0.349644968805571,-0.168205679095438,-0.274180579346828,0.314886065311234,0.0232188437886013,0.389955048113893,-0.212846587299863,-0.312526033493367,-0.0985716754846563,0.0318769033725464,1,0.473226386248233,0.00994905263436981,-0.137743102563644,0.0630467475659331,-0.356105839280917,0.0927176498216855,0.115985297485717,0.0356723460950652,-0.0790640766773435,-0.00127598310558916,-0.380673879791521,-0.0260298331180534,-0.142388075211482,0.425398441226654,0.330266029240004,-0.107112753287487,0.408843984440608,0.155398913520501,-0.201028317407574,-0.310493627507562,0.213017848328059,0.0549634607658624,-0.146011883601288,0.22389458254644,0.0683676096645727,0.316553160967798,0.224619779839768,0.467004098929059,-0.244233045980091,0.223141395920209,-0.207914247858675,-0.225243336089997,0.0729045976315821,-0.273219025875694,0.174161295253516,0.0725033508223843,0.302148776554991,0.0755757743859999,-0.125162232839177,-0.14928244481717,0.130963992131525,0.266331847649765,-0.330609109641857,-0.211776600314445,-0.171711983752054,0.154690435481774,-0.100870016886099,-0.377219644531107,-0.350721564314444,-0.384716510967057,-0.0831202733548406,0.323976094422644,0.098059375387217,0.380324958652005,-0.131803447762735,0.00633517557671931
"叔母-侄子",-0.188848702067342,-0.206467099412764,-0.099391945430355,0.016567128933806,0.173000279674743,0.0627614175668867,0.0351779689259439,0.265664665947106,0.0772879762192105,-0.149001927982417,0.10066257305231,-0.234278860980928,0.175560411288932,-0.153928882502637,0.0895889935834988,0.00518741122594477,0.161348956876448,0.0274452765519638,-0.153198475243494,-0.0603850514273371,-0.27952429000643,-0.360761662270535,-0.27384522216654,0.188885805517604,0.0415914293966096,0.0647994954470879,-0.165537296377856,0.196661604694975,-0.0114158349183347,0.273941186179478,-0.111887107634683,0.014775141696965,0.318006988941416,0.396273850915689,-0.154119974309906,-0.144579912405524,0.00412435827384592,-0.070820924771005,-0.336677486583503,0.101766419313715,0.127962107395422,-0.12258478437558,-0.0488775240127997,-0.270508873890979,-0.0596856223142318,0.0166873453881339,-0.163349937700144,0.0437147405464671,-0.174742934615736,0.271604322259794,0.172605541258276,-0.0550897757477031,0.263541882410592,0.0333216935255934,0.225147152098591,0.286930329325838,0.307303198438129,0.0902507242939862,-0.188616046364459,-0.00882619407275482,-0.0392991223909206,-0.0228715682377897,0.0747608721979275,-0.000251509124899731,0.232676081838582,-0.23003552449508,-0.288076188438208,0.0490135752049585,0.230020697045124,0.055040941318781,-0.0897890650561284,-0.0343765167203738,0.141342350600206,-0.0690211659536137,-0.103584447352478,0.0784101865230406,-0.139912789476048,-0.0442262787059852,-0.170910861588753,-0.0505534470978238,-0.00123942714421405,0.214795458569176,-0.21428466840975,-0.108016934021861,0.104160993172109,0.208794072815727,0.473226386248233,1,0.0186665763452197,-0.189553708332646,-0.0943312166013171,-0.289516529067561,0.0904487347495322,0.247516796971124,0.133364875626317,-0.145323128784485,-0.244827828011643,-0.271136524420266,-0.133964532429153,-0.221672648345727,0.235299513050138,0.160968262312534,-0.102703021991493,0.137944710320928,0.0286610032068475,0.0739152357675637,-0.129604169377897,0.32280746550763,0.00816033885269093,-0.0610919233793595,0.168796030884031,0.00411447489143117,0.165295519248603,0.0498613707764612,0.134368095038396,-0.107103901298676,0.0423531896011868,-0.106052269064132,-0.144851584254502,-0.004023310906837,-0.131401851179312,0.104829779252967,0.114499858259819,0.358508794573177,0.0379480996271986,-0.36132543872271,-0.255465542424731,0.0872295550620123,0.0641145844316103,-0.164722838029624,-0.0323434795140449,-0.0751536377180943,0.0996373705436342,-0.159921276573388,-0.406694402172081,-0.165754232471278,-0.0491267596752668,-0.0471088358546547,0.145849953058363,0.104396605233694,0.470111832665658,-0.107606720351352,-0.136638772862952
"叔-嫂",-0.0292228901958863,-0.00363874921526428,-0.0285778736267194,0.101720296867924,-0.0684842339986683,0.14112738403715,0.0105540883928078,0.0698901297467172,0.0202759688185466,-0.126932631017878,0.293662732182411,0.159295311450357,0.268126321031956,0.436313165280815,0.330197658403088,0.0536757459296889,-0.147067193560911,-0.457320244464527,-0.0626942459245469,0.106059598490984,-0.256368883669948,-0.0575477357956464,-0.0035129862129265,-0.165512773565053,-0.0688868284669976,0.0582014699156188,-0.0496643936373855,0.0779017553289327,-0.377103250149934,-0.128990210412095,0.311722988777022,0.109843398394256,0.0038810116438386,-0.140067542212605,0.00512279771097954,0.365377429511283,0.405251392526845,-0.0184416475533781,-0.0515422000096549,0.183962671149396,-0.0992556223156641,-0.158561871310191,-0.0361516671651541,-0.257935790747641,-0.175374701073486,-0.0506760224512637,0.147160349461267,0.116293956234944,-0.0836750383809615,0.128941452262295,0.0223624472275847,-0.199540560965301,-0.368976540045609,-0.145695850786452,-0.327277553493176,-0.244520715815806,0.0260602405647766,-0.00766684479309118,-0.149372426724625,0.0952178269426559,0.169075761515356,0.142364466064932,0.350595914662952,0.31642853829348,0.176545552372887,-0.195881952279911,-0.0786574445706883,0.178486515511089,0.026844951068061,-0.116966788578309,-0.202553943135494,0.100914896636849,0.266954327918201,0.066087649429795,0.0605889935829107,0.0925933511313785,0.0429982634132676,0.161747393872065,0.0819030257443735,0.200004457558625,0.389917069660035,0.0768528592813504,-0.248959082756049,0.122910583714405,0.0296429903443329,-0.272934792870342,0.00994905263436981,0.0186665763452197,1,-0.114370941893862,-0.183090730528198,0.0483189989225081,-0.349066307181164,-0.10069586413555,-0.274402290417505,-0.279952965439667,0.279997634626578,-0.034229299427808,-0.110826260705158,0.128504309000691,0.138793667804073,0.196007300757456,-0.281145287936005,0.0275244900034147,0.165385611192288,0.0937291767387837,0.100487515528259,-0.273263316290829,0.286628192190722,0.194380777048602,0.109251507084314,-0.0942249584056002,0.0551637529025428,-0.236017213411352,-0.296070461422181,0.0692778115071205,-0.0526865406748907,0.00837467303433072,-0.0393009678078327,0.106140644426873,-0.213187382101888,0.06796450631082,-0.0587683987260337,0.028724616370775,-0.130171323399936,0.110076832846124,-0.101855101701692,0.0590960250734867,0.15694279367989,-0.223107390710978,0.0333471777960874,0.0957496318257874,-0.333657665812561,0.0902318593130371,-0.104787808802888,-0.0205936501301534,0.20806137372284,-0.145672978113554,-0.181000433388995,-0.125953372458252,0.203579619849067,0.162491807909585,0.0380827622010767
"继母-继子女",-0.108724481189937,0.169334857537027,-0.292724104680693,-0.285564580027876,-0.191504285605721,-0.315611263367265,0.231716542195889,-0.0741159561010581,-0.220377074639828,0.225211092550507,-0.0271551386482027,0.431685115463662,-0.362365131885854,0.0169668523587842,-0.337348615665155,-0.226509345746278,-0.0610212960325646,0.171117873921564,0.343829130473423,-0.0971102413117898,0.594125510186507,0.272757850296788,0.167241661078494,0.109174693770614,0.610872456923877,-0.126890565980604,-0.0520344576091263,-0.409534130518338,0.215493042238301,-0.29387681651276,-0.174839915391402,-0.0511507456103176,0.0513519277652983,-0.0508904917007052,0.420563036919171,-0.0950980001518281,-0.251072201045008,-0.0698358160100366,0.116806931029044,-0.228660910881794,0.0401634509738807,-0.0531241555637053,-0.225653487708603,0.142111046083717,-0.00741816163752861,-0.20163759927228,0.0268679586755303,-0.0641960851368549,0.458510909351899,-0.0472227330015397,-0.199454955400227,0.185825726955882,0.0240862055369917,-0.139578068688946,0.299711890021923,0.0228298166043088,-0.0247322896712332,0.290212313025566,0.406775008572756,-0.175950136493528,-0.162476354591245,-0.202064953607655,-0.286639216825327,-0.396297041949255,-0.0707203034266446,-0.101037622563319,-0.0710621010648616,-0.276549767049437,0.0881125006536191,-0.107851114090686,-0.0203859443511643,-0.0428978561676919,0.00136501954316184,-0.157888418977945,0.00612240952884179,-0.221913643557946,-0.0354792255502137,-0.333681836503516,0.0896838823375027,-0.327148169191419,-0.169091463068701,-0.122016398483197,0.682324645890464,0.204773152917794,-0.212060530428077,0.0819511576173415,-0.137743102563644,-0.189553708332646,-0.114370941893862,1,0.425882907405548,0.172257797001546,0.296137992641592,0.349339577532274,-0.133408326948563,0.528504332421053,0.0588041567024706,0.405207884047963,0.0499559006918711,-0.0289807188884646,-0.309273623699243,0.158196516876026,0.0283626083369392,-0.356571885926076,-0.425364471934313,-0.259944899061282,-0.0950093821062027,-0.185242790765168,-0.226699064249821,-0.169959264811147,-0.0809958150281884,-0.112685354216654,-0.309947119191324,0.0464288495337479,-0.0297620485152602,-0.0973167825404336,-0.266391558014862,-0.0596898068828722,-0.0813925027702601,-0.134088362697201,0.0286485826903894,-0.0135208526143982,-0.280122881135987,0.119935220936176,0.133177167782162,0.0703968438065497,0.478762819135808,-0.158964294132272,-0.165326093201318,0.395158523529369,-0.1588395183887,-0.12991199906605,-0.172930163450003,-0.110260636157507,0.288976070186077,0.0217694935633349,-0.0461031573982315,-0.0412634005928958,0.22340136150069,0.230051613275125,0.00427483765018717,-0.160933117478437,-0.124430885021759
"继母-继子女",-0.104871345700314,0.0176822168643712,-0.232107020352313,-0.0889450487628873,0.111669878024916,0.0193430568656304,0.219600989546092,-0.0297786738396077,-0.00237177730692496,0.0561761242484969,0.00130456297839828,0.249424785892661,-0.228578211730492,-0.105684268399223,-0.136999190479467,-0.0372627214930467,0.111599008841024,0.167798991833437,0.132550123385607,-0.22324391888803,0.273340599982718,0.000818296950861519,-0.0379043577291694,0.17678869618538,0.402017674765721,-0.29946280533105,-0.0444740941234901,-0.2355651557544,0.277829154140267,-0.021468346137929,-0.0321676013024103,-0.15242861495877,0.123014955701067,0.0573188711022585,0.105937363998142,-0.209648567096502,-0.178673830299013,0.00908276572096738,0.15557265418405,-0.056597403468491,0.0909834448255953,0.261840176726035,-0.0391237266154606,0.438932972338375,-0.14002287231941,-0.0946710111955123,-0.096271670636761,-0.191419608686652,0.0887969226107967,-0.0269884972533484,-0.273742336923358,0.373281143069833,0.125403352785176,-0.15796450660953,0.334737547894317,0.0410691726003747,0.0659659086760024,0.0444838609524825,0.126518402487781,-0.342529467469356,-0.201990923846685,-0.254107883801157,-0.0533651775566463,-0.181060036970293,-0.122593099760735,-0.0113204451978736,0.0332175178757652,0.0162181356183166,-0.08887304610132,0.0548566650630015,-0.10668320379188,-0.0267752676951484,0.0120785557700748,-0.274004249879794,-0.143011775275348,-0.297758327672591,-0.226981870338543,-0.291877938792019,-0.0729179037817938,-0.205234184932169,-0.24593675690184,0.0932908927553545,0.464198880307877,-0.00914706586881826,-0.262121938615896,0.0540789288344292,0.0630467475659331,-0.0943312166013171,-0.183090730528198,0.425882907405548,1,-0.13513419640506,0.193567848463401,0.234810101181979,-0.219852879554636,0.464254279251835,-0.0336809276562482,0.0555556850294507,-0.0201156593643064,-0.136160649658544,-0.068290209482894,0.202270667807915,-0.0111218570690794,-0.0346556773537194,-0.191386376705248,-0.351529724980891,-0.231879422473491,-0.0195704606373813,-0.248027762647561,-0.203659463073288,-0.0248072067312019,-0.0336067189842679,0.0615559195230084,0.182500423985482,0.298037201104207,-0.0669865089867154,-0.0377574380362887,-0.25036526844962,-0.0860855488823935,-0.230962606596141,-0.130226684612979,0.0910942393705704,-0.0289948386525918,0.17845549387615,0.344942880013388,-0.0257669381408392,0.104438303364677,-0.153812051521637,-0.0255144243744207,0.146425563016577,-0.255790096877019,-0.229993895624241,0.133958518904598,0.0706181567804361,0.0594437140709204,-0.0602159240950158,-0.237558642633917,-0.037067792882264,0.318859052771241,0.281273597231668,-0.0341093617667685,-0.199034755618285,-0.005191569415973
"堂伯-堂侄",0.240073127749476,0.349069277382514,0.0963859892599445,-0.178775281257008,-0.318454424106041,-0.324474203277223,0.106381422323838,-0.10531623616788,-0.213121184404981,0.318811301137476,-0.166969448831212,0.244010300165403,-0.302635626578672,0.18970891091703,-0.281951511077164,-0.247582342388434,-0.351962653492476,0.0778364047881722,0.382407467927251,-0.0173398503511572,0.339791294630603,0.55861970103908,0.477219211785918,-0.0646603752776569,0.0279766635128428,0.363166808977818,0.220574388145703,-0.0679013236084202,-0.08739707336859,-0.367745223730548,0.0649913854709087,-0.170194952333419,-0.381739714807964,-0.262095104106416,0.27857817476987,0.0532573983567999,-0.01698969698092,-0.11090837375701,0.0879820814928162,-0.144495962964697,-0.0819309760645516,-0.147268808252952,-0.110356282705788,-0.115956744430018,-0.0576058755480956,-0.0626198715852784,0.234793686223368,0.0276573597250999,0.35451903043292,-0.254863781900667,-0.0769425316919687,-0.0452028860580463,-0.190498140984852,-0.0933682109648091,-0.149248889484076,-0.167347584250004,-0.298683811882148,0.116042990434262,0.467330993509332,0.208939022069942,-0.0193191579585067,-0.0446080716978214,-0.133935181532203,0.101222800574097,-0.0391563974173681,0.183790592357518,0.147852512027302,-0.264522401320723,-0.0905065184868284,-0.267688405400395,-0.0606673968657411,0.125440183062634,-0.148424674175738,0.0843271852950306,0.296781762307205,-0.0423644603404696,0.185834008755592,0.142203212942911,0.260336137350242,-0.286681873522451,-0.134125726168269,-0.348845932741954,0.0973197220301146,0.148754770099839,-0.081578027176731,0.136879902632322,-0.356105839280917,-0.289516529067561,0.0483189989225081,0.172257797001546,-0.13513419640506,1,0.136398589620198,-0.0193247889149613,-0.180105234038524,-0.0300963592076971,0.128687268212049,0.548680712378699,0.192479299311983,0.316713144803822,-0.276372343700413,-0.187699422676532,-0.0678506638225214,-0.369447459356188,-0.152319981291302,0.00269948961853674,0.162047461557858,-0.362119834352628,-0.0777789168751785,0.0728034182348001,-0.066620511249275,0.0350719519243934,-0.362348850215673,-0.262057499530777,-0.296368753936209,0.126088795158348,-0.231766151333903,0.0785550123118709,0.0511646014215796,-0.124276251340548,0.0483182638184171,-0.256531357220627,-0.186980702752856,-0.328941704474565,-0.218605568447895,0.224792057212568,0.32756225462874,-0.0993947707797696,-0.174403082394621,0.38351116613414,-0.0120566454262484,-0.106164305213169,-0.389221639010639,-0.0465843027526332,0.462282198607225,0.465263444806778,0.394493129500236,0.193050126468155,-0.116540030691582,-0.0923081076763105,-0.204652256242228,-0.0224826511532623,-0.125435813326373
"堂兄-堂弟",-0.183604743031817,-0.0439921979925345,-0.174976143225399,-0.269048573250187,-0.0705035204546128,-0.322520505988027,0.0539810800009169,0.229350349207739,-0.0773999633845119,0.275236265829985,-0.278545801880672,0.0818167817020472,-0.269503250419938,-0.0126848814732878,-0.274627262265844,-0.28783150065197,-0.00440241905578865,0.466356246303701,0.178795494017529,-0.240036759875539,0.416004853124688,0.254800232480249,0.0653248771777618,0.477622046702409,0.205702243373076,0.0809990557235335,0.096870483425039,-0.208532329206761,0.303520072831693,0.0844079821876595,-0.164258699597235,-0.0145315438214362,-0.0545346620218542,0.247497017716607,0.0951842105869845,-0.211155363249938,-0.214379053518634,-0.0389752724700915,0.0242854648955578,-0.0547133033082978,-0.0162958009274493,0.0631352042648048,-0.20873609991658,0.0390239368610186,-0.0983204006422939,-0.0336303754766531,-0.0799570646441408,-0.071391317502331,0.132858830318183,0.047746961418596,-0.146397100816733,0.40363523910244,0.316283301730234,0.0241174143446688,0.322560382111073,0.20890563295367,-0.14685396637886,0.140294581459723,0.275049842589119,-0.11231259323265,-0.222834681257116,-0.253178314577003,-0.36613241245428,-0.229638509252465,-0.0790789867754149,0.110289093798127,-0.157658835970816,-0.449641911783911,0.0646046695806084,-0.00912251657421772,-0.0762489651058041,-0.00397897490531384,-0.215783237530281,-0.110900248194451,-0.0279988035873231,-0.194160704534422,-0.0994057204247444,-0.312813108347934,-0.0761546964853776,-0.39157033304673,-0.295455719667069,-0.0781519087980338,0.284500219688921,0.0117539811490994,-0.175454188376417,0.500335707652092,0.0927176498216855,0.0904487347495322,-0.349066307181164,0.296137992641592,0.193567848463401,0.136398589620198,1,0.393362188980902,0.0550665118698386,0.29151199382036,-0.250473416480352,0.16352901702482,0.116636736087078,-0.21546387246893,-0.181233390015949,-0.0648189640627299,0.0952134886313549,-0.316296784746814,-0.409071191029848,-0.101589116139325,-0.110806997422734,0.0616792783484084,-0.302557511538494,-0.211632479118402,-0.023612035007117,0.124651059470474,-0.151584676190526,0.0453637115241884,0.0950184652447813,-0.136435981023221,-0.0958144605786521,-0.172797931112004,-0.1450866321779,-0.310429656564374,-0.102469387245855,-0.174322594958635,-0.0601631710007849,-0.0986774889147774,0.0944126393909556,-0.257148682734917,0.232431312054578,0.0292997480130857,-0.161846428242539,0.392768603873899,-0.146484216590021,-0.234336928805275,0.186279371313189,-0.215916662833278,0.207011684324462,0.12974943052561,-0.0370044300275289,0.179940581862551,0.202153036657151,0.244641790040649,0.0637559958113774,-0.175071919779065,-0.000383445103456131
"堂兄-堂妹",-0.143568982836662,0.0308208892104265,-0.204761141760584,-0.155705316845327,0.0415706443049555,-0.266605700788796,0.265415092688718,0.348607548864575,-0.0323586220209885,0.175788350183498,-0.0319337800890477,0.0634083288135518,-0.183873451448291,-0.101076225247051,-0.316819995417239,-0.292979603997531,-0.17320727929077,0.0558837623510082,0.174082962114912,-0.265570891232931,0.173884860503535,-0.000673624086165532,-0.114376877923217,0.130406047416592,0.491042713641254,0.00491234355791792,-0.0909178687417738,-0.127455770097675,0.105410946503099,0.0547152013995523,0.0886105638586638,-0.0186961291769794,0.261237966590356,0.218693956411221,0.18186044306719,-0.127081123480246,-0.0152916201163993,-0.276773461518572,-0.271734533288524,-0.111711357725288,-0.131685267040973,-0.196187957350196,-0.140407759906672,0.0343817430014918,-0.0374611046006316,-0.108295607518898,0.0896600811589819,0.112964890832852,0.190683651804983,-0.0294527160757881,0.0100270750967901,0.230317931905405,0.212638897586519,-0.103310209146787,0.283412876744704,0.129410451094186,0.111940762257765,0.391095416109695,0.194665573093146,-0.0928378659933588,-0.156782932893758,-0.170718675083475,-0.239741210863404,-0.241284226099802,0.2016679783317,-0.183668767847089,-0.136938505253651,-0.295918270904259,0.102935386914564,-0.114658658852225,-0.0318945055708386,0.211178736825339,0.0766436858867304,-0.105998273699156,-0.180985954642622,-0.0775150320233451,-0.0880940205941707,-0.21469398012893,-0.0323980276292106,-0.403361519913058,-0.101958928122293,-0.108301899175836,0.317456942847289,0.0789037733956831,-0.0783377374519341,0.236281348922982,0.115985297485717,0.247516796971124,-0.10069586413555,0.349339577532274,0.234810101181979,-0.0193247889149613,0.393362188980902,1,0.0249742227084157,0.41952335234241,-0.245356545036614,0.047381649115389,0.0610751972070941,-0.297189237115228,-0.293639447946494,0.136891358823388,-0.0566246091105203,-0.177457353445193,-0.333212467066311,-0.0203131112102551,0.00600221392576825,0.0364364788552741,-0.252204208635776,-0.183346132338974,0.209575478850181,0.024736360814216,-0.171358666832961,-0.0347936391357112,-0.00943219757992142,0.0157828432854261,-0.281637618306095,-0.168030521288921,-0.0815234969170966,-0.222798841211695,-0.0973441324931923,0.0359531749037736,0.00588520518373491,0.31920717736564,0.235881541613575,-0.273596807057854,0.0747855793541351,-0.12392161089749,-0.105785123551652,0.22166701772132,-0.0659489134532464,-0.0693188728262632,-0.0251327247528797,-0.0738277775248985,-0.193510829521265,0.0535629292715185,0.0342179267015874,0.151251002708588,0.23954494452534,0.0633322879361021,0.0537419249333641,-0.167137611693029,-0.164887987897405
"堂姐-堂弟",-0.210299447705606,-0.31534754774331,0.0499161407310541,-0.180845138809648,0.153537993786997,-0.0112809269175026,-0.0744942146839648,-0.132027725620057,0.0149605712252992,-0.184005837823446,-0.13301407912045,-0.251543793629007,0.0199071150350735,-0.314251869686419,-0.0362721288690677,-0.135416796715585,0.186356893847649,0.265594090427374,-0.163187288461791,0.1807292427228,-0.135165939069097,-0.313467058109193,-0.0573065691680689,0.0555432335035569,-0.119010479030523,-0.0616908426875621,-0.261634071973444,0.00890207604267819,0.173678458000554,0.38184189254466,-0.234800917975267,0.164942423764487,0.0232677810699268,0.259921090144536,-0.277344810530491,-0.145999973612349,-0.198359938831555,0.0174798878442233,-0.0392794747323894,-0.107559801548913,0.164653352409837,-0.00817379896866444,0.131040816034373,-0.0875616588424859,0.727121134057951,0.11155677517775,-0.365988866653214,-0.052567173374568,-0.208591811065612,0.0762376029208682,0.132529324408677,-0.0636492411462954,0.391157853939693,0.763790561006228,0.234772932823487,0.32496600853911,0.15213554932833,-0.18168232363794,-0.228275250236639,-0.0298011686235632,-0.158079487741723,0.0514215554625101,-0.277772277131553,-0.330977809400281,-0.186745531797191,-0.124870179692048,-0.22093747612652,-0.209720494100711,0.157856703927108,0.142684555167016,0.682407682590247,-0.303814758666215,-0.222198914557425,-0.0295611425438771,-0.264065365909624,0.0504654780034927,-0.0267517833873306,-0.137791311875922,-0.354556219608929,0.14231653226276,-0.101560752830047,0.223837980610231,-0.162963626248201,-0.231428841508463,0.0543878457831488,0.196237199727156,0.0356723460950652,0.133364875626317,-0.274402290417505,-0.133408326948563,-0.219852879554636,-0.180105234038524,0.0550665118698386,0.0249742227084157,1,0.0266055532571811,-0.170617979322095,-0.293166610424674,-0.208800516611849,-0.236137272050905,0.0476329547207936,-0.0901478406714487,0.728159934626016,-0.068744204710236,-0.0846108969677177,0.0672819521751739,-0.0489813335717103,0.457405834836876,0.0688749606483987,0.00265518593606575,-0.014166382742386,0.0834633406130028,0.121163397607712,-0.0309770125933508,0.315194615189261,-0.176567313953416,0.342447818139771,0.163973433117654,0.00786258598156478,0.26059287745419,0.647688397318634,-0.0916661855045574,-0.0304946382694458,-0.111924566058412,-0.0851565313622554,-0.260107653964595,-0.0811538451867054,0.133864034940651,0.101266761465655,-0.104267022140294,-0.00226964217944383,-0.00305642623703642,0.230951582428697,-0.130068846130878,-0.186112634185351,-0.266295880081352,-0.396834243413294,-0.0265177468101241,-0.137033482581368,0.0721523475008028,0.0527907147426123,0.0871994971919917,-7.72703782468327e-05
"堂姐-堂妹",-0.0639241805069604,0.167507127003516,-0.205693295273114,-0.154000798662698,-0.0450191545592608,-0.167190330672406,0.237084503565713,-0.0149620520313707,-0.0791917097684854,0.0886150021582374,-0.00258502278095451,0.236411578986244,-0.31644649755109,-0.123643735598899,-0.271878017097942,-0.104939364426118,-0.0705499293623744,0.125031472282732,0.182344284363564,-0.235862869695299,0.419788951837207,0.0876623749082237,0.0352013411615977,0.057814602080184,0.445275700501519,-0.202584549753989,-0.169506633402115,-0.28764157206287,0.221969997564762,-0.0982942182137144,-0.15825610716608,-0.115272549517988,0.0504565054784596,0.0329938926508363,0.191926869929907,-0.231622626951627,-0.284962913093467,-0.0162029547358834,0.219872339150954,-0.334373408164366,0.0929403482636167,0.0264639702245334,-0.0798157233633077,0.451179396812358,0.105661898656404,-0.281654620671128,-0.0214460852329122,-0.182702687804724,0.321525473829488,0.00995339264355482,-0.315535882202193,0.135406816935132,0.265041050758491,-0.11435315418327,0.359264438810573,0.172235931528361,0.126655816208645,0.0792867310919006,0.233580734861969,-0.326002186339757,-0.29306649725789,-0.260637918334645,-0.366896799956008,-0.442438261770054,-0.176382151269574,-0.109057074067844,0.0955028404725044,-0.149445953749068,-0.047253852950338,-0.00809465700283131,0.0744861807341592,-0.0814988916609845,0.0371454025835289,-0.271019682603457,-0.111496951788898,-0.328102582098754,-0.191659594984735,-0.28859334586885,0.00360442048819869,-0.223847074987548,-0.253958787682505,-0.0279202180933958,0.638895680274825,0.00486005356924935,-0.314048176389004,0.251368368963767,-0.0790640766773435,-0.145323128784485,-0.279952965439667,0.528504332421053,0.464254279251835,-0.0300963592076971,0.29151199382036,0.41952335234241,0.0266055532571811,1,-0.00113130717837813,0.115511806868478,0.103229186215435,-0.220996934604241,-0.407809495893022,0.135837594509433,0.181843239564416,-0.182489397554527,-0.376203376696513,-0.269636504632694,-0.160772504318042,0.0788827996625831,-0.291599201504534,-0.295355505575719,-0.0449609948631687,0.0197038929962422,-0.159888013007496,0.104989209408004,0.171900758110827,0.0551714606037787,-0.239138166627681,-0.184198217133295,-0.0144980105721698,-0.206584400503989,0.0931914757394233,0.132205982835599,-0.0764397266893179,0.102207045325783,0.326568342498764,0.0122197025042775,0.279717688217633,-0.165234439157412,-0.0417224737461596,0.284011760861297,-0.195595904920651,-0.137098142171726,0.12080128303763,0.143505940666592,0.142250237492435,0.06921614514471,-0.122703530125973,0.0526451539246825,0.298093368293791,0.299813515964474,0.0705122141471152,-0.230554772743951,-0.00719432136651903
"堂姐夫-堂内弟",0.437085057415293,0.433057178679861,0.118453228549279,0.0628760384289277,-0.0780264674439558,0.228839684998105,-0.0852583416945129,-0.0911810628691095,0.148108370851345,-0.113201177860193,0.257892016551905,0.102549383786163,0.0190791642921176,0.0652939906120401,0.108772210400191,0.162822599763308,0.00422183744085186,-0.132691128487822,0.0155289489684739,-0.0962244680476705,0.0855696991857933,0.0532350774715911,0.119727757302944,-0.0838281914309906,-0.0962986837150304,-0.217484798677925,-0.141493177727008,0.041414266245529,-0.230472861512188,-0.108852176856386,0.160002320712354,-0.204267565976905,-0.126471222215265,-0.063006306645237,-0.0755922178097501,-0.105658316954851,-0.102839484992313,0.0780848535264516,0.0845497628815632,-0.203401100671899,0.0844973995834197,0.0999674069115252,0.0761930386103301,0.115198731918771,-0.0959454262539165,-0.149301349203634,0.161051455343885,-0.267287879864694,0.214855675000227,0.0449032311203086,-0.37086122454651,-0.1166240592906,-0.187853916852846,-0.256124145562278,-0.105621928695961,-0.142207103894062,0.0785621608246281,-0.158826023375316,-0.0577707380740539,-0.231884133948308,-0.152581749093064,-0.0913600037300789,0.26303784706818,0.180392805666378,-0.0409300792288101,-0.0189917614499659,0.211079726638449,0.246823963241358,-0.153767844986193,-0.0184298530499125,-0.133023536474074,-0.11311787327057,0.330144490628208,-0.288458166789969,0.150204752921432,-0.245935215589347,-0.215557339323773,0.201119441487051,0.172939554899931,0.173795104750667,-0.12489110159326,0.106850869995612,-0.0231220520243818,-0.119354781854132,-0.264863957793696,-0.114060318950626,-0.00127598310558916,-0.244827828011643,0.279997634626578,0.0588041567024706,-0.0336809276562482,0.128687268212049,-0.250473416480352,-0.245356545036614,-0.170617979322095,-0.00113130717837813,1,0.076420161330527,0.393973441249352,0.110364040051881,-0.073195506865806,0.297703977718076,-0.121877790532002,0.0669944575444909,0.0679154686071276,-0.263089293092973,-0.249125466907131,-0.18894038373095,-0.062853682788352,-0.205842662957444,-0.0791849943802492,0.0456958635628532,0.101498205440388,-0.0167170327341985,0.00691933718938831,0.183112269025804,0.00628041988724903,-0.233561671141622,0.0281837164216619,-0.0556937069307474,-0.0902748215986219,0.19371464729612,0.00941715828700532,-0.10756011807143,0.0325889913774836,0.542099060181099,0.25164566764929,0.0954253509442058,0.242838152570899,-0.0233599970755383,-0.234010665538822,-0.128009250880895,-0.10196177753307,0.42731209520755,0.135489310337454,0.162059832071928,0.124859362491703,0.188914786834859,0.0456990405232115,-0.0176961631780703,0.0758710644809851,-0.163825011042402,0.0436387371797241
"堂祖父-堂侄孙",0.104067447339025,0.367309809902753,-0.244064865120508,-0.187159990488725,-0.391872438627102,-0.371651370885345,0.0515643577708647,-0.0676161362325625,-0.305942092539847,0.286479119020889,-0.243857030567851,0.400376457978918,-0.471976910259458,0.211923585905919,-0.404415717255255,-0.309374358920444,-0.312554237134587,0.111081148862583,0.42414990298147,-0.03099192527373,0.613629317466432,0.643102904580013,0.229420049725884,-0.164448919779011,0.14601614954927,0.138591011680507,0.117450955702248,-0.329290549335394,-0.00310024950785453,-0.460552251981161,-0.130093223494365,-0.157789179158568,-0.260806105372114,-0.272374648928833,0.487004809266529,-0.0191051500969121,-0.15803050253301,-0.108597068011219,-0.0305753092190958,-0.171934721047034,-0.0608067573853853,-0.183851404430129,-0.333550273653818,-0.138113626754793,-0.0556208118968686,-0.109922959173249,0.323861008935779,0.142760962488843,0.544165717166145,-0.233549211506752,0.00991163855703096,0.0526499787803443,-0.268847557153507,-0.225879125265299,-0.146766895276748,-0.217505598094774,-0.233631961970128,0.268356085636757,0.746814723998251,0.230541774751016,0.120934570250708,0.0198478287765869,-0.208910578034913,0.0102565886670946,-0.0909470324763671,0.0512633623749713,-0.0044656879928,-0.352127509019549,-0.0983537335734078,-0.301163340274142,-0.00733138587861894,0.181632533114071,-0.0560517884944915,0.171069943938023,0.137566994486941,-0.00107891469120455,0.327878874570389,-0.0776930578375222,0.223386714208748,-0.46195557216811,-0.226304070459737,-0.344792310388092,0.330233286756047,0.527114943936531,0.0122584393492109,0.0523921588406558,-0.380673879791521,-0.271136524420266,-0.034229299427808,0.405207884047963,0.0555556850294507,0.548680712378699,0.16352901702482,0.047381649115389,-0.293166610424674,0.115511806868478,0.076420161330527,1,0.149124323480058,0.245338283904426,-0.419660980034584,-0.155652901627533,-0.172717192851079,-0.450974276461011,-0.380868565367072,0.0553261813184784,0.258166456753748,-0.374077010443828,-0.0938487665341873,0.132002476088625,-0.202422677549204,-0.223705101185251,-0.44427274947978,-0.119867028021846,-0.342031615860073,-0.00454160056002183,-0.375909142055389,0.147259291878838,0.0167484365848855,-0.129274147228455,0.0742534731428543,-0.247548334453952,-0.336044210729106,-0.0929425733365699,-0.164404747845498,0.154969483186755,0.251141968845344,-0.287025949660886,-0.342757874315885,0.466862540722673,0.143304317128549,0.0585150959945053,-0.371647233489344,-0.159298152369093,0.444888924032753,0.445948080021564,0.487495260096929,-0.101205458691963,-0.0324177146496371,-0.0336776264252313,-0.171747443703197,0.0456046627453235,-0.16681078003823
"堂祖母-堂侄孙",0.456783123135012,0.42024274890768,0.113866714880272,-0.0144610152768202,-0.116192337767465,0.0594798179415217,-0.0845419591426773,0.248430634988618,0.311551022910846,0.0599058561612549,-0.0237423249331158,-0.0202106030848421,-0.0635249846627182,0.00752119668266645,-0.107560224116272,0.0711134229618927,-0.166986733674841,-0.00718482088752113,0.16166368285296,-0.279770699727064,0.201393617368529,0.170087679988702,-0.00667814589690302,0.156949416755917,-0.0393509788239579,-0.206392650794276,-0.0177023924263043,0.111277186837263,-0.261657176712152,-0.0666976026246671,0.214395869837803,-0.322615472081169,0.00475954931119298,0.108798541239229,-0.0376266902055433,-0.300920930060402,-0.0820830425668413,-0.135420549023879,-0.110649989540575,-0.16902808458842,-0.189840931230958,0.0719382717547849,-0.0362602059191509,0.144672024410205,-0.203723089294832,-0.232610981916568,0.244674464825298,-0.203718572243255,0.238189340529075,-0.07664728830575,-0.356703708665723,0.147038180627652,-0.0243756643622694,-0.341883112920951,-0.100228263923821,-0.103136259856257,0.0333086765933001,0.0959310361965349,0.104082107810258,-0.241333222181582,-0.207563419319238,-0.256602682191146,0.0740955654707721,0.209834673886334,0.151871379330832,0.143215620478891,0.228675437393973,0.0986483641656734,-0.377803992197836,-0.111855498860442,-0.219464735790888,0.104831417823542,0.281801718019856,-0.261924311832473,0.182178456926784,-0.232937869313151,-0.263990287026513,0.163427776043317,0.254035556527944,-0.151624593030131,-0.284042739574432,-0.119257015410848,0.0104189086157745,-0.121113638398151,-0.284226295173136,0.0278267588049134,-0.0260298331180534,-0.133964532429153,-0.110826260705158,0.0499559006918711,-0.0201156593643064,0.192479299311983,0.116636736087078,0.0610751972070941,-0.208800516611849,0.103229186215435,0.393973441249352,0.149124323480058,1,-0.0084031049963589,-0.233315771911508,0.16119065756489,-0.196061836539256,0.04869038751198,-0.0751157808375783,-0.255315740595212,-0.293648340324697,-0.142370014246476,-0.287981493097162,-0.30594151988068,0.199294443203439,0.286668610781973,-0.0616664130358062,0.154014880329781,-0.118342903627802,0.115402782887873,-0.203956781353115,-0.328018758045486,0.12529372568622,-0.273425599318131,-0.215804147479244,0.274808158638591,0.315426011086035,0.102904293938029,0.283717259295969,0.335062881909259,0.330932914533367,-0.0155080939087052,0.00255040426245631,0.183586609948958,-0.266437549739119,-0.205098530662063,0.0150727027990391,0.360480356343672,0.0682646712368222,0.342921097082118,0.184337208667126,0.595772236590034,0.157542239802676,-0.17324035830724,-0.0159963344766519,-0.287962119213088,0.000703263515995584
"外曾祖父-外曾孙",0.0742868488309658,0.0810262691829526,0.335876845467119,0.392753504177905,-0.00997887037375505,0.0141100842912896,0.068750092822702,-0.205546874211289,-0.0867168494041613,0.151259915855697,0.158388285524376,-0.0068929811949956,0.149711385707291,0.18443861946121,0.220135253263767,0.282962665377677,0.0766775321409707,-0.0692397645276044,0.247808116422237,0.0457218705797478,0.162338812792062,0.239817384347182,0.430155013386758,-0.0794376277013789,-0.0752847368110884,0.166920436137671,0.257802447236697,0.166414826740038,-0.100468013976298,-0.235537965017638,-0.0687316672049994,-0.145205552024762,0.00823276918147932,-0.265333469027161,0.0730993197332533,0.370776793369782,-0.00920541589065712,0.220884333413179,0.227601669732419,-0.0666976232734393,0.0940301898375869,-0.0503511485124815,0.136060806134265,-0.0195714773655359,-0.139091382161507,-0.100337189498683,-0.0604535122881386,-0.283710846359039,0.0210602881521689,-0.0284319521234379,-0.18783243766491,-0.137383352381393,-0.150113316668524,-0.11169039677409,-0.199612494934852,-0.0261392296789982,0.00116856283987049,-0.109165714351835,0.216432544100367,-0.0973453551907623,-0.134749042266897,-0.194402401107014,0.159955467051239,0.0835391703047483,0.0530582069493049,0.184302340938152,0.262656825829977,0.225536658050235,0.0510715576228393,-0.00112900741946672,-0.176483587118639,-0.200848038295017,-0.0311282634009077,-0.142095849115725,0.236569312776176,-0.245180913246094,-0.0714670573200766,0.263176451869884,-0.0306853664095975,0.180884902192733,0.168721037772877,-0.19446567575545,-0.0116423395658356,0.155975556006711,-0.22644916999958,-0.165280697686002,-0.142388075211482,-0.221672648345727,0.128504309000691,-0.0289807188884646,-0.136160649658544,0.316713144803822,-0.21546387246893,-0.297189237115228,-0.236137272050905,-0.220996934604241,0.110364040051881,0.245338283904426,-0.0084031049963589,1,0.178665574496627,-0.0855817033528058,-0.15983247106568,0.164743671654478,0.409838115107946,-0.222500510124207,-0.147215906829378,-0.128372243840478,-0.074979346651361,-0.0431178933877653,-0.0455817551630365,0.0854787961481582,-0.107284316723191,-0.13862320464759,-0.0868980444041356,-0.00934798086003756,-0.105050669137542,-0.0812743575184105,-0.0591331162347438,-0.0328070311781583,-0.0377412792742286,-0.070829344759826,-0.0857099449525289,0.0119673501493505,-0.130156644605574,0.251230639365349,0.014124383345898,-0.153618099903028,-0.155125579863105,0.302329817366056,-0.220117959435202,-0.206603470532675,-0.109206249226444,0.00118522549397486,0.390499934838715,-0.0110315410236782,0.139063657805402,-0.0537338498691612,-0.0671017040431558,-0.0692266109202564,-0.234726522118931,-0.22512034095415,0.0672685906785076
"外曾祖母-外曾孙",-0.107655544346358,-0.345944764329051,0.321168636470821,0.348956470964327,0.509277247705076,0.344232809713284,-0.207345448070506,-0.0823800037502254,0.0166790452817084,-0.299002527439622,0.143621811893506,-0.292935873499208,0.440540863992785,-0.101875882546835,0.441552036354078,0.293525122806491,0.442549440107037,-0.0317071365054977,-0.449550864123123,0.105465988036059,-0.386398166080398,-0.358216419076039,-0.144648223896335,0.0334032828680368,-0.296097383641129,-0.0695648860000022,0.0573943965988528,0.306058330763461,0.0254257167293643,0.288953067660928,0.0974669687267529,0.179618128666378,0.177747874682415,0.0367271048824027,-0.429675127260608,0.161813370108155,0.0923644579280961,0.325832156933874,0.115873229208155,0.477833132605861,0.175582550791078,0.251106037244385,0.249932961982879,-0.123111962940692,-0.158181023810758,0.295019675234105,-0.193927543742736,-0.173780021934554,-0.520682762899178,0.282796290497006,-0.018703218285345,-0.0102864969536655,0.0351452633926478,0.13244369549257,0.0318784970072631,0.120102181908694,0.0239643742881194,-0.328872798634934,-0.485037978278508,-0.159761924035567,-0.123687432234927,-0.0737621857299735,0.426536655525726,0.290413487559978,0.0982713358843809,0.0905217292657443,0.01041488665629,0.345395550427929,0.254043327080497,0.433983453153497,-0.168283241198326,-0.27603463646696,-0.128174022503096,-0.0788597301372231,-0.0689874259210849,-0.0532397025028282,-0.178559595122957,0.136806673991182,-0.221663047821644,0.42468375116075,0.225867267253954,0.289427249990596,-0.442113459262226,-0.295348641798394,0.00831373393877107,-0.229974633481542,0.425398441226654,0.235299513050138,0.138793667804073,-0.309273623699243,-0.068290209482894,-0.276372343700413,-0.181233390015949,-0.293639447946494,0.0476329547207936,-0.407809495893022,-0.073195506865806,-0.419660980034584,-0.233315771911508,0.178665574496627,1,0.00438839055316082,-0.0604295561714931,0.453341334215412,0.504663630832455,-0.170683843100744,-0.203480536050904,0.200005648987466,0.0589800250432451,-0.0225931727477827,-0.0135669910462547,-0.139949191568039,0.615409983671791,0.0498404416543174,0.298762027639259,-0.0103538216135391,0.443497892316385,-0.0357535099866764,0.0062043597028815,0.138621319573751,-0.174983943745877,-0.0613407776823976,0.0595809836459728,0.0202530066893833,-0.173424801512983,-0.124147852717454,-0.317918817647258,0.308905889172192,0.313194815869746,-0.434398652334385,-0.193023950342927,-0.220812049251007,0.30518464122638,-0.0949666629816343,-0.247531465364653,-0.284619990313711,-0.34023858391063,-0.191171737025541,-0.130611937593056,-0.0645654513121023,0.0629305616491184,-0.0673191263767732,0.047964908618107
"外祖父-外孙女",0.0266189132814451,0.0803134877940662,-0.196900295926145,-0.132787192235136,-0.00484539266261854,0.200641556952399,0.173510195479928,-0.054588721953095,0.209364159012248,-0.234221097193484,0.436067595249141,-0.0783042495119091,0.0418544955329867,0.072771517257108,0.161844441083066,0.145107637517011,0.347337526297763,0.0229936257201941,0.051679900217303,0.0768866472511227,-0.0851513249093188,-0.296866278064889,-0.0322930649748557,0.144224409572473,0.429434573631168,-0.370877276527953,-0.49639684652905,-0.0623821020900865,-0.0672306151805269,0.148699270268589,-0.014068827518564,0.0415769242034853,0.367357665301632,0.138249667974741,-0.101072153198256,-0.164427107542654,-0.1030865861291,0.154133452869888,-0.0313855183943932,-0.296307141683494,0.192989853033459,-0.0862532761986868,-0.0798480013245532,0.091495666558044,-0.0456318093096201,-0.431648404245047,-0.270222253170006,-0.244634760031477,0.0155558130504743,0.399258598675407,-0.303907535160532,-0.131281818797962,0.147736665411723,-0.188834646387142,0.187021552526159,0.126744641024934,0.424632831264045,-0.0529208501477147,-0.209290799822613,-0.339460233407831,-0.146618312503001,-0.0853810405540471,0.236504911263351,-0.0973506519935027,0.146602706444658,-0.363843872277075,-0.113236138850253,0.254002635450858,0.141284067493715,0.145224914789663,-0.157290039175558,-0.266613623018235,0.492327669141728,-0.393812499261345,-0.21793186028797,-0.271555044565188,-0.372263750410405,-0.192746843067663,-0.253278224615024,0.222578576671645,-0.0675365072153992,0.299468119344401,0.0595702994204819,-0.139125793209103,-0.25705961714584,0.123285283356883,0.330266029240004,0.160968262312534,0.196007300757456,0.158196516876026,0.202270667807915,-0.187699422676532,-0.0648189640627299,0.136891358823388,-0.0901478406714487,0.135837594509433,0.297703977718076,-0.155652901627533,0.16119065756489,-0.0855817033528058,0.00438839055316082,1,-0.0521242328943968,0.093718773347587,-0.0452906639263552,-0.274569624349876,-0.346562155285364,0.0961940447246012,0.0748644792947924,-0.160098390661045,0.178699534843407,-0.00327649252063451,0.136526767631172,-0.0808376603228033,0.281750520902069,-0.112579344160614,-0.0506915162546557,-0.259008960325145,-0.23562024610065,0.152427602035687,-0.135506522418435,0.371691924802715,-0.0159602391942176,0.316941453089611,0.212675876433355,0.293167420028437,0.150588284463608,0.0882044401960605,0.356486107638372,-0.0532758691455923,-0.352789873289459,-0.127730048116321,0.00315713280757756,0.150128971931175,-0.148114331463996,-0.273881242265635,-0.232648656083803,0.011795714815437,0.363218788471537,0.313563854511453,0.515982792963506,-0.0615625511232125,0.0110640174397706
"外祖父-外孙子",-0.175643154533882,-0.179386048077136,-0.0422928547941333,-0.263200849614755,0.0113732832907572,-0.187124549917901,0.0138566146091088,-0.260064574317993,-0.0443544375570348,-0.121693129073304,-0.153949784300265,-0.105974340963629,-0.177259043931458,-0.243301285169353,-0.111397790420198,-0.168601384419461,0.176521302622005,0.332099206093574,-0.0501522101694936,0.0819064159743231,0.0638903694894841,-0.121540226069754,0.0781037797326763,0.130282120038119,0.00344586124658085,-0.0642885262201278,-0.169442269659298,-0.147366186534562,0.274362293975007,0.221067047132159,-0.297340828820785,0.143095827861936,-0.124802167866383,0.127670435030286,-0.154450165120655,-0.135822245614774,-0.258256087744298,0.0497261242148888,0.157259552927433,-0.16324311884987,0.152940458092074,0.134396672299643,0.04816454114871,0.101219786791647,0.754481598310967,0.0384394030411258,-0.335314966083607,-0.188518556513375,-0.0743816395273759,0.0663343583864303,-0.0392605063908436,-0.000881221458352473,0.34551509459835,0.794214911981171,0.274359856759749,0.27790602994079,-0.00102683325901572,-0.227719819637329,-0.099095407601427,-0.109577403981817,-0.185157764580843,-0.0430218232616932,-0.333250182384643,-0.40020172772216,-0.330428701708732,-0.0394985080706972,-0.0820603320605095,-0.283603058259841,0.0943798838654175,0.149206958099403,0.717400605262675,-0.297260564389784,-0.27821720067526,-0.0718465591693121,-0.182373297979333,-0.116866257690721,-0.0657811013468824,-0.182522178522528,-0.303107964230851,0.00794039985684884,-0.172768511836689,0.200726169411279,0.0883168666657188,-0.170552384195697,-0.102115776637642,0.280341009862717,-0.107112753287487,-0.102703021991493,-0.281145287936005,0.0283626083369392,-0.0111218570690794,-0.0678506638225214,0.0952134886313549,-0.0566246091105203,0.728159934626016,0.181843239564416,-0.121877790532002,-0.172717192851079,-0.196061836539256,-0.15983247106568,-0.0604295561714931,-0.0521242328943968,1,-0.206469542033855,-0.143061752807781,-0.115575907216891,-0.0825729224487083,0.357230279509147,-0.00610752772821656,-0.024534188183773,-0.172692811455989,0.127481397596838,0.0241497940754519,-0.0473275107039469,0.255649581627155,-0.113318982061995,0.248473645298346,0.0791710844641152,0.0188146991798969,0.1017543276631,0.722104030271322,-0.126291710076381,-0.0914552459442608,-0.238272902456353,-0.0263860224923894,-0.146663555225026,0.010438612513259,0.0498551964739958,0.0516060792456479,0.00250763370144274,-0.13107561758535,-0.145055339266509,0.28193240757843,-0.0479460319940696,0.0690210977858419,-0.182167063316715,-0.390498229629861,-0.0449274113207827,-0.0464436940976746,0.210978615534357,-0.00810253210520985,0.0386396341106657,0.000421497861876814
"外祖母-外孙女",0.138392364333482,-0.155032172405249,0.451588735927283,0.502677478201565,0.377463877440959,0.542821336481412,0.0693528181853737,0.217830978216807,0.460397624840073,0.00587828123750832,0.475851013184161,-0.254095646823284,0.631229266229498,-0.0804878409569424,0.502507684789889,0.690816947853156,0.165208667229899,-0.25768080939758,-0.336013328656157,-0.200914331370785,-0.403253809549378,-0.401493323906259,-0.140604624719421,-0.0700291657238905,-0.195338830512742,-0.196628898878182,0.0630517619439626,0.564440537508347,-0.154160696124295,0.255773153577285,0.15258592528918,-0.263989443415343,0.458159062856198,0.0144859148231282,-0.469798462963045,0.107942267465345,0.137369740687386,0.103860440139381,0.0267152237624702,0.143766008344586,-0.0651060866265196,0.117008751080034,0.471937818774684,0.261041968990075,-0.21339966790688,-0.0236139502204813,-0.154453517667434,-0.295249933905145,-0.420982153181192,-0.0454432300814728,-0.266677919633023,0.030620718587969,0.00864281977022579,-0.196014019631437,-0.0336011116654027,0.0194185030348406,0.431881320495343,-0.167122438728818,-0.508977293557483,-0.412244945891528,-0.241075112340113,-0.307405923719128,0.583350780316427,0.318032085377406,0.297936813882566,0.164765951799607,0.359034853608821,0.690077707095298,-0.156167804511064,0.145839318400069,-0.274816687343192,-0.164283834301604,0.203061987725972,-0.38365945699667,0.13780132581844,-0.237156797182482,-0.453614665028449,0.161152815467699,0.00254924279477192,0.570662105282115,0.309187763696015,0.19740798804017,-0.302591718572657,-0.345566215919479,-0.238630179384898,-0.305362712146291,0.408843984440608,0.137944710320928,0.0275244900034147,-0.356571885926076,-0.0346556773537194,-0.369447459356188,-0.316296784746814,-0.177457353445193,-0.068744204710236,-0.182489397554527,0.0669944575444909,-0.450974276461011,0.04869038751198,0.164743671654478,0.453341334215412,0.093718773347587,-0.206469542033855,1,0.666730150361785,-0.310828431070486,-0.443819100482332,0.182653069540999,-0.190786074796579,-0.337138061339587,0.316095403627437,0.269081727947006,0.316406727522332,0.175801872312069,0.212187570683794,-0.0306794639853535,0.144055955866087,-0.389916067107218,0.0749761493453314,-0.144629581305613,-0.330444960217715,0.278174652837812,0.45135325177836,0.253118543408952,0.284022735259347,0.0357657930177593,-0.223803288697329,0.0282407120564695,0.106779578348418,-0.388053472522861,-0.28338147680659,-0.257718874888647,0.200783839109101,0.211020443683084,-0.281968599656061,-0.201975385362903,-0.233022137348104,0.146721837124705,0.0902309116678413,-0.179704189043976,-0.0836200563901143,-0.348710961582516,0.37705145747303
"外祖母-外孙子",0.101356360332659,-0.179595941896245,0.583009702777343,0.520450498283496,0.309819346587062,0.391066059781301,0.0697042375039144,-0.019353313648844,0.224879011032721,0.0473252640142009,0.353122593052857,-0.246021290131363,0.682103030714318,0.0270446155725806,0.615514804996086,0.582899545796252,0.209206583772696,-0.194182693479524,-0.243220454046738,-0.132608927268726,-0.417275834017983,-0.221664596441908,0.100922734894155,-0.0879779799585717,-0.298844068102542,0.0521303902689363,0.28210307487733,0.515539278229643,-0.0865752912814274,0.190790673568699,0.162314861698915,-0.0781546382149255,0.198986124537777,-0.000568145943577142,-0.303632792006138,0.264482404984881,0.254027181053423,0.157214938387948,0.145717875389262,0.192777672089877,-0.0736324689040397,0.0338086115375071,0.49384423415147,0.0730614563118109,-0.200737058994347,0.053239067374861,-0.0951609159791965,-0.297904503306246,-0.376526975809695,-0.0420087441284817,-0.218509995825722,-0.11848040690223,0.00233891303633389,-0.0448685190060846,-0.146320558382815,-0.0168257383358543,0.156616553657682,-0.259238078072728,-0.439822293536471,-0.259445925668625,-0.182876071684352,-0.232176151851272,0.494375232960816,0.352557092542873,0.185845950229139,0.253125726309892,0.314179241805125,0.572284741110215,-0.0667197839485337,0.167061766519159,-0.253756927783902,-0.142262783547696,0.044501721925848,-0.273760766716626,0.172761209750001,-0.172914892234484,-0.331211165583359,0.32942692611487,0.016006589139467,0.575085811098638,0.431284830097424,0.0773985022789191,-0.395400481655847,-0.255070249013751,-0.209274392927035,-0.272555733740963,0.155398913520501,0.0286610032068475,0.165385611192288,-0.425364471934313,-0.191386376705248,-0.152319981291302,-0.409071191029848,-0.333212467066311,-0.0846108969677177,-0.376203376696513,0.0679154686071276,-0.380868565367072,-0.0751157808375783,0.409838115107946,0.504663630832455,-0.0452906639263552,-0.143061752807781,0.666730150361785,1,-0.236201709172391,-0.306499101116803,0.122282250576245,-0.112154472657996,-0.22545511824875,0.13955524780033,0.251898785723415,0.353523908049184,-0.0715813852477905,0.0616954801681167,0.127635804793753,0.213609276370586,-0.283330184944359,0.0843170563750606,-0.111532491831894,-0.249613137578641,0.0828961223029259,0.282585411110044,0.0603081869997405,0.0237375327918355,0.0652562456558208,-0.259716527702348,0.0332936180450446,0.079839315523196,-0.310217745810276,-0.232003694143138,-0.239273210769066,0.108498053321575,0.17222824246673,-0.109493101287971,-0.192658286924764,-0.139191114616425,0.0795445889412408,-0.136900445305084,-0.137194657496652,-0.0970257342078913,-0.265859727826802,0.276735610475499
"兄-弟",-0.167450326162029,-0.0684014963005362,-0.267871666526502,-0.144768397716027,-0.300307293258264,-0.185968069386425,-0.222617198901294,0.0336930597208538,-0.327575346341865,-0.120439502772058,-0.247155053071956,-0.129499822160153,-0.197035908309658,0.0400784780936022,-0.239977619153776,-0.380002495455914,-0.317194630692312,-0.219112307346164,-0.0952725206943758,0.487111481411665,-0.229052873230063,-0.0198264790791733,-0.237694598677088,-0.282201273955448,-0.152144479687115,0.280040867683781,-0.052053763590682,-0.221022077905173,-0.280644255530282,-0.255593281825142,-0.0398617454911274,0.231592999934488,-0.252360127104271,-0.0683043559785102,0.195157405616076,0.112563785096453,0.24527575656817,-0.172496442012417,-0.286977496749668,0.0657115687208166,-0.216685119774615,-0.323823384647264,-0.324010899710999,-0.412483850590092,0.0773031618656715,0.254124412652257,0.170987005981702,0.777532156077308,-0.0256080763195827,-0.10922085844259,0.820134872906658,-0.297283593542248,-0.276407051527975,0.0512656698189048,-0.269898277244612,-0.158362502242302,-0.262833102655815,0.191038774494511,0.0842589826298329,0.850163561102946,0.707483056180209,0.760293074098333,-0.283625959042666,-0.0122140421701724,0.0627164431778018,-0.226932258707988,-0.401701178646645,-0.315677750551881,-0.00979143978126231,-0.342528291220178,0.175532862148609,0.37306506172955,-0.091861689510059,0.797269336942235,-0.0690846270532161,0.871230688177856,0.737946107341887,-0.0172689689654425,0.0402780908738815,-0.195316282083956,0.106962454189864,-0.240471035889091,-0.228946615192846,0.278783445272745,0.822462321322877,-0.121861961088619,-0.201028317407574,0.0739152357675637,0.0937291767387837,-0.259944899061282,-0.351529724980891,0.00269948961853674,-0.101589116139325,-0.0203131112102551,0.0672819521751739,-0.269636504632694,-0.263089293092973,0.0553261813184784,-0.255315740595212,-0.222500510124207,-0.170683843100744,-0.274569624349876,-0.115575907216891,-0.310828431070486,-0.236201709172391,1,0.819648965885341,-0.269924524801693,0.611861849153201,0.685642841206178,-0.122511717319853,-0.350107066139579,-0.274489628366274,-0.180533015990777,-0.339886326093817,-0.0608570018167973,-0.00702319739806504,0.667483457136748,-0.159166664681658,0.47842021126352,0.139023913440688,-0.162122408612649,-0.195231209786875,-0.104838440180342,-0.358087520323444,-0.284554485745993,-0.243272794660988,0.0481274416712351,-0.0616323556166999,-0.0995048823755781,0.856575361385319,0.805887206120194,-0.328338875543005,-0.350147694466769,-0.240388810742374,0.0365449612343621,0.36300095647552,-0.278634594534244,-0.300330653100172,-0.223538358400575,-0.0299707072707372,0.736017755223993,-0.239476902148555
"兄-妹",-0.179765609308647,-0.0610002069537876,-0.327745432137342,-0.237069181132628,-0.37670511722741,-0.29653230517312,-0.167526504532424,-0.0722030678959696,-0.446498045797757,-0.133446310601755,-0.317549623405301,0.0449007886004841,-0.373852461309129,0.0685134167417339,-0.334104668987065,-0.473312658120618,-0.418978894255422,-0.231457184604262,0.00912444952569562,0.516270490697157,-0.0597602161123252,0.127397022527372,-0.214332934379302,-0.332922559443109,-0.153230911869503,0.184351435486023,0.0165281423553206,-0.325827322996387,-0.259304226007172,-0.382493527892128,0.0308466215928692,0.252267729423974,-0.392309207713215,-0.178164849864895,0.333283360883884,0.201984496075605,0.184195441275682,-0.177012364252438,-0.176616868926705,0.108004483302419,-0.263376576746369,-0.168230286438478,-0.359438206955349,-0.343499789215513,0.0688672626659208,0.316190648667896,0.269748425650135,0.816169642215783,0.0275617345979245,-0.203632322965626,0.736751270888245,-0.187982055657336,-0.312154494547077,0.0541469833781302,-0.317341108425496,-0.238164801954812,-0.436221465853593,0.236995713131181,0.235779934840966,0.869478840974728,0.762996469512915,0.747692768062662,-0.313097903481659,-0.0367937248416559,-0.034661854739834,-0.170084745371934,-0.340616896506171,-0.386211888899966,-0.043192563554554,-0.379948735948449,0.18433759421582,0.460535533473609,-0.157499245694301,0.870743688424288,-0.140329807469867,0.79813805967676,0.894731923607212,-0.0395517698411046,0.0278515256802758,-0.336854431521697,0.0590613168064085,-0.330579662036334,-0.0543511044870559,0.456361044443598,0.726409676737065,-0.184879845276814,-0.310493627507562,-0.129604169377897,0.100487515528259,-0.0950093821062027,-0.231879422473491,0.162047461557858,-0.110806997422734,0.00600221392576825,-0.0489813335717103,-0.160772504318042,-0.249125466907131,0.258166456753748,-0.293648340324697,-0.147215906829378,-0.203480536050904,-0.346562155285364,-0.0825729224487083,-0.443819100482332,-0.306499101116803,0.819648965885341,1,-0.382035417577562,0.588997579629019,0.779150290681635,-0.263999296876639,-0.441501396395469,-0.352463185505681,-0.179090029551572,-0.399129735922559,-0.0106963040672142,-0.0241496751919977,0.785553065319935,-0.101449608944382,0.455831068037734,0.184200402151493,-0.289567492896714,-0.385914782984805,-0.246802907896409,-0.467398690794989,-0.229976181329623,-0.225137058070435,-0.0708766445122819,-0.0848991695494795,-0.017317176119842,0.855178868567529,0.770609742225909,-0.372965668039006,-0.383118967049626,-0.128521462625447,0.124252002325565,0.307714096852712,-0.353613768555523,-0.289850032844,-0.235527752153217,-0.13270443367191,0.751882923217358,-0.297210424743661
"兄妻-弟妻",-0.0916762525451924,-0.305084200135498,0.138728182701347,0.00146277294378985,0.432545050703639,0.0965043540892944,0.0627083124386785,-0.0920268262272214,0.249870225381063,-0.179691880767599,-0.00531762464386742,-0.294509819451212,0.170201865415653,-0.365573027608323,0.154046155748497,0.189658022105307,0.407791122451837,0.368722297091013,-0.251818652295094,-0.163611977452754,-0.143620301324836,-0.276539218240969,-0.0613125748994414,0.237889769324927,-0.0415471853432274,-0.0434389431241701,-0.184662189954989,0.216796909812217,0.363147740982692,0.639400611999841,-0.272498174742728,0.118832951817221,0.179901970484208,0.293564809328618,-0.327249455993939,-0.292850006955128,-0.186572605190257,0.159393899934438,0.0278117289717332,-0.092349759732162,0.244043331821641,0.0514163401172936,0.273227645180987,0.151740403839078,0.288885025585266,-0.0981060105877986,-0.40768366429447,-0.33104142077472,-0.219463351115717,0.245127831546248,-0.158440385281747,-0.000356449840605862,0.496649126415709,0.337136745989292,0.357547102591594,0.322811840074658,0.327442126775379,-0.275026962614013,-0.23433288522107,-0.390097087671343,-0.42227373547695,-0.310642093090242,-0.0983815087898091,-0.30299105318319,-0.234734238735781,0.0138912496169769,0.0254589001241495,-0.0147764065782235,0.147911646743017,0.370964587592812,0.242642423464927,-0.392816243417365,-0.120520592136793,-0.350721870291738,-0.212148381017595,-0.287535440146565,-0.371197568052869,-0.101776097584748,-0.316039931201544,0.159710626625437,-0.13341986006376,0.402984502138904,-0.0698453394429022,-0.315580544668769,-0.235652297853535,0.337490962926551,0.213017848328059,0.32280746550763,-0.273263316290829,-0.185242790765168,-0.0195704606373813,-0.362119834352628,0.0616792783484084,0.0364364788552741,0.457405834836876,0.0788827996625831,-0.18894038373095,-0.374077010443828,-0.142370014246476,-0.128372243840478,0.200005648987466,0.0961940447246012,0.357230279509147,0.182653069540999,0.122282250576245,-0.269924524801693,-0.382035417577562,1,-0.249823466566868,-0.323608127687752,0.00824267890631436,0.232153524061885,0.369367393775883,0.121898086586028,0.421739503765587,-0.0330013685320684,0.110556597089442,-0.250645441147118,0.0892274779242361,-0.09878527850015,0.18534285063405,0.0126912428841311,0.242929106625697,0.0958811068485425,0.189475122143455,-0.231668246222991,-0.0615300817070945,0.0584878342997447,0.0939762392125408,-0.132445998187199,-0.357200772790035,-0.332100316881422,0.568279981661673,0.193864174708258,-0.107553383831031,-0.275510370238719,-0.411992700947629,0.016986453904619,0.0843971870042706,0.286188628043733,0.193816091782203,-0.318846206919629,0.124365573673062
"养父-养女",-0.316234931307468,-0.161689244661873,-0.327001901045849,-0.227632662808939,-0.271444981645858,-0.00764052189958325,-0.235128003660898,-0.096872665087363,-0.250649819316695,-0.390568673334941,0.105022157804633,-0.128044531182058,-0.131999198611637,0.171368006030463,0.0320533850325505,-0.188961224643947,-0.0819912089805193,-0.305098940461245,-0.17590125781914,0.836598364082403,-0.314174909538446,-0.272156957026666,-0.17177949313451,-0.208619291300271,-0.0861987001856481,-0.07756548396346,-0.335540279266493,-0.218529342728227,-0.414066100912281,-0.15551296556566,-0.108963622694257,0.227807344755378,-0.0406755393896278,-0.0453914563859796,-0.00692516596425993,0.246048446755018,0.0980980707337949,0.124269249005886,-0.06589218344928,-0.0282815606686463,-0.0271339696964343,-0.139714570585617,-0.326533984847926,-0.363918140272637,0.0990007503738995,0.0429175149646084,-0.0779568721727593,0.56749728165763,-0.184904912291233,0.201944924076763,0.588444103030722,-0.290817918932092,-0.134673376099361,0.108273022776566,-0.249552588029735,0.0143371493780167,-0.0863267869220517,0.0608501155044316,-0.212437646049306,0.656825497744021,0.733879855847479,0.857600432391612,-0.101559052697172,-0.0178882430436566,0.0911507172005106,-0.377584427426083,-0.463782867773628,-0.096892520063036,0.0612152186378945,-0.220592260463181,0.0750314678007636,0.0848580735928797,0.171779741611193,0.591942425669322,-0.254021245105764,0.674249841240846,0.546688293129622,-0.130533814244558,-0.296795722798423,0.111098319037469,0.178665770616187,-0.0292618281807497,-0.259566270665259,0.135761327561893,0.612956273390917,-0.265132263367205,0.0549634607658624,0.00816033885269093,0.286628192190722,-0.226699064249821,-0.248027762647561,-0.0777789168751785,-0.302557511538494,-0.252204208635776,0.0688749606483987,-0.291599201504534,-0.062853682788352,-0.0938487665341873,-0.287981493097162,-0.074979346651361,0.0589800250432451,0.0748644792947924,-0.00610752772821656,-0.190786074796579,-0.112154472657996,0.611861849153201,0.588997579629019,-0.249823466566868,1,0.845504590667851,-0.0370519734647733,-0.283346420995111,-0.144010637127622,-0.231294982747111,-0.103280313363748,-0.201200844962801,0.12399025130235,0.714160092366872,-0.30883042829727,0.812632424563832,0.13384479697444,0.0573507009125281,-0.308544951395297,-0.031609556429312,-0.33623476520185,-0.0530637853494317,-0.214516907566618,0.0672471406446652,0.282644576285244,-0.271636317907421,0.597904608499907,0.676203528951898,-0.365319017081685,-0.382188585478604,-0.262622135055623,-0.310545952435801,-0.0609474408378447,-0.413752365455357,-0.125735427452712,-0.0594294901627162,0.151243002629564,0.840956090247669,-0.204669556279494
"养父-养子",-0.24888974977879,-0.157949152638943,-0.382585611337902,-0.296021039126329,-0.328786903554119,-0.19888299792571,-0.255330581504978,-0.0919665461202403,-0.377353047189122,-0.302887081935723,-0.170939823474585,-0.0164338839173019,-0.300349092309637,0.105246005616646,-0.204514227478752,-0.364334993608658,-0.263752506031324,-0.2555002602578,-0.0624222284028347,0.739840836290204,-0.1474148543653,-0.0714216391436723,-0.199542044164698,-0.258278296543964,-0.16598891569885,0.0370806056264782,-0.193143667051322,-0.290557024227568,-0.379458288664295,-0.282620739768404,-0.0906332669952105,0.219428775301604,-0.210801909428091,-0.0950452337600651,0.167728744439999,0.246952304582838,0.0992417090493454,-0.00792674399951743,-0.121648376731549,0.102168391778,-0.136609038062347,-0.103290557884008,-0.416698023243894,-0.40428249889379,0.0726379285286133,0.211079667413733,0.0292794796643141,0.702464473852971,-0.140235992814484,-0.0133711851477503,0.71211291584471,-0.161313411603809,-0.237254879272305,0.119919188459722,-0.3198036392962,-0.0821787219706189,-0.28086788321851,0.161537223039831,0.0625707760965109,0.791744559081641,0.814650694809923,0.825081929870174,-0.216841264252908,0.010136905521064,-0.00365440106573904,-0.262123506358075,-0.434267680471795,-0.280139629372556,0.0097416394922188,-0.316725291233031,0.110092233052494,0.309774398348512,-0.0142933065092661,0.785670955884353,-0.251145359051323,0.740629346107814,0.776193517559672,-0.0970607713910972,-0.238889737589208,-0.159717720709018,0.123041001252086,-0.165318982080334,-0.162097165711296,0.362662570374398,0.708366573867979,-0.230602000228915,-0.146011883601288,-0.0610919233793595,0.194380777048602,-0.169959264811147,-0.203659463073288,0.0728034182348001,-0.211632479118402,-0.183346132338974,0.00265518593606575,-0.295355505575719,-0.205842662957444,0.132002476088625,-0.30594151988068,-0.0431178933877653,-0.0225931727477827,-0.160098390661045,-0.024534188183773,-0.337138061339587,-0.22545511824875,0.685642841206178,0.779150290681635,-0.323608127687752,0.845504590667851,1,-0.144376148339544,-0.351467171944414,-0.249867234067108,-0.203173456154168,-0.268798946058705,-0.20858179528398,0.0880799639775316,0.830336475619576,-0.201721331961418,0.67041501813776,0.163878653991771,-0.0794761722079161,-0.406659225398675,-0.112149517524977,-0.429889907938596,-0.147391059914484,-0.259598162694849,-0.0634313716242183,0.086055646433393,-0.11716410429189,0.72992405840643,0.671741860060128,-0.370726577957365,-0.473087726268549,-0.15201921725854,-0.094935900602257,0.0824884610123661,-0.443482835897001,-0.178020431817553,-0.139991831332395,-0.0706649274175692,0.85302090930047,-0.264631400441008
"养母-养女",-0.0704355537238823,-0.0804158767134409,0.0932822820300809,-0.00939627662678425,0.0629691274107874,0.140272064042568,0.237826768322779,0.364887174996684,0.340829099063622,0.0944425335853542,0.283191849615815,0.00809064457899732,0.378690682394929,0.240061471558236,0.154181344939233,0.19805650859236,-0.0888422878137627,-0.145179862782412,0.0130725800705152,-0.110488921419912,-0.200407300798998,-0.224083978588218,-0.0256155785887625,-0.0252074740348679,0.143426649546984,-0.135635680407647,-0.0988095683352663,0.190367340936477,-0.252214826321679,0.116864669004589,0.104995935866941,-0.228885995163648,0.459361301855999,0.0635411085162557,-0.117211404845093,0.0026953614995286,0.256721874210878,-0.110408489194962,-0.134411727910868,-0.0677414342104124,-0.168629710472988,-0.213295272797398,0.000683787991474844,0.0310981324372631,-0.11756070996037,-0.293621366401586,-0.0749580773776419,-0.0512244977353582,-0.150950571899893,-0.104304415219773,-0.15258319153643,0.130053611373968,0.0714008067335176,-0.142021465646851,0.00322056137009087,0.075269832921905,0.374562653643232,0.292759880914495,-0.173614726976252,-0.178162353539585,-0.122440015722606,-0.127819247244385,0.242311606717914,0.226763994522202,0.405592411003768,-0.0963374735111,-0.000855912677725935,0.233126677253742,-0.158099376306115,-0.0740800207157973,-0.203527357265271,0.0537347177333612,0.192070374318103,-0.258971319552329,0.0104912815270974,-0.0961203700756663,-0.317800415030208,-0.148058211716528,0.00963649075748743,0.166247269695761,0.338104204218648,-0.0227965458567831,-0.108363955095598,-0.179089695861743,-0.220928314055408,-0.117954537199508,0.22389458254644,0.168796030884031,0.109251507084314,-0.0809958150281884,-0.0248072067312019,-0.066620511249275,-0.023612035007117,0.209575478850181,-0.014166382742386,-0.0449609948631687,-0.0791849943802492,-0.202422677549204,0.199294443203439,-0.0455817551630365,-0.0135669910462547,0.178699534843407,-0.172692811455989,0.316095403627437,0.13955524780033,-0.122511717319853,-0.263999296876639,0.00824267890631436,-0.0370519734647733,-0.144376148339544,1,0.349766149094037,0.00984612732475863,-0.0106768733777037,0.00834375773531181,-0.198692261609346,-0.150223560929057,-0.240865644051889,-0.0301858322063127,-0.0710323855405035,-0.244254929041698,0.396169795641655,0.3328277180934,0.350160084651538,0.378301258799597,-0.0139452199929736,0.214736854115738,-0.158806945478719,-0.0296098163877267,-0.0398640219546676,-0.153769823940926,-0.12412921375011,-0.188993132511821,0.0407411160556212,-0.209801429252202,-0.0962102933714377,-0.0929145252132321,0.17407185387453,0.113171212116857,-0.181494670202208,-0.0313776003241379,-0.140391488089188,0.261316747575791
"养母-养子",0.0291775491316828,-0.106207669168575,0.24526898577177,-0.0591964648814213,-0.0245919128406752,0.00918390046275913,0.317330813088307,0.320087156026972,0.502183385458786,0.267701416617247,0.223700507146631,-0.0381836473139123,0.257802869078472,0.080853561775397,0.229565977751306,0.316485364224685,-0.136050228034133,0.135361619906628,0.0840534848684687,-0.306013290401838,-0.00510926087048693,-0.102906877315371,0.170563436947716,0.356438200005752,0.0266927251458643,-0.0591222082189379,0.116823936635352,0.308129092661969,-0.0990337731552422,0.216740061716471,-0.0131569522662906,-0.292898771155394,0.175083038018882,0.207080217902865,-0.147604934513511,-0.0321544674341791,0.148725687975031,-0.0588155023069891,0.10526656360917,-0.229976364361067,-0.247510650575291,0.0826972361969591,0.242289209039411,0.277017744929426,-0.0382830068166129,-0.228588982818801,-0.233631625018224,-0.364377383129299,-0.103228528002176,-0.140017691451151,-0.407006786208752,0.251380639396149,0.272985126995145,0.0428584482575348,0.0984155952191545,0.12962962909937,0.250757422319487,-0.0039305349128184,-0.179471573768477,-0.386430825072463,-0.396493945416229,-0.407676348565612,0.0527908394795759,-0.00803106581427397,0.19516975065435,0.216011213655554,0.232411034861522,0.0907192324352228,-0.336859457197404,-0.196642174610478,-0.136800318914791,-0.0941877077611537,0.0112203782797373,-0.436106002657822,0.157192872241715,-0.343563003535623,-0.443951726938703,-0.106914955105491,-0.0189569928103837,0.167135105690394,0.0619328698617146,0.0611514116463038,-0.0681334610600191,-0.270778756316117,-0.484370114002209,0.266223989309662,0.0683676096645727,0.00411447489143117,-0.0942249584056002,-0.112685354216654,-0.0336067189842679,0.0350719519243934,0.124651059470474,0.024736360814216,0.0834633406130028,0.0197038929962422,0.0456958635628532,-0.223705101185251,0.286668610781973,0.0854787961481582,-0.139949191568039,-0.00327649252063451,0.127481397596838,0.269081727947006,0.251898785723415,-0.350107066139579,-0.441501396395469,0.232153524061885,-0.283346420995111,-0.351467171944414,0.349766149094037,1,-0.087809025269424,0.0512653860308846,0.0309891035052999,-0.153425635368766,-0.0488031905308675,-0.473325358890584,0.0992298990068351,-0.382019067438838,-0.132665562999573,0.216410946088564,0.496961624601173,0.0487030921128083,0.421545247531824,-0.00842261808232876,0.22718500263926,-0.171183023336618,-0.221371508401615,0.0671312492844015,-0.386681041953865,-0.410871445375506,0.0987506942931741,0.223915747169599,0.0299548670517187,-0.0879102332846304,-0.189964525283641,0.490843574967289,0.133127133704387,0.0746524028794071,-0.10719295947983,-0.390616505645517,0.420319112461521
"姨表兄-姨表弟",0.0790648859940679,-0.13516134700494,0.298778359129928,0.217567538174572,0.648377216872259,0.453388346575611,-0.231296642176357,-0.181763813198177,0.186208977591605,-0.351685261929303,0.0873890648887111,-0.28249080153654,0.397827993726005,-0.151285191815429,0.464508548727234,0.251713402521102,0.528129632412334,0.16117678600945,-0.384491098530552,-0.171403323700411,-0.278449314370276,-0.274274597773825,-0.0763535451900845,0.0915872556626599,-0.214268056155179,-0.137986061740261,-0.0783021131850297,0.283704253184833,0.247450885978235,0.509767096449396,0.0928346838714564,0.139761589978225,0.112952735861154,0.177587395886738,-0.529837218041721,-0.218540206290817,-0.0140770543363175,0.25494681217863,0.0669349592901043,0.234145668810541,0.264129345554732,0.299475443016244,0.245498619831558,0.0159111765326953,-0.0741622212941841,0.0866081799799201,-0.197624335865404,-0.351314816011389,-0.400032326184024,0.279155133724539,-0.231232557836625,0.0318239093065705,0.199059258095141,0.0996786758066044,0.111262184652359,0.0810262914814632,0.103289060537028,-0.409556007401387,-0.437727078772325,-0.350663800271678,-0.325186794595913,-0.180946458214616,0.344352239538578,0.184324873456717,-0.175059981764788,0.0635575802223771,0.102973995899737,0.312465208614389,0.227835342554383,0.664284667812645,-0.110101533846457,-0.327823463559052,-0.0727215469466941,-0.290898025334765,-0.25341127191276,-0.263117134386922,-0.376328298433691,0.0786537605726182,-0.227340822249613,0.347985566113745,0.0170262298822577,0.391526536983785,-0.388968139417888,-0.425941681629073,-0.193581813035789,-0.0889510847606921,0.316553160967798,0.165295519248603,0.0551637529025428,-0.309947119191324,0.0615559195230084,-0.362348850215673,-0.151584676190526,-0.171358666832961,0.121163397607712,-0.159888013007496,0.101498205440388,-0.44427274947978,-0.0616664130358062,-0.107284316723191,0.615409983671791,0.136526767631172,0.0241497940754519,0.316406727522332,0.353523908049184,-0.274489628366274,-0.352463185505681,0.369367393775883,-0.144010637127622,-0.249867234067108,0.00984612732475863,-0.087809025269424,1,0.153180551022981,0.455304488831588,0.181398652879243,0.367752788760467,-0.230115076700938,0.0988277385579414,-0.058699944249283,-0.166499113520141,0.0671447119807067,0.225581664986074,-0.00558460660573758,0.0454825399626781,-0.0323499094756214,-0.231333553240304,0.295191833871356,0.399982955172703,-0.338309121543465,-0.337749837728721,-0.313096942079796,0.422018888142012,0.25567923195996,-0.186070278752482,-0.135551850483774,-0.310571987823852,-0.0102612258309023,-0.0765164502550898,0.0545420515188155,0.152736354187885,-0.189494887641053,0.0584320892706851
"姨表兄-姨表妹",0.157697080007912,-0.123717890532305,0.0226444095235654,0.0320233904139245,0.271700053453474,0.102997226797228,-0.0843954393521684,-0.0391211394466628,0.171703671835754,-0.107996733742206,-0.133040169531272,0.0524238379719718,0.0351503327110981,-0.243386371114989,-0.0821378410406579,0.127060177117537,0.0971503504603793,0.0848201107428956,-0.129634061183623,-0.180009343543245,-0.00750448579327803,-0.115057301956836,-0.225663864711546,0.0905755431896812,-0.1661393862695,-0.326315690213531,-0.0825713441010324,0.0737234663013865,0.0643772841924769,0.121046233175084,-0.0303354961431394,-0.202751190022181,0.130333947973421,0.114716652514367,-0.234034694019132,-0.191783742773463,-0.139446266686788,-0.136294353007265,-0.0906041322375141,0.122993614444341,-0.0187422600102895,0.469095053564706,0.134388431171612,0.204974994304891,-0.0410518778689726,0.0723618390011409,-0.0912089485242806,-0.0618288309994785,-0.139353141899193,-0.0523810852463973,-0.148411338761207,0.281211098264572,0.112736885038947,-0.0669962505683324,0.166868350215979,0.0795220757785859,-0.00937502682426848,-0.161088907911622,-0.103358958574638,-0.208943565307943,-0.09148653072022,-0.159113647493359,0.104131219184992,0.0785895495906799,-0.102328355131759,0.0856654884675338,0.0699009274154656,0.130105975759785,-0.218450058601995,0.0921796778619892,-0.0232349243568685,-0.0394493435994054,-0.115329961896801,-0.140799815420339,-0.0266712869821058,-0.144325197723901,-0.176423178816044,-0.0692571744027224,0.0928059251101695,-0.093857613281669,-0.200453566052051,0.161481590050418,0.0154465078603137,-0.1245328824424,-0.124774416100658,-0.00675937392082325,0.224619779839768,0.0498613707764612,-0.236017213411352,0.0464288495337479,0.182500423985482,-0.262057499530777,0.0453637115241884,-0.0347936391357112,-0.0309770125933508,0.104989209408004,-0.0167170327341985,-0.119867028021846,0.154014880329781,-0.13862320464759,0.0498404416543174,-0.0808376603228033,-0.0473275107039469,0.175801872312069,-0.0715813852477905,-0.180533015990777,-0.179090029551572,0.121898086586028,-0.231294982747111,-0.203173456154168,-0.0106768733777037,0.0512653860308846,0.153180551022981,1,0.318558561292162,-0.042128482322325,0.0908554652023701,-0.163111055364095,0.232582461459536,-0.149375370749042,-0.0835500201309261,0.0440450365040552,0.186788800767407,0.0947441651584557,0.251381371888051,-0.0283974321798328,-0.0639178435030114,-0.0602234942806553,-0.0552157053227051,-0.0207278938752379,-0.104746435255031,-0.0754173140078522,0.186137914689493,0.124327016756439,-0.145930345285768,-0.0206768033280222,-0.23066394918743,0.055423843554912,0.0956428489397375,-0.0624786224263841,-0.0599458569549748,-0.192182412413267,-0.0112339780980983
"姨表姐-姨表弟",-0.0766649794768304,-0.166467308920511,0.145351278723471,0.0304928446141481,0.51320838788941,0.250760871476278,0.00283385002364721,-0.260767576857291,0.126444541219067,-0.32419760365399,0.133951877190765,-0.242777814574258,0.0919809519396625,-0.333515431873002,0.163049011142139,0.228116834917559,0.526144765399878,0.313818084961903,-0.306338689168544,0.000185548577234966,-0.0877345810505492,-0.353302781360478,0.0542990988155204,0.249329840683028,0.0840086717633132,-0.267548605361405,-0.360734943984584,0.081633846500601,0.296547856515797,0.456150725837542,-0.258124102185158,-0.124606304182732,0.280329490634684,0.189922381536783,-0.504408020709324,-0.260222121888353,-0.387604524371407,0.284812147236761,0.156722221742013,-0.157838965482387,0.462844170956237,0.356495287276066,0.248512887858128,0.249573904215041,0.149636307728413,-0.0983060018540219,-0.493207381147667,-0.402806690061202,-0.276443240565784,0.33856039659611,-0.303212540995361,0.103445719416565,0.508696890571268,0.160505224637852,0.482648216243273,0.404680676608082,0.304111513806806,-0.480946677200434,-0.305076901166543,-0.39921892821823,-0.368765426339387,-0.202961594825038,0.0540185076729071,-0.229703085616965,-0.207647263665462,-0.140848657734682,0.0214592488015095,0.174304613643307,0.166007241173383,0.431096986726003,0.0441695722406171,-0.532064027544476,-0.0770501152254535,-0.405113391591493,-0.279459690171483,-0.359264517610312,-0.386659717485317,-0.228945747472411,-0.412948016284344,0.285765146560419,-0.261657528196099,0.423378442279869,-0.0480812099449018,-0.364735910844819,-0.303578770751503,0.224811271519774,0.467004098929059,0.134368095038396,-0.296070461422181,-0.0297620485152602,0.298037201104207,-0.296368753936209,0.0950184652447813,-0.00943219757992142,0.315194615189261,0.171900758110827,0.00691933718938831,-0.342031615860073,-0.118342903627802,-0.0868980444041356,0.298762027639259,0.281750520902069,0.255649581627155,0.212187570683794,0.0616954801681167,-0.339886326093817,-0.399129735922559,0.421739503765587,-0.103280313363748,-0.268798946058705,0.00834375773531181,0.0309891035052999,0.455304488831588,0.318558561292162,1,-0.141813792094594,0.273347426077548,-0.200848745091086,-0.12556715627796,0.0779569194776215,0.0592887202050116,0.102848129703438,0.106345540926846,0.0943585419341318,0.234705488107457,-0.0358931524721989,-0.0559798582821418,0.117802086144664,0.366575466720533,-0.100773200259125,-0.391530019278121,-0.317554393994373,0.375447205012019,0.0998715341045073,-0.113087999504865,-0.345251700678007,-0.552956342894459,-0.030562678297889,0.26901119672613,0.360851020685506,0.187888162987585,-0.229896974528652,-0.0339061992772802
"姨表姐-姨表妹",0.365544399828748,0.32843009200743,0.327340777251265,0.261850240579515,0.125665821617036,0.115276061082961,-0.157649868056294,-0.141843238956197,-0.0858110628508209,0.0450228718102062,-0.0853300276215906,0.00971085953942403,0.0917863431378469,-0.0795942263048892,0.00650059301587147,-0.0819263329038391,-0.035360980318401,-0.112361950747259,-0.106248713962939,-0.326352418143636,-0.0644809631154711,0.3388887978785,0.149230609213852,-0.205429484229703,-0.16582363843506,0.221277854821233,0.275657948205872,0.197079666882401,0.0906718616324195,0.00140548693649314,0.261761512175629,-0.00649677809560217,-0.330227033338601,-0.126342681696215,-0.0570593128953404,-0.202467504222832,0.00992305106226733,-0.0739905780232232,0.0876507570616269,0.0831875674835331,0.0554480449716208,-0.00514960460249816,0.178699483434781,0.135411601091099,-0.137981091986179,0.0396085535246702,0.403522055901689,-0.152766142806383,0.269534938127091,-0.018394760444909,-0.157725382603297,-0.214275265695667,-0.0885271871601411,-0.148146291949546,-0.15420856385984,-0.235958411779018,-0.215239008376558,-0.0815240770042467,0.00106835866645085,-0.0328369945770211,-0.143035142157058,-0.0996643928259421,-0.00150301854535005,0.160304652352384,-0.281329805750783,0.266716440621767,0.321999571404669,0.0746281214741871,0.0457224135193232,0.171056299848349,-0.0516837909591386,-0.0275284955923338,0.00772628669688921,-0.0714408545435076,0.147362906854178,-0.134567468178729,-0.075556295509578,0.459148595350964,0.376830128854526,-0.080045444141663,-0.0358578903663784,-0.0680879075129324,-0.0496359999913438,-0.144848725639095,-0.0753815037127676,-0.0344316980783904,-0.244233045980091,-0.107103901298676,0.0692778115071205,-0.0973167825404336,-0.0669865089867154,0.126088795158348,-0.136435981023221,0.0157828432854261,-0.176567313953416,0.0551714606037787,0.183112269025804,-0.00454160056002183,0.115402782887873,-0.00934798086003756,-0.0103538216135391,-0.112579344160614,-0.113318982061995,-0.0306794639853535,0.127635804793753,-0.0608570018167973,-0.0106963040672142,-0.0330013685320684,-0.201200844962801,-0.20858179528398,-0.198692261609346,-0.153425635368766,0.181398652879243,-0.042128482322325,-0.141813792094594,1,-0.131901733664479,-0.123190255943866,0.290344682870107,-0.24284724273715,-0.0850502512590915,-0.244639024214827,0.00981869439839797,-0.203117722484039,-0.0650617186022344,0.133887007347546,-0.0645396559582567,0.306765232846802,0.177740709341037,-0.147822659567535,-0.0521214576262131,-0.0521151852022878,0.161338737022965,0.378385703438641,0.112563231824082,0.45810939032231,0.290402330439039,0.172650852448263,-0.27376710585305,-0.130119784429054,-0.0425989573867221,-0.186299332968449,-0.137872413478282
"姨母-外甥女",-0.0616603766425544,-0.310552597465031,0.114845507056089,-0.0214133886272744,0.159195338149186,0.145194312119625,-0.248030046800721,-0.186517506479712,-0.00295216246222875,-0.345467675918088,-0.0599581199190045,-0.298807805509535,0.114166819318588,-0.278817551878504,0.174714597197832,0.0906609790077911,0.24361217296007,0.0226104496832316,-0.199480560239222,0.221216958188413,-0.261064505367872,-0.343333105055354,-0.163101354177244,0.0476902097622923,-0.32307935255868,-0.232734234736698,-0.106373109623643,0.094975597112707,0.0736732285692207,0.223110439662544,0.0255881212966117,0.220296506512038,-0.0255072925669375,0.10192271133859,-0.298727075088253,0.030966345753737,-0.0535606072387429,0.0273743409966879,-0.0356638482217159,0.344659471428872,0.131833651335947,0.309012630526857,0.165035882266685,-0.108075027440065,0.140059293344885,0.712853439829386,-0.25491257973733,-0.0497928471047938,-0.363828603072987,0.110091716793028,0.119456251366721,0.0554844247221547,0.0392971775782036,0.360116875957728,-0.00981630522550481,0.0378692895992218,-0.113289546843562,-0.223092201862086,-0.336902904075454,-0.0254534820807987,0.0243425846966999,0.076738855355116,0.156044052162008,0.0580051703987192,-0.0822283106433158,-0.0261745954579104,-0.0761350831727092,0.196890205045774,0.177342065962921,0.284608126896424,0.148961600537863,-0.131453038674886,-0.135828469202768,0.0572605172781172,-0.221075315880545,0.0896838252976187,-0.0169376428475149,-0.00502153139454326,-0.242942863590936,0.320182817631157,0.00498493147372814,0.255355979167432,-0.305411597975356,-0.230145954799025,0.134655566788194,-0.0802461421403676,0.223141395920209,0.0423531896011868,-0.0526865406748907,-0.266391558014862,-0.0377574380362887,-0.231766151333903,-0.0958144605786521,-0.281637618306095,0.342447818139771,-0.239138166627681,0.00628041988724903,-0.375909142055389,-0.203956781353115,-0.105050669137542,0.443497892316385,-0.0506915162546557,0.248473645298346,0.144055955866087,0.213609276370586,-0.00702319739806504,-0.0241496751919977,0.110556597089442,0.12399025130235,0.0880799639775316,-0.150223560929057,-0.0488031905308675,0.367752788760467,0.0908554652023701,0.273347426077548,-0.131901733664479,1,0.192127300010036,-0.0404879143878863,0.267001449104368,0.132138887403307,-0.0577346833079644,-0.117981320903007,-0.226323024497747,-0.301461242645715,-0.0393161728389871,-0.308938609696478,0.143317062840108,0.256984184965654,-0.295252006556831,-0.00325999540062201,0.0027912303480534,0.257493899934654,-0.0892361724568775,-0.224143871957636,-0.226311760424336,-0.393593387838248,-0.179093457307083,-0.0364155778846477,-0.00672856000720562,-0.00380614816610364,0.119162024610136,-0.00338678642333818
"姨母-外甥",-0.193696334087875,-0.090182644466278,-0.317471252373946,-0.27223322194783,-0.314634652838733,-0.223123247200439,-0.316648829697576,-0.224169430895304,-0.458802307652147,-0.291778566027838,-0.308820571397713,-0.0584185497160154,-0.374294353793766,-0.0471638160251766,-0.294345908035182,-0.398791856741217,-0.182560209505196,-0.186956930462311,-0.0365295418032929,0.761499158503557,-0.0995318684146336,-0.0241329647767162,-0.165412310599626,-0.336280624076744,-0.164535407025213,0.0484097603141877,-0.161002079530683,-0.340029565087017,-0.234539947893409,-0.305622947896493,-0.186030326271516,0.281227699713833,-0.291592470533583,-0.171538085019934,0.220214110448082,0.177193328428497,-0.0233070302400572,-0.0125967944581769,-0.101702604268645,0.0771722873860844,-0.0273783142378922,-0.128332300445698,-0.384433016004565,-0.400148228482141,0.206283864199102,0.346793367514841,0.0750498443423393,0.684839431413637,0.000518678179172326,-0.0659774607295801,0.742052958683601,-0.238154750837651,-0.191885704887876,0.211884957061139,-0.258112041993142,-0.109033008724324,-0.345776609759741,0.194845062576491,0.107125621211442,0.779063485774773,0.739248424393653,0.79385649808105,-0.361316969814806,-0.149947338192725,-0.130415843001597,-0.221812882267251,-0.403920168962852,-0.289555460867804,0.128169100511136,-0.180295439583312,0.294164706589854,0.179542278909013,-0.080830688761478,0.826419387489958,-0.244591266405363,0.754020915987651,0.838497961251883,-0.0491126538435873,-0.174439693951918,-0.199095393052358,0.0474633290231242,-0.233781119912824,-0.0708525104567357,0.297905154975996,0.747534361739164,-0.240911263927769,-0.207914247858675,-0.106052269064132,0.00837467303433072,-0.0596898068828722,-0.25036526844962,0.0785550123118709,-0.172797931112004,-0.168030521288921,0.163973433117654,-0.184198217133295,-0.233561671141622,0.147259291878838,-0.328018758045486,-0.0812743575184105,-0.0357535099866764,-0.259008960325145,0.0791710844641152,-0.389916067107218,-0.283330184944359,0.667483457136748,0.785553065319935,-0.250645441147118,0.714160092366872,0.830336475619576,-0.240865644051889,-0.473325358890584,-0.230115076700938,-0.163111055364095,-0.200848745091086,-0.123190255943866,0.192127300010036,1,-0.166561688793032,0.760590267044956,0.360224673277865,-0.15901209856421,-0.466646785809779,-0.20542089955696,-0.493588031910482,-0.117302780851356,-0.239292702228133,-0.0151450968295617,0.0753249425785405,-0.0743673064657211,0.733052592579297,0.693957199054929,-0.279246999488409,-0.459521054620969,-0.135180037870369,-0.0798503815768511,0.079683302037192,-0.462528144816144,-0.178365630609699,-0.158159895284539,-0.120424423819006,0.788183545323873,-0.377654739235824
"姨婆-姨甥孙",0.282141477939737,0.0068631180133753,0.159431036880406,0.0315963046748528,0.149293025139274,-0.0160034627676197,0.00169161536488367,0.00985629982066494,0.16687701561438,0.0837147471509996,-0.163845691396347,0.171367343775441,0.091037570350289,-0.0382849254424503,-0.0120843745002347,0.0599135864157663,-0.200014453578115,0.0376847587327554,-0.0813395633823188,-0.318082622456225,-0.0461330840806228,0.0906457150648893,-0.0810293496609349,-0.166351298209384,-0.241403439733727,-0.0048161347690753,0.151699961223898,0.145205210851931,0.0627352328515278,0.00528579639680299,0.200908261079528,-0.0479833041154547,-0.220589905443091,-0.14465169023668,-0.0855325391652263,-0.0874453762920367,0.144389564130228,-0.16243512439972,0.0144123722811982,0.192132084955779,-0.167941551343978,0.217876039844163,0.280775222712862,0.123129651663556,0.0684854069362978,0.0941605382912193,0.239249994219936,-0.11800310886173,0.0144695366077631,-0.308519658119959,-0.19235003209895,0.152325494373676,-0.0783865419268963,0.0091920702222283,-0.0905689408543035,-0.209778112959554,-0.113287820521454,-0.106953339116825,-0.0556748750805794,-0.171000594638104,-0.215273610664728,-0.238093550775924,0.109055979237039,0.191410667547898,-0.135366813540395,0.272716637342478,0.303910744733006,0.0269088334196485,-0.232762574093031,0.0624746056178523,0.111984104181638,0.0590088946549002,-0.203411220760749,-0.081130095736967,0.207254484016164,-0.167273309708292,-0.0879560201822616,0.12602642051438,0.245600530952071,-0.0380906092295596,0.0321679011528904,0.0442322593562445,-0.0896257794823408,-0.123786727982909,-0.144767316736749,0.00237610172058263,-0.225243336089997,-0.144851584254502,-0.0393009678078327,-0.0813925027702601,-0.0860855488823935,0.0511646014215796,-0.1450866321779,-0.0815234969170966,0.00786258598156478,-0.0144980105721698,0.0281837164216619,0.0167484365848855,0.12529372568622,-0.0591331162347438,0.0062043597028815,-0.23562024610065,0.0188146991798969,0.0749761493453314,0.0843170563750606,-0.159166664681658,-0.101449608944382,0.0892274779242361,-0.30883042829727,-0.201721331961418,-0.0301858322063127,0.0992298990068351,0.0988277385579414,0.232582461459536,-0.12556715627796,0.290344682870107,-0.0404879143878863,-0.166561688793032,1,-0.321892649330353,0.0570922299024954,-0.168876109377796,0.150344491470819,-0.205003548988187,0.105922663008537,0.000144702894498142,-0.0313445535641643,0.0467808858249637,-0.13188749060885,-0.117073135307313,-0.127440393984548,-0.212501670366833,0.0936101564493458,0.293266973458061,-0.00428873246752152,0.24085152638673,0.048311620879261,0.12608669656262,-0.252708619087191,-0.209077832100363,-0.191414871963671,-0.199148438547884,0.154850906239719
"姨父-外甥女",-0.235705711822044,-0.146668768373904,-0.229237919545407,-0.15961683347867,-0.145481992967408,0.0960691632284485,-0.243228716805334,-0.26276523984323,-0.26707235961408,-0.452145171026448,0.0876744543596975,-0.22506247353979,-0.152020245214304,-0.0598499084445818,-0.0476017582503012,-0.154576055372392,0.120724524914637,-0.200382880963073,-0.149314926027924,0.920609364669178,-0.290001772017992,-0.332158927359953,-0.163338342710741,-0.231001253687682,-0.054460953290909,-0.195368255807362,-0.423443112959085,-0.220041601930008,-0.289269378912,-0.0900449753983111,-0.176592206684587,0.253281901306081,0.028287897062881,-0.0762062023400118,-0.0515801103550433,0.16309482376676,-0.135403458483962,0.193774314130117,-0.0478962990821077,-0.0858224271805945,0.122048429293156,-0.131177773861572,-0.204244584721357,-0.271386537676454,0.26275051955843,0.0871478434883792,-0.205457461973733,0.446681841698441,-0.19044249632651,0.244881027074314,0.550342689227232,-0.347759341122621,-0.0444988461481467,0.168677378756236,-0.128535209938433,0.0747857732134234,-0.0102721322995909,0.00633810165740066,-0.21753643756819,0.492890909225486,0.569927009586193,0.732774671764789,-0.106591705462926,-0.166871623285359,0.0119349645591597,-0.396435720939231,-0.456190518457079,-0.014142144537584,0.201994556968743,-0.00954190018024797,0.241998079069146,-0.121415304911916,0.162630691495243,0.473490746356093,-0.33297118999981,0.585008801015182,0.479825957347954,-0.0909100531988083,-0.376277677494299,0.180001248848042,0.0785546623539182,0.00589847825603421,-0.158282329843184,0.0525568877116968,0.551839528715638,-0.305457404211993,0.0729045976315821,-0.004023310906837,0.106140644426873,-0.134088362697201,-0.230962606596141,-0.124276251340548,-0.310429656564374,-0.222798841211695,0.26059287745419,-0.206584400503989,-0.0556937069307474,-0.129274147228455,-0.273425599318131,-0.0328070311781583,0.138621319573751,0.152427602035687,0.1017543276631,-0.144629581305613,-0.111532491831894,0.47842021126352,0.455831068037734,-0.09878527850015,0.812632424563832,0.67041501813776,-0.0710323855405035,-0.382019067438838,-0.058699944249283,-0.149375370749042,0.0779569194776215,-0.24284724273715,0.267001449104368,0.760590267044956,-0.321892649330353,1,0.320258760994332,0.115962575421089,-0.311010513115259,0.0100202268065997,-0.346826446859455,0.0488556106873098,-0.197656461295674,0.0765878393532048,0.379098486859555,-0.205048710687321,0.453966758587172,0.609323704637062,-0.214889765182338,-0.397340122312054,-0.263436644463727,-0.392400112996222,-0.212882158275384,-0.40697488898023,-0.0487270475448687,-0.060153567529628,0.113748887749984,0.714847368591956,-0.317535951388399
"姨父-外甥",-0.0903015416927504,-0.0829203289793469,-0.155923702366337,-0.221958357762812,-0.158026104014628,-0.258397205092901,-0.00429420805542288,-0.34675134709861,-0.173274027174466,-0.130621026486795,-0.255711909457935,-0.0232016785515377,-0.330323758876127,-0.247149315295337,-0.28639107928982,-0.24115830562377,0.00895827641659127,0.183978660586944,0.0705028859805842,0.2703417276733,0.0548462704776363,-0.0373209577636128,0.00298868435737045,-0.132712167893734,-0.0667397438373417,-0.0188680495204676,-0.236691237453392,-0.238183953506665,0.138490516561166,0.000593167787447564,-0.317950389898383,0.123692448909283,-0.235469010593946,-0.0903760648752699,0.0901233585211062,-0.133114920445673,-0.267243200220304,-0.04653273437088,0.0490998793300923,-0.227266872936863,0.206491935555145,-0.0412671717264996,-0.0763822308458361,-0.0318157133698084,0.89925584164726,0.0827154203055429,-0.186999875769035,0.0646619832030699,0.145590237630139,-0.00241948641031563,0.192001875352654,-0.221591677354336,0.040917611848076,0.657550298590249,0.0842925125028567,0.0760313111066187,-0.029723164180626,-0.0891820456693248,0.132672659816736,0.157326808717627,0.0381593052773594,0.162615000515128,-0.359453610738145,-0.357838843527483,-0.339032293511096,-0.178894367919061,-0.108759834491253,-0.269996153454795,0.124233184354306,0.0208882611454069,0.930756727259747,-0.194746407110198,-0.209833414563339,0.185525059036532,-0.0557617249577154,0.135484984848603,0.255273907885453,-0.0724654782124484,-0.164511929960799,-0.114810256789939,-0.222932961461975,0.0454183632506055,0.0683979286711818,0.0457188564464408,0.160998431721593,0.144467016667664,-0.273219025875694,-0.131401851179312,-0.213187382101888,0.0286485826903894,-0.130226684612979,0.0483182638184171,-0.102469387245855,-0.0973441324931923,0.647688397318634,0.0931914757394233,-0.0902748215986219,0.0742534731428543,-0.215804147479244,-0.0377412792742286,-0.174983943745877,-0.135506522418435,0.722104030271322,-0.330444960217715,-0.249613137578641,0.139023913440688,0.184200402151493,0.18534285063405,0.13384479697444,0.163878653991771,-0.244254929041698,-0.132665562999573,-0.166499113520141,-0.0835500201309261,0.0592887202050116,-0.0850502512590915,0.132138887403307,0.360224673277865,0.0570922299024954,0.320258760994332,1,-0.177691786156407,-0.268839738816986,-0.203842230648184,-0.213464380214526,-0.101735624326426,0.020025895585886,-0.0888123879758022,-0.122359413423315,0.0615047908765718,0.148500118876385,0.135072796502107,0.0756933829406553,-0.0809806529088306,0.0204188536762756,-0.062614171618425,-0.0826055584356157,-0.229607181098713,-0.195944910794008,0.0975002663373786,-0.0484216556388219,0.192561719661142,-0.145937030919797
"义父-义女",0.0396009331747919,0.216076407287564,-0.0715348799799681,0.0349696531313264,0.015319431760224,0.299830277017164,0.10036456039174,0.204157680124067,0.159933774970985,-0.0888732817873571,0.425936234357772,-0.0652843301242408,0.165628070719057,-0.0598035266963042,0.164407850554834,0.206508093066059,0.019987710508601,-0.289219851562061,-0.101886730072224,0.060004442399988,-0.166717295526849,-0.368579770191461,-0.213115109934522,0.112741674542106,0.190646574514966,-0.382925055477161,-0.345670692360835,-0.0530226662239891,-0.324403105854573,0.0105430039222264,0.028992188119342,-0.0749061309148658,0.35447276338592,0.175950203503719,-0.112754169103358,-0.000666101457124464,-0.0570656198654506,0.119565660360533,-0.00800357882223485,-0.215662542130017,-0.0249504188407935,-0.0697869124945167,-0.00429095794224479,0.184418195444136,-0.0429661238387876,-0.313975794785763,-0.117283881663835,-0.109078034141604,-0.132907422340562,0.178823220551064,-0.132860536737704,-0.0349313520583576,0.0924997445546768,-0.28829832084241,0.105587917532187,0.0991785129764121,0.423332451514204,0.0552773802786097,-0.22605975356268,-0.277063273196204,-0.048064100594109,-0.007516523148296,0.129285731149343,-0.10940987570506,0.253794185733079,-0.26689332637699,-0.0741771765844662,0.300906499929861,-0.0670951708763955,0.0342905189838951,-0.148868654393521,-0.033962787062684,0.539504076986388,-0.273299332907276,-0.176009067974777,-0.0721741732731102,-0.304025747410169,-0.121148932923202,-0.132981255736545,0.207037848893622,0.119277534543866,0.0219121410400638,0.0106096188039095,-0.193174682766068,-0.173804046457763,-0.136376406204049,0.174161295253516,0.104829779252967,0.06796450631082,-0.0135208526143982,0.0910942393705704,-0.256531357220627,-0.174322594958635,0.0359531749037736,-0.0916661855045574,0.132205982835599,0.19371464729612,-0.247548334453952,0.274808158638591,-0.070829344759826,-0.0613407776823976,0.371691924802715,-0.126291710076381,0.278174652837812,0.0828961223029259,-0.162122408612649,-0.289567492896714,0.0126912428841311,0.0573507009125281,-0.0794761722079161,0.396169795641655,0.216410946088564,0.0671447119807067,0.0440450365040552,0.102848129703438,-0.244639024214827,-0.0577346833079644,-0.15901209856421,-0.168876109377796,0.115962575421089,-0.177691786156407,1,0.31238354873488,0.503484317811998,0.484931597659893,0.257519584496061,0.00821029663916039,-0.178619197704603,0.285944807713244,-0.0952774313999822,-0.144091912677532,-0.0214219917471796,-0.0311422103397857,0.114430931399779,-0.240630859562496,-0.236882222080541,-0.124074534875651,0.161469185813786,0.437638293672876,0.143488556644074,0.213328206711204,-0.0737522996780905,0.0358705749543214
"义父-义子",0.235129521738268,0.00256333789178904,0.388858963476957,0.282515055687252,0.325112794778805,0.369314099285474,0.0992797816953618,0.243260873050409,0.500656950962982,0.10705992900851,0.175282712059331,-0.198055085859462,0.410837966126533,-0.00838240456772116,0.248427076299066,0.368608321718334,-0.09080503705709,-0.0408504183000282,-0.165061775392998,-0.327819782507739,-0.19022765820853,-0.189669518147571,-0.0739728239546034,0.200837316360437,-0.120310257297801,-0.00633394389399294,0.140106815365046,0.389402208539662,-0.134424595129535,0.293016185851651,0.152590203411747,-0.276296772882608,0.179361378710366,0.138015600845518,-0.343659201505047,-0.156353507306353,0.198705210521605,0.046241312635907,0.014076640801071,-0.0350857790878576,-0.222484878366596,0.0600688136133521,0.417473366023107,0.351355351327164,-0.152155368321407,-0.216212257651803,-0.0452019999765341,-0.297901976765199,-0.287685833445303,-0.0631941961963045,-0.2716825478241,0.103383971965381,0.199007196853579,-0.154050114348835,0.0248571834059838,0.0245172533636605,0.262138948790014,-0.193321429055487,-0.322606738681005,-0.355343874004613,-0.365147528113733,-0.302254775434775,0.211764030659907,0.133651702571082,0.169001748652152,0.207305460401816,0.256239029752981,0.262793919701822,-0.381843713938106,0.043156557363126,-0.174197347799851,-0.0901795796342344,0.00978761405439723,-0.365895801565125,0.125145838713273,-0.190884786903245,-0.393899429312201,0.106042851981546,0.127398705411204,0.183287838714077,0.0768143377353651,0.0575381149576861,-0.189344044460044,-0.334105637238997,-0.310354302041053,-0.0351522659044229,0.0725033508223843,0.114499858259819,-0.0587683987260337,-0.280122881135987,-0.0289948386525918,-0.186980702752856,-0.0601631710007849,0.00588520518373491,-0.0304946382694458,-0.0764397266893179,0.00941715828700532,-0.336044210729106,0.315426011086035,-0.0857099449525289,0.0595809836459728,-0.0159602391942176,-0.0914552459442608,0.45135325177836,0.282585411110044,-0.195231209786875,-0.385914782984805,0.242929106625697,-0.308544951395297,-0.406659225398675,0.3328277180934,0.496961624601173,0.225581664986074,0.186788800767407,0.106345540926846,0.00981869439839797,-0.117981320903007,-0.466646785809779,0.150344491470819,-0.311010513115259,-0.268839738816986,0.31238354873488,1,0.124297952479306,0.539804033492768,0.00301284351599662,0.0142259094690086,0.0572661312005815,-0.0212268024872162,-0.10412789942091,-0.325802907900374,-0.296816528421748,0.235788855320367,0.338430014401478,-0.147686886642378,-0.017345907323674,-0.0533047600524573,0.580735192224039,0.0823790591030749,-0.126003710910422,-0.097226177703338,-0.359545208778937,0.22402816370591
"义母-义女",-0.175460404152454,0.0157282594678302,-0.143863002805809,0.0917076008244728,0.125656829755881,0.131313838184744,0.153981151146401,0.207413376395351,0.0669207806192093,-0.0718952563179451,0.33212284820067,-0.0595607725758756,0.12608106824162,-0.0873266421648115,0.0500158130507428,0.0872989653748596,0.143186436251703,-0.191883155424949,-0.029362025429897,-0.0497791165514383,-0.0248615807079262,-0.263888403206394,-0.157299450344783,0.0611233332989747,0.38566838840957,-0.20256852396622,-0.258018713356662,0.0629299797930351,-0.11531101721072,0.0568597789364559,-0.127171983062192,-0.130016317162772,0.635525569812726,0.219142780561062,0.0402887552459254,-0.0287830116436397,-0.0850986734969427,-0.0181880104940962,-0.219254686653364,-0.127336108759774,0.0874042677064356,-0.160026146961992,-0.0772507049898507,-0.0397026731719609,-0.086941718286012,-0.281008123242076,-0.137780624162375,-0.0226341276999788,0.04969045432062,0.205702348919885,0.0236070062768338,0.00869641820545066,0.134665569288142,-0.259707405547593,0.155786663198601,0.248644759494745,0.492244885276244,0.303465811102179,0.00842226102548751,-0.188717245559003,-0.0501513937141572,-0.0966507271572415,0.0948122010994951,-0.0809805849000475,0.336803273814948,-0.284105867795599,-0.192809412197324,0.152914704584597,0.0910909869062763,-0.027457402614801,-0.181071842546997,-0.0200223377989859,0.329015235310691,-0.236000500630757,-0.133879910873321,-0.0821288460981521,-0.278488817290731,-0.114238386419548,-0.137806932071514,0.0031566725125468,0.0536783221012256,0.0448869148398838,0.0824260524749118,-0.00962445724980148,-0.0719191148611043,-0.0994818879694952,0.302148776554991,0.358508794573177,0.028724616370775,0.119935220936176,0.17845549387615,-0.328941704474565,-0.0986774889147774,0.31920717736564,-0.111924566058412,0.102207045325783,-0.10756011807143,-0.0929425733365699,0.102904293938029,0.0119673501493505,0.0202530066893833,0.316941453089611,-0.238272902456353,0.253118543408952,0.0603081869997405,-0.104838440180342,-0.246802907896409,0.0958811068485425,-0.031609556429312,-0.112149517524977,0.350160084651538,0.0487030921128083,-0.00558460660573758,0.0947441651584557,0.0943585419341318,-0.203117722484039,-0.226323024497747,-0.20542089955696,-0.205003548988187,0.0100202268065997,-0.203842230648184,0.503484317811998,0.124297952479306,1,0.342399752345027,-0.0939633158323744,-0.0190920266072748,-0.26739417509064,-0.00800534307817645,-0.0204930205574446,-0.0987322706960616,-0.0261689234028378,-0.0663477942678774,-0.137649929886172,-0.270259913990498,-0.251154097428326,-0.0470049902300454,-0.031666489889433,0.342860766873679,0.120298423294071,0.203295340222636,-0.163855762661937,-0.0659981872533559
"义母-义子",0.0583987183580034,0.143084823139996,0.0372035703178393,0.0692846797886212,0.183377185115532,0.153305661581933,0.30747244033153,0.272758925227094,0.327309685626702,0.207666738189719,0.253060917548339,0.0809510175159151,0.123341374663139,-0.00803775558103596,0.0677377284141633,0.216248512768806,-0.0333920807327104,0.0451890547311058,-0.0530659298335609,-0.366754951906987,0.0421986463437834,-0.189330752917553,-0.101611355709064,0.215108929579895,0.29675400694288,-0.254976939096904,-0.131412570616768,0.0203600188925349,0.0348318599861226,0.133639032574693,-0.0632087664930207,-0.282316733592745,0.346789158740856,0.225739863968811,-0.161420029172083,-0.211089828806621,-0.00451336991858698,0.00387490335008765,0.121366775561575,-0.249390088745837,-0.142133723644693,0.0410260628783962,0.138577860657171,0.514712186954919,-0.0733359107451851,-0.399150515103527,-0.120717434165071,-0.323883431229706,-0.0260378600662811,-0.0562845237756585,-0.404107925872053,0.206970104152309,0.314912951091314,-0.218535988873323,0.366961794094655,0.155957922811508,0.406462564993957,-0.0147036352516701,-0.156409514103411,-0.489418495258323,-0.406027861254627,-0.365042996476744,-0.00751849951240228,-0.16678370812664,0.136494857518382,-0.0135299708017548,0.161466905192574,0.104000567362954,-0.300288754837601,-0.0120250357239942,-0.138443672260985,-0.128842466207703,0.177641427668688,-0.495126792117314,0.00551750237169641,-0.358162169040544,-0.477894815840567,-0.245166506079762,-0.0400161368516873,-0.00951322714681822,-0.0125828493826802,0.130857647976259,0.182061305745883,-0.229656451740978,-0.452669733145146,0.120071967838363,0.0755757743859999,0.0379480996271986,-0.130171323399936,0.133177167782162,0.344942880013388,-0.218605568447895,0.0944126393909556,0.235881541613575,-0.0851565313622554,0.326568342498764,0.0325889913774836,-0.164404747845498,0.283717259295969,-0.130156644605574,-0.173424801512983,0.212675876433355,-0.0263860224923894,0.284022735259347,0.0237375327918355,-0.358087520323444,-0.467398690794989,0.189475122143455,-0.33623476520185,-0.429889907938596,0.378301258799597,0.421545247531824,0.0454825399626781,0.251381371888051,0.234705488107457,-0.0650617186022344,-0.301461242645715,-0.493588031910482,0.105922663008537,-0.346826446859455,-0.213464380214526,0.484931597659893,0.539804033492768,0.342399752345027,1,-0.00467567624228074,0.217294663024152,-0.0928318621891293,-0.0172358184159347,0.00921125064571746,-0.405384039740173,-0.345080761535558,0.179542012063663,0.316623616554807,-0.117051001775567,-0.089725893271175,-0.153037101651024,0.381015925247064,0.297402424078808,0.217387862403979,0.0129047419448604,-0.381261423946238,0.19268508168193
"姻伯叔-姻侄",0.461586340939949,0.495448430426459,0.160116139535385,0.200220747605664,-0.140100075829164,0.201150134473556,-0.151370762377277,-0.144106187672125,0.0409351619175801,-0.00376087135010444,0.165913746833778,0.110684670078743,0.0316651878712792,0.0755768556593951,0.013866568075127,0.205344074750382,0.0283648324220466,-0.25924005418438,0.0825001243255319,-0.019522168273567,0.118262042134864,0.209131396632623,0.280427509592129,-0.142964015639845,-0.0469656361972349,-0.164965398185959,-0.0105923483524139,-0.000209389253683784,-0.18245827722492,-0.221234322928282,0.221467209471865,-0.133480094874255,-0.0803979186702912,-0.278713022812863,-0.00435394476758587,-0.00254417396827461,-0.101724763044784,0.133113118438959,0.057805756497426,-0.134480799982962,0.129373604155445,0.0345048427400775,0.124113395564741,0.0761612109903427,-0.150959018442697,-0.209098455776893,0.242282712090323,-0.251878990994374,0.22269818571143,0.00349596060689922,-0.31470354415384,-0.176704175059381,-0.27587425328075,-0.297807230982272,-0.230167607543379,-0.267336269007892,-0.0416859160897224,-0.166785627807394,0.0205045730002933,-0.207506174508831,-0.0578100643726976,-0.061191431287413,0.25881797417303,0.13597863130806,-0.107994627159975,0.0430220172004947,0.335545330130613,0.358335587100982,-0.0652087759862315,0.0638278369106104,-0.1702679975763,-0.119664864260111,0.409602634042523,-0.220686345681953,0.0810472548259036,-0.266972215252705,-0.193019356050694,0.268848103938775,0.226290224625468,0.169211083342115,-0.0182603418049157,-0.191713359404082,0.117447420254442,-0.0564075439620519,-0.206273471995523,-0.192605302062417,-0.125162232839177,-0.36132543872271,0.110076832846124,0.0703968438065497,-0.0257669381408392,0.224792057212568,-0.257148682734917,-0.273596807057854,-0.260107653964595,0.0122197025042775,0.542099060181099,0.154969483186755,0.335062881909259,0.251230639365349,-0.124147852717454,0.293167420028437,-0.146663555225026,0.0357657930177593,0.0652562456558208,-0.284554485745993,-0.229976181329623,-0.231668246222991,-0.0530637853494317,-0.147391059914484,-0.0139452199929736,-0.00842261808232876,-0.0323499094756214,-0.0283974321798328,-0.0358931524721989,0.133887007347546,-0.0393161728389871,-0.117302780851356,0.000144702894498142,0.0488556106873098,-0.101735624326426,0.257519584496061,0.00301284351599662,-0.0939633158323744,-0.00467567624228074,1,0.210527051896903,0.102808011441517,0.246654111073251,0.0331940930744091,-0.218650946515563,-0.0490871345873577,-0.119308044297103,0.398530250547971,0.323660490383255,0.105148621087109,0.124187119801483,0.169774967511376,0.123864824300335,-0.114634830977916,-0.00669055599254181,-0.131086165816244,0.0465411531273941
"原配-继室",0.0641841425897451,0.21183862402779,-0.0467805184296701,-0.239614760780945,-0.24481977317416,-0.205369364200325,0.24405244497134,-0.000269011097559655,0.0797712795012995,0.263022748270271,0.0361377061279994,0.288422610852274,-0.171488228445237,0.216582467083181,-0.190741416671043,-0.00986916622441779,-0.102566011392249,0.221358796029262,0.267780319132898,-0.132965065481209,0.40751208024173,0.291849714907233,0.347152137493043,0.125055393531966,0.310110341353533,-0.0356613582682485,-0.0324341963826394,-0.184169268989048,0.0441917365862074,-0.15820103886382,-0.0732013428163944,-0.221136864769865,0.00552344555559285,-0.0629682877362496,0.233247182924236,-0.218877046230618,-0.11105085655966,-0.011761235999779,0.185246313772345,-0.418814087726721,-0.0160295682634102,-0.101974870502416,-0.102419712225174,0.167814907697057,0.01603290642751,-0.394767885503749,-0.0366569696553686,-0.14406059017792,0.401280598744679,-0.0856086740763808,-0.352795087625968,0.0622281003797065,0.00436424467574194,-0.145263756321875,0.127313302320725,-0.0244405476255842,0.0935651730936413,0.152912219604506,0.251839468271788,-0.193684743529764,-0.259498677499993,-0.257214999073245,-0.0997982530556862,-0.119365231288215,0.0182932612784125,0.00935393583441111,0.104771797037731,-0.141503996239898,-0.123914767382696,-0.179574257200295,-0.0504799967660633,-0.0774213283487052,0.000943631061742788,-0.267099818357819,0.199634052773673,-0.254962521803375,-0.164980968302004,-0.159123160130097,0.180177500332804,-0.145225592029341,-0.21402119338115,-0.0957584190577706,0.308620405195072,-0.00997649488466179,-0.332967272019206,0.171645094517796,-0.14928244481717,-0.255465542424731,-0.101855101701692,0.478762819135808,0.104438303364677,0.32756225462874,0.232431312054578,0.0747855793541351,-0.0811538451867054,0.279717688217633,0.25164566764929,0.251141968845344,0.330932914533367,0.014124383345898,-0.317918817647258,0.150588284463608,0.010438612513259,-0.223803288697329,-0.259716527702348,-0.243272794660988,-0.225137058070435,-0.0615300817070945,-0.214516907566618,-0.259598162694849,0.214736854115738,0.22718500263926,-0.231333553240304,-0.0639178435030114,-0.0559798582821418,-0.0645396559582567,-0.308938609696478,-0.239292702228133,-0.0313445535641643,-0.197656461295674,0.020025895585886,0.00821029663916039,0.0142259094690086,-0.0190920266072748,0.217294663024152,0.210527051896903,1,-0.166637029767694,-0.219724342627339,0.311008796903305,-0.243295457091435,-0.178937505934781,-0.205060689392372,0.139611129345491,0.363433015754493,0.116494152803022,0.0708963367901706,0.251994023091164,0.0385886012645471,0.173113989086899,-0.0792931806563926,-0.197387047217656,0.225205280062512
"岳父-女婿",0.121711751842672,0.0933265330214778,0.213569578210345,0.12172492840887,0.324150769928823,0.315521099086449,-0.267383186827203,-0.00999039601132426,0.0115590545111947,-0.138075275570119,-0.0424067446732981,-0.233136013065539,0.196019230984267,-0.0978229099352484,0.109996972989232,-0.0724319877550454,0.271532191332507,0.0561444198167165,-0.329781658640691,0.0034033701686237,-0.266569394476713,-0.066130011902864,-0.048593956412864,0.0102004961684448,-0.20103410728376,0.158288768700542,0.0683619292420878,0.130941873845763,0.123956392925778,0.171788778773381,0.16614050011901,0.188102388472761,-0.146442084831078,0.033088695611289,-0.412355423190047,-0.0921223125616907,0.0318535967575029,0.162418841380962,-0.0156467527786369,0.310042991687858,0.0304491180825377,0.0359120339251724,0.184608460378628,-0.0458916914602154,-0.0747078420303782,0.0806930062860533,0.134923280889958,-0.119640245196228,-0.216218433909481,0.115994986974891,0.0400074037790218,-0.163997685326009,-0.00323156803415802,0.0925928768133059,-0.0265678778622261,0.00035386763879773,-0.221326449193354,-0.347193474124688,-0.413693223307397,-0.00012419986501488,-0.0607437293364212,0.112775277425486,0.128006724036897,0.0984701440108943,-0.114130042522608,0.130191981605064,-0.0238577558995755,0.0487948871957054,0.126716994241978,0.279749167552518,0.00190809115734415,-0.239868298932391,-0.00799122038771266,0.0150702865218371,0.0117816601839779,0.0388681724273151,-0.0760072018037179,0.198448861981706,0.0405750642261611,0.182360887454846,-0.00184406460421858,0.186186516610338,-0.204787919488249,-0.310546980669439,0.130916571741637,-0.0707396694388633,0.130963992131525,0.0872295550620123,0.0590960250734867,-0.158964294132272,-0.153812051521637,-0.0993947707797696,0.0292997480130857,-0.12392161089749,0.133864034940651,-0.165234439157412,0.0954253509442058,-0.287025949660886,-0.0155080939087052,-0.153618099903028,0.308905889172192,0.0882044401960605,0.0498551964739958,0.0282407120564695,0.0332936180450446,0.0481274416712351,-0.0708766445122819,0.0584878342997447,0.0672471406446652,-0.0634313716242183,-0.158806945478719,-0.171183023336618,0.295191833871356,-0.0602234942806553,0.117802086144664,0.306765232846802,0.143317062840108,-0.0151450968295617,0.0467808858249637,0.0765878393532048,-0.0888123879758022,-0.178619197704603,0.0572661312005815,-0.26739417509064,-0.0928318621891293,0.102808011441517,-0.166637029767694,1,0.489086352441118,-0.308873479275789,-0.0722201779975332,-0.0464768980532573,0.172563428058905,0.169328167971266,-0.0772601955661438,-0.0152248248232595,-0.0894839206393669,0.130068254869072,-0.197739540143913,-0.151835813287118,0.153152865079998,0.0983387419253871,-0.0701652174046079
"岳母-女婿",0.0537733008094145,0.159774088121523,0.108109016684209,0.0248355349306097,0.33014603283693,0.401279103654383,-0.261822903791905,-0.163785952073255,-0.0403084926172359,-0.46193353062169,0.19313943500057,-0.234662962000566,0.156607224323226,-0.206179252016938,0.141787494400576,-0.0346826763548995,0.32700165153597,-0.150248977863139,-0.434472958683759,0.259368902709398,-0.31441611466298,-0.292318756588237,-0.0990303450480863,-0.00808033274262402,-0.100291771087421,-0.244512217183937,-0.317866657081218,0.0629891861180663,-0.114542009224745,0.263462342676122,0.181836297721487,0.155350053279757,0.0587628349072774,0.154539078643058,-0.474860777142092,-0.0331771349295238,-0.186793255645588,0.297841823259048,0.0501314707008972,0.129007356364765,0.159961710905612,0.107228852892149,0.146366905164002,0.0292048203999273,-0.0167527133697236,-0.0273429459167008,-0.0163951294229903,-0.125266862413249,-0.314451952641113,0.353950683933843,-0.0255523832867142,-0.155923975793522,0.176264754731425,-0.0526760140242923,0.108536473374029,0.0907006272638496,0.0551374738544567,-0.354488591389662,-0.436916627596445,-0.0743947926176196,0.02137745808179,0.240344412232656,0.178451945470125,-0.0177535980873177,-0.0970307337044742,-0.142595429636679,-0.186685855155398,0.148799610031728,0.150800088351433,0.367943343403378,-0.0783653983920915,-0.267656590940797,0.267773548615468,-0.124060995591635,-0.375019163600278,-0.00464000125913778,-0.147943671900634,0.0787975050251928,-0.234268815305104,0.286043478328646,0.0243048853093763,0.234030763205601,-0.170336446997911,-0.317200781179801,0.033015734491568,-0.17702404176317,0.266331847649765,0.0641145844316103,0.15694279367989,-0.165326093201318,-0.0255144243744207,-0.174403082394621,-0.161846428242539,-0.105785123551652,0.101266761465655,-0.0417224737461596,0.242838152570899,-0.342757874315885,0.00255040426245631,-0.155125579863105,0.313194815869746,0.356486107638372,0.0516060792456479,0.106779578348418,0.079839315523196,-0.0616323556166999,-0.0848991695494795,0.0939762392125408,0.282644576285244,0.086055646433393,-0.0296098163877267,-0.221371508401615,0.399982955172703,-0.0552157053227051,0.366575466720533,0.177740709341037,0.256984184965654,0.0753249425785405,-0.13188749060885,0.379098486859555,-0.122359413423315,0.285944807713244,-0.0212268024872162,-0.00800534307817645,-0.0172358184159347,0.246654111073251,-0.219724342627339,0.489086352441118,1,-0.373158630428744,-0.111764204885165,0.042149127578231,0.092261637677362,0.123880035400094,-0.187603939624403,-0.197516790050505,-0.338872445073647,0.0174219203612875,0.135847309272867,0.018679543467277,0.285524569867618,0.17564472456004,-0.237160488486577
"再从兄-再从弟",-0.0137824224960973,0.15440313617999,-0.13226671078348,-0.137727013916286,-0.265172281889763,-0.367411853609222,0.113829700298471,-0.0922807760092534,-0.121097350950303,0.239487367630198,-0.262561578890524,0.168492999373012,-0.374527100494954,0.0811884352126674,-0.287648665525225,-0.168998584763431,-0.132236057009517,0.276860823984992,0.684753811511768,-0.142948900700299,0.654590779202215,0.386444051145689,0.298389193084976,0.184389127801391,0.305108915611173,0.0984005936314792,0.0576649793949883,-0.221854748447721,0.0951299990601953,-0.251449672803505,-0.192233756321204,-0.143325583956071,-0.0820019286340008,-0.0346777761212358,0.395970122887352,-0.0420619584885039,-0.216200813943612,-0.0970101307000951,0.0838444068725454,-0.342899425633619,0.0470406600410852,-0.0920928956417279,-0.286514201050201,0.0334956451456468,-0.0459847712466564,-0.226445975928262,-0.0462759544117072,-0.124287952329561,0.351753616625032,-0.111884192633083,-0.164353901267949,0.185869157776277,0.120127666893548,-0.0889425757012112,0.0884672826753539,0.0823342242856582,-0.0550468290245336,0.226731444403544,0.614777066517382,-0.0576875555318444,-0.175475577060095,-0.228979250288204,-0.338102987041735,-0.24163230934837,-0.0218245113228685,0.0374524756997794,-0.0412132893979458,-0.291595034231248,-0.0570325554073811,-0.144277718276453,-0.0302098901180399,0.0245522599050899,-0.1352736371275,-0.08242937152276,0.0591469028156021,-0.220416034089536,0.0427916092479297,-0.110089954389508,0.0168762434091227,-0.395772034304578,-0.234980142777367,-0.27337541586799,0.40190526106303,0.367359270496847,-0.216795990723757,0.231235251132167,-0.330609109641857,-0.164722838029624,-0.223107390710978,0.395158523529369,0.146425563016577,0.38351116613414,0.392768603873899,0.22166701772132,-0.104267022140294,0.284011760861297,-0.0233599970755383,0.466862540722673,0.183586609948958,0.302329817366056,-0.434398652334385,-0.0532758691455923,0.00250763370144274,-0.388053472522861,-0.310217745810276,-0.0995048823755781,-0.017317176119842,-0.132445998187199,-0.271636317907421,-0.11716410429189,-0.0398640219546676,0.0671312492844015,-0.338309121543465,-0.0207278938752379,-0.100773200259125,-0.147822659567535,-0.295252006556831,-0.0743673064657211,-0.117073135307313,-0.205048710687321,0.0615047908765718,-0.0952774313999822,-0.10412789942091,-0.0204930205574446,0.00921125064571746,0.0331940930744091,0.311008796903305,-0.308873479275789,-0.373158630428744,1,-0.132141463143584,-0.123691655895095,-0.123976802486289,-0.105503463587851,0.408143826423304,0.179010833560268,0.181828260184341,0.13859689433362,0.158140648983602,0.0872146206464118,-0.123128499071416,-0.207724629394718,-0.142127671213775
"姐-弟",-0.170162606525632,-0.0290571061979576,-0.31141580190281,-0.157132577921102,-0.373958208688325,-0.193515362197043,-0.267371242336492,0.0453619588666642,-0.364221456433515,-0.106146695246853,-0.263173941949364,-0.0055597382240829,-0.243622184543042,-0.0116975656219249,-0.284012715102801,-0.396953938851466,-0.380558068406937,-0.311515393964554,-0.0723852338942861,0.471867752595038,-0.149005190667069,0.0395527688415235,-0.273029096072389,-0.365337259509419,-0.207672037773494,0.130632843958668,-0.00817011374451434,-0.26682369080378,-0.280955948515028,-0.333171549688257,-0.0396945112158877,0.125362114030909,-0.263225615009878,-0.127321004111016,0.251494056666403,0.138019581471659,0.140419542611262,-0.213463409476055,-0.244444832671062,0.109024936371513,-0.21048965686083,-0.216814120950561,-0.332231384841525,-0.34532912492437,0.0642269761925373,0.300930831218936,0.251201567782582,0.86291490734235,0.0452461161955616,-0.199771376842382,0.791831948434776,-0.201459368817356,-0.297514043445734,0.00113287402511913,-0.335600482645065,-0.188359684194994,-0.321256263072965,0.284120120465631,0.125690500771765,0.835985368828034,0.848182382904977,0.772057359328976,-0.280431230498874,0.0302844032671997,-0.0146102853532156,-0.15434652595911,-0.367436056674344,-0.279403917569131,-0.0317217880920312,-0.403853974772149,0.161819308038555,0.479753717321751,-0.0598093464588785,0.835470147233977,-0.094222160004377,0.867530759146698,0.789775879500283,-0.010322733013377,0.102667195277925,-0.231218061783556,0.109112270938242,-0.307115696457608,-0.13516880680342,0.337049601362535,0.812524737878529,-0.25611590480827,-0.211776600314445,-0.0323434795140449,0.0333471777960874,-0.1588395183887,-0.255790096877019,-0.0120566454262484,-0.146484216590021,-0.0659489134532464,-0.00226964217944383,-0.195595904920651,-0.234010665538822,0.143304317128549,-0.266437549739119,-0.220117959435202,-0.193023950342927,-0.352789873289459,-0.13107561758535,-0.28338147680659,-0.232003694143138,0.856575361385319,0.855178868567529,-0.357200772790035,0.597904608499907,0.72992405840643,-0.153769823940926,-0.386681041953865,-0.337749837728721,-0.104746435255031,-0.391530019278121,-0.0521214576262131,-0.00325999540062201,0.733052592579297,-0.127440393984548,0.453966758587172,0.148500118876385,-0.144091912677532,-0.325802907900374,-0.0987322706960616,-0.405384039740173,-0.218650946515563,-0.243295457091435,-0.0722201779975332,-0.111764204885165,-0.132141463143584,1,0.855833816563676,-0.346394264136813,-0.384383622189278,-0.221960219894212,0.0823212375375098,0.31360921483412,-0.351233191263097,-0.266968646239581,-0.25374990116354,-0.134202535138013,0.738417013774307,-0.25223743407941
"姐-妹",-0.205822475823911,-0.0213601086366593,-0.342911825879225,-0.103935555589154,-0.383530345706601,-0.0558768243593464,-0.26581052412115,-0.0306117605119223,-0.311222270384521,-0.188819376082124,-0.113676847279856,-0.054149657233948,-0.199683709152878,0.023326731779863,-0.217767064659191,-0.325428720060043,-0.238969575659297,-0.359729798657646,-0.0432926821718491,0.584766949647135,-0.178586169332164,-0.0419810369055699,-0.253278961273267,-0.352277074977875,-0.108821668643071,-0.0634208094168671,-0.143991961485118,-0.30341972806404,-0.337951174598698,-0.288592143782722,0.0283618280959797,0.232372906739069,-0.14832695508421,-0.137824266516135,0.252918643335453,0.173009094116884,0.120884567730351,-0.157236646184996,-0.245389348966908,-0.0139171468371424,-0.143975785640783,-0.262984474078572,-0.323975646589738,-0.285631848353438,0.0920036900082225,0.154202791859831,0.205178281787401,0.794472628527604,0.0427738274951723,-0.0816536300877887,0.710730447582913,-0.308365528952398,-0.278962421120728,-0.0550591391713382,-0.293940018918114,-0.210486685353548,-0.199332544107601,0.251237407119579,0.051816123386148,0.73147235006097,0.804720163527962,0.818546174707729,-0.201258300927095,-0.0407300218195538,0.0412626642733014,-0.277971995455055,-0.423551811716356,-0.156032906813787,0.00217975415485481,-0.300258698025556,0.158107769578153,0.331502041006658,0.112093020197281,0.696898321847596,-0.204627418700864,0.791264656412697,0.676406980195525,-0.0465050003116854,0.0128818673234124,-0.112923637866891,0.110924624488843,-0.252621432186075,-0.0624126707163618,0.315197038299178,0.73218295014072,-0.312555340343984,-0.171711983752054,-0.0751536377180943,0.0957496318257874,-0.12991199906605,-0.229993895624241,-0.106164305213169,-0.234336928805275,-0.0693188728262632,-0.00305642623703642,-0.137098142171726,-0.128009250880895,0.0585150959945053,-0.205098530662063,-0.206603470532675,-0.220812049251007,-0.127730048116321,-0.145055339266509,-0.257718874888647,-0.239273210769066,0.805887206120194,0.770609742225909,-0.332100316881422,0.676203528951898,0.671741860060128,-0.12412921375011,-0.410871445375506,-0.313096942079796,-0.0754173140078522,-0.317554393994373,-0.0521151852022878,0.0027912303480534,0.693957199054929,-0.212501670366833,0.609323704637062,0.135072796502107,-0.0214219917471796,-0.296816528421748,-0.0261689234028378,-0.345080761535558,-0.0490871345873577,-0.178937505934781,-0.0464768980532573,0.042149127578231,-0.123691655895095,0.855833816563676,1,-0.353526654992323,-0.30893769228601,-0.241744031076321,-0.10478499004212,0.195690238374727,-0.337405521656816,-0.206361693946662,-0.240175174019131,0.0182264765231029,0.74059147457412,-0.26322183990479
"姐夫-妹夫",0.0643251919911813,-0.200219782840292,0.207291056061229,0.163308245592205,0.384944672245542,0.0922582447223155,-0.118594393073046,-0.107962991292382,0.172199956996376,-0.188281965949174,-0.154251538282402,-0.330258648977995,0.0762832772014295,-0.407381607848663,0.0902693649924764,0.125908526228119,0.427382597247654,0.340781296720439,-0.178253083138245,-0.273481842270109,-0.0560237725268017,-0.205502302484719,-0.172652842098651,0.323696133041718,-0.182618969004609,-0.12482629413676,-0.0126936655047635,0.139786446885266,0.407063634729129,0.516235473887845,-0.104562780375105,0.18101345890036,-0.00171571793623451,0.219220564413211,-0.31572824435053,-0.27214590512419,-0.218166426582282,0.127611993915195,0.144046043670049,0.115568288231508,0.301824507041901,0.293183976261941,0.221939051456344,0.301326827454314,0.0703790399088904,0.165022586712305,-0.281937143340019,-0.389639968379106,-0.147093239258371,0.334617738693165,-0.23082879067252,0.0620764700900406,0.376957845016309,0.268056942355139,0.267251726697791,0.238802125961121,0.0461435146632312,-0.330858446969464,-0.19254868868948,-0.423706682370566,-0.403286790518598,-0.363823276445353,-0.062752552136248,-0.185085055833101,-0.298360126321184,0.158150085182923,0.215175702080399,0.0586557720980034,0.216025918890606,0.504472006841228,0.1128255816451,-0.318315409070696,-0.192413552295015,-0.313756178161834,-0.104871451632756,-0.345457883437998,-0.373795833577174,0.0573768665509036,-0.181902656795798,0.133258873547509,-0.229204940399512,0.346642019484819,-0.0586568610773345,-0.331942764308954,-0.230605470573677,0.301514932726673,0.154690435481774,0.0996373705436342,-0.333657665812561,-0.172930163450003,0.133958518904598,-0.389221639010639,0.186279371313189,-0.0251327247528797,0.230951582428697,0.12080128303763,-0.10196177753307,-0.371647233489344,0.0150727027990391,-0.109206249226444,0.30518464122638,0.00315713280757756,0.28193240757843,0.200783839109101,0.108498053321575,-0.328338875543005,-0.372965668039006,0.568279981661673,-0.365319017081685,-0.370726577957365,-0.188993132511821,0.0987506942931741,0.422018888142012,0.186137914689493,0.375447205012019,0.161338737022965,0.257493899934654,-0.279246999488409,0.0936101564493458,-0.214889765182338,0.0756933829406553,-0.0311422103397857,0.235788855320367,-0.0663477942678774,0.179542012063663,-0.119308044297103,-0.205060689392372,0.172563428058905,0.092261637677362,-0.123976802486289,-0.346394264136813,-0.353526654992323,1,0.286934205134432,-0.100162493907579,-0.0932131785615267,-0.361798609725451,0.0766195084669766,0.0320735765934115,0.197645327872247,0.0818851572177401,-0.377542277091071,0.0372860862112867
"姐夫-妻弟",0.4760730060199,0.293242825498789,0.299683241167436,0.190247568838392,0.206021287467599,0.172406144708985,0.0496505710512188,0.0237684561636402,0.406214605047864,0.0330794816492342,0.0372172351186482,0.0363267362453589,0.249833657656511,-0.078668844118718,0.114048575892343,0.283956690193994,0.017392890405527,-0.0460883329036422,-0.11499433583752,-0.464633385595494,-0.0721283690236293,0.0699374860778299,0.0634465446761378,-0.0361231368112012,-0.124955817488395,-0.0989327628189111,0.0621298473242795,0.193362605774303,0.0422194619650326,0.156946066239955,0.329489862771299,-0.223835732520649,-0.108581635567618,-0.0608678136964144,-0.213324561712139,-0.278294425627664,0.100713370971479,-0.118657893511117,0.00817911441871095,-0.0666110321398347,-0.0117362568272617,0.0973712566109148,0.294003566935898,0.322929252301347,-0.0520761822358018,-0.161465318353371,0.169748569358466,-0.393593710656855,0.125518841189445,-0.0806214075132994,-0.45633116880262,-0.0545746032949462,-0.0569645283272758,-0.148793383907893,-0.0171419509977477,-0.263592509776588,0.0307404949643605,-0.331364717121523,-0.139306964433716,-0.408453355448699,-0.370620347497492,-0.358057631880669,0.246390067064678,0.0991280577603007,-0.222624177493176,0.124491333010191,0.58091276436109,0.301337596154696,-0.23095150029022,0.185143915899153,-0.0234342971002485,-0.104209135346854,0.239818551429695,-0.388903316830831,0.172442843788142,-0.418321284901873,-0.413512768627865,0.262407561179884,0.2947885553622,0.0983095350683663,-0.113762648415321,0.110204354314592,-0.0700035756755588,-0.273615178354952,-0.357487624014692,0.10481453958125,-0.100870016886099,-0.159921276573388,0.0902318593130371,-0.110260636157507,0.0706181567804361,-0.0465843027526332,-0.215916662833278,-0.0738277775248985,-0.130068846130878,0.143505940666592,0.42731209520755,-0.159298152369093,0.360480356343672,0.00118522549397486,-0.0949666629816343,0.150128971931175,-0.0479460319940696,0.211020443683084,0.17222824246673,-0.350147694466769,-0.383118967049626,0.193864174708258,-0.382188585478604,-0.473087726268549,0.0407411160556212,0.223915747169599,0.25567923195996,0.124327016756439,0.0998715341045073,0.378385703438641,-0.0892361724568775,-0.459521054620969,0.293266973458061,-0.397340122312054,-0.0809806529088306,0.114430931399779,0.338430014401478,-0.137649929886172,0.316623616554807,0.398530250547971,0.139611129345491,0.169328167971266,0.123880035400094,-0.105503463587851,-0.384383622189278,-0.30893769228601,0.286934205134432,1,0.0660619761336989,0.200129193189977,0.0408153140123525,0.34905547244517,-0.038779189779519,-0.0340415913927701,-0.0196027867157871,-0.425842419015481,0.176019917255744
"兄-弟",0.128468040994662,0.268381118919275,0.100200303676691,0.0558756333273722,-0.117533721099742,-0.240407752126724,0.0432489543193097,-0.220899139597848,-0.142326062874982,0.359891031529974,-0.117727264931106,0.256587038549256,-0.137730509813527,0.162521883980445,-0.129611655948769,-0.0544544746674578,-0.0500484804462075,0.233737538878088,0.276677359367133,-0.181388976939332,0.565530000362181,0.714193200603964,0.67148261899054,0.00229587612559456,0.124797525683595,0.284928020481781,0.374521893056319,-0.0843530158304753,0.26195664387336,-0.254576903883728,-0.130993947502038,-0.141902855541435,-0.312211313902971,-0.286871126278312,0.20323755431489,-0.0486919563947686,-0.160957689833429,0.133611534217223,0.258003260717837,-0.206689407259799,0.162728911780164,-0.00734697033110596,-0.00885545567402879,0.0519233247281027,-0.0796842200638066,-0.191741559446503,0.0623187634081557,-0.323341568295793,0.342682922224913,-0.123128256162881,-0.280891155632321,0.0169778036353318,-0.13837934997351,-0.0734257732538829,-0.0482594815916998,-0.0629788898127432,-0.229208220185851,-0.129819295018958,0.510570780401565,-0.122649736440602,-0.215859626243323,-0.259882051752009,-0.15581671457129,-0.0878221102475808,-0.340702955136454,0.3340217174721,0.305744640480693,-0.171216699799897,0.0385814745670885,-0.038565393165542,-0.0893584704289351,-0.175939841670107,-0.174316588623267,-0.171488235685142,0.193216377303851,-0.362751114100062,-0.0835222401540496,0.0624487626498235,0.10208940890332,-0.171894081972125,-0.143965125584488,-0.23824748853272,0.376593304669822,0.104247608130053,-0.278062767503884,0.127897633020564,-0.377219644531107,-0.406694402172081,-0.104787808802888,0.288976070186077,0.0594437140709204,0.462282198607225,0.207011684324462,-0.193510829521265,-0.186112634185351,0.142250237492435,0.135489310337454,0.444888924032753,0.0682646712368222,0.390499934838715,-0.247531465364653,-0.148114331463996,0.0690210977858419,-0.281968599656061,-0.109493101287971,-0.240388810742374,-0.128521462625447,-0.107553383831031,-0.262622135055623,-0.15201921725854,-0.209801429252202,0.0299548670517187,-0.186070278752482,-0.145930345285768,-0.113087999504865,0.112563231824082,-0.224143871957636,-0.135180037870369,-0.00428873246752152,-0.263436644463727,0.0204188536762756,-0.240630859562496,-0.147686886642378,-0.270259913990498,-0.117051001775567,0.323660490383255,0.363433015754493,-0.0772601955661438,-0.187603939624403,0.408143826423304,-0.221960219894212,-0.241744031076321,-0.100162493907579,0.0660619761336989,1,0.283487952646345,0.178489389295798,0.0771836402955085,0.016869794531142,0.108398810560857,-0.23459593198704,-0.231759585397296,0.129747464348725
"族伯叔-族侄",0.49895979748212,0.439200253500283,0.117243118898029,0.025280371974125,-0.155013673265139,-0.162324634231809,-0.15697223023258,0.0666804716701545,-0.0892348825783245,0.231838973883767,-0.350325242919758,0.193137078111769,-0.219518839164733,0.0408524639685568,-0.320004222634332,-0.243112419893152,-0.425879501364741,-0.0367060564821864,0.15071866847305,-0.366365996993079,0.288205031777807,0.559029854056834,0.111421946358384,-0.15977308645771,-0.216292215491086,0.273896636929651,0.269805389687397,0.0848011654722941,-0.0946590190849406,-0.232143770068851,0.173029290858121,-0.277426451920116,-0.426941991637697,-0.125306424729876,0.104850166210469,-0.236680093589466,-0.0435960710965742,-0.233351971749356,-0.0563435617113749,0.071470490587362,-0.166938098374582,-0.00719940941064726,-0.124636818434445,-0.00229107297397892,-0.160408164902742,0.123070323275065,0.499414914664198,0.010366089804025,0.351231944719146,-0.286358066633272,-0.0933348517671889,0.0515496213365436,-0.258823776962495,-0.239821922337423,-0.222054815014848,-0.254952515642476,-0.302043569435511,0.0966118663764415,0.408824817150198,0.141071324513415,-0.031920514089984,-0.115389230119702,-0.0583796700509033,0.317028851146521,-0.190749352240449,0.340126515687009,0.311004089369866,-0.168779805408725,-0.273883818396765,-0.186091714803047,-0.0608331147678184,0.30780749434085,-0.101646272854418,0.0994889276141688,0.289693352642891,-0.0443917908470105,0.132077254856738,0.316807402849577,0.495617732937893,-0.419969934628218,-0.239247734443456,-0.284008490479066,0.0280890823794176,0.111326729849922,-0.0108582411999031,0.0705168063084051,-0.350721564314444,-0.165754232471278,-0.0205936501301534,0.0217694935633349,-0.0602159240950158,0.465263444806778,0.12974943052561,0.0535629292715185,-0.266295880081352,0.06921614514471,0.162059832071928,0.445948080021564,0.342921097082118,-0.0110315410236782,-0.284619990313711,-0.273881242265635,-0.182167063316715,-0.201975385362903,-0.192658286924764,0.0365449612343621,0.124252002325565,-0.275510370238719,-0.310545952435801,-0.094935900602257,-0.0962102933714377,-0.0879102332846304,-0.135551850483774,-0.0206768033280222,-0.345251700678007,0.45810939032231,-0.226311760424336,-0.0798503815768511,0.24085152638673,-0.392400112996222,-0.062614171618425,-0.236882222080541,-0.017345907323674,-0.251154097428326,-0.089725893271175,0.105148621087109,0.116494152803022,-0.0152248248232595,-0.197516790050505,0.179010833560268,0.0823212375375098,-0.10478499004212,-0.0932131785615267,0.200129193189977,0.283487952646345,1,0.607096471056337,0.291721915686365,-0.185309610464405,-0.201368507746907,-0.274096911550743,-0.143304716026741,-0.0926802940315821
"族兄-族弟",0.328620396681317,0.513610167129339,-0.0323201841237984,0.144466091172647,-0.380464738653387,-0.162367905474337,-0.0774934819652279,0.126425929391523,-0.253837016505777,0.311271742607636,-0.166327824179829,0.204367352896906,-0.202041210534665,0.263805874838392,-0.204205834587558,-0.172596279215604,-0.454376134422572,-0.275496434976711,0.189634181455166,-0.184954605635116,0.170891431511782,0.494091085731283,0.0973003742626123,-0.257655026636854,-0.0748900719403377,0.474328718146622,0.267252894814822,-0.0927024690020636,-0.233843423497117,-0.467903952276295,0.131910309553153,-0.133668203383631,-0.337007414331756,-0.267756273963092,0.383386053081222,0.0161278412362825,0.188897433929071,-0.155778804005997,-0.168726145102017,-0.00726090855480557,-0.183046286789819,-0.392376086931018,-0.256666142913168,-0.213925693996169,-0.196807924203081,0.0271435608795318,0.568550244753249,0.253570485075057,0.457397754366974,-0.228173566656533,0.173894526799724,-0.271680812627429,-0.501243213505287,-0.320360362488552,-0.362216458951965,-0.384346170594994,-0.181496114933728,0.246989316394513,0.480186817070488,0.37827809368714,0.193222456939133,0.123013181263849,-0.065941647805908,0.275528721228006,0.0348680665874503,0.0347394777243616,0.141808855308444,-0.120117238953122,-0.100665259898537,-0.329104989610677,-0.088507018638405,0.394285753281135,0.0802713984673264,0.308267727774825,0.378531207367245,0.22411439993177,0.329740378378901,0.333797642830092,0.519799122035124,-0.355137233976522,-0.00210850751467057,-0.442588466105909,-0.0284469262808539,0.360079545639683,0.222676570405135,-0.0414770535695801,-0.384716510967057,-0.0491267596752668,0.20806137372284,-0.0461031573982315,-0.237558642633917,0.394493129500236,-0.0370044300275289,0.0342179267015874,-0.396834243413294,-0.122703530125973,0.124859362491703,0.487495260096929,0.184337208667126,0.139063657805402,-0.34023858391063,-0.232648656083803,-0.390498229629861,-0.233022137348104,-0.139191114616425,0.36300095647552,0.307714096852712,-0.411992700947629,-0.0609474408378447,0.0824884610123661,-0.0929145252132321,-0.189964525283641,-0.310571987823852,-0.23066394918743,-0.552956342894459,0.290402330439039,-0.393593387838248,0.079683302037192,0.048311620879261,-0.212882158275384,-0.0826055584356157,-0.124074534875651,-0.0533047600524573,-0.0470049902300454,-0.153037101651024,0.124187119801483,0.0708963367901706,-0.0894839206393669,-0.338872445073647,0.181828260184341,0.31360921483412,0.195690238374727,-0.361798609725451,0.0408153140123525,0.178489389295798,0.607096471056337,1,0.0884641580921137,-0.164449176164413,-0.176116619383704,-0.142914039921195,0.0434379910421364,-0.102675774901078
"族姐-族妹",0.443507529697242,0.289466641283042,0.37115823979648,0.0718766124794622,0.043523162940761,0.130488313762711,0.0593924251493471,0.234441705115744,0.409315846595119,0.288874143595653,0.0300443146853192,-0.121476307927507,0.136116008052334,-0.0891828777574219,-0.00823890281764136,0.048182271339907,-0.179454489403365,0.0621237540259047,0.0548815808452602,-0.398998922297046,0.0715145635011356,0.121438004959567,0.136589664629859,0.279234895339483,-0.0541432274984536,0.041506838250004,0.224978862155869,0.315764092397513,-0.122050822330273,0.173752382135258,0.305012354625632,-0.368315489238423,-0.0610644073604488,0.221641071450825,-0.231278190081921,-0.25381312192949,-0.00828590311300192,-0.173622575240233,-0.0498136659847428,-0.135866140271976,-0.292291442087982,0.0890489159091979,0.235485785251291,0.300699542707775,-0.169368916588499,-0.193156239511501,0.111853735653995,-0.299582761612938,0.0363832198680912,-0.1734769180669,-0.392773744571965,0.157553440319919,0.179311405102424,-0.192711774130068,0.0368967019478959,-0.0254296085927633,0.0564678293012554,-0.0654397089167589,-0.0905412340620694,-0.288093324481163,-0.374810589820642,-0.344932766228183,0.0828393578623224,0.093172795958326,0.128975402736842,0.353272725809974,0.273676070382451,0.0292360903997293,-0.36505009502193,-0.102116296135984,-0.177524714683848,0.0253765060908323,0.0877992072351072,-0.374976722990637,0.254147954815162,-0.266925177485924,-0.354665248051227,0.238003878254502,0.275386444001107,-0.082481197253909,-0.238653876286338,-0.0924382252348948,-0.0297420969282125,-0.311982359322017,-0.371283316615421,0.116405260918167,-0.0831202733548406,-0.0471088358546547,-0.145672978113554,-0.0412634005928958,-0.037067792882264,0.193050126468155,0.179940581862551,0.151251002708588,-0.0265177468101241,0.0526451539246825,0.188914786834859,-0.101205458691963,0.595772236590034,-0.0537338498691612,-0.191171737025541,0.011795714815437,-0.0449274113207827,0.146721837124705,0.0795445889412408,-0.278634594534244,-0.353613768555523,0.016986453904619,-0.413752365455357,-0.443482835897001,0.17407185387453,0.490843574967289,-0.0102612258309023,0.055423843554912,-0.030562678297889,0.172650852448263,-0.179093457307083,-0.462528144816144,0.12608669656262,-0.40697488898023,-0.229607181098713,0.161469185813786,0.580735192224039,-0.031666489889433,0.381015925247064,0.169774967511376,0.251994023091164,0.130068254869072,0.0174219203612875,0.13859689433362,-0.351233191263097,-0.337405521656816,0.0766195084669766,0.34905547244517,0.0771836402955085,0.291721915686365,0.0884641580921137,1,0.0838381595460866,-0.136231458884578,-0.126778392698448,-0.392371198948416,0.0348027795215331
"祖父-孙女",-0.00054888665015057,0.136971276096657,-0.204823703015494,-0.0954934704148829,-0.0266645665506512,0.0136974577727073,0.161998433762583,0.158440239532359,0.127428283508962,-0.0168414281744361,0.217803683863649,-0.00155955139888651,-0.115703945803562,-0.122514020262744,-0.0164448357941731,0.123052160057801,0.107136812560193,0.0339292563620874,0.0711858998403186,-0.0629845727171677,0.142466056496809,-0.174038757110128,-0.0528735745402067,0.256272828587923,0.375542568457936,-0.240013634591277,-0.242612534159594,-0.0162525845029603,-0.0425556927079691,-0.0346434508219031,-0.210135674005658,-0.132562322640137,0.287762915302975,0.142209878537782,0.0208383266392931,-0.0981001735248405,-0.25275473715478,0.0938703236768738,-0.0431148646378362,-0.196329180992775,0.0688626409175439,0.0927286930121131,-0.115363513907796,0.157105205277852,-0.127026276974172,-0.211027868461274,-0.127984027565288,-0.227489484721359,0.0525583015773284,0.119892184465819,-0.196119179139123,0.180543958187073,0.211417499422432,-0.250946262879224,0.26057185782731,0.152691231298471,0.284752833365489,0.0570735132834233,0.0335780732101087,-0.300362270689179,-0.162164578491018,-0.189283998284651,-0.0302462819092152,-0.249493562729687,0.0870297382969888,-0.213111764970542,-0.0695684125895177,0.0787230026253684,-0.00480615285058817,-0.0160873926958338,-0.227878057204675,-0.0939091512264085,0.35075343715586,-0.289946626185239,-0.154692389962475,-0.267169588267345,-0.29087510092309,-0.214116263840924,-0.159867936408851,-0.0646896015977821,-0.107364806190683,0.0460008774467701,0.285463325522077,-0.0831677636110558,-0.218808908763998,0.157078352004561,0.323976094422644,0.145849953058363,-0.181000433388995,0.22340136150069,0.318859052771241,-0.116540030691582,0.202153036657151,0.23954494452534,-0.137033482581368,0.298093368293791,0.0456990405232115,-0.0324177146496371,0.157542239802676,-0.0671017040431558,-0.130611937593056,0.363218788471537,-0.0464436940976746,0.0902309116678413,-0.136900445305084,-0.300330653100172,-0.289850032844,0.0843971870042706,-0.125735427452712,-0.178020431817553,0.113171212116857,0.133127133704387,-0.0765164502550898,0.0956428489397375,0.26901119672613,-0.27376710585305,-0.0364155778846477,-0.178365630609699,-0.252708619087191,-0.0487270475448687,-0.195944910794008,0.437638293672876,0.0823790591030749,0.342860766873679,0.297402424078808,0.123864824300335,0.0385886012645471,-0.197739540143913,0.135847309272867,0.158140648983602,-0.266968646239581,-0.206361693946662,0.0320735765934115,-0.038779189779519,0.016869794531142,-0.185309610464405,-0.164449176164413,0.0838381595460866,1,0.294505050890498,0.186619064133975,-0.214326218854643,-0.0475572900436337
"祖父-孙子",-0.203679883346901,0.00174277372407505,-0.289787185981927,-0.298685230214734,-0.0300137431957317,-0.128680064168247,0.159845062984812,-0.211262547402536,-0.113681445072412,0.0141483971496061,0.103619646282446,-0.0123680973426181,-0.193675582639138,-0.0222469339589199,0.0872808829077986,0.0342713427838332,0.275285719544818,0.325313299890991,0.0359906642274319,0.0066901255737118,0.186163192608391,-0.101003133669339,0.148334434653353,0.377761373249928,0.408999613836111,-0.072305815417515,-0.277852328239554,-0.277269185806258,0.348923519338303,0.163978445515218,-0.41981204834539,0.0819495253242362,0.0524663757419861,0.209825464143107,0.0303346480139124,-0.187243943217989,-0.304982981930834,0.309906793246308,0.360839079400581,-0.357824519110076,0.359804952727856,0.00722255870396889,-0.175740033162334,0.155222994909069,0.118231607296793,-0.193138220963503,-0.451716319734316,-0.235341308162265,0.131604194922244,0.362745375378692,-0.22002686710087,-0.0682916186710814,0.36450761067269,0.116811530983665,0.462913453354443,0.247775572579218,0.270447372923888,-0.173788655493731,0.0415580705366662,-0.256559429615149,-0.234254505889911,-0.157728769628907,-0.317488023489919,-0.498725337473783,-0.233199649176867,-0.238040022248419,-0.130904407397849,-0.108759223652493,0.253152956561628,0.169352406634417,0.0210749276001953,-0.335729495761961,0.130181033274639,-0.257765008362755,-0.123328769106565,-0.249745238945062,-0.205270049698008,-0.373461379742796,-0.364534295991375,-0.0478534756319049,-0.235195011795385,0.222473474097768,0.183368465960328,-0.0857192139825718,-0.244413522280919,0.526621247930516,0.098059375387217,0.104396605233694,-0.125953372458252,0.230051613275125,0.281273597231668,-0.0923081076763105,0.244641790040649,0.0633322879361021,0.0721523475008028,0.299813515964474,-0.0176961631780703,-0.0336776264252313,-0.17324035830724,-0.0692266109202564,-0.0645654513121023,0.313563854511453,0.210978615534357,-0.179704189043976,-0.137194657496652,-0.223538358400575,-0.235527752153217,0.286188628043733,-0.0594294901627162,-0.139991831332395,-0.181494670202208,0.0746524028794071,0.0545420515188155,-0.0624786224263841,0.360851020685506,-0.130119784429054,-0.00672856000720562,-0.158159895284539,-0.209077832100363,-0.060153567529628,0.0975002663373786,0.143488556644074,-0.126003710910422,0.120298423294071,0.217387862403979,-0.114634830977916,0.173113989086899,-0.151835813287118,0.018679543467277,0.0872146206464118,-0.25374990116354,-0.240175174019131,0.197645327872247,-0.0340415913927701,0.108398810560857,-0.201368507746907,-0.176116619383704,-0.136231458884578,0.294505050890498,1,0.343694388026502,-0.107746896778563,0.0509282111000728
"祖母-孙女",-0.192975479867811,-0.073037876694484,-0.276854796004833,-0.131954904183274,-0.0155690245300061,0.101098016007488,-0.0155956153702291,-0.0113814834217543,-0.000294053723032253,-0.264524480802352,0.276778185466781,-0.149952934870404,0.0539603866016018,0.00450675285908371,0.211117073205527,0.0326361275263228,0.300059863172611,0.0202681510953915,-0.0580826431089636,0.0877117927122115,-0.139887477037669,-0.305976828296269,-0.194611282150913,0.267022724427099,0.205393812536775,-0.144715387242972,-0.402581580749478,-0.0915784006694308,0.0235112206879374,0.225273038909066,-0.118333848665946,0.269301705687955,0.151272388229109,0.228154906972694,-0.0458288639406344,-0.0921494687834084,-0.0897791360936984,0.0858019608675045,-0.0565660206522707,-0.129419080180095,0.239673332723028,-0.0915389727951712,-0.134471347123584,-0.142925880915279,0.0763127968990691,-0.244764554905879,-0.209505146732285,-0.0597373912087238,-0.0254412048806181,0.531972743742699,-0.0539153763008922,-0.231433834505006,0.18458477767053,-0.0151878612653115,0.230827038765196,0.152143359557675,0.254479794680041,-0.097739660258551,-0.196859362213375,-0.128132592931294,-0.0527960307648547,0.0428040582863187,0.0537774153609277,-0.176079928296809,0.0790779683368446,-0.394914022159888,-0.293306083841685,0.00270686947013166,0.291605326866971,0.179716024408265,-0.033705910450115,-0.2466267589023,0.297691705558651,-0.167353277781079,-0.18802584126205,-0.0603652188857821,-0.199657772058358,-0.212349449107237,-0.222503390039726,0.147957437131349,-0.0171570695221565,0.320508912810648,-0.064350000825725,-0.0737432499727191,-0.0648976890579648,0.245745788852511,0.380324958652005,0.470111832665658,0.203579619849067,0.00427483765018717,-0.0341093617667685,-0.204652256242228,0.0637559958113774,0.0537419249333641,0.0527907147426123,0.0705122141471152,0.0758710644809851,-0.171747443703197,-0.0159963344766519,-0.234726522118931,0.0629305616491184,0.515982792963506,-0.00810253210520985,-0.0836200563901143,-0.0970257342078913,-0.0299707072707372,-0.13270443367191,0.193816091782203,0.151243002629564,-0.0706649274175692,-0.0313776003241379,-0.10719295947983,0.152736354187885,-0.0599458569549748,0.187888162987585,-0.0425989573867221,-0.00380614816610364,-0.120424423819006,-0.191414871963671,0.113748887749984,-0.0484216556388219,0.213328206711204,-0.097226177703338,0.203295340222636,0.0129047419448604,-0.00669055599254181,-0.0792931806563926,0.153152865079998,0.285524569867618,-0.123128499071416,-0.134202535138013,0.0182264765231029,0.0818851572177401,-0.0196027867157871,-0.23459593198704,-0.274096911550743,-0.142914039921195,-0.126778392698448,0.186619064133975,0.343694388026502,1,0.0372004368376506,-0.105054070429858
"祖母-孙子",-0.266898675634454,-0.12786403529771,-0.423816613432255,-0.341440410990853,-0.318915262576332,-0.0757248153387881,-0.27012485327035,-0.103032206429071,-0.33161296099235,-0.282877243696085,-0.119571390292839,-0.049638409478186,-0.2747325576944,0.14707252784486,-0.13783445464254,-0.354524172475155,-0.193703070657848,-0.200353815645382,-0.118287130914336,0.749291752926768,-0.219213103268076,-0.140314635419126,-0.252588075156379,-0.248667435429691,-0.12998068510335,-0.00628508351086139,-0.244823359639376,-0.373683465121966,-0.29681513520039,-0.23540831381004,-0.0345228799452398,0.303318429024235,-0.198596058191527,-0.09417529710592,0.0977469261143475,0.177381272281791,0.141777105380416,0.0338514090300713,-0.0765330570863865,0.0703183167968622,-0.160341845782979,-0.12565907377956,-0.36294215775373,-0.348347584530154,0.151614755321355,0.159357379496274,0.0340028135950021,0.703500617827445,-0.158362658612486,-0.00981241797620524,0.675852598873689,-0.20081251949368,-0.213136418638802,0.12631491522329,-0.304320102371637,-0.120350921020434,-0.271043585726975,0.112591547508945,-0.0936250685757962,0.749436527945662,0.788803457325642,0.880300180763711,-0.20087872419698,-0.0289905538815683,-0.0185588912153633,-0.294704011321168,-0.483458432879785,-0.273038962117766,-0.00747848360822495,-0.242145459703549,0.180177533422041,0.25530954218377,0.00375131126919433,0.748469925527801,-0.258857191099687,0.784967856818818,0.714868007080666,-0.155571536586561,-0.183777245947854,-0.0717095520045866,0.127449625225707,-0.10651603261814,-0.187060342916007,0.224472352663059,0.733351462779705,-0.251801420319062,-0.131803447762735,-0.107606720351352,0.162491807909585,-0.160933117478437,-0.199034755618285,-0.0224826511532623,-0.175071919779065,-0.167137611693029,0.0871994971919917,-0.230554772743951,-0.163825011042402,0.0456046627453235,-0.287962119213088,-0.22512034095415,-0.0673191263767732,-0.0615625511232125,0.0386396341106657,-0.348710961582516,-0.265859727826802,0.736017755223993,0.751882923217358,-0.318846206919629,0.840956090247669,0.85302090930047,-0.140391488089188,-0.390616505645517,-0.189494887641053,-0.192182412413267,-0.229896974528652,-0.186299332968449,0.119162024610136,0.788183545323873,-0.199148438547884,0.714847368591956,0.192561719661142,-0.0737522996780905,-0.359545208778937,-0.163855762661937,-0.381261423946238,-0.131086165816244,-0.197387047217656,0.0983387419253871,0.17564472456004,-0.207724629394718,0.738417013774307,0.74059147457412,-0.377542277091071,-0.425842419015481,-0.231759585397296,-0.143304716026741,0.0434379910421364,-0.392371198948416,-0.214326218854643,-0.107746896778563,0.0372004368376506,1,-0.203467369284513
"祖先-后代",-0.0684342270860617,-0.237856432666128,0.0941688482877758,0.126686311308816,0.0393591393251104,0.0837091512291917,0.298775776246587,0.219613110932534,0.315715891317567,0.242209491493896,0.278293497896053,0.049460520183631,0.378072581055201,0.407418164827227,0.385306802865214,0.53629250415126,-0.0886624517214866,0.0084871780337724,-0.0842571279043666,-0.228816284970545,-0.0388151878801458,-0.0723600375351221,0.130801732194816,0.0242770136671028,-0.0746257295742944,-0.0110792004823401,0.16837261094321,0.163478304804111,0.0143406022147643,0.0223641718590383,0.0892925071793024,-0.0446965427987774,0.17134895465906,-0.0895104803152358,-0.110766198854459,0.0985445999684154,0.367982714231244,0.233751681224932,0.231001918314775,0.00489679402688024,-0.175309898934086,-0.0233183657537502,0.244507410365281,0.178926052624352,-0.0512736403648406,-0.155818190572152,-0.131030991966359,-0.234269908829173,-0.220102051271681,-0.201129609094274,-0.319673528707323,0.0794092569826417,-0.166412403684021,-0.0085304548739113,-0.109194094618246,-0.13889229525361,0.154039278933623,-0.149395421134672,-0.191621301880726,-0.356587999198246,-0.27858806521125,-0.322238605868435,0.282369916921919,0.1973850171836,0.10261251876509,0.171039927298343,0.356043205414765,0.295606526826827,-0.196946082622385,-0.0392941405994862,-0.112511218276988,-0.0911414918726119,0.0267223412423152,-0.295020030027799,0.148569336960412,-0.285597740268079,-0.335652463832024,-0.138637762819146,0.0141382053037196,0.331380883868226,0.301312660165933,0.0422258005711206,-0.0688245701022543,-0.134435155186311,-0.308820907903041,0.0351539272635955,0.00633517557671931,-0.136638772862952,0.0380827622010767,-0.124430885021759,-0.005191569415973,-0.125435813326373,-0.000383445103456131,-0.164887987897405,-7.72703782468327e-05,-0.00719432136651903,0.0436387371797241,-0.16681078003823,0.000703263515995584,0.0672685906785076,0.047964908618107,0.0110640174397706,0.000421497861876814,0.37705145747303,0.276735610475499,-0.239476902148555,-0.297210424743661,0.124365573673062,-0.204669556279494,-0.264631400441008,0.261316747575791,0.420319112461521,0.0584320892706851,-0.0112339780980983,-0.0339061992772802,-0.137872413478282,-0.00338678642333818,-0.377654739235824,0.154850906239719,-0.317535951388399,-0.145937030919797,0.0358705749543214,0.22402816370591,-0.0659981872533559,0.19268508168193,0.0465411531273941,0.225205280062512,-0.0701652174046079,-0.237160488486577,-0.142127671213775,-0.25223743407941,-0.26322183990479,0.0372860862112867,0.176019917255744,0.129747464348725,-0.0926802940315821,-0.102675774901078,0.0348027795215331,-0.0475572900436337,0.0509282111000728,-0.105054070429858,-0.203467369284513,1
