"","表嫂-表小叔","表叔-表侄","表兄-表弟","表兄-表妹","表姐-表弟","表姐-表妹","伯父-侄女","伯父-侄媳","伯父-侄女婿","伯父-侄子","伯母-侄女","伯母-侄子","曾祖父-曾孙女","曾祖父-曾孙子","曾祖母-曾孙女","曾祖母-曾孙子","从祖父-从孙女","从祖父-从孙子","从祖姑-从侄孙","从祖母-从孙女","从祖母-从孙子","兄-弟","同父异母兄-同父异母弟","母亲-亲生子女","母亲-非亲生子女","同父异母兄-同父异母弟","同父异母兄-同父异母妹","同父异母子女-同父异母子女","同父异母姐-同父异母弟","同父异母姐-同父异母妹","弟媳-伯","夫-妻","夫-妻","出轨者-第三者","夫-妻","父-女","父-子","高祖父-玄孙","高祖母-玄孙","公公-儿媳","姑表兄-姑表弟","姑表兄-姑表妹","姑表姐-姑表弟","姑表姐-姑表妹","姑母-侄女","姑母-侄子","姑-嫂","姑父-侄女","姑父-侄子","亲家-亲家","继父-继女","继父-继子","继母-继女","继母-继子","继外祖父-继外孙女","继外祖父-继外孙子","继外祖母-继外孙女","继外祖母-继外孙子","继兄-继弟","继兄-继妹","继姐-继弟","继姐-继妹","继祖父-继孙女","继祖父-继孙子","继祖母-继孙女","继祖母-继孙子","舅表兄-舅表弟","舅表兄-舅表妹","舅表姐-舅表弟","舅表姐-舅表妹","舅父-外甥女","舅父-甥媳","舅父-甥女婿","舅父-外甥","舅公-甥孙","舅母-外甥女","舅母-外甥","妹夫-妻兄","妹夫-妻姐","母-女","母-子","婆婆-儿媳","原配-第三者","三从兄-三从弟","叔父-侄女","叔父-侄子","叔母-侄女","叔母-侄子","叔-嫂","继母-继子女","继母-继子女","堂伯-堂侄","堂兄-堂弟","堂兄-堂妹","堂姐-堂弟","堂姐-堂妹","堂姐夫-堂内弟","堂祖父-堂侄孙","堂祖母-堂侄孙","外曾祖父-外曾孙","外曾祖母-外曾孙","外祖父-外孙女","外祖父-外孙子","外祖母-外孙女","外祖母-外孙子","兄-弟","兄-妹","兄妻-弟妻","养父-养女","养父-养子","养母-养女","养母-养子","姨表兄-姨表弟","姨表兄-姨表妹","姨表姐-姨表弟","姨表姐-姨表妹","姨母-外甥女","姨母-外甥","姨婆-姨甥孙","姨父-外甥女","姨父-外甥","义父-义女","义父-义子","义母-义女","义母-义子","姻伯叔-姻侄","原配-继室","岳父-女婿","岳母-女婿","再从兄-再从弟","姐-弟","姐-妹","姐夫-妹夫","姐夫-妻弟","兄-弟","族伯叔-族侄","族兄-族弟","族姐-族妹","祖父-孙女","祖父-孙子","祖母-孙女","祖母-孙子","祖先-后代"
"表嫂-表小叔",1,0.677705590036413,-0.0295678072822348,-0.052389060366679,0.034202191514099,0.0842628996593963,-0.12120206621393,0.125272777541687,0.163009922856125,-0.0437576343369217,-0.204799029899139,-0.0780691544106346,-0.252806854416214,0.0350292954089221,-0.102598403535756,-0.10599088979006,-0.232044733125697,0.021630222980378,-0.267150914317523,-0.196910368370525,-0.0509709374637195,0.0456785666981246,0.0882740031815055,-0.275137782829246,-0.239210767500898,-0.0626659115606692,-0.131559563066333,0.0749582605252984,-0.361871556651442,-0.31696033074678,0.290181424701952,-0.277592247696932,-0.207582005166247,-0.332548094557806,-0.16155310544363,-0.275980318664209,-0.010944600689399,-0.0315546134583074,-0.120872354970212,0.137146542988511,-0.280629554626174,0.0308843706695565,-0.255209969748495,-0.148130989529054,-0.0792209424028748,-0.278691896644527,0.353177794420855,-0.036672066595445,0.142461483708812,-0.416571293189173,-0.17875787359031,-0.195781817605896,-0.295657559561923,-0.343170488990372,-0.157093945026883,-0.0973971388564898,-0.179286833733184,-0.133925094514056,-0.209814253371859,0.0323258903840895,-0.00546527086857718,0.0526320180158112,0.350112835831582,0.376804941991957,-0.0969407422417328,0.101448614398719,0.0612704248371511,-0.0435157810080099,-0.331361303194816,0.0140777580583234,-0.0247996723667319,0.327372887920952,0.295947416259788,-0.0732498272203805,0.419960878114487,-0.0735207945925691,-0.0362070836472493,0.28489307440787,0.287400237632918,-0.138263028553078,-0.123231391313637,-0.0132409677587196,-0.187966002502018,-0.024090807987075,-0.0997474513109625,-0.117866303783636,0.139741319834526,-0.0691621025544301,0.192783108474232,-0.232033724932105,-0.273748711806566,0.510621263066783,-0.246624722472884,-0.162828188030032,-0.262660485241323,-0.0601617481609157,0.520352511430463,0.557039972582912,0.528643004375485,0.221564060905364,0.0101101057628579,0.326553236786435,-0.0790960556449157,-0.200473701394023,-0.167424207926322,-0.0908935540480526,-0.00546204870664362,-0.225865191568808,-0.178448796464839,0.0292623071903006,-0.0308135967240815,-0.136369818071589,0.17852026789158,-0.0792490137401002,-0.268921531180674,0.260874996585693,-0.272656709108919,-0.0710339353369499,0.359083091815456,0.0108362738305845,-0.0942001699972069,0.198198121304339,-0.0266615543988689,-0.181189234754967,0.115876879902742,0.366625881851662,-0.0286750331649268,0.336869448900876,0.119526169793892,0.109927473225525,-0.263952441392868,-0.190158445103007,-0.122452652210822,0.29965678841717,0.202046546764872,0.4887906613934,0.307816587775252,0.344470584058957,-0.00702877193326884,-0.405750120070792,-0.0188629766964868,0.0681818587221679,-0.00114731402452761
"表叔-表侄",0.677705590036413,1,0.100481328118634,-0.0267541124278906,-0.0151162291268061,0.136398317373823,0.00811421239758028,0.145930217311212,0.056145978718046,0.0796268666548114,-0.076988130647425,-0.0853015809569925,-0.199165126780311,0.0761452971708445,0.0773082089273528,-0.127418305687068,-0.310285978564005,0.102093783073783,-0.229373140839887,-0.204722327558999,-0.116115249092535,-0.0142750829360767,0.0998463183420474,-0.241750887561295,-0.286560727026785,0.0228348641762731,-0.0897924899024684,0.117905179101402,-0.423137129198111,-0.29370611663817,0.324747449708682,-0.515437056186071,-0.253599761644896,-0.287793281398146,-0.191108682691443,-0.28878482526628,-0.0886834231730691,0.0466418443736743,0.0440015960025741,0.0540102812202113,-0.255769745575321,9.13186638223231e-05,-0.0458562012037554,0.00543840220626258,-0.171814734470571,-0.243762315651824,0.479893161988124,-0.140679774849075,0.275581350130819,-0.368877790330531,-0.340787638280026,-0.235561242667785,-0.192295874406213,-0.338511655406976,-0.0707500755577061,-0.0890772317105446,-0.0651537700656016,-0.139484055738649,-0.261688377534909,0.100444421654594,-0.010539960338989,0.142951235974631,0.280187343735082,0.398761241748987,-0.0617494599975323,0.169825045970118,-0.0747222875625796,-0.0759070527594055,-0.467105826783457,-0.185807322119757,-0.145395629934931,0.258804761705954,0.139433840869936,-0.272942481418972,0.590611980901745,-0.0856038744185228,-0.106576071265875,0.185994013428096,0.559648523593126,-0.0480740928176848,-0.21153311696855,0.166916000576788,-0.233470506774479,-0.0529084288456593,-0.103577918656762,-0.0531514561276395,0.249402946872502,-0.0445231708087558,0.387509592027274,-0.266097051687904,-0.296769849454511,0.61832882796899,-0.232504731762548,-0.267532568205888,-0.29694606589764,-0.102794748304646,0.69939931479222,0.519588032340519,0.377297458809871,0.0739312820786683,0.02093940115468,0.154643388027472,-0.0350478014621222,-0.110967486862612,-0.13116659126738,-0.151614055270321,-0.0895903119264646,-0.37882438825449,-0.211481742054423,-0.0958033529529736,-0.104045629217039,-0.0538520889600695,-0.00538876956271144,-0.0797749707397947,-0.205708546593593,0.359598309690346,-0.224514739170875,-0.209497704000434,0.449723771782889,-0.146839999661198,-0.180356168742471,0.143284288171468,0.0519267268536837,-0.254182685069676,0.0351789255375891,0.378842068678238,-0.0551870199516365,0.325112387750321,0.141596181890746,-0.0732829708338163,-0.189317698732602,-0.163750511547731,-0.309935279311611,0.256765970708486,0.124983338140373,0.608495817694734,0.451783056915001,0.351153905533531,-0.0403949088081897,-0.313999141857625,0.0327810970612281,0.105542458225811,-0.113520990375987
"表兄-表弟",-0.0295678072822348,0.100481328118634,1,0.483376544122826,0.284033778822824,0.498241988097941,-0.0136795501187678,-0.26923473275515,-0.388455237833861,0.394032796617953,0.169661920908341,-0.128478468331967,0.271587706631142,0.023712466094991,0.439971397720307,0.0969870290784766,-0.0819609473996556,0.0369981216508201,0.177813824336479,-0.234848067727228,-0.114787383647107,-0.0846735034924829,0.0459428844335332,-0.105659233594326,-0.20750495721208,-0.0510425104323664,0.364251142572179,0.180474021124322,0.142174200587009,0.228206371079909,-0.347667602364031,0.0479370268019965,-0.179470633971353,-0.153902216904812,-0.0529241103171031,0.241408320022193,-0.0490595381956097,0.0902478618818864,0.430606464814663,-0.308205942387249,0.360526635847399,0.175667938955749,0.502151341857141,0.259401540748493,0.0653401828946075,0.150396205774137,-0.229594885811656,-0.310912302357401,-0.139667225521187,0.0688013747310541,-0.0603274737159132,-0.172035799529793,0.00829293546006841,0.0313513155356811,-0.0343524324499125,0.218138961616493,-0.0462836950959755,0.0316787100831386,-0.195102289655153,-0.223318060441315,-0.234250368634311,-0.27440250706034,-0.0989920943706551,-0.0480233479389202,-0.0559781773191928,0.315592869170201,0.118316697375599,0.40125916665642,0.0960355257170242,0.141788464820578,0.095757678322372,-0.157667314187745,-0.314517304007243,-0.176937366798373,0.206201040625986,-0.0534230979024609,-0.0979959290204704,0.16047176223754,-1.69898106632315e-05,0.338507133831658,0.192904073087374,-0.194417082243301,-0.213557575545024,-0.140874092153412,-0.340468927726747,-0.236688968615188,-0.29020027732813,-0.101879572214151,-0.185062627138917,-0.268684599669024,-0.271574408993303,0.0967549846071848,-0.0857844348719832,-0.174771107242752,0.174989093845573,-0.162443842338048,-0.0438814995896746,-0.206139097890966,-0.156551922887316,0.2850125858342,0.193012517070443,-0.237916289214894,-0.00668830274515671,0.0387437449436082,0.448163335168459,-0.00944914318760675,-0.0649256877985652,0.167647141730912,-0.165660988182991,-0.348644893013088,0.0586130608079701,0.325814804756015,0.285286315902271,-0.0173663436868157,0.0528133650298716,0.347253201895333,0.182679809981392,-0.0827788232312943,-0.0862517897237965,-0.0580100258710672,0.0362499159351601,0.10865216970097,0.282786178454587,-0.145954891603212,-0.0307239215772783,-0.0521091871273212,-0.0848493135978832,-0.0219561568173849,-0.166060368351838,-0.197646859117601,0.000615542332540312,0.0438223493777915,0.124795684787884,-0.211787554005368,-0.041096181736801,0.110595538586953,0.0336944848618532,0.136361786212224,-0.43569449669435,0.0148019390092167,-0.222659333520397,-0.265294351767761,0.00972200491589636
"表兄-表妹",-0.052389060366679,-0.0267541124278906,0.483376544122826,1,0.414185585779681,0.321092176903145,-0.0434720251503743,-0.243323764113412,-0.147245924991228,0.304908336320176,0.347064440857461,-0.0618827945608931,0.526125843354945,0.207756881109522,0.299786903158735,0.462185766752778,0.192945262398981,-0.157548983798013,0.0123963822462291,-0.106241851511281,-0.0830618742419949,0.216966121258691,0.299631380020643,-0.246962730720068,-0.20035801470039,0.113600491664215,0.563932532244392,-0.0157261519645083,0.286618574250455,0.0037579516059159,-0.15298276873252,0.146794838278623,0.0537837442964059,-0.217857888266794,0.0670386744770487,0.47941753225071,0.261235954404454,0.149145088024254,0.397517605462546,-0.106449855633206,0.361512255111708,0.0314300140210602,0.573107537664672,0.268746688329286,-0.0308365214541518,0.00219548645799201,-0.0961952310044965,-0.251502319345859,-0.207850144691016,0.170352391336174,-0.0152825482980565,-0.266676103125056,-0.0449760840895598,0.0448049859266516,-0.214702977083408,-0.155048679806668,-0.0134344046889401,0.0628470542272783,-0.156753361901001,-0.288469100767479,-0.210909999771948,-0.246134353429405,-0.157592856842189,-0.247203553335399,-0.217789741344884,0.154663765067449,0.48766308269958,0.384025481359826,0.159064597139861,0.125801897634237,-0.036388701732103,-0.423120303450231,-0.171326627898493,-0.158232327726161,-0.118412561434249,-0.150915726746336,-0.0808696267525323,0.149638493294381,0.0266617404161209,0.391588324057419,0.198506985371331,-0.331451635458091,0.0826956105348694,-0.0206091365503357,-0.179054497681964,-0.449992704813787,-0.389725555013136,-0.403981748201125,-0.159518187893718,-0.210062879720123,-0.228807182626158,-0.313531692866306,-0.228862775814224,-0.219222894617694,0.0219676756155854,-0.0691760901010505,-0.111127768373042,-0.298564874098343,-0.222935231485322,0.373877330562799,0.280801903313951,-0.354073445924352,-0.0790614728501111,0.437814014812264,0.436573636775624,-0.107226843439917,-0.201529660660937,0.268635176910035,-0.1011366230503,-0.25761051764972,-0.0393942002228924,0.227862977799148,0.125391659821032,0.203906249034785,0.053860688863345,0.0189371800065863,0.0570664297407348,-0.0276499835849183,-0.160408749010605,0.020306902561027,0.0216344677619258,0.156138460049269,0.0961380207661763,-0.110137838226749,-0.0313447874763975,0.0893163894235829,0.180381481980931,-0.161133776097164,-0.0867393322635076,-0.1056728044455,0.0106622114194161,0.166828595553851,0.247949929247119,-0.0100784188524226,0.225345297606404,-0.261300369073325,-0.158619477945846,-0.20308501676285,-0.365636872318434,-0.0307184377124428,-0.350936357698779,-0.287220420031017,0.277428402188233
"表姐-表弟",0.034202191514099,-0.0151162291268061,0.284033778822824,0.414185585779681,1,0.165285085524549,-0.063282342258254,-0.290933021987684,-0.307748836664109,-0.201206304614047,0.0360907009937216,-0.097023346419963,0.0803922431353217,-0.0163065395724174,-0.0542184474379555,0.170236497361499,0.211147676834257,0.233274968469802,-0.155602657480476,0.000549014270390142,-0.00197310862980118,-0.0953382545054559,-0.0355703462287603,0.0455646954584394,-0.0634172684528195,0.0400145627228551,0.0205045613178649,-0.203266183417535,0.367399933102346,0.303253467695718,-0.202434119309277,0.292605555413942,0.108458431633101,-0.0319590041991778,-0.195760336917508,0.0589977447751196,0.12670068680908,0.323135740626921,0.159860865329575,0.189068977110542,0.436590368438929,0.547116318938253,0.220898626985328,-0.00821150226191729,-0.00127160969962563,0.176542609149801,-0.239906932525767,-0.307302643836797,-0.346157542932446,0.327550735266407,0.0595333427607929,0.107811911895905,0.0911969572284202,0.175695171783013,0.0961617665045626,0.0944468819881703,-0.246579475299985,-0.094111771536746,-0.219627972986193,-0.259451148568039,-0.442084658270327,-0.150695309799233,-0.0873005011319669,-0.161899642318613,-0.152237105633605,-0.159442414728831,0.332685607826824,0.148623742274846,0.209180914999172,0.445260990722165,-0.00943379184619965,-0.277999203628001,-0.401588188052034,-0.0479763163731128,-0.203315263426016,-0.15902237406342,-0.00194882674375743,-0.191780509051915,-0.1713247984014,-0.0395232755441401,-0.158002426672508,0.0186407758863995,0.0476192770927534,-0.266559230285249,-0.0668521825898227,-0.201622649593541,-0.108746558806053,0.0286395910550761,-0.269741641438137,-0.0338910532809868,0.0940193004259336,-0.212279368806386,-0.0507393318538241,-0.00331524437733226,0.142450972866451,0.0437227194208973,-0.160151539621793,-0.316987841629689,-0.164136346583208,0.00378287627651809,0.539643865268374,-0.107521087790052,0.00344628058431894,0.089350375532019,0.000140665428325551,-0.0983576855628608,-0.136129798261627,0.434174079416377,-0.0332570359123982,-0.173501079609008,-0.00470708738989263,-0.164266379010113,0.519506458515199,0.276492291972564,0.5795569297818,-0.168996656363136,0.22170610604406,-0.0214142861862225,-0.0754498569668307,0.017675685392907,-0.00158851081453875,0.112530382212923,0.126256863053117,-0.173106342333056,-0.04200370346276,-0.172522941982249,0.137448716675366,0.0776146429534831,0.15859945652587,-0.262091010093312,-0.202103547082052,-0.21270437886899,0.324355623678963,-0.110565837407646,-0.0905491290708583,-0.121207076629083,-0.258340234080563,-0.0891715604395518,-0.184894812865795,0.221261341704818,-0.0317101662127982,-0.180545383781261,0.115564248933423
"表姐-表妹",0.0842628996593963,0.136398317373823,0.498241988097941,0.321092176903145,0.165285085524549,1,-0.161704527773958,-0.168613606598126,-0.237763568418832,0.263663682131278,0.0547967265830124,-0.156060489682605,0.252700956533083,0.202298687109967,0.416395396884189,0.0822920418374573,-0.0663873915792255,0.160115987648515,0.0425517831164822,-0.261849701306821,-0.0237719296986361,-0.291713164113503,-0.173416505755405,0.0293195929094137,-0.222343320099853,-0.110638972648938,0.209502633673635,0.168033868744268,-0.0630410473394513,0.185976729082564,-0.181023189914102,-0.0821676028780811,-0.180389006233464,-0.112940488069392,-0.281610387024524,0.110498253779887,-0.0710303323957323,0.348465539320846,0.498550949208153,-0.22514073033237,0.191803765317828,0.0908048529925919,0.34703979349193,0.39257374551792,-0.104976528466808,-0.092634260962904,-0.185438474590593,-0.237089659057452,-0.33909515846256,0.018181269853081,-0.0879871873949089,-0.153372862435231,-0.129706770951643,-0.249143890016323,-0.173502604178129,0.0941939233223927,-0.0681628093604814,-0.223084517369382,-0.287524249026448,-0.228707733524691,-0.135229953679542,-0.235858877972344,0.217833209174314,0.16202900239735,-0.197584537211708,0.294675586104737,-0.0790730148877409,0.43176801637413,0.0693216874855081,0.258333553588948,-0.00952107410534476,-0.101717531118696,-0.258239892158468,-0.165860637282625,0.259252543576003,0.0213483972025345,-0.0975351739368514,0.193528391253341,-0.0689512685675357,0.361626948747844,0.0542900364010216,-0.0399191032749782,-0.317426473301227,-0.191103430665704,-0.308409640669498,-0.227255797561586,-0.132480248397412,-0.0321588673147492,-0.120630967778974,-0.193993083971864,-0.177447624773444,0.0735516276438712,-0.111845942894861,-0.101934772739262,0.0617845507280958,-0.0461695780371829,-0.0277514992072086,-0.088294227540773,0.0487584806656197,0.264191661297094,0.352489446873218,0.0293748967496852,-0.15962406610758,0.099219855849002,0.42007595127739,0.080554827742358,0.0513752055327714,-0.0539788944203403,-0.156973982323618,-0.287769171301787,0.0262140992232228,0.1132203270667,0.463837639176493,-0.00472359370753819,0.152889579990117,0.289542990297379,0.0301015660145666,-0.105385721519043,-0.0634810457717183,0.0593762652443177,-0.136593606040437,0.030491667634016,0.432098121782857,-0.124733431649625,0.0573147288489571,-0.092329965592891,-0.15094035664778,0.240533678101837,-0.00598060774034972,-0.205858624576645,-0.0368539559460375,0.139469225718442,0.0701415373683452,-0.147189969510981,-0.157790765503567,0.0573855935389135,0.134994447414931,0.305432479888383,-0.212756910611677,-0.0450129119709329,-0.00352096849873968,-0.145496241100197,0.0373073715084036
"伯父-侄女",-0.12120206621393,0.00811421239758028,-0.0136795501187678,-0.0434720251503743,-0.063282342258254,-0.161704527773958,1,0.100884278316673,0.115090974095187,0.24782853329017,0.493004875984054,0.654458513073748,-0.0615103053748534,0.218056307090319,-0.19538779387157,0.156779982478349,-0.175077932295516,0.0907447657292967,0.0701501106025954,-0.261839964233698,0.0160658980567817,-0.0868867617585833,-0.155517509118824,0.00579017162187483,0.00367424323147006,0.0756604728448071,0.0358071316767967,-0.282975272142805,-0.0646869717822015,0.0305858416285791,0.0416996394228546,-0.22770547985314,0.236822023807444,0.196048655598773,0.084849025694007,-0.0819711167871429,0.312725311450284,-0.151818715310574,-0.0261613951903416,-0.230601588735269,-0.172956428530173,-0.0220701637712518,0.0525165679924711,0.429914014484023,-0.152245691405619,-0.100349811916422,0.00950426125423136,0.0934053907272175,0.0776267139917647,0.0913317541375434,-0.228834377330445,0.226616561243458,0.0715020142398526,-0.14979531682046,0.175294480349395,0.00436010699149218,0.37779372003444,0.28420728542366,0.143478013890892,-0.137631421180345,-0.315891180642125,-0.143204335358814,0.0163904723814713,-0.127356696817396,0.443805644780624,-0.383859669053673,0.197078376913516,-0.127573158591631,-0.270548501883241,-0.252221395281384,-0.146321152256216,0.00800859512988889,0.196113205147181,-0.15133990396402,0.0525893775691364,-0.0666918153079993,-0.0847997200568584,-0.449224852501159,0.148801863739483,0.0893624650012782,-0.0825919612775512,-0.142818580946042,0.0631207458988825,0.116114538364729,-0.231185660058072,-0.0503856857727775,-0.126032874235632,-0.0629878420223896,0.0781880442969473,0.0892910944461578,0.148264514983475,0.0183199046766328,0.1408775936206,0.15756154271025,-0.198050641459167,0.241805195569454,0.0625170254023714,0.200716218393886,0.0741868285032372,0.00441400645844912,-0.190296578740147,-0.084016999418564,-0.353568480250536,0.110131800079589,-0.0839165007690187,-0.088485481634715,-0.057177102736215,-0.260727195391584,-0.0358816854714224,-0.195654327647893,0.125046053394676,0.354986604823818,-0.199358578227819,0.0647059066295951,-0.0652894082567019,-0.299229554324401,-0.138371041840134,-0.271597159957804,-0.0479087432661976,-0.318265565398123,-0.119130927414557,0.367070280309801,0.28834510565328,0.263056441589996,0.4179224338455,-0.139475935031958,0.444427919614097,-0.249039710907702,-0.126245235605584,0.0871415059356101,-0.0242563058715124,-0.160551349893638,-0.170965167291902,-0.00927932523519855,-0.159361192127144,-0.0048790767334712,0.149885737678693,0.14912935141044,-0.0850270573232122,0.0834685716103218,-0.123852327903881,-0.353573835388001,0.210033798080721
"伯父-侄媳",0.125272777541687,0.145930217311212,-0.26923473275515,-0.243323764113412,-0.290933021987684,-0.168613606598126,0.100884278316673,1,0.501091534131564,0.0110497849260657,-0.0651696289244037,0.30814384410916,0.0893166533221752,0.352133251328554,-0.0493237472374579,-0.0327016502444508,-0.365833940529041,-0.284969141455705,-0.0669523660900946,-0.191036720075023,-0.0213214886547457,-0.0973365581701485,-0.0862845344798346,-0.186492010074204,0.280869957872969,-0.169999997465626,-0.188301186100256,0.00172203103098027,-0.452470202872074,-0.391001954516527,0.249352068562888,-0.338551507174482,0.0454450645421168,-0.0177139501889631,0.10138709774164,-0.0790478986730959,0.149807113570397,-0.0882446533788842,-0.153294553300294,0.0140020791884637,-0.391985861598131,-0.251330703072281,-0.109986870084939,-0.150765997527407,-0.241323999230719,-0.41340309961168,0.417654831218061,0.0598912929282751,-0.0357416203843619,-0.132383043495535,-0.346450325701956,0.125289482232711,-0.105256235091366,-0.270144858200861,-0.0656672374650986,-0.221821487949551,0.0796802366376319,-0.105251009019064,-0.0580160637259919,0.155846735438754,0.0556623949880108,0.0831804173947309,0.262157942791931,0.36911137026696,0.314178460394885,0.14739472355374,-0.0417183753125269,-0.076520874021855,-0.336602618214553,-0.477873389220713,-0.297742885044334,0.573964942395586,0.529971308571612,-0.162974160053755,0.230593511789327,-0.00753682139143379,-0.14659366124151,0.114045042226025,0.133717166262263,-0.204777805686788,-0.0122527731126042,0.0591510496931324,0.0460931984002967,-0.0186648827875265,-0.0972211890893386,0.13940069925061,0.405435548695606,-0.0690385874648038,0.340139508238955,0.0188904807170343,-0.058334837584161,0.143733428158659,0.17434250182519,0.181496806099099,-0.289703549778356,0.0824347327611193,0.233984572408426,0.144562578256362,0.33014061418427,-0.210170209637596,-0.282155043797988,0.206710725418484,-0.0518074621068064,-0.00423922158990775,-0.209177583113657,-0.069261337926727,-0.174308486658914,-0.230767122152572,-0.139938052086118,0.121905417144088,0.207057593739216,0.133892663629575,-0.318262096187632,0.0568056513986059,-0.266638593676251,0.0107220928768839,-0.442645987193995,-0.214959136754957,0.259029477935962,-0.215393907400099,-0.192179595076785,0.160335253025078,0.0721630990120087,0.0380419614745846,0.354309954129783,0.395800763943219,0.178598232203996,0.113852367689125,0.081985078897239,0.162106780611349,-0.183722433848428,-0.162521715438448,-0.340178428623173,0.267248761507644,-0.108275251225717,0.222670227032303,0.228156636353586,0.151302073613588,0.192054950001657,-0.18369883558525,-0.0441617943399643,0.0140046665344038,0.12379079703512
"伯父-侄女婿",0.163009922856125,0.056145978718046,-0.388455237833861,-0.147245924991228,-0.307748836664109,-0.237763568418832,0.115090974095187,0.501091534131564,1,0.0874533392966679,0.0834176501406363,0.172567660302458,0.132444298227489,0.158012582516702,-0.160353071497097,0.262287394432413,-0.191803150490686,-0.259802936344263,-0.120572248731098,-0.141984464438779,-0.0757643508665218,0.137272675413587,0.0825982774274235,-0.189439917243384,-0.00389648368518096,0.0107829576453459,-0.15028165024676,0.0299578413060398,-0.358092726795664,-0.299083376101729,0.480305640129409,-0.255526226173279,0.0921813789152103,-0.155810930518477,0.0033848602204454,-0.158338008029519,0.224725017679969,-0.102642968342728,-0.3033197417957,0.175084302755069,-0.384000690622542,-0.407081001143919,-0.136996707451581,-0.0369674883119655,-0.20596916012579,-0.298789096347133,0.270087294923355,0.0267514761599615,0.178292056527553,-0.176448112119365,-0.248476486712651,0.0102620708319189,-0.237205285641047,-0.324189478034999,-0.214458017382905,-0.434475124520502,0.297384399498961,-0.160063749814231,0.0392320064242776,-0.00279487380719854,0.141593152934794,0.0637380313950477,0.413960633922936,0.211679198253896,0.152053030306289,-0.00677812149189221,0.132532239001072,-0.0871115110698133,-0.305717002070495,-0.27690430527279,-0.241600480589065,0.290303657456273,0.719373233428503,-0.204707532435539,0.0261092796985936,-0.232737419311133,-0.290637379078108,0.169655358494209,0.175142748513135,0.023015223764799,0.000362251506587411,0.108038268273697,-0.00650031424558689,-0.0392176121932255,-0.0188756517078236,0.0662728312104102,0.263334653035812,-0.113986613053251,0.307003330772405,0.0043139608967539,-0.0184203269625394,-0.0106716887774347,-0.128707240504963,-0.116822467053023,-0.330827677273148,-0.0596639442931496,0.196134311984115,0.178025000043621,0.333626652743051,0.0518904394907633,-0.301402141677453,0.229748120465967,-0.119166905443624,0.142191113622792,-0.12765044407344,-0.221469082612902,-0.256255827922593,-0.19584847252512,-0.174868709140593,0.0914797928406486,0.0670190983933916,0.108523542438606,-0.32231363786513,0.033426629266472,-0.239307161379395,-0.112867319527732,-0.26800136484715,-0.291625836700754,0.191656658866309,-0.204628112146052,-0.2093054062133,0.186049549322077,0.0620693878054977,0.102027840873634,0.286515314982846,0.363288157017321,0.204422076230094,0.0953293614202505,0.198491659176001,0.039542201226497,-0.196046960515611,-0.142770026642975,-0.169409175646119,0.50195898873295,0.225069035958248,0.0308460140216252,0.152165084702996,0.173214653470821,0.348680822346219,-0.0798746655071857,0.0352951185946449,-0.013369989491818,0.314783013603646
"伯父-侄子",-0.0437576343369217,0.0796268666548114,0.394032796617953,0.304908336320176,-0.201206304614047,0.263663682131278,0.24782853329017,0.0110497849260657,0.0874533392966679,1,0.336588543641556,0.192357445608811,0.341641609674212,0.175560437560286,0.223487685587717,0.286339794975173,-0.0484653975827828,-0.0313313016583481,0.315984187891563,-0.478504833159597,-0.0030514893883046,0.0536227182589429,0.139162919777919,-0.0899403515079511,-0.202559662346721,-0.167185356481042,0.425265008810927,-0.0115675458737813,-0.083615523234827,-0.0535043332319432,-0.0546387435797727,-0.222551578501456,0.0781606297373417,-0.181957088860015,0.201894152450178,0.171598856776718,0.145500024260324,-0.150332982352084,0.351473216338931,-0.430715236567012,0.066146242152003,-0.138176301098931,0.287295563772611,0.526298125863912,-0.0448874611226174,-0.10287200209812,-0.0847861103542434,-0.211208694592514,0.0964810381363639,-0.145934160877045,-0.265186769034436,-0.059881411153682,-0.091757307802378,-0.125487109995914,-0.10280439884677,0.0299579467685271,0.34233067930762,0.154795706283829,0.0810918724835066,-0.413820338258083,-0.133202106857721,-0.508555856069667,0.165073196435838,-0.0502471004944524,0.0141351209514816,0.214158592580657,0.111913386867894,0.362676970758999,-0.164654501221813,-0.124178818595359,0.00381137380663752,-0.119234526405651,0.128858003866935,-0.353794528208663,0.251731961366627,-0.263960888352511,-0.34140748440732,0.0827748527396533,0.11819818203473,0.380096759942155,0.269767155002785,-0.315618273638162,-0.0199491884906243,0.108834887080848,-0.465668395489343,-0.174785424689654,-0.245764810613348,-0.258917405059824,-0.00551005429465009,-0.117731089475671,-0.141544896034557,0.0566320021999516,-0.095423890296574,-0.0777185639787079,0.0500360715150509,0.00661275992835292,0.0616643817837744,0.0280547924453072,0.0410967308583167,0.42076447492643,-0.0692104529463651,-0.0491209639634105,-0.0982923872033127,0.294766667401964,0.4037663555646,-0.194642453824526,-0.250790452870809,-0.108294826684474,-0.378002941796404,-0.483689213204446,0.138593994225664,0.546279305550974,-0.0599391886122881,0.0615785910830762,-0.344280054011387,0.0859630787077804,-0.0104534109901165,-0.301974806380091,-0.168536622675984,-0.232271008047617,-0.0578541716792161,0.286909955782647,0.340305625915149,0.120131478232754,0.218882843956782,0.0926581354423858,0.0830017318478362,-0.135074031270929,-0.394165718499336,0.0426903845602318,-0.082792904697566,0.116703128236454,-0.0404670549567058,0.0399447014249461,0.176991595001955,0.0559824678502019,0.116455414378518,0.165285283851956,-0.102296771829528,-0.027942228288494,-0.157914511180743,-0.369980750886516,0.196474336712818
"伯母-侄女",-0.204799029899139,-0.076988130647425,0.169661920908341,0.347064440857461,0.0360907009937216,0.0547967265830124,0.493004875984054,-0.0651696289244037,0.0834176501406363,0.336588543641556,1,0.396822813664636,0.332510289020937,0.216499521303333,0.121702167944935,0.421369444452879,-0.127181470486871,-0.098490835755426,0.0994795308490315,-0.157453249506429,-0.127649297051481,0.204319951414236,0.185774867759448,-0.0069847245950532,-0.0816280012911904,0.350659839144312,0.18982934038962,-0.159108749064303,0.0736667699368607,0.0572032832427518,0.0041979077056855,-0.0564665104594038,0.0756001613184805,-0.0462910628644239,0.0560782459072262,0.215285842330379,0.439733521214522,0.000393871629657107,0.195361291739976,-0.229283358952877,-0.0714524934288631,-0.0763524674509931,0.345880930656867,0.471479863434372,-0.175943723950683,-0.143316818453658,-0.0934073302635697,-0.100541227600207,0.0588277271415628,0.227786328712955,-0.164185992447475,-0.0890993613951442,0.0181474347726441,-0.0293696944792625,-0.0207066487607863,-0.18351159007165,0.299862687513774,0.155793084611325,-0.0466562669048666,-0.17169855033034,-0.192538077895009,-0.133468133124343,-0.0243670785366621,-0.130818870495331,0.315356280518674,-0.195928083837462,0.432874221800234,0.0584916134405562,-0.131505563602864,-0.254642937828453,-0.189173485119513,-0.300396980410011,-0.00168331293681495,-0.175672912706156,0.0281181481331525,-0.0868445069706115,-0.150407170423108,-0.252836214924236,0.0695079467919185,0.301170706179763,0.102451483326041,-0.180742563869147,0.0600313633480702,-0.133099025961145,-0.154024287055467,-0.113538892459927,-0.347864525792087,-0.126210340047207,0.101271102095141,-0.0159988483395158,-0.0762035710480481,-0.120953474501075,-0.0857466670214704,-0.188867053200312,-0.125477412477151,-0.142293045432861,0.017795780554617,-0.0795234719026619,-0.113418831379413,0.0188535736559117,-0.0746012088749267,-0.380033188457119,-0.258455389257762,0.331371642690287,0.161744576140697,-0.0248520322202669,-0.0483675554213713,-0.175739663313006,0.11262607773697,-0.22979352227846,0.0404778184856201,0.428039974728159,-0.226253281771058,-0.0105698222852241,0.014355826160554,-0.249254008764211,-0.0799893217113424,-0.286753606475666,-0.137850939150795,-0.264661429394529,-0.13813349202706,0.192807179819864,0.321437231356222,0.00844449434329289,0.170711481813056,-0.170981289550975,0.361297072576721,-0.174522545062223,-0.0763036517141005,-0.222864331384767,0.136940494463147,-0.0112609765759048,-0.0994508752011172,-0.0159652903834676,0.0985610096883062,-0.137081708041656,0.0743386527556716,0.0552921139510458,-0.176846356893734,0.206458459643959,-0.101016481047668,-0.225338362362057,0.316721543865096
"伯母-侄子",-0.0780691544106346,-0.0853015809569925,-0.128478468331967,-0.0618827945608931,-0.097023346419963,-0.156060489682605,0.654458513073748,0.30814384410916,0.172567660302458,0.192357445608811,0.396822813664636,1,0.00971066688431448,0.301766082254697,-0.280551208154639,0.170276752635025,-0.231074161402294,-0.16948878436993,0.00348851665485519,-0.218474083812107,0.0145528681243933,-0.0158542689171563,-0.0599041231518374,-0.0915276693944885,0.0983367969338516,-0.0603317925359495,-0.0656574726928027,-0.353874116563281,-0.142397439799377,-0.181881672663095,0.189523009607064,-0.163718487045606,0.138530570471849,0.0703193158972147,0.108251683941695,0.00249153236917801,0.319998472436548,-0.115276797557928,-0.0533029281030218,-0.0707206487710635,-0.275385615308488,-0.0494996770736381,0.0491112608772099,0.356913761495144,-0.17951954908347,-0.239438568710033,0.179631037474938,0.128080495025502,-0.00838423155061999,0.0108832672034126,-0.231588461518939,0.185285830406382,-0.102717254401872,-0.243017281807068,0.130726984465093,-0.156961711674719,0.231084121447808,0.113559291379396,0.148497609799499,-0.207718096898047,-0.275901040095852,-0.174109599793569,0.0574526285707027,0.00812804581387818,0.494912877315822,-0.27804476064256,0.28725117485152,0.0025468063927533,-0.233121969101308,-0.188198982225551,-0.170442682171197,0.117262752566913,0.275204766138642,-0.113189229262974,0.061319201174712,-0.048168783204081,-0.0705487034420006,-0.323270716264986,0.106047372076827,0.0174370217877814,0.00964274550738038,-0.227090066096085,0.136540136682864,0.0536656327216933,-0.179920816234954,-0.0461422779335362,-0.120903294058859,-0.159720788717304,0.104214217456522,0.221226734530987,0.252650051847242,0.0111984369105753,0.150118978060966,0.230224794636371,-0.298318609305753,0.277717022828126,0.0490865356863172,0.21602812735144,0.100180690900901,-0.0275212398939248,-0.129639807512066,-0.0636514315812311,-0.316502295031752,0.119550491782056,-0.0657295421995567,-0.0236111745854639,-0.0470656902674335,-0.260176391283554,-0.081329059331354,-0.157998527208359,0.202582698028094,0.229943147086271,-0.174709900670936,0.199356446706595,-0.0236523837720792,-0.26312777655287,-0.300372495234113,-0.208837536747875,0.089892351149383,-0.249516744383402,-0.118988811612076,0.33485599363014,0.250271095164666,0.186214424510131,0.494635739518245,-0.0698275253756068,0.387369406285923,-0.197400181703167,-0.0547019395386604,0.0702280641603251,-0.0626930982125144,-0.133341601019895,-0.189501955953651,0.0738095053821299,-0.0270526947173592,-0.00569501391207501,0.217219218390447,0.0944016873270211,-0.0576076332431716,-0.0548687540990115,-0.186655434363589,-0.25541363295897,0.277384297746772
"曾祖父-曾孙女",-0.252806854416214,-0.199165126780311,0.271587706631142,0.526125843354945,0.0803922431353217,0.252700956533083,-0.0615103053748534,0.0893166533221752,0.132444298227489,0.341641609674212,0.332510289020937,0.00971066688431448,1,0.392851680145737,0.554702950717277,0.559618196065149,0.135276913919829,-0.276240101986198,0.044200819249167,-0.102706930611709,-0.196917187516227,0.120394755935073,0.236139511168727,-0.239250080461446,-0.0442964143076897,0.0324963247020779,0.424475356929048,0.063669691005219,0.0720540657373961,-0.105882096415299,-0.00281157580654467,0.0981043333331797,0.0448109101569215,-0.112506457344675,0.0233446030541817,0.613679510496067,0.361686190975663,0.207831237509046,0.370625224150553,-0.103001843863261,0.111933352387524,-0.239332504862545,0.614594013979868,0.15055299971594,-0.119751187757881,-0.0263064286775782,-0.125378447039251,-0.20301500443603,-0.301836850152553,0.127945515218053,-0.0926361214900133,-0.231623106275238,-0.0322412060891488,-0.00644842779593091,-0.293723802552783,-0.243007052731668,0.0585439624451173,-0.109871841286255,-0.127940479657073,-0.166804103635741,-0.0157947125966355,-0.208062620527147,-0.032907967184396,-0.105448957717577,-0.0423155663422245,0.254032189112447,0.305181941977898,0.381067533471422,0.157129504723137,-0.0700394963783875,-0.166398759934227,-0.288710882797841,-0.0155192345278343,-0.179901831910352,-0.0645927487930419,-0.0695044627668767,-0.177860809312891,0.227367226619665,-0.0373033148232829,0.369890056670049,0.416153362628782,-0.212330215907902,-0.0321083249849,-0.153305758600037,-0.094855640171945,-0.204443596284552,-0.244486049567335,-0.361250357513319,0.0519238810174341,-0.214417374278585,-0.196690939251093,-0.331260212058827,-0.140891457719879,-0.199544989039722,-0.00166527986177198,-0.165282210677918,-0.221461660291077,-0.434180996626124,-0.335716260231599,0.185856757094577,0.168574667628228,-0.305349324998213,-0.0916309736913604,0.571087131614926,0.538412986555356,-0.0237607804255773,-0.21887737760634,0.217513829013423,-0.123525694653024,-0.193421479154588,0.0985874860024757,0.367242260210209,-0.0187004497819472,0.115778740015596,0.00173345282755792,0.0439776363100443,0.0299738743513857,-0.105486885132557,-0.13949764905665,-0.0502156166209653,-0.059893478580841,0.117143625300001,0.190047742374973,-0.118806976787937,-0.00285656568970147,0.0947040293945928,0.0542059300550663,-0.0851586981646989,-0.00443070140458332,-0.199697566195996,0.0292707086356568,0.171468834832261,0.00067630576367101,0.0680728507505584,0.152388137470382,-0.323419689328806,-0.144652831773487,-0.214048276141378,-0.230478104722721,0.0734957120436831,-0.283510534107008,-0.211870987316856,0.368931068554157
"曾祖父-曾孙子",0.0350292954089221,0.0761452971708445,0.023712466094991,0.207756881109522,-0.0163065395724174,0.202298687109967,0.218056307090319,0.352133251328554,0.158012582516702,0.175560437560286,0.216499521303333,0.301766082254697,0.392851680145737,1,0.30720326558053,0.394033544864253,-0.124697460783438,-0.11491234785743,-0.00657982629846587,-0.165924544262791,0.0862206934373034,-0.0362231008652898,-0.0655552179913695,-0.170835744276103,0.118204222474305,-0.0259487435970095,0.218571528599959,-0.179484322348155,-0.333526815075336,-0.33287719021921,0.145260553539834,-0.194513361889289,0.0897495231142863,-0.00199173239008348,0.0162564921709793,0.25185591881252,0.56441889985486,0.316752102395381,0.331190951444581,-0.0872696431203665,-0.267413302784094,-0.156621781142271,0.221325251153172,0.172652314493853,-0.341722712903825,-0.343512701494819,0.243349084230713,0.0301520515630741,-0.393269325149763,-0.0544222410340171,-0.298314744976583,0.0610659472157815,-0.114210912471943,-0.283922411630995,-0.163126940252036,-0.283590849992164,0.034202188693041,-0.105855065941913,-0.0314160187725528,-0.0425311456337227,-0.176031655167085,-0.0854716018799229,0.0781904193140321,0.147125242135126,0.292527865900721,0.00981270262034191,0.273679864284578,0.0974419821189923,-0.227731961963621,-0.205502785938288,-0.352137091617383,0.0390228607312528,0.101856737372759,-0.0918922038749106,0.0308577840309369,0.0689416065990465,0.00779644277880478,-0.0784677247342521,0.0847423934737036,0.0570643031280929,0.0989956766562595,-0.218404687550219,-0.00970943362889767,0.131313972768952,-0.227214427300535,-0.280675642079631,-0.113024448034367,-0.356261763679071,0.285673202065308,0.0815711278145208,-0.0229133507755508,-0.058215981019833,0.095855846322461,-0.00480715463028233,-0.274297905643874,0.0659179978492599,0.0797403923075261,0.0036256706208732,0.00501407444112163,0.0772780577846717,0.14774761973478,-0.161762394024317,-0.382947087125857,0.254400982618028,0.147209004880554,0.0614917776300712,-0.0259442474699562,-0.220962413656444,-0.0433086575497146,-0.0220260613150196,0.193283881639978,0.358936658189325,0.02372633133124,0.054517592180664,-0.129758960600552,-0.154152069463146,-0.340411533590799,-0.169868258212354,0.0323447299045778,-0.151954852776746,-0.240087037289173,0.260781094180596,0.349166289617192,-0.0721135936059528,0.262332890474271,0.0869434862802221,0.396834989996037,0.0124903096321402,0.0578737552990473,0.112045411526024,-0.0585413980508029,-0.0032933039544646,-0.377213716960217,0.0855283129904414,-0.0995119129760055,-0.0268090631305367,0.125071847487792,-0.0235839612404055,-0.173751409518497,-0.137289174741282,-0.329685718255422,-0.107590084500693,0.474652453495864
"曾祖母-曾孙女",-0.102598403535756,0.0773082089273528,0.439971397720307,0.299786903158735,-0.0542184474379555,0.416395396884189,-0.19538779387157,-0.0493237472374579,-0.160353071497097,0.223487685587717,0.121702167944935,-0.280551208154639,0.554702950717277,0.30720326558053,1,0.225393407507367,0.0349827514632946,0.0518753246919687,0.0115966253384598,-0.00774318315617389,-0.172108079964435,-0.041128839958947,0.0603273649179598,-0.174082463536367,-0.150550576118195,0.0798437469573467,0.365704843932236,0.27612161646963,-0.0410315422419364,0.00726994449604933,-0.144402030157872,0.024049236871512,-0.173529270412895,-0.0786230586023908,-0.0881976514228014,0.436071678440452,0.114056711657322,0.433174735211371,0.519688943641211,-0.176959097685643,0.127047713542496,-0.171915351330165,0.512058622586403,0.0537671694851519,-0.13843910229164,0.0115635980828406,-0.031745353709004,-0.254454656851003,-0.209229027119353,0.059846417425457,-0.127477393375375,-0.3673268865771,-0.00838824231730159,-0.000951376616431913,-0.218861560994086,-0.0345335284421562,-0.11672243312098,-0.229234472044786,-0.298571723240571,0.0465502850411127,0.110509385700328,-0.0237209987595427,-0.0372455847661419,0.128475149935449,-0.124921993057774,0.424791711347357,-0.0637157499548756,0.199664124710521,0.0874481283622682,-0.0678878034507284,-0.139986802625062,-0.206718699075267,-0.227046242401365,-0.128608095475478,0.270882216884431,0.0354219154963045,-0.0777958469704433,0.268083334201155,0.0466058708820484,0.415462918809824,0.324120817974796,0.0620343170903803,-0.31106859999117,-0.080188380011396,-0.039610694756764,-0.102603401279784,-0.0635624667597068,-0.231913573657038,0.11788552582817,-0.297101278131623,-0.35954647607813,-0.00280953014987372,-0.144413451057542,-0.376773642572456,0.0290955488144897,-0.353377277531213,6.98073221000872e-05,-0.235322232601487,-0.213922968334935,0.163240701200006,0.227959809884435,-0.251354551439237,0.020212378327204,0.172577543995486,0.490970819689798,0.0153452927563781,-0.047378457160512,0.0544305306812779,-0.0327336929079077,-0.0728024375738033,-0.123252399217253,0.2434510879731,0.0648271682940395,-0.149741455447746,-0.0666181261320402,0.357193232593617,0.0597449725877172,-0.0681670154861645,0.062632611052719,-0.0499312964254545,-0.108786409738743,-0.142828922208768,0.0694378547452225,-0.30178615121347,-0.228150537600243,0.108537639272887,-0.18879018525322,0.0702654949280074,-0.0279496315115013,-0.17281535234827,0.0689228979953629,0.0777836795514212,-0.069969945909099,-0.0571723442446388,0.0119361725327837,0.00378828825950356,0.0251955609452406,-0.084565960192473,-0.320939237685431,0.0301351770321697,-0.145902045306291,0.0459543643087655,0.120605622733176
"曾祖母-曾孙子",-0.10599088979006,-0.127418305687068,0.0969870290784766,0.462185766752778,0.170236497361499,0.0822920418374573,0.156779982478349,-0.0327016502444508,0.262287394432413,0.286339794975173,0.421369444452879,0.170276752635025,0.559618196065149,0.394033544864253,0.225393407507367,1,0.0535290841161135,-0.196830448513147,-0.0312315451534067,-0.0741131251122505,0.0215567712938773,0.208436362074421,0.106808660922668,-0.211497776061005,-0.0497112938846709,0.0573835840218713,0.281059694020736,0.0288745856834447,-0.00290722809673847,-0.0861648224127658,0.184208810819704,0.143449962191771,0.217141434986783,-0.218006985082526,0.0417585499457395,0.329098585673131,0.480857583327417,0.33167273825141,0.268549315802223,0.000456119478653125,-0.0137309154241274,-0.221667850900997,0.284507970813962,0.261179495464967,-0.231963108353791,-0.078102014880289,-0.0524540257064153,-0.0895268692001061,-0.223227819019752,-0.0129027181560843,-0.0948517834265625,-0.185152836334379,-0.247233882093454,-0.199746819944719,-0.350270397091785,-0.359461294326059,0.153757169782288,-0.103335292120042,-0.00344549023074538,-0.362397503816444,-0.0978353437337336,-0.263276862631373,0.205663743557475,-0.000610834427551149,0.158539185544711,-0.0347500579931743,0.567911165788312,0.337004646925643,0.0340130779442046,0.140703902727751,-0.263918959670943,-0.25352492042327,0.128182869959691,-0.181174782986119,-0.179138061753721,-0.244959063041229,-0.182342388002518,-0.032943759488079,-0.138786629413445,0.377129791325581,0.352754473596668,-0.293365463858018,0.00803762938416243,-0.0743359013586851,-0.158176749713508,-0.340038761870625,-0.322505634996941,-0.411499257211434,-0.0442886475040956,-0.00623676949288891,0.0253338521467001,-0.349580092668874,-0.362167388738004,-0.220649091133958,-0.26350198637517,-0.157489226746341,-0.132645921968491,-0.182795797801838,-0.0609612756565179,0.392958966457112,0.232613785817906,-0.213228550431793,-0.392044768164603,0.531534723788673,0.436779467858432,-0.180712809930035,-0.171876441084224,0.0512854590151925,-0.0879681812187171,-0.193910705394782,0.136211765188309,0.272288780042904,0.0922821008150603,0.115903861664898,0.0783126791867335,-0.292143148116617,-0.00493737547272029,-0.198209913483709,-0.00854885665236734,-0.10613530888566,-0.211990611995043,0.30846330122004,0.258576279276861,0.112710134281308,0.239717531945621,0.142893168769997,0.245880948211664,-0.198039229319523,-0.00726561636034391,-0.10694552585743,-0.0496562616640945,0.0167701094861836,0.0436203969676985,0.16161315187678,0.209824252957145,-0.317344190066827,-0.0562054486113051,-0.0901553794913127,-0.0385490597073884,0.029604889518334,-0.285216138300931,-0.199002994405623,0.721291216667546
"从祖父-从孙女",-0.232044733125697,-0.310285978564005,-0.0819609473996556,0.192945262398981,0.211147676834257,-0.0663873915792255,-0.175077932295516,-0.365833940529041,-0.191803150490686,-0.0484653975827828,-0.127181470486871,-0.231074161402294,0.135276913919829,-0.124697460783438,0.0349827514632946,0.0535290841161135,1,0.208478039757873,-0.0747641732033348,0.108017828725868,-0.061076882104225,0.0212821090444172,0.0951242865636166,0.0719781033838194,-0.0240509258129166,0.0675855971757328,0.189933462678602,-0.254866605483921,0.533962115070518,0.280917703054508,-0.00579409715791643,0.390225744372458,0.210996113565773,0.1955014511119,-0.0411052365856506,0.172986677799571,0.0124471538349104,0.111636272255346,0.0889635015040257,0.18569546817507,0.422236502084395,0.164194999676934,0.252129904429898,-0.0928107130379778,0.137043440098865,0.136892843444714,-0.111192971394398,-0.236742151069025,-0.268300532284312,0.254496322552594,0.147712373466569,0.139722972203456,0.371873900003462,0.432105595283789,0.211224892352176,0.176493247726161,0.0437062876246337,-0.00298591151774154,0.0519408225101731,-0.195914279532819,-0.250692939905229,-0.150900336629732,-0.270812748767972,-0.487152704519359,-0.403567021612994,-0.189134699360603,-0.106857794515314,-0.129675811989652,0.409269240517029,0.331059062718199,0.122732095920312,-0.45884737920935,-0.208472220633202,-0.0145653178806612,-0.420251231109623,-0.177438712810016,-0.110257342189803,-0.0411086140421002,-0.164368081048369,0.172654431998516,0.0782956970306142,0.0624217996825637,0.0765610235636279,0.0429922434953691,0.0281186480630201,-0.11334398724924,-0.0765708816880459,-0.159844797015412,-0.0612237994527021,0.0518901142155912,0.103609236490153,-0.364808156158501,0.0264075762763853,0.0436282781589565,0.407273298066363,0.0925857391541719,-0.266785103747068,-0.226459747338573,-0.301874069923242,0.178279757400506,0.275770250056185,-0.0117778348046554,0.218063386016496,0.357910783234734,0.0765375560078329,-0.118551766722974,-0.188534922352962,0.511884601741017,-0.17438430944903,-0.155335955577734,-0.240631070125966,-0.0863210252927623,0.250481673681959,0.0756960904930816,0.262713207087154,-0.134024026817533,0.199181933665387,0.0357721198672507,-0.379552194697277,0.133459751418968,0.101131859416123,-0.115339196442892,-0.175864784010984,0.0530798458059507,-0.190349916686067,-0.0759788314783376,-0.0139671890753929,0.0468814565623134,0.102811017758278,0.0114670127191998,-0.224285921702293,-0.0261729308786683,0.442138255599571,0.0912039945657606,0.069101372445126,-0.40593542813455,-0.541213958888252,-0.414629694090887,-0.0581437855332255,0.161098496474207,-0.0617969534070188,-0.184472986694532,-0.164148397343405
"从祖父-从孙子",0.021630222980378,0.102093783073783,0.0369981216508201,-0.157548983798013,0.233274968469802,0.160115987648515,0.0907447657292967,-0.284969141455705,-0.259802936344263,-0.0313313016583481,-0.098490835755426,-0.16948878436993,-0.276240101986198,-0.11491234785743,0.0518753246919687,-0.196830448513147,0.208478039757873,1,-0.112252231405545,-0.134977910037477,0.0764046109015303,-0.359234349382867,-0.271670371131834,0.386794259818914,-0.211593009370709,-0.0791997769176254,-0.178415756689267,-0.248974125225308,0.267039296977295,0.459911124141568,-0.189001799881314,0.0971018810939853,-0.0271041613793166,0.266418543681546,-0.221960984953367,-0.286061132718111,-0.196693481773141,0.279959006769035,0.167445718895717,-0.0617784705826115,0.240182464807658,0.505558454716623,-0.0917196670038912,0.0559590965700337,-0.00484463399373509,0.13297869580191,-0.275307687234263,-0.218524166884211,-0.15781857979592,0.36638004111492,-0.0294836631325171,0.218542652123426,0.306531093164614,0.0974964823863508,0.346089365553133,0.432075045593085,-0.0260989520398519,-0.169504709488999,-0.198533303129385,-0.129311144737137,-0.241422198452779,-0.112012107796507,0.0122800919812326,-0.0519713847720708,-0.177150082860301,-0.178543408662573,-0.260148897955105,-0.278404186538416,0.144014695285977,0.270917314931165,0.039789211738511,-0.292283207216459,-0.33838021412316,-0.178566394065097,0.0641415885511728,-0.0605200634434158,-0.0939848529864266,-0.30881405189791,-0.140170633771519,0.00713604329799617,-0.215591731342183,0.446726356448303,-0.195356598503128,-0.114638665576827,-0.183072436578071,0.239363368185596,0.165369710371469,0.153329917293559,-0.16720211202782,-0.0132419180587686,0.112903773820257,-0.0186184139050439,0.187102744610444,-0.0407222466972536,0.275121224641573,0.026816323410709,0.0188094868579199,0.0197379308531969,-0.0303077347226858,0.0205043324707432,0.324755141021528,0.146159858174181,0.182210402460235,-0.280392640470754,-0.0210583057469571,-0.0669316447900253,0.048525786462591,0.177750693084063,-0.11253356851156,-0.124568375606765,-0.265843081828502,-0.0646131657409062,0.31423617354588,0.102567664636637,0.358733777818074,-0.107102726277807,0.274019520412636,-0.139574357361305,-0.0649011483996833,-0.0251401891943248,-0.0240959716772421,-0.140851297869034,0.0665511941268302,-0.0863568408011038,-0.00848332997922555,-0.270957487368511,-0.106594614090855,0.122493792939755,-0.0273087818930429,-0.0703316139753227,-0.179259523502132,-0.252763384494246,0.319122547314059,-0.222008384916656,-0.149064872251362,-0.0636935981287669,-0.0155780497072833,0.0569282412540441,-0.0898603194439574,0.349196266173504,0.285853667654815,-0.076723182664051,-0.141935111594329
"从祖姑-从侄孙",-0.267150914317523,-0.229373140839887,0.177813824336479,0.0123963822462291,-0.155602657480476,0.0425517831164822,0.0701501106025954,-0.0669523660900946,-0.120572248731098,0.315984187891563,0.0994795308490315,0.00348851665485519,0.044200819249167,-0.00657982629846587,0.0115966253384598,-0.0312315451534067,-0.0747641732033348,-0.112252231405545,1,-0.166653328356176,0.505715667018894,-0.0626695678254581,-0.0504917275517609,0.38962518083137,0.379666342119499,-0.197057877366609,0.0130739940520853,-0.0200713069385993,0.0155571874131665,0.127977486280053,-0.331394569552414,-0.00947067546183161,0.296951825791824,-0.002126636431418,0.559052976155463,0.0377485698456435,0.00808940093718228,-0.290496354010683,-0.0949090214463892,-0.484482609734271,0.201247491850133,-0.0213834989629598,-0.106310175570732,0.126191228517785,-0.0940820310776257,0.0967857873320159,-0.335439172848573,-0.0388531517921684,0.239641507452214,0.0279653143956142,-0.118853982502159,0.290037212584668,0.00671455085943232,0.0301797851179401,-0.0518875130135285,0.208250565756483,0.200864230435662,0.466726784087785,0.523842761446854,-0.305983431122796,-0.0171784851774416,-0.414533239470413,-0.11711856151495,-0.125905501029487,0.193992872601986,-0.0834296852200898,-0.0419864060818248,0.38743347800736,0.0247714152245899,-0.0844381538350346,-0.0806835957992144,0.161556596162242,-0.201132259711847,-0.0869254793343294,-0.0137761191172894,-0.232084454971302,-0.212188847657276,-0.0963562627608402,-0.172456053936527,-0.0847429486753224,-0.0127583626560614,-0.275051122341053,0.303794787504929,0.323949531425961,-0.246749505446096,0.0446749265336483,-0.126287479004814,0.297180151474002,-0.19328362683437,0.335436054556313,0.275502783032958,-0.0458709941981131,0.0992225687509398,0.313994725269735,0.0772663666068692,0.127650372785969,-0.323322700461944,-0.0591602751620566,-0.0146989869115584,-0.0504274026766151,-0.206183481461843,0.165986930370572,-0.232444869682324,0.0181341274909856,0.0250145109146133,-0.117658903133412,-0.139693269346804,-0.0910421574941583,-0.088272492026103,-0.353360438704369,0.416753175844048,0.238601208337319,-0.101479748217296,-0.0158158177726046,-0.0867834813004024,-0.164712201635262,0.103459537832391,-0.174983228731121,-0.381811038859741,-0.24291128001271,-0.17160329568455,0.219732365602574,0.242760619300427,0.379361105498256,-0.0678985182701803,-0.302005836746057,0.104750217165426,-0.26711770439656,-0.476141960201501,0.354587310442275,0.0436418861046036,0.158239800171809,-0.0669895449610437,-0.251320592380409,-0.143509978973328,-0.0692639532293748,-0.191511481092745,0.0409245003367264,0.281083663660782,0.103619296307141,0.208026468735386,-0.241334806182228,-0.0549171337444827
"从祖母-从孙女",-0.196910368370525,-0.204722327558999,-0.234848067727228,-0.106241851511281,0.000549014270390142,-0.261849701306821,-0.261839964233698,-0.191036720075023,-0.141984464438779,-0.478504833159597,-0.157453249506429,-0.218474083812107,-0.102706930611709,-0.165924544262791,-0.00774318315617389,-0.0741131251122505,0.108017828725868,-0.134977910037477,-0.166653328356176,1,-0.0464080746866216,0.110142708887138,-0.00525344916020884,-0.0850183825658254,0.0587641395809126,0.199515590921847,-0.0709121661507833,0.0725839709549994,-0.0298822577949733,-0.104762158779416,-0.0288008014639991,0.125458833872285,-0.177301140367218,-0.0577584451742958,-0.158016283996143,0.0630194041713315,-0.0406290191329066,0.0966125643175089,-0.139240590756485,0.179775609813512,-0.0716934984739552,-0.0925150380573694,-0.000537118686330235,-0.328331036163591,0.255437071229188,0.137665985098242,-0.0564490295137288,0.439660308366297,-0.0969638390787993,-0.0180921217377348,0.516843444213372,-0.209104173912687,-0.122672836574307,0.155253079861798,-0.150413337056027,-0.262430912420526,-0.35875590165585,-0.189328725685566,0.0116159693327681,0.536687002916425,0.431377045014824,0.619061328864313,-0.234353358196813,-0.116362956460304,-0.112298440407291,-0.203591078549197,-0.0344254540923535,-0.195629748181456,0.0531147097608364,0.0322740842886618,0.194197950430908,-0.121394905739702,-0.186617823192016,0.654233750776854,-0.277020421660387,0.491380506579269,0.609551474214974,-0.0326284434017981,-0.142544427383102,-0.174543933242999,-0.104203618330645,-0.034184014550104,-0.0593568643591599,-0.0257579293327521,0.781152034982999,-0.061227397888873,-0.138545160358646,-0.0555254426788375,-0.00272361890128741,-0.0149344445626772,-0.0280488040487509,-0.191990610260372,-0.188711580135512,-0.222515600737284,-0.0721457945329333,-0.231551444158666,-0.185396032613923,-0.156701982480485,-0.237415882481226,-0.15077122353383,0.0311864045409494,-0.252946596515351,0.0193247672016361,-0.0173975960489486,-0.182946905804373,0.484599971365542,0.423027478033605,-0.0284042277753157,0.603535099810095,0.64403459452415,-0.150441390375582,-0.328329097970473,-0.132943758669156,-0.0868385836314072,0.105163095774501,-0.0855630030171752,0.0809489153592718,0.585927723826383,0.00370651530315688,0.499855460222903,0.270289883569866,-0.27962040928528,-0.304521056814896,-0.218225179313075,-0.339256091139157,-0.0441549677397764,-0.12316656908465,0.00492710095188974,0.176303690565859,-0.100249950144096,0.509396928177371,0.318085809381123,-0.115004202107426,-0.0085838443627532,-0.0297123092729709,-0.218702900943417,-0.264903344624148,-0.310752968118865,-0.0626926310066574,-0.109821539878725,-0.0777526915889853,0.552764370168633,-0.129329838033347
"从祖母-从孙子",-0.0509709374637195,-0.116115249092535,-0.114787383647107,-0.0830618742419949,-0.00197310862980118,-0.0237719296986361,0.0160658980567817,-0.0213214886547457,-0.0757643508665218,-0.0030514893883046,-0.127649297051481,0.0145528681243933,-0.196917187516227,0.0862206934373034,-0.172108079964435,0.0215567712938773,-0.061076882104225,0.0764046109015303,0.505715667018894,-0.0464080746866216,1,-0.172519004438368,-0.27597897367719,0.324145933134456,0.428206430193048,-0.321308129117272,-0.194203431513738,-0.0619749808883163,0.0697267654177536,0.0713873252300071,-0.214812339657715,0.0389378874423747,0.339839719184057,0.0691991718904673,0.42586932565723,-0.172415078874527,-0.096383445112757,-0.0111437764675107,-0.153561728629131,-0.268059740765167,0.0512138986183105,0.122964438235249,-0.364740458181379,0.027126376349551,-0.168239469797175,-0.052993671806627,-0.289185031461744,0.106064659572124,0.102843090132438,0.0433626403753511,-0.0542337857672298,0.33309766367327,-0.110932787605713,-0.171713543602877,0.0187405266770334,0.0852161351222127,0.237267154473321,0.25827143225912,0.544237577904732,-0.335328216877303,-0.0390854758371792,-0.271406980392765,0.0103364607971261,0.0770434832506363,0.181679235032838,-0.171620729398892,0.0913426721958427,0.119552652624881,0.117922224289815,0.153013118011748,-0.151035346810963,0.0784604960111316,-0.108156387460455,-0.0937182154750014,-0.157603524194989,-0.210655322077678,-0.130967369984428,-0.223116178281663,-0.373272147908966,-0.210241066284938,-0.168647379953969,-0.210255099251721,0.341194560405642,0.389853744781126,-0.174180752825786,-0.0362387268577456,0.0790803285476359,0.128607503286975,-0.358831879423748,0.572683492651623,0.398534057564032,-0.124870974816539,0.197479208003363,0.33341682177197,-0.0973476145602489,0.335493375229195,-0.275509739216973,0.184296758772156,0.267383864748888,0.0484854031422728,0.0355650288519026,0.2476209323714,-0.287427449888943,-0.134098580598146,-0.0454197818512892,-0.216955863014333,-0.0552224976324332,-0.122870072755236,-0.0925559510331804,-0.180640710729261,0.282016865576332,-0.0647058855745629,0.0550014439268881,0.0850544959207707,0.0854279559352808,-0.338261711524069,0.00483597869588123,-0.0649090238178914,-0.182052215469452,-0.091340421134908,-0.170718689536296,0.193370800875754,-0.0107866496584285,0.484556669060692,0.18290490965177,-0.250599800605372,0.172952081592439,-0.249223479479135,-0.296297389165437,0.509051408073964,-0.0823616195523346,0.0329489840705174,0.0480555618538242,-0.319343753120456,-0.15846397753058,-0.144711520101049,-0.110823696231212,0.0492652253576542,0.401706633004207,0.0385571142781088,0.137411250563909,-0.212435710463418,0.0807358120938332
"兄-弟",0.0456785666981246,-0.0142750829360767,-0.0846735034924829,0.216966121258691,-0.0953382545054559,-0.291713164113503,-0.0868867617585833,-0.0973365581701485,0.137272675413587,0.0536227182589429,0.204319951414236,-0.0158542689171563,0.120394755935073,-0.0362231008652898,-0.041128839958947,0.208436362074421,0.0212821090444172,-0.359234349382867,-0.0626695678254581,0.110142708887138,-0.172519004438368,1,0.723813331235585,-0.296647770330381,-0.165744231061063,0.620960165486346,0.331753191233471,0.219246065410827,0.0363405185199912,-0.321595050297114,0.256396632021883,0.0742294392627645,-0.00758954775114581,-0.378926289706466,0.0763775929450708,0.233360223961789,0.205847815888387,-0.142752961258951,-0.0745582348807118,0.281425527247691,-0.166394391894503,-0.335403432460739,-0.000244932293358193,-0.00196033964954128,-0.114405014077443,0.0257376194358346,0.20301463482295,-0.0136628840039094,0.22581842993777,-0.254238443668589,-0.000525173535226106,-0.299160649126761,-0.220170152313426,0.00557416175483484,-0.280847536329124,-0.336524733783994,-0.0597995025666785,0.178089384955721,0.21694268868687,0.110766267495237,0.116152601562303,0.0350597984796602,0.0595752551995549,-0.0528376999686176,-0.0511427294446279,0.151273468583618,0.329535146749951,-0.0251657822507614,-0.0456423408904714,-0.0193919485343001,-0.165363425118449,-0.150785920064329,0.133784621679367,0.0682858560867879,-0.19197210792,-0.135829076615054,-0.0334584032738155,0.217287799067633,0.221936168965558,0.00740727251253003,0.127439330237617,-0.242841299402549,0.159820800022351,0.0249053273274473,0.187828407424391,-0.1428711002445,-0.320664592250995,-0.144710616478359,0.153442695680439,-0.0124778473501067,-0.111960572196071,-0.0221589501512981,-0.248431648019737,-0.223623028106991,-0.240839634351228,-0.224014084255744,0.136500657444789,-0.0100045517397173,-0.163273630471386,0.208431208784677,-0.104146700283386,-0.258394364589709,0.0306564931594717,0.191848167861183,0.0706176897268377,-0.0991280653379177,-0.0730383568336879,-0.0759638209847686,0.0969330422003981,0.128061171105051,-0.078900307649368,0.0337123909917044,-0.181014964500866,-0.262611538215743,-0.305062045688992,0.0601589519027492,-0.0678221546467267,-0.0275045483581515,-0.00172078373885565,-0.198530971092861,-0.0623375833104747,-0.0718721725801164,-0.198729807535474,-0.0808242102983683,-0.256130018577925,0.213975771497706,0.103059036171408,0.0571907810001282,0.142230184418446,-0.112143820637074,0.0765269597017193,-0.0212516756279445,-0.193500185421302,0.270965447525676,0.648384794640589,-0.0375397261455235,0.14615752604952,-0.0480241144963343,0.0548785852078175,-0.199380577362261,-0.239546718181231,0.0886297791098666,0.0969660217982171
"同父异母兄-同父异母弟",0.0882740031815055,0.0998463183420474,0.0459428844335332,0.299631380020643,-0.0355703462287603,-0.173416505755405,-0.155517509118824,-0.0862845344798346,0.0825982774274235,0.139162919777919,0.185774867759448,-0.0599041231518374,0.236139511168727,-0.0655552179913695,0.0603273649179598,0.106808660922668,0.0951242865636166,-0.271670371131834,-0.0504917275517609,-0.00525344916020884,-0.27597897367719,0.723813331235585,1,-0.231772618802465,-0.198471487167877,0.521702508260815,0.323357707199878,0.139198966837308,0.041079002520665,-0.225709843518492,0.326141465748311,-0.0885129150908265,-0.0185603627922687,-0.341594026328015,-0.0379537588046009,0.193198232573549,0.124389955078982,-0.121175133050544,0.0350131221320418,0.224524700783879,-0.0176744719118193,-0.178032578137702,0.14448067395641,0.0185505646495075,-0.0765816747629855,-0.0781124301013237,0.166539347995583,-0.243595242735517,0.286612944115963,-0.112082939885347,-0.125549678057361,-0.23125352361265,-0.131064342987891,0.0671091456829304,-0.195453772087186,-0.247393574089393,-0.0612177351264865,0.099068742917153,0.131442689876595,0.0350717059634394,-0.0131469572362417,-0.0687742180147764,0.0160339202068393,-0.112144830310897,-0.215602032849841,0.234525375679254,0.200381696081441,-0.017096337421461,-0.0776975355852551,-0.0854211243245941,-0.142526885713699,-0.185455117038004,0.0300424511168235,-0.111654589197134,-0.0158432335694174,-0.213567506833215,-0.190740042621096,0.252164672835139,0.349686037760286,0.0114150299626027,0.0413050600210095,-0.105602916414403,0.0633129929387862,-0.117842987032553,0.091339425754311,0.085885332484258,-0.176747823532129,-0.0824645257078812,0.280909406569021,-0.162545551831824,-0.153206871631366,0.0657076865259455,-0.248202635039834,-0.265484447432367,-0.092422250948503,-0.251051289403576,0.140444605769914,0.00516386084614528,-0.243158916102359,0.151298172631404,-0.0136570840895057,-0.194988663890559,0.205273657902786,0.201209665179582,0.0369126514363807,-0.108168804420579,-0.222899456515233,0.0136145792977283,-0.0681310613385902,-0.034794283224712,-0.117487328904741,0.134420515490894,-0.17452659259507,-0.143127135257673,-0.233677283261209,0.195327140111019,-0.110801473752189,-0.143347488601617,-0.0834337067477217,-0.191880587179515,-0.046557568492458,-0.139411629515743,-0.138810333605657,-0.207236032253642,-0.310635475693016,0.200513940197752,0.142705785195719,0.119013709389048,0.0648423835518242,-0.189608287925812,-0.0553678220509484,-0.0703840104438281,-0.132215686566938,0.271013790318422,0.794523458932769,0.00491394295576913,0.131356729950674,-0.0725507814806767,-0.0186364937543961,-0.116683344547648,-0.0566282281550928,0.036257700859391,-0.0623757413283583
"母亲-亲生子女",-0.275137782829246,-0.241750887561295,-0.105659233594326,-0.246962730720068,0.0455646954584394,0.0293195929094137,0.00579017162187483,-0.186492010074204,-0.189439917243384,-0.0899403515079511,-0.0069847245950532,-0.0915276693944885,-0.239250080461446,-0.170835744276103,-0.174082463536367,-0.211497776061005,0.0719781033838194,0.386794259818914,0.38962518083137,-0.0850183825658254,0.324145933134456,-0.296647770330381,-0.231772618802465,1,0.271901670191948,-0.132014451697978,-0.25336463690043,-0.177406873992966,0.231759743258489,0.507878260425796,-0.287829643967149,0.0919332610180861,0.26743126252282,0.37547293986994,0.173208260124428,-0.245609117419472,-0.172386721342961,-0.0558872750708464,-0.0553636003821849,-0.247880540650036,0.2240093191876,0.340868541714074,-0.282082355477962,0.0165824114047553,-0.0757992669296763,0.0715505383499987,-0.411771524838366,-0.0605838846597976,0.0423271784001365,0.360809113564308,0.0638373453258796,0.497213966159594,0.206961707222213,0.126212081625792,0.327686808607134,0.383795058724337,0.141774766903786,0.137170457614464,0.235221961498598,-0.221992226096499,-0.110194412127233,-0.237579653860208,-0.0841529719630194,-0.170199958329135,-0.000229718302380656,-0.285112327184492,-0.240077476932427,-0.0427090879745622,0.150659027182218,0.0956124955812929,-0.0450066435999443,-0.117203507527687,-0.347984382457232,-0.0789558748306029,-0.128026671488659,-0.1170401917373,-0.0955377069895797,-0.361212236969858,-0.335231338848366,-0.153583945175006,-0.280946919384665,0.196976894267764,0.223588339745876,-0.0122150668597707,-0.227796365083479,0.361506249896154,0.139804468259227,0.53383866853477,-0.233803741651236,0.391121707768591,0.464999348286183,-0.173965500371895,0.280613717370198,0.271244465929517,0.265369060436196,0.158817409595407,-0.319807147012587,-0.0813463645173425,-0.0756766862439195,-0.298699689612977,0.0436510156530675,0.241281446535642,-0.0191873853581658,-0.224602328698051,-0.209165716420244,0.0129137345800206,0.0927915407766274,0.0439449245838626,0.0274216119050826,-0.227463380802722,0.0813819422147581,-0.0280748365830399,0.0891946716994423,0.00884331039139331,0.349664041541038,-0.383186179948814,0.190346687367722,-0.168458490980113,-0.389943244782693,-0.0397736652499592,-0.164665523661863,-0.0437813515543915,0.149788126271703,0.223154127999224,-0.0917458892867893,-0.50894715045074,0.0487956713802691,-0.117867912474666,-0.293426876732107,0.0791698906195673,0.0183251336057928,-0.0020277508192459,0.160191332257633,-0.430186043382826,-0.264416623526022,-0.173653093483547,-0.186729940066667,0.0301169954254674,0.314882387075001,0.445662215689372,0.608822082836656,-0.0864815119337412,-0.151549769982973
"母亲-非亲生子女",-0.239210767500898,-0.286560727026785,-0.20750495721208,-0.20035801470039,-0.0634172684528195,-0.222343320099853,0.00367424323147006,0.280869957872969,-0.00389648368518096,-0.202559662346721,-0.0816280012911904,0.0983367969338516,-0.0442964143076897,0.118204222474305,-0.150550576118195,-0.0497112938846709,-0.0240509258129166,-0.211593009370709,0.379666342119499,0.0587641395809126,0.428206430193048,-0.165744231061063,-0.198471487167877,0.271901670191948,1,-0.239734310127412,-0.177954863841957,-0.00595936286501693,-0.010687449571396,-0.000999517885060437,-0.158179075228709,0.06258754617751,0.423846922375439,0.236401030008576,0.502244156638816,0.0558824814647365,0.133553126033723,-0.126760771407594,-0.247299026947442,-0.222728043468909,0.0328839173978156,-0.0495528469207235,-0.228574389689896,-0.292196056004607,-0.191597249842052,-0.128102912877701,-0.0641955700512329,0.144219284050176,-0.00188400787598024,0.094790800245927,-0.0362301116041396,0.471639385272169,0.0587689527035655,0.143649240719397,0.122075397144371,-0.00290627373793891,0.121356909688193,0.251995788971466,0.37122853407656,-0.00696587797077411,-0.0242267629058711,-0.0823798202610193,-0.154756697324493,0.0261456368804165,0.419280422776603,-0.2249295794983,-0.067208915954223,0.0367131660362402,0.0664832057305636,-0.221260703003335,-0.236009297457095,0.235410515018311,-0.0366858997291798,0.0883090609291792,-0.201327838890801,-0.00842487538949191,0.0198834672345679,-0.235199360760667,-0.350298530286323,-0.264786317206129,0.00541551329617204,-0.128336292413014,0.451944280468785,0.239691446463351,-0.0849487544637486,0.0520721068759513,0.179599454645508,0.0688518421007782,-0.101628096293239,0.570096128712108,0.384834808953176,-0.169791372403704,0.274466824344954,0.417961272311509,-0.0801183151471061,0.196257095366093,-0.274862532470904,-0.0591293395706485,0.0304129771811224,-0.334392370087485,-0.171264211225695,0.145527233604225,-0.232260638669835,-0.0698332525187967,-0.180396166548822,-0.0129130374612169,-0.0619448428781525,0.0693683520011752,0.147734997910246,0.00581683205207468,0.369937150912635,0.0181833713587143,-0.118454282287071,-0.00488546213852589,0.0816380336368228,-0.401784401037512,-0.180872631251167,-0.020794544637399,-0.159548429129645,-0.0404579517347093,-0.186512231892659,0.0993549744690238,-0.0452193556428771,0.460050516662401,0.0896741770229577,-0.0680032338371756,0.267065527610211,-0.318814523472664,-0.223568739607636,0.425822098193434,-0.0081460281947936,-0.0300300794722319,-0.0969137208056763,-0.208472836420831,-0.32187462911254,-0.161483078474748,-0.308512086755874,-0.254499212418178,0.271248334304631,0.0909569774301568,0.041819709748156,-0.0368078470532685,0.00904753724965849
"同父异母兄-同父异母弟",-0.0626659115606692,0.0228348641762731,-0.0510425104323664,0.113600491664215,0.0400145627228551,-0.110638972648938,0.0756604728448071,-0.169999997465626,0.0107829576453459,-0.167185356481042,0.350659839144312,-0.0603317925359495,0.0324963247020779,-0.0259487435970095,0.0798437469573467,0.0573835840218713,0.0675855971757328,-0.0791997769176254,-0.197057877366609,0.199515590921847,-0.321308129117272,0.620960165486346,0.521702508260815,-0.132014451697978,-0.239734310127412,1,0.242256854293084,0.136306625266033,0.0612307932724274,-0.0388257069264787,0.224036831991983,0.0463965356837927,-0.15634031553795,-0.154430232354109,-0.276990956860157,0.0842282679141861,0.244789062534947,0.118828857578667,0.109988950121679,0.321397240819232,-0.151603541913867,-0.196388723039933,0.165644928522756,0.0995220957919565,-0.1415639137923,-0.0331511942395495,0.15376615961971,-0.173358783157619,0.12197639087771,0.0263895918967288,-0.0388943127974633,-0.22062715735779,-0.0554384600152319,0.0759140473518873,-0.16960945683487,-0.296357194218619,-0.170567797664406,-0.0544713093832368,-0.0131545405480526,0.24480116494201,-0.0306468147412161,0.24275805002086,0.0236625132748054,-0.0638475588668635,-0.0947050745795073,-0.0164529634058023,0.19953754812577,-0.257631648261644,-0.0451003680002526,-0.0110533934695783,-0.20085518607118,-0.208882238646302,-0.101443012739585,0.0927814378176866,-0.0805607917007585,-0.0264371153126477,0.0256528669989078,0.0332910081721265,0.312861147437549,0.0954481670645097,-0.085307757257557,0.0374563034848372,-0.132973015033433,-0.267535985649159,0.305496645882228,0.0791921029023403,-0.237378191936794,0.0679699628498814,0.3157949416483,-0.109479693730549,-0.17231992200753,0.00922002744209535,-0.189128356045944,-0.259409141514181,-0.140787354150013,-0.292526794732872,0.159042921141351,-0.0542316102500333,-0.21363053885505,-0.062820854169909,0.021727374915608,-0.327900593422406,-0.00851167152611989,0.126423595561849,-0.0589805289759883,0.0958411344616752,0.0440566616235777,-0.121882768311156,0.270919042843975,0.179528977043474,-0.294145572774642,-0.00125915388319642,-0.0986594095619489,-0.464333306000429,-0.0222179811259915,0.0896521091415729,-0.0837696117520895,-0.112399972619292,0.0263626431899085,-0.260946660821223,-0.114840455715173,-0.311493925639137,0.00358424604596093,-0.301236152346623,-0.375327020237579,-0.0452703630158095,0.0766253122841447,0.323404154840051,0.348195467588297,-0.353423647504487,0.133119168835976,-0.186295347904718,-0.168120959097256,0.271091712566416,0.391129039427575,0.00805367835706488,0.15310916386622,0.0983847174102139,0.0126010620072451,-0.0125381309023889,0.0215070446022144,0.218580825266065,-0.0525071709492297
"同父异母兄-同父异母妹",-0.131559563066333,-0.0897924899024684,0.364251142572179,0.563932532244392,0.0205045613178649,0.209502633673635,0.0358071316767967,-0.188301186100256,-0.15028165024676,0.425265008810927,0.18982934038962,-0.0656574726928027,0.424475356929048,0.218571528599959,0.365704843932236,0.281059694020736,0.189933462678602,-0.178415756689267,0.0130739940520853,-0.0709121661507833,-0.194203431513738,0.331753191233471,0.323357707199878,-0.25336463690043,-0.177954863841957,0.242256854293084,1,0.182238487942809,0.0871481667374127,-0.077860397081593,-0.0987306652666197,0.0489055482315432,-0.0117443032784388,-0.190487603467872,0.0692004942822006,0.442428194877148,0.283592172073827,0.0756844260748574,0.463139219396917,-0.0985390693205205,0.186504577750966,-0.248168774497173,0.45939066458242,0.331073664904935,-0.00960876510577843,0.0757249635906146,0.0521822532046063,-0.122039943097818,-0.166366267824618,-0.124454627661676,0.00473081708107334,-0.258972641352168,-0.0666899023808437,0.109179072723734,-0.214732094558049,-0.142318563114263,-0.0464719002094194,0.10792378970897,-0.0332305877768702,-0.0425426407906833,-0.133446658293088,-0.187369811287511,-0.151795969113529,-0.196505263652201,-0.209920553929238,0.261173400859824,0.195634509253358,0.256744465421205,0.0687916822122223,0.0386788904211014,-0.0239123568108224,-0.337577832619341,-0.0809370808230784,0.0576224547315311,-0.0427259217254164,-0.0227263643518495,0.0454148378304936,0.15759272908505,0.12455911925549,0.444160956391475,0.350297268150585,-0.415638572176597,-0.00982492640648164,0.074581627841203,-0.0908801046621231,-0.4108537880515,-0.4421296091226,-0.41726049451111,0.000844645980498587,-0.227923776701409,-0.289450337750676,-0.170376215438089,-0.137721989801669,-0.130313692125461,0.0326166729189201,-0.0875580511109556,-0.0723415425776155,-0.191730325309807,-0.264346550700645,0.366703158340185,0.128061766385295,-0.421390760077214,-0.0816917276201457,0.404310377467392,0.436646192161854,0.00670153806729323,-0.0673535982258248,0.139050055428138,-0.0363534955221813,-0.0919222219571468,0.003306883858903,0.346084692269774,0.0330387895480537,-0.176159892985846,-0.273561592410719,0.148890444648884,0.0338083107452799,0.0996181133340653,-0.122089494865234,-0.0444520344910618,0.0627028115504459,-0.0231312088978115,0.0864025657129275,-0.0731307412431772,-0.129571840966657,0.0987602481585779,0.0460135012174665,-0.157676474636858,-0.139722876820515,-0.00673880730490699,0.0685003645046649,0.114278843130203,0.0720432326323133,0.0337453669018308,0.214300143466567,-0.121115408820061,-0.13585425054705,-0.163474848256481,-0.357408883855221,-0.115269617553861,-0.484957599138032,-0.176283984239255,0.145775718268544
"同父异母子女-同父异母子女",0.0749582605252984,0.117905179101402,0.180474021124322,-0.0157261519645083,-0.203266183417535,0.168033868744268,-0.282975272142805,0.00172203103098027,0.0299578413060398,-0.0115675458737813,-0.159108749064303,-0.353874116563281,0.063669691005219,-0.179484322348155,0.27612161646963,0.0288745856834447,-0.254866605483921,-0.248974125225308,-0.0200713069385993,0.0725839709549994,-0.0619749808883163,0.219246065410827,0.139198966837308,-0.177406873992966,-0.00595936286501693,0.136306625266033,0.182238487942809,1,-0.133563686792896,-0.0298404367216589,0.0369911524978683,0.0368748112396395,-0.22551941405743,-0.335210531319934,-0.112456155408053,0.143750808404547,-0.261178203619373,0.0385577093219573,0.0239364217039573,0.00777917413769406,-0.10778597920595,-0.375152791445719,-0.0701791625315309,-0.13040032276165,-0.119917827955692,0.180674534640814,0.0249327384399837,-0.0284366202196089,0.185828579761602,-0.334578587397714,0.0549947468083,-0.405712407493904,-0.280884882831535,-0.0972976592367212,-0.410838525871017,-0.0743339580056615,-0.119054479622036,-0.0798201357289641,-0.0557397170078488,0.170342601250828,0.324857490119224,0.0787318486593238,0.275036929832392,0.39037303764617,-0.00443114300899899,0.477341665853424,-0.122032604349529,0.189103012856908,0.0350727800838832,0.0677965770849097,-0.136524872149613,0.158448676823809,0.0911669163505077,0.0604719124813088,0.236074504324129,-0.0115201131660843,-0.0514840271758017,0.466207139605598,-0.0117777564659554,0.249753121905525,0.313159756327167,-0.0858121762546134,-0.242812496588224,-0.145005769324838,0.108682633651587,-0.0858802795288052,-0.00839899504132208,0.0974719709385922,-0.0200557204142215,-0.218170034846419,-0.290425007362367,0.219234851440397,-0.228816121726029,-0.151686335598376,-0.135733543787165,-0.315272575994395,-0.0228741615362258,0.0686600163070381,0.133171025611956,0.18327435818159,-0.0565106999010464,-0.00766457088362858,-0.0021140359228237,-0.059306915870708,0.29865395657084,-0.102621700393704,0.0557814027375136,-0.135744184921796,0.0579716951194848,0.0958266379512445,0.090136370694241,-0.0715515629880562,0.0160495569364892,-0.377521156939828,-0.189765476850398,0.403481463695868,0.146726719964903,0.0726632790020784,0.219145548106168,-0.017587135206045,-0.145569452737409,-0.2438731534598,-0.18979344033544,-0.0315406111623095,-0.190886891046642,0.226960187067426,-0.383720122544978,0.0579947768262267,0.0097484486256877,-0.112872576301486,0.0967009601006721,0.0154095014710729,-0.0999375992573185,-0.0626670171127216,0.15017492413492,0.23450724246649,0.185354506979055,0.241132608684735,0.0662351432694078,-0.26007320144233,-0.0673896477801105,0.0976187543997958,-0.00376060324225337
"同父异母姐-同父异母弟",-0.361871556651442,-0.423137129198111,0.142174200587009,0.286618574250455,0.367399933102346,-0.0630410473394513,-0.0646869717822015,-0.452470202872074,-0.358092726795664,-0.083615523234827,0.0736667699368607,-0.142397439799377,0.0720540657373961,-0.333526815075336,-0.0410315422419364,-0.00290722809673847,0.533962115070518,0.267039296977295,0.0155571874131665,-0.0298822577949733,0.0697267654177536,0.0363405185199912,0.041079002520665,0.231759743258489,-0.010687449571396,0.0612307932724274,0.0871481667374127,-0.133563686792896,1,0.571961685523853,-0.386663015320739,0.588873253268021,0.113392874528119,0.304862981058206,0.0817944416224507,0.144936384633311,-0.233807159312836,-0.0239296909485108,0.0713753754056655,0.0160118801331926,0.597332248299049,0.372623934733256,0.193793937290263,-0.000835508948582226,0.230188909047938,0.317185592052842,-0.485016026764587,-0.226231273499192,-0.0915564211902577,0.531191228781123,0.240619508219361,0.0913609112208125,0.415375209622931,0.434140374445303,0.330980348261777,0.332238130421485,0.12863386031471,0.162158831238895,0.0672249991234307,-0.282717519844581,-0.242837942106591,-0.231459542481052,-0.386644158400831,-0.44254846071666,-0.243811827156325,-0.0860229825623467,0.0962135859079872,-0.0623219670801754,0.653563657112461,0.382532229745487,0.206818112445896,-0.523574940430462,-0.365578730464582,-0.0958465502623139,-0.439682903471571,-0.169226633098429,-0.149725240303711,-0.183959299351482,-0.36864275952431,0.10196208949343,0.0800056092044265,0.0565803490240555,0.142172502474873,-0.0532676193471522,-0.0571869867060062,0.0125254326812115,-0.184798550927917,0.0680783130163159,-0.462719623724238,0.0391964697441153,0.113314478171581,-0.438875864532162,0.175900288533692,0.0667318633682622,0.449488163416817,0.0773280002983207,-0.414995247788802,-0.380446105254668,-0.363739778638943,0.00892535295269311,0.174410055977252,-0.191907446542235,0.292866950777163,0.0157323740442789,0.185583971060988,-0.140836038061812,-0.107738452979188,0.641366224493369,-0.0635911405617815,-0.212697717542856,-0.21994733557326,-0.0692217903160362,0.15910251844831,0.12934634467224,0.392310216670186,-0.109782185151959,0.37456350008951,0.0564683007845064,-0.344670086548445,0.0367033900593521,0.24256044063798,-0.15643339582777,-0.280137767882691,0.107538124424483,-0.135435236295071,-0.382180007459376,-0.0960511582165504,-0.196166802008913,-0.0332349307807942,-0.0752126630801316,-0.0284004375685817,-0.0031417153402095,0.64381474562663,-0.333528522433779,-0.0147408021138487,-0.47032805355653,-0.344972741434067,-0.335977503951292,-0.13882489945951,0.406193904301693,0.0242832237439668,-0.337601212169317,-0.149262107061914
"同父异母姐-同父异母妹",-0.31696033074678,-0.29370611663817,0.228206371079909,0.0037579516059159,0.303253467695718,0.185976729082564,0.0305858416285791,-0.391001954516527,-0.299083376101729,-0.0535043332319432,0.0572032832427518,-0.181881672663095,-0.105882096415299,-0.33287719021921,0.00726994449604933,-0.0861648224127658,0.280917703054508,0.459911124141568,0.127977486280053,-0.104762158779416,0.0713873252300071,-0.321595050297114,-0.225709843518492,0.507878260425796,-0.000999517885060437,-0.0388257069264787,-0.077860397081593,-0.0298404367216589,0.571961685523853,1,-0.372671742694196,0.401223113628771,0.0790292893431584,0.325892755424307,-0.0711173881672478,-0.15117426379202,-0.297995935378209,0.096803197198347,0.0613921838929187,-0.129153987421617,0.59195548233451,0.390432812903197,0.065541213329619,0.0967830403634463,0.0696515544862676,0.235765442622478,-0.555957175199429,-0.265442168490632,-0.0586246611809208,0.624724597346583,0.0919757078942367,0.208531581824946,0.33494841776289,0.310271458099137,0.256876091957389,0.444950481789441,0.151984761428926,0.00835410324465365,0.00428250094593025,-0.295712676045524,-0.263936971302468,-0.217749890465498,-0.103836304437702,-0.228773238781845,-0.162094888621838,-0.15739315026937,-0.177029619243893,-0.0943371914200319,0.463094148196595,0.341564280929177,0.0896573154764526,-0.31229734668531,-0.388686226862897,-0.17696458757773,-0.143071773102652,-0.2102191444519,-0.212915506536607,-0.264175219787386,-0.358260758383771,0.159323782048716,-0.14057651878156,0.281837976465583,-0.0944404109601854,-0.135524307393265,-0.201690607508519,0.177607567994615,-0.0260867559799517,0.351245444799765,-0.37876052066245,0.0680039630520598,0.169498817279293,-0.22564717667868,0.203647046965604,0.0866770887835124,0.481146668327798,0.0197060859719373,-0.373418668161615,-0.199416579838785,-0.102725673831319,-0.04130440906503,0.134470261959154,0.0935947954207045,0.109596000783554,-0.224412278079897,0.0625407465620989,-0.075933373625168,-0.0721102510325422,0.400019012005916,-0.0873988163787363,-0.266562386023259,-0.141116435426,-0.0237775370602612,0.25437253994841,0.00235765020239303,0.532632827919531,-0.114439695811567,0.335671108301511,-0.169988433171634,-0.365890208662687,-0.0486335122586498,-0.00807307352462163,-0.180611614223871,0.0579610719400569,0.131698450638085,-0.0767131587674905,-0.459740316444671,-0.164535707211709,-0.0919011275237694,-0.121098857681577,-0.126115771234643,-0.0729441252135097,-0.119855072220468,0.569048968141999,-0.380377155641798,-0.213368455238844,-0.232526140039233,-0.219180788149293,0.0738084742361802,-0.025558935437398,0.54070230367244,0.353969422478428,-0.293040362936985,-0.173570738921683
"弟媳-伯",0.290181424701952,0.324747449708682,-0.347667602364031,-0.15298276873252,-0.202434119309277,-0.181023189914102,0.0416996394228546,0.249352068562888,0.480305640129409,-0.0546387435797727,0.0041979077056855,0.189523009607064,-0.00281157580654467,0.145260553539834,-0.144402030157872,0.184208810819704,-0.00579409715791643,-0.189001799881314,-0.331394569552414,-0.0288008014639991,-0.214812339657715,0.256396632021883,0.326141465748311,-0.287829643967149,-0.158179075228709,0.224036831991983,-0.0987306652666197,0.0369911524978683,-0.386663015320739,-0.372671742694196,1,-0.270647905831686,-0.0598756198625181,-0.213580295767315,-0.213074365784328,-0.0754962841182621,0.146451857943864,0.121404702214498,-0.162809757321357,0.421204186857406,-0.464712915009138,-0.349207450425261,-0.0692126245999835,0.0259711055781678,-0.311983302527559,-0.300894927897193,0.508779995894881,-0.0744116497730148,0.181619256169427,-0.3040571651876,-0.303352051048843,-0.0927020826336203,-0.224758235752171,-0.271814017354068,-0.180023837824279,-0.386984346536315,0.0534150926980256,-0.281473308860581,0.0410394193261432,0.00252436040497959,-0.0261960730410136,0.131128234241882,0.390763243654293,0.238061875289285,0.0308592346109461,-0.0300059408640818,0.0518205253598473,-0.21575504560395,-0.310649495306067,-0.081272156246367,-0.323745401853455,0.163665919627436,0.459582711817081,-0.232137039970016,0.137016501643563,-0.237916898715577,-0.221440936719673,0.216362742112622,0.422953531069632,0.0623769775929957,-0.0277656543404618,0.135002952397577,-0.124320875371656,-0.0584981434920149,0.0471341367877315,0.0605266847159426,0.114752979952391,-0.185035074174935,0.560260713869824,0.0192158239724392,0.0323891201435759,0.225233382743032,-0.264519376835953,-0.16714651235731,-0.354166377009521,-0.120764089479503,0.318536431294474,0.40788369975449,0.258052560036346,0.105468550780284,-0.073176196393443,0.142597630885852,-0.122447019799624,0.186945133269679,-0.0954886004090605,-0.198193492184056,-0.209637911411572,-0.30360565363259,-0.200151991634668,0.0464349491655448,-0.115816290039449,-0.0846411054520753,-0.145246911801712,-0.0826883364069514,-0.130277316618102,0.0515789866891819,-0.318535891308484,-0.336025947376489,0.263006684953237,-0.198001224211989,-0.323169228361075,0.0651531665874204,0.00937550221793026,-0.0506817825891679,0.162698774483454,0.377167221864837,0.123144400705505,0.286352099916657,0.364064613524475,-0.101521641017581,-0.24421418541854,-0.252898490059209,-0.221860568112,0.510500701566107,0.48608821962912,0.187850170009992,0.373823295994971,0.238774345123694,0.201367085191402,-0.258345186329794,-0.0208613622681275,0.0544717874179439,0.165778044151367
"夫-妻",-0.277592247696932,-0.515437056186071,0.0479370268019965,0.146794838278623,0.292605555413942,-0.0821676028780811,-0.22770547985314,-0.338551507174482,-0.255526226173279,-0.222551578501456,-0.0564665104594038,-0.163718487045606,0.0981043333331797,-0.194513361889289,0.024049236871512,0.143449962191771,0.390225744372458,0.0971018810939853,-0.00947067546183161,0.125458833872285,0.0389378874423747,0.0742294392627645,-0.0885129150908265,0.0919332610180861,0.06258754617751,0.0463965356837927,0.0489055482315432,0.0368748112396395,0.588873253268021,0.401223113628771,-0.270647905831686,1,0.0460917698769451,0.0850170272631248,0.0976001935627984,0.25768807685421,-0.0159861403823547,0.133792921600625,-0.0106884466969304,0.162280946247881,0.342390891202429,0.131353028614522,0.0259443377681509,-0.209264762861761,0.185023062814986,0.384766297278033,-0.393284424469038,-0.0657653042427211,-0.263810662673047,0.361790952884217,0.340011539979585,0.0258795367772035,0.179119872326099,0.341799483447866,-0.0239370910590162,0.14777705754597,-0.164508176552447,-0.0535007946085816,0.0245283349354733,-0.181739398726905,-0.113979921426748,-0.172465796246354,-0.234180149419498,-0.25215855231693,-0.0737532291449111,-0.132914971421511,0.125065915699633,0.0164573406005892,0.662149077755444,0.51868197284,0.185113225048646,-0.372260306784034,-0.258181330037505,0.16623302353915,-0.427989722171961,-0.0754430175133534,0.00565518438667307,-0.0920490016173708,-0.482387956280719,0.132423281179609,0.344665491214259,-0.0790338375821515,0.0566877440988192,-0.0206685707578304,0.0633395860135996,-0.0664319621279069,-0.247917751906573,-0.0463674380830688,-0.38953565637546,0.0580979981433625,0.0465433516822722,-0.432681022065324,0.146400978550128,0.130747836916236,0.360063340100918,-0.021295242447518,-0.489330794274391,-0.397475652541275,-0.309890397313004,0.0564875449478212,0.184173338397713,-0.13152854550687,0.103115275295727,0.01027325573642,0.185625796139289,0.000947111186579363,0.101223990483759,0.581235025398252,0.0471522769392777,0.00181286064867029,-0.0701653555267978,-0.215739683134318,0.312955283257032,-0.0478637591110571,0.321596570604071,-0.152279607295396,0.349189587301801,0.169457117296824,-0.196745242349536,0.127574530122914,0.151214889182398,-0.151245449980108,-0.207764571617013,0.111919351287363,-0.139711426488896,-0.237439421874637,-0.264622354354877,-0.141143874198951,0.0405836304126185,-0.00703535934168639,-0.00551826882588867,-0.0326872386906757,0.607619694291501,-0.23718139993789,-0.00487546428238651,-0.43595812053477,-0.315909646462845,-0.329078314148798,-0.0808261960619124,0.17182602651561,-0.0724749409433239,-0.121417953001889,0.153657891415214
"夫-妻",-0.207582005166247,-0.253599761644896,-0.179470633971353,0.0537837442964059,0.108458431633101,-0.180389006233464,0.236822023807444,0.0454450645421168,0.0921813789152103,0.0781606297373417,0.0756001613184805,0.138530570471849,0.0448109101569215,0.0897495231142863,-0.173529270412895,0.217141434986783,0.210996113565773,-0.0271041613793166,0.296951825791824,-0.177301140367218,0.339839719184057,-0.00758954775114581,-0.0185603627922687,0.26743126252282,0.423846922375439,-0.15634031553795,-0.0117443032784388,-0.22551941405743,0.113392874528119,0.0790292893431584,-0.0598756198625181,0.0460917698769451,1,0.238810821556944,0.352712703929408,0.0406345088943952,0.225002965461903,-0.0976613592851604,-0.131742743535027,-0.12354044179836,0.136570730352209,-0.0034053448806426,-0.113776057909963,-0.0190100410724393,-0.264737152004321,-0.117352782933208,-0.135292956932732,-0.0551276389087236,0.0282793696765544,0.0742552122373036,-0.168069682134739,0.42301374539533,0.120854868099973,0.0779948171820511,0.145277496078555,0.116824465736707,0.381497512234731,0.392098265328877,0.425730593406794,-0.384893438666028,-0.227164508325667,-0.419566076187266,-0.000887804176026702,-0.238336818616667,0.171617148114,-0.287284553264788,0.0468388573625149,0.0655323431593788,0.0597387996371333,-0.0154561909096873,-0.270131288678994,-0.0805947211514627,0.0525367398638555,-0.21879301082551,-0.297536948259556,-0.353162647556673,-0.270416357639746,-0.328449342213477,-0.228817258551202,-0.0962217192670894,-0.0524108698661605,-0.147210850396536,0.53647305397641,0.294558941856559,-0.259265474591085,-0.0543790270834392,0.150814151228062,0.0294619867157503,-0.136650237167929,0.415516084302468,0.475975423485959,-0.360386448867457,0.140928347512959,0.349965865751819,-0.0255506058398263,0.364548393811304,-0.2729910501625,-0.0938001101975276,-0.0110528757116806,-0.0559171374005212,0.024413608506343,0.256467217054099,-0.124577865022312,0.211913899888877,-0.0916051898209285,-0.293510340087515,-0.262251650375682,0.0772461439002074,-0.181072466956184,-0.304476491379945,0.225477099007214,0.115218192136155,0.00225166067639204,0.189926063356372,0.0325987472967242,-0.494130331203746,-0.075559965729464,-0.279983352813935,-0.401543501936902,-0.174378149268487,-0.273243337509772,0.321062292542445,0.0235860692935766,0.552261931937471,0.161585708820021,-0.0482738984482154,0.475917784411721,-0.319232547645854,-0.269580097469238,0.366468217660339,-0.198064297959229,-0.0493120126651832,0.0440154941451616,-0.086971513155409,-0.0861544270644344,-0.280880838311033,-0.29012500294189,-0.213775830586558,0.352052270975831,0.216052757515099,0.0654164525454245,-0.273283360622776,0.168260045442598
"出轨者-第三者",-0.332548094557806,-0.287793281398146,-0.153902216904812,-0.217857888266794,-0.0319590041991778,-0.112940488069392,0.196048655598773,-0.0177139501889631,-0.155810930518477,-0.181957088860015,-0.0462910628644239,0.0703193158972147,-0.112506457344675,-0.00199173239008348,-0.0786230586023908,-0.218006985082526,0.1955014511119,0.266418543681546,-0.002126636431418,-0.0577584451742958,0.0691991718904673,-0.378926289706466,-0.341594026328015,0.37547293986994,0.236401030008576,-0.154430232354109,-0.190487603467872,-0.335210531319934,0.304862981058206,0.325892755424307,-0.213580295767315,0.0850170272631248,0.238810821556944,1,-0.0315098294974641,-0.0882450798165881,-0.0674293790284405,-0.0120409833856024,-0.0151795224446545,-0.0583292431345888,0.167642517084725,0.187018659565772,-0.00446444397369233,-0.0451110187909154,0.0598993757080219,0.0326758535603555,-0.194104258815722,0.0338688037027585,-0.141357315447936,0.385376130789722,-0.0131291421660034,0.322398690612436,0.650593932999054,0.421673517215358,0.416931295662871,0.413139716671842,0.182535130087677,0.0626063486777876,0.0429611762572753,-0.0059290843649644,-0.147916790371471,0.0286616072054867,-0.353688872301075,-0.271001868145477,0.0450377713420252,-0.23516638576048,-0.244918922853582,-0.275231397076681,0.204558742123236,-0.10330406792625,0.0390637538768527,-0.0800374590200189,-0.127561015644282,-0.0989735726654555,-0.218853250534018,0.0898084815348916,-0.0147722125088857,-0.342673382237244,-0.195532053070312,-0.135130770515599,-0.160884359205151,0.24798859212963,0.0168061452005501,0.0822743136184523,-0.066804898486623,0.30393715949498,0.165654471665165,0.213222717798041,-0.0582755408038971,0.106109597678908,0.18233277806064,-0.252873900563592,0.357842578327498,0.163758153788683,0.334314110914538,0.158030643185345,-0.221187025935861,-0.188063967420728,-0.196837110073388,-0.368189037996012,-0.127983742747691,0.065190673205981,0.222649006149294,-0.115352487590674,-0.117894254366707,0.0761365435674003,-0.0155967564867529,0.143445798307622,0.0463253247517463,0.0127322535493494,-0.149570138014614,0.0450570309093906,-0.132707594712249,0.123345444539561,0.222535016771006,-0.214678352853391,0.0209441557859248,-0.0734745631225029,-0.239861649111595,-0.00904615302614084,0.118977217278452,-0.171948972062938,-0.0879762093455516,0.17087126203841,0.0694468205814063,-0.300305306431079,0.0977133592892023,-0.170449776873876,-0.0116892622612482,0.0250554552958021,0.0156920388779609,-0.00459406821402652,0.155269994979583,-0.273242014489321,-0.413631647313836,-0.215616731228037,-0.157493388553296,-0.167006289453539,-0.063740879069564,0.415535750279052,0.223171456131249,-0.132788225835811,-0.127018359317702
"夫-妻",-0.16155310544363,-0.191108682691443,-0.0529241103171031,0.0670386744770487,-0.195760336917508,-0.281610387024524,0.084849025694007,0.10138709774164,0.0033848602204454,0.201894152450178,0.0560782459072262,0.108251683941695,0.0233446030541817,0.0162564921709793,-0.0881976514228014,0.0417585499457395,-0.0411052365856506,-0.221960984953367,0.559052976155463,-0.158016283996143,0.42586932565723,0.0763775929450708,-0.0379537588046009,0.173208260124428,0.502244156638816,-0.276990956860157,0.0692004942822006,-0.112456155408053,0.0817944416224507,-0.0711173881672478,-0.213074365784328,0.0976001935627984,0.352712703929408,-0.0315098294974641,1,0.148692820339895,0.0849044201445378,-0.341372684894947,-0.141917134379448,-0.348619172080317,0.100180921389596,-0.152127190914453,-0.172966745177095,-0.0996535365421488,-0.0926865873576469,-0.0528667905808605,-0.128593630778977,0.137103093337389,0.295672458461541,-0.00654833283332391,-0.0171700738049464,0.259468872524089,-0.000575014369833676,0.038751618712843,0.0559880706010831,0.0480689460286348,0.268323761389855,0.494341810529603,0.423780960162275,-0.201834492670289,0.107616055142039,-0.287486168903875,-0.29009972762514,-0.143444860540781,0.238202106290795,-0.0794255814807719,0.0654809525518386,0.118719042121161,0.0886256144172162,-0.251644009912068,-0.0739897271456333,0.0503374773027114,0.00949792123731392,-0.0396307155543629,-0.0782956566911895,-0.150881975432252,-0.0541193037694133,-0.129998446579145,-0.167687221719194,-0.130564585410581,0.135501895676911,-0.259631735411964,0.627530963605295,0.562435237625517,-0.223772319086727,-0.00715278997110732,-0.0306120280308847,-0.106892627613932,-0.206404293117608,0.453648197723548,0.213327767221905,-0.153452756786901,0.184393551115665,0.255318610289171,-0.0462801260382707,0.207132089216435,-0.169664175995784,0.0152236397498798,-0.0140088748038275,-0.0654870073018703,-0.282106820599578,0.0531564596389328,-0.159179329748073,-0.05562568537366,-0.0140325693580962,-0.148604483576992,-0.122694833466776,0.0860375556254452,-0.0566126925251257,-0.179396837213194,0.245695383333607,0.161780023945515,-0.3233405857705,0.0133297892499703,-0.269721594219251,-0.281126243552563,-0.116905135563365,-0.0364632085444352,-0.19192406012732,-0.107855295780078,-0.0880861563343244,0.253593587461571,-0.0919188785297748,0.440907279847365,0.0536885360372244,-0.0795991047268964,0.175184247146399,-0.468047252810765,-0.475925610028066,0.582155240404654,0.068850262434072,0.170786524365611,0.0284340919535114,-0.236970564897626,-0.0286398722971313,-0.143593561021002,-0.210211389086067,-0.29527546061915,0.228248955034567,0.0192609053427967,-0.0357073779308059,-0.1477969146442,0.0752416648421955
"父-女",-0.275980318664209,-0.28878482526628,0.241408320022193,0.47941753225071,0.0589977447751196,0.110498253779887,-0.0819711167871429,-0.0790478986730959,-0.158338008029519,0.171598856776718,0.215285842330379,0.00249153236917801,0.613679510496067,0.25185591881252,0.436071678440452,0.329098585673131,0.172986677799571,-0.286061132718111,0.0377485698456435,0.0630194041713315,-0.172415078874527,0.233360223961789,0.193198232573549,-0.245609117419472,0.0558824814647365,0.0842282679141861,0.442428194877148,0.143750808404547,0.144936384633311,-0.15117426379202,-0.0754962841182621,0.25768807685421,0.0406345088943952,-0.0882450798165881,0.148692820339895,1,0.313739430548918,0.0675361924676984,0.352843081829554,0.0563331298966728,0.0944458038384443,-0.256018707923474,0.475120150929506,0.0281990659463104,-0.0806802475861544,0.147198854611479,0.00480834627479555,-0.0495026197052417,-0.256533538440708,-0.0161638713594272,0.0694006249178888,-0.221069748606648,-0.0440921041157265,0.172905622240797,-0.246243346151384,-0.172445217671354,-0.11232672052608,-0.00995185229548173,-0.10263960384422,-0.0529033775964102,0.0862697980967571,-0.0969703933431146,-0.237165746291405,-0.195680338493094,-0.00249973537349031,0.284044566434446,0.150258198584771,0.25584305805865,0.220785031330702,-0.116035959624313,-0.0890027029510379,-0.317435536811859,-0.137090927186812,0.0622756360915445,-0.182584000322919,0.0988321340560875,0.0662666063615765,0.297382757579711,-0.0851631645589841,0.361841466998178,0.559146434069854,-0.238833152287782,0.148039885938481,0.105657456766281,-0.0246678720276926,-0.245058921327556,-0.310383997167518,-0.380411983044159,-0.0331580614208367,-0.060555826715426,-0.0939111690231961,-0.305773889663753,-0.144560508705286,-0.194567505792912,-0.0255736318201153,-0.204339190979781,-0.232904201806244,-0.429437260946748,-0.420492635310751,0.138255805949681,0.0994076628048366,-0.374667011262926,0.00313452184302147,0.35202332248213,0.512451192968065,0.0384195855391598,-0.0198636041826408,0.222141513687017,0.114923347946065,0.0122345366170859,0.0254725868210725,0.266636680304559,-0.0538344407320289,-0.0163403445023431,-0.0507933798135606,0.0599058915408294,0.080492688987216,0.099391043262391,-0.150703554288558,0.0964149812925167,-0.0215065192228016,-0.0852982601058896,-0.0735096722470687,-0.138285472994689,-0.231462740193263,0.0695221002368024,-0.0248841286986876,-0.141795828687457,0.0364350490515849,-0.106409646413002,0.207396669845296,0.218642729275434,-0.0433600693225807,-0.132317005189318,0.0964066354591054,-0.344772224920253,-0.200075208322167,-0.364425679170869,-0.277720996234748,-0.0798493601913531,-0.378550403806261,-0.0266065493194554,0.235770755270797
"父-子",-0.010944600689399,-0.0886834231730691,-0.0490595381956097,0.261235954404454,0.12670068680908,-0.0710303323957323,0.312725311450284,0.149807113570397,0.224725017679969,0.145500024260324,0.439733521214522,0.319998472436548,0.361686190975663,0.56441889985486,0.114056711657322,0.480857583327417,0.0124471538349104,-0.196693481773141,0.00808940093718228,-0.0406290191329066,-0.096383445112757,0.205847815888387,0.124389955078982,-0.172386721342961,0.133553126033723,0.244789062534947,0.283592172073827,-0.261178203619373,-0.233807159312836,-0.297995935378209,0.146451857943864,-0.0159861403823547,0.225002965461903,-0.0674293790284405,0.0849044201445378,0.313739430548918,1,0.153344795075295,0.132703564195455,0.0175883712461263,-0.227718678227316,-0.140792204958468,0.206287017612117,0.148746648556213,-0.287061537253131,-0.23604050425284,0.168331695415388,0.0254785860014755,-0.260588301999818,-0.0455512882843643,-0.176933170280518,0.0771816958168128,-0.112198204675741,-0.0312371058869534,-0.145710369655332,-0.370951264419864,-0.0343896159857652,0.0213360583060867,-0.0394716924738429,-0.0376801446051077,-0.20229034771401,-0.0901181229619219,-0.0142630631086769,-0.0860709138068993,0.304023148544952,-0.252521004094325,0.451430287031154,0.115970352286856,-0.247504175392874,-0.18667340648088,-0.310335376674564,-0.0343943922509102,0.0444651021115701,0.092817650544137,-0.113061875903051,-0.0443445331780688,0.035173459856112,-0.20521185057503,0.078206177013014,0.0597529152841071,0.147100518981088,-0.293957296595715,0.129474664246467,0.0353430753676908,-0.0661745864161728,-0.206194960692334,-0.285307447440185,-0.329590399770527,0.272463830237899,0.0597698408615987,-0.00184076062670323,-0.13706289056927,-0.091508031489058,-0.0811362227750655,-0.277874558582701,-0.110132327401554,0.0111454967662286,-0.150547901198926,-0.116763850862968,0.00459510215960792,0.0859644336722462,-0.266661009127177,-0.432359501321043,0.435141247906852,0.00645308889528724,0.0612286025521761,-0.0528624597642624,-0.0848538888283908,0.136202152638518,-0.00193448307200182,0.279631613117291,0.385135686619946,-0.0117145820326821,0.0186651925299468,-0.0656794629817386,-0.366512300450849,-0.283406079140885,-0.169452317647376,-0.0691957645144893,-0.208976754688611,-0.24251125504255,0.304639748720992,0.42249843873401,-0.080637698286272,0.136219066635709,0.0476527524577175,0.501052951545004,-0.034935917233937,0.0536900634599014,-0.00290536275196266,-0.0195758844666904,-0.0752954915337478,-0.288944609171778,0.301473427519606,0.058668017474363,-0.137221890947477,-0.136906433145784,-0.159509915771724,-0.154441062438941,-0.0159943114350493,-0.297082626926591,-0.0222410951713882,0.560703933244966
"高祖父-玄孙",-0.0315546134583074,0.0466418443736743,0.0902478618818864,0.149145088024254,0.323135740626921,0.348465539320846,-0.151818715310574,-0.0882446533788842,-0.102642968342728,-0.150332982352084,0.000393871629657107,-0.115276797557928,0.207831237509046,0.316752102395381,0.433174735211371,0.33167273825141,0.111636272255346,0.279959006769035,-0.290496354010683,0.0966125643175089,-0.0111437764675107,-0.142752961258951,-0.121175133050544,-0.0558872750708464,-0.126760771407594,0.118828857578667,0.0756844260748574,0.0385577093219573,-0.0239296909485108,0.096803197198347,0.121404702214498,0.133792921600625,-0.0976613592851604,-0.0120409833856024,-0.341372684894947,0.0675361924676984,0.153344795075295,1,0.431301483050128,0.173928481150247,0.0446099116777484,0.0780312135034916,0.239171960545959,0.0555263613267294,-0.268487335034803,-0.0565489618021236,-0.0246543129528248,-0.246938533802311,-0.379249319412398,0.193620019989693,-0.0862830079653141,-0.131624159287684,-0.0562698415166809,-0.105752854173086,-0.0956080857455969,-0.100646931069826,-0.199830375045927,-0.481619092554695,-0.268296657418458,-0.100812252273193,-0.180921608610663,-0.00668575602020546,0.155370106208475,0.242102012016715,-0.0428214237512091,0.00870555759355315,0.0967695306812555,0.0381483083857335,0.0926131998878692,0.313721167057462,-0.255243496744607,-0.194576281122726,-0.258861766428851,-0.118379149479829,0.0612637725542401,-0.0807924160301912,-0.0336989411436632,-0.0473339101959059,-0.114124338204743,0.216907707961464,0.0738168201503624,0.157073439534504,-0.293942875027696,-0.207423642796841,0.0112662205405032,-0.0607647305056694,-0.0445377112891753,-0.18431558844216,0.0506749482223729,-0.0116977794124349,-0.0200544308718137,-0.073823266234825,-0.080416289976938,-0.24538235244745,-0.0655375728999825,-0.224852113296947,-0.0444356618598883,-0.095134907591979,-0.0256027285365731,0.134956999302464,0.527504400149111,-0.137128299579515,-0.102591927908208,0.140602841136634,0.264394656603876,-0.0242312820482624,0.00209187535976731,0.0346374746419277,-0.0399394310051937,0.00133030693297949,-0.107608106989446,-0.0880007283884823,0.375032359992322,-0.0225082908266149,0.387591843817397,-0.0292972054533719,0.0247641387096503,-0.138029031682076,0.148715707530656,-0.0465177490749811,-0.230655794520287,-0.132990285337484,0.205565467060309,-0.255405982750327,0.0674750131145525,-0.0266950295234112,-0.0330727433488634,0.203508476823567,0.283534990363204,-0.231788257117859,-0.143753463391316,-0.23629022816471,0.0706891759022047,0.00946603879538649,0.0152942036942964,-0.0592080400224012,0.0320775561595888,0.049973730744686,-0.139190622771729,0.0906143658303649,-0.0742726389832555,0.0319984717659889,0.334258618346183
"高祖母-玄孙",-0.120872354970212,0.0440015960025741,0.430606464814663,0.397517605462546,0.159860865329575,0.498550949208153,-0.0261613951903416,-0.153294553300294,-0.3033197417957,0.351473216338931,0.195361291739976,-0.0533029281030218,0.370625224150553,0.331190951444581,0.519688943641211,0.268549315802223,0.0889635015040257,0.167445718895717,-0.0949090214463892,-0.139240590756485,-0.153561728629131,-0.0745582348807118,0.0350131221320418,-0.0553636003821849,-0.247299026947442,0.109988950121679,0.463139219396917,0.0239364217039573,0.0713753754056655,0.0613921838929187,-0.162809757321357,-0.0106884466969304,-0.131742743535027,-0.0151795224446545,-0.141917134379448,0.352843081829554,0.132703564195455,0.431301483050128,1,-0.105154247698978,0.160508832031471,0.094616486200308,0.492338708393308,0.342055603847922,-0.0989804160822782,-0.114164853012271,-0.0458361707105198,-0.284474601159036,-0.32404906823658,0.0765926634351539,-0.0555453461410543,-0.192210216932979,0.0112553445661314,-0.0237444710770625,-0.000447485852522794,0.0134358364302591,-0.0522480766931538,-0.218513515310719,-0.318282195532225,-0.15997796466988,-0.193526076116488,-0.185686686078257,-0.0948444302176445,-0.0350831990689977,-0.100386018326667,0.292335043740721,0.0319318439752876,0.154253190987901,0.0501609214641591,0.0493010731944652,-0.0961133997981628,-0.387829775698121,-0.348588555164482,-0.0989899234808494,0.146693193975983,0.0905923265205384,0.0515893514236587,0.00963968546791842,0.0160561045976275,0.453778600966851,0.28956086290719,-0.0404568713871353,-0.179161302356165,-0.161662540856548,-0.23340182546952,-0.148526211700377,-0.227026242837955,-0.280001529210083,0.029452360019273,-0.186626854660291,-0.213385985023469,-0.0467339368096266,-0.142460837458274,-0.30276929283344,0.0584194747996151,-0.135522239879757,0.0472398736516558,-0.252721750667711,-0.321298702549901,0.181997239422718,0.480664112286547,-0.341270403273291,0.00758240407100847,0.196965332955898,0.478160164110641,0.0969023830113729,0.0474121012461274,0.0916830671130871,0.0101249952605538,-0.163760589780143,-0.151393260996649,0.284517651969807,0.240781993402921,-0.101747440438893,0.0597901850748676,0.126827048190108,-0.0154219945246371,-0.0185218735999137,-0.0328369401169753,0.0451347177315616,-0.026711157616959,-0.10827082484034,0.283807423353274,-0.324224799896255,-0.0897994430958218,-0.0686672752247646,-0.00438206512669248,0.115700331939693,0.00371228066006474,-0.280392755781641,0.0737993156680216,0.0559862277727633,0.0297579346289214,-0.200847965389648,-0.00310696844215988,-0.0832299587821843,0.0163517244955901,-0.0884430020177229,-0.355536440193419,0.0210939592218804,-0.12839448180886,0.00127189846043919,0.134730656149819
"公公-儿媳",0.137146542988511,0.0540102812202113,-0.308205942387249,-0.106449855633206,0.189068977110542,-0.22514073033237,-0.230601588735269,0.0140020791884637,0.175084302755069,-0.430715236567012,-0.229283358952877,-0.0707206487710635,-0.103001843863261,-0.0872696431203665,-0.176959097685643,0.000456119478653125,0.18569546817507,-0.0617784705826115,-0.484482609734271,0.179775609813512,-0.268059740765167,0.281425527247691,0.224524700783879,-0.247880540650036,-0.222728043468909,0.321397240819232,-0.0985390693205205,0.00777917413769406,0.0160118801331926,-0.129153987421617,0.421204186857406,0.162280946247881,-0.12354044179836,-0.0583292431345888,-0.348619172080317,0.0563331298966728,0.0175883712461263,0.173928481150247,-0.105154247698978,1,-0.107584179155442,-0.0675659749562073,-0.042445827290961,-0.232026473652586,-0.0434160127243969,0.131896041888524,0.363822977597552,-0.115708886318801,-0.0763740925942619,-0.102456499529149,-0.00549687674338916,-0.108111647987646,-0.0331098858039067,0.0988397376122814,-0.157561669146224,-0.197068055072479,-0.271999412181827,-0.335214436150754,-0.173118535359395,0.136848383680371,-0.0723646213487007,0.284835566816228,0.100184614834561,-0.000524941971865012,-0.228529206842268,0.071836445327081,0.021798841699461,-0.304439330507864,0.0297557328226293,0.190814585051388,-0.0902023593759383,0.00345384422687363,0.130822665232996,0.063600914599199,-0.223135091820369,-0.0600484238679428,0.0354228327673274,0.246627081911856,0.217005361454015,-0.0824990902754147,-0.008795838233907,0.308011577748078,-0.0785689523201165,-0.156026096400377,0.30709988580638,0.0687220001549085,0.0921456657710379,-0.021063597234682,0.259215864610244,-0.0429880068970038,-0.00755159423472608,-0.0562848470271796,-0.169967794033217,-0.173900466790132,-0.0969185995013336,-0.116732963149648,0.149612183811702,-0.0366483451700255,-0.0971539907134057,-0.0733481654263386,0.0970245424752681,0.0189305925562336,0.24804426471797,-0.0338276920717936,-0.0877716587348105,-0.0932345386305703,-0.0998232330156043,0.119808149703694,0.0111423196272202,0.304962150968127,-0.279599075251857,-0.342184079435158,0.0151552687790425,-0.102073357751942,0.136969891978349,0.134752832804426,0.0368919725539302,0.0182230749659684,0.203746917779238,0.0182736298725622,-0.0203466379343282,-0.33679513069695,-0.263325958292768,-0.317800160492192,-0.232627587220867,0.167749495912031,-0.144070545631565,0.434117013820625,0.70301330173382,-0.316013301379105,-0.183677108664469,-0.273263704770208,0.020597745010324,0.296089965344851,0.27940153860291,-0.0579952811191311,0.0859338904943678,-0.0374192518755443,0.0864793631282954,-0.093459038179419,0.00103489854037545,0.211305184924036,0.0279045629543363
"姑表兄-姑表弟",-0.280629554626174,-0.255769745575321,0.360526635847399,0.361512255111708,0.436590368438929,0.191803765317828,-0.172956428530173,-0.391985861598131,-0.384000690622542,0.066146242152003,-0.0714524934288631,-0.275385615308488,0.111933352387524,-0.267413302784094,0.127047713542496,-0.0137309154241274,0.422236502084395,0.240182464807658,0.201247491850133,-0.0716934984739552,0.0512138986183105,-0.166394391894503,-0.0176744719118193,0.2240093191876,0.0328839173978156,-0.151603541913867,0.186504577750966,-0.10778597920595,0.597332248299049,0.59195548233451,-0.464712915009138,0.342390891202429,0.136570730352209,0.167642517084725,0.100180921389596,0.0944458038384443,-0.227718678227316,0.0446099116777484,0.160508832031471,-0.107584179155442,1,0.356670868173181,0.283166416938354,-0.00623313783852726,0.134703915641412,0.320752003339687,-0.442578990942884,-0.372500909834776,-0.108262585170852,0.521236124481692,0.0461870650980461,0.0419681465142408,0.302980399702302,0.377361482674962,0.142831116195518,0.40421963046543,-0.0302803050542805,0.0451309708933465,0.0144519478493618,-0.323903675806208,-0.261712081331646,-0.284407044611109,-0.215423503421728,-0.334572290051132,-0.384282345939436,0.0375102213013473,-0.0376741479213459,0.207954929254713,0.444427649667386,0.361831451308466,0.135001110943293,-0.340013788433548,-0.392546707859812,-0.169658530641495,-0.167558203829915,-0.243053987739073,-0.199035604144245,-0.0429334939900219,-0.203577504098097,0.109644389707332,-0.117682497162838,0.0937803543175318,0.0618616381569301,-0.0540500271611879,-0.157380669881315,-0.0250079026025209,-0.0435120391413524,0.119218862414269,-0.449201064383345,-0.0128443351504802,0.110578752207767,-0.289655737933368,0.040702010303176,0.0485660097922965,0.423759404407446,0.0705751142161305,-0.355030644467837,-0.312721890354924,-0.253624153656127,0.11532611164944,0.261886828378066,0.0123039583066198,0.21931503385535,0.00967877164373128,0.175277615299818,-0.171176469186126,-0.31609470155731,0.614197933956401,-0.177634278721603,-0.294733556154889,-0.175684112405168,-0.0816002535459874,0.275015796273651,0.170528560869122,0.418383514350064,0.0429555260111637,0.350994790732744,0.00416788706161848,-0.320798218809213,0.0192972643144031,0.13463306066646,-0.112057733592742,-0.112427631248271,0.0618892127222736,-0.240513696296241,-0.177065894805082,-0.116448895568412,-0.176536920501752,-0.166949478387987,-0.0626997914018189,-0.13112851878645,-0.0185248208772097,0.561609528318192,-0.248804713988324,-0.0963852983069151,-0.285406496058217,-0.401551379531123,-0.215757056085656,-0.140983328267794,0.375438652033196,0.10586699725952,-0.277962142930921,-0.192470084640622
"姑表兄-姑表妹",0.0308843706695565,9.13186638223231e-05,0.175667938955749,0.0314300140210602,0.547116318938253,0.0908048529925919,-0.0220701637712518,-0.251330703072281,-0.407081001143919,-0.138176301098931,-0.0763524674509931,-0.0494996770736381,-0.239332504862545,-0.156621781142271,-0.171915351330165,-0.221667850900997,0.164194999676934,0.505558454716623,-0.0213834989629598,-0.0925150380573694,0.122964438235249,-0.335403432460739,-0.178032578137702,0.340868541714074,-0.0495528469207235,-0.196388723039933,-0.248168774497173,-0.375152791445719,0.372623934733256,0.390432812903197,-0.349207450425261,0.131353028614522,-0.0034053448806426,0.187018659565772,-0.152127190914453,-0.256018707923474,-0.140792204958468,0.0780312135034916,0.094616486200308,-0.0675659749562073,0.356670868173181,1,-0.023347155675666,0.0469665475764026,0.195866655655279,0.06827033120173,-0.289879234928114,-0.199897245052142,-0.217438353867191,0.359782783731588,0.0594254872789554,0.338954321460859,0.219372710752597,0.139110417369336,0.512018169940338,0.338148021888923,-0.110984385193483,-0.012539358066374,-0.12313780565338,-0.22110656109194,-0.437345442403841,-0.171284188361594,-0.173905613543819,-0.173979925430957,-0.115330246417106,-0.197307383881502,0.0449748499358841,-0.0116434098391913,0.157669319321951,0.325027570291283,0.192270810504249,-0.166391703364492,-0.465100022750682,-0.0506799584382433,-0.092092860052565,-0.0757231802876688,0.000520661161610527,-0.367432984374248,-0.223022218097213,-0.196895705718046,-0.273444769269282,0.197679854344296,-0.0124618350510797,-0.260600812247777,-0.168920324840445,0.104742354604624,0.0634830347897384,0.279330159740264,-0.271844212797095,0.0357986341520241,0.231017541048095,0.0168516416574359,0.233783983076333,0.180154719526899,0.353917117069144,0.197941531344376,-0.0801420568936281,-0.180744798582016,-0.0941069218354529,-0.155267892429147,0.424918319075143,0.0266499293728561,0.13124209521512,-0.173739229368741,-0.21969161923267,-0.0348554884995528,0.000498635544457082,0.308424648415995,-0.0663829042512014,-0.227288708348457,0.029938570466885,-0.121783062632989,0.433766164344813,0.409539033458292,0.551847255035259,-0.1669350311673,0.185635638040914,0.00159715631412571,-0.151252528611881,0.0602500603834874,0.153086695377597,0.0504302414943954,0.127061645979586,-0.15474435990104,0.0535922355985018,-0.368513911302355,0.107963879014726,0.0729195801624973,-0.0533241924749523,-0.153598732009431,-0.24059910191535,-0.186186678321794,0.262413524985853,-0.23886343805025,-0.238647364846238,-0.00720091550227614,-0.202645070382159,-0.0297879435200581,-0.137181389294439,0.280087246009363,0.190038668646537,-0.179536462090788,-0.190747191548023
"姑表姐-姑表弟",-0.255209969748495,-0.0458562012037554,0.502151341857141,0.573107537664672,0.220898626985328,0.34703979349193,0.0525165679924711,-0.109986870084939,-0.136996707451581,0.287295563772611,0.345880930656867,0.0491112608772099,0.614594013979868,0.221325251153172,0.512058622586403,0.284507970813962,0.252129904429898,-0.0917196670038912,-0.106310175570732,-0.000537118686330235,-0.364740458181379,-0.000244932293358193,0.14448067395641,-0.282082355477962,-0.228574389689896,0.165644928522756,0.45939066458242,-0.0701791625315309,0.193793937290263,0.065541213329619,-0.0692126245999835,0.0259443377681509,-0.113776057909963,-0.00446444397369233,-0.172966745177095,0.475120150929506,0.206287017612117,0.239171960545959,0.492338708393308,-0.042445827290961,0.283166416938354,-0.023347155675666,1,0.303063524212483,0.0117686512779806,-0.0460477864523064,0.0131769243431944,-0.316726362657576,-0.263533949688739,0.226220029585869,-0.153707641375515,-0.238931455047237,0.137276104439394,0.141347418939841,-0.0551685761826797,-0.136504538121415,-0.0104338338811215,-0.154164781537084,-0.286321776008684,-0.10170892574876,-0.224639496245473,-0.0497953989438809,-0.2147235916401,-0.225298945123238,-0.178460558951378,0.209316919751975,0.194439850170675,0.231792555011654,0.053684450098466,-0.084045878994513,-0.0225117037569697,-0.324552869105466,-0.200572356171283,-0.179305002155991,0.0460828117325808,-0.0196096759504634,-0.102752352939245,0.185651701407561,0.208228442551384,0.462316453683962,0.220126258193604,-0.0380803292588533,-0.192501699148957,-0.196741901559405,-0.0548495825774144,-0.232489964297859,-0.247926280800485,-0.355908655324504,0.11604545916697,-0.280899026729865,-0.291499205153732,-0.157329670120393,-0.140494649501439,-0.302395982362238,0.103120442481338,-0.147726975257887,0.00405539774745206,-0.361149518658259,-0.359331681033848,0.142216993205785,0.195594414435917,-0.415499185062007,0.0357637605111635,0.489068921499194,0.426571666070739,0.0144242707730009,-0.220285419344174,0.239082466850898,-0.0866820630642967,-0.219271240126113,-0.182153217073927,0.359054658925462,-0.00396299550621147,0.144187525052894,0.115787081532657,0.245906623336919,-0.0064360813010372,-0.115582015088523,-0.0461218486989423,-0.0795652683267332,0.0494543524079366,-0.0507834774009958,0.194534345165032,-0.293706973510259,-0.0694377186567975,0.0749194785316588,0.0616098903622114,0.0343188157405898,0.081604870267084,-0.350520485455692,0.0158583830384208,0.0627540380158688,0.0752610081466556,0.128036880890174,0.0164652855457208,-0.161750263177233,-0.137952430703922,-0.1570750645055,-0.444115427061239,0.0508386594252013,-0.312049746181185,-0.209747086941806,0.096742280030627
"姑表姐-姑表妹",-0.148130989529054,0.00543840220626258,0.259401540748493,0.268746688329286,-0.00821150226191729,0.39257374551792,0.429914014484023,-0.150765997527407,-0.0369674883119655,0.526298125863912,0.471479863434372,0.356913761495144,0.15055299971594,0.172652314493853,0.0537671694851519,0.261179495464967,-0.0928107130379778,0.0559590965700337,0.126191228517785,-0.328331036163591,0.027126376349551,-0.00196033964954128,0.0185505646495075,0.0165824114047553,-0.292196056004607,0.0995220957919565,0.331073664904935,-0.13040032276165,-0.000835508948582226,0.0967830403634463,0.0259711055781678,-0.209264762861761,-0.0190100410724393,-0.0451110187909154,-0.0996535365421488,0.0281990659463104,0.148746648556213,0.0555263613267294,0.342055603847922,-0.232026473652586,-0.00623313783852726,0.0469665475764026,0.303063524212483,1,-0.133282314559629,-0.0703529088269759,-0.0778131996346417,-0.135432869385017,-0.0332612707218566,0.0537890467221483,-0.232850358395704,-0.0259841919875045,-0.104945036992847,-0.252706913266278,-0.0122646944202517,-0.0487118628108377,0.26408910028288,0.0918242435632431,0.0829146192752154,-0.34942144176621,-0.297280396779573,-0.31132555282661,0.119903101505681,-0.0635857094375712,0.109346604190714,-0.0243722875210952,0.264977625099477,0.284238974438572,-0.157515737788542,0.0796059743479143,-0.11706015774982,-0.162723593444706,-0.048411769924521,-0.278074318379527,0.11352509628308,-0.185785133107382,-0.216878284069055,-0.169172416414097,0.172170636285625,0.375759086817977,0.0144343114406634,-0.226176571370719,-0.0863635553652681,-0.0629411442837812,-0.335775217804696,-0.185954587603188,-0.36276327502113,-0.0726860219638244,-0.00936774248268523,-0.00164585767014821,0.0906228182997065,0.00216067322750252,-0.0546513635018229,0.00477939885882714,-0.0929989383593766,0.136732783885952,0.0304489199173358,0.010122718521135,0.0255753469477055,0.230080484382907,0.0783076777263667,-0.258376909903791,-0.334894614215929,0.298677412837023,0.285532707704563,-0.0922138790284311,-0.0871771554725565,-0.279286364929453,-0.173797069147726,-0.396540340129564,0.110143630965667,0.387743229500749,0.0605254641556281,0.134130820668631,0.016418990969261,-0.0367655739886872,0.0206761555886793,-0.306784185755784,-0.0803955502017571,-0.308887271242063,-0.148504226096912,0.181382283179831,0.497925552820294,0.041296860545716,0.305647030351251,-0.198022578210779,0.189228359177545,-0.0904737514780249,-0.161846773339534,-0.147925201179724,-0.0134288050447109,0.0366656448420246,-0.0315433185276513,-0.00333549770692024,0.0467306282908671,-0.0190311730200016,0.226178538136425,0.323112730075293,-0.164446235881296,0.0539695456382456,-0.0878908513225683,-0.388026763853277,0.198857694738531
"姑母-侄女",-0.0792209424028748,-0.171814734470571,0.0653401828946075,-0.0308365214541518,-0.00127160969962563,-0.104976528466808,-0.152245691405619,-0.241323999230719,-0.20596916012579,-0.0448874611226174,-0.175943723950683,-0.17951954908347,-0.119751187757881,-0.341722712903825,-0.13843910229164,-0.231963108353791,0.137043440098865,-0.00484463399373509,-0.0940820310776257,0.255437071229188,-0.168239469797175,-0.114405014077443,-0.0765816747629855,-0.0757992669296763,-0.191597249842052,-0.1415639137923,-0.00960876510577843,-0.119917827955692,0.230188909047938,0.0696515544862676,-0.311983302527559,0.185023062814986,-0.264737152004321,0.0598993757080219,-0.0926865873576469,-0.0806802475861544,-0.287061537253131,-0.268487335034803,-0.0989804160822782,-0.0434160127243969,0.134703915641412,0.195866655655279,0.0117686512779806,-0.133282314559629,1,0.257040262300459,-0.194922881370168,0.182648528503012,-0.0896116776007114,-0.0157800463882456,0.568125203297675,-0.11178865239687,0.141901409360364,0.318376203275457,0.104600697942325,0.171594361097299,-0.104581015531283,0.0873547847388845,-0.133172350794791,0.221204209752421,0.0951514489822789,0.182885226785275,-0.37027902263864,-0.339059501663828,-0.293002435503087,-0.0577241601134109,-0.105163602013236,-0.0657512415857016,0.170510822323204,0.112177847096488,0.939690446668026,-0.124311522445289,-0.111193033794694,0.365000301005975,-0.200605578049542,0.345054598905494,0.318829452650472,-0.0631037623898731,-0.160754246960333,-0.0839134980960678,0.0698821737796478,-0.105777863123359,-0.112719433585535,-0.0408370272191348,0.234027098596212,-0.0774485804255194,-0.190749264547238,-0.0181405566618698,-0.253341335402611,-0.286289324661561,-0.239609857724066,-0.0756277840837372,0.0101380465927707,0.000620049270683391,0.446469813161814,0.0410951932251567,-0.10525251841417,-0.226981010322285,-0.246717338276793,-0.0117867619690302,-0.110706093201578,-0.167517807962945,0.340028475433279,-0.12535015545338,-0.0875625900672174,0.309236280384365,0.248667751736663,0.26658530398057,0.157321358012235,0.223314749571051,-0.105478217537923,-0.0931721274499965,-0.00313235021321318,0.0273458655201194,-0.0565412356992126,0.096218700860499,0.230676581521567,0.554302221852666,-0.111093444016929,0.478358295976417,0.897906713784557,-0.109664329438023,-0.204534012404521,-0.0933638188817629,-0.129419580117953,-0.142385304113314,-0.234339160092075,-0.116428822164608,-0.0605511371928397,-0.0653443515253186,0.214084458581899,0.239684587525499,0.222708445451376,-0.105910524646965,-0.109758397099358,-0.109673316587494,-0.218029622483149,-0.23694947513599,-0.292094010355764,-0.0653248060459649,-0.105934090406358,0.0874079544833204,-0.281011575238992
"姑母-侄子",-0.278691896644527,-0.243762315651824,0.150396205774137,0.00219548645799201,0.176542609149801,-0.092634260962904,-0.100349811916422,-0.41340309961168,-0.298789096347133,-0.10287200209812,-0.143316818453658,-0.239438568710033,-0.0263064286775782,-0.343512701494819,0.0115635980828406,-0.078102014880289,0.136892843444714,0.13297869580191,0.0967857873320159,0.137665985098242,-0.052993671806627,0.0257376194358346,-0.0781124301013237,0.0715505383499987,-0.128102912877701,-0.0331511942395495,0.0757249635906146,0.180674534640814,0.317185592052842,0.235765442622478,-0.300894927897193,0.384766297278033,-0.117352782933208,0.0326758535603555,-0.0528667905808605,0.147198854611479,-0.23604050425284,-0.0565489618021236,-0.114164853012271,0.131896041888524,0.320752003339687,0.06827033120173,-0.0460477864523064,-0.0703529088269759,0.257040262300459,1,-0.258983157693315,-0.0152520451103227,-0.0126423786339658,0.0828972304350773,0.315161145346607,-0.0732185770356894,0.183792208134648,0.319328592864162,-0.00484784767903619,0.285466860412068,-0.169288652271979,0.104658496740325,-0.0588033719035411,-0.0245481393014002,0.00285108452253327,-0.0373970336553969,-0.215972150205947,-0.267795473945603,-0.117917947333948,-0.0195293468979006,-0.0678763909555305,0.0755868944020215,0.317126738679472,0.343405449532104,0.243663218882704,-0.21080566360784,-0.238100892171259,0.163239174867152,-0.252525919044161,0.0366488218718673,0.107009603232004,0.0368870896101091,-0.118499952641196,0.0650267154631188,0.0941574530618218,-0.00117926738529715,-0.049161506805216,-0.0345266268946733,0.12481235872185,-0.0685115543728701,-0.1674733855367,0.184474990807546,-0.278941083418525,-0.0560619617994063,0.0905128327880252,-0.185759834537619,0.0791240168392558,0.0415887549227799,0.335931092526572,-0.0806813798365515,-0.355366879259356,-0.246970693665222,-0.288684817250092,0.0360800387205549,0.0598282560057469,-0.158117459424031,0.196154292242416,-0.0846579459802682,0.184654583850237,-0.0474295484628477,0.0499625534447626,0.26248024456995,0.0342878318352705,0.00400408658024105,-0.0187921747205659,-0.140052789544904,0.171626944804889,0.0380634556060357,0.210132392180165,0.0669535080468032,0.887723842126125,0.281560895312537,-0.108180991511684,0.125719794806664,0.204044401252075,-0.18775191537786,-0.2452886049923,-0.0330931989080645,-0.288241407136318,-0.259436265878484,-0.364151438232045,-0.213562490791726,-0.0135486200852389,-0.178179392680779,0.128639215435018,0.0309028255434577,0.253175227882306,-0.333763417164395,-0.101142762583354,-0.186154361297702,-0.2266994388618,-0.151384019397666,-0.156423795542296,0.18093854722459,-0.0401056978127149,-0.0568208467882538,-0.101901817397065
"姑-嫂",0.353177794420855,0.479893161988124,-0.229594885811656,-0.0961952310044965,-0.239906932525767,-0.185438474590593,0.00950426125423136,0.417654831218061,0.270087294923355,-0.0847861103542434,-0.0934073302635697,0.179631037474938,-0.125378447039251,0.243349084230713,-0.031745353709004,-0.0524540257064153,-0.111192971394398,-0.275307687234263,-0.335439172848573,-0.0564490295137288,-0.289185031461744,0.20301463482295,0.166539347995583,-0.411771524838366,-0.0641955700512329,0.15376615961971,0.0521822532046063,0.0249327384399837,-0.485016026764587,-0.555957175199429,0.508779995894881,-0.393284424469038,-0.135292956932732,-0.194104258815722,-0.128593630778977,0.00480834627479555,0.168331695415388,-0.0246543129528248,-0.0458361707105198,0.363822977597552,-0.442578990942884,-0.289879234928114,0.0131769243431944,-0.0778131996346417,-0.194922881370168,-0.258983157693315,1,0.0131031397171993,0.0674306201093593,-0.412215441149359,-0.324828058366795,-0.171898474181607,-0.172779511474081,-0.178156938074616,-0.0432349064091517,-0.32373448503919,-0.110220406377337,-0.131639046267839,-0.20546886180888,0.273599737830316,0.0130132110948905,0.304103482458262,0.167533085241799,0.251588428354963,0.0836995427886107,0.153767911662075,-0.0381388894139865,-0.158913432518564,-0.497334488595749,-0.361404674395655,-0.230152396011716,0.34907180616481,0.400412565198334,-0.0480168858904268,0.250222289324314,0.0376070915434329,0.0312943140230504,0.269645996126416,0.574471762959234,0.0450189948910497,-0.00257923193263026,0.129325930046724,-0.0529062157267759,0.0451125993257502,0.0188220162809953,-0.155392000066232,0.215298637340776,-0.254573448989231,0.591827179226468,-0.048496403687362,-0.133321075596661,0.364033399896441,-0.134828776951768,-0.143806669774062,-0.375892747133915,-0.0472212452747793,0.638649375889581,0.3538589475357,0.222181254416175,-0.0449936243284109,-0.156365664758286,-0.0142918542543106,0.00646547066988642,0.0810505081373511,-0.185844927501869,-0.123548498677698,-0.133725268450979,-0.337197878436079,-0.101389257828974,0.158902599075278,-0.109140772568163,-0.0121380678235096,-0.197774215425862,-0.0390423939601157,-0.334614651661724,0.193683920916541,-0.349626059320071,-0.0880528640634387,0.426859111061281,-0.123360252751524,-0.169798827982858,-0.0495313622506669,-0.0683810175288999,-0.214571374078467,0.0323463405251473,0.58358573881875,0.0986396132197646,0.259982513088288,0.290858543397576,-0.0276716367254067,-0.16064638576119,-0.19201047938394,-0.41659186433076,0.49605953945808,0.134210220934279,0.366887861329889,0.247857548402161,0.0600163664089171,-0.0188728918508804,-0.438596975537537,-0.209848474825507,0.198880628046793,-0.0101866962193519
"姑父-侄女",-0.036672066595445,-0.140679774849075,-0.310912302357401,-0.251502319345859,-0.307302643836797,-0.237089659057452,0.0934053907272175,0.0598912929282751,0.0267514761599615,-0.211208694592514,-0.100541227600207,0.128080495025502,-0.20301500443603,0.0301520515630741,-0.254454656851003,-0.0895268692001061,-0.236742151069025,-0.218524166884211,-0.0388531517921684,0.439660308366297,0.106064659572124,-0.0136628840039094,-0.243595242735517,-0.0605838846597976,0.144219284050176,-0.173358783157619,-0.122039943097818,-0.0284366202196089,-0.226231273499192,-0.265442168490632,-0.0744116497730148,-0.0657653042427211,-0.0551276389087236,0.0338688037027585,0.137103093337389,-0.0495026197052417,0.0254785860014755,-0.246938533802311,-0.284474601159036,-0.115708886318801,-0.372500909834776,-0.199897245052142,-0.316726362657576,-0.135432869385017,0.182648528503012,-0.0152520451103227,0.0131031397171993,1,-0.0144088242784335,-0.222364147795371,0.432620221098191,-0.0333896234520679,-0.222954695216687,-0.152132391988515,-0.0723229330172156,-0.216597609982014,-0.0744511818246009,0.185325494970618,0.117086897105351,0.476817379260356,0.533593628131086,0.423265812138592,-0.207161635641103,-0.0871976164060886,0.178166938089442,-0.255201537155222,-0.0436705077215515,-0.150628637138713,-0.0702637296898922,-0.202088606070162,0.214590038976596,0.0916218947854586,0.127966717777753,0.617601669015113,-0.245881814646184,0.676062237507397,0.691516794245333,-0.179145105768696,-0.177749057327122,-0.280260908385584,-0.0324768403673993,-0.251841132768267,0.1801100837911,0.271791077199239,0.335636237606232,-0.112345179922692,-0.170572286257212,-0.151665479825883,-0.0908462088105707,0.107961551017895,0.0584805877399702,-0.101350546563062,0.0730651998703409,0.0862851354277317,-0.219807557885765,0.0625875451952249,-0.0792545641756771,0.0548163136897771,-0.0138074552476974,-0.10493051312062,-0.310601163026207,-0.158268371634386,-0.252586552430745,-0.168740632069063,-0.208695667423217,0.54703224081577,0.644703639212897,-0.2646383311626,0.496762921511891,0.511885588082662,0.098367451100212,-0.115767230897852,-0.257434083967207,0.0112559262023091,-0.260929692630427,-0.231086157166855,-0.124068953554995,0.575931742712116,-0.049192960751032,0.50160223497635,0.222309669126691,0.044326854937598,-0.166718133142063,0.125347520566435,0.0766104222133728,-0.0901963148427886,0.00205096281805292,-0.261017374624277,-0.111882860022806,0.279494906276291,0.604955329301727,0.565116872073456,-0.259252720359916,-0.154167232103146,-0.205156610778384,-0.106749444231979,-0.0151568046794762,-0.177911349634832,-0.0604987096057987,-0.193788508006965,-0.180199147451018,0.37017207564924,0.00447450886941892
"姑父-侄子",0.142461483708812,0.275581350130819,-0.139667225521187,-0.207850144691016,-0.346157542932446,-0.33909515846256,0.0776267139917647,-0.0357416203843619,0.178292056527553,0.0964810381363639,0.0588277271415628,-0.00838423155061999,-0.301836850152553,-0.393269325149763,-0.209229027119353,-0.223227819019752,-0.268300532284312,-0.15781857979592,0.239641507452214,-0.0969638390787993,0.102843090132438,0.22581842993777,0.286612944115963,0.0423271784001365,-0.00188400787598024,0.12197639087771,-0.166366267824618,0.185828579761602,-0.0915564211902577,-0.0586246611809208,0.181619256169427,-0.263810662673047,0.0282793696765544,-0.141357315447936,0.295672458461541,-0.256533538440708,-0.260588301999818,-0.379249319412398,-0.32404906823658,-0.0763740925942619,-0.108262585170852,-0.217438353867191,-0.263533949688739,-0.0332612707218566,-0.0896116776007114,-0.0126423786339658,0.0674306201093593,-0.0144088242784335,1,-0.201234875536984,-0.171109545252878,-0.0543225231485925,-0.109089017851333,-0.0695619996992284,0.0281047844118951,-0.0582607401664901,0.270536413865202,0.332456343832417,0.310703842158098,0.0155413681944397,0.218922397312169,0.00620226840389674,0.0280377891734842,0.0714471393345723,0.018800640753493,0.0123761508777192,-0.0681142298295165,-0.124423248845023,-0.203401252632596,-0.260613457170472,-0.0610054504897972,0.161323957695477,0.171531361349105,-0.172497061720529,0.259698081951741,-0.247412729962268,-0.219065011472084,0.0970471817169716,0.371691582656225,-0.165477701749081,-0.196107781391464,0.0485141641462974,0.159371992182245,0.188772578528511,0.075325468041635,0.346245092404212,0.154766317859303,0.256816941607015,0.114301024270063,0.0916511289527614,0.0221971168500855,0.311458355847737,-0.0692542651139711,-0.0194728644560035,-0.178852611930236,0.0282478910036482,0.222435928191798,0.388081421580372,0.196404981331263,-0.10483535335934,-0.42058603359609,0.119514269121302,0.0879574368872356,-0.212864055281711,-0.188438604282705,-0.240638452537395,-0.166151623337819,-0.275670134306341,-0.0318665241242346,-0.102704089822201,-0.0884917283060358,-0.0688528225614091,-0.44680844727546,-0.196688058341642,-0.33402533586894,0.15345612848855,-0.0681479548283103,-0.175350380267691,0.125849296780181,-0.283667862587677,-0.0817424608098443,-0.0759841652490407,-0.269479290910905,0.16622726815733,-0.110582747358519,0.00522908676865176,-0.082252227296152,-0.143704305908858,-0.185281723863165,0.141438072720114,0.0492050580749748,-0.0434306905236896,-0.133992496944856,0.0535741162453577,0.286704430748517,0.320664128852149,0.286761017622763,0.164043891700618,0.370125004543852,-0.00867391814427748,0.281471857076452,0.0637027198215319,-0.255821867449916
"亲家-亲家",-0.416571293189173,-0.368877790330531,0.0688013747310541,0.170352391336174,0.327550735266407,0.018181269853081,0.0913317541375434,-0.132383043495535,-0.176448112119365,-0.145934160877045,0.227786328712955,0.0108832672034126,0.127945515218053,-0.0544222410340171,0.059846417425457,-0.0129027181560843,0.254496322552594,0.36638004111492,0.0279653143956142,-0.0180921217377348,0.0433626403753511,-0.254238443668589,-0.112082939885347,0.360809113564308,0.094790800245927,0.0263895918967288,-0.124454627661676,-0.334578587397714,0.531191228781123,0.624724597346583,-0.3040571651876,0.361790952884217,0.0742552122373036,0.385376130789722,-0.00654833283332391,-0.0161638713594272,-0.0455512882843643,0.193620019989693,0.0765926634351539,-0.102456499529149,0.521236124481692,0.359782783731588,0.226220029585869,0.0537890467221483,-0.0157800463882456,0.0828972304350773,-0.412215441149359,-0.222364147795371,-0.201234875536984,1,0.00163353067285337,0.216942760066485,0.442915674207856,0.300012439681353,0.330204726899329,0.248506702580704,0.117299509914133,-0.0953266455706968,-0.038492228290699,-0.165232778818972,-0.2840570475063,-0.0867878469799781,-0.266786622272856,-0.279112166227125,-0.0324036451228154,-0.267182403140241,0.0148715437998739,-0.199284175470624,0.386463476854431,0.0982408629855994,-0.0512778085807174,-0.368138445047304,-0.291720292984854,-0.178884709110022,-0.217616410422502,-0.0954327333082271,-0.153691703860688,-0.322858539735051,-0.261721020125209,0.0148814341518532,-0.201028092402482,0.298085861823321,0.0547839315956336,-0.154107479705324,-0.102344524773549,0.210228442075236,0.0384022935872034,0.137144761398775,-0.22887018046432,0.0895434930463628,0.159345867478921,-0.391343379207504,0.355650667930401,0.0326126622348466,0.334132395882237,0.018390177200327,-0.335377838664776,-0.31054791891631,-0.259451360172852,-0.196555880528326,0.148394198101764,-0.0674677872929134,0.134897807319963,-0.093334376275429,-0.054507181948117,0.0148163125917075,-0.129845182618609,0.414331633275808,-0.0205055321086138,-0.13024171427334,-0.22775776585924,-0.00145651744232544,0.0297445247011355,0.232560848808277,0.537644195124251,-0.23214505379423,0.153397186993882,-0.164068527631764,-0.314052316518937,-0.0764848359407528,0.0222465036266895,-0.169139385187043,0.0379662957970264,-0.0012556395210802,-0.00671372001375227,-0.350024602507735,0.0676608708008274,-0.128480139480761,-0.0143153016357542,-0.102655224266638,-0.054570304846535,-0.117919670091437,0.474457665167099,-0.267045183105074,-0.13436029565167,-0.410536225840069,-0.252572353878822,-0.164643507241455,-0.108340749866844,0.602503224603336,0.266826983994957,-0.257090326394309,-0.0580920824148131
"继父-继女",-0.17875787359031,-0.340787638280026,-0.0603274737159132,-0.0152825482980565,0.0595333427607929,-0.0879871873949089,-0.228834377330445,-0.346450325701956,-0.248476486712651,-0.265186769034436,-0.164185992447475,-0.231588461518939,-0.0926361214900133,-0.298314744976583,-0.127477393375375,-0.0948517834265625,0.147712373466569,-0.0294836631325171,-0.118853982502159,0.516843444213372,-0.0542337857672298,-0.000525173535226106,-0.125549678057361,0.0638373453258796,-0.0362301116041396,-0.0388943127974633,0.00473081708107334,0.0549947468083,0.240619508219361,0.0919757078942367,-0.303352051048843,0.340011539979585,-0.168069682134739,-0.0131291421660034,-0.0171700738049464,0.0694006249178888,-0.176933170280518,-0.0862830079653141,-0.0555453461410543,-0.00549687674338916,0.0461870650980461,0.0594254872789554,-0.153707641375515,-0.232850358395704,0.568125203297675,0.315161145346607,-0.324828058366795,0.432620221098191,-0.171109545252878,0.00163353067285337,1,-0.110523608932004,-0.0462512552271882,0.199126882957932,-0.04570223304601,-0.0236770835970232,-0.168717156812133,0.0645204496381841,-0.0905581572440206,0.307574203668743,0.335740566184237,0.288627182704166,-0.365445450868968,-0.300430278693984,-0.187206143949641,-0.157588449203565,-0.0686509155934239,-0.12892791280283,0.303347939445832,0.186039691959582,0.588835187974563,-0.288808554671593,-0.200684324512769,0.666263115880682,-0.381319051200539,0.532989946969842,0.625960437766939,-0.117677908113794,-0.407567983649875,-0.0933575828862841,0.0913964310217681,-0.145649473571949,0.0468000398752227,-0.0127058304000716,0.380870590470858,-0.138013913425597,-0.355760110649246,-0.0733914120044524,-0.340525627901415,-0.0822150421330829,-0.117001636998815,-0.282240887986172,-0.0565025550666136,-0.101746852540961,0.211290091229251,-0.128332716553889,-0.335895468167091,-0.295954889265746,-0.307595826709596,-0.00720208761884243,0.0327898760806117,-0.28267487599673,0.0656950479114524,-0.164256531526129,-0.0373380663765305,0.556567343814759,0.602552026378483,0.206159997260005,0.502046007831407,0.441013610407452,-0.0800734704909188,-0.202518846311577,0.0737368743346581,-0.106824463960267,0.0302411808990856,-0.170203491202147,0.300236550595581,0.726821580144547,-0.222983610812212,0.728193813548252,0.553949397279193,-0.15421121413429,-0.240870107875009,0.00319878221010454,-0.185536789698316,-0.255469063743958,-0.296102729956852,-0.170498751193562,-0.0382492208920094,0.00885284766352308,0.535249527336104,0.483523427248322,0.218902867009244,-0.325127200615201,-0.102786886456623,-0.313967194041738,-0.301410646412086,-0.333938844197692,-0.162566701055505,-0.0280846396273568,-0.138548770999938,0.334402129547042,-0.0794886908132865
"继父-继子",-0.195781817605896,-0.235561242667785,-0.172035799529793,-0.266676103125056,0.107811911895905,-0.153372862435231,0.226616561243458,0.125289482232711,0.0102620708319189,-0.059881411153682,-0.0890993613951442,0.185285830406382,-0.231623106275238,0.0610659472157815,-0.3673268865771,-0.185152836334379,0.139722972203456,0.218542652123426,0.290037212584668,-0.209104173912687,0.33309766367327,-0.299160649126761,-0.23125352361265,0.497213966159594,0.471639385272169,-0.22062715735779,-0.258972641352168,-0.405712407493904,0.0913609112208125,0.208531581824946,-0.0927020826336203,0.0258795367772035,0.42301374539533,0.322398690612436,0.259468872524089,-0.221069748606648,0.0771816958168128,-0.131624159287684,-0.192210216932979,-0.108111647987646,0.0419681465142408,0.338954321460859,-0.238931455047237,-0.0259841919875045,-0.11178865239687,-0.0732185770356894,-0.171898474181607,-0.0333896234520679,-0.0543225231485925,0.216942760066485,-0.110523608932004,1,0.199057040196685,0.128342985348006,0.4538646090633,0.177882079669705,0.253228201096126,0.248417152236402,0.374690120530793,-0.235712073432266,-0.395721725456408,-0.300510928165104,-0.103373882249261,-0.261150464020575,0.206218855249947,-0.412923587365599,-0.153864390839631,-0.164700334127455,0.0212215126490725,-0.014343299426764,-0.12308388129439,0.0882828328462408,-0.0762375510564698,-0.0953784746804966,-0.254924993234913,-0.205655430466851,-0.130288217551907,-0.401882543076247,-0.244763763101022,-0.326960820841857,-0.268705173021863,0.0522800658188247,0.356760381461245,0.163828956236,-0.306357312900834,0.203543882440655,0.235097139987485,0.268428801605874,-0.0438783003633215,0.536581328012146,0.529880701730724,-0.123601314748728,0.52107951611602,0.536579016247853,0.158079698557198,0.439692687186958,-0.236976703757358,-0.0520551004567138,-0.0261570879184872,-0.249814065757817,0.0161498897278737,0.271992216576234,-0.0885968653611566,-0.0318453552689917,-0.391501674158112,-0.102253439172992,-0.104616006210861,0.102606497192391,-0.171701691711367,-0.240539487426606,0.242555444405556,0.110529801989263,0.0921888225515209,0.147355825744903,0.230676246334162,-0.449411872700126,-0.0577231398648,-0.243267727431449,-0.369053807129982,-0.179716313142155,-0.17386358532181,0.200333048243533,0.21671841093379,0.369112483822178,0.228970426340756,-0.353158289770801,0.346809162906788,-0.0767070626134889,-0.12321300920424,0.313149380363286,-0.315300687139343,-0.243081519089524,0.0367585213354963,-0.133535730210274,-0.276754044106332,-0.1311393677453,-0.252578213098986,-0.0366703889202462,0.311836946343526,0.218534599143648,0.227327432220194,-0.28038836864072,-0.0658584646201582
"继母-继女",-0.295657559561923,-0.192295874406213,0.00829293546006841,-0.0449760840895598,0.0911969572284202,-0.129706770951643,0.0715020142398526,-0.105256235091366,-0.237205285641047,-0.091757307802378,0.0181474347726441,-0.102717254401872,-0.0322412060891488,-0.114210912471943,-0.00838824231730159,-0.247233882093454,0.371873900003462,0.306531093164614,0.00671455085943232,-0.122672836574307,-0.110932787605713,-0.220170152313426,-0.131064342987891,0.206961707222213,0.0587689527035655,-0.0554384600152319,-0.0666899023808437,-0.280884882831535,0.415375209622931,0.33494841776289,-0.224758235752171,0.179119872326099,0.120854868099973,0.650593932999054,-0.000575014369833676,-0.0440921041157265,-0.112198204675741,-0.0562698415166809,0.0112553445661314,-0.0331098858039067,0.302980399702302,0.219372710752597,0.137276104439394,-0.104945036992847,0.141901409360364,0.183792208134648,-0.172779511474081,-0.222954695216687,-0.109089017851333,0.442915674207856,-0.0462512552271882,0.199057040196685,1,0.637606990011441,0.448603473898572,0.5756102984596,0.178988304914114,0.133846363173944,-0.105117230056543,-0.0340917870208339,-0.237350449721498,-0.0598765325579912,-0.417409284158907,-0.340722636975887,-0.0604338280308405,-0.155047675796775,-0.257466079790988,-0.238150151494939,0.203745321346184,-0.0754330445008289,0.0858345278541698,-0.2023961691014,-0.171399839998074,-0.165454538877337,-0.147682247932594,-0.045054603530848,-0.149930914597416,-0.23200907287846,-0.0552516634502819,-0.0613163404462336,-0.0427415366899662,0.288449950539345,-0.0133157196920938,0.0240764804834758,-0.0667043311131043,0.165413808959564,0.141669240908628,0.179906289676092,-0.0276481042651415,-0.0972881881252917,-0.0718331582413652,-0.175325996568564,0.334644198318349,0.0801207947660954,0.558291179676904,0.0511234453420127,-0.146444380725484,-0.239868549655678,-0.280992091639889,-0.27370173002429,-0.0581666827124,0.0204065113747574,0.456663102376706,0.0112993840265938,-0.0674665532534238,-0.10738921615262,-0.205351725310686,0.315927941036509,-0.109479717977949,-0.108920415545848,-0.165726873303239,0.0524282020821569,-0.0870516254047238,0.124083907061181,0.174973094780986,-0.0566491075968669,0.183995853486706,-0.0903620276358549,-0.258112781841446,-0.100789516104722,0.180971766172997,-0.127681294392438,-0.113313601018463,0.0254389481208058,-0.0297162844091915,-0.199406302980502,0.0191697963599861,-0.120018903466454,0.00743154221837872,-0.0502762212765851,-0.179929788854104,-0.173508838482015,0.250531204268301,-0.195885965170631,-0.259655044641595,-0.162283265285674,-0.26213364413066,-0.250133693021064,-0.190670512272746,0.454137189874152,0.161385605473329,-0.250649230277155,-0.254501962503188
"继母-继子",-0.343170488990372,-0.338511655406976,0.0313513155356811,0.0448049859266516,0.175695171783013,-0.249143890016323,-0.14979531682046,-0.270144858200861,-0.324189478034999,-0.125487109995914,-0.0293696944792625,-0.243017281807068,-0.00644842779593091,-0.283922411630995,-0.000951376616431913,-0.199746819944719,0.432105595283789,0.0974964823863508,0.0301797851179401,0.155253079861798,-0.171713543602877,0.00557416175483484,0.0671091456829304,0.126212081625792,0.143649240719397,0.0759140473518873,0.109179072723734,-0.0972976592367212,0.434140374445303,0.310271458099137,-0.271814017354068,0.341799483447866,0.0779948171820511,0.421673517215358,0.038751618712843,0.172905622240797,-0.0312371058869534,-0.105752854173086,-0.0237444710770625,0.0988397376122814,0.377361482674962,0.139110417369336,0.141347418939841,-0.252706913266278,0.318376203275457,0.319328592864162,-0.178156938074616,-0.152132391988515,-0.0695619996992284,0.300012439681353,0.199126882957932,0.128342985348006,0.637606990011441,1,0.236960530860526,0.384509906567175,-0.0565622822909455,0.173395002510329,-0.0458376887597784,0.088109920912335,-0.103881869945462,0.0440344388047125,-0.513447466182116,-0.448289854141306,-0.172329902909198,-0.120215451782357,-0.167262393894008,-0.187537621700127,0.270174884111157,-0.0217163381626986,0.247816912627149,-0.254329054980991,-0.290246557636875,0.139331977530001,-0.283993949410354,0.0213425526222169,0.0351973916364411,-0.122055562153808,-0.157826430428187,-0.0290587037105083,0.0962430845640639,0.105516752879532,0.084559469380964,0.0778127026124812,0.15680069656589,0.0827260833819586,-0.0757799474371957,0.0964774972662486,-0.0742553464854648,-0.0805365360793013,-0.128073436683495,-0.244758811834983,0.158253552538969,-0.0156402587656859,0.539145054269044,-0.10732152157456,-0.264776439672906,-0.347404255138386,-0.410948395000102,-0.189814160258412,-0.0395469091368947,-0.173444476163408,0.500627951685669,0.0342458640366122,-0.0821326306442458,0.00255255730498352,-0.138520607918574,0.438993629939971,0.154332757992257,0.0850909136002277,-0.135119850115705,0.0314475248894371,-0.103034025169993,-0.0125676331193578,0.142721735646006,-0.06534133575254,0.231834035075463,0.151956363326872,-0.303327623881691,0.077131039039734,0.348953455682163,-0.3386045433841,-0.251949784122305,-0.0445751791581086,-0.292414803400935,-0.202102207544397,-0.0648962979845149,-0.190151630638973,-0.0365951704731543,-0.0853938160204582,0.00325367294583256,-0.0992101310242194,0.302452038653911,-0.184660190370001,-0.110674372689323,-0.245372062583935,-0.477839927290853,-0.41226561918029,-0.226963546356157,0.322302569388081,0.0205371913900662,-0.0639975578112131,-0.209606008200734
"继外祖父-继外孙女",-0.157093945026883,-0.0707500755577061,-0.0343524324499125,-0.214702977083408,0.0961617665045626,-0.173502604178129,0.175294480349395,-0.0656672374650986,-0.214458017382905,-0.10280439884677,-0.0207066487607863,0.130726984465093,-0.293723802552783,-0.163126940252036,-0.218861560994086,-0.350270397091785,0.211224892352176,0.346089365553133,-0.0518875130135285,-0.150413337056027,0.0187405266770334,-0.280847536329124,-0.195453772087186,0.327686808607134,0.122075397144371,-0.16960945683487,-0.214732094558049,-0.410838525871017,0.330980348261777,0.256876091957389,-0.180023837824279,-0.0239370910590162,0.145277496078555,0.416931295662871,0.0559880706010831,-0.246243346151384,-0.145710369655332,-0.0956080857455969,-0.000447485852522794,-0.157561669146224,0.142831116195518,0.512018169940338,-0.0551685761826797,-0.0122646944202517,0.104600697942325,-0.00484784767903619,-0.0432349064091517,-0.0723229330172156,0.0281047844118951,0.330204726899329,-0.04570223304601,0.4538646090633,0.448603473898572,0.236960530860526,1,0.372613805581376,0.290897617616407,0.169363939022406,-0.030300028385675,-0.0678798356068387,-0.298162574576962,-0.101090151127673,-0.310438078393439,-0.215740423921998,0.103668404050722,-0.248912016566178,-0.213937948945786,-0.286825620502306,0.0365256945661274,-0.0572574764106088,0.0834848684947028,-0.110843735190735,-0.196436731988644,-0.142545874558014,-0.0686324199420009,-0.0574619855595958,-0.0561854061960297,-0.424622023526968,-0.107726046589224,-0.186726010031466,-0.192501528095373,0.259682452346992,0.159360431237496,-0.0118075583582623,-0.19270277900965,0.19026408592512,0.225039219572794,0.15694954450764,-0.0391104568073861,0.196539801258663,0.289998674163473,0.0290834825163487,0.497105961764956,0.176908074612768,0.293873188848906,0.225106408526325,0.0290076716643666,-0.0193153952886307,-0.0990372746411663,-0.275483559124045,0.0593946948071348,-0.0257990941666617,0.247504175107948,-0.134241255951781,-0.284456921960209,-0.0791036199984428,-0.0450605831545378,0.161749581920716,-0.102743579638902,-0.20496630644226,-0.0407919383537451,0.0227446764595893,0.0307237344785596,0.279963171570513,0.227869204337937,-0.213555423160954,0.0368964060682091,-0.105468383144436,-0.11400838817437,-0.0964633930644771,0.0921555363843339,0.00812523444624006,-0.0344380762004614,0.0381833617396874,0.194288821034275,-0.27237747139496,0.151508998284479,-0.136928643172472,-0.0894269045087612,0.0750061982039324,-0.180986539633936,-0.19460346030144,0.124310546041896,-0.200940885476522,-0.275713584066142,-0.00378368638922256,-0.211112078077954,-0.165748199795271,-0.0769593213428485,0.387360547791906,0.111386247755418,-0.175801561050002,-0.286532263340039
"继外祖父-继外孙子",-0.0973971388564898,-0.0890772317105446,0.218138961616493,-0.155048679806668,0.0944468819881703,0.0941939233223927,0.00436010699149218,-0.221821487949551,-0.434475124520502,0.0299579467685271,-0.18351159007165,-0.156961711674719,-0.243007052731668,-0.283590849992164,-0.0345335284421562,-0.359461294326059,0.176493247726161,0.432075045593085,0.208250565756483,-0.262430912420526,0.0852161351222127,-0.336524733783994,-0.247393574089393,0.383795058724337,-0.00290627373793891,-0.296357194218619,-0.142318563114263,-0.0743339580056615,0.332238130421485,0.444950481789441,-0.386984346536315,0.14777705754597,0.116824465736707,0.413139716671842,0.0480689460286348,-0.172445217671354,-0.370951264419864,-0.100646931069826,0.0134358364302591,-0.197068055072479,0.40421963046543,0.338148021888923,-0.136504538121415,-0.0487118628108377,0.171594361097299,0.285466860412068,-0.32373448503919,-0.216597609982014,-0.0582607401664901,0.248506702580704,-0.0236770835970232,0.177882079669705,0.5756102984596,0.384509906567175,0.372613805581376,1,0.0516168704482124,0.178115688648628,-0.0163432796153445,-0.215552746934269,-0.225612323634635,-0.282740563019833,-0.132423225420303,-0.126281130694433,-0.101897688575358,-0.0369874313084905,-0.353547845389351,0.0155378194734361,0.191288147483279,0.167216176388623,0.184161715108777,-0.0342528359980479,-0.277614533783616,-0.175649628003386,0.0345113572930208,-0.106644764663123,-0.193028290736918,-0.168608629259069,-0.233672368842204,-0.0697012828934869,-0.0305094978216045,0.186679893390801,-0.0270996327177866,0.0410644607349322,-0.278767245254036,0.159680639344336,0.117515581795133,0.35215762560348,-0.321945974641763,-0.034787022067649,0.0908653338761258,0.0283324257434235,0.261025692805531,0.206303964782413,0.541520973665659,0.115255845505645,-0.208383674719087,-0.0151778149598169,-0.0171688797134467,-0.0442266918947468,0.0294899844076285,0.282402870242258,0.352826560109487,-0.293913113083767,0.030840094760121,-0.132893440447182,-0.108962841888615,0.202004740186473,-0.188830949704553,-0.264492799387796,-0.0469648854595273,-0.0452910610145459,0.194739731624079,0.0588340983919247,0.158224838970663,0.0516067989824294,0.311328656045607,-0.0768054098518846,-0.268507208122737,-0.0613329742212145,0.120036431382113,-0.0761771786871538,-0.0445660185626627,0.12312666279633,-0.0191737643030316,-0.268996163343054,-0.138369920611357,-0.0796827092846305,-0.205356378724052,0.0531467262372049,-0.174869067707482,-0.143110046110756,0.292388381075658,-0.400633158640709,-0.270866998587246,-0.0233028810227278,-0.129454568188828,0.0469689478765383,-0.11288168367435,0.305589319110948,0.287529309179794,-0.294532201856875,-0.337302178857266
"继外祖母-继外孙女",-0.179286833733184,-0.0651537700656016,-0.0462836950959755,-0.0134344046889401,-0.246579475299985,-0.0681628093604814,0.37779372003444,0.0796802366376319,0.297384399498961,0.34233067930762,0.299862687513774,0.231084121447808,0.0585439624451173,0.034202188693041,-0.11672243312098,0.153757169782288,0.0437062876246337,-0.0260989520398519,0.200864230435662,-0.35875590165585,0.237267154473321,-0.0597995025666785,-0.0612177351264865,0.141774766903786,0.121356909688193,-0.170567797664406,-0.0464719002094194,-0.119054479622036,0.12863386031471,0.151984761428926,0.0534150926980256,-0.164508176552447,0.381497512234731,0.182535130087677,0.268323761389855,-0.11232672052608,-0.0343896159857652,-0.199830375045927,-0.0522480766931538,-0.271999412181827,-0.0302803050542805,-0.110984385193483,-0.0104338338811215,0.26408910028288,-0.104581015531283,-0.169288652271979,-0.110220406377337,-0.0744511818246009,0.270536413865202,0.117299509914133,-0.168717156812133,0.253228201096126,0.178988304914114,-0.0565622822909455,0.290897617616407,0.0516168704482124,1,0.361620299041344,0.277372308839625,-0.331907256488088,-0.179476613780971,-0.317329340202074,0.0137117825618683,-0.152732404027912,0.20941710830633,-0.147963937535106,-0.0186170538008739,-0.119710470210344,-0.015223428869794,-0.213733348095851,-0.122316087052717,-0.131505536949091,0.264076687660498,-0.425636506391893,-0.0682600903051439,-0.306619449067674,-0.409516152763148,-0.221441109023163,-0.0577065632339579,0.166095596320282,0.0138263934195195,0.00862482518991049,0.196862927764377,0.256121976242217,-0.382666204166041,-0.0500938801644841,0.116809614036171,-0.0660201546886055,-0.0447862996016489,0.249772706471424,0.168696817302239,-0.116371560742583,0.228661975414095,0.0888328368615579,0.0887466276082166,0.224669586358851,-0.0485492729556222,0.15541834619323,0.157312719297515,0.114547094604736,-0.180681289088907,0.0929925581572052,-0.0454051799286007,0.163281332796913,0.0274670788773911,-0.309767229703941,-0.255431045380572,-0.121575841211971,-0.276495130521321,-0.348242829945471,0.0388595897227031,0.290790452102801,-0.238706352099211,0.124706943046242,-0.138914723799701,-0.267183006133883,-0.057693294262344,-0.368554217614463,-0.284512278197655,-0.194786177295859,-0.132087000045794,0.28960241138281,0.0342783045075522,0.500786015520395,0.38511926436806,-0.0924416431458991,0.25962780821201,-0.310909827902296,-0.212569142643267,0.271301886769823,-0.155725689661621,-0.0589253386032523,0.0751030745119779,-0.145871628271403,-0.0294269913889697,-0.155776886265806,-0.000770817233708488,0.0617514200422846,0.207269617258555,0.218607461512631,-0.0133505335763774,-0.419179304195009,0.0599235067050521
"继外祖母-继外孙子",-0.133925094514056,-0.139484055738649,0.0316787100831386,0.0628470542272783,-0.094111771536746,-0.223084517369382,0.28420728542366,-0.105251009019064,-0.160063749814231,0.154795706283829,0.155793084611325,0.113559291379396,-0.109871841286255,-0.105855065941913,-0.229234472044786,-0.103335292120042,-0.00298591151774154,-0.169504709488999,0.466726784087785,-0.189328725685566,0.25827143225912,0.178089384955721,0.099068742917153,0.137170457614464,0.251995788971466,-0.0544713093832368,0.10792378970897,-0.0798201357289641,0.162158831238895,0.00835410324465365,-0.281473308860581,-0.0535007946085816,0.392098265328877,0.0626063486777876,0.494341810529603,-0.00995185229548173,0.0213360583060867,-0.481619092554695,-0.218513515310719,-0.335214436150754,0.0451309708933465,-0.012539358066374,-0.154164781537084,0.0918242435632431,0.0873547847388845,0.104658496740325,-0.131639046267839,0.185325494970618,0.332456343832417,-0.0953266455706968,0.0645204496381841,0.248417152236402,0.133846363173944,0.173395002510329,0.169363939022406,0.178115688648628,0.361620299041344,1,0.409067054116784,-0.0891068093079432,-0.052464407245796,-0.267792957000959,-0.362221163897448,-0.371496418294305,0.13318622168023,-0.181768821920091,0.0791432063668519,0.0518587352579538,-0.0100789534819313,-0.165765973684766,0.0727387603460849,0.0112388377231252,-0.0510120504111132,0.0460912901614522,-0.191205982971363,-0.0397241864724273,-0.0285765587433794,-0.243158322295191,0.0131864547633013,-0.146586180720892,-0.0174418689916625,-0.338674953570332,0.503160945217392,0.425472342160415,-0.187816863999156,-0.152997802184975,-0.178038658678654,0.0923292154616835,-0.215178735671339,0.266299702523588,0.0945135725210095,-0.0887995551263161,0.233847441140251,0.344517849888057,0.0633983189606597,0.331400383830054,-0.136630386897993,-0.0151229913666247,-0.0774833454609124,-0.0374120651740571,-0.324449372319887,-0.1008578469706,-0.0787643505680044,0.04479021493921,-0.117884661937025,-0.08332545833417,-0.0449118936692555,-0.0918247206279614,-0.0173972496488988,-0.226495990709635,0.294403381926067,0.233656730006018,-0.218226209041641,-0.00238526876213362,-0.305862846671172,-0.198696658318585,0.0224452693332897,0.0762898002037554,-0.382907990340106,-0.0932950384096184,0.0793520827071592,0.303130216333439,-0.0466835290688328,0.499725693768014,0.0646401665645714,-0.247201503326099,0.273938962399678,-0.467424180317841,-0.454809121230494,0.430146495258523,0.106383074850005,0.121412911426294,-0.0671724630585332,-0.249674053561273,-0.0929846310116876,-0.0274253838454836,-0.147285049699629,-0.105947369408476,0.0891475305722493,0.00443932857802889,-0.116639039852111,-0.276698991138914,-0.126665718379209
"继兄-继弟",-0.209814253371859,-0.261688377534909,-0.195102289655153,-0.156753361901001,-0.219627972986193,-0.287524249026448,0.143478013890892,-0.0580160637259919,0.0392320064242776,0.0810918724835066,-0.0466562669048666,0.148497609799499,-0.127940479657073,-0.0314160187725528,-0.298571723240571,-0.00344549023074538,0.0519408225101731,-0.198533303129385,0.523842761446854,0.0116159693327681,0.544237577904732,0.21694268868687,0.131442689876595,0.235221961498598,0.37122853407656,-0.0131545405480526,-0.0332305877768702,-0.0557397170078488,0.0672249991234307,0.00428250094593025,0.0410394193261432,0.0245283349354733,0.425730593406794,0.0429611762572753,0.423780960162275,-0.10263960384422,-0.0394716924738429,-0.268296657418458,-0.318282195532225,-0.173118535359395,0.0144519478493618,-0.12313780565338,-0.286321776008684,0.0829146192752154,-0.133172350794791,-0.0588033719035411,-0.20546886180888,0.117086897105351,0.310703842158098,-0.038492228290699,-0.0905581572440206,0.374690120530793,-0.105117230056543,-0.0458376887597784,-0.030300028385675,-0.0163432796153445,0.277372308839625,0.409067054116784,1,-0.265949574993933,-0.0457037487151855,-0.264007119299142,-0.0418702335905126,-0.147868100642967,0.145249332262515,-0.222203814181647,0.0798488407338538,0.035458231968355,0.118676818259403,0.0484153936738411,-0.126676528367905,0.061866616289066,0.0588314552479341,-0.0542170932885937,-0.26587154738823,-0.299519587060756,-0.179376477559127,-0.164655862857514,-0.152678188241643,-0.219679496786647,-0.16102616044432,-0.295504365642725,0.404912392977603,0.395775707569099,-0.089090172244287,0.0829894793040242,-0.0519676982292488,0.156814037400087,-0.156673653771641,0.549740379353057,0.473075591771874,-0.110212792150637,0.150801668465901,0.431524370169297,-0.049603300180772,0.348093473141326,-0.279025275183041,0.147835167048629,0.0598557160283469,0.0624111702352566,-0.206154527011042,0.166507022174881,-0.242970584336684,0.048008067214905,-0.136857117666064,-0.145074198676876,-0.135328841559531,-0.127931136775554,-0.121470419656704,-0.193264309583419,0.162522085332928,0.00571497601350688,-0.15892049339567,-0.0642568904246093,-0.085091188487017,-0.25236934951012,-0.111863131077438,-0.138059030383907,-0.318245665050374,-0.231243846219721,-0.154286965541005,0.154098712855508,-0.0793032215497743,0.556747696075721,0.0426773861931579,-0.227619961812723,0.21572184171553,-0.269067841027866,-0.290885884894663,0.482000601326656,-0.0489399613181555,0.0288542800473031,-0.0247176197052673,-0.0734582701770544,0.12173257418,-0.135727325652638,-0.0242454465288519,0.0166352159896628,0.479554705206268,0.000797432598392429,0.0818579106707943,-0.240458703552691,-0.0480064980232445
"继兄-继妹",0.0323258903840895,0.100444421654594,-0.223318060441315,-0.288469100767479,-0.259451148568039,-0.228707733524691,-0.137631421180345,0.155846735438754,-0.00279487380719854,-0.413820338258083,-0.17169855033034,-0.207718096898047,-0.166804103635741,-0.0425311456337227,0.0465502850411127,-0.362397503816444,-0.195914279532819,-0.129311144737137,-0.305983431122796,0.536687002916425,-0.335328216877303,0.110766267495237,0.0350717059634394,-0.221992226096499,-0.00696587797077411,0.24480116494201,-0.0425426407906833,0.170342601250828,-0.282717519844581,-0.295712676045524,0.00252436040497959,-0.181739398726905,-0.384893438666028,-0.0059290843649644,-0.201834492670289,-0.0529033775964102,-0.0376801446051077,-0.100812252273193,-0.15997796466988,0.136848383680371,-0.323903675806208,-0.22110656109194,-0.10170892574876,-0.34942144176621,0.221204209752421,-0.0245481393014002,0.273599737830316,0.476817379260356,0.0155413681944397,-0.165232778818972,0.307574203668743,-0.235712073432266,-0.0340917870208339,0.088109920912335,-0.0678798356068387,-0.215552746934269,-0.331907256488088,-0.0891068093079432,-0.265949574993933,1,0.515478261787943,0.811721480379177,-0.186674001486248,0.0689014624663019,-0.0518146263632021,0.046618708221544,-0.278997032906562,-0.374601519003116,-0.260627813929197,-0.353266880251057,0.16681217031031,0.166047592084237,0.0335014967935177,0.578044044169577,0.0440004902910777,0.677365596319477,0.589719832761468,0.0863618047818794,0.184144342353152,-0.278989167755781,-0.110755305150801,0.103320589379491,-0.2211036771344,-0.0537500636825751,0.617982235201244,0.0779766362797668,0.0216706339862316,-0.0236728335064108,0.28795666742612,-0.279474063028376,-0.344002770816848,0.136680029171404,0.0179957391008058,-0.206164169963711,-0.162323222667221,-0.293004125379859,0.222607675870069,-0.0342499122396812,-0.148174150841897,-0.322859318432748,-0.275850372711873,-0.236008291487592,0.138210652301197,-0.222381767917658,-0.328007110146764,0.56129733364938,0.455598571922718,-0.209232818777908,0.583459439593427,0.788801400078805,-0.154966268097312,-0.136042268722152,-0.328559174068593,-0.248030248134657,-0.271457463149309,0.207764802043424,-0.153546519752454,0.511367061082627,0.20137966228053,0.307940838202803,0.295884890876378,-0.372753383934997,-0.258303655337779,-0.367242682458242,-0.28984577593384,0.123624154955291,-0.17795306534253,0.154840942094169,0.244895658655616,-0.11200401184108,0.459315269196389,0.210488428624178,-0.367464476802785,0.127905118205927,-0.0910310722341944,0.151915585664072,0.0469547304735644,-0.119705335839644,-0.191199607592649,-0.205485033034477,-0.100632488894633,0.620676806365091,-0.269645021755433
"继姐-继弟",-0.00546527086857718,-0.010539960338989,-0.234250368634311,-0.210909999771948,-0.442084658270327,-0.135229953679542,-0.315891180642125,0.0556623949880108,0.141593152934794,-0.133202106857721,-0.192538077895009,-0.275901040095852,-0.0157947125966355,-0.176031655167085,0.110509385700328,-0.0978353437337336,-0.250692939905229,-0.241422198452779,-0.0171784851774416,0.431377045014824,-0.0390854758371792,0.116152601562303,-0.0131469572362417,-0.110194412127233,-0.0242267629058711,-0.0306468147412161,-0.133446658293088,0.324857490119224,-0.242837942106591,-0.263936971302468,-0.0261960730410136,-0.113979921426748,-0.227164508325667,-0.147916790371471,0.107616055142039,0.0862697980967571,-0.20229034771401,-0.180921608610663,-0.193526076116488,-0.0723646213487007,-0.261712081331646,-0.437345442403841,-0.224639496245473,-0.297280396779573,0.0951514489822789,0.00285108452253327,0.0130132110948905,0.533593628131086,0.218922397312169,-0.2840570475063,0.335740566184237,-0.395721725456408,-0.237350449721498,-0.103881869945462,-0.298162574576962,-0.225612323634635,-0.179476613780971,-0.052464407245796,-0.0457037487151855,0.515478261787943,1,0.493691226154261,-0.00661206078815276,0.18786435886307,-0.0894414950414541,0.237016779073023,-0.199604696226351,-0.0183367309445728,-0.0599218427401899,-0.25245748172023,0.127919225415257,0.096075110842604,0.106564386186825,0.367340188458947,0.0347544468947977,0.448745039060405,0.396130197713851,0.250685977554967,-0.0321092540687559,-0.141529477426522,0.064301632540636,0.0620647262758688,0.00153066688136042,0.107676063925891,0.491180760312805,0.115737947757515,0.0377982906699866,-0.0232641948301768,-0.0137405445521159,-0.144376492252521,-0.217956290559829,-0.0317551131819741,-0.264859531153943,-0.29747131582339,-0.239004843844806,-0.308729070865405,0.0665181147166988,-0.0379263184894047,-0.0230748430788638,-0.111244679794393,-0.321202691114037,-0.0683629230567281,0.0905386207406977,-0.180045879262971,0.0236498652725642,0.360971486330949,0.410925046902292,-0.233680674010251,0.395790596032917,0.514610174774674,-0.0730759008004681,-0.167595267028117,-0.395193168931097,-0.148093463281669,-0.317258603644725,0.155140023076221,-0.0432972980353593,0.417463417292372,0.181621745062481,0.364049810287012,0.141552776130097,-0.208261712244318,-0.337830179731641,-0.10818795002679,-0.261762742792447,0.186156192578206,-0.334312652708359,-0.0518764925543911,-0.0716795950803701,0.0497770376351193,0.590347148027194,0.56701327145729,-0.252832487569555,-0.00825308740061967,0.0295419086278447,0.00223102047225798,0.0488798560602785,-0.129056598164756,0.13396927170934,-0.170857442191341,0.0597115099195524,0.629049558507045,-0.065820298736994
"继姐-继妹",0.0526320180158112,0.142951235974631,-0.27440250706034,-0.246134353429405,-0.150695309799233,-0.235858877972344,-0.143204335358814,0.0831804173947309,0.0637380313950477,-0.508555856069667,-0.133468133124343,-0.174109599793569,-0.208062620527147,-0.0854716018799229,-0.0237209987595427,-0.263276862631373,-0.150900336629732,-0.112012107796507,-0.414533239470413,0.619061328864313,-0.271406980392765,0.0350597984796602,-0.0687742180147764,-0.237579653860208,-0.0823798202610193,0.24275805002086,-0.187369811287511,0.0787318486593238,-0.231459542481052,-0.217749890465498,0.131128234241882,-0.172465796246354,-0.419566076187266,0.0286616072054867,-0.287486168903875,-0.0969703933431146,-0.0901181229619219,-0.00668575602020546,-0.185686686078257,0.284835566816228,-0.284407044611109,-0.171284188361594,-0.0497953989438809,-0.31132555282661,0.182885226785275,-0.0373970336553969,0.304103482458262,0.423265812138592,0.00620226840389674,-0.0867878469799781,0.288627182704166,-0.300510928165104,-0.0598765325579912,0.0440344388047125,-0.101090151127673,-0.282740563019833,-0.317329340202074,-0.267792957000959,-0.264007119299142,0.811721480379177,0.493691226154261,1,-0.112787109904725,0.107684247859285,-0.123441440452417,-0.0229936518195506,-0.159132489327688,-0.399374091177801,-0.234284841437017,-0.267478356482674,0.149594517591926,0.119711656168072,0.0705288869752436,0.464786289436537,-0.0271115115733062,0.591397933841156,0.547552737527406,0.0913061744424552,0.173026039935382,-0.205785566324628,-0.202223466079334,0.246467404641963,-0.243833554743691,-0.119285642440151,0.65397247789239,0.0323871269741652,0.0815189534498612,-0.0560539028962859,0.241505196029821,-0.208331295783522,-0.247587565320166,0.0390911100323099,-0.121045553452658,-0.332088530554618,-0.207934657226326,-0.299744445227542,0.261836137606945,0.0318350965093576,-0.0256952149728801,-0.283898776143994,-0.226791297668717,-0.1881968673231,0.100975221525392,-0.210835621191774,-0.270285498888732,0.489234238742575,0.382249042988476,-0.218170046577508,0.562942722229018,0.767608830006491,-0.334385416432059,-0.293147545103898,-0.308634747686414,-0.163070881835792,-0.0783327936949889,0.163895591065363,-0.132713363753987,0.440252750586119,0.282914444798236,0.364076507632264,0.261121243657346,-0.397190995752136,-0.300752506649944,-0.393875239049508,-0.233999019282288,0.14771910007352,-0.178999461977925,0.204805927854222,0.404648100872,-0.2148981492114,0.469377513733167,0.231233921424902,-0.265396651921453,0.178433881839371,-0.101134411045868,0.0682673200857974,0.0777053666446258,-0.05292960824723,-0.126378918032678,-0.160929934108804,-0.0418446207605334,0.614849505641418,-0.22069659820887
"继祖父-继孙女",0.350112835831582,0.280187343735082,-0.0989920943706551,-0.157592856842189,-0.0873005011319669,0.217833209174314,0.0163904723814713,0.262157942791931,0.413960633922936,0.165073196435838,-0.0243670785366621,0.0574526285707027,-0.032907967184396,0.0781904193140321,-0.0372455847661419,0.205663743557475,-0.270812748767972,0.0122800919812326,-0.11711856151495,-0.234353358196813,0.0103364607971261,0.0595752551995549,0.0160339202068393,-0.0841529719630194,-0.154756697324493,0.0236625132748054,-0.151795969113529,0.275036929832392,-0.386644158400831,-0.103836304437702,0.390763243654293,-0.234180149419498,-0.000887804176026702,-0.353688872301075,-0.29009972762514,-0.237165746291405,-0.0142630631086769,0.155370106208475,-0.0948444302176445,0.100184614834561,-0.215423503421728,-0.173905613543819,-0.2147235916401,0.119903101505681,-0.37027902263864,-0.215972150205947,0.167533085241799,-0.207161635641103,0.0280377891734842,-0.266786622272856,-0.365445450868968,-0.103373882249261,-0.417409284158907,-0.513447466182116,-0.310438078393439,-0.132423225420303,0.0137117825618683,-0.362221163897448,-0.0418702335905126,-0.186674001486248,-0.00661206078815276,-0.112787109904725,1,0.636478885622978,0.0537855257419272,0.20531795072117,0.0285315413628537,0.197522946285877,-0.292685962039876,0.172662731681229,-0.342649867012516,0.308761262835427,0.399007209569003,-0.336683054377782,0.343127396359678,-0.368959319873975,-0.389225007449836,0.219720774962833,0.0942926969258747,0.127356681843126,-0.04300694104518,0.0904821699457343,-0.297963680319734,-0.263158741354623,-0.130024627445482,-0.0262047051777202,0.234120910301188,0.101253179562586,0.114648290581759,-0.0608537827798188,0.0771292411769931,0.256205522163504,-0.269281428343665,-0.0511183662431172,-0.348454462600437,-0.0769415081029075,0.197089581670588,0.395282294149669,0.590472343670101,0.2713470046349,0.106688474929891,0.461860373754272,-0.200319510144807,0.0241884633464692,0.0759709988041166,-0.329857418840433,-0.234649389649926,-0.34024145201557,-0.298109048595016,-0.119031520846288,0.0586928888703547,-0.139026294696417,0.21258341457574,-0.051042445528867,-0.0253967770700059,0.0984385479654453,-0.119058973085937,-0.427579003187996,0.275589946775662,-0.31039723101979,-0.428080700510802,0.133757241532473,0.162675580091126,0.0236342769263808,0.240984335286357,0.375412211557674,-0.0146444283748623,0.351111790218405,0.171323245147456,-0.16387408606811,-0.340236858403532,-0.293281905287777,-0.155994527570814,0.352646628171062,0.212090805874674,0.235182329745379,0.36510977033235,0.561511537879218,0.333003820901272,-0.197977256259206,0.149780594911695,-0.082593460971161,0.202716107146677
"继祖父-继孙子",0.376804941991957,0.398761241748987,-0.0480233479389202,-0.247203553335399,-0.161899642318613,0.16202900239735,-0.127356696817396,0.36911137026696,0.211679198253896,-0.0502471004944524,-0.130818870495331,0.00812804581387818,-0.105448957717577,0.147125242135126,0.128475149935449,-0.000610834427551149,-0.487152704519359,-0.0519713847720708,-0.125905501029487,-0.116362956460304,0.0770434832506363,-0.0528376999686176,-0.112144830310897,-0.170199958329135,0.0261456368804165,-0.0638475588668635,-0.196505263652201,0.39037303764617,-0.44254846071666,-0.228773238781845,0.238061875289285,-0.25215855231693,-0.238336818616667,-0.271001868145477,-0.143444860540781,-0.195680338493094,-0.0860709138068993,0.242102012016715,-0.0350831990689977,-0.000524941971865012,-0.334572290051132,-0.173979925430957,-0.225298945123238,-0.0635857094375712,-0.339059501663828,-0.267795473945603,0.251588428354963,-0.0871976164060886,0.0714471393345723,-0.279112166227125,-0.300430278693984,-0.261150464020575,-0.340722636975887,-0.448289854141306,-0.215740423921998,-0.126281130694433,-0.152732404027912,-0.371496418294305,-0.147868100642967,0.0689014624663019,0.18786435886307,0.107684247859285,0.636478885622978,1,0.254181241165648,0.401671554244584,-0.0255604692010793,0.140452791317773,-0.272796011634725,-0.0602621909190053,-0.315243368180281,0.502934267499239,0.219827363961497,-0.22529802460366,0.55953166291697,-0.104916194284678,-0.168111220121077,0.242370044770924,0.118254530210183,-0.00705929209677731,0.0738653926798188,0.090520172686829,-0.299149557637145,-0.172425292692294,-0.00673805784739849,0.0596723132338734,0.275843955924787,0.0395889099538336,0.159877869676632,-0.133454448777478,-0.0825668051800794,0.435914385943646,-0.154043161464533,-0.11353702676416,-0.405376439710965,-0.170491944063341,0.313643939960883,0.40415453324363,0.560091232525937,-0.00330103507052361,-0.011071650432319,0.239598700768641,-0.133521425172086,-0.219991277098705,0.091547342231523,-0.177807644689485,-0.0437495201679457,-0.379697453966501,-0.111481954939824,0.0663221842040894,0.122105067501203,-0.204889438316375,0.0148517740308385,-0.143153898699589,-0.0884855803904175,0.232869279049304,-0.229418009966546,-0.245353082939149,0.624195812023614,-0.241578774431172,-0.325362703021156,-0.0280670057914807,0.0214292628284159,-0.149503544798046,0.18702364507624,0.365521037139904,-0.158537995290341,0.214075665156866,0.116917836996045,-0.057497470471148,-0.163444061650805,-0.204845999493754,-0.253971700824401,0.169987445873397,0.0100537752910062,0.4831288764801,0.446390833785931,0.391666657530554,0.125527652779707,-0.249170626742024,0.0230391909481021,0.120244662209863,0.124967272240511
"继祖母-继孙女",-0.0969407422417328,-0.0617494599975323,-0.0559781773191928,-0.217789741344884,-0.152237105633605,-0.197584537211708,0.443805644780624,0.314178460394885,0.152053030306289,0.0141351209514816,0.315356280518674,0.494912877315822,-0.0423155663422245,0.292527865900721,-0.124921993057774,0.158539185544711,-0.403567021612994,-0.177150082860301,0.193992872601986,-0.112298440407291,0.181679235032838,-0.0511427294446279,-0.215602032849841,-0.000229718302380656,0.419280422776603,-0.0947050745795073,-0.209920553929238,-0.00443114300899899,-0.243811827156325,-0.162094888621838,0.0308592346109461,-0.0737532291449111,0.171617148114,0.0450377713420252,0.238202106290795,-0.00249973537349031,0.304023148544952,-0.0428214237512091,-0.100386018326667,-0.228529206842268,-0.384282345939436,-0.115330246417106,-0.178460558951378,0.109346604190714,-0.293002435503087,-0.117917947333948,0.0836995427886107,0.178166938089442,0.018800640753493,-0.0324036451228154,-0.187206143949641,0.206218855249947,-0.0604338280308405,-0.172329902909198,0.103668404050722,-0.101897688575358,0.20941710830633,0.13318622168023,0.145249332262515,-0.0518146263632021,-0.0894414950414541,-0.123441440452417,0.0537855257419272,0.254181241165648,1,-0.238856890350071,0.197882147094915,0.00965573710584177,-0.181820882699273,-0.32137059403918,-0.331055880894124,0.279830316417804,0.180761208881147,-0.0395388666826081,0.0832549707663559,0.00819415270242375,-0.00426715245820278,-0.306327261491015,-0.10114292616885,-0.0761354811038426,0.184286272842127,-0.193508759069479,0.169862566793662,0.090474025780673,-0.207945878064749,-0.0145347327211445,-0.00725209253508579,0.000767201162759763,0.132895871678927,0.2916166897252,0.242844999056305,0.140070198627487,0.148277713203073,0.152872316446104,-0.322673372086426,0.0180066097806543,0.0384018613497171,0.139654077565774,0.119944215862336,-0.188772657408634,-0.153877870950027,-0.0739804527013916,-0.398859673785155,-0.0394816795752214,-0.0704188483441205,-0.0744614539155299,0.0809691710474496,-0.336521597820318,0.0897657785518114,-0.0677007082883539,0.450270057737762,0.222289547594728,-0.174163872053793,0.0377736643371637,-0.0174742148498536,-0.348856720267569,-0.163118136055202,-0.217771067451585,0.148896668429094,-0.266802906403651,-0.286086997811939,0.310415095525139,0.251739959181817,0.236526369056503,0.38339289309187,-0.0299128390947698,0.322780682536649,-0.258996904487428,-0.116106655593845,0.18046915964491,0.0217767326214722,-0.148753850173957,-0.337744422892943,-0.109773561871686,-0.23637392398571,0.116087370902917,0.155023469519538,0.0287432091053635,0.0374017973471122,0.00120845375397315,-0.104237811805705,-0.115183696583025,0.333885050432439
"继祖母-继孙子",0.101448614398719,0.169825045970118,0.315592869170201,0.154663765067449,-0.159442414728831,0.294675586104737,-0.383859669053673,0.14739472355374,-0.00677812149189221,0.214158592580657,-0.195928083837462,-0.27804476064256,0.254032189112447,0.00981270262034191,0.424791711347357,-0.0347500579931743,-0.189134699360603,-0.178543408662573,-0.0834296852200898,-0.203591078549197,-0.171620729398892,0.151273468583618,0.234525375679254,-0.285112327184492,-0.2249295794983,-0.0164529634058023,0.261173400859824,0.477341665853424,-0.0860229825623467,-0.15739315026937,-0.0300059408640818,-0.132914971421511,-0.287284553264788,-0.23516638576048,-0.0794255814807719,0.284044566434446,-0.252521004094325,0.00870555759355315,0.292335043740721,0.071836445327081,0.0375102213013473,-0.197307383881502,0.209316919751975,-0.0243722875210952,-0.0577241601134109,-0.0195293468979006,0.153767911662075,-0.255201537155222,0.0123761508777192,-0.267182403140241,-0.157588449203565,-0.412923587365599,-0.155047675796775,-0.120215451782357,-0.248912016566178,-0.0369874313084905,-0.147963937535106,-0.181768821920091,-0.222203814181647,0.046618708221544,0.237016779073023,-0.0229936518195506,0.20531795072117,0.401671554244584,-0.238856890350071,1,-0.142834266217504,0.239760396781915,0.0228311289558239,-0.0776074522570913,-0.036942221387985,0.150771181702218,0.00669224675487642,-0.195083199247095,0.334570061791335,-0.0265313584144175,-0.15970462003536,0.640406987199663,0.18841224328395,0.239702561120878,0.30073324293248,0.079984493551171,-0.254089251975358,-0.11550134087328,-0.0618100543133111,-0.00363040353920868,0.107489151742375,-0.0940711180578566,0.0344607956885058,-0.344861988243005,-0.363556789912927,0.22367754084402,-0.179092229735703,-0.2396266105258,-0.0338293645965563,-0.211978691032679,0.172281841772922,-0.0891539762498895,0.03679684959053,0.107077637982854,0.0141738914291741,-0.00375987688895969,0.306516516629801,-0.0514261679109534,0.432599770430674,-0.168215909769357,-0.159712801216079,0.0357695251940816,-0.203016789360688,-0.0243680272365064,-0.0775849170774158,0.0804408119335475,-0.0572814072389919,-0.117359653869432,-0.262488988566462,0.617337369060876,-0.0177435686680002,-0.0314531118497888,0.301534587816898,-0.0654025911875743,-0.033817511160568,-0.253084721969431,-0.173539253074372,-0.293910604655876,-0.218676707963829,0.331226485319037,-0.367366782728053,0.205739387254484,0.0209416881807665,-0.182969012911074,-0.0507566222141671,0.0806802324778456,-0.0843963246128727,0.0380303759038201,0.170090336166075,0.252787680678636,0.245237220616747,0.142941442999388,-0.10079492657906,-0.203641105840622,-0.138948848107181,0.084726933456504,-0.064305294935207
"舅表兄-舅表弟",0.0612704248371511,-0.0747222875625796,0.118316697375599,0.48766308269958,0.332685607826824,-0.0790730148877409,0.197078376913516,-0.0417183753125269,0.132532239001072,0.111913386867894,0.432874221800234,0.28725117485152,0.305181941977898,0.273679864284578,-0.0637157499548756,0.567911165788312,-0.106857794515314,-0.260148897955105,-0.0419864060818248,-0.0344254540923535,0.0913426721958427,0.329535146749951,0.200381696081441,-0.240077476932427,-0.067208915954223,0.19953754812577,0.195634509253358,-0.122032604349529,0.0962135859079872,-0.177029619243893,0.0518205253598473,0.125065915699633,0.0468388573625149,-0.244918922853582,0.0654809525518386,0.150258198584771,0.451430287031154,0.0967695306812555,0.0319318439752876,0.021798841699461,-0.0376741479213459,0.0449748499358841,0.194439850170675,0.264977625099477,-0.105163602013236,-0.0678763909555305,-0.0381388894139865,-0.0436705077215515,-0.0681142298295165,0.0148715437998739,-0.0686509155934239,-0.153864390839631,-0.257466079790988,-0.167262393894008,-0.213937948945786,-0.353547845389351,-0.0186170538008739,0.0791432063668519,0.0798488407338538,-0.278997032906562,-0.199604696226351,-0.159132489327688,0.0285315413628537,-0.0255604692010793,0.197882147094915,-0.142834266217504,1,0.322858960436567,0.0102840212860843,0.162405184612436,-0.126751420485147,-0.155730742258872,0.0528241954476213,-0.0724840733341031,-0.160203584094897,-0.20657787875391,-0.0728379022412301,-0.133836294635313,0.000263188642092015,0.0922269498749862,0.081637976117519,-0.437377394917224,0.166310520067976,-0.129614197905156,-0.0573798491131277,-0.288255371945847,-0.375738494316602,-0.255362232627153,-0.168667117040392,0.0448001996358606,0.0191632675610069,-0.193916052066343,-0.208372222870346,-0.0322105855749874,-0.266105171038523,0.034730469997798,-0.0307615820658926,-0.082001594983757,0.00288176028303061,0.20756608619061,0.13557093368368,-0.357834285738449,-0.387088785136559,0.353368598864094,0.17136295894963,-0.122424084730461,-0.128188420866196,0.029495036340147,0.0308033664992721,-0.165252883572819,0.175808553566937,0.160661390824997,0.0705340794034581,0.185413667053533,0.0711536693965671,-0.247802271056502,-0.0599378866942021,-0.0746365886216011,0.115635365775693,-0.168103984789501,-0.0408794279113974,0.352785980147944,0.159836360390045,-0.00757318159392545,0.22345710386478,0.000841619150128623,0.387530089241812,-0.230952067022611,-0.0434293336580275,-0.0631968759726132,-0.0113475172997858,-0.0473667848243565,0.0200337212231393,0.152618831071787,0.205922374357623,-0.106926486854518,0.0293824693219523,-0.0367769862039742,-0.130012702826495,-0.0743423500814958,-0.328002425465494,-0.25057976971117,0.545704146832113
"舅表兄-舅表妹",-0.0435157810080099,-0.0759070527594055,0.40125916665642,0.384025481359826,0.148623742274846,0.43176801637413,-0.127573158591631,-0.076520874021855,-0.0871115110698133,0.362676970758999,0.0584916134405562,0.0025468063927533,0.381067533471422,0.0974419821189923,0.199664124710521,0.337004646925643,-0.129675811989652,-0.278404186538416,0.38743347800736,-0.195629748181456,0.119552652624881,-0.0251657822507614,-0.017096337421461,-0.0427090879745622,0.0367131660362402,-0.257631648261644,0.256744465421205,0.189103012856908,-0.0623219670801754,-0.0943371914200319,-0.21575504560395,0.0164573406005892,0.0655323431593788,-0.275231397076681,0.118719042121161,0.25584305805865,0.115970352286856,0.0381483083857335,0.154253190987901,-0.304439330507864,0.207954929254713,-0.0116434098391913,0.231792555011654,0.284238974438572,-0.0657512415857016,0.0755868944020215,-0.158913432518564,-0.150628637138713,-0.124423248845023,-0.199284175470624,-0.12892791280283,-0.164700334127455,-0.238150151494939,-0.187537621700127,-0.286825620502306,0.0155378194734361,-0.119710470210344,0.0518587352579538,0.035458231968355,-0.374601519003116,-0.0183367309445728,-0.399374091177801,0.197522946285877,0.140452791317773,0.00965573710584177,0.239760396781915,0.322858960436567,1,-0.00748068575994105,0.232829469195393,-0.0360680772208985,0.102859689435625,-0.0834879360853973,-0.114640558037761,0.0962149743038871,-0.208116929877459,-0.180001930790371,0.174871655402987,-0.0986615811295394,0.210002063636641,0.243070495959568,-0.414364838219151,0.00136541957814672,-0.102635129137304,-0.190920716050686,-0.302903807376601,-0.253698046808438,0.0114934198813618,-0.269882870485095,-0.101734734052249,0.0156347125931269,-0.0198823283495702,-0.281953359506267,0.0824193856265364,-0.0872854943317888,0.0321934947589251,-0.177960067244409,-0.198456178814493,0.0447074114804356,0.230986444339025,0.155005946634851,-0.052194805544628,-0.270511794044059,0.361597764060429,0.431540835933608,-0.168999953234902,-0.177162776812633,0.0441927548377414,-0.169813791040386,-0.364534672983032,0.427849219551602,0.161866800388383,0.272713010632196,0.209980260939035,0.0222071073286155,0.0700554811943797,0.1247562243525,-0.0368166374844673,0.0363905954702001,-0.112718440179173,-0.0876519382693148,0.289531318606619,0.320189631327174,0.0657887463005577,0.105994249506326,0.0906664297630205,0.0225218756711728,-0.164072670195274,-0.275271420575814,-0.0772478776174594,-0.0810259825116618,0.17159990814991,-0.0106131177449437,0.00854130896789795,-0.0616964636644771,0.00167889667674445,-0.0998071354103173,0.0652226805928439,-0.0807727594026341,-0.110371470888833,-0.140173102036099,-0.275196801917917,0.271718631247832
"舅表姐-舅表弟",-0.331361303194816,-0.467105826783457,0.0960355257170242,0.159064597139861,0.209180914999172,0.0693216874855081,-0.270548501883241,-0.336602618214553,-0.305717002070495,-0.164654501221813,-0.131505563602864,-0.233121969101308,0.157129504723137,-0.227731961963621,0.0874481283622682,0.0340130779442046,0.409269240517029,0.144014695285977,0.0247714152245899,0.0531147097608364,0.117922224289815,-0.0456423408904714,-0.0776975355852551,0.150659027182218,0.0664832057305636,-0.0451003680002526,0.0687916822122223,0.0350727800838832,0.653563657112461,0.463094148196595,-0.310649495306067,0.662149077755444,0.0597387996371333,0.204558742123236,0.0886256144172162,0.220785031330702,-0.247504175392874,0.0926131998878692,0.0501609214641591,0.0297557328226293,0.444427649667386,0.157669319321951,0.053684450098466,-0.157515737788542,0.170510822323204,0.317126738679472,-0.497334488595749,-0.0702637296898922,-0.203401252632596,0.386463476854431,0.303347939445832,0.0212215126490725,0.203745321346184,0.270174884111157,0.0365256945661274,0.191288147483279,-0.015223428869794,-0.0100789534819313,0.118676818259403,-0.260627813929197,-0.0599218427401899,-0.234284841437017,-0.292685962039876,-0.272796011634725,-0.181820882699273,0.0228311289558239,0.0102840212860843,-0.00748068575994105,1,0.462147402575372,0.206223253433269,-0.412217140892285,-0.311436588734818,0.00196919162700466,-0.412776730264758,-0.0501865236079496,-0.0100759978093069,-0.0337004235631966,-0.471213805320862,0.106290478505265,0.195315780131427,-0.0122829381965562,0.077236547178049,0.0296428696163602,-0.00439710711014621,0.0911162146400789,-0.0857359766064322,0.0366772116451661,-0.451882157982227,0.0716759591274764,0.0928618261947747,-0.437908867302281,0.156088636103015,0.19316688799948,0.441229316998733,0.0884709906770624,-0.49101079656346,-0.372140964923313,-0.310453576475458,0.0389006152755135,0.224374642152542,-0.0797045869380954,0.228957261199443,-0.0334944395794479,0.263345957585002,-0.0499086523798505,0.0695368613319641,0.592155901649128,-0.0765615300933694,-0.119978252610988,-0.160999094907127,-0.220666635537541,0.230101805224061,-0.037426336602755,0.334365417889912,-0.0462157575679512,0.316230333931357,0.190464650263153,-0.231599057758598,0.22901905981576,0.173163502287729,-0.200217608706222,-0.281600721874982,0.206384660742372,-0.230076610278543,-0.293133798510765,-0.299437459116461,-0.178434304065872,-0.0735681708328754,0.0774920679890356,0.00313976614397907,0.105810969771866,0.62653626054056,-0.387685229952327,-0.0534099484748802,-0.401479779977077,-0.231590659492811,-0.312988335469322,-0.031310498553758,0.239030844603629,-0.0128404130702907,-0.138089824463589,-0.101679897355272
"舅表姐-舅表妹",0.0140777580583234,-0.185807322119757,0.141788464820578,0.125801897634237,0.445260990722165,0.258333553588948,-0.252221395281384,-0.477873389220713,-0.27690430527279,-0.124178818595359,-0.254642937828453,-0.188198982225551,-0.0700394963783875,-0.205502785938288,-0.0678878034507284,0.140703902727751,0.331059062718199,0.270917314931165,-0.0844381538350346,0.0322740842886618,0.153013118011748,-0.0193919485343001,-0.0854211243245941,0.0956124955812929,-0.221260703003335,-0.0110533934695783,0.0386788904211014,0.0677965770849097,0.382532229745487,0.341564280929177,-0.081272156246367,0.51868197284,-0.0154561909096873,-0.10330406792625,-0.251644009912068,-0.116035959624313,-0.18667340648088,0.313721167057462,0.0493010731944652,0.190814585051388,0.361831451308466,0.325027570291283,-0.084045878994513,0.0796059743479143,0.112177847096488,0.343405449532104,-0.361404674395655,-0.202088606070162,-0.260613457170472,0.0982408629855994,0.186039691959582,-0.014343299426764,-0.0754330445008289,-0.0217163381626986,-0.0572574764106088,0.167216176388623,-0.213733348095851,-0.165765973684766,0.0484153936738411,-0.353266880251057,-0.25245748172023,-0.267478356482674,0.172662731681229,-0.0602621909190053,-0.32137059403918,-0.0776074522570913,0.162405184612436,0.232829469195393,0.462147402575372,1,0.142736147771374,-0.276480675995343,-0.260725140802653,0.0095403438450057,-0.236006612907934,-0.238604433250254,-0.102432275242113,-0.0948901158260664,-0.298861375288893,0.102861989491504,-0.00982444505370978,-0.119493080287598,-0.165377344946851,-0.191396143064812,0.00228215554097243,-0.174540792997844,-0.192780197223786,0.105273512629187,-0.40622867396124,0.00684481923278673,0.158872282359652,-0.175046351712339,-0.0629230929537162,0.162370924165599,0.212536496123997,0.158289380680214,-0.346530716368168,-0.0925250374418725,-0.00664227030224891,0.315303338860097,0.494392367745147,0.0809333426060316,-0.0402518195910248,0.023498254409889,0.206797332494854,-0.144389825380165,-0.0128506423292494,0.325045871505042,-0.188857143244571,-0.181344108882502,-0.0363891432234267,-0.396331277318164,0.70647050498073,0.0444690161482386,0.42642710031547,0.00337967106880235,0.401050719596283,0.0887355534805244,-0.0683756019640768,0.057537362672528,0.0395802643690129,0.00786832075495024,-0.0150313993075884,0.0329327508285869,-0.0169566033045649,-0.210202705463837,-0.229914684473799,0.088270176428465,0.0756957068932301,-0.1301914850608,-0.216588347391518,-0.131098903993166,0.489996427197808,-0.103603007421603,0.0975583076397946,-0.187452091585696,-0.107292015514734,0.0864913934414083,-0.0060438619809388,0.040999739505814,0.0200314883580138,-0.179939873117472,0.0521196937243143
"舅父-外甥女",-0.0247996723667319,-0.145395629934931,0.095757678322372,-0.036388701732103,-0.00943379184619965,-0.00952107410534476,-0.146321152256216,-0.297742885044334,-0.241600480589065,0.00381137380663752,-0.189173485119513,-0.170442682171197,-0.166398759934227,-0.352137091617383,-0.139986802625062,-0.263918959670943,0.122732095920312,0.039789211738511,-0.0806835957992144,0.194197950430908,-0.151035346810963,-0.165363425118449,-0.142526885713699,-0.0450066435999443,-0.236009297457095,-0.20085518607118,-0.0239123568108224,-0.136524872149613,0.206818112445896,0.0896573154764526,-0.323745401853455,0.185113225048646,-0.270131288678994,0.0390637538768527,-0.0739897271456333,-0.0890027029510379,-0.310335376674564,-0.255243496744607,-0.0961133997981628,-0.0902023593759383,0.135001110943293,0.192270810504249,-0.0225117037569697,-0.11706015774982,0.939690446668026,0.243663218882704,-0.230152396011716,0.214590038976596,-0.0610054504897972,-0.0512778085807174,0.588835187974563,-0.12308388129439,0.0858345278541698,0.247816912627149,0.0834848684947028,0.184161715108777,-0.122316087052717,0.0727387603460849,-0.126676528367905,0.16681217031031,0.127919225415257,0.149594517591926,-0.342649867012516,-0.315243368180281,-0.331055880894124,-0.036942221387985,-0.126751420485147,-0.0360680772208985,0.206223253433269,0.142736147771374,1,-0.137263237165392,-0.121176853143099,0.361971697265532,-0.154863221680224,0.362931458567159,0.350070271741717,-0.0266854672865619,-0.17818604502743,-0.0652952282725357,0.0465397903761541,-0.112078516027522,-0.105081322786118,0.00671514736460968,0.191938485162986,-0.0689177344155827,-0.213107314680867,-0.0398682765410629,-0.303005608855207,-0.261570555392515,-0.242617588205568,-0.0558770890120293,-0.00815206093462593,0.0169799178601832,0.437215974506446,0.0635909411017382,-0.0745175134051795,-0.173543420535258,-0.192552801018421,0.024509490899985,-0.117207037559013,-0.122986098327366,0.311662818781051,-0.176540828126127,-0.0617635552810259,0.330851697986921,0.317519720886294,0.233812614777887,0.137266222634808,0.175066944437613,-0.141178044338003,-0.117993092880823,0.0417281692962416,0.0103623354296956,-0.0755039675487926,0.123404764587105,0.216234213904588,0.560772432983311,-0.094278415980084,0.531344525567266,0.868320974001799,-0.0838710317511592,-0.186513795850478,-0.0537112342808365,-0.125694783986604,-0.164310149957531,-0.298841151725811,-0.102783210097182,-0.096431163684445,-0.0180514003967015,0.240521864762947,0.310116442570725,0.256894009207721,-0.123812719784541,-0.142581335742637,-0.0715630124330499,-0.16454815120507,-0.192495463057763,-0.280722623522485,-0.0926653103114533,-0.103520097644521,0.105558816674407,-0.269610218456419
"舅父-甥媳",0.327372887920952,0.258804761705954,-0.157667314187745,-0.423120303450231,-0.277999203628001,-0.101717531118696,0.00800859512988889,0.573964942395586,0.290303657456273,-0.119234526405651,-0.300396980410011,0.117262752566913,-0.288710882797841,0.0390228607312528,-0.206718699075267,-0.25352492042327,-0.45884737920935,-0.292283207216459,0.161556596162242,-0.121394905739702,0.0784604960111316,-0.150785920064329,-0.185455117038004,-0.117203507527687,0.235410515018311,-0.208882238646302,-0.337577832619341,0.158448676823809,-0.523574940430462,-0.31229734668531,0.163665919627436,-0.372260306784034,-0.0805947211514627,-0.0800374590200189,0.0503374773027114,-0.317435536811859,-0.0343943922509102,-0.194576281122726,-0.387829775698121,0.00345384422687363,-0.340013788433548,-0.166391703364492,-0.324552869105466,-0.162723593444706,-0.124311522445289,-0.21080566360784,0.34907180616481,0.0916218947854586,0.161323957695477,-0.368138445047304,-0.288808554671593,0.0882828328462408,-0.2023961691014,-0.254329054980991,-0.110843735190735,-0.0342528359980479,-0.131505536949091,0.0112388377231252,0.061866616289066,0.166047592084237,0.096075110842604,0.119711656168072,0.308761262835427,0.502934267499239,0.279830316417804,0.150771181702218,-0.155730742258872,0.102859689435625,-0.412217140892285,-0.276480675995343,-0.137263237165392,1,0.357486732004243,-0.0130208489932613,0.366775005439978,-0.0422074618604429,-0.0799283101217111,0.228926643445344,0.211864359054367,-0.331231858314712,-0.131468831704345,-0.00714322029920371,-0.0730911652250665,0.0607085932515331,0.002571807159761,0.137801389282185,0.285588904698805,0.275091646547725,0.234431080269937,0.00154720476558501,0.00129615614287403,0.465098760872143,0.0291868325436761,0.237189827372856,-0.284147309929992,0.0564369481877466,0.243836162761534,0.365580716692422,0.535915009391117,-0.223901901303478,-0.380896917415412,0.391656069232092,-0.148840887637917,-0.223695617784069,-0.314035570956988,-0.0852202327003105,-0.136848807544917,-0.364345197456712,-0.104357216921733,0.0801244381601114,0.366590044978337,-0.0627268788130835,-0.160817489868157,-0.0657403642275272,-0.255306045994171,0.199220146708866,-0.316854338156145,-0.141955910389157,0.382196043181612,-0.23987581762377,-0.182967893491048,0.117955918506297,0.125394764384132,0.0315519974269633,0.206357361080833,0.275827984258105,0.00146004311224123,0.149364066963165,0.00466726118494842,0.158465364422444,-0.171133740340324,-0.170958925483679,-0.383992522544189,0.305249562386207,-0.205171823288702,0.519285266840426,0.216276871560926,0.395781514267301,0.243773286285411,-0.307741589116325,0.0608498073851372,0.0755555684608682,-0.0565825685389255
"舅父-甥女婿",0.295947416259788,0.139433840869936,-0.314517304007243,-0.171326627898493,-0.401588188052034,-0.258239892158468,0.196113205147181,0.529971308571612,0.719373233428503,0.128858003866935,-0.00168331293681495,0.275204766138642,-0.0155192345278343,0.101856737372759,-0.227046242401365,0.128182869959691,-0.208472220633202,-0.33838021412316,-0.201132259711847,-0.186617823192016,-0.108156387460455,0.133784621679367,0.0300424511168235,-0.347984382457232,-0.0366858997291798,-0.101443012739585,-0.0809370808230784,0.0911669163505077,-0.365578730464582,-0.388686226862897,0.459582711817081,-0.258181330037505,0.0525367398638555,-0.127561015644282,0.00949792123731392,-0.137090927186812,0.0444651021115701,-0.258861766428851,-0.348588555164482,0.130822665232996,-0.392546707859812,-0.465100022750682,-0.200572356171283,-0.048411769924521,-0.111193033794694,-0.238100892171259,0.400412565198334,0.127966717777753,0.171531361349105,-0.291720292984854,-0.200684324512769,-0.0762375510564698,-0.171399839998074,-0.290246557636875,-0.196436731988644,-0.277614533783616,0.264076687660498,-0.0510120504111132,0.0588314552479341,0.0335014967935177,0.106564386186825,0.0705288869752436,0.399007209569003,0.219827363961497,0.180761208881147,0.00669224675487642,0.0528241954476213,-0.0834879360853973,-0.311436588734818,-0.260725140802653,-0.121176853143099,0.357486732004243,1,-0.130591468124654,0.0850653542310907,-0.123336414239166,-0.181075284026857,0.228298589056577,0.182761025390593,0.000991014107730052,0.0726450719339711,-0.0619017585297132,-0.0145121406769444,0.078269452280078,-0.043510070399727,-0.0964381115339314,0.197709131363541,-0.186418851441188,0.280785746827388,-0.0646322166889048,-0.0929122763078241,0.102031887679215,-0.0922818865615869,-0.0185565218866426,-0.309674132680059,0.0506657323924956,0.246390110727291,0.380705598032316,0.424551514415292,0.178709227239664,-0.376700915233124,0.267612545071378,-0.0800146955500227,0.0373675970841749,-0.120622523415178,-0.217749832937478,-0.172219730163262,-0.262490031500473,-0.218199974919409,0.136947655496924,-0.0129189968362468,0.015665245564303,-0.307315605217009,-0.016272388382341,-0.413035724079383,0.0244156091194126,-0.293695089998931,-0.150404190249815,0.237507651914401,-0.0885873265699169,-0.0763058701951846,0.199862984256615,-0.13189996502865,0.194943163200787,0.384800584840184,0.529749202789507,0.106857138598185,0.0453361476026439,0.16288548961892,0.165075172625001,-0.196982644170837,-0.130238928069682,-0.131007455167046,0.430354177912861,0.194820907732547,0.119272946673707,0.230462225688512,0.180697135011551,0.194329446378343,-0.251574517571167,-0.133996468078809,-0.11426809475528,0.177837171375456
"舅父-外甥",-0.0732498272203805,-0.272942481418972,-0.176937366798373,-0.158232327726161,-0.0479763163731128,-0.165860637282625,-0.15133990396402,-0.162974160053755,-0.204707532435539,-0.353794528208663,-0.175672912706156,-0.113189229262974,-0.179901831910352,-0.0918922038749106,-0.128608095475478,-0.181174782986119,-0.0145653178806612,-0.178566394065097,-0.0869254793343294,0.654233750776854,-0.0937182154750014,0.0682858560867879,-0.111654589197134,-0.0789558748306029,0.0883090609291792,0.0927814378176866,0.0576224547315311,0.0604719124813088,-0.0958465502623139,-0.17696458757773,-0.232137039970016,0.16623302353915,-0.21879301082551,-0.0989735726654555,-0.0396307155543629,0.0622756360915445,0.092817650544137,-0.118379149479829,-0.0989899234808494,0.063600914599199,-0.169658530641495,-0.0506799584382433,-0.179305002155991,-0.278074318379527,0.365000301005975,0.163239174867152,-0.0480168858904268,0.617601669015113,-0.172497061720529,-0.178884709110022,0.666263115880682,-0.0953784746804966,-0.165454538877337,0.139331977530001,-0.142545874558014,-0.175649628003386,-0.425636506391893,0.0460912901614522,-0.0542170932885937,0.578044044169577,0.367340188458947,0.464786289436537,-0.336683054377782,-0.22529802460366,-0.0395388666826081,-0.195083199247095,-0.0724840733341031,-0.114640558037761,0.00196919162700466,0.0095403438450057,0.361971697265532,-0.0130208489932613,-0.130591468124654,1,-0.277390331252781,0.696406772820202,0.814061587061305,-0.0886427618896374,-0.196991379267941,-0.228639870330866,0.0374165971057695,-0.249519004182966,0.00142879578232194,0.0605570308716276,0.57941953789582,-0.161082813253046,-0.336273298435839,-0.0697314707404242,-0.0859658997876028,-0.054249512460267,-0.122948228906747,-0.0934381655954696,-0.0288861479843738,-0.022090315547689,-0.0319906727979717,-0.117037359008596,-0.204932262262022,-0.189471469974738,-0.248848713609173,-0.152536431424798,-0.0589507821473894,-0.263383113822122,-0.127892207260743,-0.165408372054881,-0.236042963482923,0.665243593560486,0.655747846664714,0.00303959239637117,0.731041584992372,0.662865083460476,0.0562630814711319,-0.171277562245925,-0.00709302155350035,-0.203555701069468,-0.133067876936666,-0.0936511572157481,0.0353263135897978,0.792015976892524,-0.0840697739509813,0.573469297479174,0.398798918805252,-0.20194936565193,-0.137595713823234,-0.167985187695643,-0.276250313394713,-0.167681170620047,-0.159945580199356,-0.0159050446266221,0.0253383925690556,0.0397495925004207,0.585219662967059,0.391145691272576,-0.134238801823929,-0.0973949674138902,-0.163238205184183,-0.149687261912723,-0.283046719711703,-0.287741585829101,-0.176929554746677,-0.182329957270924,-0.195603002810648,0.539422576209142,-0.0804530102682977
"舅公-甥孙",0.419960878114487,0.590611980901745,0.206201040625986,-0.118412561434249,-0.203315263426016,0.259252543576003,0.0525893775691364,0.230593511789327,0.0261092796985936,0.251731961366627,0.0281181481331525,0.061319201174712,-0.0645927487930419,0.0308577840309369,0.270882216884431,-0.179138061753721,-0.420251231109623,0.0641415885511728,-0.0137761191172894,-0.277020421660387,-0.157603524194989,-0.19197210792,-0.0158432335694174,-0.128026671488659,-0.201327838890801,-0.0805607917007585,-0.0427259217254164,0.236074504324129,-0.439682903471571,-0.143071773102652,0.137016501643563,-0.427989722171961,-0.297536948259556,-0.218853250534018,-0.0782956566911895,-0.182584000322919,-0.113061875903051,0.0612637725542401,0.146693193975983,-0.223135091820369,-0.167558203829915,-0.092092860052565,0.0460828117325808,0.11352509628308,-0.200605578049542,-0.252525919044161,0.250222289324314,-0.245881814646184,0.259698081951741,-0.217616410422502,-0.381319051200539,-0.254924993234913,-0.147682247932594,-0.283993949410354,-0.0686324199420009,0.0345113572930208,-0.0682600903051439,-0.191205982971363,-0.26587154738823,0.0440004902910777,0.0347544468947977,-0.0271115115733062,0.343127396359678,0.55953166291697,0.0832549707663559,0.334570061791335,-0.160203584094897,0.0962149743038871,-0.412776730264758,-0.236006612907934,-0.154863221680224,0.366775005439978,0.0850653542310907,-0.277390331252781,1,-0.119124500379155,-0.220384408449396,0.224957806522866,0.459922681040819,0.128398580886095,-0.0404457559210409,0.140104905769895,-0.334559144608082,-0.10630917860078,-0.110171068123704,0.110500772026513,0.190926761677936,0.0597986565155168,0.286207476526037,-0.296085936341927,-0.281309294762692,0.633011084664091,-0.127417102459295,-0.180281301447628,-0.193943804530164,-0.160381186677532,0.418301131074243,0.453828295441643,0.423143927117123,0.00805774008519432,-0.0530982196678199,0.177836533533365,-0.010298849720793,-0.140273232207458,0.0233993610566945,-0.16075089872276,-0.16355822558384,-0.348552283638158,-0.21245702953242,-0.183533068962533,0.00354424453059036,0.0895922305569267,-0.0703434577348141,-0.078429072419835,-0.240490283234865,0.446643526497101,-0.221237004183302,-0.282037945408988,0.481899832557441,-0.294754205306667,-0.211258741054828,0.0410429190665981,0.174384692990519,-0.258443806157215,0.0784524679296777,0.249567533824614,-0.131638150679408,0.191700190008989,-0.0997247801159761,-0.124831771530355,-0.167899418996392,-0.187920319247836,-0.251579877997823,0.154233243196804,0.0390753016662561,0.607600113266269,0.402387297542852,0.423646309557407,-0.0926750380356008,-0.237242918850678,0.105530749011387,0.0128539141726451,-0.0983852713943927
"舅母-外甥女",-0.0735207945925691,-0.0856038744185228,-0.0534230979024609,-0.150915726746336,-0.15902237406342,0.0213483972025345,-0.0666918153079993,-0.00753682139143379,-0.232737419311133,-0.263960888352511,-0.0868445069706115,-0.048168783204081,-0.0695044627668767,0.0689416065990465,0.0354219154963045,-0.244959063041229,-0.177438712810016,-0.0605200634434158,-0.232084454971302,0.491380506579269,-0.210655322077678,-0.135829076615054,-0.213567506833215,-0.1170401917373,-0.00842487538949191,-0.0264371153126477,-0.0227263643518495,-0.0115201131660843,-0.169226633098429,-0.2102191444519,-0.237916898715577,-0.0754430175133534,-0.353162647556673,0.0898084815348916,-0.150881975432252,0.0988321340560875,-0.0443445331780688,-0.0807924160301912,0.0905923265205384,-0.0600484238679428,-0.243053987739073,-0.0757231802876688,-0.0196096759504634,-0.185785133107382,0.345054598905494,0.0366488218718673,0.0376070915434329,0.676062237507397,-0.247412729962268,-0.0954327333082271,0.532989946969842,-0.205655430466851,-0.045054603530848,0.0213425526222169,-0.0574619855595958,-0.106644764663123,-0.306619449067674,-0.0397241864724273,-0.299519587060756,0.677365596319477,0.448745039060405,0.591397933841156,-0.368959319873975,-0.104916194284678,0.00819415270242375,-0.0265313584144175,-0.20657787875391,-0.208116929877459,-0.0501865236079496,-0.238604433250254,0.362931458567159,-0.0422074618604429,-0.123336414239166,0.696406772820202,-0.119124500379155,1,0.835620933499045,-0.0386831171545742,-0.0769995615051701,-0.151981418947688,0.0137481935452974,-0.0768807064381973,-0.0884098139538001,0.00265341313008953,0.401048165756007,-0.0785794648428893,-0.185175776676734,-0.164845364390476,-0.0141914976189389,-0.177443788740582,-0.255447506035986,-0.0407111555386976,0.0845653068776162,-0.139227144797377,-0.032550606781767,-0.126447847914349,0.0327224434956764,-0.165709609424167,-0.262636628610008,-0.228453935336104,-0.131333038551524,-0.323473630367594,0.014609234550833,-0.242251605200467,-0.0921823036682253,0.780704217539508,0.731174277942068,-0.114183362318491,0.646765209580378,0.644296929961553,-0.128895087481345,-0.0778051468808804,-0.135201105934889,-0.118854469910988,-0.177582556229803,0.0374265631109961,-0.0407539685868327,0.723467441625401,-0.0148981368799818,0.665134128254377,0.429418356028041,-0.247169742035872,-0.121728926041186,-0.268273978802256,-0.182925082693439,-0.113720235127382,-0.197334319323188,-0.0204067934100765,0.0604385841873138,-0.0354870385321065,0.700928177692606,0.522419511833733,-0.233204870258276,-0.235627391762596,-0.301020210822512,-0.0542622052476893,-0.0260419518932656,-0.230038783364559,-0.372444208791817,-0.156210798147044,-0.194100785446663,0.55302055866437,-0.163972242071693
"舅母-外甥",-0.0362070836472493,-0.106576071265875,-0.0979959290204704,-0.0808696267525323,-0.00194882674375743,-0.0975351739368514,-0.0847997200568584,-0.14659366124151,-0.290637379078108,-0.34140748440732,-0.150407170423108,-0.0705487034420006,-0.177860809312891,0.00779644277880478,-0.0777958469704433,-0.182342388002518,-0.110257342189803,-0.0939848529864266,-0.212188847657276,0.609551474214974,-0.130967369984428,-0.0334584032738155,-0.190740042621096,-0.0955377069895797,0.0198834672345679,0.0256528669989078,0.0454148378304936,-0.0514840271758017,-0.149725240303711,-0.212915506536607,-0.221440936719673,0.00565518438667307,-0.270416357639746,-0.0147722125088857,-0.0541193037694133,0.0662666063615765,0.035173459856112,-0.0336989411436632,0.0515893514236587,0.0354228327673274,-0.199035604144245,0.000520661161610527,-0.102752352939245,-0.216878284069055,0.318829452650472,0.107009603232004,0.0312943140230504,0.691516794245333,-0.219065011472084,-0.153691703860688,0.625960437766939,-0.130288217551907,-0.149930914597416,0.0351973916364411,-0.0561854061960297,-0.193028290736918,-0.409516152763148,-0.0285765587433794,-0.179376477559127,0.589719832761468,0.396130197713851,0.547552737527406,-0.389225007449836,-0.168111220121077,-0.00426715245820278,-0.15970462003536,-0.0728379022412301,-0.180001930790371,-0.0100759978093069,-0.102432275242113,0.350070271741717,-0.0799283101217111,-0.181075284026857,0.814061587061305,-0.220384408449396,0.835620933499045,1,-0.109410967944004,-0.116963377452677,-0.20193894047786,-0.0474008152156643,-0.153724450455255,0.0315020020836378,0.080717023686558,0.478397498866237,-0.140153962280025,-0.258945720634281,-0.173675303573501,-0.0536930397070682,-0.0511791525660417,-0.136328689172684,-0.0656262810250756,-0.0398828832904122,-0.117215661804278,-0.0786219470697257,-0.08844197340859,-0.0132420241784798,-0.15343905812199,-0.290246812969753,-0.19203784479321,0.00648183795841261,-0.351761016853988,-0.0913113546321395,-0.23653265040723,-0.189726560647813,0.717745648449174,0.752413300065911,-0.0505629507252908,0.686100871324925,0.630486856739596,-0.099173736653011,-0.183999466097853,-0.055679572963504,-0.124290807969248,-0.10195177270377,-0.116068690157938,-0.00384094079412534,0.791823220844971,0.019077942992737,0.696057290506764,0.399483649322838,-0.182268018784427,-0.13574841416484,-0.249406679980008,-0.246818262141854,-0.112665226514419,-0.120335048075819,-0.0450620256151774,0.0339381032242932,0.00863891996496732,0.651297602485883,0.481090283056068,-0.183159329119615,-0.207563038507718,-0.237096203029453,-0.0743000827752966,-0.136800950026207,-0.325484470516391,-0.306439748879652,-0.18762857963514,-0.227358466493736,0.606095854143641,-0.113665139029696
"妹夫-妻兄",0.28489307440787,0.185994013428096,0.16047176223754,0.149638493294381,-0.191780509051915,0.193528391253341,-0.449224852501159,0.114045042226025,0.169655358494209,0.0827748527396533,-0.252836214924236,-0.323270716264986,0.227367226619665,-0.0784677247342521,0.268083334201155,-0.032943759488079,-0.0411086140421002,-0.30881405189791,-0.0963562627608402,-0.0326284434017981,-0.223116178281663,0.217287799067633,0.252164672835139,-0.361212236969858,-0.235199360760667,0.0332910081721265,0.15759272908505,0.466207139605598,-0.183959299351482,-0.264175219787386,0.216362742112622,-0.0920490016173708,-0.328449342213477,-0.342673382237244,-0.129998446579145,0.297382757579711,-0.20521185057503,-0.0473339101959059,0.00963968546791842,0.246627081911856,-0.0429334939900219,-0.367432984374248,0.185651701407561,-0.169172416414097,-0.0631037623898731,0.0368870896101091,0.269645996126416,-0.179145105768696,0.0970471817169716,-0.322858539735051,-0.117677908113794,-0.401882543076247,-0.23200907287846,-0.122055562153808,-0.424622023526968,-0.168608629259069,-0.221441109023163,-0.243158322295191,-0.164655862857514,0.0863618047818794,0.250685977554967,0.0913061744424552,0.219720774962833,0.242370044770924,-0.306327261491015,0.640406987199663,-0.133836294635313,0.174871655402987,-0.0337004235631966,-0.0948901158260664,-0.0266854672865619,0.228926643445344,0.228298589056577,-0.0886427618896374,0.224957806522866,-0.0386831171545742,-0.109410967944004,1,0.262246524634981,0.196826553998933,0.204320086433527,0.0587300139794428,-0.236831434953813,-0.0565376048957411,0.0496508711384778,-0.0587014737436013,0.0829609266892404,-0.110686078749739,0.182462301971159,-0.279667722326161,-0.348583673391832,0.188015787188455,-0.257000576448555,-0.274899849675893,-0.0610785583570894,-0.274847319797273,0.188637185472396,0.0379425697697804,0.131532406872646,0.25328875037754,-0.0988204044757257,0.111872355374535,0.205490567228316,0.0246114582269302,0.266484463321151,-0.123051986097441,-0.186320878238332,0.00129583148325086,-0.207077557282646,0.06276311563822,-0.168001415836717,-0.0313663657656297,-0.0676564567405619,-0.146771167100884,-0.278741221084405,0.617458226288839,-0.00682595332864634,0.0124869732645088,0.218201665997835,0.0501454654960829,-0.0598593765014103,-0.246378907367292,-0.204539438020207,-0.24794346328621,-0.263547312569482,0.43655005143099,-0.39348690777251,0.360223337083536,0.226367824579031,-0.128455518166854,-0.0989881215061112,0.0435298783897325,-0.0568331063865709,0.289416604748396,0.273029085224289,0.200453871629269,0.161960250201255,0.190449383044405,0.0514582161261084,-0.371600390234597,-0.126026298173897,0.0886084618051042,-0.10967012158742
"妹夫-妻姐",0.287400237632918,0.559648523593126,-1.69898106632315e-05,0.0266617404161209,-0.1713247984014,-0.0689512685675357,0.148801863739483,0.133717166262263,0.175142748513135,0.11819818203473,0.0695079467919185,0.106047372076827,-0.0373033148232829,0.0847423934737036,0.0466058708820484,-0.138786629413445,-0.164368081048369,-0.140170633771519,-0.172456053936527,-0.142544427383102,-0.373272147908966,0.221936168965558,0.349686037760286,-0.335231338848366,-0.350298530286323,0.312861147437549,0.12455911925549,-0.0117777564659554,-0.36864275952431,-0.358260758383771,0.422953531069632,-0.482387956280719,-0.228817258551202,-0.195532053070312,-0.167687221719194,-0.0851631645589841,0.078206177013014,-0.114124338204743,0.0160561045976275,0.217005361454015,-0.203577504098097,-0.223022218097213,0.208228442551384,0.172170636285625,-0.160754246960333,-0.118499952641196,0.574471762959234,-0.177749057327122,0.371691582656225,-0.261721020125209,-0.407567983649875,-0.244763763101022,-0.0552516634502819,-0.157826430428187,-0.107726046589224,-0.233672368842204,-0.0577065632339579,0.0131864547633013,-0.152678188241643,0.184144342353152,-0.0321092540687559,0.173026039935382,0.0942926969258747,0.118254530210183,-0.10114292616885,0.18841224328395,0.000263188642092015,-0.0986615811295394,-0.471213805320862,-0.298861375288893,-0.17818604502743,0.211864359054367,0.182761025390593,-0.196991379267941,0.459922681040819,-0.0769995615051701,-0.116963377452677,0.262246524634981,1,0.0500568308744108,-0.184459672844592,0.132333124257856,-0.184468034183861,-0.0178879624283401,0.068224798605096,0.0318920548476194,0.078960613309562,-0.0407443431459182,0.530962989009728,-0.240703163869311,-0.256292113713288,0.446565372311864,-0.165974178650164,-0.222182266582214,-0.275719764845861,-0.0555646797998662,0.580592760580427,0.307863325205224,0.0904075872036113,-0.0805368176664849,-0.165074746186086,-0.081852707846957,0.0550548595631496,0.0978615182105943,-0.133121943790669,-0.149280536795268,-0.266859680270787,-0.322462890299805,-0.179629711762583,-0.0466926915968137,-0.183725202481694,0.0959835619636899,-0.279693949537865,-0.07540638841525,-0.316633785780846,0.444812747233298,-0.208891023751539,-0.201193028518078,0.34804812412545,-0.318799372792635,-0.115433024054713,-0.0160614681969472,0.0313208686771636,-0.32345996761635,-0.136021130673277,0.34271539934409,0.0355586581691191,0.250782777742957,0.154870779134157,-0.184325539514226,-0.115288813831397,-0.162782826173181,-0.383391797577224,0.434231592152757,0.269525652455675,0.468272140765311,0.393117143679673,0.232425829633798,-0.0646950814587085,-0.309167206105306,-0.0545650903941704,0.0831925365017049,-0.146432260038324
"母-女",-0.138263028553078,-0.0480740928176848,0.338507133831658,0.391588324057419,-0.0395232755441401,0.361626948747844,0.0893624650012782,-0.204777805686788,0.023015223764799,0.380096759942155,0.301170706179763,0.0174370217877814,0.369890056670049,0.0570643031280929,0.415462918809824,0.377129791325581,0.172654431998516,0.00713604329799617,-0.0847429486753224,-0.174543933242999,-0.210241066284938,0.00740727251253003,0.0114150299626027,-0.153583945175006,-0.264786317206129,0.0954481670645097,0.444160956391475,0.249753121905525,0.10196208949343,0.159323782048716,0.0623769775929957,0.132423281179609,-0.0962217192670894,-0.135130770515599,-0.130564585410581,0.361841466998178,0.0597529152841071,0.216907707961464,0.453778600966851,-0.0824990902754147,0.109644389707332,-0.196895705718046,0.462316453683962,0.375759086817977,-0.0839134980960678,0.0650267154631188,0.0450189948910497,-0.280260908385584,-0.165477701749081,0.0148814341518532,-0.0933575828862841,-0.326960820841857,-0.0613163404462336,-0.0290587037105083,-0.186726010031466,-0.0697012828934869,0.166095596320282,-0.146586180720892,-0.219679496786647,-0.278989167755781,-0.141529477426522,-0.205785566324628,0.127356681843126,-0.00705929209677731,-0.0761354811038426,0.239702561120878,0.0922269498749862,0.210002063636641,0.106290478505265,0.102861989491504,-0.0652952282725357,-0.331231858314712,0.000991014107730052,-0.228639870330866,0.128398580886095,-0.151981418947688,-0.20193894047786,0.196826553998933,0.0500568308744108,1,0.474648878596273,-0.0565494182721218,-0.255122120468288,-0.0941577214310741,-0.25672057967137,-0.33580772018022,-0.227017227027831,-0.352444114638356,-0.0271341926082228,-0.171807518281089,-0.168421251543371,-0.0688962493007678,-0.240687145888662,-0.281969233743732,0.0926437669815139,-0.202304192562509,-0.0152349808083138,-0.0748398304072621,-0.0382682237933531,0.380384129199621,0.165938896649106,-0.200126889045705,-0.0989511496602918,0.342919408215494,0.564433615157885,-0.15787200056277,-0.129989362648617,0.0421990838896596,-0.165722470398885,-0.24317573040423,-0.162184674682336,0.224720714104605,0.131955456775928,-0.0513276731550295,-0.00777429151035394,0.140923915519048,0.151957342535813,-0.16031040443775,-0.0118009424272629,-0.0325620157495285,-0.142162301063207,-0.0371378170515413,0.149486569462137,-0.0296741222652331,0.0208825087384194,0.133808502756463,-0.0979008897389049,-0.0403854160442969,-0.054689572623042,-0.226166641766621,-0.0134629601837081,0.00732709455643981,0.20433797796282,0.00310004900420341,0.107094777325883,-0.151469584909292,0.0121050024510423,0.0633014681339199,-0.246575842049408,-0.0524250339634596,-0.218868987359611,-0.228383589838258,0.211751061502106
"母-子",-0.123231391313637,-0.21153311696855,0.192904073087374,0.198506985371331,-0.158002426672508,0.0542900364010216,-0.0825919612775512,-0.0122527731126042,0.000362251506587411,0.269767155002785,0.102451483326041,0.00964274550738038,0.416153362628782,0.0989956766562595,0.324120817974796,0.352754473596668,0.0782956970306142,-0.215591731342183,-0.0127583626560614,-0.104203618330645,-0.168647379953969,0.127439330237617,0.0413050600210095,-0.280946919384665,0.00541551329617204,-0.085307757257557,0.350297268150585,0.313159756327167,0.0800056092044265,-0.14057651878156,-0.0277656543404618,0.344665491214259,-0.0524108698661605,-0.160884359205151,0.135501895676911,0.559146434069854,0.147100518981088,0.0738168201503624,0.28956086290719,-0.008795838233907,-0.117682497162838,-0.273444769269282,0.220126258193604,0.0144343114406634,0.0698821737796478,0.0941574530618218,-0.00257923193263026,-0.0324768403673993,-0.196107781391464,-0.201028092402482,0.0913964310217681,-0.268705173021863,-0.0427415366899662,0.0962430845640639,-0.192501528095373,-0.0305094978216045,0.0138263934195195,-0.0174418689916625,-0.16102616044432,-0.110755305150801,0.064301632540636,-0.202223466079334,-0.04300694104518,0.0738653926798188,0.184286272842127,0.30073324293248,0.081637976117519,0.243070495959568,0.195315780131427,-0.00982444505370978,0.0465397903761541,-0.131468831704345,0.0726450719339711,0.0374165971057695,-0.0404457559210409,0.0137481935452974,-0.0474008152156643,0.204320086433527,-0.184459672844592,0.474648878596273,1,-0.265513737650446,-0.0520953373133851,0.0611402966855409,-0.129812339442313,-0.250692513663406,-0.268356774121603,-0.409324698841282,-0.0372486613565534,-0.193524794494405,-0.214352633857955,-0.101272987716411,-0.161831417558038,-0.125567002677387,0.0305419236934387,-0.215510137505992,-0.145712713246172,-0.238951583507353,-0.179597527037689,0.2629050534993,0.00215153196441083,-0.240643222286097,0.0164546155435473,0.237711811497163,0.583557233570357,-0.0647228969304752,0.0538282333078556,0.146009020453955,-0.0386996246470899,-0.0326282188089901,0.196704756692143,0.246852961195172,-0.0113695287365162,-0.128346749746216,-0.214522441033003,0.118500021308347,0.0620562962974858,0.0682828903905333,0.071116183179486,0.0781775350072941,0.0535494329056759,0.00154058067695909,-0.0212926824082312,0.0208170435165068,0.0746035298785444,0.185666868007075,-0.211857611297737,-0.168325797090113,-0.0447763304100166,0.0177754920774998,0.0410980605316558,0.0677271365211465,0.0728779625626703,-0.046293255180044,0.0779038691460852,-0.189467397042305,-0.0845458717080503,-0.249545907006589,-0.225657015928463,-0.184721708967269,-0.404132872408839,-0.106864291048215,0.297961144124663
"婆婆-儿媳",-0.0132409677587196,0.166916000576788,-0.194417082243301,-0.331451635458091,0.0186407758863995,-0.0399191032749782,-0.142818580946042,0.0591510496931324,0.108038268273697,-0.315618273638162,-0.180742563869147,-0.227090066096085,-0.212330215907902,-0.218404687550219,0.0620343170903803,-0.293365463858018,0.0624217996825637,0.446726356448303,-0.275051122341053,-0.034184014550104,-0.210255099251721,-0.242841299402549,-0.105602916414403,0.196976894267764,-0.128336292413014,0.0374563034848372,-0.415638572176597,-0.0858121762546134,0.0565803490240555,0.281837976465583,0.135002952397577,-0.0790338375821515,-0.147210850396536,0.24798859212963,-0.259631735411964,-0.238833152287782,-0.293957296595715,0.157073439534504,-0.0404568713871353,0.308011577748078,0.0937803543175318,0.197679854344296,-0.0380803292588533,-0.226176571370719,-0.105777863123359,-0.00117926738529715,0.129325930046724,-0.251841132768267,0.0485141641462974,0.298085861823321,-0.145649473571949,0.0522800658188247,0.288449950539345,0.105516752879532,0.259682452346992,0.186679893390801,0.00862482518991049,-0.338674953570332,-0.295504365642725,0.103320589379491,0.0620647262758688,0.246467404641963,0.0904821699457343,0.090520172686829,-0.193508759069479,0.079984493551171,-0.437377394917224,-0.414364838219151,-0.0122829381965562,-0.119493080287598,-0.112078516027522,-0.00714322029920371,-0.0619017585297132,-0.249519004182966,0.140104905769895,-0.0768807064381973,-0.153724450455255,0.0587300139794428,0.132333124257856,-0.0565494182721218,-0.265513737650446,1,-0.202005470701916,-0.227984120215679,0.0403406235712951,0.430473108752067,0.542962513074453,0.279045555020314,0.212078393075939,-0.0322014441784868,0.0358519155979554,0.0862487981723981,0.0653459189082568,-0.241053808413916,0.167233112004961,-0.199534904161228,0.247637858738401,-0.0111443030448914,0.00246518495140921,-0.313337990277493,0.0890188394623952,0.231371729662562,0.396040519815413,-0.29402877048074,-0.202246581488591,-0.139805224600523,-0.155742884080194,0.076369971172157,-0.103507410329199,0.0617983000220263,-0.419090186178997,-0.244327850734535,-0.0554040226393578,0.0906655781269315,0.348822236780611,0.120037304171439,0.07368501931138,-0.228140786655866,0.146303104044193,-0.0470089136810962,-0.133977264878425,-0.350423672995257,-0.144242880015662,-0.250541967975863,-0.180725942282427,0.0673729309758802,-0.189529501721584,0.364618932532054,0.321517042366051,-0.267320152477503,-0.186546995136347,-0.262496203028222,0.0720563997716689,0.0636314990201849,-0.0551055758016604,0.0327144875586861,0.035246706930433,0.0529406344889165,0.144793312190985,0.27555143507341,0.465719346208567,0.204342026207974,-0.275270834397809
"原配-第三者",-0.187966002502018,-0.233470506774479,-0.213557575545024,0.0826956105348694,0.0476192770927534,-0.317426473301227,0.0631207458988825,0.0460931984002967,-0.00650031424558689,-0.0199491884906243,0.0600313633480702,0.136540136682864,-0.0321083249849,-0.00970943362889767,-0.31106859999117,0.00803762938416243,0.0765610235636279,-0.195356598503128,0.303794787504929,-0.0593568643591599,0.341194560405642,0.159820800022351,0.0633129929387862,0.223588339745876,0.451944280468785,-0.132973015033433,-0.00982492640648164,-0.242812496588224,0.142172502474873,-0.0944404109601854,-0.124320875371656,0.0566877440988192,0.53647305397641,0.0168061452005501,0.627530963605295,0.148039885938481,0.129474664246467,-0.293942875027696,-0.179161302356165,-0.0785689523201165,0.0618616381569301,-0.0124618350510797,-0.192501699148957,-0.0863635553652681,-0.112719433585535,-0.049161506805216,-0.0529062157267759,0.1801100837911,0.159371992182245,0.0547839315956336,0.0468000398752227,0.356760381461245,-0.0133157196920938,0.084559469380964,0.159360431237496,-0.0270996327177866,0.196862927764377,0.503160945217392,0.404912392977603,-0.2211036771344,0.00153066688136042,-0.243833554743691,-0.297963680319734,-0.299149557637145,0.169862566793662,-0.254089251975358,0.166310520067976,0.00136541957814672,0.077236547178049,-0.165377344946851,-0.105081322786118,-0.0730911652250665,-0.0145121406769444,0.00142879578232194,-0.334559144608082,-0.0884098139538001,0.0315020020836378,-0.236831434953813,-0.184468034183861,-0.255122120468288,-0.0520953373133851,-0.202005470701916,1,0.39444328794988,-0.174163436124362,-0.0212357182791772,0.0528838980065746,-0.0482159820162372,-0.227434044950287,0.551493988069661,0.374458528352203,-0.285355585118069,0.186086462034469,0.324335423992872,-0.136535732959883,0.371744642059818,-0.146638157281307,-0.0929171324763957,-0.139252109998001,-0.140170163636176,-0.134179694627978,-0.0159702217946466,-0.0848239221602069,0.0391901580282212,-0.154538354245683,-0.0876240943575078,-0.0446859428331393,0.110194519909478,0.0194395774090465,-0.171877408961317,0.20946583018469,0.0118127979838412,-0.211344148027145,0.135055124742286,-0.0797946346306397,-0.435322138449966,-0.0854712660213408,0.0340298699736598,-0.292139973440488,0.0268671443448051,-0.0772796474680444,0.2483559824158,-0.129339317503448,0.38119061915877,0.0118955427801389,-0.111772306173509,0.348428855809969,-0.410457669140591,-0.272859395209119,0.453261931760019,0.0922542071924498,0.142350521222366,-0.0110396366880565,-0.215955612347735,-0.00662223377313923,-0.237900174269259,-0.266535870155927,-0.384728815001773,0.298752042349493,0.0987273898767315,0.0203325082718056,-0.106748456860242,0.0584474231259776
"三从兄-三从弟",-0.024090807987075,-0.0529084288456593,-0.140874092153412,-0.0206091365503357,-0.266559230285249,-0.191103430665704,0.116114538364729,-0.0186648827875265,-0.0392176121932255,0.108834887080848,-0.133099025961145,0.0536656327216933,-0.153305758600037,0.131313972768952,-0.080188380011396,-0.0743359013586851,0.0429922434953691,-0.114638665576827,0.323949531425961,-0.0257579293327521,0.389853744781126,0.0249053273274473,-0.117842987032553,-0.0122150668597707,0.239691446463351,-0.267535985649159,0.074581627841203,-0.145005769324838,-0.0532676193471522,-0.135524307393265,-0.0584981434920149,-0.0206685707578304,0.294558941856559,0.0822743136184523,0.562435237625517,0.105657456766281,0.0353430753676908,-0.207423642796841,-0.161662540856548,-0.156026096400377,-0.0540500271611879,-0.260600812247777,-0.196741901559405,-0.0629411442837812,-0.0408370272191348,-0.0345266268946733,0.0451125993257502,0.271791077199239,0.188772578528511,-0.154107479705324,-0.0127058304000716,0.163828956236,0.0240764804834758,0.0778127026124812,-0.0118075583582623,0.0410644607349322,0.256121976242217,0.425472342160415,0.395775707569099,-0.0537500636825751,0.107676063925891,-0.119285642440151,-0.263158741354623,-0.172425292692294,0.090474025780673,-0.11550134087328,-0.129614197905156,-0.102635129137304,0.0296428696163602,-0.191396143064812,0.00671514736460968,0.0607085932515331,0.078269452280078,0.0605570308716276,-0.10630917860078,0.00265341313008953,0.080717023686558,-0.0565376048957411,-0.0178879624283401,-0.0941577214310741,0.0611402966855409,-0.227984120215679,0.39444328794988,1,-0.0956164959112661,-0.152581734354645,-0.052569006849983,-0.22106410855725,-0.0682703032366172,0.314647491402806,0.119078138012925,-0.0685905241146059,0.157561164967551,0.149299698373485,-0.0386356011662838,0.234255736122015,-0.0708145521800421,0.201104791346792,0.0868085384612263,0.112166773004668,-0.281692516433934,0.0807268666987636,-0.0688420672535856,-0.0933425091525733,-0.0438132165528586,-0.096542994427561,-0.0228056829760491,-0.0930248286342828,-0.0446229085459894,0.0303366194688204,0.0820068222608652,0.0730611252068778,-0.281262682672059,0.00246892963932782,-0.398004811717727,-0.135926657361569,-0.169198560595621,0.0808817183581391,-0.187235303465954,0.044806882229401,-0.0103279038572442,0.148827174146456,-0.182821950989969,0.397173148486051,0.0533089142948039,-0.00675290420137226,0.107585812754929,-0.358122393595959,-0.278111411417335,0.659687933632574,0.0713061346718296,0.167635128966517,-0.0407913707043339,-0.167345447862607,-0.0401683929217642,-0.0822639650301152,-0.0891954928375987,-0.199816416680623,0.101263319179827,-0.159335745815655,-0.192254605316312,-0.0830056230543876,-0.00650614859709615
"叔父-侄女",-0.0997474513109625,-0.103577918656762,-0.340468927726747,-0.179054497681964,-0.0668521825898227,-0.308409640669498,-0.231185660058072,-0.0972211890893386,-0.0188756517078236,-0.465668395489343,-0.154024287055467,-0.179920816234954,-0.094855640171945,-0.227214427300535,-0.039610694756764,-0.158176749713508,0.0281186480630201,-0.183072436578071,-0.246749505446096,0.781152034982999,-0.174180752825786,0.187828407424391,0.091339425754311,-0.227796365083479,-0.0849487544637486,0.305496645882228,-0.0908801046621231,0.108682633651587,-0.0571869867060062,-0.201690607508519,0.0471341367877315,0.0633395860135996,-0.259265474591085,-0.066804898486623,-0.223772319086727,-0.0246678720276926,-0.0661745864161728,0.0112662205405032,-0.23340182546952,0.30709988580638,-0.157380669881315,-0.168920324840445,-0.0548495825774144,-0.335775217804696,0.234027098596212,0.12481235872185,0.0188220162809953,0.335636237606232,0.075325468041635,-0.102344524773549,0.380870590470858,-0.306357312900834,-0.0667043311131043,0.15680069656589,-0.19270277900965,-0.278767245254036,-0.382666204166041,-0.187816863999156,-0.089090172244287,0.617982235201244,0.491180760312805,0.65397247789239,-0.130024627445482,-0.00673805784739849,-0.207945878064749,-0.0618100543133111,-0.0573798491131277,-0.190920716050686,-0.00439710711014621,0.00228215554097243,0.191938485162986,0.002571807159761,-0.043510070399727,0.57941953789582,-0.110171068123704,0.401048165756007,0.478397498866237,0.0496508711384778,0.068224798605096,-0.25672057967137,-0.129812339442313,0.0403406235712951,-0.174163436124362,-0.0956164959112661,1,0.0583028168225805,-0.0822175859231896,0.0433001676492976,0.0768836492343595,-0.240514868595164,-0.202959107575886,-0.110477917798443,-0.178840155132989,-0.192557236219055,-0.105981011045019,-0.195545456102512,-0.0687566906601746,-0.108094124147353,-0.165709656654355,-0.265527098344207,-0.0659867745726381,-0.190366979525199,0.169782273242882,-0.0156429574721107,-0.236468423097668,0.352877857538001,0.293986458653241,-0.0429342374115364,0.537723233765449,0.650157675613738,-0.176592526863161,-0.39346905703238,-0.23712785258763,-0.120105619191595,-0.0188207062950404,0.100866071241281,0.0396332603708827,0.512247131456343,0.219455109187564,0.301640333857819,0.310985651766688,-0.337332952835239,-0.381824020080643,-0.309021329703189,-0.357702250196862,0.024748153100836,-0.231919672618178,0.126176190552454,0.304640033178323,-0.199536167557549,0.374768345753526,0.220098488872309,-0.126077545188912,0.166304338621326,0.0525771648161699,-0.0985350537678844,-0.140749455622312,-0.234953679584522,-0.0236248280131235,-0.123034950598955,-0.034993395638252,0.581131314883443,-0.170421231989197
"叔父-侄子",-0.117866303783636,-0.0531514561276395,-0.236688968615188,-0.449992704813787,-0.201622649593541,-0.227255797561586,-0.0503856857727775,0.13940069925061,0.0662728312104102,-0.174785424689654,-0.113538892459927,-0.0461422779335362,-0.204443596284552,-0.280675642079631,-0.102603401279784,-0.340038761870625,-0.11334398724924,0.239363368185596,0.0446749265336483,-0.061227397888873,-0.0362387268577456,-0.1428711002445,0.085885332484258,0.361506249896154,0.0520721068759513,0.0791921029023403,-0.4108537880515,-0.0858802795288052,0.0125254326812115,0.177607567994615,0.0605266847159426,-0.0664319621279069,-0.0543790270834392,0.30393715949498,-0.00715278997110732,-0.245058921327556,-0.206194960692334,-0.0607647305056694,-0.148526211700377,0.0687220001549085,-0.0250079026025209,0.104742354604624,-0.232489964297859,-0.185954587603188,-0.0774485804255194,-0.0685115543728701,-0.155392000066232,-0.112345179922692,0.346245092404212,0.210228442075236,-0.138013913425597,0.203543882440655,0.165413808959564,0.0827260833819586,0.19026408592512,0.159680639344336,-0.0500938801644841,-0.152997802184975,0.0829894793040242,0.0779766362797668,0.115737947757515,0.0323871269741652,-0.0262047051777202,0.0596723132338734,-0.0145347327211445,-0.00363040353920868,-0.288255371945847,-0.302903807376601,0.0911162146400789,-0.174540792997844,-0.0689177344155827,0.137801389282185,-0.0964381115339314,-0.161082813253046,0.110500772026513,-0.0785794648428893,-0.140153962280025,-0.0587014737436013,0.0318920548476194,-0.33580772018022,-0.250692513663406,0.430473108752067,-0.0212357182791772,-0.152581734354645,0.0583028168225805,1,0.365257779562616,0.48802426081836,0.124973446543404,0.0581383396157464,0.147009365006907,0.135768652283651,0.152838544999146,0.111098111719202,0.0987890982161685,-0.0318818372517279,0.0173336806805261,0.0369484730525719,-0.0963280701027166,-0.41528268793304,-0.174108913574203,0.205364296333431,0.288487214748435,-0.337937753876248,-0.260134491350599,0.0120753822586472,-0.00282817325546361,0.0528839999058402,0.0209095013772761,0.00252151224882435,-0.131880606377444,-0.109689944727184,-0.257677065733893,-0.149770830813868,0.0978791235381446,0.0409184374983166,-0.0810592680078785,-0.216392898036558,0.0800895279197487,-0.188990045104687,-0.0913521783229749,-0.347950896899684,-0.0712030003749198,-0.0894599683067755,-0.221818116621635,-0.179758470138382,-0.164596598955828,0.124241997582954,-0.0316332958341192,-0.0882183892080495,-0.0342695689046596,-0.165023526187144,0.00295571530498076,-0.0405702878768619,0.0733313062598985,0.134591663889956,0.205808534809935,0.0392123554398262,0.311730122615901,0.344578147273905,0.602448945210583,0.237083787141878,-0.26962992669736
"叔母-侄女",0.139741319834526,0.249402946872502,-0.29020027732813,-0.389725555013136,-0.108746558806053,-0.132480248397412,-0.126032874235632,0.405435548695606,0.263334653035812,-0.245764810613348,-0.347864525792087,-0.120903294058859,-0.244486049567335,-0.113024448034367,-0.0635624667597068,-0.322505634996941,-0.0765708816880459,0.165369710371469,-0.126287479004814,-0.138545160358646,0.0790803285476359,-0.320664592250995,-0.176747823532129,0.139804468259227,0.179599454645508,-0.237378191936794,-0.4421296091226,-0.00839899504132208,-0.184798550927917,-0.0260867559799517,0.114752979952391,-0.247917751906573,0.150814151228062,0.165654471665165,-0.0306120280308847,-0.310383997167518,-0.285307447440185,-0.0445377112891753,-0.227026242837955,0.0921456657710379,-0.0435120391413524,0.0634830347897384,-0.247926280800485,-0.36276327502113,-0.190749264547238,-0.1674733855367,0.215298637340776,-0.170572286257212,0.154766317859303,0.0384022935872034,-0.355760110649246,0.235097139987485,0.141669240908628,-0.0757799474371957,0.225039219572794,0.117515581795133,0.116809614036171,-0.178038658678654,-0.0519676982292488,0.0216706339862316,0.0377982906699866,0.0815189534498612,0.234120910301188,0.275843955924787,-0.00725209253508579,0.107489151742375,-0.375738494316602,-0.253698046808438,-0.0857359766064322,-0.192780197223786,-0.213107314680867,0.285588904698805,0.197709131363541,-0.336273298435839,0.190926761677936,-0.185175776676734,-0.258945720634281,0.0829609266892404,0.078960613309562,-0.227017227027831,-0.268356774121603,0.542962513074453,0.0528838980065746,-0.052569006849983,-0.0822175859231896,0.365257779562616,1,0.269004379446645,0.128020232023855,0.0997692375204113,0.1448778558378,0.161627138271962,0.200337008627788,0.170488839901171,-0.0137182843485407,0.218688143308724,0.226948374082211,0.193117714180267,0.268894034356926,-0.293308332487184,-0.0284727293465861,0.519447814025523,0.316243679335794,-0.209873155701673,-0.326686051874026,-0.289478302972095,-0.242503112731244,-0.0107406845450408,-0.276296408942154,-0.0657866337808733,-0.140334396245772,-0.284984523504402,-0.0658447997863831,0.0778410145113569,0.0977071066116298,0.0857895398669615,-0.0993540238266224,-0.232082502986717,0.220606651708245,-0.10762524222467,-0.21823625356591,-0.0673369123002996,-0.209790380387056,0.0368647004916821,-0.00467029414296659,0.243813865587191,-0.0225745155424646,0.157416768725679,0.0758031068205387,0.106985552550054,-0.360351640111115,-0.283820144207025,-0.0632987205218411,0.103919435424176,-0.187075336508192,0.252845554940123,0.0744957113801478,0.0589304791669628,0.42652898941942,0.105955118600356,0.425308606429713,0.114519718089547,-0.29965932533729
"叔母-侄子",-0.0691621025544301,-0.0445231708087558,-0.101879572214151,-0.403981748201125,0.0286395910550761,-0.0321588673147492,-0.0629878420223896,-0.0690385874648038,-0.113986613053251,-0.258917405059824,-0.126210340047207,-0.159720788717304,-0.361250357513319,-0.356261763679071,-0.231913573657038,-0.411499257211434,-0.159844797015412,0.153329917293559,0.297180151474002,-0.0555254426788375,0.128607503286975,-0.144710616478359,-0.0824645257078812,0.53383866853477,0.0688518421007782,0.0679699628498814,-0.41726049451111,0.0974719709385922,0.0680783130163159,0.351245444799765,-0.185035074174935,-0.0463674380830688,0.0294619867157503,0.213222717798041,-0.106892627613932,-0.380411983044159,-0.329590399770527,-0.18431558844216,-0.280001529210083,-0.021063597234682,0.119218862414269,0.279330159740264,-0.355908655324504,-0.0726860219638244,-0.0181405566618698,0.184474990807546,-0.254573448989231,-0.151665479825883,0.256816941607015,0.137144761398775,-0.0733914120044524,0.268428801605874,0.179906289676092,0.0964774972662486,0.15694954450764,0.35215762560348,-0.0660201546886055,0.0923292154616835,0.156814037400087,-0.0236728335064108,-0.0232641948301768,-0.0560539028962859,0.101253179562586,0.0395889099538336,0.000767201162759763,-0.0940711180578566,-0.255362232627153,0.0114934198813618,0.0366772116451661,0.105273512629187,-0.0398682765410629,0.275091646547725,-0.186418851441188,-0.0697314707404242,0.0597986565155168,-0.164845364390476,-0.173675303573501,-0.110686078749739,-0.0407443431459182,-0.352444114638356,-0.409324698841282,0.279045555020314,-0.0482159820162372,-0.22106410855725,0.0433001676492976,0.48802426081836,0.269004379446645,1,-0.0818369528907079,0.0602513377641191,0.234266485210132,0.219101519096938,0.147815871120985,0.282992364687231,0.198008429985463,0.104311316076647,-0.158489644377368,0.00558635613926008,0.0831668128439301,-0.414371848984813,-0.087264127482411,0.327953353934879,0.12628033824654,-0.294192970067933,-0.361123845773284,-0.107038202018667,-0.0738220776230515,-0.0933412826442041,-0.0075545498018331,-0.11660460375335,0.117695838485068,-0.228019668403571,0.0566774004122509,-0.106520287749929,0.249767294150823,0.053727199522771,0.18885133951677,-0.151633844654295,-0.0998447563349859,-0.240083710209708,-0.100592632382701,-0.139187205945318,0.0577319844227736,0.0202589954120276,-0.225124223258905,-0.366916889417817,-0.118201459944365,0.15860605007664,-0.053814901002774,-0.16823448696107,-0.110878411649908,-0.190715613038734,-0.0619931097937447,-0.172102162578908,-0.200023156737681,0.229178731037224,0.0368529633968632,0.339084210028577,0.374351131615768,0.273201474575775,0.669623817503999,0.00474078190373659,-0.376936777035268
"叔-嫂",0.192783108474232,0.387509592027274,-0.185062627138917,-0.159518187893718,-0.269741641438137,-0.120630967778974,0.0781880442969473,0.340139508238955,0.307003330772405,-0.00551005429465009,0.101271102095141,0.104214217456522,0.0519238810174341,0.285673202065308,0.11788552582817,-0.0442886475040956,-0.0612237994527021,-0.16720211202782,-0.19328362683437,-0.00272361890128741,-0.358831879423748,0.153442695680439,0.280909406569021,-0.233803741651236,-0.101628096293239,0.3157949416483,0.000844645980498587,-0.0200557204142215,-0.462719623724238,-0.37876052066245,0.560260713869824,-0.38953565637546,-0.136650237167929,-0.0582755408038971,-0.206404293117608,-0.0331580614208367,0.272463830237899,0.0506749482223729,0.029452360019273,0.259215864610244,-0.449201064383345,-0.271844212797095,0.11604545916697,-0.00936774248268523,-0.253341335402611,-0.278941083418525,0.591827179226468,-0.0908462088105707,0.114301024270063,-0.22887018046432,-0.340525627901415,-0.0438783003633215,-0.0276481042651415,-0.0742553464854648,-0.0391104568073861,-0.321945974641763,-0.0447862996016489,-0.215178735671339,-0.156673653771641,0.28795666742612,-0.0137405445521159,0.241505196029821,0.114648290581759,0.159877869676632,0.132895871678927,0.0344607956885058,-0.168667117040392,-0.269882870485095,-0.451882157982227,-0.40622867396124,-0.303005608855207,0.234431080269937,0.280785746827388,-0.0859658997876028,0.286207476526037,-0.0141914976189389,-0.0536930397070682,0.182462301971159,0.530962989009728,-0.0271341926082228,-0.0372486613565534,0.212078393075939,-0.227434044950287,-0.0682703032366172,0.0768836492343595,0.124973446543404,0.128020232023855,-0.0818369528907079,1,-0.141227231277238,-0.197521620083253,0.368873951642676,-0.127944129263118,-0.261667949705492,-0.258210134643658,-0.236684115274503,0.4756778897014,0.220176076336598,-0.0101344168383632,-0.121759363177392,-0.139560842888266,-0.0578123465215912,-0.00152753967533207,0.136675072392146,-0.223053307688718,-0.0311977209988447,-0.124484432763278,-0.355569687910173,-0.0428128086160788,0.14505099940195,-0.0558815948238273,0.143049113514254,-0.271723262444527,-0.176319595531827,-0.226837443888482,0.178032083415962,-0.32814646628733,-0.272824550593944,0.240021354234754,-0.252963119224139,-0.249814499601318,-0.088226930203574,0.146838456665198,-0.317902629954655,-0.0335166198124635,0.322070367881257,0.116108595905857,0.365018018876048,0.322103549150863,-0.1734190276995,-0.138273003128988,-0.215391109588976,-0.461816951819889,0.462302748520492,0.237264200040844,0.282544155643051,0.238572870090093,0.0774636865635227,-0.0165227165656681,-0.176186346955956,0.0167923136344595,0.192573534825652,-0.00240526336479017
"继母-继子女",-0.232033724932105,-0.266097051687904,-0.268684599669024,-0.210062879720123,-0.0338910532809868,-0.193993083971864,0.0892910944461578,0.0188904807170343,0.0043139608967539,-0.117731089475671,-0.0159988483395158,0.221226734530987,-0.214417374278585,0.0815711278145208,-0.297101278131623,-0.00623676949288891,0.0518901142155912,-0.0132419180587686,0.335436054556313,-0.0149344445626772,0.572683492651623,-0.0124778473501067,-0.162545551831824,0.391121707768591,0.570096128712108,-0.109479693730549,-0.227923776701409,-0.218170034846419,0.0391964697441153,0.0680039630520598,0.0192158239724392,0.0580979981433625,0.415516084302468,0.106109597678908,0.453648197723548,-0.060555826715426,0.0597698408615987,-0.0116977794124349,-0.186626854660291,-0.0429880068970038,-0.0128443351504802,0.0357986341520241,-0.280899026729865,-0.00164585767014821,-0.286289324661561,-0.0560619617994063,-0.048496403687362,0.107961551017895,0.0916511289527614,0.0895434930463628,-0.0822150421330829,0.536581328012146,-0.0972881881252917,-0.0805365360793013,0.196539801258663,-0.034787022067649,0.249772706471424,0.266299702523588,0.549740379353057,-0.279474063028376,-0.144376492252521,-0.208331295783522,-0.0608537827798188,-0.133454448777478,0.2916166897252,-0.344861988243005,0.0448001996358606,-0.101734734052249,0.0716759591274764,0.00684481923278673,-0.261570555392515,0.00154720476558501,-0.0646322166889048,-0.054249512460267,-0.296085936341927,-0.177443788740582,-0.0511791525660417,-0.279667722326161,-0.240703163869311,-0.171807518281089,-0.193524794494405,-0.0322014441784868,0.551493988069661,0.314647491402806,-0.240514868595164,0.0581383396157464,0.0997692375204113,0.0602513377641191,-0.141227231277238,1,0.65200097458122,-0.174946186353407,0.281838723747085,0.373021948361908,-0.109645100678588,0.307307726951425,-0.186309629129221,0.115152588317991,0.0653993103200888,-0.123542743313221,-0.0209907565812218,0.127338909872695,-0.297911681145958,-0.0763246103751994,-0.170498999618362,-0.145060020189934,-0.0462747242807401,-0.102297025969733,-0.0259731803871525,-0.166266713881568,0.138299414500815,-0.0350425468146182,-0.0179096674109786,0.0286721355359873,0.170680391731214,-0.487417553198826,-0.0647200821368037,-0.160223468691611,-0.2448886035457,-0.126587655400019,-0.323290321952886,0.111236873815565,0.0354211853515973,0.475208353302803,0.112882299449661,-0.25114880436405,0.306202728278245,-0.187820322603373,-0.135262090755062,0.397221443753581,-0.0566865328728411,-0.109779562208431,-0.0604251342855028,-0.207541871805981,-0.0945301539326422,-0.199404363211835,-0.110249735609185,-0.0634822188068029,0.430204498585673,0.11863692148307,0.125814971347032,-0.103059576355986,0.0650153730753483
"继母-继子女",-0.273748711806566,-0.296769849454511,-0.271574408993303,-0.228807182626158,0.0940193004259336,-0.177447624773444,0.148264514983475,-0.058334837584161,-0.0184203269625394,-0.141544896034557,-0.0762035710480481,0.252650051847242,-0.196690939251093,-0.0229133507755508,-0.35954647607813,0.0253338521467001,0.103609236490153,0.112903773820257,0.275502783032958,-0.0280488040487509,0.398534057564032,-0.111960572196071,-0.153206871631366,0.464999348286183,0.384834808953176,-0.17231992200753,-0.289450337750676,-0.290425007362367,0.113314478171581,0.169498817279293,0.0323891201435759,0.0465433516822722,0.475975423485959,0.18233277806064,0.213327767221905,-0.0939111690231961,-0.00184076062670323,-0.0200544308718137,-0.213385985023469,-0.00755159423472608,0.110578752207767,0.231017541048095,-0.291499205153732,0.0906228182997065,-0.239609857724066,0.0905128327880252,-0.133321075596661,0.0584805877399702,0.0221971168500855,0.159345867478921,-0.117001636998815,0.529880701730724,-0.0718331582413652,-0.128073436683495,0.289998674163473,0.0908653338761258,0.168696817302239,0.0945135725210095,0.473075591771874,-0.344002770816848,-0.217956290559829,-0.247587565320166,0.0771292411769931,-0.0825668051800794,0.242844999056305,-0.363556789912927,0.0191632675610069,0.0156347125931269,0.0928618261947747,0.158872282359652,-0.242617588205568,0.00129615614287403,-0.0929122763078241,-0.122948228906747,-0.281309294762692,-0.255447506035986,-0.136328689172684,-0.348583673391832,-0.256292113713288,-0.168421251543371,-0.214352633857955,0.0358519155979554,0.374458528352203,0.119078138012925,-0.202959107575886,0.147009365006907,0.1448778558378,0.234266485210132,-0.197521620083253,0.65200097458122,1,-0.206558024712142,0.200906935054552,0.401223977121068,-0.0588066337642407,0.313596151464466,-0.320179289276645,0.0454755074883554,0.0256421489735412,-0.126713799440439,0.11412007176082,0.24103941843212,-0.235080779187277,-0.0377216468013544,-0.136692272132226,-0.150950528006574,-0.0841781338420288,-0.0144205797671285,-0.0895604245165678,-0.205221573766111,0.141144871647058,-0.143246577077822,0.126372292095652,0.271244079900064,0.377561281519562,-0.461592714611222,0.125621703035068,-0.230887520977226,-0.219513568090319,-0.156556325969552,-0.312983855156671,0.097687819618143,0.0377571622765637,0.346773092049516,0.120238370269981,-0.288053097319064,0.249836385597565,-0.199705221084874,-0.106618704100387,0.173158359735775,-0.0875791677795824,-0.0677757671945925,0.00942923019134293,-0.178103405482072,-0.131734232564387,-0.222962014866473,-0.150752580631165,-0.0618725380478045,0.363567609523761,0.232664071337853,0.243749607924242,-0.157781062067439,0.0112328404425658
"堂伯-堂侄",0.510621263066783,0.61832882796899,0.0967549846071848,-0.313531692866306,-0.212279368806386,0.0735516276438712,0.0183199046766328,0.143733428158659,-0.0106716887774347,0.0566320021999516,-0.120953474501075,0.0111984369105753,-0.331260212058827,-0.058215981019833,-0.00280953014987372,-0.349580092668874,-0.364808156158501,-0.0186184139050439,-0.0458709941981131,-0.191990610260372,-0.124870974816539,-0.0221589501512981,0.0657076865259455,-0.173965500371895,-0.169791372403704,0.00922002744209535,-0.170376215438089,0.219234851440397,-0.438875864532162,-0.22564717667868,0.225233382743032,-0.432681022065324,-0.360386448867457,-0.252873900563592,-0.153452756786901,-0.305773889663753,-0.13706289056927,-0.073823266234825,-0.0467339368096266,-0.0562848470271796,-0.289655737933368,0.0168516416574359,-0.157329670120393,0.00216067322750252,-0.0756277840837372,-0.185759834537619,0.364033399896441,-0.101350546563062,0.311458355847737,-0.391343379207504,-0.282240887986172,-0.123601314748728,-0.175325996568564,-0.244758811834983,0.0290834825163487,0.0283324257434235,-0.116371560742583,-0.0887995551263161,-0.110212792150637,0.136680029171404,-0.0317551131819741,0.0390911100323099,0.256205522163504,0.435914385943646,0.140070198627487,0.22367754084402,-0.193916052066343,-0.0198823283495702,-0.437908867302281,-0.175046351712339,-0.0558770890120293,0.465098760872143,0.102031887679215,-0.0934381655954696,0.633011084664091,-0.0407111555386976,-0.0656262810250756,0.188015787188455,0.446565372311864,-0.0688962493007678,-0.101272987716411,0.0862487981723981,-0.285355585118069,-0.0685905241146059,-0.110477917798443,0.135768652283651,0.161627138271962,0.219101519096938,0.368873951642676,-0.174946186353407,-0.206558024712142,1,-0.117231205026698,-0.0769255919446806,-0.176420824025386,-0.0749418140882755,0.500261755411547,0.541520955168286,0.360651279854934,-0.0210446935572552,-0.0955045792577589,0.151036680421406,-0.062232528674065,-0.24423374025963,-0.201551170371818,-0.123263138122409,-0.0393512155735992,-0.387538683397133,-0.119082485280201,-0.0767533529010554,0.0678483276420702,-0.0288567604507457,0.0260330024311421,-0.174567346209179,-0.258302343760662,0.417714875968104,-0.220087825435261,-0.15178649465,0.408276743939173,-0.229645569364878,-0.13396418383617,0.0306724484438549,0.12501118418006,-0.231066593607807,0.0121309487660879,0.218392752907647,-0.0942412607747463,0.283162951993948,-0.00542940069309849,-0.0627341098979996,-0.196582546139341,-0.257353202003607,-0.406488481121228,0.174552995568939,0.0791160266634032,0.776201001400616,0.434813502214844,0.410845026758106,-0.0409693341650658,-0.294720081619625,0.0854735321797875,0.0784979495005449,-0.241754525561566
"堂兄-堂弟",-0.246624722472884,-0.232504731762548,-0.0857844348719832,-0.228862775814224,-0.0507393318538241,-0.111845942894861,0.1408775936206,0.17434250182519,-0.128707240504963,-0.095423890296574,-0.0857466670214704,0.150118978060966,-0.140891457719879,0.095855846322461,-0.144413451057542,-0.362167388738004,0.0264075762763853,0.187102744610444,0.0992225687509398,-0.188711580135512,0.197479208003363,-0.248431648019737,-0.248202635039834,0.280613717370198,0.274466824344954,-0.189128356045944,-0.137721989801669,-0.228816121726029,0.175900288533692,0.203647046965604,-0.264519376835953,0.146400978550128,0.140928347512959,0.357842578327498,0.184393551115665,-0.144560508705286,-0.091508031489058,-0.080416289976938,-0.142460837458274,-0.169967794033217,0.040702010303176,0.233783983076333,-0.140494649501439,-0.0546513635018229,0.0101380465927707,0.0791240168392558,-0.134828776951768,0.0730651998703409,-0.0692542651139711,0.355650667930401,-0.0565025550666136,0.52107951611602,0.334644198318349,0.158253552538969,0.497105961764956,0.261025692805531,0.228661975414095,0.233847441140251,0.150801668465901,0.0179957391008058,-0.264859531153943,-0.121045553452658,-0.269281428343665,-0.154043161464533,0.148277713203073,-0.179092229735703,-0.208372222870346,-0.281953359506267,0.156088636103015,-0.0629230929537162,-0.00815206093462593,0.0291868325436761,-0.0922818865615869,-0.0288861479843738,-0.127417102459295,0.0845653068776162,-0.0398828832904122,-0.257000576448555,-0.165974178650164,-0.240687145888662,-0.161831417558038,0.0653459189082568,0.186086462034469,0.157561164967551,-0.178840155132989,0.152838544999146,0.200337008627788,0.147815871120985,-0.127944129263118,0.281838723747085,0.200906935054552,-0.117231205026698,1,0.473844235828994,0.336483327012673,0.357663802620207,-0.214772000165933,-0.0679847051672644,-0.0318695177514728,-0.296885581317625,-0.093927914361224,0.0609625756401792,0.105243276363952,-0.219486411408903,-0.29491052503552,0.0291813608953028,0.0236768803722464,0.110307781921036,-0.0935641423173658,-0.068910214228809,0.0614471615364004,0.0141447262783151,-0.00777213460619836,0.102847114309715,0.0661080905690226,-0.146995294868518,0.0526170181269048,-0.0497107671299552,-0.275699629833526,-0.11219103037393,0.0316090037939689,-0.0524779087039889,-0.0256713084214156,0.176662045089392,0.191365905885915,-0.359802754804717,0.018777777516208,-0.174868374200148,-0.128976269450258,0.32029678605505,-0.127506527350132,-0.152792380862951,0.121053507038887,-0.296946622749575,-0.301015821227874,-0.0717419588906498,-0.0857613135065143,-0.0524344789882023,0.0155336838746643,0.291952233735352,0.0241340257647364,-0.241265619928288,-0.188833315108424
"堂兄-堂妹",-0.162828188030032,-0.267532568205888,-0.174771107242752,-0.219222894617694,-0.00331524437733226,-0.101934772739262,0.15756154271025,0.181496806099099,-0.116822467053023,-0.0777185639787079,-0.188867053200312,0.230224794636371,-0.199544989039722,-0.00480715463028233,-0.376773642572456,-0.220649091133958,0.0436282781589565,-0.0407222466972536,0.313994725269735,-0.222515600737284,0.33341682177197,-0.223623028106991,-0.265484447432367,0.271244465929517,0.417961272311509,-0.259409141514181,-0.130313692125461,-0.151686335598376,0.0667318633682622,0.0866770887835124,-0.16714651235731,0.130747836916236,0.349965865751819,0.163758153788683,0.255318610289171,-0.194567505792912,-0.0811362227750655,-0.24538235244745,-0.30276929283344,-0.173900466790132,0.0485660097922965,0.180154719526899,-0.302395982362238,0.00477939885882714,0.000620049270683391,0.0415887549227799,-0.143806669774062,0.0862851354277317,-0.0194728644560035,0.0326126622348466,-0.101746852540961,0.536579016247853,0.0801207947660954,-0.0156402587656859,0.176908074612768,0.206303964782413,0.0888328368615579,0.344517849888057,0.431524370169297,-0.206164169963711,-0.29747131582339,-0.332088530554618,-0.0511183662431172,-0.11353702676416,0.152872316446104,-0.2396266105258,-0.0322105855749874,0.0824193856265364,0.19316688799948,0.162370924165599,0.0169799178601832,0.237189827372856,-0.0185565218866426,-0.022090315547689,-0.180281301447628,-0.139227144797377,-0.117215661804278,-0.274899849675893,-0.222182266582214,-0.281969233743732,-0.125567002677387,-0.241053808413916,0.324335423992872,0.149299698373485,-0.192557236219055,0.111098111719202,0.170488839901171,0.282992364687231,-0.261667949705492,0.373021948361908,0.401223977121068,-0.0769255919446806,0.473844235828994,1,0.157952241033404,0.704961131758551,-0.312540816271179,0.0265660005571583,0.0986096133214668,-0.194519339336635,-0.0855664346185585,0.305905908423103,-0.156984372647204,-0.00124881180758648,-0.235423609087148,-0.0999102969186305,-0.0526347660833453,0.0932226757249512,-0.198040943366042,-0.276890426554858,0.362234856573744,-0.10315653447905,0.147541433929486,0.0772417189605279,0.0922546047886686,-0.195384206847902,-0.00288502451637637,-0.0402996132768306,-0.174039953550787,-0.151002269866412,-0.0762704355808161,0.203841818211117,0.0375251610983484,0.470358009315884,0.185178820104411,-0.28754843418402,0.10948464136446,-0.219458420157228,-0.246078692528124,0.393095429417038,-0.251391294790926,-0.115713377006393,0.109693560363669,-0.135214449981724,-0.34451659899696,0.0317925743306974,-0.080529388363855,0.0148947598440026,0.31375195110503,0.00498345948409073,0.101557417167555,-0.267763137250291,-0.154967970423204
"堂姐-堂弟",-0.262660485241323,-0.29694606589764,0.174989093845573,0.0219676756155854,0.142450972866451,0.0617845507280958,-0.198050641459167,-0.289703549778356,-0.330827677273148,0.0500360715150509,-0.125477412477151,-0.298318609305753,-0.00166527986177198,-0.274297905643874,0.0290955488144897,-0.26350198637517,0.407273298066363,0.275121224641573,0.0772663666068692,-0.0721457945329333,-0.0973476145602489,-0.240839634351228,-0.092422250948503,0.265369060436196,-0.0801183151471061,-0.140787354150013,0.0326166729189201,-0.135733543787165,0.449488163416817,0.481146668327798,-0.354166377009521,0.360063340100918,-0.0255506058398263,0.334314110914538,-0.0462801260382707,-0.0255736318201153,-0.277874558582701,-0.0655375728999825,0.0584194747996151,-0.0969185995013336,0.423759404407446,0.353917117069144,0.103120442481338,-0.0929989383593766,0.446469813161814,0.335931092526572,-0.375892747133915,-0.219807557885765,-0.178852611930236,0.334132395882237,0.211290091229251,0.158079698557198,0.558291179676904,0.539145054269044,0.293873188848906,0.541520973665659,0.0887466276082166,0.0633983189606597,-0.049603300180772,-0.162323222667221,-0.239004843844806,-0.207934657226326,-0.348454462600437,-0.405376439710965,-0.322673372086426,-0.0338293645965563,-0.266105171038523,-0.0872854943317888,0.441229316998733,0.212536496123997,0.437215974506446,-0.284147309929992,-0.309674132680059,-0.0319906727979717,-0.193943804530164,-0.032550606781767,-0.0786219470697257,-0.0610785583570894,-0.275719764845861,0.0926437669815139,0.0305419236934387,0.167233112004961,-0.136535732959883,-0.0386356011662838,-0.105981011045019,0.0987890982161685,-0.0137182843485407,0.198008429985463,-0.258210134643658,-0.109645100678588,-0.0588066337642407,-0.176420824025386,0.336483327012673,0.157952241033404,1,0.0362442313305497,-0.313575351459189,-0.315116728713608,-0.248975609653819,-0.0496459438437865,0.0907794747479533,0.0135906923802426,0.472584934160597,-0.0491651156290562,0.00576829836618454,-0.00320096777237934,-0.0867796930198655,0.469687128138428,-0.164995680840289,-0.168519473940311,-0.180604944118993,-0.0280620266994887,0.189361969840328,0.0677483853203943,0.227883779645285,0.0249785842089001,0.405533627675405,0.0897659811404909,-0.398146027379626,0.172599044580039,0.343732961760004,-0.17896656292629,-0.0767368476058301,0.0275206494497768,-0.175560311286554,-0.327843962669079,-0.22998787786029,-0.0358683170148784,-0.13699490175091,-0.0307659679439276,-0.129600074944392,-0.0303785643271086,0.463914067846407,-0.297670409938846,-0.175359181300324,-0.205784638333429,-0.335941494643253,-0.145612170972669,-0.16682088787552,0.321856689533217,0.102904302244485,-0.200279483702146,-0.329468275155664
"堂姐-堂妹",-0.0601617481609157,-0.102794748304646,-0.162443842338048,-0.0691760901010505,0.0437227194208973,-0.0461695780371829,0.241805195569454,0.0824347327611193,-0.0596639442931496,0.00661275992835292,-0.142293045432861,0.277717022828126,-0.165282210677918,0.0659179978492599,-0.353377277531213,-0.157489226746341,0.0925857391541719,0.026816323410709,0.127650372785969,-0.231551444158666,0.335493375229195,-0.224014084255744,-0.251051289403576,0.158817409595407,0.196257095366093,-0.292526794732872,-0.0875580511109556,-0.315272575994395,0.0773280002983207,0.0197060859719373,-0.120764089479503,-0.021295242447518,0.364548393811304,0.158030643185345,0.207132089216435,-0.204339190979781,-0.110132327401554,-0.224852113296947,-0.135522239879757,-0.116732963149648,0.0705751142161305,0.197941531344376,-0.147726975257887,0.136732783885952,0.0410951932251567,-0.0806813798365515,-0.0472212452747793,0.0625875451952249,0.0282478910036482,0.018390177200327,-0.128332716553889,0.439692687186958,0.0511234453420127,-0.10732152157456,0.225106408526325,0.115255845505645,0.224669586358851,0.331400383830054,0.348093473141326,-0.293004125379859,-0.308729070865405,-0.299744445227542,-0.0769415081029075,-0.170491944063341,0.0180066097806543,-0.211978691032679,0.034730469997798,0.0321934947589251,0.0884709906770624,0.158289380680214,0.0635909411017382,0.0564369481877466,0.0506657323924956,-0.117037359008596,-0.160381186677532,-0.126447847914349,-0.08844197340859,-0.274847319797273,-0.0555646797998662,-0.202304192562509,-0.215510137505992,-0.199534904161228,0.371744642059818,0.234255736122015,-0.195545456102512,-0.0318818372517279,0.218688143308724,0.104311316076647,-0.236684115274503,0.307307726951425,0.313596151464466,-0.0749418140882755,0.357663802620207,0.704961131758551,0.0362442313305497,1,-0.139294648939763,0.0927122547046481,0.085793046784934,-0.0828798039048782,0.0160266822167259,0.223974080811369,-0.0940657827105914,0.0541437246843649,-0.196838870568593,-0.17882586564873,-0.0964672908948533,0.0749715229745687,-0.263693629262034,-0.294292465820467,0.128263299760603,-0.12267020518435,0.105989904681491,0.187897015457257,0.0341764910256277,-0.176235844731588,-0.0743185731347234,0.00695805195830968,-0.104868195972529,-0.0571754563776429,0.03947082667489,0.304316346563761,-0.019778877950746,0.376096380234284,0.263609661200452,-0.188958879777125,0.210643344628178,-0.254738035840292,-0.243632259445435,0.375619663867402,-0.246892071841471,-0.0363086706927454,0.147896458492384,-0.120869086433126,-0.276626954353942,-0.0092502083741053,-0.0540017681931763,-0.0665803824089569,0.20272345649568,-0.026727945232681,0.0448918868184155,-0.304905934131697,-0.135595088614109
"堂姐夫-堂内弟",0.520352511430463,0.69939931479222,-0.0438814995896746,-0.111127768373042,-0.160151539621793,-0.0277514992072086,0.0625170254023714,0.233984572408426,0.196134311984115,0.0616643817837744,0.017795780554617,0.0490865356863172,-0.221461660291077,0.0797403923075261,6.98073221000872e-05,-0.132645921968491,-0.266785103747068,0.0188094868579199,-0.323322700461944,-0.185396032613923,-0.275509739216973,0.136500657444789,0.140444605769914,-0.319807147012587,-0.274862532470904,0.159042921141351,-0.0723415425776155,-0.0228741615362258,-0.414995247788802,-0.373418668161615,0.318536431294474,-0.489330794274391,-0.2729910501625,-0.221187025935861,-0.169664175995784,-0.232904201806244,0.0111454967662286,-0.0444356618598883,0.0472398736516558,0.149612183811702,-0.355030644467837,-0.0801420568936281,0.00405539774745206,0.0304489199173358,-0.10525251841417,-0.355366879259356,0.638649375889581,-0.0792545641756771,0.222435928191798,-0.335377838664776,-0.335895468167091,-0.236976703757358,-0.146444380725484,-0.264776439672906,0.0290076716643666,-0.208383674719087,-0.0485492729556222,-0.136630386897993,-0.279025275183041,0.222607675870069,0.0665181147166988,0.261836137606945,0.197089581670588,0.313643939960883,0.0384018613497171,0.172281841772922,-0.0307615820658926,-0.177960067244409,-0.49101079656346,-0.346530716368168,-0.0745175134051795,0.243836162761534,0.246390110727291,-0.204932262262022,0.418301131074243,0.0327224434956764,-0.0132420241784798,0.188637185472396,0.580592760580427,-0.0152349808083138,-0.145712713246172,0.247637858738401,-0.146638157281307,-0.0708145521800421,-0.0687566906601746,0.0173336806805261,0.226948374082211,-0.158489644377368,0.4756778897014,-0.186309629129221,-0.320179289276645,0.500261755411547,-0.214772000165933,-0.312540816271179,-0.313575351459189,-0.139294648939763,1,0.372584381976658,0.246947243512636,-0.0112806829188174,-0.133419308949147,-0.0115488173575946,0.0738172403820037,-0.109324080572941,-0.175401396964501,-0.0806400697986432,-0.0501097197020193,-0.349268249874352,-0.119271421266,0.030284276421403,-0.202956026849561,0.0405160693679919,-0.173164691768879,-0.0489753281531021,-0.298591292484564,0.263334617828251,-0.348619900833589,-0.177967069369111,0.47355772068191,-0.156734526003692,-0.0759559742326699,0.0132583177359831,0.0436350986813738,-0.274158671005055,0.00984565993946888,0.496747546124293,0.0215729896063556,0.305619353172284,0.193644746889978,-0.0864902917903144,-0.118964187232134,-0.167492695448621,-0.357832646404669,0.441073057729712,0.134124074890153,0.509950207663057,0.444835467259728,0.215318412502268,-0.0300875897983957,-0.310587645045812,-0.0427815311394509,0.213978555637519,-0.0692408641336512
"堂祖父-堂侄孙",0.557039972582912,0.519588032340519,-0.206139097890966,-0.298564874098343,-0.316987841629689,-0.088294227540773,0.200716218393886,0.144562578256362,0.178025000043621,0.0280547924453072,-0.0795234719026619,0.21602812735144,-0.434180996626124,0.0036256706208732,-0.235322232601487,-0.182795797801838,-0.226459747338573,0.0197379308531969,-0.0591602751620566,-0.156701982480485,0.184296758772156,-0.0100045517397173,0.00516386084614528,-0.0813463645173425,-0.0591293395706485,-0.0542316102500333,-0.191730325309807,0.0686600163070381,-0.380446105254668,-0.199416579838785,0.40788369975449,-0.397475652541275,-0.0938001101975276,-0.188063967420728,0.0152236397498798,-0.429437260946748,-0.150547901198926,-0.095134907591979,-0.252721750667711,-0.0366483451700255,-0.312721890354924,-0.180744798582016,-0.361149518658259,0.010122718521135,-0.226981010322285,-0.246970693665222,0.3538589475357,0.0548163136897771,0.388081421580372,-0.31054791891631,-0.295954889265746,-0.0520551004567138,-0.239868549655678,-0.347404255138386,-0.0193153952886307,-0.0151778149598169,0.15541834619323,-0.0151229913666247,0.147835167048629,-0.0342499122396812,-0.0379263184894047,0.0318350965093576,0.395282294149669,0.40415453324363,0.139654077565774,-0.0891539762498895,-0.082001594983757,-0.198456178814493,-0.372140964923313,-0.0925250374418725,-0.173543420535258,0.365580716692422,0.380705598032316,-0.189471469974738,0.453828295441643,-0.165709609424167,-0.15343905812199,0.0379425697697804,0.307863325205224,-0.0748398304072621,-0.238951583507353,-0.0111443030448914,-0.0929171324763957,0.201104791346792,-0.108094124147353,0.0369484730525719,0.193117714180267,0.00558635613926008,0.220176076336598,0.115152588317991,0.0454755074883554,0.541520955168286,-0.0679847051672644,0.0265660005571583,-0.315116728713608,0.0927122547046481,0.372584381976658,1,0.672870966474967,0.200370010391512,-0.221137252385351,0.400069456230041,-0.202682114638875,-0.245149849244537,-0.211719157466207,-0.188163936880215,-0.0734324750070828,-0.473740447968174,-0.190548291981898,-0.0649359209031432,-0.07981016209886,-0.15299496518811,-0.0952335855173472,-0.143161299110111,-0.288742613171619,0.0824035608134707,-0.270342318074819,-0.219826556766124,0.276308845764525,-0.189483341444764,-0.266330330381841,0.0987500353620309,-0.0959929769156139,0.119613380550759,0.233581090449315,0.193425209769728,0.0627039713347047,0.0791494484515526,-0.0647707075286058,0.251640237128278,-0.192281517304704,-0.231805706389055,-0.208304336002562,0.140684261280968,0.191410895616398,0.464363910961217,0.404034616307765,0.394124718322777,0.175960069757474,-0.258393604366383,0.0745405880365733,-0.0516439967960603,-0.0926173768903088
"堂祖母-堂侄孙",0.528643004375485,0.377297458809871,-0.156551922887316,-0.222935231485322,-0.164136346583208,0.0487584806656197,0.0741868285032372,0.33014061418427,0.333626652743051,0.0410967308583167,-0.113418831379413,0.100180690900901,-0.335716260231599,0.00501407444112163,-0.213922968334935,-0.0609612756565179,-0.301874069923242,-0.0303077347226858,-0.0146989869115584,-0.237415882481226,0.267383864748888,-0.163273630471386,-0.243158916102359,-0.0756766862439195,0.0304129771811224,-0.21363053885505,-0.264346550700645,0.133171025611956,-0.363739778638943,-0.102725673831319,0.258052560036346,-0.309890397313004,-0.0110528757116806,-0.196837110073388,-0.0140088748038275,-0.420492635310751,-0.116763850862968,-0.0256027285365731,-0.321298702549901,-0.0971539907134057,-0.253624153656127,-0.0941069218354529,-0.359331681033848,0.0255753469477055,-0.246717338276793,-0.288684817250092,0.222181254416175,-0.0138074552476974,0.196404981331263,-0.259451360172852,-0.307595826709596,-0.0261570879184872,-0.280992091639889,-0.410948395000102,-0.0990372746411663,-0.0171688797134467,0.157312719297515,-0.0774833454609124,0.0598557160283469,-0.148174150841897,-0.0230748430788638,-0.0256952149728801,0.590472343670101,0.560091232525937,0.119944215862336,0.03679684959053,0.00288176028303061,0.0447074114804356,-0.310453576475458,-0.00664227030224891,-0.192552801018421,0.535915009391117,0.424551514415292,-0.248848713609173,0.423143927117123,-0.262636628610008,-0.290246812969753,0.131532406872646,0.0904075872036113,-0.0382682237933531,-0.179597527037689,0.00246518495140921,-0.139252109998001,0.0868085384612263,-0.165709656654355,-0.0963280701027166,0.268894034356926,0.0831668128439301,-0.0101344168383632,0.0653993103200888,0.0256421489735412,0.360651279854934,-0.0318695177514728,0.0986096133214668,-0.248975609653819,0.085793046784934,0.246947243512636,0.672870966474967,1,0.180437806054924,-0.205232378182894,0.509476273189472,-0.252826228372079,-0.187170043404884,-0.146723040872501,-0.296260443163504,-0.203405791825769,-0.390052532444157,-0.267644322591493,-0.100270812727672,0.105744260122315,-0.143585808180897,0.0373052949758661,0.0209484733691743,-0.177309576539483,0.0397143957208869,-0.254416061958696,-0.289593326793403,0.26422645226788,-0.20197487022708,-0.299315109758614,0.230805238991792,0.0349029836291472,0.219406481024832,0.430394870921263,0.261308847534192,0.0270429838492006,0.115249150056974,-0.0257016977755451,0.242439322705976,-0.308361625568781,-0.234722462700591,-0.0736467331174528,0.231494428796755,-0.0404210180836146,0.391304540576056,0.262638747152986,0.594967880521198,0.288367163259712,-0.241759194720222,0.0437476950905902,-0.159266845834985,0.0468818157379893
"外曾祖父-外曾孙",0.221564060905364,0.0739312820786683,0.2850125858342,0.373877330562799,0.00378287627651809,0.264191661297094,0.00441400645844912,-0.210170209637596,0.0518904394907633,0.42076447492643,0.0188535736559117,-0.0275212398939248,0.185856757094577,0.0772780577846717,0.163240701200006,0.392958966457112,0.178279757400506,0.0205043324707432,-0.0504274026766151,-0.15077122353383,0.0484854031422728,0.208431208784677,0.151298172631404,-0.298699689612977,-0.334392370087485,-0.062820854169909,0.366703158340185,0.18327435818159,0.00892535295269311,-0.04130440906503,0.105468550780284,0.0564875449478212,-0.0559171374005212,-0.368189037996012,-0.0654870073018703,0.138255805949681,0.00459510215960792,0.134956999302464,0.181997239422718,-0.0733481654263386,0.11532611164944,-0.155267892429147,0.142216993205785,0.230080484382907,-0.0117867619690302,0.0360800387205549,-0.0449936243284109,-0.10493051312062,-0.10483535335934,-0.196555880528326,-0.00720208761884243,-0.249814065757817,-0.27370173002429,-0.189814160258412,-0.275483559124045,-0.0442266918947468,0.114547094604736,-0.0374120651740571,0.0624111702352566,-0.322859318432748,-0.111244679794393,-0.283898776143994,0.2713470046349,-0.00330103507052361,-0.188772657408634,0.107077637982854,0.20756608619061,0.230986444339025,0.0389006152755135,0.315303338860097,0.024509490899985,-0.223901901303478,0.178709227239664,-0.152536431424798,0.00805774008519432,-0.228453935336104,-0.19203784479321,0.25328875037754,-0.0805368176664849,0.380384129199621,0.2629050534993,-0.313337990277493,-0.140170163636176,0.112166773004668,-0.265527098344207,-0.41528268793304,-0.293308332487184,-0.414371848984813,-0.121759363177392,-0.123542743313221,-0.126713799440439,-0.0210446935572552,-0.296885581317625,-0.194519339336635,-0.0496459438437865,-0.0828798039048782,-0.0112806829188174,0.200370010391512,0.180437806054924,1,0.229574497102759,-0.0231258573481323,-0.159724498270781,0.229240237046811,0.451041821073275,-0.188142837608547,-0.135726344635879,0.0106321469037924,-0.295643314360917,-0.189267228246394,-0.05675831868452,0.150477200516342,0.27854948589691,-0.0141689232303428,-0.153874708731989,0.140649544660385,0.0859494992744465,-0.0314831740008454,-0.058678586666246,0.0479835442453614,-0.0167519721223884,0.156034469840617,0.0237128140169959,0.124949629807359,0.226450873329042,0.236863161814824,-0.0389055837830871,-0.0489454954333566,-0.0614350313250555,0.137756293322261,-0.169683818339816,-0.0270554130823756,0.203193052934338,0.124656508706369,0.372283674983615,-0.105354606484736,0.0312294490593984,0.138509658819546,-0.160083876516793,-0.246356289021857,-0.382655355782758,-0.328067718622209,0.226307909762601
"外曾祖母-外曾孙",0.0101101057628579,0.02093940115468,0.193012517070443,0.280801903313951,0.539643865268374,0.352489446873218,-0.190296578740147,-0.282155043797988,-0.301402141677453,-0.0692104529463651,-0.0746012088749267,-0.129639807512066,0.168574667628228,0.14774761973478,0.227959809884435,0.232613785817906,0.275770250056185,0.324755141021528,-0.206183481461843,0.0311864045409494,0.0355650288519026,-0.104146700283386,-0.0136570840895057,0.0436510156530675,-0.171264211225695,0.021727374915608,0.128061766385295,-0.0565106999010464,0.174410055977252,0.134470261959154,-0.073176196393443,0.184173338397713,0.024413608506343,-0.127983742747691,-0.282106820599578,0.0994076628048366,0.0859644336722462,0.527504400149111,0.480664112286547,0.0970245424752681,0.261886828378066,0.424918319075143,0.195594414435917,0.0783076777263667,-0.110706093201578,0.0598282560057469,-0.156365664758286,-0.310601163026207,-0.42058603359609,0.148394198101764,0.0327898760806117,0.0161498897278737,-0.0581666827124,-0.0395469091368947,0.0593946948071348,0.0294899844076285,-0.180681289088907,-0.324449372319887,-0.206154527011042,-0.275850372711873,-0.321202691114037,-0.226791297668717,0.106688474929891,-0.011071650432319,-0.153877870950027,0.0141738914291741,0.13557093368368,0.155005946634851,0.224374642152542,0.494392367745147,-0.117207037559013,-0.380896917415412,-0.376700915233124,-0.0589507821473894,-0.0530982196678199,-0.131333038551524,0.00648183795841261,-0.0988204044757257,-0.165074746186086,0.165938896649106,0.00215153196441083,0.0890188394623952,-0.134179694627978,-0.281692516433934,-0.0659867745726381,-0.174108913574203,-0.0284727293465861,-0.087264127482411,-0.139560842888266,-0.0209907565812218,0.11412007176082,-0.0955045792577589,-0.093927914361224,-0.0855664346185585,0.0907794747479533,0.0160266822167259,-0.133419308949147,-0.221137252385351,-0.205232378182894,0.229574497102759,1,-0.0939587102988406,-0.0198464364357088,0.19154645451114,0.174422527214108,-0.114904600750113,-0.0377953988988414,0.247922940622924,-0.081696566100243,-0.168870729053106,-0.0774343626991307,-0.15526438040006,0.641726250786487,0.194426671040262,0.478155062769397,-0.0741988946463803,0.179888895496839,0.0112145163573379,0.00144589497891807,0.105654551430355,-0.100314187406883,0.02936111200648,0.133886144637105,-0.231349119326231,-0.0474650784836549,-0.0695745278894615,0.0511644370102387,0.204916823842779,0.118683934603546,-0.220691076596753,-0.248927221965607,-0.171027987448539,0.209504821781004,-0.0834587022827764,0.0228141366598182,-0.183394775518172,-0.202399358578128,-0.133100364505458,-0.174321789332513,0.0142165480195902,-0.0601011396592984,-0.0481425590122886,0.0997727205761823
"外祖父-外孙女",0.326553236786435,0.154643388027472,-0.237916289214894,-0.354073445924352,-0.107521087790052,0.0293748967496852,-0.084016999418564,0.206710725418484,0.229748120465967,-0.0491209639634105,-0.380033188457119,-0.0636514315812311,-0.305349324998213,-0.161762394024317,-0.251354551439237,-0.213228550431793,-0.0117778348046554,0.146159858174181,0.165986930370572,-0.252946596515351,0.2476209323714,-0.258394364589709,-0.194988663890559,0.241281446535642,0.145527233604225,-0.327900593422406,-0.421390760077214,-0.00766457088362858,-0.191907446542235,0.0935947954207045,0.142597630885852,-0.13152854550687,0.256467217054099,0.065190673205981,0.0531564596389328,-0.374667011262926,-0.266661009127177,-0.137128299579515,-0.341270403273291,0.0189305925562336,0.0123039583066198,0.0266499293728561,-0.415499185062007,-0.258376909903791,-0.167517807962945,-0.158117459424031,-0.0142918542543106,-0.158268371634386,0.119514269121302,-0.0674677872929134,-0.28267487599673,0.271992216576234,0.0204065113747574,-0.173444476163408,-0.0257990941666617,0.282402870242258,0.0929925581572052,-0.1008578469706,0.166507022174881,-0.236008291487592,-0.0683629230567281,-0.1881968673231,0.461860373754272,0.239598700768641,-0.0739804527013916,-0.00375987688895969,-0.357834285738449,-0.052194805544628,-0.0797045869380954,0.0809333426060316,-0.122986098327366,0.391656069232092,0.267612545071378,-0.263383113822122,0.177836533533365,-0.323473630367594,-0.351761016853988,0.111872355374535,-0.081852707846957,-0.200126889045705,-0.240643222286097,0.231371729662562,-0.0159702217946466,0.0807268666987636,-0.190366979525199,0.205364296333431,0.519447814025523,0.327953353934879,-0.0578123465215912,0.127338909872695,0.24103941843212,0.151036680421406,0.0609625756401792,0.305905908423103,0.0135906923802426,0.223974080811369,-0.0115488173575946,0.400069456230041,0.509476273189472,-0.0231258573481323,-0.0939587102988406,1,0.0419133271244759,-0.253190565942257,-0.233214275034862,-0.272927488970638,-0.255877650354826,-0.0693270553968744,-0.339010515792442,-0.164166827939568,0.00975025900811094,-0.283271679217122,0.136463596967774,0.0302576241499729,0.024803659889396,0.027497311474127,-0.122594343424252,-0.333499872658694,-0.0529339680548431,-0.138716949723255,-0.28453917040452,0.117377753768227,-0.0478245503656908,0.246880505027871,0.0632651385936765,0.119463655707985,-0.0536335308774237,0.245835707334177,0.00546350498423689,0.209546463795461,-0.384412518568133,-0.191884379478121,0.0648647361990209,0.0941221749992578,-0.0438946431132873,0.142701503375558,0.0485034750717088,0.342447956761526,0.509452491915674,0.00808447762621073,0.476735026076317,-0.0962654713163241,-0.176736236838447
"外祖父-外孙子",-0.0790960556449157,-0.0350478014621222,-0.00668830274515671,-0.0790614728501111,0.00344628058431894,-0.15962406610758,-0.353568480250536,-0.0518074621068064,-0.119166905443624,-0.0982923872033127,-0.258455389257762,-0.316502295031752,-0.0916309736913604,-0.382947087125857,0.020212378327204,-0.392044768164603,0.218063386016496,0.182210402460235,-0.232444869682324,0.0193247672016361,-0.287427449888943,0.0306564931594717,0.205273657902786,-0.0191873853581658,-0.232260638669835,-0.00851167152611989,-0.0816917276201457,-0.0021140359228237,0.292866950777163,0.109596000783554,-0.122447019799624,0.103115275295727,-0.124577865022312,0.222649006149294,-0.159179329748073,0.00313452184302147,-0.432359501321043,-0.102591927908208,0.00758240407100847,0.24804426471797,0.21931503385535,0.13124209521512,0.0357637605111635,-0.334894614215929,0.340028475433279,0.196154292242416,0.00646547066988642,-0.252586552430745,0.0879574368872356,0.134897807319963,0.0656950479114524,-0.0885968653611566,0.456663102376706,0.500627951685669,0.247504175107948,0.352826560109487,-0.0454051799286007,-0.0787643505680044,-0.242970584336684,0.138210652301197,0.0905386207406977,0.100975221525392,-0.200319510144807,-0.133521425172086,-0.398859673785155,0.306516516629801,-0.387088785136559,-0.270511794044059,0.228957261199443,-0.0402518195910248,0.311662818781051,-0.148840887637917,-0.0800146955500227,-0.127892207260743,-0.010298849720793,0.014609234550833,-0.0913113546321395,0.205490567228316,0.0550548595631496,-0.0989511496602918,0.0164546155435473,0.396040519815413,-0.0848239221602069,-0.0688420672535856,0.169782273242882,0.288487214748435,0.316243679335794,0.12628033824654,-0.00152753967533207,-0.297911681145958,-0.235080779187277,-0.062232528674065,0.105243276363952,-0.156984372647204,0.472584934160597,-0.0940657827105914,0.0738172403820037,-0.202682114638875,-0.252826228372079,-0.159724498270781,-0.0198464364357088,0.0419133271244759,1,-0.17685545060581,-0.0506258148365958,-0.118789635578564,-0.160887930265044,0.327537595029257,-0.156361813894639,0.11775009515983,-0.38369408509078,-0.151878474157443,-0.145342982814826,0.0783515021012461,-0.00911981575697177,0.283707511663962,0.194357614546979,0.105108504452645,0.00961029501474735,0.117378508667251,0.390384271934252,-0.405601504824638,-0.438680637717767,-0.23558176066095,-0.289079845500248,0.11201719047754,-0.30189641040715,0.115885860499812,0.125329285564608,-0.195381147106761,-0.125859409408718,-0.0875696711084995,0.246510045682176,-0.071890504284019,0.110123593422645,-0.0211413288215754,-0.070932627929026,-0.223318126291947,-0.0776361751016177,0.111255699312062,0.15650627346022,0.104875224491387,-0.432691666463953
"外祖母-外孙女",-0.200473701394023,-0.110967486862612,0.0387437449436082,0.437814014812264,0.089350375532019,0.099219855849002,0.110131800079589,-0.00423922158990775,0.142191113622792,0.294766667401964,0.331371642690287,0.119550491782056,0.571087131614926,0.254400982618028,0.172577543995486,0.531534723788673,0.357910783234734,-0.280392640470754,0.0181341274909856,-0.0173975960489486,-0.134098580598146,0.191848167861183,0.201209665179582,-0.224602328698051,-0.0698332525187967,0.126423595561849,0.404310377467392,-0.059306915870708,0.0157323740442789,-0.224412278079897,0.186945133269679,0.01027325573642,0.211913899888877,-0.115352487590674,-0.05562568537366,0.35202332248213,0.435141247906852,0.140602841136634,0.196965332955898,-0.0338276920717936,0.00967877164373128,-0.173739229368741,0.489068921499194,0.298677412837023,-0.12535015545338,-0.0846579459802682,0.0810505081373511,-0.168740632069063,-0.212864055281711,-0.093334376275429,-0.164256531526129,-0.0318453552689917,0.0112993840265938,0.0342458640366122,-0.134241255951781,-0.293913113083767,0.163281332796913,0.04479021493921,0.048008067214905,-0.222381767917658,-0.180045879262971,-0.210835621191774,0.0241884633464692,-0.219991277098705,-0.0394816795752214,-0.0514261679109534,0.353368598864094,0.361597764060429,-0.0334944395794479,0.023498254409889,-0.176540828126127,-0.223695617784069,0.0373675970841749,-0.165408372054881,-0.140273232207458,-0.242251605200467,-0.23653265040723,0.0246114582269302,0.0978615182105943,0.342919408215494,0.237711811497163,-0.29402877048074,0.0391901580282212,-0.0933425091525733,-0.0156429574721107,-0.337937753876248,-0.209873155701673,-0.294192970067933,0.136675072392146,-0.0763246103751994,-0.0377216468013544,-0.24423374025963,-0.219486411408903,-0.00124881180758648,-0.0491651156290562,0.0541437246843649,-0.109324080572941,-0.245149849244537,-0.187170043404884,0.229240237046811,0.19154645451114,-0.253190565942257,-0.17685545060581,1,0.256771944674303,-0.193137123382935,-0.300553644217577,0.0484693413760865,-0.206035963981442,-0.278509999733765,0.184299486379231,0.280726751359427,0.0328026745744752,0.185619090333647,0.045415551832241,-0.138258299266978,-0.0238979944032175,-0.16403089475874,-0.107529212633063,-0.160846280334605,-0.13580582577961,0.303848996320315,0.234627540081425,0.0595500089298791,0.136148076124983,0.137638784262633,0.253574149791373,-0.0913285113263175,0.00421321193373216,-0.127244976322415,-0.17450666041627,0.017829042896034,-0.0322054956275342,0.327180122643308,0.122650261171563,-0.21588076207088,-0.261792864394538,-0.176199406406924,-0.0551818699074493,-0.112194216834768,-0.309432597866851,-0.274831492342299,0.355558398323727
"外祖母-外孙子",-0.167424207926322,-0.13116659126738,0.448163335168459,0.436573636775624,0.000140665428325551,0.42007595127739,-0.0839165007690187,-0.209177583113657,-0.12765044407344,0.4037663555646,0.161744576140697,-0.0657295421995567,0.538412986555356,0.147209004880554,0.490970819689798,0.436779467858432,0.0765375560078329,-0.0210583057469571,0.0250145109146133,-0.182946905804373,-0.0454197818512892,0.0706176897268377,0.0369126514363807,-0.209165716420244,-0.180396166548822,-0.0589805289759883,0.436646192161854,0.29865395657084,0.185583971060988,0.0625407465620989,-0.0954886004090605,0.185625796139289,-0.0916051898209285,-0.117894254366707,-0.0140325693580962,0.512451192968065,0.00645308889528724,0.264394656603876,0.478160164110641,-0.0877716587348105,0.175277615299818,-0.21969161923267,0.426571666070739,0.285532707704563,-0.0875625900672174,0.184654583850237,-0.185844927501869,-0.208695667423217,-0.188438604282705,-0.054507181948117,-0.0373380663765305,-0.391501674158112,-0.0674665532534238,-0.0821326306442458,-0.284456921960209,0.030840094760121,0.0274670788773911,-0.117884661937025,-0.136857117666064,-0.328007110146764,0.0236498652725642,-0.270285498888732,0.0759709988041166,0.091547342231523,-0.0704188483441205,0.432599770430674,0.17136295894963,0.431540835933608,0.263345957585002,0.206797332494854,-0.0617635552810259,-0.314035570956988,-0.120622523415178,-0.236042963482923,0.0233993610566945,-0.0921823036682253,-0.189726560647813,0.266484463321151,-0.133121943790669,0.564433615157885,0.583557233570357,-0.202246581488591,-0.154538354245683,-0.0438132165528586,-0.236468423097668,-0.260134491350599,-0.326686051874026,-0.361123845773284,-0.223053307688718,-0.170498999618362,-0.136692272132226,-0.201551170371818,-0.29491052503552,-0.235423609087148,0.00576829836618454,-0.196838870568593,-0.175401396964501,-0.211719157466207,-0.146723040872501,0.451041821073275,0.174422527214108,-0.233214275034862,-0.0506258148365958,0.256771944674303,1,-0.13954948007768,-0.0783674281308958,0.13907680234566,-0.1641668664598,-0.24077367019306,-0.0210900552758061,0.237647373058593,0.14813762447701,-0.0285566549238288,-0.0368361695361871,0.238788205070142,0.237696578369175,-0.0733183987189037,0.0496084345344312,-0.0253999582734267,-0.0639392198946507,-0.0511994108072597,0.0380852338306984,-0.0113078913880019,0.0271770028078584,0.0938410321633896,-0.20672375080692,-0.122616128770673,-0.0528147721725888,-0.157483582360332,0.0744828945703214,0.181655794419809,0.148387884077777,-0.199029459644537,0.098174482908998,-0.223813375778687,0.0762860598092879,-0.0289360051762801,-0.26071365212573,-0.0121971590753621,-0.314207127735908,-0.2346232744925,0.287117297962779
"兄-弟",-0.0908935540480526,-0.151614055270321,-0.00944914318760675,-0.107226843439917,-0.0983576855628608,0.080554827742358,-0.088485481634715,-0.069261337926727,-0.221469082612902,-0.194642453824526,-0.0248520322202669,-0.0236111745854639,-0.0237607804255773,0.0614917776300712,0.0153452927563781,-0.180712809930035,-0.118551766722974,-0.0669316447900253,-0.117658903133412,0.484599971365542,-0.216955863014333,-0.0991280653379177,-0.108168804420579,0.0129137345800206,-0.0129130374612169,0.0958411344616752,0.00670153806729323,-0.102621700393704,-0.140836038061812,-0.075933373625168,-0.198193492184056,0.000947111186579363,-0.293510340087515,0.0761365435674003,-0.148604483576992,0.0384195855391598,0.0612286025521761,-0.0242312820482624,0.0969023830113729,-0.0932345386305703,-0.171176469186126,-0.0348554884995528,0.0144242707730009,-0.0922138790284311,0.309236280384365,-0.0474295484628477,-0.123548498677698,0.54703224081577,-0.240638452537395,0.0148163125917075,0.556567343814759,-0.102253439172992,-0.10738921615262,0.00255255730498352,-0.0791036199984428,-0.132893440447182,-0.309767229703941,-0.08332545833417,-0.145074198676876,0.56129733364938,0.360971486330949,0.489234238742575,-0.329857418840433,-0.177807644689485,-0.0744614539155299,-0.168215909769357,-0.122424084730461,-0.168999953234902,-0.0499086523798505,-0.144389825380165,0.330851697986921,-0.0852202327003105,-0.217749832937478,0.665243593560486,-0.16075089872276,0.780704217539508,0.717745648449174,-0.123051986097441,-0.149280536795268,-0.15787200056277,-0.0647228969304752,-0.139805224600523,-0.0876240943575078,-0.096542994427561,0.352877857538001,0.0120753822586472,-0.289478302972095,-0.107038202018667,-0.0311977209988447,-0.145060020189934,-0.150950528006574,-0.123263138122409,0.0291813608953028,-0.0999102969186305,-0.00320096777237934,-0.17882586564873,-0.0806400697986432,-0.188163936880215,-0.296260443163504,-0.188142837608547,-0.114904600750113,-0.272927488970638,-0.118789635578564,-0.193137123382935,-0.13954948007768,1,0.737553656370597,-0.0882445883727044,0.649097616237079,0.549240219459111,-0.0902246095348363,-0.0080980365078546,-0.0506451835833094,-0.199011765156088,-0.0948271888072922,-0.0293413828125912,-0.0944520356047925,0.561500657940888,-0.185597569747124,0.562690481535461,0.333538710106931,-0.200064214862206,0.0779780071672047,-0.228155646265964,-0.195391998849653,-0.274751723976267,-0.161038072304544,0.0422805144093186,0.0228121174482172,-0.0694321296314847,0.713841364863245,0.551507437189226,-0.150548835128434,-0.160665948233857,-0.198863247034472,-0.0999597047001077,-0.0302073789678949,-0.130265478222979,-0.254312951956576,-0.0443976104827646,-0.0672144543773289,0.543523693263937,-0.101850982165603
"兄-妹",-0.00546204870664362,-0.0895903119264646,-0.0649256877985652,-0.201529660660937,-0.136129798261627,0.0513752055327714,-0.057177102736215,-0.174308486658914,-0.256255827922593,-0.250790452870809,-0.0483675554213713,-0.0470656902674335,-0.21887737760634,-0.0259442474699562,-0.047378457160512,-0.171876441084224,-0.188534922352962,0.048525786462591,-0.139693269346804,0.423027478033605,-0.0552224976324332,-0.0730383568336879,-0.222899456515233,0.0927915407766274,-0.0619448428781525,0.0440566616235777,-0.0673535982258248,0.0557814027375136,-0.107738452979188,-0.0721102510325422,-0.209637911411572,0.101223990483759,-0.262251650375682,-0.0155967564867529,-0.122694833466776,-0.0198636041826408,-0.0528624597642624,0.00209187535976731,0.0474121012461274,-0.0998232330156043,-0.31609470155731,0.000498635544457082,-0.220285419344174,-0.0871771554725565,0.248667751736663,0.0499625534447626,-0.133725268450979,0.644703639212897,-0.166151623337819,-0.129845182618609,0.602552026378483,-0.104616006210861,-0.205351725310686,-0.138520607918574,-0.0450605831545378,-0.108962841888615,-0.255431045380572,-0.0449118936692555,-0.135328841559531,0.455598571922718,0.410925046902292,0.382249042988476,-0.234649389649926,-0.0437495201679457,0.0809691710474496,-0.159712801216079,-0.128188420866196,-0.177162776812633,0.0695368613319641,-0.0128506423292494,0.317519720886294,-0.136848807544917,-0.172219730163262,0.655747846664714,-0.16355822558384,0.731174277942068,0.752413300065911,-0.186320878238332,-0.266859680270787,-0.129989362648617,0.0538282333078556,-0.155742884080194,-0.0446859428331393,-0.0228056829760491,0.293986458653241,-0.00282817325546361,-0.242503112731244,-0.0738220776230515,-0.124484432763278,-0.0462747242807401,-0.0841781338420288,-0.0393512155735992,0.0236768803722464,-0.0526347660833453,-0.0867796930198655,-0.0964672908948533,-0.0501097197020193,-0.0734324750070828,-0.203405791825769,-0.135726344635879,-0.0377953988988414,-0.255877650354826,-0.160887930265044,-0.300553644217577,-0.0783674281308958,0.737553656370597,1,-0.163220954007696,0.604594323969329,0.468640044691512,-0.0278313053427291,-0.130144805716904,0.0118747102534014,-0.243814706803728,-0.0900213482525247,-0.101049203268284,0.0343988024880303,0.582062707207139,-0.041631516648953,0.588828805185885,0.251265535282706,-0.161726137869285,-0.024879622608935,-0.139792019829177,-0.147601287895213,-0.267926593591377,-0.213535363069394,-0.0299855663665311,-0.0355053110196569,0.0247290581485411,0.666778835031505,0.522443863344725,-0.131911007966942,-0.315248323325688,-0.216553643782883,-0.0439053505496776,0.0722759164563257,-0.119801918803492,-0.185849675761485,-0.0805987676846753,-0.0465417141745981,0.534114446736171,-0.0315107236260494
"兄妻-弟妻",-0.225865191568808,-0.37882438825449,0.167647141730912,0.268635176910035,0.434174079416377,-0.0539788944203403,-0.260727195391584,-0.230767122152572,-0.19584847252512,-0.108294826684474,-0.175739663313006,-0.260176391283554,0.217513829013423,-0.220962413656444,0.0544305306812779,0.0512854590151925,0.511884601741017,0.177750693084063,-0.0910421574941583,-0.0284042277753157,-0.122870072755236,-0.0759638209847686,0.0136145792977283,0.0439449245838626,0.0693683520011752,-0.121882768311156,0.139050055428138,-0.135744184921796,0.641366224493369,0.400019012005916,-0.30360565363259,0.581235025398252,0.0772461439002074,0.143445798307622,0.0860375556254452,0.222141513687017,-0.0848538888283908,0.0346374746419277,0.0916830671130871,0.119808149703694,0.614197933956401,0.308424648415995,0.239082466850898,-0.279286364929453,0.26658530398057,0.26248024456995,-0.337197878436079,-0.2646383311626,-0.275670134306341,0.414331633275808,0.206159997260005,0.102606497192391,0.315927941036509,0.438993629939971,0.161749581920716,0.202004740186473,-0.121575841211971,-0.0918247206279614,-0.127931136775554,-0.209232818777908,-0.233680674010251,-0.218170046577508,-0.34024145201557,-0.379697453966501,-0.336521597820318,0.0357695251940816,0.029495036340147,0.0441927548377414,0.592155901649128,0.325045871505042,0.233812614777887,-0.364345197456712,-0.262490031500473,0.00303959239637117,-0.348552283638158,-0.114183362318491,-0.0505629507252908,0.00129583148325086,-0.322462890299805,0.0421990838896596,0.146009020453955,0.076369971172157,0.110194519909478,-0.0930248286342828,-0.0429342374115364,0.0528839999058402,-0.0107406845450408,-0.0933412826442041,-0.355569687910173,-0.102297025969733,-0.0144205797671285,-0.387538683397133,0.110307781921036,0.0932226757249512,0.469687128138428,0.0749715229745687,-0.349268249874352,-0.473740447968174,-0.390052532444157,0.0106321469037924,0.247922940622924,-0.0693270553968744,0.327537595029257,0.0484693413760865,0.13907680234566,-0.0882445883727044,-0.163220954007696,1,-0.0926555676146086,-0.122506685523756,-0.122120781855511,-0.0612616156701914,0.2691892439803,0.142135078302034,0.336766377434031,-0.0319109884963796,0.276054485768548,0.164452541051258,-0.17878972875993,0.180548969326956,0.259070211968913,-0.139638124473624,-0.213120747889885,-0.0174897662523237,-0.227309039326283,-0.0892432337247696,-0.136278738757487,-0.132068192593775,-0.0203829019363407,-0.0645564172002419,-0.177319609441583,-0.0532632214823697,0.658311058494271,-0.140628157773602,-0.0266218745224929,-0.370726324852697,-0.461589445296132,-0.473157014030518,-0.177512823196034,0.333329818560189,-0.0678458012461957,-0.155078897721209,-0.0574092100265068
"养父-养女",-0.178448796464839,-0.211481742054423,-0.165660988182991,-0.1011366230503,-0.0332570359123982,-0.156973982323618,-0.0358816854714224,-0.139938052086118,-0.174868709140593,-0.378002941796404,0.11262607773697,-0.081329059331354,-0.123525694653024,-0.0433086575497146,-0.0327336929079077,-0.0879681812187171,-0.17438430944903,-0.11253356851156,-0.088272492026103,0.603535099810095,-0.0925559510331804,0.0969330422003981,-0.0681310613385902,0.0274216119050826,0.147734997910246,0.270919042843975,-0.0363534955221813,0.0579716951194848,-0.0635911405617815,-0.0873988163787363,-0.200151991634668,0.0471522769392777,-0.181072466956184,0.0463253247517463,-0.0566126925251257,0.114923347946065,0.136202152638518,-0.0399394310051937,0.0101249952605538,0.0111423196272202,-0.177634278721603,-0.0663829042512014,-0.0866820630642967,-0.173797069147726,0.157321358012235,0.0342878318352705,-0.101389257828974,0.496762921511891,-0.0318665241242346,-0.0205055321086138,0.502046007831407,-0.171701691711367,-0.109479717977949,0.154332757992257,-0.102743579638902,-0.188830949704553,-0.276495130521321,-0.0173972496488988,-0.121470419656704,0.583459439593427,0.395790596032917,0.562942722229018,-0.298109048595016,-0.111481954939824,0.0897657785518114,-0.203016789360688,0.0308033664992721,-0.169813791040386,-0.0765615300933694,-0.188857143244571,0.137266222634808,-0.104357216921733,-0.218199974919409,0.731041584992372,-0.21245702953242,0.646765209580378,0.686100871324925,-0.207077557282646,-0.179629711762583,-0.165722470398885,-0.0386996246470899,-0.103507410329199,0.0194395774090465,-0.0446229085459894,0.537723233765449,0.0209095013772761,-0.276296408942154,-0.0075545498018331,-0.0428128086160788,-0.0259731803871525,-0.0895604245165678,-0.119082485280201,-0.0935641423173658,-0.198040943366042,-0.164995680840289,-0.263693629262034,-0.119271421266,-0.190548291981898,-0.267644322591493,-0.295643314360917,-0.081696566100243,-0.339010515792442,-0.156361813894639,-0.206035963981442,-0.1641668664598,0.649097616237079,0.604594323969329,-0.0926555676146086,1,0.668616676887369,-0.0491358277409248,-0.113958455118818,-0.179814263802229,-0.226683274802202,-0.050635518819803,-0.176458466597511,-0.0279367972184057,0.540826896836137,-0.0424017908455339,0.387120666534606,0.238791810348727,-0.304355585796958,-0.107633597455757,-0.217355141957733,-0.295419853787331,-0.249921093076296,-0.0258560241130782,-0.0843220713256528,0.0760460206706755,-0.146846323276244,0.717381137575669,0.366072163509339,-0.212352234950851,-0.212181245265119,-0.160111731351745,-0.14803821590517,-0.113976508769646,-0.236446770442259,-0.172124610982409,0.0629062028051482,-0.0482867419685689,0.585850636396793,-0.0245241639177191
"养父-养子",0.0292623071903006,-0.0958033529529736,-0.348644893013088,-0.25761051764972,-0.173501079609008,-0.287769171301787,-0.195654327647893,0.121905417144088,0.0914797928406486,-0.483689213204446,-0.22979352227846,-0.157998527208359,-0.193421479154588,-0.0220260613150196,-0.0728024375738033,-0.193910705394782,-0.155335955577734,-0.124568375606765,-0.353360438704369,0.64403459452415,-0.180640710729261,0.128061171105051,-0.034794283224712,-0.227463380802722,0.00581683205207468,0.179528977043474,-0.0919222219571468,0.0958266379512445,-0.212697717542856,-0.266562386023259,0.0464349491655448,0.00181286064867029,-0.304476491379945,0.0127322535493494,-0.179396837213194,0.0122345366170859,-0.00193448307200182,0.00133030693297949,-0.163760589780143,0.304962150968127,-0.294733556154889,-0.227288708348457,-0.219271240126113,-0.396540340129564,0.223314749571051,0.00400408658024105,0.158902599075278,0.511885588082662,-0.102704089822201,-0.13024171427334,0.441013610407452,-0.240539487426606,-0.108920415545848,0.0850909136002277,-0.20496630644226,-0.264492799387796,-0.348242829945471,-0.226495990709635,-0.193264309583419,0.788801400078805,0.514610174774674,0.767608830006491,-0.119031520846288,0.0663221842040894,-0.0677007082883539,-0.0243680272365064,-0.165252883572819,-0.364534672983032,-0.119978252610988,-0.181344108882502,0.175066944437613,0.0801244381601114,0.136947655496924,0.662865083460476,-0.183533068962533,0.644296929961553,0.630486856739596,0.06276311563822,-0.0466926915968137,-0.24317573040423,-0.0326282188089901,0.0617983000220263,-0.171877408961317,0.0303366194688204,0.650157675613738,0.00252151224882435,-0.0657866337808733,-0.11660460375335,0.14505099940195,-0.166266713881568,-0.205221573766111,-0.0767533529010554,-0.068910214228809,-0.276890426554858,-0.168519473940311,-0.294292465820467,0.030284276421403,-0.0649359209031432,-0.100270812727672,-0.189267228246394,-0.168870729053106,-0.164166827939568,0.11775009515983,-0.278509999733765,-0.24077367019306,0.549240219459111,0.468640044691512,-0.122506685523756,0.668616676887369,1,-0.1997544250395,-0.254031448796622,-0.262704878122507,-0.197023405175461,-0.17888962994972,0.030144643696443,-0.11693161631501,0.57004431630267,0.131825243998751,0.440901970301625,0.330462550097392,-0.378378891110155,-0.351827262746708,-0.299576207022759,-0.208224737653777,0.112703896769325,-0.171667847500717,0.116490915425348,0.34297488724548,-0.0678492169204876,0.471854958581888,0.220546301120437,-0.202665938823187,0.0472093887920928,-0.0135184436958932,-0.113614417084075,-0.0272039275703677,-0.197373924863936,-0.13671538752233,-0.176534962285517,-0.131032500340797,0.627913021849935,-0.0676504515068526
"养母-养女",-0.0308135967240815,-0.104045629217039,0.0586130608079701,-0.0393942002228924,-0.00470708738989263,0.0262140992232228,0.125046053394676,0.207057593739216,0.0670190983933916,0.138593994225664,0.0404778184856201,0.202582698028094,0.0985874860024757,0.193283881639978,-0.123252399217253,0.136211765188309,-0.240631070125966,-0.265843081828502,0.416753175844048,-0.150441390375582,0.282016865576332,-0.078900307649368,-0.117487328904741,0.0813819422147581,0.369937150912635,-0.294145572774642,0.003306883858903,0.090136370694241,-0.21994733557326,-0.141116435426,-0.115816290039449,-0.0701653555267978,0.225477099007214,-0.149570138014614,0.245695383333607,0.0254725868210725,0.279631613117291,-0.107608106989446,-0.151393260996649,-0.279599075251857,-0.175684112405168,0.029938570466885,-0.182153217073927,0.110143630965667,-0.105478217537923,-0.0187921747205659,-0.109140772568163,0.098367451100212,-0.0884917283060358,-0.22775776585924,-0.0800734704909188,0.242555444405556,-0.165726873303239,-0.135119850115705,-0.0407919383537451,-0.0469648854595273,0.0388595897227031,0.294403381926067,0.162522085332928,-0.154966268097312,-0.0730759008004681,-0.334385416432059,0.0586928888703547,0.122105067501203,0.450270057737762,-0.0775849170774158,0.175808553566937,0.427849219551602,-0.160999094907127,-0.0363891432234267,-0.141178044338003,0.366590044978337,-0.0129189968362468,0.0562630814711319,0.00354424453059036,-0.128895087481345,-0.099173736653011,-0.168001415836717,-0.183725202481694,-0.162184674682336,0.196704756692143,-0.419090186178997,0.20946583018469,0.0820068222608652,-0.176592526863161,-0.131880606377444,-0.140334396245772,0.117695838485068,-0.0558815948238273,0.138299414500815,0.141144871647058,0.0678483276420702,0.0614471615364004,0.362234856573744,-0.180604944118993,0.128263299760603,-0.202956026849561,-0.07981016209886,0.105744260122315,-0.05675831868452,-0.0774343626991307,0.00975025900811094,-0.38369408509078,0.184299486379231,-0.0210900552758061,-0.0902246095348363,-0.0278313053427291,-0.122120781855511,-0.0491358277409248,-0.1997544250395,1,0.28418137524006,0.0753927475457461,0.12967077496062,-0.0200034200787367,-0.227751239617,-0.0326309280593833,-0.0684061160592095,-0.0229965605389024,-0.166678578121611,-0.176464880318104,0.50371652129661,0.410652668596615,0.259463793338929,0.348675603413864,-0.0876898620683424,0.23500846475601,-0.26871342796198,-0.260376709002237,0.19468766033488,-0.114501288271219,-0.024273503413595,-0.252895516536506,-0.0265532669396068,-0.199603314897122,0.104906939532605,-0.146141863368848,0.0630205263338505,0.0922860089159648,-0.0828656144481058,-0.122561216811754,-0.196937871603016,0.290827841963048
"养母-养子",-0.136369818071589,-0.0538520889600695,0.325814804756015,0.227862977799148,-0.164266379010113,0.1132203270667,0.354986604823818,0.133892663629575,0.108523542438606,0.546279305550974,0.428039974728159,0.229943147086271,0.367242260210209,0.358936658189325,0.2434510879731,0.272288780042904,-0.0863210252927623,-0.0646131657409062,0.238601208337319,-0.328329097970473,-0.0647058855745629,0.0337123909917044,0.134420515490894,-0.0280748365830399,0.0181833713587143,-0.00125915388319642,0.346084692269774,-0.0715515629880562,-0.0692217903160362,-0.0237775370602612,-0.0846411054520753,-0.215739683134318,0.115218192136155,0.0450570309093906,0.161780023945515,0.266636680304559,0.385135686619946,-0.0880007283884823,0.284517651969807,-0.342184079435158,-0.0816002535459874,-0.121783062632989,0.359054658925462,0.387743229500749,-0.0931721274499965,-0.140052789544904,-0.0121380678235096,-0.115767230897852,-0.0688528225614091,-0.00145651744232544,-0.202518846311577,0.110529801989263,0.0524282020821569,0.0314475248894371,0.0227446764595893,-0.0452910610145459,0.290790452102801,0.233656730006018,0.00571497601350688,-0.136042268722152,-0.167595267028117,-0.293147545103898,-0.139026294696417,-0.204889438316375,0.222289547594728,0.0804408119335475,0.160661390824997,0.161866800388383,-0.220666635537541,-0.396331277318164,-0.117993092880823,-0.0627268788130835,0.015665245564303,-0.171277562245925,0.0895922305569267,-0.0778051468808804,-0.183999466097853,-0.0313663657656297,0.0959835619636899,0.224720714104605,0.246852961195172,-0.244327850734535,0.0118127979838412,0.0730611252068778,-0.39346905703238,-0.109689944727184,-0.284984523504402,-0.228019668403571,0.143049113514254,-0.0350425468146182,-0.143246577077822,-0.0288567604507457,0.0141447262783151,-0.10315653447905,-0.0280620266994887,-0.12267020518435,0.0405160693679919,-0.15299496518811,-0.143585808180897,0.150477200516342,-0.15526438040006,-0.283271679217122,-0.151878474157443,0.280726751359427,0.237647373058593,-0.0080980365078546,-0.130144805716904,-0.0612616156701914,-0.113958455118818,-0.254031448796622,0.28418137524006,1,-0.216366973662203,0.0531569995748826,-0.270802979639029,-0.0629079255994845,-0.105830178077076,-0.245689230771906,-0.21943241370503,-0.239749564659938,-0.0795167176280057,0.21440821752967,0.418032644044441,0.0846984484073227,0.213206665200218,-0.0339647406363437,0.329997244668765,-0.158508930365046,-0.284985740331302,0.0394284004162093,-0.00551479428304861,0.0233107155012419,-0.206247669538217,0.00424836565626453,0.0185458525932752,-0.0439202057572811,-0.0169402522027075,0.0361852565187006,-0.221266410389097,0.0302389146123967,-0.254010236367032,-0.302533819211861,0.326819255977703
"姨表兄-姨表弟",0.17852026789158,-0.00538876956271144,0.285286315902271,0.125391659821032,0.519506458515199,0.463837639176493,-0.199358578227819,-0.318262096187632,-0.32231363786513,-0.0599391886122881,-0.226253281771058,-0.174709900670936,-0.0187004497819472,0.02372633133124,0.0648271682940395,0.0922821008150603,0.250481673681959,0.31423617354588,-0.101479748217296,-0.132943758669156,0.0550014439268881,-0.181014964500866,-0.17452659259507,0.0891946716994423,-0.118454282287071,-0.0986594095619489,0.0330387895480537,0.0160495569364892,0.15910251844831,0.25437253994841,-0.145246911801712,0.312955283257032,0.00225166067639204,-0.132707594712249,-0.3233405857705,-0.0538344407320289,-0.0117145820326821,0.375032359992322,0.240781993402921,0.0151552687790425,0.275015796273651,0.433766164344813,-0.00396299550621147,0.0605254641556281,-0.00313235021321318,0.171626944804889,-0.197774215425862,-0.257434083967207,-0.44680844727546,0.0297445247011355,0.0737368743346581,0.0921888225515209,-0.0870516254047238,-0.103034025169993,0.0307237344785596,0.194739731624079,-0.238706352099211,-0.218226209041641,-0.15892049339567,-0.328559174068593,-0.395193168931097,-0.308634747686414,0.21258341457574,0.0148517740308385,-0.174163872053793,-0.0572814072389919,0.0705340794034581,0.272713010632196,0.230101805224061,0.70647050498073,0.0417281692962416,-0.160817489868157,-0.307315605217009,-0.00709302155350035,-0.0703434577348141,-0.135201105934889,-0.055679572963504,-0.0676564567405619,-0.279693949537865,0.131955456775928,-0.0113695287365162,-0.0554040226393578,-0.211344148027145,-0.281262682672059,-0.23712785258763,-0.257677065733893,-0.0658447997863831,0.0566774004122509,-0.271723262444527,-0.0179096674109786,0.126372292095652,0.0260330024311421,-0.00777213460619836,0.147541433929486,0.189361969840328,0.105989904681491,-0.173164691768879,-0.0952335855173472,0.0373052949758661,0.27854948589691,0.641726250786487,0.136463596967774,-0.145342982814826,0.0328026745744752,0.14813762447701,-0.0506451835833094,0.0118747102534014,0.2691892439803,-0.179814263802229,-0.262704878122507,0.0753927475457461,-0.216366973662203,1,0.0736766578232098,0.433174834513049,-0.0191125277085168,0.268146196615382,0.000182165571896337,-0.0773625190448559,0.100389816122148,-0.0971969346683501,0.130006367921753,0.247761535254338,-0.0489581236090829,0.048805098372393,-0.124746680318597,-0.0808694765509022,0.225861827898942,0.0691717055864367,-0.136803565533612,-0.289939142526101,-0.189494454929649,0.291188213651318,-0.0720181826317471,-0.0996239654138459,-0.0162518420246576,-0.136184664819194,0.140803957521634,-0.110320835953675,-0.0236138283984763,-0.0156745663235696,-0.153826570361169,0.047715251596996
"姨表兄-姨表妹",-0.0792490137401002,-0.0797749707397947,-0.0173663436868157,0.203906249034785,0.276492291972564,-0.00472359370753819,0.0647059066295951,0.0568056513986059,0.033426629266472,0.0615785910830762,-0.0105698222852241,0.199356446706595,0.115778740015596,0.054517592180664,-0.149741455447746,0.115903861664898,0.0756960904930816,0.102567664636637,-0.0158158177726046,-0.0868385836314072,0.0850544959207707,-0.262611538215743,-0.143127135257673,0.00884331039139331,-0.00488546213852589,-0.464333306000429,-0.176159892985846,-0.377521156939828,0.12934634467224,0.00235765020239303,-0.0826883364069514,-0.0478637591110571,0.189926063356372,0.123345444539561,0.0133297892499703,-0.0163403445023431,0.0186651925299468,-0.0225082908266149,-0.101747440438893,-0.102073357751942,0.170528560869122,0.409539033458292,0.144187525052894,0.134130820668631,0.0273458655201194,0.0380634556060357,-0.0390423939601157,0.0112559262023091,-0.196688058341642,0.232560848808277,-0.106824463960267,0.147355825744903,0.124083907061181,-0.0125676331193578,0.279963171570513,0.0588340983919247,0.124706943046242,-0.00238526876213362,-0.0642568904246093,-0.248030248134657,-0.148093463281669,-0.163070881835792,-0.051042445528867,-0.143153898699589,0.0377736643371637,-0.117359653869432,0.185413667053533,0.209980260939035,-0.037426336602755,0.0444690161482386,0.0103623354296956,-0.0657403642275272,-0.016272388382341,-0.203555701069468,-0.078429072419835,-0.118854469910988,-0.124290807969248,-0.146771167100884,-0.07540638841525,-0.0513276731550295,-0.128346749746216,0.0906655781269315,0.135055124742286,0.00246892963932782,-0.120105619191595,-0.149770830813868,0.0778410145113569,-0.106520287749929,-0.176319595531827,0.0286721355359873,0.271244079900064,-0.174567346209179,0.102847114309715,0.0772417189605279,0.0677483853203943,0.187897015457257,-0.0489753281531021,-0.143161299110111,0.0209484733691743,-0.0141689232303428,0.194426671040262,0.0302576241499729,0.0783515021012461,0.185619090333647,-0.0285566549238288,-0.199011765156088,-0.243814706803728,0.142135078302034,-0.226683274802202,-0.197023405175461,0.12967077496062,0.0531569995748826,0.0736766578232098,1,0.307368295447525,-0.252535437813197,0.147549242383844,-0.0698789717645224,-0.0483774360681665,0.0224065926489232,0.0407672289927608,0.289960317516304,0.0199763229044918,0.0248695974213093,0.326698112670438,0.0457023022907567,0.269515946267631,-0.252689226445552,-0.122381944796859,-0.018265875449635,-0.178069933601626,0.0789418128080336,0.125154150630351,-0.0201171197232562,-0.144447131653783,-0.183911676761878,-0.216345044585199,-0.167883426136727,-0.14703797824495,0.102436576821735,-0.0855504062281839,-0.29992396300064,0.160477261631774
"姨表姐-姨表弟",-0.268921531180674,-0.205708546593593,0.0528133650298716,0.053860688863345,0.5795569297818,0.152889579990117,-0.0652894082567019,-0.266638593676251,-0.239307161379395,-0.344280054011387,0.014355826160554,-0.0236523837720792,0.00173345282755792,-0.129758960600552,-0.0666181261320402,0.0783126791867335,0.262713207087154,0.358733777818074,-0.0867834813004024,0.105163095774501,0.0854279559352808,-0.305062045688992,-0.233677283261209,0.349664041541038,0.0816380336368228,-0.0222179811259915,-0.273561592410719,-0.189765476850398,0.392310216670186,0.532632827919531,-0.130277316618102,0.321596570604071,0.0325987472967242,0.222535016771006,-0.269721594219251,-0.0507933798135606,-0.0656794629817386,0.387591843817397,0.0597901850748676,0.136969891978349,0.418383514350064,0.551847255035259,0.115787081532657,0.016418990969261,-0.0565412356992126,0.210132392180165,-0.334614651661724,-0.260929692630427,-0.33402533586894,0.537644195124251,0.0302411808990856,0.230676246334162,0.174973094780986,0.142721735646006,0.227869204337937,0.158224838970663,-0.138914723799701,-0.305862846671172,-0.085091188487017,-0.271457463149309,-0.317258603644725,-0.0783327936949889,-0.0253967770700059,-0.0884855803904175,-0.0174742148498536,-0.262488988566462,0.0711536693965671,0.0222071073286155,0.334365417889912,0.42642710031547,-0.0755039675487926,-0.255306045994171,-0.413035724079383,-0.133067876936666,-0.240490283234865,-0.177582556229803,-0.10195177270377,-0.278741221084405,-0.316633785780846,-0.00777429151035394,-0.214522441033003,0.348822236780611,-0.0797946346306397,-0.398004811717727,-0.0188207062950404,0.0978791235381446,0.0977071066116298,0.249767294150823,-0.226837443888482,0.170680391731214,0.377561281519562,-0.258302343760662,0.0661080905690226,0.0922546047886686,0.227883779645285,0.0341764910256277,-0.298591292484564,-0.288742613171619,-0.177309576539483,-0.153874708731989,0.478155062769397,0.024803659889396,-0.00911981575697177,0.045415551832241,-0.0368361695361871,-0.0948271888072922,-0.0900213482525247,0.336766377434031,-0.050635518819803,-0.17888962994972,-0.0200034200787367,-0.270802979639029,0.433174834513049,0.307368295447525,1,-0.259506996931551,0.318382288102494,-0.12358784313744,-0.0885906376088844,-0.00205037646006392,-0.11320652712151,-0.0534714278560458,0.113134669444044,-0.0986065255640693,-0.0167920141641928,-0.339542963322974,0.0173258915793408,0.0667347016956902,0.224553538387613,-0.318281311591748,-0.191474681131873,-0.239787452075795,0.359650654823706,-0.155094636091015,-0.225739514335342,-0.279075624223688,-0.286257595655928,-0.0592464854162001,0.00463977406079019,0.379479031620214,0.263087923149139,-0.124398363574839,0.0182837089003356
"姨表姐-姨表妹",0.260874996585693,0.359598309690346,0.347253201895333,0.0189371800065863,-0.168996656363136,0.289542990297379,-0.299229554324401,0.0107220928768839,-0.112867319527732,0.0859630787077804,-0.249254008764211,-0.26312777655287,0.0439776363100443,-0.154152069463146,0.357193232593617,-0.292143148116617,-0.134024026817533,-0.107102726277807,-0.164712201635262,-0.0855630030171752,-0.338261711524069,0.0601589519027492,0.195327140111019,-0.383186179948814,-0.401784401037512,0.0896521091415729,0.148890444648884,0.403481463695868,-0.109782185151959,-0.114439695811567,0.0515789866891819,-0.152279607295396,-0.494130331203746,-0.214678352853391,-0.281126243552563,0.0599058915408294,-0.366512300450849,-0.0292972054533719,0.126827048190108,0.134752832804426,0.0429555260111637,-0.1669350311673,0.245906623336919,-0.0367655739886872,0.096218700860499,0.0669535080468032,0.193683920916541,-0.231086157166855,0.15345612848855,-0.23214505379423,-0.170203491202147,-0.449411872700126,-0.0566491075968669,-0.06534133575254,-0.213555423160954,0.0516067989824294,-0.267183006133883,-0.198696658318585,-0.25236934951012,0.207764802043424,0.155140023076221,0.163895591065363,0.0984385479654453,0.232869279049304,-0.348856720267569,0.617337369060876,-0.247802271056502,0.0700554811943797,-0.0462157575679512,0.00337967106880235,0.123404764587105,0.199220146708866,0.0244156091194126,-0.0936511572157481,0.446643526497101,0.0374265631109961,-0.116068690157938,0.617458226288839,0.444812747233298,0.140923915519048,0.118500021308347,0.120037304171439,-0.435322138449966,-0.135926657361569,0.100866071241281,0.0409184374983166,0.0857895398669615,0.053727199522771,0.178032083415962,-0.487417553198826,-0.461592714611222,0.417714875968104,-0.146995294868518,-0.195384206847902,0.0249785842089001,-0.176235844731588,0.263334617828251,0.0824035608134707,0.0397143957208869,0.140649544660385,-0.0741988946463803,0.027497311474127,0.283707511663962,-0.138258299266978,0.238788205070142,-0.0293413828125912,-0.101049203268284,-0.0319109884963796,-0.176458466597511,0.030144643696443,-0.227751239617,-0.0629079255994845,-0.0191125277085168,-0.252535437813197,-0.259506996931551,1,-0.00530648026979651,0.0454224764497018,0.352335465839325,-0.0813149615623945,0.105149149909852,-0.310901244159401,-0.166660125814771,-0.385193585386989,-0.293225701049849,0.252071667109865,-0.481446881539302,0.385946343402271,0.186264148292335,-0.232127805477067,-0.0539616337294678,-0.0152693498783448,-0.089986825477538,0.16795591568322,0.160327992411302,0.404253991121033,0.363709788056499,0.29343001456003,-0.167295074180055,-0.27603332860895,-0.0532299411557602,0.0889843765363166,-0.355471705229199
"姨母-外甥女",-0.272656709108919,-0.224514739170875,0.182679809981392,0.0570664297407348,0.22170610604406,0.0301015660145666,-0.138371041840134,-0.442645987193995,-0.26800136484715,-0.0104534109901165,-0.0799893217113424,-0.300372495234113,0.0299738743513857,-0.340411533590799,0.0597449725877172,-0.00493737547272029,0.199181933665387,0.274019520412636,0.103459537832391,0.0809489153592718,0.00483597869588123,-0.0678221546467267,-0.110801473752189,0.190346687367722,-0.180872631251167,-0.0837696117520895,0.0338083107452799,0.146726719964903,0.37456350008951,0.335671108301511,-0.318535891308484,0.349189587301801,-0.075559965729464,0.0209441557859248,-0.116905135563365,0.080492688987216,-0.283406079140885,0.0247641387096503,-0.0154219945246371,0.0368919725539302,0.350994790732744,0.185635638040914,-0.0064360813010372,0.0206761555886793,0.230676581521567,0.887723842126125,-0.349626059320071,-0.124068953554995,-0.0681479548283103,0.153397186993882,0.300236550595581,-0.0577231398648,0.183995853486706,0.231834035075463,0.0368964060682091,0.311328656045607,-0.057693294262344,0.0224452693332897,-0.111863131077438,-0.153546519752454,-0.0432972980353593,-0.132713363753987,-0.119058973085937,-0.229418009966546,-0.163118136055202,-0.0177435686680002,-0.0599378866942021,0.1247562243525,0.316230333931357,0.401050719596283,0.216234213904588,-0.316854338156145,-0.293695089998931,0.0353263135897978,-0.221237004183302,-0.0407539685868327,-0.00384094079412534,-0.00682595332864634,-0.208891023751539,0.151957342535813,0.0620562962974858,0.07368501931138,-0.0854712660213408,-0.169198560595621,0.0396332603708827,-0.0810592680078785,-0.0993540238266224,0.18885133951677,-0.32814646628733,-0.0647200821368037,0.125621703035068,-0.220087825435261,0.0526170181269048,-0.00288502451637637,0.405533627675405,-0.0743185731347234,-0.348619900833589,-0.270342318074819,-0.254416061958696,0.0859494992744465,0.179888895496839,-0.122594343424252,0.194357614546979,-0.0238979944032175,0.237696578369175,-0.0944520356047925,0.0343988024880303,0.276054485768548,-0.0279367972184057,-0.11693161631501,-0.0326309280593833,-0.105830178077076,0.268146196615382,0.147549242383844,0.318382288102494,-0.00530648026979651,1,0.177606815516279,-0.172208579264384,0.125157447388543,0.148764715327915,-0.126331632723741,-0.149997597122212,-0.0443369703963296,-0.236083887968303,-0.297110157864487,-0.33431188603949,-0.172005823696287,-0.0654879878970669,-0.2403930902235,0.0745824828651606,0.05031839972481,0.319143781239477,-0.369608140407673,-0.100645627817307,-0.224958863628641,-0.236724575532871,-0.114560197632916,-0.121877868832856,0.28188064473803,0.0685867619201434,-0.116151214943816,-0.0630687798506051
"姨母-外甥",-0.0710339353369499,-0.209497704000434,-0.0827788232312943,-0.0276499835849183,-0.0214142861862225,-0.105385721519043,-0.271597159957804,-0.214959136754957,-0.291625836700754,-0.301974806380091,-0.286753606475666,-0.208837536747875,-0.105486885132557,-0.169868258212354,-0.0681670154861645,-0.198209913483709,0.0357721198672507,-0.139574357361305,-0.174983228731121,0.585927723826383,-0.0649090238178914,-0.0275045483581515,-0.143347488601617,-0.168458490980113,-0.020794544637399,-0.112399972619292,0.0996181133340653,0.0726632790020784,0.0564683007845064,-0.169988433171634,-0.336025947376489,0.169457117296824,-0.279983352813935,-0.0734745631225029,-0.0364632085444352,0.099391043262391,-0.169452317647376,-0.138029031682076,-0.0185218735999137,0.0182230749659684,0.00416788706161848,0.00159715631412571,-0.115582015088523,-0.306784185755784,0.554302221852666,0.281560895312537,-0.0880528640634387,0.575931742712116,-0.175350380267691,-0.164068527631764,0.726821580144547,-0.243267727431449,-0.0903620276358549,0.151956363326872,-0.105468383144436,-0.0768054098518846,-0.368554217614463,0.0762898002037554,-0.138059030383907,0.511367061082627,0.417463417292372,0.440252750586119,-0.427579003187996,-0.245353082939149,-0.217771067451585,-0.0314531118497888,-0.0746365886216011,-0.0368166374844673,0.190464650263153,0.0887355534805244,0.560772432983311,-0.141955910389157,-0.150404190249815,0.792015976892524,-0.282037945408988,0.723467441625401,0.791823220844971,0.0124869732645088,-0.201193028518078,-0.16031040443775,0.0682828903905333,-0.228140786655866,0.0340298699736598,0.0808817183581391,0.512247131456343,-0.216392898036558,-0.232082502986717,-0.151633844654295,-0.272824550593944,-0.160223468691611,-0.230887520977226,-0.15178649465,-0.0497107671299552,-0.0402996132768306,0.0897659811404909,0.00695805195830968,-0.177967069369111,-0.219826556766124,-0.289593326793403,-0.0314831740008454,0.0112145163573379,-0.333499872658694,0.105108504452645,-0.16403089475874,-0.0733183987189037,0.561500657940888,0.582062707207139,0.164452541051258,0.540826896836137,0.57004431630267,-0.0684061160592095,-0.245689230771906,0.000182165571896337,-0.0698789717645224,-0.12358784313744,0.0454224764497018,0.177606815516279,1,-0.00166520609620787,0.777462182585216,0.6507120384638,-0.20255442870485,-0.342371090783246,-0.140412505468472,-0.27405549644169,-0.096039639622183,-0.248343039786002,-0.169327950615916,-0.0379280627038356,0.0541337221744176,0.537935638113004,0.465940815137015,0.0423198161740255,-0.227662935185559,-0.182958155516377,-0.155452172517195,-0.276924747018409,-0.397730037432776,-0.302536954101312,-0.222821429761754,-0.287385746489453,0.445259684817342,-0.20060716822309
"姨婆-姨甥孙",0.359083091815456,0.449723771782889,-0.0862517897237965,-0.160408749010605,-0.0754498569668307,-0.0634810457717183,-0.0479087432661976,0.259029477935962,0.191656658866309,-0.168536622675984,-0.137850939150795,0.089892351149383,-0.13949764905665,0.0323447299045778,0.062632611052719,-0.00854885665236734,-0.379552194697277,-0.0649011483996833,-0.381811038859741,0.00370651530315688,-0.182052215469452,-0.00172078373885565,-0.0834337067477217,-0.389943244782693,-0.159548429129645,0.0263626431899085,-0.122089494865234,0.219145548106168,-0.344670086548445,-0.365890208662687,0.263006684953237,-0.196745242349536,-0.401543501936902,-0.239861649111595,-0.19192406012732,-0.150703554288558,-0.0691957645144893,0.148715707530656,-0.0328369401169753,0.203746917779238,-0.320798218809213,-0.151252528611881,-0.0461218486989423,-0.0803955502017571,-0.111093444016929,-0.108180991511684,0.426859111061281,-0.049192960751032,0.125849296780181,-0.314052316518937,-0.222983610812212,-0.369053807129982,-0.258112781841446,-0.303327623881691,-0.11400838817437,-0.268507208122737,-0.284512278197655,-0.382907990340106,-0.318245665050374,0.20137966228053,0.181621745062481,0.282914444798236,0.275589946775662,0.624195812023614,0.148896668429094,0.301534587816898,0.115635365775693,0.0363905954702001,-0.231599057758598,-0.0683756019640768,-0.094278415980084,0.382196043181612,0.237507651914401,-0.0840697739509813,0.481899832557441,-0.0148981368799818,0.019077942992737,0.218201665997835,0.34804812412545,-0.0118009424272629,0.071116183179486,0.146303104044193,-0.292139973440488,-0.187235303465954,0.219455109187564,0.0800895279197487,0.220606651708245,-0.0998447563349859,0.240021354234754,-0.2448886035457,-0.219513568090319,0.408276743939173,-0.275699629833526,-0.174039953550787,-0.398146027379626,-0.104868195972529,0.47355772068191,0.276308845764525,0.26422645226788,-0.058678586666246,0.00144589497891807,-0.0529339680548431,0.00961029501474735,-0.107529212633063,0.0496084345344312,-0.185597569747124,-0.041631516648953,-0.17878972875993,-0.0424017908455339,0.131825243998751,-0.0229965605389024,-0.21943241370503,-0.0773625190448559,-0.0483774360681665,-0.0885906376088844,0.352335465839325,-0.172208579264384,-0.00166520609620787,1,-0.13878348586736,-0.0421418551176655,-0.0613451813417997,-0.116204705581037,-0.303363131817886,0.0795340903863871,0.480437977085258,-0.172289613257278,0.150542292382246,0.203569192011641,-0.177591022487617,-0.128564390234327,-0.21981225396279,-0.168405229083702,0.347362024332069,0.011016762463496,0.468766442407284,0.362261212908271,0.125344839156883,-0.0829259763847811,-0.316622474053584,-0.134251216501451,0.241491045086126,0.0780098677030669
"姨父-外甥女",0.0108362738305845,-0.146839999661198,-0.0580100258710672,0.020306902561027,0.017675685392907,0.0593762652443177,-0.318265565398123,-0.215393907400099,-0.204628112146052,-0.232271008047617,-0.264661429394529,-0.249516744383402,-0.0502156166209653,-0.151954852776746,-0.0499312964254545,-0.10613530888566,0.133459751418968,-0.0251401891943248,-0.24291128001271,0.499855460222903,-0.091340421134908,-0.198530971092861,-0.191880587179515,-0.0397736652499592,-0.0404579517347093,-0.260946660821223,-0.0444520344910618,-0.017587135206045,0.0367033900593521,-0.0486335122586498,-0.198001224211989,0.127574530122914,-0.174378149268487,-0.00904615302614084,-0.107855295780078,0.0964149812925167,-0.208976754688611,-0.0465177490749811,0.0451347177315616,0.0182736298725622,0.0192972643144031,0.0602500603834874,-0.0795652683267332,-0.308887271242063,0.478358295976417,0.125719794806664,-0.123360252751524,0.50160223497635,-0.283667862587677,-0.0764848359407528,0.728193813548252,-0.179716313142155,-0.100789516104722,0.077131039039734,-0.0964633930644771,-0.0613329742212145,-0.194786177295859,-0.0932950384096184,-0.231243846219721,0.307940838202803,0.364049810287012,0.364076507632264,-0.31039723101979,-0.241578774431172,-0.266802906403651,-0.0654025911875743,-0.168103984789501,-0.112718440179173,0.22901905981576,0.057537362672528,0.531344525567266,-0.23987581762377,-0.0885873265699169,0.573469297479174,-0.294754205306667,0.665134128254377,0.696057290506764,0.0501454654960829,-0.318799372792635,-0.0325620157495285,0.0781775350072941,-0.0470089136810962,0.0268671443448051,0.044806882229401,0.301640333857819,-0.188990045104687,-0.10762524222467,-0.240083710209708,-0.252963119224139,-0.126587655400019,-0.156556325969552,-0.229645569364878,-0.11219103037393,-0.151002269866412,0.172599044580039,-0.0571754563776429,-0.156734526003692,-0.189483341444764,-0.20197487022708,0.0479835442453614,0.105654551430355,-0.138716949723255,0.117378508667251,-0.160846280334605,-0.0253999582734267,0.562690481535461,0.588828805185885,0.180548969326956,0.387120666534606,0.440901970301625,-0.166678578121611,-0.239749564659938,0.100389816122148,0.0224065926489232,-0.00205037646006392,-0.0813149615623945,0.125157447388543,0.777462182585216,-0.13878348586736,1,0.504711585533495,-0.125059444485024,-0.261331915843368,-0.0638343075229522,-0.166522220459239,-0.0233405904040414,-0.24806843607489,-0.0675503842379227,-0.0024643604389118,0.0637780799142962,0.469339994591071,0.546712613284629,0.164468048212689,-0.25526156942039,-0.15857964439795,-0.251950191430359,-0.27356390639132,-0.359450101519562,-0.240280852528259,-0.166143890500153,-0.167263242989271,0.421253891341897,-0.148170457429352
"姨父-外甥",-0.0942001699972069,-0.180356168742471,0.0362499159351601,0.0216344677619258,-0.00158851081453875,-0.136593606040437,-0.119130927414557,-0.192179595076785,-0.2093054062133,-0.0578541716792161,-0.13813349202706,-0.118988811612076,-0.059893478580841,-0.240087037289173,-0.108786409738743,-0.211990611995043,0.101131859416123,-0.0240959716772421,-0.17160329568455,0.270289883569866,-0.170718689536296,-0.0623375833104747,-0.046557568492458,-0.164665523661863,-0.186512231892659,-0.114840455715173,0.0627028115504459,-0.145569452737409,0.24256044063798,-0.00807307352462163,-0.323169228361075,0.151214889182398,-0.273243337509772,0.118977217278452,-0.0880861563343244,-0.0215065192228016,-0.24251125504255,-0.230655794520287,-0.026711157616959,-0.0203466379343282,0.13463306066646,0.153086695377597,0.0494543524079366,-0.148504226096912,0.897906713784557,0.204044401252075,-0.169798827982858,0.222309669126691,-0.0817424608098443,0.0222465036266895,0.553949397279193,-0.17386358532181,0.180971766172997,0.348953455682163,0.0921555363843339,0.120036431382113,-0.132087000045794,0.0793520827071592,-0.154286965541005,0.295884890876378,0.141552776130097,0.261121243657346,-0.428080700510802,-0.325362703021156,-0.286086997811939,-0.033817511160568,-0.0408794279113974,-0.0876519382693148,0.173163502287729,0.0395802643690129,0.868320974001799,-0.182967893491048,-0.0763058701951846,0.398798918805252,-0.211258741054828,0.429418356028041,0.399483649322838,-0.0598593765014103,-0.115433024054713,-0.142162301063207,0.0535494329056759,-0.133977264878425,-0.0772796474680444,-0.0103279038572442,0.310985651766688,-0.0913521783229749,-0.21823625356591,-0.100592632382701,-0.249814499601318,-0.323290321952886,-0.312983855156671,-0.13396418383617,0.0316090037939689,-0.0762704355808161,0.343732961760004,0.03947082667489,-0.0759559742326699,-0.266330330381841,-0.299315109758614,-0.0167519721223884,-0.100314187406883,-0.28453917040452,0.390384271934252,-0.13580582577961,-0.0639392198946507,0.333538710106931,0.251265535282706,0.259070211968913,0.238791810348727,0.330462550097392,-0.176464880318104,-0.0795167176280057,-0.0971969346683501,0.0407672289927608,-0.11320652712151,0.105149149909852,0.148764715327915,0.6507120384638,-0.0421418551176655,0.504711585533495,1,-0.154185101801361,-0.277391923893723,-0.127447517391308,-0.102643560772027,-0.0935626232451862,-0.189755147074457,-0.18790854612739,-0.0187609889536682,-0.0641209759820275,0.253878896937491,0.246097619192822,0.202614344888382,-0.113845084256452,-0.0993433176393984,-0.14023315644346,-0.198572814400937,-0.311861307859008,-0.374178535374398,-0.0699934424847491,-0.212145194255867,0.102428803170638,-0.243630958006604
"义父-义女",0.198198121304339,0.143284288171468,0.10865216970097,0.156138460049269,0.112530382212923,0.030491667634016,0.367070280309801,0.160335253025078,0.186049549322077,0.286909955782647,0.192807179819864,0.33485599363014,0.117143625300001,0.260781094180596,-0.142828922208768,0.30846330122004,-0.115339196442892,-0.140851297869034,0.219732365602574,-0.27962040928528,0.193370800875754,-0.0718721725801164,-0.139411629515743,-0.0437813515543915,0.0993549744690238,-0.311493925639137,-0.0231312088978115,-0.2438731534598,-0.15643339582777,-0.180611614223871,0.0651531665874204,-0.151245449980108,0.321062292542445,-0.171948972062938,0.253593587461571,-0.0852982601058896,0.304639748720992,-0.132990285337484,-0.10827082484034,-0.33679513069695,-0.112057733592742,0.0504302414943954,-0.0507834774009958,0.181382283179831,-0.109664329438023,-0.18775191537786,-0.0495313622506669,0.044326854937598,-0.0759841652490407,-0.169139385187043,-0.15421121413429,0.200333048243533,-0.127681294392438,-0.3386045433841,0.00812523444624006,-0.0761771786871538,0.28960241138281,0.303130216333439,0.154098712855508,-0.372753383934997,-0.208261712244318,-0.397190995752136,0.133757241532473,-0.0280670057914807,0.310415095525139,-0.253084721969431,0.352785980147944,0.289531318606619,-0.200217608706222,0.00786832075495024,-0.0838710317511592,0.117955918506297,0.199862984256615,-0.20194936565193,0.0410429190665981,-0.247169742035872,-0.182268018784427,-0.246378907367292,-0.0160614681969472,-0.0371378170515413,0.00154058067695909,-0.350423672995257,0.2483559824158,0.148827174146456,-0.337332952835239,-0.347950896899684,-0.0673369123002996,-0.139187205945318,-0.088226930203574,0.111236873815565,0.097687819618143,0.0306724484438549,-0.0524779087039889,0.203841818211117,-0.17896656292629,0.304316346563761,0.0132583177359831,0.0987500353620309,0.230805238991792,0.156034469840617,0.02936111200648,0.117377753768227,-0.405601504824638,0.303848996320315,-0.0511994108072597,-0.200064214862206,-0.161726137869285,-0.139638124473624,-0.304355585796958,-0.378378891110155,0.50371652129661,0.21440821752967,0.130006367921753,0.289960317516304,-0.0534714278560458,-0.310901244159401,-0.126331632723741,-0.20255442870485,-0.0613451813417997,-0.125059444485024,-0.154185101801361,1,0.37992665768181,0.393690403858035,0.508270336340652,0.0740443105371758,0.423120411870968,-0.223376941258108,-0.24432938594601,0.283770305600817,-0.227630357974461,-0.0098556475260013,-0.09463462512596,0.0973722620021908,-0.0921842277128475,0.0606359890160635,-0.0296701424589726,0.0797258090383449,0.0657438902216622,-0.140447068844887,-0.159708706681807,-0.36066765212217,0.333092289226926
"义父-义子",-0.0266615543988689,0.0519267268536837,0.282786178454587,0.0961380207661763,0.126256863053117,0.432098121782857,0.28834510565328,0.0721630990120087,0.0620693878054977,0.340305625915149,0.321437231356222,0.250271095164666,0.190047742374973,0.349166289617192,0.0694378547452225,0.258576279276861,-0.175864784010984,0.0665511941268302,0.242760619300427,-0.304521056814896,-0.0107866496584285,-0.198729807535474,-0.138810333605657,0.149788126271703,-0.0452193556428771,0.00358424604596093,0.0864025657129275,-0.18979344033544,-0.280137767882691,0.0579610719400569,0.00937550221793026,-0.207764571617013,0.0235860692935766,-0.0879762093455516,-0.0919188785297748,-0.0735096722470687,0.42249843873401,0.205565467060309,0.283807423353274,-0.263325958292768,-0.112427631248271,0.127061645979586,0.194534345165032,0.497925552820294,-0.204534012404521,-0.2452886049923,-0.0683810175288999,-0.166718133142063,-0.269479290910905,0.0379662957970264,-0.240870107875009,0.21671841093379,-0.113313601018463,-0.251949784122305,-0.0344380762004614,-0.0445660185626627,0.0342783045075522,-0.0466835290688328,-0.0793032215497743,-0.258303655337779,-0.337830179731641,-0.300752506649944,0.162675580091126,0.0214292628284159,0.251739959181817,-0.173539253074372,0.159836360390045,0.320189631327174,-0.281600721874982,-0.0150313993075884,-0.186513795850478,0.125394764384132,-0.13189996502865,-0.137595713823234,0.174384692990519,-0.121728926041186,-0.13574841416484,-0.204539438020207,0.0313208686771636,0.149486569462137,-0.0212926824082312,-0.144242880015662,-0.129339317503448,-0.182821950989969,-0.381824020080643,-0.0712030003749198,-0.209790380387056,0.0577319844227736,0.146838456665198,0.0354211853515973,0.0377571622765637,0.12501118418006,-0.0256713084214156,0.0375251610983484,-0.0767368476058301,-0.019778877950746,0.0436350986813738,-0.0959929769156139,0.0349029836291472,0.0237128140169959,0.133886144637105,-0.0478245503656908,-0.438680637717767,0.234627540081425,0.0380852338306984,0.0779780071672047,-0.024879622608935,-0.213120747889885,-0.107633597455757,-0.351827262746708,0.410652668596615,0.418032644044441,0.247761535254338,0.0199763229044918,0.113134669444044,-0.166660125814771,-0.149997597122212,-0.342371090783246,-0.116204705581037,-0.261331915843368,-0.277391923893723,0.37992665768181,1,-0.00421577688398526,0.320353818972525,-0.175418172143435,0.299447493579634,0.141679135269558,-0.099261920648189,-0.173150285344377,-0.124803975615058,-0.0908198919833108,-0.175849073353092,0.136599507760677,-0.146419847362375,0.105023361699197,0.0707171978078799,0.354029138900439,-0.0529431628571765,0.0909371898521846,0.0697443065769122,-0.190008021950929,0.295514146285549
"义母-义女",-0.181189234754967,-0.254182685069676,-0.145954891603212,-0.110137838226749,-0.173106342333056,-0.124733431649625,0.263056441589996,0.0380419614745846,0.102027840873634,0.120131478232754,0.00844449434329289,0.186214424510131,-0.118806976787937,-0.0721135936059528,-0.30178615121347,0.112710134281308,0.0530798458059507,-0.0863568408011038,0.379361105498256,-0.218225179313075,0.484556669060692,-0.0808242102983683,-0.207236032253642,0.223154127999224,0.460050516662401,-0.301236152346623,-0.0731307412431772,-0.0315406111623095,0.107538124424483,0.131698450638085,-0.0506817825891679,0.111919351287363,0.552261931937471,0.17087126203841,0.440907279847365,-0.138285472994689,-0.080637698286272,-0.255405982750327,-0.324224799896255,-0.317800160492192,0.0618892127222736,-0.15474435990104,-0.293706973510259,0.041296860545716,-0.0933638188817629,-0.0330931989080645,-0.214571374078467,0.125347520566435,0.16622726815733,-0.0012556395210802,0.00319878221010454,0.369112483822178,0.0254389481208058,-0.0445751791581086,0.0381833617396874,0.12312666279633,0.500786015520395,0.499725693768014,0.556747696075721,-0.367242682458242,-0.10818795002679,-0.393875239049508,0.0236342769263808,-0.149503544798046,0.236526369056503,-0.293910604655876,-0.00757318159392545,0.0657887463005577,0.206384660742372,0.0329327508285869,-0.0537112342808365,0.0315519974269633,0.194943163200787,-0.167985187695643,-0.258443806157215,-0.268273978802256,-0.249406679980008,-0.24794346328621,-0.32345996761635,-0.0296741222652331,0.0208170435165068,-0.250541967975863,0.38119061915877,0.397173148486051,-0.309021329703189,-0.0894599683067755,0.0368647004916821,0.0202589954120276,-0.317902629954655,0.475208353302803,0.346773092049516,-0.231066593607807,0.176662045089392,0.470358009315884,0.0275206494497768,0.376096380234284,-0.274158671005055,0.119613380550759,0.219406481024832,0.124949629807359,-0.231349119326231,0.246880505027871,-0.23558176066095,0.0595500089298791,-0.0113078913880019,-0.228155646265964,-0.139792019829177,-0.0174897662523237,-0.217355141957733,-0.299576207022759,0.259463793338929,0.0846984484073227,-0.0489581236090829,0.0248695974213093,-0.0986065255640693,-0.385193585386989,-0.0443369703963296,-0.140412505468472,-0.303363131817886,-0.0638343075229522,-0.127447517391308,0.393690403858035,-0.00421577688398526,1,0.356082979457795,-0.0777071912066487,0.174162020251626,-0.436021115663968,-0.381804192871565,0.566032662710203,-0.130897816876282,0.00205988497889251,0.199359312671768,-0.172574263316805,-0.145517355841202,-0.161589399801755,-0.0786696051767912,0.00724660403156271,0.414071960073601,0.0532411928440458,-0.0263080238182176,-0.358633490528539,0.0826735646962038
"义母-义子",0.115876879902742,0.0351789255375891,-0.0307239215772783,-0.0313447874763975,-0.04200370346276,0.0573147288489571,0.4179224338455,0.354309954129783,0.286515314982846,0.218882843956782,0.170711481813056,0.494635739518245,-0.00285656568970147,0.262332890474271,-0.228150537600243,0.239717531945621,-0.190349916686067,-0.00848332997922555,-0.0678985182701803,-0.339256091139157,0.18290490965177,-0.256130018577925,-0.310635475693016,-0.0917458892867893,0.0896741770229577,-0.375327020237579,-0.129571840966657,-0.190886891046642,-0.135435236295071,-0.0767131587674905,0.162698774483454,-0.139711426488896,0.161585708820021,0.0694468205814063,0.0536885360372244,-0.231462740193263,0.136219066635709,0.0674750131145525,-0.0897994430958218,-0.232627587220867,-0.240513696296241,0.0535922355985018,-0.0694377186567975,0.305647030351251,-0.129419580117953,-0.288241407136318,0.0323463405251473,0.0766104222133728,-0.110582747358519,-0.00671372001375227,-0.185536789698316,0.228970426340756,-0.0297162844091915,-0.292414803400935,0.194288821034275,-0.0191737643030316,0.38511926436806,0.0646401665645714,0.0426773861931579,-0.28984577593384,-0.261762742792447,-0.233999019282288,0.240984335286357,0.18702364507624,0.38339289309187,-0.218676707963829,0.22345710386478,0.105994249506326,-0.230076610278543,-0.0169566033045649,-0.125694783986604,0.206357361080833,0.384800584840184,-0.276250313394713,0.0784524679296777,-0.182925082693439,-0.246818262141854,-0.263547312569482,-0.136021130673277,0.0208825087384194,0.0746035298785444,-0.180725942282427,0.0118955427801389,0.0533089142948039,-0.357702250196862,-0.221818116621635,-0.00467029414296659,-0.225124223258905,-0.0335166198124635,0.112882299449661,0.120238370269981,0.0121309487660879,0.191365905885915,0.185178820104411,-0.175560311286554,0.263609661200452,0.00984565993946888,0.233581090449315,0.430394870921263,0.226450873329042,-0.0474650784836549,0.0632651385936765,-0.289079845500248,0.136148076124983,0.0271770028078584,-0.195391998849653,-0.147601287895213,-0.227309039326283,-0.295419853787331,-0.208224737653777,0.348675603413864,0.213206665200218,0.048805098372393,0.326698112670438,-0.0167920141641928,-0.293225701049849,-0.236083887968303,-0.27405549644169,0.0795340903863871,-0.166522220459239,-0.102643560772027,0.508270336340652,0.320353818972525,0.356082979457795,1,0.0964992927321899,0.30278792918867,-0.233435243812492,-0.0978452805759884,0.236290613266978,-0.294497748328384,-0.174823203104556,0.0330700961276278,0.090602002230916,-0.143310569796799,0.0309403659547503,0.101550320005875,0.22494949307132,-0.034558374555667,-0.0654340843884365,-0.250288693458443,-0.468602581619042,0.378841475280046
"姻伯叔-姻侄",0.366625881851662,0.378842068678238,-0.0521091871273212,0.0893163894235829,-0.172522941982249,-0.092329965592891,-0.139475935031958,0.395800763943219,0.363288157017321,0.0926581354423858,-0.170981289550975,-0.0698275253756068,0.0947040293945928,0.0869434862802221,0.108537639272887,0.142893168769997,-0.0759788314783376,-0.270957487368511,-0.302005836746057,-0.0441549677397764,-0.250599800605372,0.213975771497706,0.200513940197752,-0.50894715045074,-0.0680032338371756,-0.0452703630158095,0.0987602481585779,0.226960187067426,-0.382180007459376,-0.459740316444671,0.377167221864837,-0.237439421874637,-0.0482738984482154,-0.300305306431079,-0.0795991047268964,0.0695221002368024,0.0476527524577175,-0.0266950295234112,-0.0686672752247646,0.167749495912031,-0.177065894805082,-0.368513911302355,0.0749194785316588,-0.198022578210779,-0.142385304113314,-0.259436265878484,0.58358573881875,-0.0901963148427886,0.00522908676865176,-0.350024602507735,-0.255469063743958,-0.353158289770801,-0.199406302980502,-0.202102207544397,-0.27237747139496,-0.268996163343054,-0.0924416431458991,-0.247201503326099,-0.227619961812723,0.123624154955291,0.186156192578206,0.14771910007352,0.375412211557674,0.365521037139904,-0.0299128390947698,0.331226485319037,0.000841619150128623,0.0906664297630205,-0.293133798510765,-0.210202705463837,-0.164310149957531,0.275827984258105,0.529749202789507,-0.167681170620047,0.249567533824614,-0.113720235127382,-0.112665226514419,0.43655005143099,0.34271539934409,0.133808502756463,0.185666868007075,0.0673729309758802,-0.111772306173509,-0.00675290420137226,0.024748153100836,-0.179758470138382,0.243813865587191,-0.366916889417817,0.322070367881257,-0.25114880436405,-0.288053097319064,0.218392752907647,-0.359802754804717,-0.28754843418402,-0.327843962669079,-0.188958879777125,0.496747546124293,0.193425209769728,0.261308847534192,0.236863161814824,-0.0695745278894615,0.119463655707985,0.11201719047754,0.137638784262633,0.0938410321633896,-0.274751723976267,-0.267926593591377,-0.0892432337247696,-0.249921093076296,0.112703896769325,-0.0876898620683424,-0.0339647406363437,-0.124746680318597,0.0457023022907567,-0.339542963322974,0.252071667109865,-0.297110157864487,-0.096039639622183,0.480437977085258,-0.0233405904040414,-0.0935626232451862,0.0740443105371758,-0.175418172143435,-0.0777071912066487,0.0964992927321899,1,-0.00588256581813963,0.174460932735532,0.128839211889776,0.0204590276962542,-0.236769625750978,-0.0986485858356707,-0.180485721275738,0.535708535337482,0.267798377694291,0.209692075051009,0.150095882063795,-0.0158004384524751,-0.0164051824608118,-0.450595160450295,-0.271736570361336,0.105245793499195,0.0887280208696204
"原配-继室",-0.0286750331649268,-0.0551870199516365,-0.0848493135978832,0.180381481980931,0.137448716675366,-0.15094035664778,0.444427919614097,0.178598232203996,0.204422076230094,0.0830017318478362,0.361297072576721,0.387369406285923,0.0542059300550663,0.396834989996037,-0.18879018525322,0.245880948211664,-0.0139671890753929,-0.106594614090855,0.104750217165426,-0.12316656908465,0.172952081592439,0.103059036171408,0.142705785195719,0.0487956713802691,0.267065527610211,0.0766253122841447,0.0460135012174665,-0.383720122544978,-0.0960511582165504,-0.164535707211709,0.123144400705505,-0.264622354354877,0.475917784411721,0.0977133592892023,0.175184247146399,-0.0248841286986876,0.501052951545004,-0.0330727433488634,-0.00438206512669248,-0.144070545631565,-0.116448895568412,0.107963879014726,0.0616098903622114,0.189228359177545,-0.234339160092075,-0.364151438232045,0.0986396132197646,0.00205096281805292,-0.082252227296152,0.0676608708008274,-0.296102729956852,0.346809162906788,0.0191697963599861,-0.0648962979845149,0.151508998284479,-0.138369920611357,0.25962780821201,0.273938962399678,0.21572184171553,-0.17795306534253,-0.334312652708359,-0.178999461977925,-0.0146444283748623,-0.158537995290341,0.322780682536649,-0.367366782728053,0.387530089241812,0.0225218756711728,-0.299437459116461,-0.229914684473799,-0.298841151725811,0.00146004311224123,0.106857138598185,-0.159945580199356,-0.131638150679408,-0.197334319323188,-0.120335048075819,-0.39348690777251,0.0355586581691191,-0.0979008897389049,-0.211857611297737,-0.189529501721584,0.348428855809969,0.107585812754929,-0.231919672618178,-0.164596598955828,-0.0225745155424646,-0.118201459944365,0.116108595905857,0.306202728278245,0.249836385597565,-0.0942412607747463,0.018777777516208,0.10948464136446,-0.22998787786029,0.210643344628178,0.0215729896063556,0.0627039713347047,0.0270429838492006,-0.0389055837830871,0.0511644370102387,-0.0536335308774237,-0.30189641040715,0.253574149791373,-0.20672375080692,-0.161038072304544,-0.213535363069394,-0.136278738757487,-0.0258560241130782,-0.171667847500717,0.23500846475601,0.329997244668765,-0.0808694765509022,0.269515946267631,0.0173258915793408,-0.481446881539302,-0.33431188603949,-0.248343039786002,-0.172289613257278,-0.24806843607489,-0.189755147074457,0.423120411870968,0.299447493579634,0.174162020251626,0.30278792918867,-0.00588256581813963,1,-0.185192031568741,-0.0963327577029338,0.111474108828641,-0.177110760442469,-0.160996158678705,-0.263334471891663,0.106319606540849,0.0151727190608951,-0.107397794702816,-0.120077666881178,-0.0781392347642881,0.0107046514312141,0.0309902640277928,-0.0916099065009191,-0.269880591495742,0.273966647694379
"岳父-女婿",0.336869448900876,0.325112387750321,-0.0219561568173849,-0.161133776097164,0.0776146429534831,0.240533678101837,-0.249039710907702,0.113852367689125,0.0953293614202505,-0.135074031270929,-0.174522545062223,-0.197400181703167,-0.0851586981646989,0.0124903096321402,0.0702654949280074,-0.198039229319523,0.0468814565623134,0.122493792939755,-0.26711770439656,0.00492710095188974,-0.249223479479135,0.0571907810001282,0.119013709389048,-0.117867912474666,-0.318814523472664,0.323404154840051,-0.157676474636858,0.0579947768262267,-0.196166802008913,-0.0919011275237694,0.286352099916657,-0.141143874198951,-0.319232547645854,-0.170449776873876,-0.468047252810765,-0.141795828687457,-0.034935917233937,0.203508476823567,0.115700331939693,0.434117013820625,-0.176536920501752,0.0729195801624973,0.0343188157405898,-0.0904737514780249,-0.116428822164608,-0.213562490791726,0.259982513088288,-0.261017374624277,-0.143704305908858,-0.128480139480761,-0.170498751193562,-0.0767070626134889,-0.120018903466454,-0.190151630638973,-0.136928643172472,-0.0796827092846305,-0.310909827902296,-0.467424180317841,-0.269067841027866,0.154840942094169,-0.0518764925543911,0.204805927854222,0.351111790218405,0.214075665156866,-0.258996904487428,0.205739387254484,-0.230952067022611,-0.164072670195274,-0.178434304065872,0.088270176428465,-0.102783210097182,0.149364066963165,0.0453361476026439,-0.0159050446266221,0.191700190008989,-0.0204067934100765,-0.0450620256151774,0.360223337083536,0.250782777742957,-0.0403854160442969,-0.168325797090113,0.364618932532054,-0.410457669140591,-0.358122393595959,0.126176190552454,0.124241997582954,0.157416768725679,0.15860605007664,0.365018018876048,-0.187820322603373,-0.199705221084874,0.283162951993948,-0.174868374200148,-0.219458420157228,-0.0358683170148784,-0.254738035840292,0.305619353172284,0.0791494484515526,0.115249150056974,-0.0489454954333566,0.204916823842779,0.245835707334177,0.115885860499812,-0.0913285113263175,-0.122616128770673,0.0422805144093186,-0.0299855663665311,-0.132068192593775,-0.0843220713256528,0.116490915425348,-0.26871342796198,-0.158508930365046,0.225861827898942,-0.252689226445552,0.0667347016956902,0.385946343402271,-0.172005823696287,-0.169327950615916,0.150542292382246,-0.0675503842379227,-0.18790854612739,-0.223376941258108,0.141679135269558,-0.436021115663968,-0.233435243812492,0.174460932735532,-0.185192031568741,1,0.591194910848621,-0.358942176239166,-0.216927960478228,-0.215185339997635,-0.184984785134697,0.372727045695691,0.180900862661236,0.21636173391217,0.248008057412441,0.375235313431259,0.135021107115328,-0.208517108441985,0.238322971825424,0.237344053450189,-0.209942793569489
"岳母-女婿",0.119526169793892,0.141596181890746,-0.166060368351838,-0.0867393322635076,0.15859945652587,-0.00598060774034972,-0.126245235605584,0.081985078897239,0.198491659176001,-0.394165718499336,-0.0763036517141005,-0.0547019395386604,-0.00443070140458332,0.0578737552990473,-0.0279496315115013,-0.00726561636034391,0.102811017758278,-0.0273087818930429,-0.476141960201501,0.176303690565859,-0.296297389165437,0.142230184418446,0.0648423835518242,-0.293426876732107,-0.223568739607636,0.348195467588297,-0.139722876820515,0.0097484486256877,-0.0332349307807942,-0.121098857681577,0.364064613524475,0.0405836304126185,-0.269580097469238,-0.0116892622612482,-0.475925610028066,0.0364350490515849,0.0536900634599014,0.283534990363204,0.00371228066006474,0.70301330173382,-0.166949478387987,-0.0533241924749523,0.081604870267084,-0.161846773339534,-0.0605511371928397,-0.0135486200852389,0.290858543397576,-0.111882860022806,-0.185281723863165,-0.0143153016357542,-0.0382492208920094,-0.12321300920424,0.00743154221837872,-0.0365951704731543,-0.0894269045087612,-0.205356378724052,-0.212569142643267,-0.454809121230494,-0.290885884894663,0.244895658655616,-0.0716795950803701,0.404648100872,0.171323245147456,0.116917836996045,-0.116106655593845,0.0209416881807665,-0.0434293336580275,-0.275271420575814,-0.0735681708328754,0.0756957068932301,-0.096431163684445,0.00466726118494842,0.16288548961892,0.0253383925690556,-0.0997247801159761,0.0604385841873138,0.0339381032242932,0.226367824579031,0.154870779134157,-0.054689572623042,-0.0447763304100166,0.321517042366051,-0.272859395209119,-0.278111411417335,0.304640033178323,-0.0316332958341192,0.0758031068205387,-0.053814901002774,0.322103549150863,-0.135262090755062,-0.106618704100387,-0.00542940069309849,-0.128976269450258,-0.246078692528124,-0.13699490175091,-0.243632259445435,0.193644746889978,-0.0647707075286058,-0.0257016977755451,-0.0614350313250555,0.118683934603546,0.00546350498423689,0.125329285564608,0.00421321193373216,-0.0528147721725888,0.0228121174482172,-0.0355053110196569,-0.0203829019363407,0.0760460206706755,0.34297488724548,-0.260376709002237,-0.284985740331302,0.0691717055864367,-0.122381944796859,0.224553538387613,0.186264148292335,-0.0654879878970669,-0.0379280627038356,0.203569192011641,-0.0024643604389118,-0.0187609889536682,-0.24432938594601,-0.099261920648189,-0.381804192871565,-0.0978452805759884,0.128839211889776,-0.0963327577029338,0.591194910848621,1,-0.418581165470429,-0.140195755891483,-0.247565463902342,-0.0948844350186017,0.339498152762831,0.120693791957501,-0.0539273213037208,0.11072653466791,0.0964628498176062,-0.0195859095843623,-0.105825779400066,-0.0230091922148542,0.161561882382005,-0.0245581601194988
"再从兄-再从弟",0.109927473225525,-0.0732829708338163,-0.197646859117601,-0.1056728044455,-0.262091010093312,-0.205858624576645,0.0871415059356101,0.162106780611349,0.039542201226497,0.0426903845602318,-0.222864331384767,0.0702280641603251,-0.199697566195996,0.112045411526024,-0.17281535234827,-0.10694552585743,0.0114670127191998,-0.0703316139753227,0.354587310442275,-0.100249950144096,0.509051408073964,-0.112143820637074,-0.189608287925812,0.0791698906195673,0.425822098193434,-0.353423647504487,-0.00673880730490699,-0.112872576301486,-0.0752126630801316,-0.126115771234643,-0.101521641017581,-0.00703535934168639,0.366468217660339,0.0250554552958021,0.582155240404654,-0.106409646413002,-0.00290536275196266,-0.231788257117859,-0.280392755781641,-0.316013301379105,-0.0626997914018189,-0.153598732009431,-0.350520485455692,-0.147925201179724,-0.0653443515253186,-0.178179392680779,-0.0276716367254067,0.279494906276291,0.141438072720114,-0.102655224266638,0.00885284766352308,0.313149380363286,-0.0502762212765851,-0.0853938160204582,0.0750061982039324,0.0531467262372049,0.271301886769823,0.430146495258523,0.482000601326656,-0.11200401184108,0.0497770376351193,-0.2148981492114,-0.16387408606811,-0.057497470471148,0.18046915964491,-0.182969012911074,-0.0631968759726132,-0.0772478776174594,0.0774920679890356,-0.1301914850608,-0.0180514003967015,0.158465364422444,0.165075172625001,0.0397495925004207,-0.124831771530355,-0.0354870385321065,0.00863891996496732,-0.128455518166854,-0.184325539514226,-0.226166641766621,0.0177754920774998,-0.267320152477503,0.453261931760019,0.659687933632574,-0.199536167557549,-0.0882183892080495,0.106985552550054,-0.16823448696107,-0.1734190276995,0.397221443753581,0.173158359735775,-0.0627341098979996,0.32029678605505,0.393095429417038,-0.0307659679439276,0.375619663867402,-0.0864902917903144,0.251640237128278,0.242439322705976,0.137756293322261,-0.220691076596753,0.209546463795461,-0.195381147106761,-0.127244976322415,-0.157483582360332,-0.0694321296314847,0.0247290581485411,-0.0645564172002419,-0.146846323276244,-0.0678492169204876,0.19468766033488,0.0394284004162093,-0.136803565533612,-0.018265875449635,-0.318281311591748,-0.232127805477067,-0.2403930902235,0.0541337221744176,-0.177591022487617,0.0637780799142962,-0.0641209759820275,0.283770305600817,-0.173150285344377,0.566032662710203,0.236290613266978,0.0204590276962542,0.111474108828641,-0.358942176239166,-0.418581165470429,1,-0.0612213666743106,0.0789416781120398,0.0500775717993532,-0.133665573490179,-0.127159411832384,-0.030789297757,-0.0952309174115744,-0.135342062283572,0.24850811722167,-0.152901559125902,-0.147279455252022,-0.153424855606662,0.0186209889271872
"姐-弟",-0.263952441392868,-0.189317698732602,0.000615542332540312,0.0106622114194161,-0.202103547082052,-0.0368539559460375,-0.0242563058715124,-0.183722433848428,-0.196046960515611,-0.082792904697566,0.136940494463147,-0.0626930982125144,0.0292707086356568,-0.0585413980508029,0.0689228979953629,-0.0496562616640945,-0.224285921702293,-0.179259523502132,0.0436418861046036,0.509396928177371,-0.0823616195523346,0.0765269597017193,-0.0553678220509484,0.0183251336057928,-0.0081460281947936,0.133119168835976,0.0685003645046649,0.0967009601006721,-0.0284004375685817,-0.0729441252135097,-0.24421418541854,-0.00551826882588867,-0.198064297959229,0.0156920388779609,0.068850262434072,0.207396669845296,-0.0195758844666904,-0.143753463391316,0.0737993156680216,-0.183677108664469,-0.13112851878645,-0.24059910191535,0.0158583830384208,-0.0134288050447109,0.214084458581899,0.128639215435018,-0.16064638576119,0.604955329301727,0.0492050580749748,-0.054570304846535,0.535249527336104,-0.315300687139343,-0.179929788854104,0.00325367294583256,-0.180986539633936,-0.174869067707482,-0.155725689661621,0.106383074850005,-0.0489399613181555,0.459315269196389,0.590347148027194,0.469377513733167,-0.340236858403532,-0.163444061650805,0.0217767326214722,-0.0507566222141671,-0.0113475172997858,-0.0810259825116618,0.00313976614397907,-0.216588347391518,0.240521864762947,-0.171133740340324,-0.196982644170837,0.585219662967059,-0.167899418996392,0.700928177692606,0.651297602485883,-0.0989881215061112,-0.115288813831397,-0.0134629601837081,0.0410980605316558,-0.186546995136347,0.0922542071924498,0.0713061346718296,0.374768345753526,-0.0342695689046596,-0.360351640111115,-0.110878411649908,-0.138273003128988,-0.0566865328728411,-0.0875791677795824,-0.196582546139341,-0.127506527350132,-0.251391294790926,-0.129600074944392,-0.246892071841471,-0.118964187232134,-0.192281517304704,-0.308361625568781,-0.169683818339816,-0.248927221965607,-0.384412518568133,-0.125859409408718,-0.17450666041627,0.0744828945703214,0.713841364863245,0.666778835031505,-0.177319609441583,0.717381137575669,0.471854958581888,-0.114501288271219,-0.00551479428304861,-0.289939142526101,-0.178069933601626,-0.191474681131873,-0.0539616337294678,0.0745824828651606,0.537935638113004,-0.128564390234327,0.469339994591071,0.253878896937491,-0.227630357974461,-0.124803975615058,-0.130897816876282,-0.294497748328384,-0.236769625750978,-0.177110760442469,-0.216927960478228,-0.140195755891483,-0.0612213666743106,1,0.726166836144719,-0.18910318859793,-0.334241300676971,-0.12761231947435,-0.186066037611696,0.00335507526411215,-0.180101277360307,-0.17682166627551,-0.00331592616550852,-0.0757448395931889,0.525333103818185,-0.0239985609902694
"姐-妹",-0.190158445103007,-0.163750511547731,0.0438223493777915,0.166828595553851,-0.21270437886899,0.139469225718442,-0.160551349893638,-0.162521715438448,-0.142770026642975,0.116703128236454,-0.0112609765759048,-0.133341601019895,0.171468834832261,-0.0032933039544646,0.0777836795514212,0.0167701094861836,-0.0261729308786683,-0.252763384494246,0.158239800171809,0.318085809381123,0.0329489840705174,-0.0212516756279445,-0.0703840104438281,-0.0020277508192459,-0.0300300794722319,-0.186295347904718,0.114278843130203,0.0154095014710729,-0.0031417153402095,-0.119855072220468,-0.252898490059209,-0.0326872386906757,-0.0493120126651832,-0.00459406821402652,0.170786524365611,0.218642729275434,-0.0752954915337478,-0.23629022816471,0.0559862277727633,-0.273263704770208,-0.0185248208772097,-0.186186678321794,0.0627540380158688,0.0366656448420246,0.239684587525499,0.0309028255434577,-0.19201047938394,0.565116872073456,-0.0434306905236896,-0.117919670091437,0.483523427248322,-0.243081519089524,-0.173508838482015,-0.0992101310242194,-0.19460346030144,-0.143110046110756,-0.0589253386032523,0.121412911426294,0.0288542800473031,0.210488428624178,0.56701327145729,0.231233921424902,-0.293281905287777,-0.204845999493754,-0.148753850173957,0.0806802324778456,-0.0473667848243565,0.17159990814991,0.105810969771866,-0.131098903993166,0.310116442570725,-0.170958925483679,-0.130238928069682,0.391145691272576,-0.187920319247836,0.522419511833733,0.481090283056068,0.0435298783897325,-0.162782826173181,0.00732709455643981,0.0677271365211465,-0.262496203028222,0.142350521222366,0.167635128966517,0.220098488872309,-0.165023526187144,-0.283820144207025,-0.190715613038734,-0.215391109588976,-0.109779562208431,-0.0677757671945925,-0.257353202003607,-0.152792380862951,-0.115713377006393,-0.0303785643271086,-0.0363086706927454,-0.167492695448621,-0.231805706389055,-0.234722462700591,-0.0270554130823756,-0.171027987448539,-0.191884379478121,-0.0875696711084995,0.017829042896034,0.181655794419809,0.551507437189226,0.522443863344725,-0.0532632214823697,0.366072163509339,0.220546301120437,-0.024273503413595,0.0233107155012419,-0.189494454929649,0.0789418128080336,-0.239787452075795,-0.0152693498783448,0.05031839972481,0.465940815137015,-0.21981225396279,0.546712613284629,0.246097619192822,-0.0098556475260013,-0.0908198919833108,0.00205988497889251,-0.174823203104556,-0.0986485858356707,-0.160996158678705,-0.215185339997635,-0.247565463902342,0.0789416781120398,0.726166836144719,1,-0.0849613978373914,-0.263546885757871,-0.135202439167025,-0.236785549501913,-0.0812328116311731,-0.25054222510119,-0.133104826157698,-0.0816987169535488,-0.0976586928410368,0.321333528764059,-0.0243246492084359
"姐夫-妹夫",-0.122452652210822,-0.309935279311611,0.124795684787884,0.247949929247119,0.324355623678963,0.0701415373683452,-0.170965167291902,-0.340178428623173,-0.169409175646119,-0.0404670549567058,-0.0994508752011172,-0.189501955953651,0.00067630576367101,-0.377213716960217,-0.069969945909099,0.0436203969676985,0.442138255599571,0.319122547314059,-0.0669895449610437,-0.115004202107426,0.0480555618538242,-0.193500185421302,-0.132215686566938,0.160191332257633,-0.0969137208056763,-0.168120959097256,0.0720432326323133,-0.0999375992573185,0.64381474562663,0.569048968141999,-0.221860568112,0.607619694291501,0.0440154941451616,0.155269994979583,0.0284340919535114,-0.0433600693225807,-0.288944609171778,0.0706891759022047,0.0297579346289214,0.020597745010324,0.561609528318192,0.262413524985853,0.0752610081466556,-0.0315433185276513,0.222708445451376,0.253175227882306,-0.41659186433076,-0.259252720359916,-0.133992496944856,0.474457665167099,0.218902867009244,0.0367585213354963,0.250531204268301,0.302452038653911,0.124310546041896,0.292388381075658,0.0751030745119779,-0.0671724630585332,-0.0247176197052673,-0.367464476802785,-0.252832487569555,-0.265396651921453,-0.155994527570814,-0.253971700824401,-0.337744422892943,-0.0843963246128727,0.0200337212231393,-0.0106131177449437,0.62653626054056,0.489996427197808,0.256894009207721,-0.383992522544189,-0.131007455167046,-0.134238801823929,-0.251579877997823,-0.233204870258276,-0.183159329119615,-0.0568331063865709,-0.383391797577224,0.20433797796282,0.0728779625626703,0.0720563997716689,-0.0110396366880565,-0.0407913707043339,-0.126077545188912,0.00295571530498076,-0.0632987205218411,-0.0619931097937447,-0.461816951819889,-0.0604251342855028,0.00942923019134293,-0.406488481121228,0.121053507038887,0.109693560363669,0.463914067846407,0.147896458492384,-0.357832646404669,-0.208304336002562,-0.0736467331174528,0.203193052934338,0.209504821781004,0.0648647361990209,0.246510045682176,-0.0322054956275342,0.148387884077777,-0.150548835128434,-0.131911007966942,0.658311058494271,-0.212352234950851,-0.202665938823187,-0.252895516536506,-0.206247669538217,0.291188213651318,0.125154150630351,0.359650654823706,-0.089986825477538,0.319143781239477,0.0423198161740255,-0.168405229083702,0.164468048212689,0.202614344888382,-0.09463462512596,-0.175849073353092,0.199359312671768,0.0330700961276278,-0.180485721275738,-0.263334471891663,-0.184984785134697,-0.0948844350186017,0.0500775717993532,-0.18910318859793,-0.0849613978373914,1,-0.185426017796347,0.00207836436968174,-0.36151820720282,-0.301807046227377,-0.190904139564676,-0.0881757113741544,0.293364935412662,0.052660549156098,-0.309874137863492,-0.0299091739781688
"姐夫-妻弟",0.29965678841717,0.256765970708486,-0.211787554005368,-0.0100784188524226,-0.110565837407646,-0.147189969510981,-0.00927932523519855,0.267248761507644,0.50195898873295,0.0399447014249461,-0.0159652903834676,0.0738095053821299,0.0680728507505584,0.0855283129904414,-0.0571723442446388,0.16161315187678,0.0912039945657606,-0.222008384916656,-0.251320592380409,-0.0085838443627532,-0.319343753120456,0.270965447525676,0.271013790318422,-0.430186043382826,-0.208472836420831,0.271091712566416,0.0337453669018308,-0.0626670171127216,-0.333528522433779,-0.380377155641798,0.510500701566107,-0.23718139993789,-0.086971513155409,-0.273242014489321,-0.236970564897626,-0.132317005189318,0.301473427519606,0.00946603879538649,-0.200847965389648,0.296089965344851,-0.248804713988324,-0.23886343805025,0.128036880890174,-0.00333549770692024,-0.105910524646965,-0.333763417164395,0.49605953945808,-0.154167232103146,0.0535741162453577,-0.267045183105074,-0.325127200615201,-0.133535730210274,-0.195885965170631,-0.184660190370001,-0.200940885476522,-0.400633158640709,-0.145871628271403,-0.249674053561273,-0.0734582701770544,0.127905118205927,-0.00825308740061967,0.178433881839371,0.352646628171062,0.169987445873397,-0.109773561871686,0.0380303759038201,0.152618831071787,0.00854130896789795,-0.387685229952327,-0.103603007421603,-0.123812719784541,0.305249562386207,0.430354177912861,-0.0973949674138902,0.154233243196804,-0.235627391762596,-0.207563038507718,0.289416604748396,0.434231592152757,0.00310004900420341,-0.046293255180044,0.0636314990201849,-0.215955612347735,-0.167345447862607,0.166304338621326,-0.0405702878768619,0.103919435424176,-0.172102162578908,0.462302748520492,-0.207541871805981,-0.178103405482072,0.174552995568939,-0.296946622749575,-0.135214449981724,-0.297670409938846,-0.120869086433126,0.441073057729712,0.140684261280968,0.231494428796755,0.124656508706369,-0.0834587022827764,0.0941221749992578,-0.071890504284019,0.327180122643308,-0.199029459644537,-0.160665948233857,-0.315248323325688,-0.140628157773602,-0.212181245265119,0.0472093887920928,-0.0265532669396068,0.00424836565626453,-0.0720181826317471,-0.0201171197232562,-0.155094636091015,0.16795591568322,-0.369608140407673,-0.227662935185559,0.347362024332069,-0.25526156942039,-0.113845084256452,0.0973722620021908,0.136599507760677,-0.172574263316805,0.090602002230916,0.535708535337482,0.106319606540849,0.372727045695691,0.339498152762831,-0.133665573490179,-0.334241300676971,-0.263546885757871,-0.185426017796347,1,0.300754502377074,0.212893120687851,0.0545074970059638,0.144118679352829,0.114998301565852,-0.327708805447645,-0.111117059496589,0.0747122975534736,0.0807838995908285
"兄-弟",0.202046546764872,0.124983338140373,-0.041096181736801,0.225345297606404,-0.0905491290708583,-0.157790765503567,-0.159361192127144,-0.108275251225717,0.225069035958248,0.176991595001955,0.0985610096883062,-0.0270526947173592,0.152388137470382,-0.0995119129760055,0.0119361725327837,0.209824252957145,0.069101372445126,-0.149064872251362,-0.143509978973328,-0.0297123092729709,-0.15846397753058,0.648384794640589,0.794523458932769,-0.264416623526022,-0.32187462911254,0.391129039427575,0.214300143466567,0.15017492413492,-0.0147408021138487,-0.213368455238844,0.48608821962912,-0.00487546428238651,-0.0861544270644344,-0.413631647313836,-0.0286398722971313,0.0964066354591054,0.058668017474363,0.0152942036942964,-0.00310696844215988,0.27940153860291,-0.0963852983069151,-0.238647364846238,0.0164652855457208,0.0467306282908671,-0.109758397099358,-0.101142762583354,0.134210220934279,-0.205156610778384,0.286704430748517,-0.13436029565167,-0.102786886456623,-0.276754044106332,-0.259655044641595,-0.110674372689323,-0.275713584066142,-0.270866998587246,-0.0294269913889697,-0.0929846310116876,0.12173257418,-0.0910310722341944,0.0295419086278447,-0.101134411045868,0.212090805874674,0.0100537752910062,-0.23637392398571,0.170090336166075,0.205922374357623,-0.0616964636644771,-0.0534099484748802,0.0975583076397946,-0.142581335742637,-0.205171823288702,0.194820907732547,-0.163238205184183,0.0390753016662561,-0.301020210822512,-0.237096203029453,0.273029085224289,0.269525652455675,0.107094777325883,0.0779038691460852,-0.0551055758016604,-0.00662223377313923,-0.0401683929217642,0.0525771648161699,0.0733313062598985,-0.187075336508192,-0.200023156737681,0.237264200040844,-0.0945301539326422,-0.131734232564387,0.0791160266634032,-0.301015821227874,-0.34451659899696,-0.175359181300324,-0.276626954353942,0.134124074890153,0.191410895616398,-0.0404210180836146,0.372283674983615,0.0228141366598182,-0.0438946431132873,0.110123593422645,0.122650261171563,0.098174482908998,-0.198863247034472,-0.216553643782883,-0.0266218745224929,-0.160111731351745,-0.0135184436958932,-0.199603314897122,0.0185458525932752,-0.0996239654138459,-0.144447131653783,-0.225739514335342,0.160327992411302,-0.100645627817307,-0.182958155516377,0.011016762463496,-0.15857964439795,-0.0993433176393984,-0.0921842277128475,-0.146419847362375,-0.145517355841202,-0.143310569796799,0.267798377694291,0.0151727190608951,0.180900862661236,0.120693791957501,-0.127159411832384,-0.12761231947435,-0.135202439167025,0.00207836436968174,0.300754502377074,1,-0.0420232943355168,0.242917921484558,0.0536895540975909,0.054586136412381,-0.160222931842563,-0.0170784469659574,0.00715829873368516,0.0994843422306626
"族伯叔-族侄",0.4887906613934,0.608495817694734,0.110595538586953,-0.261300369073325,-0.121207076629083,0.0573855935389135,-0.0048790767334712,0.222670227032303,0.0308460140216252,0.0559824678502019,-0.137081708041656,-0.00569501391207501,-0.323419689328806,-0.0268090631305367,0.00378828825950356,-0.317344190066827,-0.40593542813455,-0.0636935981287669,-0.0692639532293748,-0.218702900943417,-0.144711520101049,-0.0375397261455235,0.00491394295576913,-0.173653093483547,-0.161483078474748,0.00805367835706488,-0.121115408820061,0.23450724246649,-0.47032805355653,-0.232526140039233,0.187850170009992,-0.43595812053477,-0.280880838311033,-0.215616731228037,-0.143593561021002,-0.344772224920253,-0.137221890947477,-0.0592080400224012,-0.0832299587821843,-0.0579952811191311,-0.285406496058217,-0.00720091550227614,-0.161750263177233,-0.0190311730200016,-0.109673316587494,-0.186154361297702,0.366887861329889,-0.106749444231979,0.320664128852149,-0.410536225840069,-0.313967194041738,-0.1311393677453,-0.162283265285674,-0.245372062583935,-0.00378368638922256,-0.0233028810227278,-0.155776886265806,-0.0274253838454836,-0.135727325652638,0.151915585664072,0.00223102047225798,0.0682673200857974,0.235182329745379,0.4831288764801,0.116087370902917,0.252787680678636,-0.106926486854518,0.00167889667674445,-0.401479779977077,-0.187452091585696,-0.0715630124330499,0.519285266840426,0.119272946673707,-0.149687261912723,0.607600113266269,-0.0542622052476893,-0.0743000827752966,0.200453871629269,0.468272140765311,-0.151469584909292,-0.189467397042305,0.0327144875586861,-0.237900174269259,-0.0822639650301152,-0.0985350537678844,0.134591663889956,0.252845554940123,0.229178731037224,0.282544155643051,-0.199404363211835,-0.222962014866473,0.776201001400616,-0.0717419588906498,0.0317925743306974,-0.205784638333429,-0.0092502083741053,0.509950207663057,0.464363910961217,0.391304540576056,-0.105354606484736,-0.183394775518172,0.142701503375558,-0.0211413288215754,-0.21588076207088,-0.223813375778687,-0.0999597047001077,-0.0439053505496776,-0.370726324852697,-0.14803821590517,-0.113614417084075,0.104906939532605,-0.0439202057572811,-0.0162518420246576,-0.183911676761878,-0.279075624223688,0.404253991121033,-0.224958863628641,-0.155452172517195,0.468766442407284,-0.251950191430359,-0.14023315644346,0.0606359890160635,0.105023361699197,-0.161589399801755,0.0309403659547503,0.209692075051009,-0.107397794702816,0.21636173391217,-0.0539273213037208,-0.030789297757,-0.186066037611696,-0.236785549501913,-0.36151820720282,0.212893120687851,-0.0420232943355168,1,0.502489388310619,0.451392057240707,0.0251966381936262,-0.263925600983494,0.0571664609845876,0.11470729535759,-0.183661179134716
"族兄-族弟",0.307816587775252,0.451783056915001,0.0336944848618532,-0.158619477945846,-0.258340234080563,0.134994447414931,0.149885737678693,0.228156636353586,0.152165084702996,0.116455414378518,0.0743386527556716,0.217219218390447,-0.144652831773487,0.125071847487792,0.0251955609452406,-0.0562054486113051,-0.541213958888252,-0.0155780497072833,-0.191511481092745,-0.264903344624148,-0.110823696231212,0.14615752604952,0.131356729950674,-0.186729940066667,-0.308512086755874,0.15310916386622,-0.13585425054705,0.185354506979055,-0.344972741434067,-0.219180788149293,0.373823295994971,-0.315909646462845,-0.29012500294189,-0.157493388553296,-0.210211389086067,-0.200075208322167,-0.136906433145784,0.0320775561595888,0.0163517244955901,0.0859338904943678,-0.401551379531123,-0.202645070382159,-0.137952430703922,0.226178538136425,-0.218029622483149,-0.2266994388618,0.247857548402161,-0.0151568046794762,0.286761017622763,-0.252572353878822,-0.301410646412086,-0.252578213098986,-0.26213364413066,-0.477839927290853,-0.211112078077954,-0.129454568188828,-0.000770817233708488,-0.147285049699629,-0.0242454465288519,0.0469547304735644,0.0488798560602785,0.0777053666446258,0.36510977033235,0.446390833785931,0.155023469519538,0.245237220616747,0.0293824693219523,-0.0998071354103173,-0.231590659492811,-0.107292015514734,-0.16454815120507,0.216276871560926,0.230462225688512,-0.283046719711703,0.402387297542852,-0.0260419518932656,-0.136800950026207,0.161960250201255,0.393117143679673,0.0121050024510423,-0.0845458717080503,0.035246706930433,-0.266535870155927,-0.0891954928375987,-0.140749455622312,0.205808534809935,0.0744957113801478,0.0368529633968632,0.238572870090093,-0.110249735609185,-0.150752580631165,0.434813502214844,-0.0857613135065143,-0.080529388363855,-0.335941494643253,-0.0540017681931763,0.444835467259728,0.404034616307765,0.262638747152986,0.0312294490593984,-0.202399358578128,0.0485034750717088,-0.070932627929026,-0.261792864394538,0.0762860598092879,-0.0302073789678949,0.0722759164563257,-0.461589445296132,-0.113976508769646,-0.0272039275703677,-0.146141863368848,-0.0169402522027075,-0.136184664819194,-0.216345044585199,-0.286257595655928,0.363709788056499,-0.236724575532871,-0.276924747018409,0.362261212908271,-0.27356390639132,-0.198572814400937,-0.0296701424589726,0.0707171978078799,-0.0786696051767912,0.101550320005875,0.150095882063795,-0.120077666881178,0.248008057412441,0.11072653466791,-0.0952309174115744,0.00335507526411215,-0.0812328116311731,-0.301807046227377,0.0545074970059638,0.242917921484558,0.502489388310619,1,0.518377798754323,0.0735828077169232,-0.175277214012287,0.0870898312083957,0.0766290768192904,0.0366103199822736
"族姐-族妹",0.344470584058957,0.351153905533531,0.136361786212224,-0.20308501676285,-0.0891715604395518,0.305432479888383,0.14912935141044,0.151302073613588,0.173214653470821,0.165285283851956,0.0552921139510458,0.0944016873270211,-0.214048276141378,-0.0235839612404055,-0.084565960192473,-0.0901553794913127,-0.414629694090887,0.0569282412540441,0.0409245003367264,-0.310752968118865,0.0492652253576542,-0.0480241144963343,-0.0725507814806767,0.0301169954254674,-0.254499212418178,0.0983847174102139,-0.163474848256481,0.241132608684735,-0.335977503951292,0.0738084742361802,0.238774345123694,-0.329078314148798,-0.213775830586558,-0.167006289453539,-0.29527546061915,-0.364425679170869,-0.159509915771724,0.049973730744686,-0.0884430020177229,-0.0374192518755443,-0.215757056085656,-0.0297879435200581,-0.1570750645055,0.323112730075293,-0.23694947513599,-0.151384019397666,0.0600163664089171,-0.177911349634832,0.164043891700618,-0.164643507241455,-0.333938844197692,-0.0366703889202462,-0.250133693021064,-0.41226561918029,-0.165748199795271,0.0469689478765383,0.0617514200422846,-0.105947369408476,0.0166352159896628,-0.119705335839644,-0.129056598164756,-0.05292960824723,0.561511537879218,0.391666657530554,0.0287432091053635,0.142941442999388,-0.0367769862039742,0.0652226805928439,-0.312988335469322,0.0864913934414083,-0.192495463057763,0.395781514267301,0.180697135011551,-0.287741585829101,0.423646309557407,-0.230038783364559,-0.325484470516391,0.190449383044405,0.232425829633798,0.0633014681339199,-0.249545907006589,0.0529406344889165,-0.384728815001773,-0.199816416680623,-0.234953679584522,0.0392123554398262,0.0589304791669628,0.339084210028577,0.0774636865635227,-0.0634822188068029,-0.0618725380478045,0.410845026758106,-0.0524344789882023,0.0148947598440026,-0.145612170972669,-0.0665803824089569,0.215318412502268,0.394124718322777,0.594967880521198,0.138509658819546,-0.133100364505458,0.342447956761526,-0.223318126291947,-0.176199406406924,-0.0289360051762801,-0.130265478222979,-0.119801918803492,-0.473157014030518,-0.236446770442259,-0.197373924863936,0.0630205263338505,0.0361852565187006,0.140803957521634,-0.167883426136727,-0.0592464854162001,0.29343001456003,-0.114560197632916,-0.397730037432776,0.125344839156883,-0.359450101519562,-0.311861307859008,0.0797258090383449,0.354029138900439,0.00724660403156271,0.22494949307132,-0.0158004384524751,-0.0781392347642881,0.375235313431259,0.0964628498176062,-0.135342062283572,-0.180101277360307,-0.25054222510119,-0.190904139564676,0.144118679352829,0.0536895540975909,0.451392057240707,0.518377798754323,1,0.231369986695233,-0.154071432375299,0.191928654458388,-0.173020651189687,-0.0322494077899404
"祖父-孙女",-0.00702877193326884,-0.0403949088081897,-0.43569449669435,-0.365636872318434,-0.184894812865795,-0.212756910611677,-0.0850270573232122,0.192054950001657,0.348680822346219,-0.102296771829528,-0.176846356893734,-0.0576076332431716,-0.230478104722721,-0.173751409518497,-0.320939237685431,-0.0385490597073884,-0.0581437855332255,-0.0898603194439574,0.281083663660782,-0.0626926310066574,0.401706633004207,0.0548785852078175,-0.0186364937543961,0.314882387075001,0.271248334304631,0.0126010620072451,-0.357408883855221,0.0662351432694078,-0.13882489945951,-0.025558935437398,0.201367085191402,-0.0808261960619124,0.352052270975831,-0.063740879069564,0.228248955034567,-0.277720996234748,-0.154441062438941,-0.139190622771729,-0.355536440193419,0.0864793631282954,-0.140983328267794,-0.137181389294439,-0.444115427061239,-0.164446235881296,-0.292094010355764,-0.156423795542296,-0.0188728918508804,-0.0604987096057987,0.370125004543852,-0.108340749866844,-0.162566701055505,0.311836946343526,-0.190670512272746,-0.226963546356157,-0.0769593213428485,-0.11288168367435,0.207269617258555,0.0891475305722493,0.479554705206268,-0.191199607592649,0.13396927170934,-0.126378918032678,0.333003820901272,0.125527652779707,0.0374017973471122,-0.10079492657906,-0.130012702826495,-0.0807727594026341,-0.031310498553758,-0.0060438619809388,-0.280722623522485,0.243773286285411,0.194329446378343,-0.176929554746677,-0.0926750380356008,-0.372444208791817,-0.306439748879652,0.0514582161261084,-0.0646950814587085,-0.246575842049408,-0.225657015928463,0.144793312190985,0.298752042349493,0.101263319179827,-0.0236248280131235,0.311730122615901,0.42652898941942,0.374351131615768,-0.0165227165656681,0.430204498585673,0.363567609523761,-0.0409693341650658,0.0155336838746643,0.31375195110503,-0.16682088787552,0.20272345649568,-0.0300875897983957,0.175960069757474,0.288367163259712,-0.160083876516793,-0.174321789332513,0.509452491915674,-0.0776361751016177,-0.0551818699074493,-0.26071365212573,-0.254312951956576,-0.185849675761485,-0.177512823196034,-0.172124610982409,-0.13671538752233,0.0922860089159648,-0.221266410389097,-0.110320835953675,-0.14703797824495,0.00463977406079019,-0.167295074180055,-0.121877868832856,-0.302536954101312,-0.0829259763847811,-0.240280852528259,-0.374178535374398,0.0657438902216622,-0.0529431628571765,0.414071960073601,-0.034558374555667,-0.0164051824608118,0.0107046514312141,0.135021107115328,-0.0195859095843623,0.24850811722167,-0.17682166627551,-0.133104826157698,-0.0881757113741544,0.114998301565852,0.054586136412381,0.0251966381936262,0.0735828077169232,0.231369986695233,1,0.046166818443691,0.483244140195142,0.0873157332234476,-0.0686660946987879
"祖父-孙子",-0.405750120070792,-0.313999141857625,0.0148019390092167,-0.0307184377124428,0.221261341704818,-0.0450129119709329,0.0834685716103218,-0.18369883558525,-0.0798746655071857,-0.027942228288494,0.206458459643959,-0.0548687540990115,0.0734957120436831,-0.137289174741282,0.0301351770321697,0.029604889518334,0.161098496474207,0.349196266173504,0.103619296307141,-0.109821539878725,0.0385571142781088,-0.199380577362261,-0.116683344547648,0.445662215689372,0.0909569774301568,-0.0125381309023889,-0.115269617553861,-0.26007320144233,0.406193904301693,0.54070230367244,-0.258345186329794,0.17182602651561,0.216052757515099,0.415535750279052,0.0192609053427967,-0.0798493601913531,-0.0159943114350493,0.0906143658303649,0.0210939592218804,-0.093459038179419,0.375438652033196,0.280087246009363,0.0508386594252013,0.0539695456382456,-0.0653248060459649,0.18093854722459,-0.438596975537537,-0.193788508006965,-0.00867391814427748,0.602503224603336,-0.0280846396273568,0.218534599143648,0.454137189874152,0.322302569388081,0.387360547791906,0.305589319110948,0.218607461512631,0.00443932857802889,0.000797432598392429,-0.205485033034477,-0.170857442191341,-0.160929934108804,-0.197977256259206,-0.249170626742024,0.00120845375397315,-0.203641105840622,-0.0743423500814958,-0.110371470888833,0.239030844603629,0.040999739505814,-0.0926653103114533,-0.307741589116325,-0.251574517571167,-0.182329957270924,-0.237242918850678,-0.156210798147044,-0.18762857963514,-0.371600390234597,-0.309167206105306,-0.0524250339634596,-0.184721708967269,0.27555143507341,0.0987273898767315,-0.159335745815655,-0.123034950598955,0.344578147273905,0.105955118600356,0.273201474575775,-0.176186346955956,0.11863692148307,0.232664071337853,-0.294720081619625,0.291952233735352,0.00498345948409073,0.321856689533217,-0.026727945232681,-0.310587645045812,-0.258393604366383,-0.241759194720222,-0.246356289021857,0.0142165480195902,0.00808447762621073,0.111255699312062,-0.112194216834768,-0.0121971590753621,-0.0443976104827646,-0.0805987676846753,0.333329818560189,0.0629062028051482,-0.176534962285517,-0.0828656144481058,0.0302389146123967,-0.0236138283984763,0.102436576821735,0.379479031620214,-0.27603332860895,0.28188064473803,-0.222821429761754,-0.316622474053584,-0.166143890500153,-0.0699934424847491,-0.140447068844887,0.0909371898521846,0.0532411928440458,-0.0654340843884365,-0.450595160450295,0.0309902640277928,-0.208517108441985,-0.105825779400066,-0.152901559125902,-0.00331592616550852,-0.0816987169535488,0.293364935412662,-0.327708805447645,-0.160222931842563,-0.263925600983494,-0.175277214012287,-0.154071432375299,0.046166818443691,1,0.39146584950296,-0.132168034416446,-0.00783190320795583
"祖母-孙女",-0.0188629766964868,0.0327810970612281,-0.222659333520397,-0.350936357698779,-0.0317101662127982,-0.00352096849873968,-0.123852327903881,-0.0441617943399643,0.0352951185946449,-0.157914511180743,-0.101016481047668,-0.186655434363589,-0.283510534107008,-0.329685718255422,-0.145902045306291,-0.285216138300931,-0.0617969534070188,0.285853667654815,0.208026468735386,-0.0777526915889853,0.137411250563909,-0.239546718181231,-0.0566282281550928,0.608822082836656,0.041819709748156,0.0215070446022144,-0.484957599138032,-0.0673896477801105,0.0242832237439668,0.353969422478428,-0.0208613622681275,-0.0724749409433239,0.0654164525454245,0.223171456131249,-0.0357073779308059,-0.378550403806261,-0.297082626926591,-0.0742726389832555,-0.12839448180886,0.00103489854037545,0.10586699725952,0.190038668646537,-0.312049746181185,-0.0878908513225683,-0.105934090406358,-0.0401056978127149,-0.209848474825507,-0.180199147451018,0.281471857076452,0.266826983994957,-0.138548770999938,0.227327432220194,0.161385605473329,0.0205371913900662,0.111386247755418,0.287529309179794,-0.0133505335763774,-0.116639039852111,0.0818579106707943,-0.100632488894633,0.0597115099195524,-0.0418446207605334,0.149780594911695,0.0230391909481021,-0.104237811805705,-0.138948848107181,-0.328002425465494,-0.140173102036099,-0.0128404130702907,0.0200314883580138,-0.103520097644521,0.0608498073851372,-0.133996468078809,-0.195603002810648,0.105530749011387,-0.194100785446663,-0.227358466493736,-0.126026298173897,-0.0545650903941704,-0.218868987359611,-0.404132872408839,0.465719346208567,0.0203325082718056,-0.192254605316312,-0.034993395638252,0.602448945210583,0.425308606429713,0.669623817503999,0.0167923136344595,0.125814971347032,0.243749607924242,0.0854735321797875,0.0241340257647364,0.101557417167555,0.102904302244485,0.0448918868184155,-0.0427815311394509,0.0745405880365733,0.0437476950905902,-0.382655355782758,-0.0601011396592984,0.476735026076317,0.15650627346022,-0.309432597866851,-0.314207127735908,-0.0672144543773289,-0.0465417141745981,-0.0678458012461957,-0.0482867419685689,-0.131032500340797,-0.122561216811754,-0.254010236367032,-0.0156745663235696,-0.0855504062281839,0.263087923149139,-0.0532299411557602,0.0685867619201434,-0.287385746489453,-0.134251216501451,-0.167263242989271,-0.212145194255867,-0.159708706681807,0.0697443065769122,-0.0263080238182176,-0.250288693458443,-0.271736570361336,-0.0916099065009191,0.238322971825424,-0.0230091922148542,-0.147279455252022,-0.0757448395931889,-0.0976586928410368,0.052660549156098,-0.111117059496589,-0.0170784469659574,0.0571664609845876,0.0870898312083957,0.191928654458388,0.483244140195142,0.39146584950296,1,0.135638999710784,-0.300795063616582
"祖母-孙子",0.0681818587221679,0.105542458225811,-0.265294351767761,-0.287220420031017,-0.180545383781261,-0.145496241100197,-0.353573835388001,0.0140046665344038,-0.013369989491818,-0.369980750886516,-0.225338362362057,-0.25541363295897,-0.211870987316856,-0.107590084500693,0.0459543643087655,-0.199002994405623,-0.184472986694532,-0.076723182664051,-0.241334806182228,0.552764370168633,-0.212435710463418,0.0886297791098666,0.036257700859391,-0.0864815119337412,-0.0368078470532685,0.218580825266065,-0.176283984239255,0.0976187543997958,-0.337601212169317,-0.293040362936985,0.0544717874179439,-0.121417953001889,-0.273283360622776,-0.132788225835811,-0.1477969146442,-0.0266065493194554,-0.0222410951713882,0.0319984717659889,0.00127189846043919,0.211305184924036,-0.277962142930921,-0.179536462090788,-0.209747086941806,-0.388026763853277,0.0874079544833204,-0.0568208467882538,0.198880628046793,0.37017207564924,0.0637027198215319,-0.257090326394309,0.334402129547042,-0.28038836864072,-0.250649230277155,-0.0639975578112131,-0.175801561050002,-0.294532201856875,-0.419179304195009,-0.276698991138914,-0.240458703552691,0.620676806365091,0.629049558507045,0.614849505641418,-0.082593460971161,0.120244662209863,-0.115183696583025,0.084726933456504,-0.25057976971117,-0.275196801917917,-0.138089824463589,-0.179939873117472,0.105558816674407,0.0755555684608682,-0.11426809475528,0.539422576209142,0.0128539141726451,0.55302055866437,0.606095854143641,0.0886084618051042,0.0831925365017049,-0.228383589838258,-0.106864291048215,0.204342026207974,-0.106748456860242,-0.0830056230543876,0.581131314883443,0.237083787141878,0.114519718089547,0.00474078190373659,0.192573534825652,-0.103059576355986,-0.157781062067439,0.0784979495005449,-0.241265619928288,-0.267763137250291,-0.200279483702146,-0.304905934131697,0.213978555637519,-0.0516439967960603,-0.159266845834985,-0.328067718622209,-0.0481425590122886,-0.0962654713163241,0.104875224491387,-0.274831492342299,-0.2346232744925,0.543523693263937,0.534114446736171,-0.155078897721209,0.585850636396793,0.627913021849935,-0.196937871603016,-0.302533819211861,-0.153826570361169,-0.29992396300064,-0.124398363574839,0.0889843765363166,-0.116151214943816,0.445259684817342,0.241491045086126,0.421253891341897,0.102428803170638,-0.36066765212217,-0.190008021950929,-0.358633490528539,-0.468602581619042,0.105245793499195,-0.269880591495742,0.237344053450189,0.161561882382005,-0.153424855606662,0.525333103818185,0.321333528764059,-0.309874137863492,0.0747122975534736,0.00715829873368516,0.11470729535759,0.0766290768192904,-0.173020651189687,0.0873157332234476,-0.132168034416446,0.135638999710784,1,-0.156740814497673
"祖先-后代",-0.00114731402452761,-0.113520990375987,0.00972200491589636,0.277428402188233,0.115564248933423,0.0373073715084036,0.210033798080721,0.12379079703512,0.314783013603646,0.196474336712818,0.316721543865096,0.277384297746772,0.368931068554157,0.474652453495864,0.120605622733176,0.721291216667546,-0.164148397343405,-0.141935111594329,-0.0549171337444827,-0.129329838033347,0.0807358120938332,0.0969660217982171,-0.0623757413283583,-0.151549769982973,0.00904753724965849,-0.0525071709492297,0.145775718268544,-0.00376060324225337,-0.149262107061914,-0.173570738921683,0.165778044151367,0.153657891415214,0.168260045442598,-0.127018359317702,0.0752416648421955,0.235770755270797,0.560703933244966,0.334258618346183,0.134730656149819,0.0279045629543363,-0.192470084640622,-0.190747191548023,0.096742280030627,0.198857694738531,-0.281011575238992,-0.101901817397065,-0.0101866962193519,0.00447450886941892,-0.255821867449916,-0.0580920824148131,-0.0794886908132865,-0.0658584646201582,-0.254501962503188,-0.209606008200734,-0.286532263340039,-0.337302178857266,0.0599235067050521,-0.126665718379209,-0.0480064980232445,-0.269645021755433,-0.065820298736994,-0.22069659820887,0.202716107146677,0.124967272240511,0.333885050432439,-0.064305294935207,0.545704146832113,0.271718631247832,-0.101679897355272,0.0521196937243143,-0.269610218456419,-0.0565825685389255,0.177837171375456,-0.0804530102682977,-0.0983852713943927,-0.163972242071693,-0.113665139029696,-0.10967012158742,-0.146432260038324,0.211751061502106,0.297961144124663,-0.275270834397809,0.0584474231259776,-0.00650614859709615,-0.170421231989197,-0.26962992669736,-0.29965932533729,-0.376936777035268,-0.00240526336479017,0.0650153730753483,0.0112328404425658,-0.241754525561566,-0.188833315108424,-0.154967970423204,-0.329468275155664,-0.135595088614109,-0.0692408641336512,-0.0926173768903088,0.0468818157379893,0.226307909762601,0.0997727205761823,-0.176736236838447,-0.432691666463953,0.355558398323727,0.287117297962779,-0.101850982165603,-0.0315107236260494,-0.0574092100265068,-0.0245241639177191,-0.0676504515068526,0.290827841963048,0.326819255977703,0.047715251596996,0.160477261631774,0.0182837089003356,-0.355471705229199,-0.0630687798506051,-0.20060716822309,0.0780098677030669,-0.148170457429352,-0.243630958006604,0.333092289226926,0.295514146285549,0.0826735646962038,0.378841475280046,0.0887280208696204,0.273966647694379,-0.209942793569489,-0.0245581601194988,0.0186209889271872,-0.0239985609902694,-0.0243246492084359,-0.0299091739781688,0.0807838995908285,0.0994843422306626,-0.183661179134716,0.0366103199822736,-0.0322494077899404,-0.0686660946987879,-0.00783190320795583,-0.300795063616582,-0.156740814497673,1
